date,open,high,low,close,volume
2021-06-10,123.81299241371467,124.95345787476269,122.7602659341765,122.92597198486328,71186400
2021-06-11,123.33537009563992,124.22239799050632,122.91622643570359,124.1346664428711,53522400
2021-06-14,124.5927795199969,127.24409827001125,123.86171564217574,127.18561553955078,96906500
2021-06-15,126.65928803562127,127.30262798000346,126.12317141530278,126.36685943603516,62746300
2021-06-16,127.07839160028391,127.58526671760069,125.21662690472674,126.86394500732422,91815000
2021-06-17,126.52280804022224,129.20337594415264,126.37658632134162,128.46255493164062,96721700
2021-06-18,127.40983331102534,128.1896229684165,126.95169870686416,127.16614532470703,108953300
2021-06-21,127.01019740258512,129.06692486047993,125.94772121838587,128.95970153808594,79663300
2021-06-22,128.79399242175575,130.69475593415476,128.2968593599112,130.59727478027344,74783600
2021-06-23,130.39256533356104,130.92868185123652,129.8661909803765,130.32432556152344,60214200
2021-06-24,131.0554073186903,131.240612583958,129.57378007008424,130.0416717529297,68711000
2021-06-25,130.09039090512184,130.50952706925113,129.45679326652197,129.7492218017578,70783700
2021-06-28,130.04165459260284,131.83519451956099,129.98317185834844,131.37705993652344,62111300
2021-06-29,131.39652484834153,133.04385750975646,130.9578895823714,132.8878936767578,64556100
2021-06-30,132.7319822442512,133.94068011687085,132.439553660315,133.50204467773438,63261400
2021-07-01,133.15111722207564,133.86268195374564,132.3323143115352,133.80419921875,52485800
2021-07-02,134.41825327969627,136.46523779604922,134.272046474327,136.42625427246094,78852600
2021-07-06,136.53351700878477,139.53574001915328,136.53351700878477,138.4342803955078,108181800
2021-07-07,139.91589835234652,141.2318195282519,139.0581266890823,140.91990661621094,104911600
2021-07-08,138.00539740279086,140.422778328839,137.11836946520646,139.6234893798828,105575500
2021-07-09,139.1458282969305,141.97260274724476,139.04834716131978,141.4462432861328,99890800
2021-07-12,142.51847096001342,142.62569425576672,140.36426288116348,140.8516387939453,76299700
2021-07-13,140.39352411006757,143.7369310790402,140.00362927408963,141.96287536621094,100827100
2021-07-14,144.36073887875023,145.7936251287686,143.95133005857537,145.38421630859375,127050800
2021-07-15,145.47199168239987,146.21279783696795,143.3762659892824,144.73117065429688,106820300
2021-07-16,144.7116829108476,145.97884856339024,142.1968210625346,142.69393920898438,93251400
2021-07-19,140.12060468938105,140.43253247911716,138.09311867670348,138.85342407226562,121434600
2021-07-20,139.83790622702588,143.3860023478585,139.35053030452949,142.45997619628906,96350000
2021-07-21,141.8556195804996,142.4404765741107,140.97834896361408,141.72889709472656,74993500
2021-07-22,142.25529492286392,144.4582288663732,142.12857241610413,143.0935821533203,77338200
2021-07-23,143.82464898024415,144.9651069434816,143.2105505102186,144.80914306640625,71447400
2021-07-26,144.52644902049065,146.04705940106285,143.97083337261068,145.228271484375,72434100
2021-07-27,145.35503545320321,145.44277445035308,141.87517802140547,143.0643768310547,104818600
2021-07-28,141.1538434950934,143.2593115153304,138.94115215326465,141.31954956054688,118931200
2021-07-29,141.03686397561236,142.84990322262558,140.92964066468824,141.96287536621094,56699500
2021-07-30,140.73467853831747,142.63544169374407,140.47149137109437,142.17730712890625,70440600
2021-08-02,142.6647202141764,143.23982039265098,141.58274477107045,141.84593200683594,62880000
2021-08-03,142.12859665195967,144.30228959895823,141.51449808960257,143.63946533203125,64786600
2021-08-04,143.55175020828588,144.05861060643986,142.58674024606307,143.2398223876953,56368300
2021-08-05,143.26903344221475,144.107320690727,142.47948676454712,143.34701538085938,46397700
2021-08-06,142.86869219057516,143.61060825982952,142.16581806356817,142.66368103027344,54126800
2021-08-09,142.72220631473397,143.2103123656707,142.05838923545102,142.6148223876953,48908700
2021-08-10,142.95656585685202,144.19635994581478,141.84368416396723,142.1365509033203,69023100
2021-08-11,142.57580253562702,143.22986295766566,142.0681679932176,142.39031982421875,48493500
2021-08-12,142.71251102910742,145.50447943892834,142.3708306879483,145.34828186035156,72282600
2021-08-13,145.42634081402107,145.88516176552068,144.74299521470792,145.55325317382812,59375000
2021-08-16,145.0065478391044,147.59351900321374,142.9857964116818,147.52517700195312,103296000
2021-08-17,146.6564125547287,148.07191782459617,145.54353080304682,146.61737060546875,92229700
2021-08-18,146.23665278463994,147.13476660342323,142.6734678004844,142.87847900390625,86326000
2021-08-19,141.5800696426097,144.4794213850425,141.0626783117476,143.21034240722656,86960300
2021-08-20,143.93275769698107,144.96754045087513,143.28845394220284,144.6649169921875,60549600
2021-08-23,144.78202147056598,146.61730507779947,144.3720141553827,146.1487274169922,60131800
2021-08-24,145.89492826143862,147.27139120779157,145.60206158624175,146.06088256835938,48606400
2021-08-25,146.24639198416384,146.7442698916124,144.28421022511418,144.8308868408203,58991300
2021-08-26,144.82112485660906,145.5727977281921,144.00109506679658,144.03038024902344,48597200
2021-08-27,143.97177197062845,145.21156564308194,143.33723999505236,145.0651397705078,55802400
2021-08-30,145.45564049048158,149.83883931473636,145.07491826892314,149.47763061523438,90956700
2021-08-31,149.0285501067643,149.1652192116683,147.69112933468762,148.21829223632812,86453100
2021-09-01,149.1945515081308,151.2934023311897,148.71620204197066,148.8821563720703,80313700
2021-09-02,150.20979354918074,151.0395800272227,148.77476016459727,149.99502563476562,71115500
2021-09-03,150.10241459437898,150.95172951907767,149.44835406806936,150.62957763671875,57808700
2021-09-07,151.28363626481305,153.51915609845358,150.71743128739138,152.9627227783203,82278300
2021-09-08,153.24580029178898,153.30437064554417,150.31716343749,151.4202880859375,74420200
2021-09-09,151.79127971049815,152.3965266648195,150.28790419091163,150.40505981445312,57305700
2021-09-10,151.31295236312005,151.7815302383176,145.16281002984172,145.4263916015625,140893200
2021-09-13,147.04686479158386,147.81806596111582,145.21158088499752,145.9925537109375,102404300
2021-09-14,146.7735217186003,147.4763957492906,143.4153491043727,144.5965576171875,109296300
2021-09-15,145.0260576914331,145.88512904981255,142.88815094916558,145.48487854003906,83281300
2021-09-16,144.9089906791146,145.4263821295721,143.71801019803328,145.2506561279297,68034100
2021-09-17,145.27995796165817,145.27995796165817,142.29273506424897,142.58560180664062,129868800
2021-09-20,140.37933813407227,141.3945924183066,137.90952209387459,139.539794921875,123478900
2021-09-21,140.50624891873463,141.16032435989862,139.38361057442205,140.0181427001953,75834000
2021-09-22,141.01389352952881,142.94679012081193,140.28173414994058,142.38059997558594,76404300
2021-09-23,143.1615238009879,143.5813028239796,142.17555476827644,143.33724975585938,64838200
2021-09-24,142.19510285111807,143.96204492535793,142.09747565204063,143.4251251220703,53477900
2021-09-27,142.00962976919416,142.48797924389808,140.39888514559524,141.91200256347656,74150700
2021-09-28,139.84245357149845,141.3067724570639,138.31956431384194,138.53433227539062,108972300
2021-09-29,139.08099698388077,141.0138935757981,138.65146109771675,139.43243408203125,74602000
2021-09-30,140.24262425206706,140.9454981075738,137.91923484659685,138.13400268554688,89056700
2021-10-01,138.52453927839463,139.52028013802934,135.80091312494108,139.25669860839844,94639600
2021-10-04,138.38785651091933,138.82716398233575,134.98088496397907,135.83018493652344,98322000
2021-10-05,136.17182191207743,138.85640500413678,136.0449095810652,137.75328063964844,80861100
2021-10-06,136.15231569207103,138.76855721821823,135.0784763218966,138.62213134765625,83221100
2021-10-07,139.65691457441454,140.78932429837576,139.32500600229986,139.88143920898438,61732700
2021-10-08,140.60385709315267,140.7502829805711,139.16882381318146,139.500732421875,58773200
2021-10-11,138.88572424122802,141.36529686032225,138.43666004151856,139.41287231445312,64452200
2021-10-12,139.82291608395988,139.8424445053315,137.68500826630617,138.14382934570312,73035900
2021-10-13,137.88022678873125,138.0364094315763,135.88874541033104,137.55807495117188,78762700
2021-10-14,138.72951162040368,140.45741132647578,138.14377836199483,140.3402557373047,69907100
2021-10-15,140.35005282323274,141.45316264244676,140.0962280805495,141.39459228515625,67940300
2021-10-18,140.03765490452832,143.34701408719482,139.7545598847163,143.0639190673828,85589200
2021-10-19,143.51294222106137,145.62156403141842,143.0638929755576,145.2213134765625,76378900
2021-10-20,145.16278083703227,146.18780683574556,144.59657585778285,145.70945739746094,58418800
2021-10-21,145.27014914498275,146.0804071368253,144.35250720492448,145.92420959472656,61421000
2021-10-22,146.12922747617256,146.6075619891813,145.1042015405824,145.15301513671875,58883400
2021-10-25,145.14321368433312,145.81680244360976,144.10843120026792,145.1041717529297,50720600
2021-10-26,145.77776213009912,147.25183711393476,145.465367092144,145.76800537109375,60893400
2021-10-27,145.80708231384622,146.16827612937263,144.9577823061733,145.30921936035156,56094900
2021-10-28,146.25616571377768,149.5264686918417,146.1585385042387,148.9407501220703,100077900
2021-10-29,143.7179733088264,146.37327190681347,142.92724374395107,146.23660278320312,124953200
2021-11-01,145.44588063726485,146.1389830509936,144.28418557941234,145.41659545898438,74588300
2021-11-02,145.12372094423125,147.96450225059075,145.11394928812004,146.4513702392578,69122000
2021-11-03,146.81257403590004,148.35499132920407,146.25614074482093,147.88641357421875,54511500
2021-11-04,147.97425010568048,148.80402155525002,147.05660823548425,147.36900329589844,60394600
2021-11-05,148.49328605752575,148.79635114627666,146.7042085245969,147.8969268798828,65463900
2021-11-08,148.02405391839477,148.18047945260236,146.80200740282297,147.07574462890625,55020900
2021-11-09,146.84107977637362,148.0435691533501,146.70421118808,147.43743896484375,56787900
2021-11-10,146.66511965093986,146.7726603269792,144.54364896685252,144.61207580566406,65187100
2021-11-11,145.6288070022433,146.0882826457482,144.37741797894228,144.56317138671875,41000000
2021-11-12,145.11064651980587,147.03659252052734,144.18189439318962,146.63577270507812,63804000
2021-11-15,147.00728981052836,148.483531417499,146.08830852560698,146.64556884765625,59222800
2021-11-16,146.58689139053743,148.1022316953491,146.00030323462437,147.62318420410156,59256200
2021-11-17,147.6232038564801,151.53375230300938,147.61343285568483,150.05752563476562,88807000
2021-11-18,150.2726099643279,155.12168178008048,149.627365877677,154.33956909179688,137827700
2021-11-19,154.12445397592487,157.41910052968012,153.02950540265965,156.95960998535156,117305600
2021-11-22,158.06437288139423,161.99447854129045,157.3995867561447,157.4191436767578,117467900
2021-11-23,157.5168614506406,158.18166233731603,155.50293170970644,157.80038452148438,96041900
2021-11-24,157.1551823252834,158.5140974575523,156.07000441983408,158.31857299804688,69463600
2021-11-26,156.00157185337474,156.8618824271744,152.8633499442556,153.30328369140625,76959800
2021-11-29,155.8060008585356,157.58530732404222,155.23896961955737,156.65655517578125,88748200
2021-11-30,156.4122027236009,161.81853599712284,156.3437609496658,161.60345458984375,174048100
2021-12-01,163.73466976035556,166.49161375206606,160.8506430799377,161.0852813720703,152052500
2021-12-02,155.190082479573,160.52797144851237,154.27110143280012,160.09780883789062,136739200
2021-12-03,160.35202051883033,161.27100166043388,156.14817855062066,158.22076416015625,118023100
2021-12-06,160.61602098349957,164.12575013017414,160.60624998109355,161.6230010986328,107497000
2021-12-07,165.2988392553825,167.74293136363414,164.57538262102042,167.35186767578125,120405400
2021-12-08,168.2806469361057,172.02499811029608,166.88261839066362,171.1646728515625,116998900
2021-12-09,170.9985205283445,172.7973693361273,170.03065436230736,170.65634155273438,108923700
2021-12-10,171.29182418696914,175.61297891700764,170.78344865474102,175.43699645996094,115402700
2021-12-13,177.06961358561998,178.0570365302883,171.6046261840087,171.8099365234375,153237000
2021-12-14,171.33091243496327,173.76523433574428,168.3589020297747,170.43148803710938,139380400
2021-12-15,171.19404218690133,175.4858686850592,168.45665517933287,175.29034423828125,131063300
2021-12-16,175.27077720416733,177.08918279763162,166.93153397693786,168.4077606201172,150185800
2021-12-17,166.12985777423478,169.59070130648584,165.89523442801953,167.31280517578125,195432700
2021-12-20,164.51677542044033,166.76534380811088,163.71512072913166,165.9539031982422,107499100
2021-12-21,167.72344617879446,169.32677069078633,165.3380088741713,169.12147521972656,91185900
2021-12-22,169.17031112645324,171.9272548095711,168.300214735498,171.71217346191406,92135300
2021-12-23,171.9174833311616,172.89512039322665,171.35045204505695,172.33786010742188,68356600
2021-12-27,173.12975263201184,176.3852860059842,173.1102106304085,176.29730224609375,74919600
2021-12-28,176.1311025117923,177.2749361221624,174.5375492742612,175.28054809570312,79144300
2021-12-29,175.31967594887476,176.5906072567406,174.15628532669507,175.36856079101562,62348900
2021-12-30,175.45652327947462,176.53193000592643,174.10737937130014,174.2149200439453,59773000
2021-12-31,174.1073747963206,175.22188041192248,173.29593427269404,173.59901428222656,64062300
2022-01-03,173.85321176039008,178.79028222604728,173.73590007898758,177.93972778320312,104487900
2022-01-04,178.5458811499138,178.8489462858369,175.1143651356069,175.681396484375,99310400
2022-01-05,175.59339039534856,176.14086475419518,170.73453308424857,171.00827026367188,94537600
2022-01-06,168.83792269234627,171.3797850968752,167.80162976232634,168.15357971191406,96904000
2022-01-07,169.02367835082143,170.24572473108867,167.2052727402814,168.3197784423828,86709100
2022-01-10,165.2988731483881,168.64239004792708,164.40921985835627,168.33932495117188,106765600
2022-01-11,168.4664003367464,171.26242759251966,166.99994496438987,171.1646728515625,76138300
2022-01-12,172.1814317936139,173.21772467571947,170.91051556767007,171.60462951660156,74805200
2022-01-13,171.8490383580425,172.6702498945838,167.94826118313497,168.33932495117188,84505800
2022-01-14,167.5083685317949,169.89380588973404,167.26395921098248,169.19969177246094,80440800
2022-01-18,167.6745127192973,168.68147761318977,165.62148401611884,166.0027618408203,90956700
2022-01-19,166.1982840356235,167.2541337478389,162.22908034487583,162.51258850097656,94815000
2022-01-20,163.24583471657064,165.8854518373375,160.50844792121475,160.83106994628906,91420500
2022-01-21,160.74305996791702,162.61035005803072,158.67047447923693,158.77801513671875,122848900
2022-01-24,156.44148123567246,158.67049246380245,151.2404450916643,158.0056915283203,162294600
2022-01-25,155.42475069595457,159.1202179477596,153.50859022634555,156.2068634033203,115798400
2022-01-26,159.84366081362626,160.7137572085088,154.29068942101793,156.11886596679688,108275300
2022-01-27,158.81718836814096,160.1761037208309,154.74044231007122,155.659423828125,121954600
2022-01-28,162.00425626677838,166.54049197821774,159.15932862262193,166.52093505859375,179935700
2022-01-31,166.3547206203823,171.0864802658057,165.71924760028926,170.87139892578125,115541600
2022-02-01,170.1186272242385,170.93006781127377,168.45664712970438,170.70521545410156,86213900
2022-02-02,170.8421090824681,171.94684394629172,169.45386598046034,171.90773010253906,84914300
2022-02-03,170.57813105955574,172.29878204430065,168.27090671710556,169.03346252441406,89418100
2022-02-04,168.05460511567154,170.4235148216532,167.07572223889366,168.74961853027344,82465400
2022-02-07,169.20965988540354,170.2766384169295,167.33999039041194,168.03500366210938,77251200
2022-02-08,168.10351922686326,171.64708470161528,167.8098514342005,171.1380615234375,74829200
2022-02-09,172.3322952525055,172.91961588647231,171.20657123174874,172.55743408203125,71285000
2022-02-10,170.46260694632986,171.77430598076174,167.92730472233933,168.48526000976562,90865900
2022-02-11,168.69082956541044,169.4249914689082,164.4914151129285,165.07875061035156,98670700
2022-02-14,163.83559821712237,165.9989356288058,163.04270559336564,165.313720703125,86185500
2022-02-15,167.35955476472148,169.29773807776493,166.654758116967,169.14111328125,62527400
2022-02-16,168.22097415914394,169.67949961629867,166.4589825612284,168.90618896484375,61177400
2022-02-17,167.41831260412283,168.2797341887302,164.91237519788157,165.313720703125,69589300
2022-02-18,166.23386310925557,166.93864489391834,162.68051421778296,163.76707458496094,82772700
2022-02-22,161.4960266681506,163.16992227378196,158.72578746937097,160.8499755859375,91162800
2022-02-23,162.04424861753867,162.64136771002168,156.3765239008277,156.6897735595703,90009200
2022-02-24,149.35795208534202,159.4110834763149,148.79019822079562,159.30340576171875,141147500
2022-02-25,160.38012393186045,161.6330924831591,157.47284137265066,161.36880493164062,91974200
2022-02-28,159.6165763607333,161.92673963359974,158.9998756125995,161.63307189941406,95056600
2022-03-01,161.22197083806662,163.0818568508139,158.5496253630897,159.75364685058594,83474400
2022-03-02,160.91855062373517,163.82583387430233,159.50895693417934,163.042724609375,79724800
2022-03-03,164.91233720332733,165.34304789639853,162.05400207433684,162.71963500976562,76678400
2022-03-04,161.01640589639365,162.05401907314567,158.67687705595137,159.72427368164062,83737200
2022-03-07,159.91026569329455,161.53521443024337,155.68148559760553,155.93600463867188,96418800
2022-03-08,155.4661275372027,159.4403881412621,152.50989817230385,154.11526489257812,131148300
2022-03-09,158.06996768709067,159.95921898709753,156.04368834876885,159.50892639160156,91454900
2022-03-10,156.81698565051138,157.00297572975708,152.68609998585092,155.17247009277344,105342000
2022-03-11,155.57381332247203,155.91642822664025,151.23737032666907,151.46250915527344,96970100
2022-03-14,148.2517595892854,150.86537421208124,146.9302771053436,147.4392852783203,108732100
2022-03-15,147.71337523300835,152.28477002224423,147.2043670461277,151.8148956298828,92964300
2022-03-16,153.73349374971625,156.62119402728206,151.19819175617425,156.2198486328125,102300200
2022-03-17,155.2605702418383,157.60009906528276,154.30126947324382,157.22811889648438,75615400
2022-03-18,157.1204572234023,161.00662274780382,156.38629519642316,160.51718139648438,123511700
2022-03-21,160.05709828830467,162.83713639325782,159.56765695852218,161.8876190185547,95811400
2022-03-22,162.01486028186812,165.84229498697943,161.42753966012307,165.25497436523438,81532000
2022-03-23,164.4424952526729,168.9942934206818,164.1096638130363,166.61561584472656,98062700
2022-03-24,167.4476727675763,170.46263328488442,166.61563143205333,170.3941192626953,90131400
2022-03-25,170.20812239603873,171.57855215101324,169.1019802060181,171.03038024902344,80546200
2022-03-28,168.53423961902578,172.01905978493204,168.3678313455488,171.89181518554688,90371900
2022-03-29,172.95874922006587,175.2297488255487,172.6161343745908,175.18081665039062,100589400
2022-03-30,174.77951856347462,175.81713189197046,172.9685794955082,174.0159912109375,92633200
2022-03-31,174.08448573079536,174.27047582290578,170.7171270473916,170.92269897460938,103049300
2022-04-01,170.35492714540266,171.18698327855927,168.30906622272897,170.62901306152344,78751300
2022-04-04,170.88357292891146,174.720791608407,170.75631338866327,174.67184448242188,76468400
2022-04-05,173.7516656886956,174.53477477488693,170.73670541562527,171.36318969726562,73401800
2022-04-06,168.72020734548278,169.963392443072,166.5373033062765,168.20140075683594,89058800
2022-04-07,167.54556668896316,169.69910564386342,166.26323274049562,168.50486755371094,77594700
2022-04-08,168.15246782773184,168.15246782773184,165.62694868711696,166.49815368652344,76575500
2022-04-11,165.14733195722772,165.46056670176083,162.00511144117354,162.2498321533203,72246700
2022-04-12,164.47187468621496,166.28279871101802,163.12101178667447,164.11947631835938,79265200
2022-04-13,163.85517369033073,167.42808955183875,163.24827119923606,166.80160522460938,70618900
2022-04-14,167.01696134936807,167.6532440657547,161.55479409572018,161.7995147705078,75329400
2022-04-18,160.45845861462905,163.08187215208477,160.1158586140106,161.5841827392578,69023900
2022-04-19,161.53519893963082,164.2760730051198,160.4486387361769,163.86492919921875,67723800
2022-04-20,165.19622127922986,165.31369734743882,162.59240492951264,163.6985321044922,67929800
2022-04-21,165.343047199771,167.9077145784473,162.4063996901802,162.90562438964844,87227800
2022-04-22,162.94480808191494,164.32502122927878,158.08954369720692,158.3734130859375,84882400
2022-04-25,157.71758646013552,159.72429911751857,155.11376965466397,159.4404296875,96046400
2022-04-26,158.82373899686115,158.9118348666905,153.4105181477024,153.48883056640625,95623200
2022-04-27,152.61762090114706,156.41567600749497,152.0988142121799,153.26368713378906,88063200
2022-04-28,155.88706244158715,161.04577820352466,155.57381282317428,160.18435668945312,130216800
2022-04-29,158.42238298865084,162.6903124384376,153.9293146853147,154.32086181640625,131747600
2022-05-02,153.4007100151784,154.88860092145774,150.0333512355366,154.6243133544922,123055300
2022-05-03,154.8102670522691,157.31621889046943,153.01892515604405,156.1121826171875,88966500
2022-05-04,156.29818841895514,162.964376768375,155.8968429541357,162.51409912109375,108256500
2022-05-05,160.38993331507154,160.61507214954577,151.67786848905013,153.45944213867188,130525300
2022-05-06,152.93986371222095,156.3023722983105,151.14587460582203,154.18487548828125,116124600
2022-05-09,151.8811126841976,152.76341048572758,148.50882129057032,149.06759643554688,131577900
2022-05-10,152.4594939260044,153.65548649022554,149.92045170349726,151.4693603515625,115366700
2022-05-11,150.4792663261752,152.3908891933398,142.94059580220576,143.6170196533203,142689800
2022-05-12,139.9604210928437,143.32291464808353,136.06854586723028,139.75454711914062,182602000
2022-05-13,141.74456868725608,145.18550397266762,140.29369821646105,144.21498107910156,113990900
2022-05-16,142.68574662285644,144.61698048840304,141.34269647322668,142.67593383789062,86643800
2022-05-17,145.9305738468132,146.8226694807634,143.7934664467187,146.3031005859375,78336300
2022-05-18,143.96009966859182,144.46005783667513,137.14685888931075,138.04876708984375,109742900
2022-05-19,137.12729010884627,138.87226008655338,133.91183880440775,134.64707946777344,136095600
2022-05-20,136.3528207232791,137.93113785871375,130.00034593006458,134.88233947753906,137426100
2022-05-23,135.07838767461445,140.4407432989188,134.94114336987113,140.293701171875,117726300
2022-05-24,138.03898075989613,139.17615657107172,134.62746828487894,137.59783935546875,104132700
2022-05-25,135.70583264997845,138.99971190055481,135.61760734755066,137.7547149658203,92482700
2022-05-26,134.68628135538745,141.49950829001511,134.44120114221013,140.95053100585938,90601500
2022-05-27,142.5288125872359,146.7343814134729,142.4013661214845,146.69517517089844,90978500
2022-05-31,146.1364342695409,147.69514080945274,143.9503080341332,145.91094970703125,103718400
2022-06-01,146.95007745203338,148.753879037452,144.77376414576858,145.78350830078125,74286600
2022-06-02,144.92085472708317,148.29316134885798,143.96994216366954,148.23434448242188,72348100
2022-06-03,144.0091506541789,145.05810131692076,141.61717995046743,142.51907348632812,88570300
2022-06-06,144.13655344098794,145.64625571792195,142.04846553260185,143.26406860351562,71598400
2022-06-07,141.5093091448792,146.06779474236185,141.26422895235845,145.78350830078125,67808200
2022-06-08,145.65608826850138,146.92069570984725,144.5581335933167,145.0482940673828,53950200
2022-06-09,144.1855888973648,145.03846322934638,139.7251261469218,139.8329620361328,69473000
2022-06-10,137.51938542071767,137.98993516430295,134.3627515970909,134.43138122558594,91437900
2022-06-13,130.25522177759234,132.53937106937602,128.85337019356888,129.2847137451172,122207100
2022-06-14,130.51014411570253,131.25518271689248,128.89260543359612,130.1474151611328,84784300
2022-06-15,131.64728162043858,134.63726323315953,129.5592083618082,132.7648468017578,91533000
2022-06-16,129.48080196283757,129.78469908531477,126.50061768881059,127.50054931640625,108123900
2022-06-17,127.51033981148552,130.4611001773296,127.25544681769559,128.97100830078125,134520300
2022-06-21,130.7943843000857,134.36275100339577,130.696361206463,133.1961669921875,81000500
2022-06-22,132.13745484401576,135.04900927487205,131.2747825760473,132.6864471435547,73409200
2022-06-23,134.1275183400123,135.86267563561398,132.96093402675356,135.54898071289062,72433800
2022-06-24,137.14689423988725,139.1173489130396,137.01946268880786,138.8722686767578,89116800
2022-06-27,139.89179587794544,140.6662578013618,138.19584483125837,138.8722686767578,70207900
2022-06-28,139.33299738336785,140.59760460905184,134.61765682035212,134.73529052734375,67083400
2022-06-29,134.75492447437682,137.90174634957765,133.98046254650382,136.49008178710938,66242400
2022-06-30,134.5490488814723,135.64700354645933,131.13753620204082,134.02947998046875,98964500
2022-07-01,133.36285690870372,136.3038197907336,132.9903451154339,136.19598388671875,71051600
2022-07-05,135.05883599741875,138.82326526029516,134.23535494237336,138.7742462158203,73353800
2022-07-06,138.56835645511603,141.28383440664965,138.30366564043456,140.10745239257812,74064300
2022-07-07,140.47020604245932,143.66606245207848,140.46040821637013,143.47000122070312,66253700
2022-07-08,142.40145279237072,144.6463967276293,142.14657466424487,144.14642333984375,64547800
2022-07-11,142.8033331399919,143.7542455393016,140.95052737444695,142.01907348632812,63141600
2022-07-12,142.89155544175705,145.5286208059207,142.19553604555907,142.98959350585938,77588800
2022-07-13,140.17610485424197,143.56800712971256,139.3232154144063,142.6269073486328,71185600
2022-07-14,141.244640047542,146.01879814456234,140.4309718883509,145.54824829101562,78140700
2022-07-15,146.83245817528143,147.8912065060331,145.2835494113212,147.21478271484375,76259900
2022-07-18,147.77358792071823,148.58725611818477,143.8130828380742,144.17581176757812,81420900
2022-07-19,145.0090524915063,148.25391198084102,144.01893385798232,148.0284423828125,82982400
2022-07-20,148.14609070693865,150.6949310490213,147.41085002655058,150.02830505371094,64823400
2022-07-21,151.45958316742,152.50853373902038,148.94996398855773,152.29286193847656,65086600
2022-07-22,152.33208328648058,153.2045683993023,150.39105184778396,151.0576629638672,66675400
2022-07-25,150.97923186102722,151.98896129458768,149.28328071900498,149.94009399414062,53623900
2022-07-26,149.2636385384265,150.0773065915356,147.83237855759032,148.61663818359375,55138700
2022-07-27,149.57735592146827,154.23387992265205,149.16562296270044,153.70449829101562,78620700
2022-07-28,153.8907653704556,154.53778073211737,151.37134852302864,154.2534942626953,81378700
2022-07-29,158.06696899861157,160.4099356728857,156.36120501340108,159.3119659423828,101786900
2022-08-01,157.84147403635484,160.37070393464464,157.72384030664722,158.33163452148438,67829400
2022-08-02,156.94938527079637,159.21392420256825,156.48863324172908,156.86114501953125,59907000
2022-08-03,157.67479700322565,163.3116417148104,157.58657171952117,162.86070251464844,82507500
2022-08-04,162.7430582477967,163.89984462441896,161.19414951620604,162.5469970703125,55474100
2022-08-05,160.22042780912037,162.81206933981917,160.01426786699392,162.32122802734375,56697000
2022-08-08,163.32253000929188,164.73615535552312,161.1922805564501,161.85000610351562,60276900
2022-08-09,161.0155852740051,162.78261696114208,160.25968547297944,161.8990936279297,63135500
2022-08-10,164.60853143111325,166.23812814464867,163.8428202002786,166.1399688720703,70170500
2022-08-11,166.9449356294848,167.85790820975464,165.10919401506573,165.40370178222656,57149200
2022-08-12,166.70935086886797,169.01629605421468,166.29703098384923,168.9475860595703,68039400
2022-08-15,168.37818541775778,170.21392688656005,168.21130119143814,170.01759338378906,54091700
2022-08-16,169.61512926108554,170.52810192661653,168.51564947224608,169.8605499267578,56377100
2022-08-17,169.6052979143018,172.92337473871223,169.40896440067246,171.35269165039062,79542000
2022-08-18,170.56735491708034,171.6962839363271,169.94889007422466,170.96002197265625,62290100
2022-08-19,169.86053968443733,170.55754092380556,168.1720444080825,168.37820434570312,70346300
2022-08-22,166.58169604206546,166.74858025975374,164.0784028181707,164.5005340576172,69026800
2022-08-23,164.01951691966545,165.61966421752064,163.59738564765863,164.16676330566406,54147100
2022-08-24,164.25514348994625,165.03066617037743,163.2047358944321,164.46128845214844,53841500
2022-08-25,165.688378388784,167.02346724627097,165.2662620854037,166.9154815673828,51218200
2022-08-26,167.44561591056575,167.91681938586046,160.56401098389765,160.62290954589844,78961000
2022-08-29,158.19812192757627,159.9160662270411,156.89249744175427,158.42391967773438,73314000
2022-08-30,159.16019500251252,159.58231130465205,154.8309714061125,155.99917602539062,77906200
2022-08-31,157.37354474862363,157.6386032608909,154.2616125155062,154.34014892578125,87991100
2022-09-01,153.77077627080038,155.51817026416148,151.836860169279,155.0666046142578,74229900
2022-09-02,156.8237793213389,157.42260624530542,152.1313381712874,152.95594787597656,76957800
2022-09-06,153.60386838160778,154.21250676362826,150.8747921160952,151.69940185546875,73714800
2022-09-07,151.98413843168527,153.80024262585093,150.79629565165916,153.10325622558594,87449600
2022-09-08,151.80738719524012,153.49588236025656,149.88328282837716,151.6306915283203,84923800
2022-09-09,152.62222024249937,154.92918072545984,151.91540745534934,154.48741149902344,68028800
2022-09-12,156.6667134786447,161.2511691580026,156.38203213199495,160.43637084960938,104956000
2022-09-13,156.9710748828432,157.59935128029267,150.56068735003652,151.02207946777344,122656600
2022-09-14,151.9546696901294,154.2223694761001,150.79629120920487,152.46514892578125,87965400
2022-09-15,151.81721471946022,152.3964188629796,148.60712326254628,149.5789794921875,90481100
2022-09-16,148.4402429431555,148.57767791761873,145.6522527794473,147.9395751953125,162278800
2022-09-19,146.5750321533895,151.72886599832884,146.36888718799335,151.65032958984375,81474200
2022-09-20,150.59008188296497,155.1843635395565,150.2759512881002,154.02597045898438,107689800
2022-09-21,154.45790609581144,155.83227045116655,150.78642348575858,150.9042205810547,101696800
2022-09-22,149.58879338602387,151.6405063427645,148.14571882351763,149.94219970703125,86652500
2022-09-23,148.4206338476664,148.6955038498408,145.83880313514447,147.67454528808594,96029900
2022-09-26,146.91861726875362,150.95333323742267,146.8989794231201,148.00828552246094,93339400
2022-09-27,149.9422080635759,151.88593544780034,147.20330517830297,148.9801483154297,84442700
2022-09-28,144.93560783080054,147.8806554147203,142.18689375661808,147.09530639648438,146691400
2022-09-29,143.42383363893248,144.03247205665744,138.1031007730531,139.87013244628906,128138200
2022-09-30,138.69214875072967,140.4788186878684,135.4722302730186,135.66856384277344,124925300
2022-10-03,135.67837316238783,140.44935170481597,135.16789396191245,139.8406982421875,114311700
2022-10-04,142.3734205948832,143.54162523892447,141.61752082886468,143.423828125,87830100
2022-10-05,141.43100052371705,144.6803670999918,140.39040452379436,143.7183074951172,79471000
2022-10-06,143.13909632012,144.83740253522092,142.55990734781437,142.76605224609375,68402200
2022-10-07,139.9290298735793,140.47878470691822,136.8956342636469,137.52391052246094,85925600
2022-10-10,137.8478546142578,139.2909290851068,136.0317509799681,137.8478546142578,74899000
2022-10-11,137.33739611427865,138.76084793369003,135.68817645989057,136.4342498779297,77033700
2022-10-12,136.58152223774053,137.78898779453903,135.62928879673916,135.8059844970703,70433700
2022-10-13,132.51732843397534,140.95978909716513,131.90867508719168,140.37078857421875,113224000
2022-10-14,141.66661609125816,141.87277603175662,135.65872326737428,135.84524536132812,88598000
2022-10-17,138.48595592005591,140.28242169324201,137.70060693296034,139.80140686035156,85250900
2022-10-18,142.82500010106065,144.0128276023933,138.03438444661543,141.1168670654297,99136600
2022-10-19,139.09461918905455,142.29489928414645,138.90809708603376,141.22486877441406,61758300
2022-10-20,140.40022528755236,143.21764906737312,140.03699260265552,140.76344299316406,64522000
2022-10-21,140.25299045906925,145.1417806685085,140.03701908535325,144.57240295410156,86548600
2022-10-24,144.49386606815804,147.47817461798252,143.3256613631015,146.71246337890625,75981900
2022-10-25,147.3407290522299,149.69677613929844,146.62410499116672,149.5495147705078,74732300
2022-10-26,148.19484403447342,149.2059761334731,145.32831703887072,146.6143341064453,88194300
2022-10-27,145.35773474859954,146.3197794029668,141.48990330767347,142.1476287841797,109180200
2022-10-28,145.4853576495381,154.61500878306214,145.11232844918345,152.8872528076172,164762400
2022-10-31,150.3544780663591,151.41469684238612,149.13718651330186,150.5311737060547,97943200
2022-11-01,152.23934967138234,152.60256746450293,146.39834080336652,147.89048767089844,80379300
2022-11-02,146.22162239502856,149.3826416112209,142.34397906464244,142.37342834472656,93604600
2022-11-03,139.45783369878677,140.1842842462697,136.2084665510831,136.33609008789062,97918500
2022-11-04,139.71867839937045,140.28900066971147,132.13735779737468,136.0706024169922,140814800
2022-11-07,134.82180210827255,136.82775039724396,133.40583154940404,136.60159301757812,83374600
2022-11-08,138.06669154902085,139.06965789658196,135.19542542837,137.171875,89908500
2022-11-09,136.18859544917657,136.23776400792798,132.34384521853534,132.61917114257812,74917800
2022-11-10,138.88285345399055,144.41888427734375,137.17188688278108,144.41888427734375,118854000
2022-11-11,143.38640864839942,147.5064688885728,141.96059578034578,147.20164489746094,93979700
2022-11-14,146.48386123047396,147.77199641885335,144.96955367768106,145.8053741455078,73374100
2022-11-15,149.67963703147598,151.02676861885655,146.08071431905194,147.5360107421875,89868300
2022-11-16,146.64120672406102,147.36884742264508,144.831902680013,146.30686950683594,64218300
2022-11-17,143.98622301357588,148.9519465811487,143.71089713297823,148.2046356201172,80389400
2022-11-18,149.76811828911318,150.15160903599656,147.46717380781297,148.76513671875,74829600
2022-11-21,147.65399909356225,147.8604860232478,145.2547175972566,145.5398712158203,58724100
2022-11-22,145.65788443814483,147.909660354169,144.47789906303868,147.6736602783203,51804100
2022-11-23,146.95585380028717,149.29613922514196,146.84768896962234,148.548828125,58301400
2022-11-25,145.83487333926465,146.3953678932279,144.66473067745702,145.63821411132812,35195900
2022-11-28,142.7177853624681,144.19275214587688,140.98716307142482,141.81314086914062,69246000
2022-11-29,141.88196729880755,142.393293327039,138.00773375100172,138.8140411376953,83763800
2022-11-30,139.04018245155586,146.23802684928043,138.2043770255708,145.55953979492188,111380900
2022-12-01,145.7365320270306,146.64117635966434,144.1632284025417,145.83485412597656,71250400
2022-12-02,143.5240541482099,145.5300016228142,143.21921518998818,145.34317016601562,65447400
2022-12-05,145.30386574755366,148.40128929094377,143.3372438141924,144.18289184570312,68826400
2022-12-06,144.61558740538712,144.84174478338647,139.55152565219004,140.52500915527344,64727200
2022-12-07,139.817029693259,140.97732977170875,137.663575645007,138.587890625,69721100
2022-12-08,139.98417924727298,141.12482380942538,138.7452125702619,140.2693328857422,62128300
2022-12-09,139.96449489513216,143.14060047218985,138.54852454565471,139.78750610351562,76097000
2022-12-12,140.31850830999085,142.08847150955347,138.70587850686456,142.07864379882812,70462700
2022-12-13,147.00500937638787,147.4671667934874,141.83279839446703,143.04226684570312,93886200
2022-12-14,142.9242927483946,144.2124280542218,138.80421630941913,140.82000732421875,82291200
2022-12-15,138.75501875197617,139.43350575702271,133.7597969655739,134.22195434570312,98931900
2022-12-16,134.40879318099954,135.35276341025192,131.49818579850947,132.26516723632812,160156900
2022-12-19,132.8551509782634,132.94364536804903,129.12840885731634,130.16087341308594,79592600
2022-12-20,129.19723960857664,131.0261987808424,127.72227301817315,130.09205627441406,77432800
2022-12-21,130.76073402008618,134.5268181441457,130.53457661956926,133.18951416015625,85928000
2022-12-22,132.10783812958184,132.31432503613755,128.1254256005218,130.02320861816406,77852100
2022-12-23,128.73507853958517,130.21004508793624,127.47644161865645,129.65939331054688,63814900
2022-12-27,129.18740012847,129.21689825725943,126.57178934548489,127.85992431640625,69007800
2022-12-28,127.505939784758,128.8432433891337,123.76936236246999,123.9365234375,85438400
2022-12-29,125.8539861302219,128.30242867918332,125.5983306446105,127.44695281982422,75703700
2022-12-30,126.26698977683235,127.78128236285382,125.30334153820444,127.76161193847656,77034200
2023-01-03,128.1057773178633,128.7154254385632,122.0977455022682,122.98272705078125,112117500
2023-01-04,124.77234386397704,126.51280869797894,122.99255318811515,124.25119018554688,89113600
2023-01-05,125.0083349534918,125.63765344479737,122.67789249421179,122.93354797363281,80962700
2023-01-06,123.90699624027094,128.11555776974387,122.80568544146784,127.45674133300781,87754700
2023-01-09,128.2925949020793,131.18353181246084,127.72227268810083,127.9779281616211,70790800
2023-01-10,128.08609090104719,129.06940194282927,125.98180587179891,128.54824829101562,63896200
2023-01-11,129.0595847172529,131.28186245070447,128.28277553296553,131.26220703125,69458900
2023-01-12,131.64567480294028,132.0193227611732,129.24639368399414,131.1835174560547,71379600
2023-01-13,129.8265664212103,132.6683349676498,129.46274610687883,132.51100158691406,57809700
2023-01-17,132.57986479579003,134.99880219906714,131.8915498844567,133.6713409423828,63646600
2023-01-18,134.53663801277594,136.2967583598761,132.77650266153844,132.95350646972656,69672800
2023-01-19,131.84232408727254,133.97610688822573,131.53750011629828,133.01246643066406,58280400
2023-01-20,133.02231973826562,135.71659745917918,131.98001240951498,135.569091796875,80223600
2023-01-23,135.81488488739774,140.92811312572633,135.5985553078931,138.75498962402344,81760300
2023-01-24,137.96839974299797,140.77084282048162,137.95857203194126,140.15135192871094,66435100
2023-01-25,138.53869500355867,140.0529874380773,136.49340619294276,139.4925079345703,65799300
2023-01-26,140.78064047196506,141.8426182007582,139.53183124401355,141.55746459960938,54105100
2023-01-27,140.77079221891566,144.77285978471076,140.69212554632242,143.4945526123047,70555800
2023-01-30,142.54077586673455,143.12092578303154,140.46598895897412,140.6134796142578,64015300
2023-01-31,140.31849689379183,141.93112656571586,139.90550801485074,141.8819580078125,65874500
2023-02-01,141.56727363630213,144.1632138517995,138.96150571314269,143.00289916992188,77663600
2023-02-02,146.41500811186492,148.65695608667727,145.69719525256042,148.302978515625,118339000
2023-02-03,145.5595309829737,154.75349514117664,145.36287177724367,151.9215545654297,154357300
2023-02-06,150.02379246889225,150.5449461888697,148.2636570715711,149.1977996826172,69858300
2023-02-07,148.12600388600742,152.63939885505883,148.12600388600742,152.06907653808594,83322600
2023-02-08,151.31194020980092,152.00025508514892,148.6471601159277,149.3846435546875,64120100
2023-02-09,151.21356571138807,151.75438976697808,147.9096401221254,148.3521270751953,56007100
2023-02-10,147.19009004770194,149.04152741969745,146.95372962642622,148.71653747558594,57450700
2023-02-13,148.65743217523777,151.91715888947925,148.62788900472555,151.51339721679688,62199000
2023-02-14,149.8096612758476,151.43461079325414,148.56880303013764,150.87326049804688,61707600
2023-02-15,150.7846469892343,153.13834833360136,150.55814431502776,152.97093200683594,65573800
2023-02-16,151.17855953849067,153.95573796607766,151.02100096105386,151.3755340576172,68167900
2023-02-17,150.03617955770974,150.67630162569367,148.55896091432058,150.23313903808594,59144100
2023-02-21,147.91882364629484,149.00212332766463,146.15601601247863,146.22494506835938,58867200
2023-02-22,146.60902132895072,147.67262055430007,144.9250004924314,146.64842224121094,51011300
2023-02-23,147.8105044744373,148.05670759936388,145.00379786650186,147.1309814453125,48394200
2023-02-24,144.87574571223192,144.95453250364176,143.50685714395402,144.48182678222656,55469600
2023-02-27,145.46667494315656,146.90449291595675,145.2106140512802,145.67347717285156,44998500
2023-02-28,144.8166705381309,146.8158385647427,144.6000106018143,145.17120361328125,50547000
2023-03-01,144.60000744430354,144.9939263960711,142.80764165155819,143.10308837890625,55479000
2023-03-02,142.1872382713636,144.48185327566276,141.7145174362223,143.69400024414062,52238100
2023-03-03,145.79162671403117,148.81500811176437,145.09241829817535,148.73622131347656,70732300
2023-03-06,151.4542819528968,153.9261705239575,151.12930710707832,151.49368286132812,87558000
2023-03-07,151.3656431408717,151.69063299374776,148.83468341689917,149.29754638671875,56182000
2023-03-08,150.4892229698005,151.13920294398363,149.52411075262026,150.54830932617188,47204800
2023-03-09,151.22781194000862,152.19292402611515,147.94838436334126,148.30291748046875,53833600
2023-03-10,147.92864914378464,148.6475578517863,145.36813137887097,146.24461364746094,68572400
2023-03-13,145.56513330123872,150.81418573238946,145.45680332509693,148.1847381591797,84457100
2023-03-14,148.98242012042218,151.07021762009597,147.82034869008896,150.27252197265625,73695900
2023-03-15,148.8937927615987,150.92250395033966,147.64307677577528,150.6664581298828,77167900
2023-03-16,149.84907174243986,154.08376844517147,149.33696504123728,153.4830322265625,76161100
2023-03-17,153.70953434482817,154.35951419092353,151.93686886777078,152.64593505859375,98944600
2023-03-20,152.71486085947325,155.4230948668754,151.80882025865256,155.00946044921875,73641400
2023-03-21,154.93067719913012,156.97907354545168,154.1625097854557,156.86090087890625,73938300
2023-03-22,156.88061300312046,159.6774765177441,155.41323716716616,155.4329376220703,75701800
2023-03-23,156.41777837205046,159.09646969740976,155.28523492873595,156.51625061035156,67622100
2023-03-24,156.44728881765926,157.90480687220796,155.45263376473136,157.81617736816406,59196500
2023-03-27,157.51092158923748,158.3283178086609,155.4723523985585,155.87612915039062,52390300
2023-03-28,155.57083875533723,156.08294548571627,153.61105638332387,155.2556915283203,45992200
2023-03-29,156.94954647836764,158.60403911493316,156.92986104995282,158.3282928466797,51305700
2023-03-30,159.07675364456477,160.00247975071784,158.82070781762587,159.89414978027344,49501700
2023-03-31,159.97293860815142,162.49405610459849,159.45098920585787,162.39556884765625,68749800
2023-04-03,161.7751634166065,163.76447396805997,161.7259197832038,163.64630126953125,56976200
2023-04-04,164.06975594835677,164.30610131295074,162.60238002597387,163.11448669433594,46278300
2023-04-05,162.2379998945446,162.54328933366952,159.34264903941414,161.2728729248047,51511700
2023-04-06,159.96311293315853,162.45470278445305,159.53965070291807,162.1592559814453,45390100
2023-04-10,158.96840146235982,159.5691375732422,157.6487565719111,159.5691375732422,47716900
2023-04-11,159.88432686993428,159.89416958590462,158.07226031922266,158.3578643798828,47644200
2023-04-12,158.77150347325494,159.59874252839145,157.35337079184998,157.66851806640625,50133100
2023-04-13,159.17522685740187,163.28189260314673,158.96840964951016,163.0455322265625,68445600
2023-04-14,162.09025757823102,163.79399372639534,161.33196290458474,162.7008514404297,49386500
2023-04-17,162.58269264644778,162.87813940299813,161.53879379674336,162.72056579589844,41516200
2023-04-18,163.57733566867122,164.86743742961687,163.13415809407996,163.94171142578125,49923000
2023-04-19,163.2819130529251,165.60607111909823,163.02585218946155,165.08412170410156,47720200
2023-04-20,163.5675258869679,165.32049116381157,163.04557639594412,164.1190185546875,52456400
2023-04-21,162.54327607753027,163.92200731179602,161.99178358382397,162.51373291015625,58337300
2023-04-24,162.49404087672,163.08493430890758,161.40089854610392,162.81903076171875,41949600
2023-04-25,162.68116189989732,163.78414697340926,161.24332919160244,161.28273010253906,48714100
2023-04-26,160.58350725145092,162.76979197769046,160.32746143764658,161.2728729248047,45498800
2023-04-27,162.6811671878293,165.9999802574992,162.6811671878293,165.85226440429688,64902300
2023-04-28,165.93103698503495,167.2703823718156,165.33030085507355,167.1029510498047,55275900
2023-05-01,166.70906903109534,167.86129792357815,166.07878959348815,167.0143585205078,52472900
2023-05-02,167.50673256610264,167.76279339985444,164.99545801480568,165.9802703857422,48425700
2023-05-03,166.925713661642,168.32414556576836,164.6212560883793,164.90684509277344,65136000
2023-05-04,162.38573893481126,164.50307988258416,161.81454585901537,163.27206420898438,81235400
2023-05-05,168.38320830672657,171.65279246173276,168.16654839153733,170.9338836669922,113453200
2023-05-08,169.86041647416434,171.2096195052504,169.49604074216262,170.86492919921875,55962800
2023-05-09,170.42181373691182,170.90436226614003,168.9938385535857,169.1612548828125,45326900
2023-05-10,170.39228007410486,171.38693538928501,169.289279744913,170.924072265625,53724500
2023-05-11,171.20961699732078,171.93836845064925,169.55512459046415,171.1111297607422,49514700
2023-05-12,171.2196142676148,171.6535334613317,168.63584185680983,170.18414306640625,45533100
2023-05-15,170.7659972586019,170.81530899814229,169.09935977781652,169.69107055664062,37266700
2023-05-16,169.61217478294208,170.74626955321972,169.42479920138675,169.69107055664062,42110300
2023-05-17,169.3360281894031,170.53914722242257,168.06385467134209,170.30247497558594,57951600
2023-05-18,170.60822168470452,172.8172584115987,170.1940301198803,172.6298828125,65496700
2023-05-19,173.95134816577144,173.95134816577144,172.5213979143073,172.7383575439453,55809500
2023-05-22,171.57462062492166,172.29453878279668,171.0519493884426,171.7915802001953,43570900
2023-05-23,170.73639628329747,170.98293990870613,168.91196743614205,169.18809509277344,50747300
2023-05-24,168.724632860117,170.03624707165045,168.16252108250686,169.46426391601562,45143500
2023-05-25,170.0264054667032,171.49579632773333,169.31635838771984,170.598388671875,56058300
2023-05-26,170.92377905521317,173.3399036765556,170.7166757800904,173.0045928955078,54835000
2023-05-30,174.51347436884586,176.51540772383512,174.1288668535482,174.84877014160156,55964400
2023-05-31,174.87834951174753,176.87042648421155,174.3162227478627,174.79945373535156,99625300
2023-06-01,175.24323239604442,177.62977324467488,174.4838737017158,177.60018920898438,68901800
2023-06-02,178.52721426739677,179.2668453318801,176.781680741823,178.4483184814453,61996900
2023-06-05,180.10506441660397,182.39298156722955,175.57851175717974,177.09722900390625,121946500
2023-06-06,177.48186345973468,177.62978364684957,174.97697127382227,176.7323760986328,64848400
2023-06-07,175.97298038220674,178.7046879636189,174.86846975629078,175.36155700683594,61944600
2023-06-08,175.44044804834044,178.3398036598064,175.00654388250445,178.07354736328125,50214900
2023-06-09,178.99070336218668,179.71060666093933,178.13273621096323,178.4581756591797,48900000
2023-06-12,178.76385922591572,181.34763164971682,178.46800386072707,181.24900817871094,54274900
2023-06-13,180.27273686584886,181.60406367252176,179.91771337450308,180.7756805419922,54929100
2023-06-14,180.83483150172444,181.84073380664427,179.50350482104812,181.4068145751953,57462900
2023-06-15,181.4167083517838,183.9413132306641,181.23918907707676,183.4383544921875,65433200
2023-06-16,184.14837692000424,184.40479194393566,181.72239585614398,182.3634033203125,101256200
2023-06-20,181.86048315364175,183.52712083284334,181.86048315364175,182.45217895507812,49799100
2023-06-21,182.34367850052172,182.84663717983523,180.0656175699355,181.41668701171875,49515700
2023-06-22,181.19971869233248,184.46395407144706,181.1306792503188,184.41464233398438,51245300
2023-06-23,182.98469303577104,184.96689848868263,182.45215034536935,184.09906005859375,53117000
2023-06-26,184.2470331308546,185.4501675478517,182.66914748789137,182.70860290527344,48088700
2023-06-27,183.32000947784528,185.78544616190248,183.10304984582174,185.4600067138672,50730800
2023-06-28,185.33178721386028,187.27455239917202,185.00636283468697,186.633544921875,51216800
2023-06-29,186.4658979165552,187.4422162021352,186.32783407243755,186.96884155273438,46347300
2023-06-30,188.98063939826477,191.79122791985353,188.6157445714927,191.2882843017578,85213200
2023-07-03,191.10092178559267,191.19954526937022,189.10884478636748,189.79917907714844,31458200
2023-07-05,188.92145597370774,190.311950580781,187.98457816150727,188.6847686767578,46920300
2023-07-06,187.2153769807983,189.36524537083605,186.5842258571581,189.15814208984375,45094300
2023-07-07,188.76371112125616,190.00628587990153,187.60988847797856,188.04379272460938,46815000
2023-07-10,186.6434184249519,187.36333679085425,184.45410938571575,186.00241088867188,59922200
2023-07-11,186.54480679233018,186.68287064614393,184.02020200954667,185.479736328125,46638100
2023-07-12,187.05759515232103,189.04967210294507,185.86433228601203,187.1463623046875,60750200
2023-07-13,187.86624506525828,188.5467078881079,187.15619821079162,187.9056854248047,41342300
2023-07-14,187.6000029338883,188.53686585918993,187.00830716161786,188.05364990234375,41616200
2023-07-17,189.2469126832782,191.6334686208352,189.1581605746784,191.3080291748047,50520200
2023-07-18,190.6768691009351,191.64331601668746,189.75971887799713,191.05160522460938,48288200
2023-07-19,190.4303301514657,195.48939585264796,189.9865395225249,192.40267944335938,80507300
2023-07-20,192.39280905028917,193.7537348839622,189.8386203157028,190.4599151611328,59581200
2023-07-21,191.41650251566858,192.2744696321092,188.5861710830146,189.28636169433594,71951700
2023-07-24,190.73600754480273,192.21526924740334,189.59204154997948,190.0851287841797,45377800
2023-07-25,190.65711599447494,191.75177028050072,190.25278084201756,190.94309997558594,37283200
2023-07-26,190.99243214213982,192.9351972994816,190.64728006234532,191.8109588623047,47471900
2023-07-27,193.3099522093675,194.47363103189025,189.8879250921341,190.5486602783203,47460200
2023-07-28,191.97860770429688,193.91151654263126,191.4559363697747,193.12257385253906,48291400
2023-07-31,193.3493708168966,193.7734336784224,192.560428204252,193.73397827148438,38824100
2023-08-01,193.52693454400202,194.01015053136803,192.58020018161,192.9056396484375,35175100
2023-08-02,192.34347668203839,192.48154051645844,189.19759252290805,189.91749572753906,50389300
2023-08-03,188.92147165885288,189.7103992851957,188.05363321247987,188.52699279785156,61235200
2023-08-04,182.95513345446872,184.7894189873242,179.40489853673822,179.47393798828125,115956800
2023-08-07,179.61197056531847,180.59814508763776,174.89805755245857,176.3773193359375,97576100
2023-08-08,177.205713919119,177.77769698523286,175.12488493894773,177.31419372558594,67823000
2023-08-09,178.36941190145535,178.42857997538025,174.5627769846933,175.72647094726562,60378500
2023-08-10,176.99860916334498,178.25105509162734,175.14461118800062,175.50949096679688,54686900
2023-08-11,175.10462674008653,176.3883728930982,174.34424265962002,175.56874084472656,52036700
2023-08-14,175.746520759633,177.44503302668653,175.0947628987085,177.21791076660156,43675600
2023-08-15,176.64514364841483,177.23763842738072,174.8380051896738,175.23300170898438,43622600
2023-08-16,174.91701484938284,176.30938743269644,174.29488099061055,174.364013671875,46964900
2023-08-17,174.92684921501044,175.2922216904398,171.3125728746346,171.82608032226562,66062900
2023-08-18,170.14734105941557,172.91236175457905,169.81159252872837,172.3099822998047,61172200
2023-08-21,172.88275833759562,173.92951274494206,171.56937297444222,173.64312744140625,46311900
2023-08-22,174.8478727981476,175.46012191641384,174.04799506153495,175.0157470703125,42038900
2023-08-23,176.289654759779,179.2817980823254,176.10202612434662,178.85716247558594,52722800
2023-08-24,178.4127876208845,178.8374232276998,173.8110039705464,174.1763916015625,54945800
2023-08-25,175.16389608553052,176.91177162464882,173.62338845938785,176.37852478027344,51449600
2023-08-28,177.8400250704037,178.33377827348758,176.31927183489213,177.93878173828125,43820700
2023-08-29,177.45488030453177,182.58991008586239,177.2573820568172,181.8196563720703,53003900
2023-08-30,182.62942352828824,185.50307057198083,182.43192527543482,185.30555725097656,60813900
2023-08-31,185.4931879048022,186.75719481874472,185.13768501849643,185.52281188964844,60794500
2023-09-01,187.1225652663115,187.54718572230075,185.92767607044595,187.0929412841797,45766500
2023-09-05,185.92766852324166,187.60642607121574,185.26604116890505,187.32992553710938,45280000
2023-09-06,186.0462022000218,186.49059214043663,179.20278998997966,180.6248016357422,81755800
2023-09-07,172.9913289322691,175.98348658181322,171.37181936653653,175.3415985107422,112488800
2023-09-08,176.121746745329,177.9881329660241,175.56873058484743,175.953857421875,65551300
2023-09-11,177.82026144859472,178.0473836718388,175.1243584797436,177.11912536621094,58953100
2023-09-12,177.2475294233725,177.8795329175836,172.63587633671216,174.09738159179688,90370200
2023-09-13,174.30476112108144,175.0848996684252,171.80637096422893,172.03350830078125,84267900
2023-09-14,171.82612118103754,173.89989073979382,171.41137028291678,173.5443878173828,60895800
2023-09-15,174.2750911398521,174.29484548306786,171.64833608181547,172.82345581054688,109259500
2023-09-18,174.27511585610648,177.13889330258442,173.96899129951683,175.7465057373047,67257600
2023-09-19,175.30211073798526,177.38574949277796,174.91698390976052,176.83274841308594,51826900
2023-09-20,177.0203732393163,177.45487842056565,173.20859833310675,173.2974853515625,58436200
2023-09-21,172.36922214048295,174.0973581099587,171.6878404044714,171.7569580078125,63149100
2023-09-22,172.48772049861157,174.86761425499944,171.87547142547365,172.60621643066406,56725400
2023-09-25,172.02359502231215,174.75899170155245,171.97421669351675,173.88011169433594,46172700
2023-09-26,172.63586851438868,173.01111068359924,169.51534481079926,169.8115997314453,64588900
2023-09-27,170.46336179203436,170.87811270067803,166.93797153448685,168.30072021484375,66921800
2023-09-28,167.22430983558627,169.88070413963854,165.52579782856736,168.5574493408203,56294400
2023-09-29,169.870831028669,170.90771561508154,168.21181267677895,169.07095336914062,51861100
2023-10-02,169.0808338409062,172.12235512412923,168.79444856905252,171.5792236328125,52164500
2023-10-03,170.1078282132375,171.46072207785286,168.6858318118607,170.24607849121094,49594600
2023-10-04,168.9524578917983,172.03348795172127,168.8339619515459,171.4903564453125,53020300
2023-10-05,171.6187292983148,173.25799352598938,170.52259660006877,172.72474670410156,48527900
2023-10-06,171.6285909459562,175.76624458491796,171.016326818613,175.27249145507812,57266700
2023-10-09,174.60098214625398,176.81300162773064,173.60360623261292,176.75375366210938,42390800
2023-10-10,175.87486944103904,177.4746247468579,175.72673446240606,176.16123962402344,43698000
2023-10-11,175.9736185461729,177.60301297187604,175.3811238107674,177.5536346435547,47551100
2023-10-12,177.82025187235598,180.06188013769966,176.80310660532254,178.45225524902344,56743100
2023-10-13,179.1533924067404,179.6570151987734,175.91437292525092,176.61550903320312,51427100
2023-10-16,174.54174811745375,176.84263973108403,174.3047411678942,176.4871368408203,52517000
2023-10-17,174.44298390478113,176.19087429527403,172.61610626933813,174.93673706054688,57549400
2023-10-18,173.38638119353993,175.36139405816417,172.92225196490105,173.64312744140625,54764400
2023-10-19,173.84062376512662,175.6181383369893,173.0012523479638,173.26788330078125,59302900
2023-10-20,173.11975677949712,173.22838309388226,170.48311631376995,170.72012329101562,64244000
2023-10-23,168.77470794688867,171.8359684831129,167.80694090892598,170.83859252929688,55980100
2023-10-24,170.88797493724758,171.50022404547477,169.30795876796012,171.27310180664062,43816600
2023-10-25,169.73256439395493,170.8978144354766,168.5179209624252,168.96231079101562,57157000
2023-10-26,168.24146504420852,169.23885617849143,163.6001878537521,164.80494689941406,70625300
2023-10-27,164.82468576422622,166.8490767618186,164.7456834493569,166.11831665039062,58499100
2023-10-30,166.90830774256386,169.0314401165317,166.7601727667049,168.1624298095703,51131000
2023-10-31,167.23420217717043,168.76482492650203,165.80230595130433,168.63645935058594,44846000
2023-11-01,168.86356825336904,172.0532092124064,167.99455793411695,171.7964630126953,56934900
2023-11-02,173.32711052996643,175.5588693503195,173.26786256268767,175.35150146484375,77334800
2023-11-03,172.06308417750907,174.61085195895754,171.18420427007575,174.44296264648438,79829200
2023-11-06,174.17636920813592,177.18825142381783,174.00849494223715,176.99075317382812,63841300
2023-11-07,176.94139988237026,180.1606805785339,176.7340319643902,179.54843139648438,70530000
2023-11-08,180.07179468790036,181.15804266662394,179.3212801943679,180.60504150390625,49340300
2023-11-09,180.67414339377055,181.81963914926845,179.5385022077218,180.13101196289062,53763500
2023-11-10,181.9108804268445,184.48178544542026,181.475802800193,184.3136749267578,66133400
2023-11-13,183.74020094629049,183.94784205398747,182.14822040593083,182.7316131591797,43627500
2023-11-14,185.59912547957174,186.00454008995078,184.21480130754796,185.342041015625,60108400
2023-11-15,185.7474724520267,187.3789985945617,185.6782486931539,185.90567016601562,53790500
2023-11-16,187.4482222334322,188.82266388785246,186.5385061665612,187.58665466308594,54412900
2023-11-17,188.12059370194675,188.24914348244,186.4594046371221,187.56686401367188,50922700
2023-11-20,187.76462241033667,189.7620174322178,187.75473976876387,189.30715942382812,46505100
2023-11-21,189.26762676216626,189.37639617894334,187.61632022600733,188.50624084472656,38134500
2023-11-22,189.3467095850447,190.77057938008178,188.6940931656517,189.16871643066406,39617700
2023-11-24,188.7336553269539,188.76331834061182,187.13179223741543,187.84373474121094,24048300
2023-11-27,187.79429075090235,188.5358962659671,186.7857030257735,187.66574096679688,40552600
2023-11-28,187.6558347269926,188.9412871423915,187.28008315178343,188.26889038085938,38415400
2023-11-29,188.76331653900834,189.93999969621768,186.85492560121705,187.2504425048828,43014200
2023-11-30,187.71520518490738,188.18984363058675,186.0836789058975,187.823974609375,48794400
2023-12-01,188.1996843513192,189.4159130354433,187.11199034893104,189.09950256347656,45704800
2023-12-04,187.85361573572166,187.9228394923183,185.35193435249073,187.3097686767578,43389500
2023-12-05,188.08104861869373,192.22413865175915,188.05137051787239,191.25511169433594,66628400
2023-12-06,192.27358406476233,192.58011192579394,189.95977851245675,190.1674346923828,41089700
2023-12-07,191.46276025185608,192.81742141001197,191.42319951100376,192.09559631347656,47477700
2023-12-08,192.0263919187675,193.79636559429088,191.50232520965804,193.51950073242188,53406400
2023-12-11,190.948598334338,191.32434997590968,189.27751140798418,191.01780700683594,60943700
2023-12-12,190.9189246189266,192.54056806660662,189.57414602172835,192.5306854248047,52696900
2023-12-13,192.90640609677627,195.7838388648497,192.66910200901862,195.74429321289062,70404200
2023-12-14,195.80365011321348,197.38573293709894,193.96446770304377,195.89263916015625,66831600
2023-12-15,195.3190970971854,196.17935458626624,194.79503045579114,195.35865783691406,128538400
2023-12-18,193.8952224343076,194.4291868327445,192.21425301938103,193.6974639892578,55751900
2023-12-19,193.964464462268,194.74561567460933,193.6974822378966,194.73573303222656,40714100
2023-12-20,194.69616113684165,195.46742966263125,192.6493377685547,192.6493377685547,52242800
2023-12-21,193.9051267903215,194.8741537657828,191.33422165280876,192.50100708007812,46482500
2023-12-22,192.9954077755279,193.2228443252002,190.81015202156473,191.43310546875,37149600
2023-12-26,191.4429660781885,191.71983089218512,190.67169765519787,190.8892364501953,28919300
2023-12-27,190.33551208827305,191.3342019743918,188.9511728919884,190.9881134033203,48087700
2023-12-28,191.96707508718282,192.48125917871982,191.0079306668944,191.41334533691406,34049900
2023-12-29,191.72972215657148,192.2241257878035,189.58401220758475,190.37506103515625,42672100
2024-01-02,185.0552730997862,186.33084291740326,181.83176685644636,183.5621795654297,82488700
2024-01-03,182.15808112880916,183.79950485996184,181.37691491631995,182.187744140625,58414500
2024-01-04,180.11128180707215,181.04076328001514,178.8555071334626,179.8739776611328,71983600
2024-01-05,179.95304619735901,180.7144169560074,178.15340966673114,179.152099609375,62379700
2024-01-08,180.0519155054874,183.52263874374273,179.46852282651062,183.4830780029297,59144500
2024-01-09,181.86143345023166,183.07766218215258,180.68475037086026,183.06777954101562,42841800
2024-01-10,182.28664662503843,184.31368968460146,181.86145160567418,184.10604858398438,46792900
2024-01-11,184.4521049955326,184.9564063690912,181.5647895230864,183.5127410888672,49128400
2024-01-12,183.97748271061099,184.64987951630312,183.11722519297732,183.83905029296875,40477800
2024-01-16,180.12114381484557,182.1976301200088,178.90489995610474,181.57469177246094,65603000
2024-01-17,179.24110807963172,180.8825167727283,178.281963767062,180.63531494140625,47317400
2024-01-18,184.0071435872404,187.02300881659582,183.75005912545993,186.5187225341797,78005800
2024-01-19,187.21090309791916,189.80157360580037,186.70661676571424,189.4159393310547,68903000
2024-01-22,190.147618364531,193.1437028283241,190.10805762916755,191.71981811523438,60133900
2024-01-23,192.8372398914015,193.5590651305933,191.6605565705243,192.9954376220703,42355600
2024-01-24,193.23272951111284,194.18199120084623,192.16481576816378,192.32302856445312,53631300
2024-01-25,193.0349547434494,194.07320538533628,190.9485708187439,191.9967041015625,54822100
2024-01-26,192.09558049769083,192.5800863732271,189.7916578927919,190.2662811279297,44594000
2024-01-29,189.86086444187634,190.04874022336423,187.45807019569023,189.58399963378906,47145600
2024-01-30,188.80288370915284,189.65325866018404,185.37172089064353,185.93533325195312,55859400
2024-01-31,184.94652570867123,185.00586682539145,182.28664653050623,182.33607482910156,55467800
2024-02-01,181.93065217781273,184.857513201702,181.7625567551165,184.76852416992188,64885400
2024-02-02,177.84687547061628,185.2332669548565,177.24370243482153,183.76983642578125,102551700
2024-02-05,186.04407104136263,187.13176501057416,183.75992879401906,185.57933044433594,69668800
2024-02-06,184.76855142564483,187.1911265388062,184.67956238073768,187.18124389648438,43490800
2024-02-07,188.50622203381667,188.91163664571195,186.49894443287428,187.2899932861328,53439000
2024-02-08,187.27020463334281,187.41851968576853,185.25304448034683,186.21218872070312,40962000
2024-02-09,186.77652244170517,188.10322646586073,186.13298359451971,186.97454833984375,45155200
2024-02-12,186.54880424779185,186.796321504533,184.9349868995182,185.29141235351562,41781900
2024-02-13,183.92515394948336,184.36078680146468,181.68758795653508,183.202392578125,56529500
2024-02-14,183.4796068721132,183.6875129162611,180.62820312290157,182.3212127685547,54630500
2024-02-15,181.727184392981,182.65785175424014,179.54903541760635,182.0341033935547,65434500
2024-02-16,181.5984737728991,183.0142804515248,179.86585283584154,180.49949645996094,49752500
2024-02-20,179.98465441119404,180.6182980286837,178.2124373755958,179.75694274902344,53665600
2024-02-21,180.13318356154335,181.07374623255754,178.8658962581704,180.50941467285156,41371400
2024-02-22,181.65787110291916,183.1231842228548,180.64801151557128,182.53903198242188,52292200
2024-02-23,183.1727059943013,183.20240686313807,180.42031469553908,180.7074432373047,45119700
2024-02-26,180.43019254491847,180.9450175834942,178.85597124394113,179.3609161376953,40867400
2024-02-27,179.30151026553332,182.09349711935678,177.77679547469845,180.81631469726562,54318900
2024-02-28,180.69750358801915,181.30144633523983,178.34114943443706,179.6183319091797,48953900
2024-02-29,179.4698267249393,180.75691955299587,177.74710108364005,178.95498657226562,136682600
2024-03-01,177.76691576574171,178.7371792855814,175.61846756104012,177.87582397460938,73563100
2024-03-04,174.40067502541135,175.14322688917085,172.06411122315788,173.36111450195312,81510100
2024-03-05,169.0641855800497,170.33147275577412,167.93550746706842,168.4305419921875,95132400
2024-03-06,169.36121186741923,169.53943215491887,167.00484265804033,167.4404754638672,68587700
2024-03-07,167.47017484778516,169.0344857697736,166.81674075207243,167.32167053222656,71765100
2024-03-08,167.32166963491963,171.9749911536114,167.26226790901475,169.03448486328125,76267000
2024-03-11,171.22256991091453,172.64827197645664,170.34140892696936,171.03445434570312,60139500
2024-03-12,171.43043622416553,172.30170175265368,169.3116892312768,171.5096435546875,59825400
2024-03-13,171.05423942259554,171.4700666239107,169.06419090034882,169.43052673339844,52488700
2024-03-14,171.19284931228447,172.57893998999515,170.34138929390355,171.28195190429688,72913500
2024-03-15,169.47010369924573,170.90570068359375,168.5988381717502,170.90570068359375,121752700
2024-03-18,173.82643054023092,175.94517770513775,171.7967859641753,171.9947967529297,75604200
2024-03-19,172.6086342803731,174.85609525037736,171.31164624406932,174.33135986328125,55215200
2024-03-20,173.97494430389506,176.89564514160156,173.35119593354977,176.89564514160156,53423100
2024-03-21,175.29173693263047,175.72736975318543,169.14340118299,169.6681365966797,106181300
2024-03-22,170.05425166968308,171.33144918231721,168.37113733503185,170.569091796875,71160100
2024-03-25,168.87608692531137,170.2324767040703,167.76719930445816,169.15330505371094,54288300
2024-03-26,168.3117257823714,169.71762191427138,167.89589862566189,168.0246124267578,57388400
2024-03-27,168.7176579392829,171.87598039200594,168.42063422483255,171.58885192871094,60273300
2024-03-28,170.04434616825796,170.51957504542207,168.8166552027259,169.7770233154297,65672700
2024-04-01,169.48992969134684,169.54933141950085,167.79690490268092,168.34144592285156,46240500
2024-04-02,167.40087579338118,167.65828830624176,166.55931106297376,167.1632537841797,49329500
2024-04-03,167.11376514661308,168.98499523543435,166.9058590852198,167.96522521972656,47691700
2024-04-04,168.59885072968464,170.21266810452119,167.14346313476562,167.14346313476562,53704400
2024-04-05,167.90579979250484,168.69785802201392,167.27215623034843,167.89590454101562,42104800
2024-04-08,167.35138730592178,167.51969724864153,166.56923932419392,166.7771453857422,37425500
2024-04-09,167.02464767080627,168.39094781013864,166.67813256359855,167.98501586914062,42373800
2024-04-10,167.12365945587084,167.4107728345435,165.45044033625643,166.11378479003906,49709300
2024-04-11,166.66822184170525,173.7175238179071,166.49001666248702,173.3016815185547,91070300
2024-04-12,172.52944039553972,176.58872985356905,172.47994902506244,174.7967071533203,101670900
2024-04-15,173.61848833629102,174.87588010863277,170.78689058947398,170.97500610351562,73531800
2024-04-16,170.0443808641566,172.03441446797186,166.59894436401518,167.6979217529297,73711200
2024-04-17,167.9256158132339,168.95528100035153,166.33160400390625,166.33160400390625,50901200
2024-04-18,166.36130787024413,166.96525061902096,164.89600984807865,165.38113403320312,43122900
2024-04-19,164.559379327856,164.74747975255278,162.45052746983075,163.36138916015625,68149400
2024-04-22,163.87623994630854,165.59895049362888,163.1336881290828,164.19305419921875,48116400
2024-04-23,163.70792820716713,165.39104261951863,163.28219064755024,165.24252319335938,49537800
2024-04-24,164.8861093338651,167.6187098522012,164.5593998092657,167.34149169921875,48251800
2024-04-25,167.84642483703811,168.91570135131437,166.48012455092012,168.20285034179688,50558300
2024-04-26,168.19293999888993,169.63843239437367,167.49987955768663,167.6186981201172,44838400
2024-04-29,171.64824848286057,174.2818355072499,171.38094074443057,171.77696228027344,68169400
2024-04-30,171.6086653165762,173.25218351807536,168.31173366197407,168.63845825195312,65934800
2024-05-01,167.8959162536964,170.99483730573115,167.43058257791944,167.6186981201172,50383100
2024-05-02,170.79680537480178,171.69777183075684,169.19289835753364,171.3116455078125,94214900
2024-05-03,184.7963833456082,185.14291355827163,180.84601747897057,181.55886840820312,163224100
2024-05-06,180.5390848280799,182.37070337959045,178.62824383792136,179.9054412841797,78569700
2024-05-07,181.6281680754234,183.06376520709566,179.51933122687228,180.58859252929688,77305800
2024-05-08,181.0341248704048,181.25194126160505,179.64801918938014,180.9252166748047,45057100
2024-05-09,180.74699689996783,182.82614787366472,180.3014688648197,182.73704528808594,48983000
2024-05-10,183.31206939842306,183.50044009541958,180.56586910059414,181.47796630859375,50759500
2024-05-13,183.84742393900163,185.4931713127623,183.03445892506747,184.68020629882812,72044800
2024-05-14,185.89964252722956,186.68286641073877,184.69011878206607,185.82032775878906,52393600
2024-05-15,186.2962448244031,189.01270420161362,185.76087383759318,188.0906982421875,70400000
2024-05-16,188.83425018022737,189.458844598736,188.0312088580003,188.20965576171875,52845200
2024-05-17,187.88245575005936,189.17129419091543,187.55528802161362,188.23936462402344,41282900
2024-05-20,187.70404687859929,190.2718004798306,187.3867877585141,189.39935302734375,44361300
2024-05-21,189.44890089382775,191.07481584379752,189.28036268210627,190.69808959960938,42309400
2024-05-22,190.61877317517173,191.16405275409193,188.63594934473116,189.26052856445312,34648500
2024-05-23,189.33983451815809,189.35966699130785,185.0272019643745,185.27505493164062,51005900
2024-05-24,187.19839293954828,188.94327235106317,186.4250777783575,188.34841918945312,36327000
2024-05-28,189.86531862155948,191.3425280405038,187.47602704829728,188.35838317871094,52280100
2024-05-29,187.98162409974876,190.59895109353056,187.8824768517226,188.65577697753906,53068000
2024-05-30,189.12173915319045,190.52954231443272,188.99286588586446,189.64718627929688,49889100
2024-05-31,189.7959119633218,190.9162123421418,188.27905284340878,190.5989532470703,75158300
2024-06-03,191.24334718637152,193.31540952983562,190.86662095571478,192.3636474609375,50080500
2024-06-04,192.96842627855952,193.64259428823095,191.3722523931234,192.68092346191406,47471400
2024-06-05,193.72190135445058,195.20901937445223,193.19645419760306,194.1878662109375,54156800
2024-06-06,194.0094143560484,194.8124556459051,192.5024638984892,192.80979919433594,41181800
2024-06-07,192.978343568532,195.2486855650071,192.47272888451312,195.19911193847656,53103900
2024-06-10,195.20902308787942,195.6055969774052,190.4998159349584,191.46148681640625,97010200
2024-06-11,191.98692512163242,205.38091074009856,191.96710777388114,205.37098693847656,172373300
2024-06-12,205.58909768640683,218.3089152196564,205.1231328450552,211.2401580810547,198134300
2024-06-13,212.8958066808934,214.888539245905,209.7827737762817,212.4001007080078,97862700
2024-06-14,212.01342075889224,213.32207647635283,209.4853176281068,210.66510009765625,70122700
2024-06-17,211.53757201804441,217.06965275202606,210.89316027395952,214.80923461914062,93728300
2024-06-18,215.7213082393038,216.7523850703462,211.17073132176122,212.44964599609375,79943300
2024-06-20,212.0927269910851,212.40007736780652,207.0563681724187,207.8792266845703,86172500
2024-06-21,208.58315742215362,210.07027533194446,205.33132746963062,205.70806884765625,241805100
2024-06-24,205.93607160503834,210.87329840415435,204.81577136869439,206.3524627685547,80727000
2024-06-25,207.35382052419757,209.56468024841507,206.8184646829133,207.27452087402344,55549700
2024-06-26,209.68363861405976,213.0147835489249,208.83102368645302,211.41860961914062,66213200
2024-06-27,212.84622088780682,213.88720639689362,210.52632069800987,212.26129150390625,49772700
2024-06-28,213.91695291908772,214.21437951883613,208.4939285392998,208.81117248535156,82542700
2024-07-01,210.26855134899324,215.64200216221636,210.10001313722785,214.88853454589844,60402900
2024-07-02,214.29369867156123,218.48738234159504,213.2527281692765,218.37832641601562,58046200
2024-07-03,218.1106471909744,219.6473388671875,217.14897630904898,219.6473388671875,37369800
2024-07-05,219.7464397478406,224.5052198536283,219.7464397478406,224.3961639404297,60412400
2024-07-08,225.13973799267995,225.89322076278884,221.3327197032473,225.8634796142578,59085900
2024-07-09,225.9725055332989,227.42988222637766,224.4259054004998,226.716064453125,48076100
2024-07-10,227.3307677065015,231.0783037422216,227.28119408246098,230.97915649414062,62627700
2024-07-11,229.40281699319425,230.39422897123262,223.83108651749725,225.61563110351562,64710600
2024-07-12,226.9540218514806,230.64207551688347,226.71607753741577,228.5601043701172,53046500
2024-07-15,234.44910163171727,235.1926606193721,231.0882156126273,232.386962890625,62631300
2024-07-16,232.98180687397965,234.24090427881208,230.33473879844306,232.80335998535156,43234300
2024-07-17,227.4794799069808,229.47222770464353,224.6936146131452,226.9143829345703,57345900
2024-07-18,228.3023336745397,228.46096321097224,220.36112971273346,222.2547149658203,66034600
2024-07-19,222.88923571935766,224.8522270905052,221.36245288688534,222.38360595703125,49151500
2024-07-22,225.06043082550624,225.82382229500527,221.17409763275575,222.03663635253906,48201800
2024-07-23,222.44310313331528,224.9910392063895,220.7676144514488,223.07760620117188,39960300
2024-07-24,222.0762625279836,222.86939506256107,215.2652677100796,216.66314697265625,61777600
2024-07-25,217.0497975364767,218.95332167523742,212.77681471652627,215.62217712402344,51391200
2024-07-26,216.8217851678197,217.6050090608147,214.15488466672127,216.08815002441406,41601300
2024-07-29,215.09674706599597,217.41664743865044,213.8971319294418,216.36575317382812,36311800
2024-07-30,217.3075789949067,218.43778796730905,214.2639371695869,216.92092895507812,41643800
2024-07-31,219.5382417741392,221.8978068103832,218.73520059867647,220.17274475097656,50036300
2024-08-01,222.44309097566543,222.55214689360594,215.15622233135366,216.48471069335938,62501000
2024-08-02,217.26793834308685,223.66255798049997,215.8403177402066,217.9718475341797,105568600
2024-08-05,197.38019703112641,211.66644653820467,194.31673780556494,207.4727783203125,119548600
2024-08-06,203.53686913101606,208.18659343179937,199.34320096724198,205.45028686523438,69660500
2024-08-07,205.12313014700663,211.80525225793107,204.61751548926864,208.01806640625,63516400
2024-08-08,211.27979376271134,212.36042911915672,207.03655197769595,211.4780731201172,47161100
2024-08-09,210.27848952903548,214.91829038971974,210.1496011292121,214.3829345703125,42201600
2024-08-12,214.46232494953352,217.8767166928247,213.99582080224636,215.9114532470703,38028100
2024-08-13,217.380462936734,220.2390393048837,217.380462936734,219.6236572265625,44155300
2024-08-14,218.9288446755302,221.37053243582614,218.06530765715263,220.07028198242188,41960600
2024-08-15,222.9288560878089,223.67327566716008,221.1025352094067,223.04795837402344,46414000
2024-08-16,222.25391598005478,225.14226768918678,221.98592068094572,224.36807250976562,44340200
2024-08-19,224.04054098731652,224.30853630427512,221.38047353975193,224.2092742919922,40687800
2024-08-20,224.0901616619868,225.47973889834265,223.7725353535306,224.82464599609375,30299000
2024-08-21,224.8345868015738,226.28371522001356,223.37552309496598,224.71546936035156,34765500
2024-08-22,226.0950979165247,226.64100861280963,222.2340424758978,222.85935974121094,43695300
2024-08-23,223.9809934126029,226.5219434569281,222.66088738350675,225.15220642089844,38677300
2024-08-26,225.0727813784282,225.58891654674125,222.22414052811973,225.48965454101562,30602200
2024-08-27,224.31843379232603,227.14723425887112,223.21669220638537,226.3333282470703,35934600
2024-08-28,226.22416240429726,228.149730282918,224.00082364270057,224.8048095703125,38052200
2024-08-29,228.3879521456165,231.18696212304621,227.1770283167567,228.0802459716797,51906300
2024-08-30,228.4772755570311,228.68570457235603,225.78743262658827,227.29612731933594,52990800
2024-09-03,226.84948058831634,227.2961293418145,219.52438650802387,221.11248779296875,50190600
2024-09-04,220.01072730838987,220.1298295937355,215.86182100754215,219.20675659179688,43840200
2024-09-05,219.9809527371486,223.80229748015876,219.87177059333374,220.72537231445312,36615400
2024-09-06,222.2837029728863,223.56411324365834,218.13481142105056,219.177001953125,48423000
2024-09-09,219.17700018247805,219.6236489368284,215.09757995493325,219.26632690429688,67180000
2024-09-10,217.29112653781655,219.83207646515766,215.1174187834135,218.47227478027344,51591000
2024-09-11,219.81224273641337,221.4301044903715,216.26879790334314,221.00331115722656,44587100
2024-09-12,220.84449248276735,221.8866830044339,218.1844402475294,221.11248779296875,37455600
2024-09-13,221.9164638014437,222.37303270856336,220.25889118684435,220.84449768066406,36766600
2024-09-16,214.92882889414335,215.60377723416104,212.32832783334672,214.71047973632812,59357400
2024-09-17,214.14470101422842,215.2861383219032,212.90400170360138,215.1769561767578,45519300
2024-09-18,215.931307109631,221.05291740528648,215.92137182236397,219.04794311523438,59894900
2024-09-19,223.31599325006152,228.1100580083486,222.95867118282095,227.1671142578125,66781300
2024-09-20,228.2589097535001,231.3556905514529,225.92638886705737,226.5020751953125,318679900
2024-09-23,225.64847983003366,227.74278104335218,224.12986496132828,224.7849578857422,54146000
2024-09-24,226.94874349226038,227.64354731931365,224.05047131587074,225.6782684326172,43556100
2024-09-25,223.2564112941643,225.59885242729763,222.3531936181764,224.68569946289062,42308700
2024-09-26,225.60876888531146,226.7998372114188,223.73283210674714,225.82713317871094,36636700
2024-09-27,226.76013618443497,227.81224676693589,225.60876359989413,226.09510803222656,34026000
2024-09-30,228.32835965023514,231.26634216308594,227.94126208675945,231.26634216308594,54541900
2024-10-01,227.81225543239978,227.9412778656533,222.07526286618742,224.52688598632812,63285000
2024-10-02,224.20925878310885,225.67824256269316,221.360617941662,225.09263610839844,32880600
2024-10-03,223.4648504260935,225.12242301224842,221.65839996957536,223.99090576171875,34044200
2024-10-04,226.20429410810965,226.3035561118749,222.46235586119454,225.11248779296875,37245100
2024-10-07,222.8296017820206,224.01074997862722,219.68319006872073,220.04051208496094,39505400
2024-10-08,222.63108533790577,224.29857792676054,221.58889489724396,224.09014892578125,31855700
2024-10-09,223.55416342639623,228.0405364361267,223.15714569962594,227.83209228515625,33591100
2024-10-10,226.0851807689644,227.7923841625437,225.47971892420364,227.33580017089844,28183500
2024-10-11,227.5939128444124,227.70309500312143,225.64848941975737,225.85693359375,31759200
2024-10-14,226.99837948655343,230.00583388937218,226.89913261283547,229.57904052734375,39882100
2024-10-15,231.8717961668827,235.7229313878213,230.64101708976466,232.11001586914062,64751400
2024-10-16,229.87676649695567,230.39288648800354,228.1298522341637,230.055419921875,34082200
2024-10-17,231.6931893602362,232.11007773662004,228.80485231991835,230.42271423339844,32993800
2024-10-18,234.4226930307779,234.4226930307779,232.26884075534687,233.25148010253906,46431500
2024-10-21,232.70554934615632,235.08770100400858,232.70554934615632,234.72044372558594,36254500
2024-10-22,232.14974382855843,234.4624093106695,230.86934872103873,234.10508728027344,38846600
2024-10-23,232.33833466706656,233.39044533687328,226.0653512199268,229.04302978515625,52287000
2024-10-24,228.26880958821053,229.10257100562325,226.71049918514768,228.85443115234375,31109500
2024-10-25,228.03062932515897,231.484732210271,227.86189602437614,229.68820190429688,38802300
2024-10-28,231.5839844241638,232.98348177622344,230.81970938626554,231.6633758544922,36087100
2024-10-29,231.36563017470797,232.5864741436605,230.59143496071306,231.93138122558594,35417200
2024-10-30,230.8792736886572,231.73287549326048,227.8420439394486,228.38795471191406,47070900
2024-10-31,227.63358238786932,228.11994197442104,223.693120129287,224.22911071777344,64370100
2024-11-01,219.3258967897823,223.67331269945134,218.63110809640673,221.25146484375,65276700
2024-11-04,219.34572401852256,221.13231895883285,218.0752491010658,220.35812377929688,44944500
2024-11-05,220.14969745378525,222.28369429475046,219.49460455688452,221.78741455078125,28111300
2024-11-06,220.95368405362794,224.3879467919736,219.54425129715867,221.0628662109375,54561100
2024-11-07,222.95864433437472,226.18446269494834,222.89909318788202,225.7874298095703,42137700
2024-11-08,225.72780810336752,227.20835428792034,224.9726384261151,225.51914978027344,38328800
2024-11-11,223.57158868270503,224.26714170400084,220.0938084143074,222.8064727783203,42005600
2024-11-12,223.12444853772337,224.15783943194586,221.9420008205612,222.8064727783203,40398300
2024-11-13,222.58788780053936,225.2111273985325,221.34582330978657,223.6908416748047,48566200
2024-11-14,223.59148192887395,227.41703140021204,223.57160465201176,226.7711639404297,44923900
2024-11-15,224.96268496170848,225.4793879673537,222.84621765747355,223.5715789794922,47923700
2024-11-18,223.82001439888424,228.28151537171908,223.74052045447314,226.5724334716797,44633700
2024-11-19,225.53899960732684,228.69881907074455,225.22103903072198,226.83074951171875,36211800
2024-11-20,226.61216873586113,228.4702922716314,224.45594670445817,227.54620361328125,35169600
2024-11-21,227.42697481306035,228.6988476019872,224.27710117470866,227.0692596435547,42108300
2024-11-22,226.61216818417898,229.25528492407807,226.61216818417898,228.41067504882812,38168300
2024-11-25,229.99057974831032,231.7692092379923,228.28149797848934,231.39161682128906,90152800
2024-11-26,231.84870566104107,234.07449047305911,231.84870566104107,233.56771850585938,45986200
2024-11-27,232.98148163119754,234.19373774290258,232.32566796514345,233.4385528564453,33498400
2024-11-29,233.3192972938568,236.3002516789311,232.48463370489634,235.82330322265625,28481400
2024-12-02,235.76369091824088,239.26133321145704,235.654388648958,238.06895446777344,48137100
2024-12-03,238.28756099978403,241.21882985808793,237.3833345065081,241.10952758789062,38861000
2024-12-04,241.32811352991968,242.560246738831,239.71840309463144,241.46722412109375,44383900
2024-12-05,242.4410361127995,242.98753231090083,240.59284370740727,241.49705505371094,40033900
2024-12-06,241.36788746709487,243.0769692456264,240.5431549096241,241.29832458496094,36870600
2024-12-09,240.29473874492055,245.67039687977774,240.21524480725012,245.18350219726562,44649200
2024-12-10,245.32261857013248,246.63424582967986,243.7824557106041,246.19703674316406,36914800
2024-12-11,246.38582450957213,249.2077910379196,244.69660488558225,244.92515563964844,45205800
2024-12-12,245.32261935264157,247.1608807008323,244.12029436088807,246.38583374023438,32777500
2024-12-13,246.24673423955153,247.7073880681415,244.676762972136,246.5547637939453,33155300
2024-12-16,246.41563368868003,249.78411156803347,246.07778066556844,249.44625854492188,51694800
2024-12-17,248.49236434269267,252.21855739876366,248.19426586582333,251.8707733154297,51356400
2024-12-18,250.55917390522964,252.6657103008961,246.1672359539693,246.4752655029297,56774100
2024-12-19,245.92875304737495,250.4001849209636,245.52135228225407,248.20420837402344,60882300
2024-12-20,246.46531011815415,253.38113119374523,244.13023820234332,252.87437438964844,147495300
2024-12-23,253.15260355822258,254.02700659111463,251.84097626600598,253.64942932128906,40858800
2024-12-24,253.868019379837,256.5707374276886,253.66927695641888,256.5608215332031,23234700
2024-12-26,256.55086249805703,258.44874034869076,255.99442012888886,257.3755798339844,27237100
2024-12-27,256.19316170058187,257.05766400729357,251.45345479939442,253.96739196777344,42355300
2024-12-30,250.6287158030117,251.890657464443,249.15811581542044,250.59890747070312,35557500
2024-12-31,250.83739579916153,251.6720594492945,247.84649497663966,248.83021545410156,39480700
2025-01-02,247.34966196417784,247.51859606258614,240.28481431614935,242.3019256591797,55740700
2025-01-03,241.8150177001953,242.6298040057451,240.3543488544026,241.8150177001953,40244100
2025-01-06,242.75900387005615,245.7598357483754,241.6560500607284,243.4446258544922,45045600
2025-01-07,241.43743349025635,243.99112508347835,239.81779188041267,240.67233276367188,40856000
2025-01-08,240.3841632667122,242.16280789951685,238.52603985831155,241.15921020507812,37628900
2025-01-10,238.48628640867517,238.63534322792128,231.52079498772144,235.3463592529297,61710900
2025-01-13,232.04742383507855,233.180185891021,228.26161420500546,232.91189575195312,49630700
2025-01-14,233.25969544364762,234.62099318079112,230.99417118008773,231.7990264892578,39435300
2025-01-15,233.15037337402552,237.44295487436693,232.9416999002932,236.35986328125,39832000
2025-01-16,235.8432019589194,236.4990004602556,226.58236221549976,226.81089782714844,71759100
2025-01-17,230.64637201374376,230.81529094249188,227.0294813062853,228.51995849609375,68488300
2025-01-21,222.57794445660952,222.99527628303537,217.9872792040061,221.22657775878906,98070400
2025-01-22,218.39463640105285,222.69714881925015,218.39463640105285,222.40899658203125,64126500
2025-01-23,223.3132578125695,225.58871322146769,220.88874557201237,222.2401123046875,60234800
2025-01-24,223.35297985225768,224.19758968028435,220.00437919561992,221.3656768798828,54697900
2025-01-27,222.5978054024586,230.67618150163648,222.5580508531902,228.40072631835938,94863400
2025-01-28,229.38447454034346,238.66517670855166,229.34471998625472,236.74742126464844,75707600
2025-01-29,232.6336842670617,238.33724933385383,232.52438199561368,237.84042358398438,45486100
2025-01-30,237.1547951903121,239.26133146080375,235.7040725307193,236.08164978027344,55658300
2025-01-31,245.62073349000855,245.62073349000855,231.9580244316672,234.50177001953125,100959800
2025-02-03,228.5298949466701,230.35820991583037,224.26712187534005,226.5624542236328,73063300
2025-02-04,225.80731341689966,231.64998934854387,225.21111642561868,231.32208251953125,45067300
2025-02-05,227.0791817096477,231.19289841511937,226.82083777153602,230.99417114257812,39620300
2025-02-06,229.82163993606684,232.31571480889477,228.9670990724139,231.73939514160156,29925300
2025-02-07,231.12335539671392,232.5144614947352,225.81724462416,226.18490600585938,39707200
2025-02-10,228.36338248973718,229.378010419489,226.00582893863492,226.45346069335938,33115600
2025-02-11,227.00058728303875,233.99363668198936,226.93096309298542,231.39735412597656,53718400
2025-02-12,229.98480349517558,235.71453849328682,229.4675323792709,235.625,45243300
2025-02-13,235.66480095549997,241.06625350434595,234.33184765944378,240.26051330566406,53614100
2025-02-14,239.981993568851,244.25939586817944,239.72336558929686,243.31439208984375,40896200
2025-02-18,242.86674847770814,243.8913336127375,240.56889220053384,243.18507385253906,48822500
2025-02-19,243.37404380163656,244.71693894615737,241.8819279664442,243.5829315185547,32204200
2025-02-20,243.6525813389452,245.4829065325138,243.00598867544505,244.53790283203125,32316900
2025-02-21,244.6572756706751,247.38287960480025,243.93111682470231,244.25938415527344,53197400
2025-02-24,243.64264638435856,247.55199828948733,243.1353323966777,245.80125427246094,51326400
2025-02-25,246.69652285022872,248.68601093773057,243.62276739789988,245.74156188964844,48013300
2025-02-26,243.04579925662603,243.6923767743236,237.87313357927937,239.09666442871094,44433600
2025-02-27,238.15164464554798,241.1856166259971,235.81399037079515,236.052734375,41153600
2025-02-28,235.70458076540925,240.8175641664438,228.9900589647863,240.56887817382812,56833400
2025-03-03,240.51916291712755,242.74739510665418,234.86902386386396,236.7789306640625,47184000
2025-03-04,236.46061504010896,238.80821160759587,233.4465266012979,234.68995666503906,53798100
2025-03-05,234.18263593082168,235.30670153327668,228.0251680036218,234.50096130371094,47227600
2025-03-06,233.207802772317,236.60982567864426,231.93453157387603,234.09312438964844,45170400
2025-03-07,233.87426828677374,240.10136041796665,233.5261018066448,237.81346130371094,46273600
2025-03-10,234.3019970725287,234.91874867921032,223.04150278970278,226.28436279296875,72071200
2025-03-11,222.63366659789358,224.65299583409444,216.3070937419303,219.6792755126953,76137400
2025-03-12,218.98297955017136,220.5845182605824,213.78047182496684,215.83958435058594,62547500
2025-03-13,214.81497612462363,215.70029772842102,207.3245545879158,208.5779266357422,61368300
2025-03-14,210.13967261110687,212.8254784087618,208.4784519318959,212.36790466308594,60107600
2025-03-17,212.18885305172668,214.08881784956162,208.86641153353526,212.87522888183594,48073400
2025-03-18,213.0343879953175,214.019174884069,210.3784232206469,211.57211303710938,42432400
2025-03-19,213.0940604852241,217.6101915579757,212.6265295918345,214.10870361328125,54385400
2025-03-20,212.86527847830126,216.3468825511506,211.10457731145533,212.97470092773438,48862900
2025-03-21,210.44804823896536,217.68978368973626,210.16952111998106,217.12278747558594,94127800
2025-03-24,219.8384246082871,220.3158974796034,217.4311459430569,219.56983947753906,44299500
2025-03-25,219.6096416779903,222.92214108802088,218.92326587520165,222.573974609375,34493600
2025-03-26,222.33523531503357,223.83730853242594,219.3112201065871,220.3656463623047,34466100
2025-03-27,220.2263848697343,223.80746952519274,219.40074548587612,222.6734619140625,37094800
2025-03-28,220.50488863250547,222.63364006926244,216.5358548246797,216.75469970703125,39818600
2025-03-31,215.86939419548492,224.43414081005062,215.09349507460487,220.96249389648438,65299300
2025-04-01,218.65468232589998,222.50433685640354,217.749461617725,222.0169219970703,36412700
2025-04-02,220.15675729790527,224.00641185945875,219.8583310514353,222.71324157714844,35905900
2025-04-03,204.4596791341039,206.39944211542388,200.19223396809613,202.12203979492188,103419000
2025-04-04,192.87092693410324,198.82944937179326,186.35535024633944,187.389892578125,125910900
2025-04-07,176.26863687444822,193.12954493623218,173.70219548773406,180.50625610351562,160466300
2025-04-08,185.71870692843436,189.33957458197378,168.32064359895526,171.51376342773438,120859500
2025-04-09,171.04623198001363,199.55559936553783,170.98654976711688,197.8048553466797,184395900
2025-04-10,188.07624843340898,193.7562279640405,182.03814529024513,189.4191436767578,121880000
2025-04-11,185.12186726950821,198.49121408156802,185.0820690088969,197.1085205078125,87435900
2025-04-14,210.32868138530173,211.8207974391945,200.10271391024364,201.45556640625,101352900
2025-04-15,200.7990180691496,202.44033954558066,198.74984792281177,201.07754516601562,51343900
2025-04-16,197.31741584829123,199.64511311117855,191.35889396287376,193.24891662597656,59732400
2025-04-17,196.16350125239885,197.78493872612725,193.39811432307044,195.9446563720703,52164700
2025-04-21,192.25416731460396,192.78138039340035,188.81234657174457,192.14474487304688,46742500
2025-04-22,195.08918671811182,200.53043756485187,194.93998119085117,198.69017028808594,52976400
2025-04-23,204.91724784553512,206.90673568869565,201.7340703321958,203.5246124267578,52929200
2025-04-24,203.81310578126346,207.73239972806866,201.87335793866913,207.27481079101562,47311000
2025-04-25,205.28531450927932,208.6475540878433,205.1162098506388,208.18002319335938,38222300
2025-04-28,208.89624364686077,210.38835967290976,206.3696005213303,209.03550720214844,38743100
2025-04-29,207.59314001435672,211.12448445804597,207.27481462988695,210.0998992919922,36827600
2025-04-30,208.19992461631293,212.4574277707069,205.5837430092506,211.3831024169922,52286500
2025-05-01,207.98107159612528,213.43226431553572,207.8020097882055,212.19879150390625,57365700
2025-05-02,205.00680709347017,205.9020858869881,201.09747008207196,204.2707061767578,101010600
2025-05-05,202.03251395918386,203.02725796650907,197.1682163705072,197.84463500976562,69018500
2025-05-06,197.1682179665783,199.59538061408486,195.98447015970467,197.4666290283203,51216500
2025-05-07,198.1231564563361,198.39174158064424,192.23427392267118,195.218505859375,68536700
2025-05-08,196.68079799363124,198.99855348942916,193.65676753221484,196.45201110839844,50478900
2025-05-09,197.95405738682032,199.48595647897335,196.50172445806652,197.4865264892578,36453900
2025-05-12,210.13634313336473,210.435160708662,205.93301745006437,209.95704650878906,63775800
2025-05-13,209.59847136477597,212.55673652410627,208.17412935394688,212.08859252929688,51909300
2025-05-14,211.59057778761635,213.09462076548897,209.74789716231066,211.49098205566406,49325800
2025-05-15,210.11643191755599,212.11849916658366,208.71199985896817,210.6144561767578,45029500
2025-05-16,211.52086084946143,211.73003772257164,208.94109887256835,210.42520141601562,54737900
2025-05-19,207.0884445111699,208.65223273202483,203.45285841572866,207.9550018310547,46140500
2025-05-20,206.84938410987283,207.64622592622177,204.2198167548668,206.04258728027344,42496600
2025-05-21,204.35927415345975,206.2218800326306,199.91690624087693,201.29144287109375,59211800
2025-05-22,199.91689038506837,201.94882252859867,198.91087172706415,200.56431579589844,46742400
2025-05-23,192.9046989896,196.91877297523902,192.6955373289648,194.49838256835938,78432900
2025-05-27,197.51641281084125,199.94677348688452,196.64984031499387,199.4188690185547,56288500
2025-05-28,199.79736291846774,201.9289060786693,199.11008702875665,199.62803649902344,45339700
2025-05-29,202.775557811137,203.00464471322186,197.72558456215265,199.15989685058594,51396800
2025-05-30,198.58218796001185,201.16196516975768,196.00242594876025,200.0563507080078,70819900
2025-06-02,199.4885975362889,201.3312933884623,199.3292261245183,200.90298461914062,35423300
2025-06-03,200.55437033168948,202.96480586317466,200.16591202699755,202.46678161621094,46381600
2025-06-04,202.10818013514051,205.42502305946414,201.30138338029005,202.01853942871094,43604000
2025-06-05,202.69585814733983,203.94091870107042,199.35908978394463,199.8372039794922,55126100
2025-06-06,202.19783403313102,204.8871617909174,201.2515910514923,203.11419677734375,46607700
2025-06-09,203.58234611432158,205.18598475848052,199.22961916524454,200.65396118164062,72862600
2025-06-10,199.8073282051838,203.54250994980842,199.77744796710627,201.869140625,54672600
2025-06-11,202.69585666840098,203.69190510411792,197.62597377823997,197.9945068359375,60989900
2025-06-12,198.29333609984755,198.890956077424,196.58013147350607,198.41285705566406,43904600
2025-06-13,198.94075911963023,199.57822954037988,194.92668495173118,195.67372131347656,51447300
2025-06-16,196.52037110088898,197.90487790098294,195.78328974313985,197.6359405517578,43020700
2025-06-17,196.42074594971083,197.60604600468164,194.43861931524052,194.86691284179688,38856200
2025-06-18,195.16573699325735,196.7893008408277,194.2991796996429,195.80320739746094,45394700
2025-06-20,197.45666110928434,200.90298042554332,196.08210930882012,200.20574951171875,96813500
2025-06-23,200.83325703321927,201.50060768152076,198.17380945321412,200.70376586914062,55814300
2025-06-24,201.78945874554142,202.63610603642124,199.4089034764897,199.50851440429688,54064000
2025-06-25,200.65395335177794,202.8651820841085,199.82723133036671,200.76351928710938,39525700
2025-06-26,200.63404307360597,201.8392684520338,198.67184150130464,200.20574951171875,50799100
2025-06-27,201.09224306842364,202.41698947637084,199.20971189891864,200.2854461669922,73188600
2025-06-30,201.21175129212304,206.570497066428,198.47261792694385,204.35926818847656,91912800
2025-07-01,205.85332972802502,209.35942450018746,205.3254252695324,206.99879455566406,78788900
2025-07-02,208.08449026524102,212.49697770796604,207.31752868499885,211.6005401611328,67941800
2025-07-03,211.31166931275297,213.8017903991559,210.97301649264048,212.70614624023438,34955800
2025-07-07,211.8395692407974,215.37554414763466,207.97491173225177,209.120361328125,50229000
2025-07-08,209.26980118177752,210.59453234535175,207.62631199643187,209.18014526367188,42848900
2025-07-09,208.7020406311003,210.49493096772343,206.40117103180637,210.30567932128906,48749400
2025-07-10,209.67816220166208,212.63642743345136,209.2000631819418,211.57066345214844,44443600
2025-07-11,209.73792710960444,211.29176024279,209.03072603053,210.32559204101562,39765800
2025-07-14,209.10044482334126,210.07658325197187,206.71988962428105,207.79562377929688,38840100
2025-07-15,208.39327261019983,211.05272033528996,208.09445501444372,208.28370666503906,42296300
2025-07-16,209.4689902412225,211.5606828488181,207.8155461810567,209.3295440673828,47490500
2025-07-17,209.7379236663323,210.96305897069354,208.761785269157,209.19009399414062,48068100
2025-07-18,210.0367321724359,210.95309492429405,208.87135730762196,210.3455047607422,48974600
2025-07-21,211.26189276464606,214.92734394651046,210.79374875413163,211.640380859375,51377400
2025-07-22,212.29776458434165,214.1006098348481,211.39135685335447,213.5527801513672,46404100
2025-07-23,214.15043456376964,214.29983576430007,211.5706725113145,213.3037872314453,46989300
2025-07-24,213.05475989741393,214.83769515517375,212.68622683006964,212.91531372070312,46022600
2025-07-25,213.85160291428238,214.38947759784276,212.5567368669443,213.03485107421875,40268800
2025-07-28,213.18426788884761,214.00103498726418,212.21809958876685,213.20419311523438,37858000
2025-07-29,213.33365491441555,213.96117031669576,209.9869466315705,210.43516540527344,51411700
2025-07-30,211.06265157316113,211.55072076453234,206.89917652304968,208.2239227294922,45512500
2025-07-31,207.66614913739534,209.01080544085684,206.3414028602417,206.74978637695312,80698400
2025-08-01,210.03673342752194,212.73603143542957,200.7037642416869,201.58029174804688,104434500
2025-08-04,203.70186769022786,207.0585613783641,200.88304868853191,202.5464630126953,75109300
2025-08-05,202.59624780213056,204.52858421879685,201.36115745633876,202.11814880371094,44155100
2025-08-06,204.81744899810374,214.52892145014,204.77759854868273,212.40733337402344,108483100
2025-08-07,218.01508808955717,219.97730473834642,215.7241736307253,219.16053771972656,90224800
2025-08-08,219.95737356583322,230.08718413442585,218.3836152444713,228.44371032714844,113854000
2025-08-11,227.27701087414155,228.91238364576833,224.12592192869855,226.53909301757812,61806100
2025-08-12,227.36674823663387,230.14888579943394,226.429412881848,229.0021209716797,55626200
2025-08-13,230.4181341091737,234.33703985510917,229.77992501054072,232.6717529296875,69878500
2025-08-14,233.39967872378062,234.4566858681212,230.1987431425788,232.123291015625,51916300
2025-08-15,233.33985018068216,233.6190590405621,228.69299310222902,230.9366455078125,56038700
2025-08-18,231.04634466466607,232.46233685580373,229.46083388892833,230.23863220214844,37476200
2025-08-19,230.62753117126795,232.2130419457167,228.70298322789472,229.90956115722656,39402600
2025-08-20,229.33119207499826,229.81981519856654,225.13307755654054,225.3723907470703,42263900
2025-08-21,225.6316789169631,225.88097364743615,223.14869792378403,224.26553344726562,30621200
2025-08-22,225.53195134940427,228.44371192910324,224.77410085849388,227.11746215820312,42477800
2025-08-25,225.84106025439092,228.6531118971015,225.59176554347297,226.51914978027344,30983100
2025-08-26,226.22996704217394,228.84258604761433,224.05612439304167,228.6630859375,54575100
2025-08-27,227.96506627689797,230.24859923631865,227.6160475796746,229.8397674560547,31259500
2025-08-28,230.16884905542523,232.75153884501827,228.69301327644948,231.9039306640625,38074700
2025-08-29,231.85405874294378,232.7216147258446,230.71727541448905,231.485107421875,39418400
2025-09-02,228.6032698757151,230.19876225122124,226.32970313085187,229.0719451904297,44075600
2025-09-03,236.5408165177042,238.17618932549604,233.69885053091846,237.79725646972656,66427800
2025-09-04,237.77729643117493,239.2232027368954,236.0721290991865,239.10354614257812,47549400
2025-09-05,239.32291694518142,240.63920029193574,237.81718240373485,239.0137939453125,54870400
2025-09-08,238.62490021245955,239.47249309970456,235.67324414176576,237.2089080810547,48999500
2025-09-09,236.33139119913957,238.1063683630383,232.70166073618753,233.68887329101562,66313900
2025-09-10,231.53496736029473,231.76431424305812,225.31256565050364,226.1501922607422,83440800
2025-09-11,226.23995033725743,229.7998710451417,226.010588238333,229.3810577392578,50208600
2025-09-12,228.5733443098202,233.84841389514688,228.3739115767776,233.40966796875,55824200
2025-09-15,236.33138325533858,237.5180285002954,234.3669397384463,236.0322265625,42699500
2025-09-16,236.51088466190768,240.53949594661788,235.65332541334,237.4781494140625,63421100
2025-09-17,238.2958480596019,239.42266510979977,237.05934071942244,238.3157958984375,46508000
2025-09-18,239.2930082114909,240.51953392817583,235.98236714862816,237.2089080810547,44249600
2025-09-19,240.5494606794321,245.60516498271895,239.53234916144805,244.8074188232422,163741300
2025-09-22,247.5995237986898,255.9160073848096,247.42002368458668,255.35755920410156,105517400
2025-09-23,255.15814081026073,256.6140134777918,252.86462630601793,253.71221923828125,60275200
2025-09-24,254.49999981420794,255.01853710208397,250.33178410429736,251.59820556640625,42303700
2025-09-25,252.49566170312627,256.4444966190252,250.99989343760635,256.14532470703125,55202100
2025-09-26,253.38315498635407,256.87328100426123,253.06405044687503,254.73931884765625,46076300
2025-09-29,253.84185736381545,254.28061851263055,252.29622703166862,253.71221923828125,40127700
2025-09-30,254.1410137555297,255.1980209495745,252.39595068950493,253.9116668701172,37704300
2025-10-01,254.32049261064776,258.0599285933123,254.21080232618834,254.72933959960938,48713900
2025-10-02,255.85613542550084,257.45162766856953,253.43299812845933,256.40460205078125,42630200
2025-10-03,253.9515436206674,258.5086431914624,253.23357360959045,257.2920837402344,49155600
2025-10-06,257.2621558739689,258.33912604890287,254.3304629034206,255.96583557128906,44664100
2025-10-07,256.0855101139428,256.6738420114173,254.70939836699205,255.75645446777344,31955800
2025-10-08,255.79633660873378,257.7906945345413,255.38748958216482,257.3320007324219,36496900
2025-10-09,257.08267167133846,257.27213808351553,252.42584836214985,253.32330322265625,38322000
2025-10-10,254.2207817432353,255.6567217403356,243.3116425485481,244.57806396484375,61999100
2025-10-13,248.67648318296307,248.98560621270488,244.86725241658198,246.96133422851562,38142900
2025-10-14,245.90431694508948,248.14796941642882,244.00966795095763,247.07101440429688,35478000
2025-10-15,248.78616738422895,251.10959602979932,246.77186176083558,248.63658142089844,33893600
2025-10-16,247.54966879270205,248.33743345063007,244.43847540742667,246.75192260742188,39777000
2025-10-17,247.3203043073955,252.66518358811555,246.57242016484557,251.5782470703125,49147000
2025-10-20,255.168106265739,263.63416054313814,254.90884523128253,261.50018310546875,90483000
2025-10-21,261.1411827196178,264.5415659974475,261.0913055219307,262.0286560058594,46695900
2025-10-22,261.9090191460537,262.1084670888602,254.70938662410154,257.72088623046875,45015300
2025-10-23,259.2066564378435,259.8847307097371,257.2821086816683,258.84765625,32754900
2025-10-24,260.4531761824355,263.3848847726989,258.4488367256365,262.0785827636719,38253700
2025-10-27,264.13276036080543,268.36078929414754,263.90339825112477,268.0516662597656,44888200
2025-10-28,268.23113785786586,269.12862319727753,267.39351124836816,268.2411193847656,41534800
2025-10-29,268.5203194424725,270.6443152614699,266.35642794866993,268.93914794921875,51086700
2025-10-30,271.2226702585742,273.36662916750566,267.72259312931254,270.63433837890625,69886500
2025-10-31,276.2085891024436,276.53767519933945,268.40069127196034,269.6072692871094,86167100
2025-11-03,269.65711516237894,270.08589475979994,265.49886601188945,268.29095458984375,50194600
2025-11-04,267.5730004152706,270.72408938596277,266.86501191822913,269.2781982421875,49274800
2025-11-05,267.8522167164328,270.9335263776032,266.17696342424256,269.3779296875,43683100
2025-11-06,267.1342708755924,272.6287059365568,267.1342708755924,269.0089416503906,51204000
2025-11-07,269.03885049148494,271.5218466038475,266.0173996929098,267.7126159667969,48227400
2025-11-10,268.46122924118225,273.22240319845355,266.96401085683,268.93035888671875,41312400
2025-11-11,269.3096487524697,275.3983427074405,269.2996575494418,274.73956298828125,46208300
2025-11-12,274.49002155435767,275.2186787593472,271.19615348009904,272.9628601074219,48398000
2025-11-13,273.6016697208788,276.1868935731559,271.5854266195937,272.44384765625,49602800
2025-11-14,270.54732197227213,275.44821996704485,269.10002929321837,271.9048156738281,47431300
2025-11-17,268.3214829895084,269.98836893107386,265.237217022597,266.9639892578125,45018300
2025-11-18,269.48932037088264,270.2079864201871,264.8279974843966,266.9440612792969,45677300
2025-11-19,265.0375710636542,271.7051756343288,265.00762791735707,268.06195068359375,40424500
2025-11-20,270.327749378444,274.91922505965954,265.42688147061517,265.7562561035156,45823600
2025-11-21,265.4568071090486,272.8230952896135,265.17732758833057,270.98651123046875,59030800
2025-11-24,270.397615191446,276.4863089537433,270.397615191446,275.4083251953125,65585800
2025-11-25,274.75953066216096,279.8600705608694,274.73957871594786,276.4563903808594,46914200
2025-11-26,276.44637611579356,279.01161742605893,276.1170014953278,277.0352783203125,33431400
2025-11-28,276.7458380127342,278.4826014787427,275.4781737009374,278.3328857421875,20135600
2025-12-01,277.4944549964911,282.89442609469603,275.62792768573877,282.57501220703125,46587700
2025-12-02,282.47518456741903,286.86701880065203,282.10587559562896,285.6592712402344,53669500
2025-12-03,285.6692634925469,288.0847586222564,282.77461708045536,283.623046875,43538700
2025-12-04,283.5731318378766,284.20196835267484,278.07334059490756,280.179443359375,43989100
2025-12-05,280.01974631085085,280.6186397013617,277.53434330937836,278.26300048828125,47265800
2025-12-08,277.6142094762677,279.15136205700173,275.6378704438954,277.3746643066406,38211800
2025-12-09,277.64414811825674,279.5106752769474,276.40645748061854,276.66595458984375,32193300
2025-12-10,277.23491184461454,279.2312028389952,275.92734368017386,278.26300048828125,33038300
2025-12-11,278.5824273392719,279.07150890817053,273.3022288840155,277.514404296875,33248000
2025-12-12,277.38464634485007,278.70220580092337,276.30666253778065,277.7639465332031,39532900
2025-12-15,279.63046152672615,279.63046152672615,272.33402020742307,273.6016540527344,50409100
2025-12-16,272.3140798989353,274.9891026980292,271.2859911871425,274.1007385253906,37648600
2025-12-17,274.50001118897205,275.6478724530811,271.13626563598973,271.33587646484375,50138700
2025-12-18,273.1025913325419,273.12257373871984,266.4549687260805,271.68524169921875,51630700
2025-12-19,271.6453053723066,274.09077415448866,269.399477884542,273.1625061035156,144632000
2025-12-22,272.3539780142796,273.37210596231955,270.00836035897595,270.4674987792969,36571800
2025-12-23,270.3377490962612,271.99467443806464,269.06012395403746,271.85491943359375,29642000
2025-12-24,271.8349404799371,274.9192064044749,271.69521595033444,273.3022155761719,17910600
2025-12-26,273.65157518449314,274.859322715931,272.35396775197984,272.8929748535156,21521800
2025-12-29,272.1843267483383,273.8512128461511,271.8449608988494,273.2523498535156,23715200
2025-12-30,272.304089543875,273.5717234473003,271.77507361210075,272.5735778808594,22139600
2025-12-31,272.553621806917,273.17246717497864,271.24605357156486,271.3558349609375,27293600
2026-01-02,271.75509761912826,277.32473598417806,268.5011336129586,270.5074157714844,37838100
2026-01-05,270.1381104139889,271.0064921177503,265.6464557026853,266.7643737792969,45647200
2026-01-06,266.504853430471,267.0538212812338,261.6338984265986,261.8734436035156,52352100
2026-01-07,262.71190159101934,263.1909919246956,259.32817380451803,259.8471984863281,48309800
2026-01-08,256.5433578451618,258.80916773471864,255.22581364132833,258.55963134765625,50419300
2026-01-09,258.5995368285105,259.7274461787287,255.74485516422806,258.8890075683594,39997000
2026-01-12,258.6794199598783,260.8154357257053,256.32378048041085,259.76739501953125,45263800
2026-01-13,258.24022168851656,261.3244878277737,257.9108470550362,260.5658874511719,45730800
2026-01-14,259.0087756526009,261.33447181199796,256.23393227813756,259.4779052734375,40019400
2026-01-15,260.1666175851947,260.5559089501236,256.5732877053955,257.73114013671875,39388600
2026-01-16,257.4217372195352,258.41988279267105,254.45724364888233,255.05613708496094,72142800
2026-01-20,252.26132447540706,254.31750190322293,242.9685916985444,246.2425079345703,80267500
2026-01-21,248.23880604127606,251.09350304772093,244.72532928784554,247.1907501220703,54641700
2026-01-22,248.737864640942,250.53452965267718,247.68980878155546,247.8894500732422,39708300
2026-01-23,246.86136630134166,248.94748685874615,244.22624741136653,247.58001708984375,41689000
2026-01-26,251.01363570547153,256.08421686766076,249.336758511775,254.9363555908203,55969200
2026-01-27,258.68937090303496,261.46421404872183,257.73112933459527,257.791015625,49648300
2026-01-28,257.17220993748055,258.3799575946877,254.03803333601454,255.96446228027344,41288000
2026-01-29,257.52154586161765,259.16847988830324,253.93820707645818,257.801025390625,67253000
2026-01-30,254.69678984095313,261.41430490835,251.7123292610244,258.9988098144531,92443400
2026-02-02,259.5478036352127,269.98839826257677,258.7293169184304,269.5093078613281,73913400
2026-02-03,268.70080609664296,271.3758289780004,267.11372779647115,268.98028564453125,64394700
2026-02-04,271.7850411492978,278.432693698261,271.7850411492978,275.97723388671875,90545700
2026-02-05,277.6142303156022,278.98168486317746,272.72332314901723,275.3983459472656,52977400
2026-02-06,276.6060720438839,280.3890519626743,276.4164219647768,277.6042175292969,50453400
2026-02-09,277.6541982366954,277.9439398399519,271.4499228389202,274.3672180175781,44623400
2026-02-10,274.6369782150198,275.11651686144285,272.68876099546605,273.4280700683594,34376900
2026-02-11,274.44714753122867,279.92208361183503,274.1973776592452,275.24639892578125,51931300
2026-02-12,275.3363333447182,275.46621856633783,259.94051360693726,261.4891052246094,81077200
2026-02-13,261.7688319830923,261.9886306947134,255.21485759663088,255.5445556640625,56290700
2026-02-17,257.8124646511843,266.0449008431299,255.30478047881587,263.6371154785156,58469100
2026-02-18,263.35737977838915,266.57441720150126,262.20844437502524,264.106689453125,34203300
2026-02-19,262.35827847824623,264.2365527856389,259.81060750150084,260.3401184082031,30845300
2026-02-20,258.73163460792017,264.5063132392292,257.9223826043077,264.3364562988281,42070500
2026-02-23,263.24744081710827,269.1819753311392,263.13755670993424,265.9349670410156,37308200
2026-02-24,267.61343657617186,274.6369951599546,267.46358073991865,271.8895263671875,47014600
2026-02-25,271.5298429675081,274.6869380517792,270.8005039088116,273.97760009765625,33714300
2026-02-26,274.6969199809464,275.8558253670768,270.55071567552415,272.6987609863281,32345100
2026-02-27,272.5588900215503,272.5588900215503,262.6480379442022,263.93682861328125,72366500
2026-03-02,262.16844722421786,266.2846497598317,259.960490133898,264.476318359375,41827900
2026-03-03,263.23749216234586,265.31556422164516,259.8905695547566,263.5072326660156,38568900
2026-03-04,264.4063951364299,265.9050144519466,261.179387723623,262.2783508300781,39803100
2026-03-05,260.54995479568396,261.3192350446657,257.01320478174756,260.0504150390625,49658600
2026-03-06,258.39192833924307,258.53178361058343,254.13584003818684,257.2229919433594,41120000
2026-03-09,255.45463216869055,260.9095975388004,253.44647267699952,259.6407775878906,38218500
2026-03-10,257.4128391437035,262.2384104290217,256.71350175461305,260.58990478515625,30590800
2026-03-11,260.8496568052655,261.888707997661,259.3110658747261,260.5699157714844,26218900
2026-03-12,258.4219063383753,258.71164792954545,253.94601921584928,255.52456665039062,40794000
2026-03-13,255.24483747003174,256.0940459350445,249.29033192864068,249.8897705078125,36930000
2026-03-16,251.87794235419486,253.6563027081548,249.6499992581203,252.58729553222656,32074200
2026-03-17,252.72716690012706,254.89516767044782,251.94787083452104,253.99598693847656,32361600
2026-03-18,252.3974721128864,254.70534343896443,248.7708084606242,249.70994567871094,35757900
2026-03-19,249.17043241392184,251.5982036354298,247.0723745163624,248.73085021972656,34864100
2026-03-20,247.7517334570195,248.97061168291066,245.77356028907465,247.76173400878906,88331100
2026-03-23,253.73622734962268,254.3656523266213,250.0496214753341,251.25851440429688,40546100
2026-03-24,250.1195650925759,254.5954370944537,249.32029842391177,251.4083709716797,45152300
2026-03-25,253.86611511385965,254.76528059453105,251.3684162845015,252.38746643066406,28476700
2026-03-26,251.88793104116345,256.76344411909713,250.53918279672283,252.6572265625,41796700
2026-03-27,253.666280215245,255.2548282141602,247.8416601166152,248.57098388671875,47900000
2026-03-30,249.83982057534305,250.63907198816298,245.28400520065438,246.40298461914062,39446200
2026-03-31,247.6818040942864,255.24482803058763,246.87255213324852,253.55638122558594,49598100
2026-04-01,253.8461228128272,255.94418062939917,253.096813183035,255.3946990966797,40059400
2026-04-02,253.96601496217014,255.89424639361263,250.4192795609811,255.68443298339844,31289400
2026-04-06,256.27389167390277,261.9186847371787,256.2239194053331,258.6217041015625,29329900
2026-04-07,255.92421782448065,255.96418954301222,245.47383916108728,253.26666259765625,62148000
2026-04-08,258.2121146377317,259.51090582044134,256.29386854025813,258.66168212890625,41032800
2026-04-09,258.7615948993736,260.879638597066,255.8342992320816,260.2502136230469,28121600
2026-04-10,259.7406946341393,261.94865175168746,258.78155637925676,260.240234375,31291500
2026-04-13,259.49093671136296,259.9405042051452,256.4237552437805,258.96142578125,36234700
2026-04-14,259.01136264890187,261.68888841493145,256.9532612999924,258.59173583984375,48370700
2026-04-15,257.92237663273806,266.3146386359468,257.57269269729437,266.18475341796875,49913500
2026-04-16,266.55439590858066,266.91408037974617,261.0294875448873,263.15753173828125,43323100
2026-04-17,266.7142527536172,272.0493335842862,266.47448343207725,269.98126220703125,61436200
2026-04-20,270.08114756253855,274.0275237795767,270.04120633500696,272.79864501953125,36590200
2026-04-21,271.250098918132,272.5488901425708,265.1557075406741,265.9250183105469,50209800
2026-04-22,267.5734973129919,273.48803128351057,266.62435952726383,272.9185791015625,43249200
2026-04-23,274.79681820267325,275.5161566987003,271.39995382845746,273.1783142089844,33399600
2026-04-24,272.50893317942314,272.80864483253174,269.4017800912603,270.81048583984375,38157100
2026-04-27,265.84505761361925,268.1129570778125,264.8260075108844,267.3636474609375,41466800
2026-04-28,272.0893199684016,272.97851539952296,268.4127145556596,270.4608154296875,40018900
2026-04-29,267.3037117460274,270.7905199823619,266.7942019267937,269.92132568359375,30047900
2026-04-30,270.25102650288807,275.7459641951834,267.893213328058,271.1002502441406,91848200
2026-05-01,278.6032901046287,286.95561044034525,278.1137509144006,279.88214111328125,79915400
2026-05-04,279.4025768563376,280.3716851917065,274.60697695873915,276.5751647949219,46668400
2026-05-05,276.6750995896243,284.30808218316156,276.2455026895375,283.9184265136719,49311700
2026-05-06,281.66051049385584,287.76487170009636,280.8112868075762,287.245361328125,58336100
2026-05-07,289.00371711581823,291.8611003514943,285.5169394038565,287.1754150390625,45224300
2026-05-08,289.7430674686918,294.4886952888782,289.7330669166447,293.0500183105469,52692800
2026-05-11,291.9800109863281,293.8800048828125,290.2300109863281,292.67999267578125,42247300
2026-05-12,292.55999755859375,295.2699890136719,292.55999755859375,294.79998779296875,45748100
2026-05-13,293.5,300.9200134277344,293.5,298.8699951171875,52684300
2026-05-14,299.82000732421875,300.45001220703125,295.3800048828125,298.2099914550781,35324900
2026-05-15,297.8999938964844,303.20001220703125,296.5199890136719,300.2300109863281,54862800
2026-05-18,300.239990234375,300.6600036621094,294.9100036621094,297.8399963378906,34483000
2026-05-19,296.9700012207031,300.510009765625,296.3500061035156,298.9700012207031,42243600
2026-05-20,298.17999267578125,302.79998779296875,298.0799865722656,302.25,38229800
2026-05-21,301.05999755859375,305.5400085449219,300.3999938964844,304.989990234375,42965100
2026-05-22,306.1199951171875,311.3999938964844,305.8399963378906,308.82000732421875,43670200
2026-05-26,309.55999755859375,311.82000732421875,307.6700134277344,308.3299865722656,48000500
2026-05-27,308.3299865722656,313.260009765625,308.29998779296875,310.8500061035156,50430900
2026-05-28,310.67999267578125,312.79998779296875,309.57000732421875,312.510009765625,48220400
2026-05-29,311.7799987792969,315.0,309.5299987792969,312.05999755859375,70026800
2026-06-01,309.6300048828125,310.94000244140625,305.0199890136719,306.30999755859375,48849900
2026-06-02,307.4599914550781,315.45001220703125,306.69000244140625,315.20001220703125,44534700
2026-06-03,314.17999267578125,316.94000244140625,308.8500061035156,310.260009765625,50836700
2026-06-04,313.2300109863281,313.5400085449219,309.6499938964844,311.2300109863281,44869100
2026-06-05,312.8599853515625,315.1700134277344,307.1499938964844,307.3399963378906,65310500
2026-06-08,308.739990234375,317.3999938964844,301.1700134277344,301.5400085449219,77949100
2026-06-09,,,,,69930268
