date,open,high,low,close,volume
2016-06-06,11.616072823186649,11.825226679177026,11.559762464716584,11.680428504943848,80949300.0
2016-06-07,11.696518170270071,11.74478474524337,11.535630865644377,11.543675422668457,67447100.0
2016-06-08,11.54367539750388,11.632163223062317,11.503453379642343,11.608030319213867,58292900.0
2016-06-09,11.519542576869142,11.519542576869142,11.326477797486934,11.414965629577637,74814900.0
2016-06-10,11.246033409895519,11.262122524601418,11.061013193804964,11.125368118286133,90725700.0
2016-06-13,10.97252226363317,11.18971988058489,10.924255700326677,10.94034481048584,71925000.0
2016-06-14,10.908172912040179,11.044926582176307,10.594442008716218,10.666841506958008,85377800.0
2016-06-15,10.763368133705344,10.988610299440113,10.682924119500296,10.73119068145752,100659100.0
2016-06-16,10.64270228019955,10.723146295672946,10.473771228613197,10.70705795288086,90152000.0
2016-06-17,10.763370653329204,10.884035935712632,10.682926620292815,10.779458999633789,89022300.0
2016-06-20,11.052967603169265,11.141456191436957,10.867947404375258,10.892080307006836,89874000.0
2016-06-21,10.956438064575195,10.980570973460251,10.81968363560765,10.956438064575195,73810800.0
2016-06-22,10.940346218075542,11.08514439228282,10.932301661960944,10.948390007019043,77980500.0
2016-06-23,11.133412766825067,11.30234463676454,11.117323651987395,11.294300079345703,82494600.0
2016-06-24,10.497908448552153,10.81163855029018,10.433553516545825,10.457686424255371,231499200.0
2016-06-27,10.27266222039344,10.27266222039344,9.693467288784543,9.798044204711914,250847700.0
2016-06-28,10.111773645079797,10.232439664935773,9.934798043431247,10.216350555419922,150136300.0
2016-06-29,10.51399371519435,10.6346597527046,10.393328444855179,10.610526084899902,118484000.0
2016-06-30,10.755327115957733,10.763371673458048,10.51399576114686,10.674883842468262,125773900.0
2016-07-01,10.610525644390737,10.674881322027046,10.473772035030343,10.538126945495605,88888100.0
2016-07-05,10.401373895098647,10.409417684554072,10.160042566499595,10.248530387878418,98246500.0
2016-07-06,10.071553320120032,10.393327867944203,10.015242198872524,10.345061302185059,94983300.0
2016-07-07,10.353107269088223,10.546172024102791,10.328974366504188,10.465728759765625,101100300.0
2016-07-08,10.682928296693992,10.715105761523713,10.546173879374859,10.594440460205078,92698900.0
2016-07-11,10.690971398862287,10.779459223301464,10.61857192106152,10.626616477966309,67267300.0
2016-07-12,10.787503372708471,10.940346879441135,10.779458816107564,10.892080307006836,89070600.0
2016-07-13,10.859904458008916,10.92425938601601,10.71510548640733,10.811637878417969,74595600.0
2016-07-14,11.044925727236144,11.085147752831658,10.972527001769816,10.980570793151855,97852100.0
2016-07-15,11.085147434363874,11.093191992686128,10.87599428818441,10.988615036010742,78652500.0
2016-07-18,11.133413047447611,11.447143122977748,11.117323932204403,11.350610733032227,187187100.0
2016-07-19,11.310390854474946,11.559766033695775,11.28625717867577,11.471278190612793,96940100.0
2016-07-20,11.543674435948533,11.608029352297939,11.471274963262674,11.583895683288574,79277900.0
2016-07-21,11.608029405740108,11.640206864062952,11.47127501607524,11.47931957244873,65376300.0
2016-07-22,11.471276715648752,11.58389745287893,11.4069217894683,11.567809104919434,46604800.0
2016-07-25,11.511493351542343,11.575848247619335,11.487359690135314,11.559759140014648,46420800.0
2016-07-26,11.519539958770094,11.704560905672574,11.51149617016908,11.688471794128418,60205600.0
2016-07-27,11.720650511085767,11.825227445861161,11.624118132947974,11.768917083740234,100986000.0
2016-07-28,11.720653501483685,11.817185904250676,11.63216565740678,11.809142112731934,72049500.0
2016-07-29,11.712605948266868,11.825226665072671,11.64825026658643,11.656294822692871,63276500.0
2016-08-01,11.680426594778384,11.744781498840167,11.4712727729921,11.527583122253418,61460900.0
2016-08-02,11.487366435302693,11.62412086155867,11.334523659166127,11.366701126098633,83776300.0
2016-08-03,11.350610759042393,11.648252487182617,11.342566968573598,11.648252487182617,65305400.0
2016-08-04,11.648252487182617,11.696519065851602,11.551720097015888,11.648252487182617,46176600.0
2016-08-05,11.865450607306768,12.114826516947874,11.865450607306768,12.106781959533691,120947800.0
2016-08-08,12.13091768784146,12.203317187076243,12.002207807944693,12.17113971710205,71960300.0
2016-08-09,12.15504833892185,12.219403266906738,12.122870874929406,12.219403266906738,49973300.0
2016-08-10,12.195267924443852,12.211357036811565,11.889581693997261,11.913715362548828,79080700.0
2016-08-11,11.92980495196653,12.04242644877308,11.865450030125983,11.970026969909668,68945400.0
2016-08-12,11.881541804656159,11.994162559509277,11.825230660058244,11.994162559509277,63031300.0
2016-08-15,12.042430061968675,12.090695884245111,12.026340943095587,12.08265209197998,48592100.0
2016-08-16,12.042426521935822,12.219402174486937,12.010249060820056,12.203313827514648,80307500.0
2016-08-17,12.195268944979606,12.259623865493653,12.130914024465557,12.187224388122559,93407300.0
2016-08-18,12.155048515960873,12.2596254672523,12.114827260762935,12.195270538330078,62804300.0
2016-08-19,12.171134619224487,12.267666988714499,12.106779706231148,12.243534088134766,59834800.0
2016-08-22,12.227443552139533,12.26766555986838,12.163088646641771,12.211355209350586,60877100.0
2016-08-23,12.275714527171228,12.396379826558132,12.275714527171228,12.348114013671875,67817900.0
2016-08-24,12.364203273419031,12.46878023194103,12.356158714954725,12.388336181640625,65484900.0
2016-08-25,12.40442350997185,12.500955896110511,12.388334395363133,12.492911338806152,67714400.0
2016-08-26,12.557265559477766,12.790552338037635,12.533132656087759,12.702064514160156,126886300.0
2016-08-29,12.718152826585026,12.879040117667309,12.694019157544346,12.74228572845459,120144900.0
2016-08-30,12.74228659660652,13.05601664379911,12.710109136197765,13.023839950561523,121280600.0
2016-08-31,13.10061214476055,13.1248581276117,12.83391327007046,13.044039726257324,127664300.0
2016-09-01,13.052123774522908,13.052123774522908,12.728851659715625,12.914732933044434,128812600.0
2016-09-02,12.882404606962552,12.97938623301377,12.785422980911335,12.930895805358887,100997300.0
2016-09-06,12.971307000248887,12.979388996826154,12.688444056719105,12.753098487854004,96542200.0
2016-09-07,12.704605266163128,12.809668886422218,12.648032073259651,12.688441276550293,63310300.0
2016-09-08,12.745016233360436,12.882406310377052,12.672279811518871,12.81775188446045,69292700.0
2016-09-09,12.858164581933542,13.052127912308162,12.720773696899414,12.720773696899414,135182500.0
2016-09-12,12.6480342558604,12.882406750500738,12.510643403408313,12.850079536437988,109724000.0
2016-09-13,12.664198751691824,12.817752831908603,12.567217105648343,12.704607963562012,89317600.0
2016-09-14,12.664200350226661,12.801591225482452,12.575300689484203,12.63187313079834,75528100.0
2016-09-15,12.639952704516354,12.728852348211504,12.591461499301642,12.66419792175293,67322600.0
2016-09-16,12.656116247606361,12.672280240002836,12.5106433990044,12.518725395202637,90926200.0
2016-09-19,12.56721730927486,12.753098607851298,12.56721730927486,12.599544525146484,66186400.0
2016-09-20,12.720771788686411,12.736935782497122,12.534890484313125,12.607626914978027,68210400.0
2016-09-21,12.696525301615285,12.793506942575963,12.437907592386807,12.64803409576416,95464600.0
2016-09-22,12.680362574901283,12.696526568711993,12.52680848740777,12.607626914978027,75611300.0
2016-09-23,12.551052836626004,12.664198473226314,12.52680761833365,12.54297161102295,51604400.0
2016-09-26,12.445992287803195,12.478319510469886,12.138884057840512,12.195456504821777,94972100.0
2016-09-27,12.130797613263242,12.397497295197136,11.969161559173232,12.357088088989258,81992600.0
2016-09-28,12.41366274276994,12.437908733290323,12.243944662835474,12.429826736450195,66076400.0
2016-09-29,12.42982760073426,12.526809257334296,12.17120984980083,12.25202751159668,78997700.0
2016-09-30,12.332843955327347,12.712688523071279,12.260107531921443,12.64803409576416,119428700.0
2016-10-03,12.599545911370019,12.712690793998288,12.52680947497087,12.63187313079834,69873100.0
2016-10-04,12.688441995334596,12.971304892910021,12.664196780283328,12.76926040649414,98501500.0
2016-10-05,12.89857159369521,13.116780110326461,12.89857159369521,13.01979923248291,86056900.0
2016-10-06,13.068291351202282,13.116781796357017,12.96322846311978,13.108699798583984,75886700.0
2016-10-07,13.084454086765966,13.13294452725126,12.914735232842474,13.035962104797363,99605400.0
2016-10-10,13.108695912632884,13.254168746456477,13.076369472607086,13.17335033416748,64158500.0
2016-10-11,13.141026100528979,13.197598536184927,12.947062803358616,13.01979923248291,77374000.0
2016-10-12,13.003637235918996,13.124864122581279,12.93898279360021,12.955146789550781,67165800.0
2016-10-13,13.003636799187126,13.003636799187126,12.607628160599225,12.793509483337402,78637000.0
2016-10-14,13.052122645237546,13.116777062605024,12.882404606962552,12.930895805358887,108865700.0
2016-10-17,13.068291138404632,13.09253713132892,12.85008182653635,12.971308708190918,101795500.0
2016-10-18,13.084455009093652,13.149109448125994,13.019800570061312,13.141027450561523,71433100.0
2016-10-19,13.173354358836322,13.359237226336083,13.157191904627037,13.310745239257812,97969000.0
2016-10-20,13.29457929466928,13.440050593261416,13.262251311771204,13.383478164672852,88081200.0
2016-10-21,13.302662726558502,13.472381591796875,13.254172282840429,13.472381591796875,77954900.0
2016-10-24,13.537032915695647,13.577441352582113,13.423888059227098,13.553196907043457,68244800.0
2016-10-25,13.504707728910185,13.593608158245335,13.480463278352145,13.512789726257324,49350300.0
2016-10-26,13.448135091054043,13.634017944335938,13.431972638080998,13.634017944335938,58730400.0
2016-10-27,13.698668808424404,13.819895652267913,13.625932393821708,13.666340827941895,97937300.0
2016-10-28,13.698673296935024,13.722917748757897,13.334991104757348,13.480463981628418,115123600.0
2016-10-31,13.48046337169283,13.52087181722494,13.334990501403809,13.334990501403809,70387600.0
2016-11-01,13.383480129276064,13.537034987616588,13.197598824775229,13.423890113830566,88587100.0
2016-11-02,13.302660775370123,13.383479197368352,13.157189465553133,13.318824768066406,119202000.0
2016-11-03,13.318824768066406,13.472379615714722,13.294580320505167,13.318824768066406,69690400.0
2016-11-04,13.359232372829643,13.504703656763262,13.213759547413114,13.375394821166992,82437400.0
2016-11-07,13.625936888749145,13.771409765943165,13.617854890962425,13.747163772583008,91581900.0
2016-11-08,13.593606622555372,13.82797989469477,13.504706203263435,13.739079475402832,95842800.0
2016-11-09,14.272481166460874,14.587671369846083,14.062353850376255,14.523016929626465,319516900.0
2016-11-10,14.75738748136521,15.34735933081575,14.749305485162484,15.161478042602539,304986400.0
2016-11-11,15.064493368412405,15.379685007074547,15.05641137342282,15.371603012084961,212952500.0
2016-11-14,15.68679762544001,16.325261540082547,15.678715628123644,16.22827911376953,320959900.0
2016-11-15,15.99390633618265,16.3090965039765,15.84035147994422,16.292932510375977,190293100.0
2016-11-16,15.985822449326095,16.13129375008144,15.905004032362175,15.961576461791992,126734500.0
2016-11-17,15.969661365579318,16.341423993231906,15.921170923164496,16.22827911376953,167979200.0
2016-11-18,16.212116162699203,16.276770603908517,16.058562828254253,16.163625717163086,120620200.0
2016-11-21,16.244437581810647,16.44648282153097,16.1717011721927,16.43031883239746,117479100.0
2016-11-22,16.43031477959949,16.5434595926594,16.260597560009632,16.406068801879883,104771800.0
2016-11-23,16.50305844517575,16.697021727976615,16.325259154645746,16.61620330810547,110801300.0
2016-11-25,16.664698333329472,16.87482410535558,16.56771590344683,16.858661651611328,62610400.0
2016-11-28,16.70509636115852,16.85056914451124,16.365660380496337,16.406068801879883,108651200.0
2016-11-29,16.470733706400356,16.60004412856633,16.365670818902096,16.397998809814453,114216800.0
2016-11-30,16.84820123138743,17.188896736762512,16.807641321698522,17.13211441040039,191699600.0
2016-12-01,17.375468618491816,17.797282418832257,17.310574306685783,17.44036293029785,199233900.0
2016-12-02,17.43225089365428,17.440362876005086,17.050997006381,17.221343994140625,128468700.0
2016-12-05,17.416030234809963,17.740503401622966,17.407918250919362,17.716167449951172,130377300.0
2016-12-06,17.91895620500788,17.975738525390625,17.618819093724852,17.975738525390625,120789200.0
2016-12-07,18.000073471064404,18.308320999145508,17.80539057745495,18.308320999145508,168005200.0
2016-12-08,18.48678660932898,18.851816555952713,18.40566832767842,18.616575241088867,182693900.0
2016-12-09,18.616574119538924,18.79503309065693,18.47867351320151,18.730138778686523,130590400.0
2016-12-12,18.657128320946114,18.859923193999876,18.283986497184195,18.340768814086914,136986000.0
2016-12-13,18.494891803622263,18.559786101111385,18.081191624130433,18.340768814086914,118204100.0
2016-12-14,18.097417279245523,18.900484934699016,18.016299006055778,18.389442443847656,225340900.0
2016-12-15,18.576013653076334,18.973491495430963,18.494895378734032,18.78692054748535,162025800.0
2016-12-16,18.78692030948319,18.91670892790568,18.3732185080606,18.381330490112305,147497700.0
2016-12-19,18.332661381557113,18.430002078338504,18.113642492995265,18.235319137573242,97508900.0
2016-12-20,18.356994043996608,18.51923058620733,18.3407716275374,18.42188835144043,83879500.0
2016-12-21,18.42999900557283,18.42999900557283,18.22720411601995,18.356992721557617,61079100.0
2016-12-22,18.332657383063406,18.43811003944362,18.227203179481048,18.283987045288086,67123500.0
2016-12-23,18.25965628142806,18.37322095084598,18.194761963588885,18.33266258239746,38187800.0
2016-12-27,18.42188552554674,18.44622146730595,18.283986497184195,18.340768814086914,39988600.0
2016-12-28,18.34888458285759,18.3894429469609,18.056859410265997,18.1136417388916,52652900.0
2016-12-29,18.11363834868015,18.162308685935304,17.65937825749378,17.845949172973633,79188400.0
2016-12-30,17.86217250651895,18.056855395897646,17.805390190517087,17.927066802978516,72605900.0
2017-01-03,18.332663150065848,18.39755746991447,18.00819155082274,18.275880813598633,99298100.0
2017-01-04,18.430002729131814,18.624685676771644,18.332662028913166,18.616575241088867,76875100.0
2017-01-05,18.511117132430176,18.600347378270992,18.129863299914128,18.397552490234375,86826400.0
2017-01-06,18.478670754889464,18.535453075987366,18.300210263207827,18.397552490234375,66281500.0
2017-01-09,18.25964690831474,18.42188184603232,18.170416686888906,18.29209327697754,75901500.0
2017-01-10,18.324544439989616,18.770692531773573,18.283986085173645,18.608457565307617,100977700.0
2017-01-11,18.60846219414182,18.71391487121582,18.43000167527473,18.71391487121582,92385600.0
2017-01-12,18.665241849314988,18.754472095962573,18.340770334963153,18.592235565185547,120474200.0
2017-01-13,18.827478143673442,18.989714685745504,18.49489462490781,18.66524314880371,161930900.0
2017-01-17,18.397552938384543,18.48678318639894,17.854062563319314,17.88650894165039,152495900.0
2017-01-18,18.089303529235906,18.37321668405038,17.927068545914935,18.356992721557617,124366000.0
2017-01-19,18.438115839618874,18.503010159467493,18.178538560224386,18.275880813598633,75990800.0
2017-01-20,18.381328637761428,18.60034748947898,18.267763994886646,18.36510467529297,102564900.0
2017-01-23,18.348882841707123,18.46244748818203,18.18664630628388,18.30021095275879,61385600.0
2017-01-24,18.340774011798477,18.738251889963447,18.235319781491985,18.616575241088867,98508700.0
2017-01-25,18.91670975654388,18.99782803341188,18.73825078519623,18.9572696685791,99753300.0
2017-01-26,18.98971739578205,19.103282063117994,18.884264711427612,19.014053344726562,84146400.0
2017-01-27,19.005938131512412,19.02216209471801,18.88426150187502,18.949155807495117,54590200.0
2017-01-30,18.819370171614008,18.819370171614008,18.421890746246504,18.616575241088867,91561200.0
2017-01-31,18.470558884135738,18.681465754619058,18.251540032418188,18.36510467529297,91044300.0
2017-02-01,18.632792093123676,18.835586963063996,18.5111154805999,18.56789779663086,103630900.0
2017-02-02,18.44621854172956,18.486778438228757,18.25964765943881,18.429994583129883,88679100.0
2017-02-03,18.77880215247244,18.941038645754162,18.616567206392585,18.89236831665039,116035100.0
2017-02-06,18.778807129944923,18.96537806362971,18.713912824871855,18.754472732543945,92228400.0
2017-02-07,18.884258818665156,18.892370799115344,18.54356337576752,18.57600975036621,87982900.0
2017-02-08,18.438112788880552,18.438112788880552,18.210983480592116,18.389442443847656,102264500.0
2017-02-09,18.462447586114003,18.778807129944923,18.365105354903264,18.754472732543945,102634200.0
2017-02-10,18.811255167808827,18.851813528519532,18.624682685813653,18.72202491760254,90548300.0
2017-02-13,18.79502889586471,19.095165988742885,18.79502889586471,18.981599807739258,105342500.0
2017-02-14,18.98160455720008,19.60621329379847,18.924822226091585,19.516983032226562,139711400.0
2017-02-15,19.744108388237116,20.09291580726513,19.557537481799542,19.938791275024414,151233300.0
2017-02-16,19.906344900827555,19.971239196423323,19.711660466838207,19.938791275024414,98144500.0
2017-02-17,19.695438568085557,19.93879179612926,19.630544270793763,19.890121459960938,85789200.0
2017-02-21,19.94690390512167,20.117250856408642,19.9387919245077,20.101028442382812,78571500.0
2017-02-22,19.96312783966615,20.23892899136393,19.90634552264639,20.109140396118164,81531900.0
2017-02-23,20.10913976796458,20.190256477057755,19.882008959778375,19.938791275024414,85846000.0
2017-02-24,19.565649924780292,19.75222083562935,19.484531666567026,19.654878616333008,97074400.0
2017-02-27,19.630543783958625,20.003685597332044,19.622431803598065,19.930679321289062,69129100.0
2017-02-28,19.85767996508192,20.03614050079854,19.809009613160384,20.019916534423828,90242000.0
2017-03-01,20.642352901471895,20.837629204499535,20.52030385415128,20.748126983642578,143947500.0
2017-03-02,20.894584512068043,20.99222188721709,20.504031907635653,20.528440475463867,99824600.0
2017-03-03,20.585401744689722,20.87018034866671,20.585401744689722,20.69931411743164,92456100.0
2017-03-06,20.60980990179166,20.6260833180451,20.406396854378826,20.54471778869629,75660400.0
2017-03-07,20.520301775371713,20.634214104536692,20.42266440970796,20.512165069580078,64053700.0
2017-03-08,20.829500273195723,20.96782123346302,20.520311514048274,20.552858352661133,105314600.0
2017-03-09,20.626081466674805,20.77253909597314,20.528442529836497,20.626081466674805,78984600.0
2017-03-10,20.845771602506492,20.845771602506492,20.41453534563389,20.593538284301758,86998800.0
2017-03-13,20.585403442382812,20.674905695793093,20.44708248343905,20.585403442382812,56886200.0
2017-03-14,20.495899024756397,20.61794654242087,20.381986663273622,20.601673126220703,63182700.0
2017-03-15,20.658632513151826,20.78881676401064,20.308761756999257,20.48776626586914,114662700.0
2017-03-16,20.536579048187882,20.739992075470152,20.495897063498724,20.520305633544922,70306200.0
2017-03-17,20.52030590450512,20.56098944164972,20.202982074368514,20.227392196655273,105222400.0
2017-03-20,19.99956906444268,20.146026694473505,19.869384849286007,19.885658264160156,87287500.0
2017-03-21,19.934479095807394,19.983297793749763,18.67331879418695,18.730274200439453,259545800.0
2017-03-22,18.42922034482135,18.860456530322462,18.26649085076079,18.665180206298828,167984400.0
2017-03-23,18.746547466612625,19.112690026119623,18.640771811348213,18.77095603942871,111666800.0
2017-03-24,18.876729986568137,18.998777495359917,18.518722615783073,18.81163787841797,113499100.0
2017-03-27,18.12816810191209,18.754678996434603,18.030529173772493,18.738407135009766,119513500.0
2017-03-28,18.72213724856558,19.259147574700737,18.7140005403613,19.10455322265625,95761700.0
2017-03-29,19.128963525519755,19.24287433760431,18.9662324637546,18.998779296875,67204500.0
2017-03-30,19.023187868589783,19.511379501935842,18.98250587911029,19.421878814697266,79189200.0
2017-03-31,19.389331899377844,19.503242710972245,19.194055557250977,19.194055557250977,77158300.0
2017-04-03,19.24287425480309,19.324239785335553,18.779092748261984,19.194055557250977,88076600.0
2017-04-04,18.8767261263712,19.12895779988319,18.8767261263712,19.072002410888672,75244400.0
2017-04-05,19.340517170916968,19.43001787614358,18.836052019623292,18.852325439453125,97453300.0
2017-04-06,18.85232353823353,19.088281894295235,18.681455751089434,18.925552368164062,82975200.0
2017-04-07,18.73840887542245,18.99064059799289,18.657043353068623,18.84418296813965,79519400.0
2017-04-10,18.819774888014056,18.94182396074762,18.64077196094642,18.730274200439453,63254700.0
2017-04-11,18.575679792452146,18.673318739971833,18.37226674104469,18.648908615112305,94206700.0
2017-04-12,18.616363668076655,18.665183922741914,18.3966787297573,18.429224014282227,76556300.0
2017-04-13,18.355993436675313,18.68145401053298,18.176990509033203,18.176990509033203,88061800.0
2017-04-17,18.1932674604569,18.575683515049082,18.11190191320445,18.559410095214844,85053200.0
2017-04-18,18.803500875395994,18.836046153000463,18.20953365195236,18.478038787841797,146488400.0
2017-04-19,18.64890474320854,18.836044339188874,18.45362844063105,18.5024471282959,101771800.0
2017-04-20,18.681453800653966,18.852321569958626,18.56754298906313,18.77095603942871,103802600.0
2017-04-21,18.7384087682688,18.779090753253953,18.380401403110138,18.478038787841797,127235400.0
2017-04-24,18.90926928468845,19.405597422320223,18.90926928468845,19.226593017578125,138638900.0
2017-04-25,19.519514041970478,19.81242929982451,19.45442193488272,19.511377334594727,131531100.0
2017-04-26,19.527648811519782,19.68224313248138,19.413738023399706,19.438146591186523,95172200.0
2017-04-27,19.446285267213543,19.470695389390638,19.088277901540753,19.24287223815918,80024200.0
2017-04-28,19.177784108034782,19.299831640394014,18.974371036796537,18.990644454956055,69384900.0
2017-05-01,19.13710213326392,19.34051520470103,18.998781182609942,19.210330963134766,72382900.0
2017-05-02,19.210334824908372,19.2591535373299,18.98251158040976,19.14524269104004,60262600.0
2017-05-03,19.01505265869516,19.348649937626792,18.990642533925133,19.340513229370117,64272800.0
2017-05-04,19.511379419513027,19.56833482531109,19.30796636913799,19.40560531616211,68133400.0
2017-05-05,19.51137932272856,19.519516030933406,19.2021921705363,19.316102981567383,56678800.0
2017-05-08,19.324241418920963,19.576473188167583,19.324241418920963,19.495107650756836,56016500.0
2017-05-09,19.552060871473483,19.779882470321507,19.421876657297965,19.511377334594727,61622000.0
2017-05-10,19.454421936170096,19.665971672198868,19.421876658583187,19.64969825744629,48495300.0
2017-05-11,19.609020112260346,19.714794225027966,19.397470334806552,19.584609985351562,68350800.0
2017-05-12,19.462558725762847,19.527650833129883,19.324237803618114,19.527650833129883,62589000.0
2017-05-15,19.576475143432617,19.641567269478795,19.51138301738644,19.576475143432617,50688800.0
2017-05-16,19.58460619108976,19.66597171310364,19.47883209881449,19.519514083862305,55774800.0
2017-05-17,19.015052715349313,19.080144829678243,18.274627780969915,18.3641300201416,190353300.0
2017-05-18,18.396673046369045,18.713996844067704,18.30717082571841,18.5024471282959,108444100.0
2017-05-19,18.640773625564965,18.958097518404983,18.60822834133657,18.754684448242188,89566700.0
2017-05-22,18.868593300556807,18.909275286227658,18.567541330070366,18.746545791625977,74839400.0
2017-05-23,18.738416285029395,19.1208323738149,18.583821886618715,19.031330108642578,79020000.0
2017-05-24,19.07200433284404,19.09641290091974,18.89299989005896,19.006912231445312,58823200.0
2017-05-25,19.047594098869013,19.185915007503354,18.892999777002842,18.917409896850586,60443500.0
2017-05-26,18.901140254041238,19.05573460674608,18.85232155652544,18.909276962280273,50399500.0
2017-05-30,18.81976901500577,18.884861109255382,18.616356026485995,18.640766143798828,61307900.0
2017-05-31,18.595875482031555,18.612200791168057,18.032611055907424,18.293834686279297,138636300.0
2017-06-01,18.35098032298646,18.481592160679067,18.204041616328297,18.47342872619629,69725100.0
2017-06-02,18.17954981292328,18.44077344438257,18.089753605728273,18.326488494873047,79722300.0
2017-06-05,18.31832498550753,18.530569574438587,18.27750782012714,18.293834686279297,51590300.0
2017-06-06,18.122405714835136,18.293833123743635,18.016282650926097,18.146894454956055,71735600.0
2017-06-07,18.20404002768733,18.46526523729171,18.179551283392016,18.448938369750977,66429700.0
2017-06-08,18.46526042537347,18.946890436189396,18.4489335620874,18.750972747802734,93685900.0
2017-06-09,18.955056268713186,19.322402954101562,18.946892836036156,19.322402954101562,108254300.0
2017-06-12,19.444849283292392,19.624441669250405,19.371379953948736,19.41219711303711,85829900.0
2017-06-13,19.55097424121422,19.68158604896802,19.314239366525733,19.404035568237305,68047300.0
2017-06-14,19.224445035940626,19.436689633452332,18.93873265180537,19.3958740234375,102352400.0
2017-06-15,19.224447583038188,19.550978734482683,19.159141664152475,19.216285705566406,69707500.0
2017-06-16,19.232605420662317,19.281586013334746,19.07750488157937,19.126483917236328,57745800.0
2017-06-19,19.273423338693142,19.591789418498777,19.265259906260237,19.518320083618164,58587800.0
2017-06-20,19.51832102374546,19.58362692933872,19.167301197300844,19.175464630126953,59693500.0
2017-06-21,19.18362102853181,19.240763480345457,18.832601330802227,18.881580352783203,72432800.0
2017-06-22,18.873422935967753,18.938728833032744,18.69383055127747,18.718320846557617,64763300.0
2017-06-23,18.865259631870668,18.865259631870668,18.563218882766513,18.628524780273438,85399600.0
2017-06-26,18.701993901412706,18.889748160028184,18.555055244403935,18.685667037963867,61307800.0
2017-06-27,18.857099156322004,19.265261468982583,18.775466382386753,18.995874404907227,88257800.0
2017-06-28,19.208117377965724,19.559135629422414,19.208117377965724,19.49382972717285,119049300.0
2017-06-29,20.065256647084933,20.138725978474604,19.62444221576237,19.853012084960938,150501200.0
2017-06-30,20.097904801429532,20.097904801429532,19.730558246358928,19.804027557373047,84005200.0
2017-07-03,19.96729634799107,20.334642992584286,19.950971041465575,20.146888732910156,58129700.0
2017-07-05,20.2448481390666,20.367298066706464,20.09791102852668,20.34280776977539,76172500.0
2017-07-06,20.326479269390855,20.497908220081694,20.155051875715397,20.171377182006836,84465400.0
2017-07-07,20.342802199402147,20.408108082987102,20.12239425842227,20.269332885742188,54478800.0
2017-07-10,20.179540284170155,20.399948264167264,20.11423438902457,20.318315505981445,54632800.0
2017-07-11,20.31015867388882,20.334648976406868,19.967302223715507,20.081588745117188,69410600.0
2017-07-12,19.934644908879267,20.081583572104435,19.836685281057335,19.87750244140625,68708700.0
2017-07-13,19.942811621258382,20.106075618462263,19.89383257779879,20.09791374206543,55533400.0
2017-07-14,19.755052237032917,19.853010298728606,19.444848075294168,19.763214111328125,92625400.0
2017-07-17,19.77138781932211,19.77138781932211,19.534654416329875,19.608123779296875,81522000.0
2017-07-18,19.518323880187793,19.64077227646812,19.273427087627137,19.510160446166992,107981400.0
2017-07-19,19.632610338550467,19.755060301177927,19.43669257816886,19.64077377319336,74140100.0
2017-07-20,19.608116342708833,19.689749110269414,19.453014240045285,19.542810440063477,62793500.0
2017-07-21,19.461177747289916,19.559135823126624,19.31423907651931,19.428524017333984,65922500.0
2017-07-24,19.379544846289843,19.616279715797493,19.371381413856938,19.518320083618164,51382700.0
2017-07-25,19.79586546335405,20.13872175221646,19.787702033022192,19.983619689941406,86154700.0
2017-07-26,20.138724166535773,20.138724166535773,19.706071649169754,19.763214111328125,65704700.0
2017-07-27,19.804035601661322,19.95913771647219,19.616281311478282,19.68158721923828,62902100.0
2017-07-28,19.632604909806396,19.76321671394445,19.559135575351803,19.61627960205078,50143400.0
2017-07-31,19.68975067138672,19.836687796227142,19.66526037207215,19.68975067138672,62272000.0
2017-08-01,19.82852325743502,19.991787226561012,19.812196393417786,19.959135055541992,52782500.0
2017-08-02,19.95097120737863,20.07341957092285,19.804032548319395,20.07341957092285,55317100.0
2017-08-03,20.040764530773,20.081581687290907,19.85301028183659,19.893827438354492,53210600.0
2017-08-04,20.146887931950456,20.473417404709917,20.122397637612742,20.383621215820312,105206600.0
2017-08-07,20.416273009690393,20.44892517536892,20.326476829297857,20.375455856323242,41860900.0
2017-08-08,20.367296115771897,20.693825591831203,20.261173062918022,20.326478958129883,73399300.0
2017-08-09,20.08158450554252,20.220359743148492,19.967298008268724,20.19586944580078,56910400.0
2017-08-10,20.065259252116128,20.065259252116128,19.66526037207215,19.68975067138672,78023700.0
2017-08-11,19.64893791489215,19.787713194783198,19.428529842650605,19.477510452270508,68157400.0
2017-08-14,19.7795407129255,19.99178525315233,19.730561682724016,19.934642791748047,54989500.0
2017-08-15,20.20402954496366,20.28566229897263,19.95913283995203,19.9754581451416,45143200.0
2017-08-16,20.03260685654433,20.097912763649777,19.657096722926298,19.74689292907715,59188900.0
2017-08-17,19.648932416628046,19.73056518613565,19.281587289367188,19.29791259765625,78969300.0
2017-08-18,19.23260510149977,19.51015556064241,19.14281046378806,19.281585693359375,60461200.0
2017-08-21,19.248936031177173,19.297915076366593,18.889752733417954,19.085670471191406,70124800.0
2017-08-22,19.265258208070566,19.50199149969517,19.240767912930615,19.453012466430664,59228600.0
2017-08-23,19.273425636377286,19.567301453918652,19.257098769565065,19.3958740234375,39825500.0
2017-08-24,19.534647161609907,19.54281059413188,19.330566019607325,19.461177825927734,39178700.0
2017-08-25,19.50199364554487,19.648932318521783,19.38770870301419,19.404035568237305,43511900.0
2017-08-28,19.461181775320096,19.51016082337602,19.240773723544642,19.363222122192383,37155000.0
2017-08-29,18.955056441130417,19.34689342811407,18.873425227648763,19.248933792114258,60897200.0
2017-08-30,19.47046371898768,19.724819833944867,19.330978662874845,19.58533477783203,58412900.0
2017-08-31,19.71661283908548,19.724818025749293,19.511487867428254,19.601741790771484,62362400.0
2017-09-01,19.609950805356437,19.839691381851146,19.52790048768121,19.765846252441406,56233900.0
2017-09-05,19.552516816127394,19.552516816127394,19.060216455828222,19.125856399536133,108605400.0
2017-09-06,19.273544752872585,19.347389877843632,19.043804190187156,19.207904815673828,64188900.0
2017-09-07,19.183288636774726,19.207904199301687,18.666374343544472,18.84688377380371,103501200.0
2017-09-08,18.81406693943942,19.06021633554579,18.748426996145742,18.781246185302734,68365000.0
2017-09-11,19.05201238665499,19.207907848988395,18.937142869661844,19.16688346862793,73741000.0
2017-09-12,19.24893539746904,19.716621861444267,19.240731772030575,19.650981903076172,99658500.0
2017-09-13,19.62636736934218,19.979182751089315,19.585342980060943,19.962772369384766,86339800.0
2017-09-14,20.003791247998084,20.135072700488777,19.856102548283005,19.8889217376709,70051000.0
2017-09-15,19.864304835017926,20.028405465852458,19.815075271759405,20.0037899017334,85937600.0
2017-09-18,20.036609238536567,20.323784539721572,20.028404051076482,20.26634979248047,68076400.0
2017-09-19,20.266352710571976,20.504296921257353,20.20071276641949,20.397632598876953,56218100.0
2017-09-20,20.414042968991225,20.70942352270799,20.24173868930967,20.56173324584961,82289900.0
2017-09-21,20.553526153380194,20.742242359102306,20.446861832736992,20.643781661987305,57864000.0
2017-09-22,20.52071021546558,20.56993978933278,20.38943030849977,20.528915405273438,61446000.0
2017-09-25,20.463274462178422,20.57814398397339,20.167893903300094,20.315584182739258,62361700.0
2017-09-26,20.373019723933044,20.47968406040226,20.25815019773852,20.356609344482422,53012700.0
2017-09-27,20.766860947175736,21.037625967831065,20.660196602969712,20.84891128540039,92877400.0
2017-09-28,20.99659480875462,21.03761918214451,20.791469811846095,20.881725311279297,64991400.0
2017-09-29,20.84890432205517,20.906339070135733,20.766854011234578,20.79146957397461,66232600.0
2017-10-02,20.889937760269124,21.045833261981933,20.832502987264455,21.02121925354004,54001400.0
2017-10-03,21.127880310262036,21.275570597779105,21.02121597204412,21.218135833740234,55946900.0
2017-10-04,21.218134717605466,21.291979857479536,21.08685481671376,21.09505844116211,53402800.0
2017-10-05,21.14428777866288,21.521717070367878,21.0540322676118,21.439666748046875,62636900.0
2017-10-06,21.53812699813151,21.579151375945596,21.365822733336714,21.505306243896484,53900600.0
2017-10-09,21.54632956292136,21.554534750480943,21.13607957481923,21.209924697875977,55172500.0
2017-10-10,21.19351768479047,21.291978386145278,21.09505698343566,21.27556800842285,46133800.0
2017-10-11,21.275569923302367,21.275569923302367,21.045829309450152,21.193519592285156,51652300.0
2017-10-12,21.226335368684794,21.27556492974857,20.791469811846095,20.881725311279297,71770000.0
2017-10-13,20.82429388519765,21.333004685520446,20.610965215524754,21.193519592285156,104196900.0
2017-10-16,21.226338324047187,21.603767619718518,21.226338324047187,21.529922485351562,71927200.0
2017-10-17,21.636591653175223,21.685821228552122,21.42326140656868,21.497106552124023,48644400.0
2017-10-18,21.611975261093384,21.784279550849792,21.60377007134595,21.726844787597656,55382500.0
2017-10-19,21.49710572570978,21.81710030082803,21.456079776989537,21.808895111083984,54542700.0
2017-10-20,22.18632160064481,22.301191104249398,22.07145053206061,22.292985916137695,83764700.0
2017-10-23,22.33401006551132,22.50631588415265,22.22734575109876,22.284780502319336,69607700.0
2017-10-24,22.44068174705204,22.84272667452638,22.432476556901953,22.71144676208496,90346500.0
2017-10-25,22.883748006134876,22.908363573299845,22.432473562969008,22.67041778564453,81265300.0
2017-10-26,22.719649142252702,22.957593367256155,22.71144395311744,22.76067352294922,55342500.0
2017-10-27,22.711444954505936,22.941184000503736,22.662215382503536,22.809904098510742,58856700.0
2017-10-30,22.686820188016256,22.77707567091129,22.530924780737354,22.645795822143555,51357600.0
2017-10-31,22.678622417139373,22.74426236298572,22.432473011460512,22.47349739074707,50311200.0
2017-11-01,22.678627150467673,22.75247230057974,22.448888074545767,22.5883731842041,46527700.0
2017-11-02,22.571957647559664,22.924772936404175,22.38324300258972,22.867338180541992,59692000.0
2017-11-03,22.752467883024327,22.826313018798828,22.66221393428421,22.826313018798828,37816100.0
2017-11-06,22.760671840890062,22.82631178414145,22.662212708502825,22.768877029418945,37261000.0
2017-11-07,22.7606689673579,22.785284529836844,22.169909552678714,22.301189422607422,68342100.0
2017-11-08,22.12067894553642,22.12067894553642,21.735044514216085,21.9811954498291,83128200.0
2017-11-09,21.735048294067383,21.8745333790115,21.431464121823005,21.735048294067383,95448600.0
2017-11-10,21.817095244767394,21.940169932445997,21.710429367794262,21.751455307006836,61105300.0
2017-11-13,21.54633007111766,21.726839506747506,21.44786938305985,21.66119956970215,55902200.0
2017-11-14,21.546332862984162,21.620177997351117,21.39864259425025,21.529922485351562,61596800.0
2017-11-15,21.324794519840594,22.09606494746079,21.17710427146869,21.9811954498291,98274900.0
2017-11-16,22.07966156204817,22.194531096045143,21.940176457203265,21.956586837768555,54565200.0
2017-11-17,21.751455542048138,21.93196498159533,21.694020791509466,21.841711044311523,48420700.0
2017-11-20,21.940170288085938,22.022220602861523,21.776071223514354,21.940170288085938,46328800.0
2017-11-21,21.989405361555797,22.03863650174634,21.899151401166428,21.931970596313477,57749100.0
2017-11-22,21.964792042470542,22.07145638625489,21.817101747246035,21.874536514282227,38103200.0
2017-11-24,21.923762946036916,21.94017332425889,21.800688239331738,21.81709861755371,14273600.0
2017-11-27,21.759663858756614,22.087863598297027,21.75145866964563,21.81709861755371,44828600.0
2017-11-28,21.841712415335067,22.72785242279161,21.80068647310394,22.678621292114258,99765000.0
2017-11-29,22.99041277093292,23.376047247718976,22.842722505148554,23.20374298095703,119728400.0
2017-11-30,23.582779863007516,23.665178253387772,23.137821011041076,23.21198081970215,122131900.0
2017-12-01,23.27789792603329,23.49213717518928,22.659900635961613,23.154298782348633,137774800.0
2017-12-04,23.77229500179916,24.15133256824804,23.7475745455162,23.94533348083496,145661700.0
2017-12-05,23.97830391069395,24.14310230513663,23.772304738903877,23.838224411010742,91349800.0
2017-12-06,23.673422057646754,23.87118105402496,23.541582726727952,23.599262237548828,74593800.0
2017-12-07,23.805261054010955,23.871180718543933,23.37678402037098,23.714622497558594,80706100.0
2017-12-08,23.912380565824268,23.970060073602514,23.698141271470273,23.93709945678711,60991300.0
2017-12-11,23.920618243566903,24.03597724718047,23.813497821655545,23.846458435058594,54001900.0
2017-12-12,24.15958023071289,24.30789987122144,23.821741748065108,24.15958023071289,76017200.0
2017-12-13,24.151334915608025,24.25845533159732,23.755817006528616,23.764057159423828,79980600.0
2017-12-14,23.945338744687234,24.044219019907406,23.656939644581104,23.673419952392578,60615800.0
2017-12-15,23.821741181710884,24.04422063718433,23.681661699188577,23.928861618041992,129859400.0
2017-12-18,24.13485986162539,24.307898383864917,24.118379553321997,24.291418075561523,70548600.0
2017-12-19,24.390301838615418,24.423260888282684,24.200782980994074,24.26670265197754,67984100.0
2017-12-20,24.522137676862926,24.5880573384278,24.266699184755137,24.291418075561523,81271200.0
2017-12-21,24.382058241276546,24.703416395498753,24.37381808711076,24.571577072143555,72953200.0
2017-12-22,24.703411688316834,24.744612451295055,24.40677405311565,24.62101173400879,54203000.0
2017-12-26,24.505659375810605,24.67045932904585,24.37382004188194,24.538619995117188,42371200.0
2017-12-27,24.439736039125652,24.49741554260254,24.39029668923812,24.49741554260254,35111800.0
2017-12-28,24.497412361922226,24.571572162949106,24.439732865934296,24.555091857910156,37914900.0
2017-12-29,24.596290056089376,24.621008939422207,24.324371337890625,24.324371337890625,40672000.0
2018-01-02,24.513901573537126,24.637500762939453,24.39854253964815,24.637500762939453,57121600.0
2018-01-03,24.637491811456513,24.67045242153441,24.46445332349272,24.555091857910156,57865700.0
2018-01-04,24.69517696072469,25.082456359554985,24.621017142720966,24.87645721435547,76512500.0
2018-01-05,25.02477236403363,25.065971557028025,24.761092185264697,24.991811752319336,56445200.0
2018-01-08,24.9094213801929,24.942382004590925,24.76110171369994,24.818782806396484,42914800.0
2018-01-09,24.884695677832756,25.164854621999048,24.8270146009114,24.94237518310547,69479100.0
2018-01-10,25.024777634121083,25.32141534377772,24.97533670613764,25.173095703125,63532800.0
2018-01-11,25.263734817504883,25.28845528050316,25.09069629146315,25.263734817504883,59318300.0
2018-01-12,25.445010854385252,25.70869105069348,25.354372309438855,25.700450897216797,66371600.0
2018-01-16,26.15365561568568,26.194856394535645,25.56861870085725,25.741657257080078,104467900.0
2018-01-17,25.543887736812806,25.782847441000012,25.000050252664145,25.69220733642578,124382900.0
2018-01-18,25.815813892721906,26.128931914989067,25.716933607367174,25.93941307067871,76463800.0
2018-01-19,26.02180987513019,26.1536491917694,25.922929601826468,26.137168884277344,66491000.0
2018-01-22,26.095971476284713,26.318450927734375,26.021811659134826,26.318450927734375,53848800.0
2018-01-23,26.25252446474153,26.475003858562673,26.194844971154197,26.301963806152344,56531400.0
2018-01-24,26.37612589208214,26.54092581643124,26.219567692763906,26.442047119140625,81585000.0
2018-01-25,26.565647848226728,26.573886429960485,26.31020780832077,26.442047119140625,62265800.0
2018-01-26,26.45852832954412,26.53268814086914,26.32668901422155,26.53268814086914,52699900.0
2018-01-29,26.573889125961593,26.738689067030144,26.516209618082215,26.598608016967773,59126500.0
2018-01-30,26.326691625189962,26.532690772267664,26.244291652029126,26.269010543823242,60555800.0
2018-01-31,26.409094333818075,26.606854930316786,26.326695918867472,26.367895126342773,65734100.0
2018-02-01,26.367887995793268,26.77988624572754,26.334927381407198,26.77988624572754,62367400.0
2018-02-02,26.730451100464315,26.91996995919249,26.25253466177977,26.32669448852539,96971900.0
2018-02-05,25.64277296286183,26.35140891706327,24.019498776591103,24.93413543701172,155908300.0
2018-02-06,24.233737996896682,25.782852364627608,24.14309787501334,25.70869255065918,165878400.0
2018-02-07,25.642770525509725,26.153647450562335,25.42853125732206,25.749889373779297,101180500.0
2018-02-08,25.79932751135043,25.857007009378815,24.497413228536683,24.505653381347656,128981300.0
2018-02-09,24.859972448759105,25.222531319373974,24.003015403969137,24.991811752319336,143071100.0
2018-02-12,25.23077816345877,25.906455166305374,25.16485849419688,25.642776489257812,95055100.0
2018-02-13,25.576848346348296,25.873485973925877,25.346128794544963,25.69220733642578,76727300.0
2018-02-14,25.68397790936922,26.392614022168345,25.593337766944728,26.367895126342773,97251500.0
2018-02-15,26.689249434125735,26.75517067106431,26.260772395566537,26.540929794311523,68117400.0
2018-02-16,26.36789062927412,26.582128357586072,26.301970965566888,26.343170166015625,62137800.0
2018-02-20,26.334926255027053,26.49972617661149,26.161887751847075,26.31020736694336,58573900.0
2018-02-21,26.203087815758654,26.672765564713693,26.17836892685486,26.26076889038086,72210300.0
2018-02-22,26.359651819291305,26.483250998590275,26.03005348394443,26.11245346069336,64749700.0
2018-02-23,26.203089812182817,26.417330676662665,26.170130767250402,26.392608642578125,53626300.0
2018-02-26,26.507974804792973,26.730454311757665,26.40909607168586,26.713973999023438,61796300.0
2018-02-27,26.631563115928515,27.068280197471996,26.631563115928515,26.63980484008789,69235500.0
2018-02-28,26.77164428530093,27.002362270293297,26.44204446962887,26.45028305053711,72044000.0
2018-03-01,26.524727402681943,26.75631116833854,25.937495336857186,26.036745071411133,90547100.0
2018-03-02,25.738994816435074,26.210435009070093,25.33372006315804,26.160808563232422,82739100.0
2018-03-05,25.929222718051285,26.75630957439818,25.780346547543207,26.574352264404297,70543100.0
2018-03-06,26.714955494617847,26.731497641727728,26.425475807924823,26.557809829711914,50832600.0
2018-03-07,26.21870342888187,26.65705927991074,26.11945212480128,26.615705490112305,52763900.0
2018-03-08,26.623973366944302,26.690141950671407,26.309680481969878,26.632246017456055,53139800.0
2018-03-09,26.85556384883674,27.070605464544265,26.79766790787348,27.062335968017578,73905800.0
2018-03-12,27.037526020362098,27.335278430231394,26.996172220123075,27.161590576171875,60322800.0
2018-03-13,27.26910806281127,27.285650210942002,26.71495714325429,26.764583587646484,63347500.0
2018-03-14,26.921730601240345,26.921730601240345,26.40893660405174,26.582624435424805,58011400.0
2018-03-15,26.706686481530927,26.74804027250743,26.4089341383529,26.549537658691406,41964200.0
2018-03-16,26.557810032475246,26.938269953631366,26.53299838916697,26.607433319091797,83447600.0
2018-03-19,26.574351388264773,26.648789471064635,26.202160974265457,26.450286865234375,57363200.0
2018-03-20,26.516455452208422,26.632247324321124,26.367577709062754,26.450286865234375,44784500.0
2018-03-21,26.466830956788172,26.839021398136428,26.20216289962766,26.359310150146484,64546300.0
2018-03-22,26.003663175516095,26.045016969964884,25.16003251737324,25.267553329467773,110271900.0
2018-03-23,25.383345984823723,25.399886555548594,24.02691979998089,24.126171112060547,115740200.0
2018-03-26,24.72167507962561,25.275824444887878,24.523174026366217,25.17657470703125,83297000.0
2018-03-27,25.350256611196585,25.36679875615452,24.159248992503137,24.415647506713867,85821800.0
2018-03-28,24.638963056356584,24.77956656342491,23.993833566206945,24.30812644958496,79396100.0
2018-03-29,24.457005113545044,24.9284452756995,24.241961928123608,24.80438232421875,65678300.0
2018-04-02,24.64723559082777,24.862278780726584,23.77879333483483,24.241962432861328,86644200.0
2018-04-03,24.432195095097573,24.523173757544484,24.06827571267155,24.473548889160156,69698700.0
2018-04-04,23.985564664259076,24.787839879940147,23.944210873442543,24.713401794433594,66640800.0
2018-04-05,24.961535821566052,25.2675577400151,24.911910944056068,25.077327728271484,55765500.0
2018-04-06,24.820922504725104,25.052507819336643,24.291586445665462,24.506628036499023,79687600.0
2018-04-09,24.663779971995652,25.33372124663974,24.614155101385844,24.705135345458984,65917500.0
2018-04-10,25.209659576416016,25.292368750045437,25.002887431115596,25.209659576416016,60540500.0
2018-04-11,24.936720187295922,25.011158285149786,24.721676968778784,24.729948043823242,62211500.0
2018-04-12,24.994611507548246,25.474322728489078,24.95325771752847,25.35025978088379,57989100.0
2018-04-13,25.747263476616368,25.780347772766508,24.448734826098697,24.647235870361328,99254500.0
2018-04-16,24.878829460844827,25.118685954833964,24.374304820072222,24.7547664642334,110588900.0
2018-04-17,24.953262091398166,25.118680435564137,24.713405650112133,24.845741271972656,83475900.0
2018-04-18,24.837463855008636,24.99460950653985,24.399106459181418,24.423919677734375,79743200.0
2018-04-19,24.440467792439655,25.01115937500495,24.432198294581116,24.96153450012207,80902600.0
2018-04-20,25.02770233154297,25.25101664202469,24.92017992536449,25.02770233154297,65554600.0
2018-04-23,25.035973926604232,25.143494757466932,24.911910944056068,25.077327728271484,50686300.0
2018-04-24,25.193115557873853,25.523952227856885,24.812655595957985,24.969802856445312,81486800.0
2018-04-25,24.88709011964756,25.09386221995866,24.647233726064638,24.928443908691406,65893500.0
2018-04-26,24.845740416500053,25.04424147613681,24.80438504310936,24.87055206298828,45936700.0
2018-04-27,24.804385850344655,24.986344766546818,24.78784370045003,24.93671989440918,47411200.0
2018-04-30,25.035973727876442,25.168307785216914,24.746492385864258,24.746492385864258,55153900.0
2018-05-01,24.746484235674913,24.779566950341128,24.498358354267733,24.771297454833984,52871700.0
2018-05-02,24.771296281728233,24.87054599857254,24.44873075811973,24.465272903442383,68234600.0
2018-05-03,24.407378865278993,24.415649938581787,23.514123456674582,24.150981903076172,110672700.0
2018-05-04,23.97729140420816,24.33293965196599,23.83668631968869,24.233688354492188,58281900.0
2018-05-07,24.34948347042812,24.638964732270544,24.258503239622968,24.51490020751953,46765200.0
2018-05-08,24.622432390841666,24.92018326719977,24.539723200585183,24.7547664642334,65119800.0
2018-05-09,24.89536711598215,25.46605869033054,24.87882496541059,25.408161163330078,72266500.0
2018-05-10,25.317183284759775,25.69764329456708,25.16003600449111,25.54876708984375,54773200.0
2018-05-11,25.565308712833527,25.66456003978097,25.482599536635043,25.573579788208008,42024800.0
2018-05-14,25.67282567959967,25.829971345804307,25.664554605976374,25.73899269104004,41791600.0
2018-05-15,25.573578921858527,25.937498338275653,25.515682973744813,25.821704864501953,64433500.0
2018-05-16,25.788618604282494,25.846514544454706,25.65628457601857,25.689367294311523,43590100.0
2018-05-17,25.67282699169179,25.705909710329777,25.36680356217352,25.482595443725586,45981500.0
2018-05-18,25.449517725492985,25.46605987683527,25.00288910452954,25.02770233154297,58641700.0
2018-05-21,25.242741683816956,25.375075719108448,25.209657386221014,25.267553329467773,34983300.0
2018-05-22,25.30891220921444,25.755539245838072,25.259287333488782,25.54876708984375,61103000.0
2018-05-23,25.399887405981726,25.441242778043772,24.878822338369094,25.17657470703125,73893100.0
2018-05-24,25.143484885965204,25.151755958560656,24.672044790844886,24.986337661743164,62146200.0
2018-05-25,24.820925295136185,24.9698014728701,24.713402910085662,24.944988250732422,44166700.0
2018-05-29,24.614146130459552,24.647228839626628,23.737433040666165,23.95247459411621,135895000.0
2018-05-30,24.22542566553981,24.48182268786162,24.11790326493801,24.39084243774414,79435300.0
2018-05-31,24.249661685144748,24.299489312280937,23.94238788582289,24.11678695678711,97509300.0
2018-06-01,24.490494637794793,24.63167422372952,24.341010183982547,24.415752410888672,64796600.0
2018-06-04,24.540322261068347,24.57354173257844,24.357619919737594,24.415752410888672,43777000.0
2018-06-05,24.341013390195954,24.36592799711029,24.133396417885194,24.183225631713867,47690800.0
2018-06-06,24.324405172945397,24.95555937321488,24.316100303995565,24.947256088256836,74995800.0
2018-06-07,25.08012721460734,25.171477591927225,24.822681066182646,24.9887752532959,68402700.0
2018-06-08,24.922338485717773,24.955556373532495,24.756244294669358,24.922338485717773,49572900.0
2018-06-11,25.02199586943533,25.254527439957442,24.963863372802734,24.963863372802734,46732800.0
2018-06-12,25.05521655030285,25.13826365691541,24.70641996972355,24.830989837646484,49644600.0
2018-06-13,24.89741767959556,25.21299624717454,24.664887770843894,24.781152725219727,68900200.0
2018-06-14,24.947253653278942,24.955556937426543,24.399143444030752,24.49880027770996,77863200.0
2018-06-15,24.29118456118573,24.4240592901857,23.975607475808733,24.316099166870117,105079500.0
2018-06-18,24.033737992472112,24.498799505672316,23.925776294055897,24.415752410888672,52644100.0
2018-06-19,24.116787614499106,24.390841947209697,24.042045379760605,24.299489974975586,65466200.0
2018-06-20,24.432361417736363,24.498798774782895,24.233049346596776,24.28287696838379,52256500.0
2018-06-21,24.257962912931337,24.45727657256043,24.083565440745343,24.32440185546875,68322600.0
2018-06-22,24.46557943915496,24.515408645208243,24.075260162353516,24.075260162353516,76079200.0
2018-06-25,23.967298664450787,24.008821416435584,23.469017720675915,23.65172004699707,73616400.0
2018-06-26,23.684943607466646,23.809513468932547,23.261404811289204,23.701553344726562,56369300.0
2018-06-27,23.676640274537284,23.958999490303132,23.45241355895996,23.45241355895996,61764400.0
2018-06-28,23.585284505170616,23.95069076987369,23.502237410830155,23.809511184692383,71292100.0
2018-06-29,24.15830743704724,24.224744794960397,23.40258189678828,23.410886764526367,102307600.0
2018-07-02,23.319537735089295,23.485631942749023,23.111920767510508,23.485631942749023,52534300.0
2018-07-03,23.52715697727296,23.610204089131816,23.037180759696803,23.07040023803711,40599000.0
2018-07-05,23.21157346114734,23.319533568040164,23.095306902964904,23.18665885925293,44506800.0
2018-07-06,23.09530929784846,23.377668479298624,22.94582483896406,23.278013229370117,39424900.0
2018-07-09,23.444102576357267,24.158305298700448,23.435797709354276,24.125085830688477,61758900.0
2018-07-10,24.26626856254392,24.35762052748441,23.875949266510986,23.942386627197266,58858400.0
2018-07-11,23.809510912901246,24.00882298664821,23.767988158200797,23.81781578063965,50218900.0
2018-07-12,24.000517252885555,24.05864974096518,23.801205186330485,23.89255714416504,51700700.0
2018-07-13,23.767986288222964,23.82611877382657,23.435797940788493,23.70985221862793,75178000.0
2018-07-16,23.90086862776524,24.789469097799607,23.859344279076947,24.73133659362793,129172000.0
2018-07-17,24.822681654290403,25.080127808814606,24.5652370837578,24.922338485717773,87778900.0
2018-07-18,24.84759995085585,25.15487377476325,24.781162581361258,25.021997451782227,59109200.0
2018-07-19,24.855900215670957,24.930642440505913,24.61506380587131,24.639978408813477,59260600.0
2018-07-20,24.598460211249083,25.046912059339636,24.46558388826806,25.021997451782227,80432700.0
2018-07-23,25.03029284520336,25.619925662242345,25.021987979161544,25.53687858581543,74080200.0
2018-07-24,25.619932719446993,25.835854544037783,25.45383852084126,25.603322982788086,64761500.0
2018-07-25,25.49536298318501,25.835854666346172,25.470448378078704,25.802635192871094,57644100.0
2018-07-26,25.902288560298143,25.91889671081973,25.653147294576744,25.694671630859375,46215000.0
2018-07-27,25.736194295620056,25.860764136061352,25.57840498626563,25.794326782226562,57198900.0
2018-07-30,25.8607640140252,26.118210144912656,25.85245914683611,26.001943588256836,58721000.0
2018-07-31,26.04346785183863,26.093295470843273,25.595014528822507,25.64484214782715,64066000.0
2018-08-01,25.927199505446712,26.201253767038228,25.885676756474886,25.95211410522461,69070700.0
2018-08-02,25.727894211270897,26.001948544785712,25.636543822760462,25.977035522460938,46427200.0
2018-08-03,25.893986911683378,26.168041229248047,25.87737717510572,26.168041229248047,50153800.0
2018-08-06,26.118215234882786,26.234480230205104,26.010253524376264,26.176347732543945,41261500.0
2018-08-07,26.201259118411695,26.408876073657403,26.15143149267039,26.168041229248047,43946200.0
2018-08-08,26.16803779159881,26.500224559554816,26.143123190005312,26.408872604370117,43689600.0
2018-08-09,26.350740793782514,26.400569998247455,26.201256348370688,26.242780685424805,38219100.0
2018-08-10,25.9355082315607,26.018555325854113,25.661453929186546,25.90229034423828,55679800.0
2018-08-13,25.81094319940051,25.844162676914497,25.28774910049017,25.31266212463379,63960600.0
2018-08-14,25.42062203614101,25.661456895035908,25.26283269714602,25.570106506347656,42521200.0
2018-08-15,25.312662238272214,25.428928826101266,25.046912752934745,25.2130069732666,59747900.0
2018-08-16,25.379095797310445,25.61162735404717,25.345877908628992,25.51197052001953,44015400.0
2018-08-17,25.462140449591598,25.628234629021925,25.37078849250577,25.52857780456543,39843500.0
2018-08-20,25.487058807210317,25.686370901500364,25.453839332832782,25.63654327392578,40011000.0
2018-08-21,25.669769748781544,25.952129039450142,25.60333236180024,25.76112174987793,53510600.0
2018-08-22,25.67806429778944,25.819243886370742,25.64484482565661,25.72789192199707,33062900.0
2018-08-23,25.69466893655506,25.727886818106523,25.528574776823845,25.611621856689453,38259100.0
2018-08-24,25.694674900037526,25.810939888438565,25.61993266921067,25.65315055847168,43585000.0
2018-08-27,25.769413642928107,26.151428029677565,25.736194174171743,26.001943588256836,47729300.0
2018-08-28,26.043473162256742,26.084995922562104,25.902293559630028,25.968730926513672,38539000.0
2018-08-29,25.943812549687117,26.00194503926331,25.802632967577125,25.86076545715332,46401800.0
2018-08-30,25.761110577608846,25.869070690635425,25.702978087210564,25.752805709838867,47358900.0
2018-08-31,25.64484460245611,25.702978678182596,25.428924371438434,25.686368942260742,49266000.0
2018-09-04,25.66975825311967,25.877375192458388,25.59501602823841,25.86076545715332,44745600.0
2018-09-05,25.802631884590273,25.94381146077468,25.719584795542126,25.893983840942383,48516700.0
2018-09-06,25.91067564671254,25.96074573237764,25.64364155642693,25.7437801361084,42666000.0
2018-09-07,25.86895371731487,25.9690923029977,25.560194537137566,25.752126693725586,49103800.0
2018-09-10,25.768808948259622,25.86894750991363,25.660326965478845,25.718740463256836,34156200.0
2018-09-11,25.635296542149415,25.785503615847254,25.618608105243112,25.7437801361084,53071000.0
2018-09-12,25.768815219159457,25.83557374595849,25.351574028753287,25.393299102783203,59482300.0
2018-09-13,25.476743870694296,25.593570877307727,25.10122621851028,25.151294708251953,59219500.0
2018-09-14,25.142946455316803,25.359912005108736,25.126258021985414,25.343223571777344,33743900.0
2018-09-17,25.318197850469186,25.443369900579423,25.159645738116765,25.268129348754883,35026600.0
2018-09-18,25.30984582748449,25.368259328586653,25.142948745779577,25.209707260131836,49921700.0
2018-09-19,25.142951482198235,26.035848897354416,25.142951482198235,25.86895179748535,92666300.0
2018-09-20,26.119294025950534,26.177709120966746,25.9857769920678,26.027502059936523,83357400.0
2018-09-21,26.152674809698112,26.177709851117626,25.843915665451988,25.893985748291016,85992100.0
2018-09-24,25.852254958503064,26.035842038323548,25.585220942380488,25.651979446411133,45587700.0
2018-09-25,25.743781606201157,25.902333703230592,25.535161012296204,25.59357452392578,40949900.0
2018-09-26,25.62695165427416,25.651986697230193,25.08453845675003,25.14295196533203,57882400.0
2018-09-27,25.234741915276917,25.293155415488794,24.976052875060684,24.984397888183594,45879700.0
2018-09-28,24.742397204085208,24.909294282717052,24.550466677812537,24.583845138549805,74707600.0
2018-10-01,24.767436166301515,24.984401766228807,24.65060914774403,24.742401123046875,53900900.0
2018-10-02,24.68398094177246,24.800807928752008,24.425291931325614,24.68398094177246,42940300.0
2018-10-03,24.875917518002097,25.184676676782935,24.800813981856724,25.034469604492188,61080300.0
2018-10-04,25.176333492774134,25.69371326920327,25.151298448356187,25.393299102783203,72325700.0
2018-10-05,25.53516339821773,25.576886884237698,25.07619709375324,25.226404190063477,51931000.0
2018-10-08,25.076191856339058,25.38495100000587,24.959364846564466,25.25977897644043,47471600.0
2018-10-09,25.059501555106248,25.19301858252422,24.92598452768828,25.017776489257812,58868600.0
2018-10-10,25.017779558110693,25.142951587713437,24.37522779006157,24.4002628326416,88454400.0
2018-10-11,24.108192947067856,24.408607082020293,23.582469802549753,23.665918350219727,111417300.0
2018-10-12,24.19163909009123,24.233364155603077,23.14019131392017,23.74936294555664,102279200.0
2018-10-15,23.774398823739105,23.882882406249234,23.065088601494814,23.298744201660156,114636100.0
2018-10-16,23.56578247007365,23.849506609613925,23.282058330533374,23.807783126831055,87887800.0
2018-10-17,23.674262513165907,24.358537714495405,23.499020410193282,24.11653709411621,79068700.0
2018-10-18,23.92461179567625,24.11654237630214,23.48233552620668,23.574129104614258,77369200.0
2018-10-19,23.482330777197962,23.799434933939807,23.34046872637106,23.632537841796875,64305400.0
2018-10-22,23.63254126517543,23.657576310118003,22.789713851895165,22.848127365112305,89942900.0
2018-10-23,22.0219875811087,22.69791939603298,21.788333553711485,22.547712326049805,102392500.0
2018-10-24,22.414196235628687,22.44757470168139,21.76329943528909,21.855093002319336,86386600.0
2018-10-25,22.01364073018467,22.472606915908468,21.84674523763392,22.18888282775879,73780400.0
2018-10-26,21.971917518489544,22.18053808041658,21.59639987036145,22.02198600769043,91103500.0
2018-10-29,22.272332554545493,22.68122868176995,21.938539960040693,22.20557403564453,89367000.0
2018-10-30,22.33075068850746,22.414199252343643,21.96357796261764,22.347440719604492,79004800.0
2018-10-31,22.614466808641737,23.265361873471754,22.581086758317937,22.948259353637695,92296300.0
2018-11-01,23.173570774100842,23.365501295604822,23.04005375117212,23.20694923400879,49827300.0
2018-11-02,23.3738526557656,23.68261025826457,22.964956463052786,23.273714065551758,69010200.0
2018-11-05,23.323779248673777,23.56577827065818,23.2737091682782,23.415571212768555,41103100.0
2018-11-06,23.382194291407366,23.574124837290512,23.148538675778756,23.54074478149414,43514400.0
2018-11-07,23.715989191645434,23.92460978566355,23.48233355335157,23.81612777709961,56679200.0
2018-11-08,23.782740246145085,24.300119857088237,23.72432675283583,24.09149932861328,49421200.0
2018-11-09,23.991367124211866,24.108194141749994,23.682607960026996,23.799436569213867,43270600.0
2018-11-12,23.682604424483305,23.799433016228996,23.065087779950527,23.15688133239746,50307500.0
2018-11-13,23.156882876358665,23.482330450698857,23.106814386071395,23.16522789001465,57423400.0
2018-11-14,23.323776971880555,23.448948977353492,22.347432782554197,22.70625877380371,69213300.0
2018-11-15,22.64784818801826,23.340468405074386,22.43088260787857,23.282054901123047,66174800.0
2018-11-16,23.106812845448452,23.273708332494646,22.88150226670516,23.15688133239746,52456100.0
2018-11-19,23.181916371696214,23.38219191114075,22.981640832251678,23.15688133239746,46000000.0
2018-11-20,22.881507425035736,23.006679466450876,22.505989709141456,22.848127365112305,92330600.0
2018-11-21,23.02336647521185,23.16522852797311,22.739642369689342,22.756332397460938,40364400.0
2018-11-23,22.59777881500398,22.672882343335875,22.430881731677868,22.505985260009766,22974100.0
2018-11-26,22.681228505542695,23.140193120464676,22.61446998716043,22.99833106994629,53210700.0
2018-11-27,22.889845752547405,23.2820517921681,22.856465702376248,23.148534774780273,43617100.0
2018-11-28,23.265368445093767,23.757713184900474,22.998334333669558,23.724334716796875,61388100.0
2018-11-29,23.51570891220327,23.657570951446985,23.340466820597033,23.398881912231445,46824600.0
2018-11-30,23.315432105191224,23.891223652299406,23.25701860838156,23.69929313659668,64284600.0
2018-12-03,24.191643891342927,24.233368965135842,23.665920694742756,23.81612777709961,59908700.0
2018-12-04,23.632535831432786,23.632535831432786,22.305708995877264,22.522674560546875,103565700.0
2018-12-06,22.01079709950479,22.086320360355277,21.423395915776766,22.05275535583496,133294200.0
2018-12-07,21.94366977263497,22.27093783370747,21.230395281251486,21.33948516845703,107477600.0
2018-12-10,21.12969353116557,21.171650184981193,20.38285420955006,20.777252197265625,110166900.0
2018-12-11,21.154870551275714,21.314308744398765,20.58425259794273,20.626209259033203,78545000.0
2018-12-12,20.86956047231443,20.970257089969206,20.449987497483807,20.57585906982422,87191800.0
2018-12-13,20.693336807364688,20.827600017101616,20.37446208437541,20.47515869140625,64860100.0
2018-12-14,20.290544738683575,20.869555761401173,20.240196441221375,20.542287826538086,92762600.0
2018-12-17,20.35767943899691,20.919907248090556,20.273764530071457,20.533899307250977,98602800.0
2018-12-18,20.701729125101885,21.054170462153778,20.399636093187755,20.533899307250977,89046300.0
2018-12-19,20.5171238899611,21.180048512373272,20.19824745848648,20.29055404663086,121887600.0
2018-12-20,20.01363336111388,20.500337999976097,19.93811008951939,20.2318115234375,112594000.0
2018-12-21,20.063977784909095,20.567465631064334,19.518533285134147,19.61083984375,160800400.0
2018-12-24,19.098955005271733,19.476569583871196,19.015040120957423,19.073780059814453,64859100.0
2018-12-26,19.224835635873713,20.29055149011231,19.04022408338944,20.2318115234375,100877800.0
2018-12-27,19.954894897580143,20.44999122619629,19.627626829170584,20.44999122619629,91575400.0
2018-12-28,20.634600010239907,20.76886324051894,20.357681897721413,20.46677017211914,78693800.0
2018-12-31,20.617813771378824,20.95347179929557,20.449985557692315,20.67655372619629,56257300.0
2019-01-02,20.206633994318054,21.0961282347804,20.147894035119197,20.94508171081543,71836300.0
2019-01-03,20.92829514563743,21.01221003951311,20.517113926244438,20.609418869018555,66599600.0
2019-01-04,21.06256147475408,21.524091059040774,21.003821520449634,21.465351104736328,83829100.0
2019-01-07,21.448566436767578,21.633179539154707,21.22199828467805,21.448566436767578,57016300.0
2019-01-08,21.582828423309138,21.64156997110805,21.054167297467107,21.40660858154297,67339400.0
2019-01-09,21.54087460113245,21.691921114199577,21.305913180745396,21.616397857666016,69707200.0
2019-01-10,21.44857169121386,21.6331848388273,21.331091761310034,21.59122657775879,65235800.0
2019-01-11,21.42339691480462,21.85136154606654,21.36465535320311,21.84296989440918,63476000.0
2019-01-14,21.624790857513894,22.22058369562081,21.490527637643495,22.128278732299805,76715400.0
2019-01-15,21.994015719421306,22.4975036355854,21.85975248851674,22.279325485229492,80625500.0
2019-01-16,23.605174953514375,24.100271193825026,23.378606762619036,23.873703002929688,163131700.0
2019-01-17,23.78139493217314,24.335231098086076,23.571608457189637,24.326839447021484,107428800.0
2019-01-18,24.352011483467656,24.72123448282363,24.091875133254266,24.586971282958984,97928200.0
2019-01-22,24.31844859327753,24.586975033973488,24.24292533176381,24.410755157470703,84861400.0
2019-01-23,24.519841954104024,24.570191859124467,24.016355708249492,24.268098831176758,79425900.0
2019-01-24,24.12544662490133,24.5030629514217,24.11705497314044,24.40236473083496,59492300.0
2019-01-25,24.570190635943188,24.93941365111626,24.45270913062115,24.82193374633789,72182100.0
2019-01-28,24.603754940762286,24.89745629493981,24.578581590761445,24.863889694213867,59963800.0
2019-01-29,24.78836589333466,24.922629083504173,24.62053610535103,24.662492752075195,51451900.0
2019-01-30,24.68767379809208,24.729630455179205,24.293275779623936,24.393972396850586,66475800.0
2019-01-31,24.125443364774775,24.200966619873217,23.479300671396405,23.89048194885254,100201200.0
2019-02-01,23.999569762017007,24.200964558275487,23.756216716198285,23.814956665039062,64244100.0
2019-02-04,23.890487373527797,24.310060396880864,23.848530711410117,24.23453712463379,55195900.0
2019-02-05,24.209359463575367,24.234532816152964,23.974398036073865,24.150619506835938,46622600.0
2019-02-06,24.05831334507705,24.2513165205783,23.949225080828803,24.108661651611328,35606900.0
2019-02-07,23.949227825352505,24.03314114567797,23.41217329211439,23.69748306274414,62289200.0
2019-02-08,23.621951798902312,23.76460663593406,23.378600371344294,23.73943328857422,50031300.0
2019-02-11,23.781391810445836,23.88208840891519,23.672301961469863,23.840131759643555,47724400.0
2019-02-12,24.016354271223737,24.21774907762378,23.98278766988524,24.07509422302246,49178100.0
2019-02-13,24.226141415657647,24.32683802144429,24.049919954715495,24.083486557006836,48951200.0
2019-02-14,23.798175649108018,24.01635375145544,23.588389196913607,23.823348999023438,47756600.0
2019-02-15,24.133832761061317,24.595362298623723,24.058309513017498,24.427534103393555,65867000.0
2019-02-19,24.27648866149568,24.55340671616681,24.125442158848948,24.444316864013672,40841300.0
2019-02-20,24.419146449215706,24.712847839605825,24.34362318881414,24.67928123474121,42806300.0
2019-02-21,24.6121496754093,24.712847889663298,24.42753814991142,24.578584671020508,42754100.0
2019-02-22,24.377189775552296,24.561802913203998,24.30166651024822,24.40236473083496,47887800.0
2019-02-25,24.435926545065833,24.830324497207652,24.435926545065833,24.561798095703125,61227400.0
2019-02-26,24.352014889356873,24.86389281022857,24.301664981957966,24.578584671020508,53153200.0
2019-02-27,24.58696924944641,24.897453873793914,24.511446005700893,24.77997398376465,48128600.0
2019-02-28,24.8811954642095,24.923366338459154,24.467914783443096,24.526954650878906,62358100.0
2019-03-01,24.73780862695315,25.007706043654018,24.636596291332573,24.72093963623047,45771500.0
2019-03-04,24.737809702235406,24.91493089509149,24.265489202478456,24.48478126525879,56893200.0
2019-03-05,24.47634928003617,24.619732504687025,24.20645182392062,24.526954650878906,39932500.0
2019-03-06,24.46790518684693,24.594419368691298,24.29078404529273,24.324522018432617,41672000.0
2019-03-07,24.18114550506375,24.223316374379614,23.8353392287839,24.079933166503906,53908600.0
2019-03-08,23.666650283263124,24.181143205306473,23.624479417957936,24.164274215698242,40860700.0
2019-03-11,24.206449531453888,24.51008333647044,24.206449531453888,24.408872604370117,40709300.0
2019-03-12,24.459477970420277,24.560690311236183,24.366700125398662,24.408872604370117,34450000.0
2019-03-13,24.50164449186986,24.88962318596683,24.442604640504413,24.704069137573242,54683300.0
2019-03-14,24.72093036874084,24.999262176460814,24.661890532060074,24.847444534301758,45219100.0
2019-03-15,24.83058283494901,24.973966017686426,24.678765158084065,24.712501525878906,82346200.0
2019-03-18,24.779971453318076,25.269160764512996,24.737800598912386,25.151081085205078,58568600.0
2019-03-19,25.311343012817375,25.42098824188922,24.91493135852305,25.007707595825195,55455100.0
2019-03-20,24.98239877656422,25.01613514201577,24.12209973989513,24.15583610534668,81689900.0
2019-03-21,23.995590776334588,24.12210498956257,23.649784509444206,23.767864227294922,77444400.0
2019-03-22,23.540134610194094,23.675083301211046,22.52801781885167,22.781047821044922,118851600.0
2019-03-25,22.696704646567508,23.093116228127673,22.443676251310432,22.637664794921875,65568000.0
2019-03-26,22.899128375295934,23.067815049699487,22.671401847465738,22.94973373413086,59878500.0
2019-03-27,22.848516033676937,23.08467698392519,22.73043636291024,22.797910690307617,57621700.0
2019-03-28,22.941303869976164,23.118423453585446,22.789486164759314,23.050949096679688,45872300.0
2019-03-29,23.2365008968413,23.346147721505687,23.0256433511033,23.270238876342773,83446300.0
2019-04-01,23.531706173801254,24.24018778838587,23.489535300270433,24.071502685546875,91751100.0
2019-04-02,24.01245161707173,24.349824905395508,23.91124091754665,24.349824905395508,66694000.0
2019-04-03,24.518510537841657,24.66189370625597,24.20644232987322,24.324522018432617,63110600.0
2019-04-04,24.332958704573116,24.720935778355198,24.32452421052804,24.585987091064453,53712100.0
2019-04-05,24.729377742965568,24.8811954642095,24.442611293663862,24.526954650878906,46383400.0
2019-04-08,24.366692790025162,24.6281572547899,24.349825412229936,24.602853775024414,35272800.0
2019-04-09,24.45947706031949,24.518516919967155,24.24018500397421,24.36669921875,40535300.0
2019-04-10,24.375137129398674,24.585994719806475,24.248622896897142,24.51852035522461,42669700.0
2019-04-11,24.670338077712746,24.872761171458347,24.451045990642744,24.51852035522461,50440100.0
2019-04-12,24.93179612845775,25.48845992878869,24.93179612845775,25.4462890625,100192000.0
2019-04-15,25.387247427066672,25.42098379599029,25.01613771661501,25.16795539855957,57438800.0
2019-04-16,24.71250315062488,25.345075773341033,24.459474745024565,25.201692581176758,105168400.0
2019-04-17,25.159518454304,25.40411394222342,24.847448626392175,25.328205108642578,94831600.0
2019-04-18,25.26073076865018,25.437850307862043,25.151083960715553,25.328205108642578,61796600.0
2019-04-22,25.243868688672883,25.387251901478486,25.117354467659847,25.34507942199707,34763400.0
2019-04-23,25.29447175364226,25.48002582032902,25.235431896456266,25.36194610595703,41889700.0
2019-04-24,25.260730966122793,25.446285000373646,25.17638763829416,25.31977081298828,40078100.0
2019-04-25,25.226995306411293,25.572801534397268,25.21856081198294,25.370378494262695,43243800.0
2019-04-26,25.446286797856065,25.631840845214143,25.345074475569202,25.59810447692871,40627500.0
2019-04-29,25.66558230059689,26.28972048126019,25.648713309810326,25.952348709106445,68408600.0
2019-04-30,25.977647326194894,26.045121672157144,25.648710090718353,25.79209327697754,47764200.0
2019-05-01,25.775228062971756,26.05355998191587,25.454725274893747,25.522199630737305,56161000.0
2019-05-02,25.522193981668067,25.775222357897352,25.42941615965025,25.72461700439453,40634100.0
2019-05-03,25.859566352248798,25.97764604970169,25.72461766695543,25.901737213134766,35256100.0
2019-05-06,25.39568415030695,25.81739925551316,25.361946169707032,25.699317932128906,39882000.0
2019-05-07,25.43785664892777,25.44629114461874,24.99083802959981,25.23543357849121,58528400.0
2019-05-08,25.075174556185473,25.395678870388018,25.02456920452222,25.134214401245117,39903400.0
2019-05-09,24.81371753124575,25.117352930062005,24.695637813357433,25.058311462402344,44173500.0
2019-05-10,24.84744948635013,25.05830700721345,24.61972458644131,24.94866180419922,59649900.0
2019-05-13,24.42573899551567,24.45947697732301,23.658217605269325,23.826904296875,72547000.0
2019-05-14,23.91967551911901,24.451035715823448,23.793159731066222,24.138967514038086,52216100.0
2019-05-15,23.700381710551646,24.029318873401134,23.62447288701485,23.860633850097656,51973200.0
2019-05-16,24.004021619916,24.316091487451278,23.97871974465325,24.11366844177246,42791500.0
2019-05-17,23.82689882435461,24.155836027848892,23.801595343810764,23.953413009643555,43772500.0
2019-05-20,23.953413009643555,24.054625323103796,23.818464330839998,23.953413009643555,41717600.0
2019-05-21,24.09679907271334,24.248616756758803,23.995588355826587,24.19801139831543,39258700.0
2019-05-22,24.046186840065445,24.147397528018587,23.911238183651335,24.02931785583496,29177600.0
2019-05-23,23.725688234249837,23.784729693140726,23.19432797395397,23.413619995117188,59772900.0
2019-05-24,23.557006669009787,23.835338581597547,23.49796681008443,23.767864227294922,35524400.0
2019-05-28,23.658216248718208,23.826902930651467,23.514833051689568,23.531702041625977,44273400.0
2019-05-29,23.21963732991735,23.489534775401506,23.093121494720442,23.40519142150879,49818900.0
2019-05-30,23.422057101342393,23.55700580499806,22.755746469416522,22.907564163208008,58649300.0
2019-05-31,22.350898364778413,22.66296821959307,22.334029376147285,22.43524169921875,68304200.0
2019-06-03,22.42680912517736,22.764180883110544,22.26655693689081,22.502717971801758,50109900.0
2019-06-04,22.924432494291533,23.57387411741085,22.890694514989825,23.54857063293457,58426400.0
2019-06-05,23.48109267658834,23.624475849167602,23.160588357309916,23.540132522583008,44874400.0
2019-06-06,23.540139579683267,23.77757672635824,23.353582861343938,23.641897201538086,38633600.0
2019-06-07,23.531653256913756,23.565573533459652,23.251817445041365,23.345096588134766,51317200.0
2019-06-10,23.624932433309585,24.142203712101164,23.607972295012733,23.803009033203125,48305800.0
2019-06-11,24.06588992391369,24.337247343261826,23.86237307245871,23.947172164916992,38691800.0
2019-06-12,23.913248865008224,23.97260773300535,23.624932976958316,23.701251983642578,33528900.0
2019-06-13,23.718214321034125,23.87933242966911,23.582536424523013,23.69277572631836,33404200.0
2019-06-14,23.667331441661275,23.8878083899055,23.55709377624308,23.777570724487305,37322100.0
2019-06-17,23.752138428172376,23.930215089487103,23.565581694784324,23.68429946899414,33410100.0
2019-06-18,23.760610623762087,24.422039852138408,23.59949254259521,24.2694034576416,60170700.0
2019-06-19,24.337247057820704,24.566202502142136,23.998050691965865,24.015010833740234,61953500.0
2019-06-20,24.24396625401787,24.260926394643942,23.616455607525417,23.972610473632812,60887200.0
2019-06-21,23.904772084170755,24.21004653549562,23.811492925967233,23.845413208007812,69444000.0
2019-06-24,23.811491281544182,24.06588690964767,23.650373187794393,23.72669219970703,40046400.0
2019-06-25,23.76061138559548,23.76061138559548,23.21789825726607,23.54013442993164,46901300.0
2019-06-26,23.692773812974686,23.896290641306063,23.616454800174424,23.667333602905273,42312300.0
2019-06-27,23.811490463738664,24.015007282713263,23.794530324472138,23.921728134155273,35575600.0
2019-06-28,24.600118634519685,24.820595588157474,24.36268154196948,24.591638565063477,101856900.0
2019-07-01,24.99866893857672,25.312424997959944,24.80363221871,24.947790145874023,48029900.0
2019-07-02,24.87995775157338,24.95627676937762,24.532282944868747,24.718839645385742,32263500.0
2019-07-03,24.752760204547318,24.795158940509175,24.532283219247827,24.63404083251953,26642300.0
2019-07-05,24.89691570385286,25.074992318134623,24.718837472163152,24.812116622924805,33092000.0
2019-07-08,24.600121899258603,24.84603747649317,24.540763022595367,24.761240005493164,30924400.0
2019-07-09,24.56620294853102,24.947798058347555,24.540764352815366,24.888439178466797,28750100.0
2019-07-10,24.735796516160338,24.930833261470166,24.55771829235859,24.608598709106445,40574800.0
2019-07-11,24.6764384747151,25.01563317736731,24.617079603926953,24.896915435791016,37376800.0
2019-07-12,24.96475792038686,25.041076941494055,24.896918970225812,24.973237991333008,29632900.0
2019-07-15,25.015635363497772,25.041075574947893,24.659480490236394,24.7781982421875,46462100.0
2019-07-16,24.735798427613513,24.761238637953326,24.47292272373409,24.583160400390625,54920400.0
2019-07-17,24.676435211246265,25.117389075081764,24.591636142445942,24.75275421142578,84958300.0
2019-07-18,24.829079735295426,25.083475391129596,24.74428064421466,24.998676300048828,49468800.0
2019-07-19,25.04954934131261,25.108908202349557,24.913869865132597,24.930830001831055,44863200.0
2019-07-22,24.837559529402686,25.108915323911173,24.82907945864828,25.074995040893555,31224300.0
2019-07-23,25.227630883208978,25.67706488961369,25.18523215053652,25.65162467956543,64030300.0
2019-07-24,25.4989871853632,26.07561901920738,25.473548592192905,26.007780075073242,53171900.0
2019-07-25,26.067138130429125,26.194335944510247,25.61770412877402,25.727943420410156,43251900.0
2019-07-26,25.922982615616945,26.279137498999855,25.79578478956764,26.092580795288086,46978800.0
2019-07-29,26.050179364699815,26.160418662150978,25.85514259832689,25.880582809448242,39176700.0
2019-07-30,25.617702256557084,26.202814099458088,25.566823458124603,26.194334030151367,37598300.0
2019-07-31,26.1434560485052,26.338492796429684,25.939939231009056,26.016258239746094,60607600.0
2019-08-01,25.906024831696158,26.34697884504281,24.89692058478641,25.007158279418945,76913400.0
2019-08-02,24.89691324455261,25.015630975680267,24.51531822677404,24.91387176513672,57492300.0
2019-08-05,24.193086067825995,24.286363601126048,23.49773489854232,23.811491012573242,96207700.0
2019-08-06,24.09133148249478,24.159170436768918,23.48078089402754,24.099811553955078,65115800.0
2019-08-07,23.412937967886478,23.684293738949123,22.997424241270807,23.650373458862305,75388500.0
2019-08-08,23.83693013848732,24.15916469029098,23.803009860714372,24.065885543823242,53141900.0
2019-08-09,23.972608291226145,24.184605177528304,23.71821105721882,24.023487091064453,53499600.0
2019-08-12,23.599497402063083,23.616457544079893,23.28574124438477,23.438379287719727,55674700.0
2019-08-13,23.379016333703294,23.95564812251729,23.217898247438704,23.506214141845703,69919200.0
2019-08-14,22.84478151314773,22.963499234197858,22.2851099461862,22.403827667236328,106591700.0
2019-08-15,22.539509910192074,22.751506806118414,22.22575379256159,22.259674072265625,70192000.0
2019-08-16,22.49711064926397,22.997423441284884,22.42079163913143,22.921104431152344,70841700.0
2019-08-19,23.438378785871564,23.48925921083257,23.014384948978616,23.124624252319336,44964800.0
2019-08-20,22.9126251690773,22.94654383177186,22.641269397888934,22.658227920532227,47665000.0
2019-08-21,22.836307525634766,22.963505348830736,22.717589772972932,22.836307525634766,47785400.0
2019-08-22,22.971986491604675,23.15006312890932,22.861747186923385,23.056785583496094,49353700.0
2019-08-23,22.8532671310999,23.082222560523483,22.268155217221782,22.446231842041016,81880700.0
2019-08-26,22.64126750817746,22.72606496654038,22.46318928731808,22.7091064453125,41499100.0
2019-08-27,22.77694811548936,22.810866779422916,22.285115357892575,22.446231842041016,52517000.0
2019-08-28,22.234233865898112,22.96350370556713,22.225753795970803,22.76846694946289,45897900.0
2019-08-29,22.895665028542883,23.277260092648454,22.827826085747223,23.175500869750977,55432900.0
2019-08-30,23.319660188267996,23.480778293352106,23.19246236526815,23.328140258789062,41326200.0
2019-09-03,23.07374246560102,23.090702606253743,22.564951185283636,22.938064575195312,50743100.0
2019-09-04,23.16702404627613,23.38750104561094,23.031346141671353,23.311182022094727,40862500.0
2019-09-05,23.77210884587945,24.26718321313569,23.72942903866105,24.002574920654297,63413700.0
2019-09-06,23.917221501351243,23.976971614798295,23.5331113033795,23.6696834564209,56054100.0
2019-09-09,23.900147931112933,24.62568846177825,23.874540043653553,24.43790054321289,68629300.0
2019-09-10,24.659828870421883,25.052474975585938,24.591542803619646,25.052474975585938,71066200.0
2019-09-11,25.069549525441985,25.15490589683502,24.668367416393643,25.14636993408203,53982200.0
2019-09-12,24.94150485131768,25.43657915832723,24.676896591037057,25.32561492919922,72943900.0
2019-09-13,25.607300877892452,25.880445160099036,25.496336623771654,25.752408981323242,79657000.0
2019-09-16,25.33415699112437,25.75240938329021,25.30001314128143,25.718265533447266,43391300.0
2019-09-17,25.479271163572385,25.624379303819186,25.257340970955582,25.556093215942383,48284900.0
2019-09-18,25.410975670862292,25.73533406121193,25.22318777765152,25.607297897338867,66640400.0
2019-09-19,25.607303136929726,25.692661139666523,25.39390894412198,25.453659057617188,43035700.0
2019-09-20,25.581690241385672,25.71826236781017,25.240259925324427,25.25733184814453,167269000.0
2019-09-23,25.018332201631846,25.282942146404064,24.898831986617505,25.19758415222168,52048300.0
2019-09-24,25.265869390152755,25.300011609860682,24.531792943647137,24.7025089263916,64806900.0
2019-09-25,24.565938742102137,25.103691362731833,24.565938742102137,24.967119216918945,45807700.0
2019-09-26,24.93297494504337,25.035404866706084,24.796402801538665,24.864688873291016,33198100.0
2019-09-27,25.10368911867055,25.359761462161874,24.93297313763083,25.052474975585938,41336600.0
2019-09-30,25.17198046031114,25.19758835125376,24.822014091105,24.898836135864258,39191000.0
2019-10-01,25.12929527943973,25.18904538028207,24.250110805146065,24.275718688964844,49434400.0
2019-10-02,24.070860790093754,24.156217147706126,23.737964808746483,23.763572692871094,52293100.0
2019-10-03,23.69529216340021,23.797720467681966,23.183145757785812,23.73797035217285,53015800.0
2019-10-04,23.77211073117836,24.24157725133562,23.763574769057715,24.215970993041992,42641800.0
2019-10-07,24.181826791545777,24.42936480522589,24.053790617741846,24.16475486755371,36742400.0
2019-10-08,23.789183727043735,23.831861911501157,23.43921577660567,23.58432388305664,58201100.0
2019-10-09,23.7550354810451,23.959893659053872,23.686749421708843,23.806249618530273,37511400.0
2019-10-10,23.934293450134447,24.540332176320266,23.934293450134447,24.284259796142578,48239300.0
2019-10-11,24.74518501801538,25.04393714855085,24.63422077825153,24.676898956298828,70008600.0
2019-10-14,24.531792026419417,24.890294274324013,24.523256064794523,24.87322235107422,36040100.0
2019-10-15,25.043944242427614,25.81216306135936,24.847621962891346,25.37683868408203,78656000.0
2019-10-16,25.92312497173653,26.221875512857267,25.735337056668246,25.752408981323242,87131700.0
2019-10-17,25.863375393646358,26.068235250464433,25.607303014726483,25.829233169555664,55575900.0
2019-10-18,25.718263730904425,26.025551845680216,25.69265747338528,25.906051635742188,48872900.0
2019-10-21,26.17919509145607,26.588911479742848,26.145051245064735,26.477947235107422,61087400.0
2019-10-22,26.435267932507916,26.77669989067594,26.247481657970095,26.631591796875,58662100.0
2019-10-23,26.57184178363885,26.836451731145086,26.537699562454126,26.819379806518555,47771200.0
2019-10-24,26.844985708099852,26.904735811805473,26.631591550255077,26.768163681030273,39491000.0
2019-10-25,26.7681700657588,27.186422519527703,26.751098138322856,27.075456619262695,43702000.0
2019-10-28,27.28884549134072,27.51077562040099,27.09252324842642,27.177881240844727,58790300.0
2019-10-29,27.26323658122095,27.433950921382962,27.152270713450918,27.37420082092285,48266600.0
2019-10-30,27.322987892240253,27.322987892240253,26.913273107671895,26.990095138549805,45262400.0
2019-10-31,26.81084543819748,26.990097401296506,26.307235028251863,26.69134521484375,49430900.0
2019-11-01,27.05837952600912,27.177879731919074,26.776699306315507,27.143735885620117,41985300.0
2019-11-04,27.519315455974105,27.74124397507449,27.39981197754191,27.655887603759766,54228600.0
2019-11-05,27.74977718060972,28.244853231273577,27.74124284628025,28.014387130737305,68785600.0
2019-11-06,27.963171459985045,28.219247076732202,27.886349426188243,27.988780975341797,47524500.0
2019-11-07,28.261924888265014,28.680175645316805,28.176565265095586,28.36435317993164,68310700.0
2019-11-08,28.22778283255429,28.398498833603533,28.10828260866089,28.38996124267578,38724000.0
2019-11-11,28.193632745722656,28.38142063095874,28.14242023603003,28.321670532226562,27784000.0
2019-11-12,28.278992094914084,28.441170467673597,28.159491898550638,28.244848251342773,37282200.0
2019-11-13,27.92903086640392,28.074137343499697,27.724171024233538,27.988780975341797,48887800.0
2019-11-14,27.903417290505317,28.048527002621267,27.732704579031854,27.911954879760742,35554600.0
2019-11-15,28.099740684924825,28.13388453109728,27.911956043249106,28.108278274536133,36398300.0
2019-11-18,28.048529972505687,28.193636443849805,27.95463601757168,28.133886337280273,31133700.0
2019-11-19,28.270461552597038,28.29607106972697,28.01438917425635,28.116817474365234,33183700.0
2019-11-20,27.988773373694283,28.022917214138793,27.672947733786327,27.903413772583008,43612200.0
2019-11-21,27.980238320995934,28.202170047860157,27.852203791930698,28.03145408630371,42787600.0
2019-11-22,28.13388264699048,28.441170729690917,28.116810725047547,28.321670532226562,38783900.0
2019-11-25,28.44971174797033,28.60335255170376,28.389958385899497,28.569211959838867,50238800.0
2019-11-26,28.492391131360208,28.50946305608082,28.27045936612896,28.466781616210938,50626600.0
2019-11-27,28.586282671670848,28.680173365488685,28.432638618315952,28.52652931213379,32097700.0
2019-11-29,28.483853644704094,28.611891452506796,28.372891017820912,28.44117546081543,19503400.0
2019-12-02,28.552142344692765,28.808214713137733,28.45824838316435,28.535070419311523,47158800.0
2019-12-03,28.057060340889528,28.082669851611485,27.783916104853663,28.03145408630371,58745100.0
2019-12-04,28.236325697815275,28.42411040352301,28.040000143447532,28.29607582092285,46637900.0
2019-12-05,28.45912797151116,28.51062335054653,28.321810234663253,28.399051666259766,38304500.0
2019-12-06,28.905419529681545,29.00840704268076,28.811012945301428,28.896835327148438,50908500.0
2019-12-09,28.750936741023477,28.92258477933478,28.69944134735588,28.759517669677734,32974500.0
2019-12-10,28.66510776158044,28.862501814338497,28.57928212522046,28.776676177978516,41960100.0
2019-12-11,28.733764563714985,28.97406979407481,28.733764563714985,28.871082305908203,43107800.0
2019-12-12,28.991247653007314,29.875234075885025,28.90542525416388,29.763662338256836,64942500.0
2019-12-13,29.772231688177275,30.003956003619155,29.480431062129725,29.55767250061035,48539600.0
2019-12-16,29.995381990931634,30.115534639839588,29.78082275390625,29.78082275390625,50777100.0
2019-12-17,29.90954949895666,30.270010637247555,29.815146206319735,30.072616577148438,50840500.0
2019-12-18,30.132692337036133,30.27001008389542,30.081196954246398,30.132692337036133,48757900.0
2019-12-19,30.167020763866,30.2356779961778,29.943877392548096,29.995372772216797,45409500.0
2019-12-20,30.244262433473548,30.244262433473548,29.961042753945456,30.00395393371582,109395500.0
2019-12-23,30.072616607416588,30.201350156003812,29.995375168698892,30.184185028076172,33995400.0
2019-12-24,30.201354854157962,30.278596304891416,30.141278534022376,30.22710418701172,13805400.0
2019-12-26,30.312925339140666,30.518903624063995,30.287179281242913,30.484573364257812,26992100.0
2019-12-27,30.63904980772554,30.65621493401413,30.261423577202827,30.338665008544922,28111300.0
2019-12-30,30.52748442449275,30.596144943818206,30.1155311302813,30.16702651977539,30705100.0
2019-12-31,30.064037083288923,30.26143117429355,30.012544965409223,30.22710418701172,29630100.0
2020-01-02,30.33867307454918,30.60472769188736,30.287180955906532,30.587562561035156,37614200.0
2020-01-03,30.021124209347075,30.167026174285837,29.83231105727823,29.95246696472168,50357900.0
2020-01-06,29.531926718142792,29.95246417017468,29.497596462076224,29.909549713134766,42185000.0
2020-01-07,29.78082445642301,29.96963436953766,29.634922464469437,29.7121639251709,34149000.0
2020-01-08,29.669248571642612,30.201354518608994,29.652083441235455,30.012544631958008,45311600.0
2020-01-09,30.295763599095903,30.321512933788576,29.98679777409694,30.06403923034668,39861600.0
2020-01-10,30.038291367090146,30.09836768791121,29.74649069142471,29.81515121459961,39730400.0
2020-01-13,29.90096768002669,30.09836173423764,29.74648480735494,30.089780807495117,37956100.0
2020-01-14,30.29575830257368,30.613305001011646,30.132694489627387,30.312923431396484,66719300.0
2020-01-15,29.840895381191196,29.85806051089623,29.47185327731726,29.755069732666016,74745500.0
2020-01-16,29.952466057676777,30.029707501737334,29.694992394865842,29.797983169555664,50368500.0
2020-01-17,29.96962905239752,29.995378384005836,29.69499352394291,29.789400100708008,54156100.0
2020-01-21,29.54051219901126,29.626337852408103,29.368867440045417,29.403194427490234,50811000.0
2020-01-22,29.49760413791102,29.566264667910918,29.377451484325462,29.489023208618164,38879700.0
2020-01-23,29.25728731930877,29.403185977282572,28.94832160370191,29.28303337097168,45717100.0
2020-01-24,29.28303482249004,29.300199949087162,28.553534948634788,28.785259246826172,47797200.0
2020-01-27,27.952769944080597,28.433383689940122,27.86694758092257,28.19307518005371,57096200.0
2020-01-28,28.33897504843077,28.742347328309286,28.278898743842017,28.527788162231445,38834600.0
2020-01-29,28.605031601386944,28.699434891002454,28.304646783439573,28.330392837524414,37414700.0
2020-01-30,28.06434106251089,28.76809490256533,28.038591734958402,28.7337646484375,50542800.0
2020-01-31,28.381893598643966,28.467715977800985,28.02143567748781,28.175918579101562,54845300.0
2020-02-03,28.321810429569375,28.66510641100819,28.253149923716368,28.296064376831055,48485500.0
2020-02-04,28.802424062889838,29.094224664068516,28.776674736315204,28.85391616821289,45061600.0
2020-02-05,29.265875101493364,29.875225749546164,29.24012904379879,29.789400100708008,54604800.0
2020-02-06,29.9867940728134,30.046870389824157,29.694993415655258,29.755069732666016,39511500.0
2020-02-07,29.454687576598573,29.746488228099818,29.386030333023164,29.703577041625977,31263000.0
2020-02-10,29.55767286544878,29.772232055664062,29.506180755101703,29.772232055664062,24373800.0
2020-02-11,29.909555765907776,30.072622878267016,29.83231431108342,29.840898513793945,32476300.0
2020-02-12,30.106948410850908,30.42449510905157,29.84947475261482,29.969627380371094,36656700.0
2020-02-13,29.83230749160657,30.06403180310893,29.652078562853625,29.961044311523438,31775100.0
2020-02-14,29.9352990421414,30.003956280361113,29.78081616375527,29.909549713134766,26447700.0
2020-02-18,29.84089592504329,29.892391315096905,29.188634080019355,29.41177749633789,40318000.0
2020-02-19,29.566258837373994,29.90955159793254,29.53192857914405,29.797983169555664,29632100.0
2020-02-20,29.57483790126929,30.10694704856081,29.57483790126929,29.909549713134766,42604100.0
2020-02-21,29.634921923996554,29.729328515789284,29.300210025032708,29.489023208618164,46675500.0
2020-02-24,28.476295075428215,28.50204112977732,27.90985896235461,28.090087890625,79159600.0
2020-02-25,28.05575792068078,28.1158342307148,26.468021257358824,26.67399787902832,91586800.0
2020-02-26,26.940052363845567,27.120282941294725,26.227715892313086,26.287792205810547,80012800.0
2020-02-27,25.360896297381476,26.004573884999857,24.81162527977329,25.000436782836914,121148300.0
2020-02-28,24.030627066628973,24.67430457734225,23.773156717126287,24.459745407104492,171198800.0
2020-03-02,24.33100957780461,25.21499228775123,23.55001435010589,25.206411361694336,147776300.0
2020-03-03,25.206416874039927,25.532546155087584,23.70450239432889,23.816072463989258,138698500.0
2020-03-04,24.24518856348629,24.391088878727132,23.515686987282088,24.365341186523438,111239800.0
2020-03-05,23.52754093726112,23.622549890451864,22.802021915844993,23.130233764648438,110878700.0
2020-03-06,21.998771377055135,22.63791885341043,21.679198462578462,22.20606231689453,119121200.0
2020-03-09,19.200340208552916,20.288618821038757,18.578467421733237,18.941226959228516,145196000.0
2020-03-10,20.081329977767798,20.452726881801162,18.647566334803205,20.39226722717285,134863600.0
2020-03-11,19.72720888314854,20.694566708480714,19.226255311750986,19.58037757873535,127347000.0
2020-03-12,17.783854909374963,19.753121597286217,17.40382064032496,17.714757919311523,139552600.0
2020-03-13,19.165791754383832,20.94504005668994,18.5525546733947,20.867305755615234,128357400.0
2020-03-16,17.14470784774653,18.76848798608049,16.91150488159257,17.654298782348633,121688800.0
2020-03-17,18.18979339060864,19.59764635392118,17.3001701492459,18.98440933227539,120065700.0
2020-03-18,17.507457722695676,18.11205565527726,17.01514172201881,17.956588745117188,148272500.0
2020-03-19,17.49882410856968,18.78575617283673,16.41054562224818,18.310714721679688,122461300.0
2020-03-20,18.794391021857685,18.863487981050486,16.894222172953494,16.98923110961914,150910400.0
2020-03-23,16.635109085880096,16.989231209755616,15.503645754653471,15.615927696228027,181898500.0
2020-03-24,16.773308410514332,18.26753167302609,16.41918617251795,18.16388702392578,147882400.0
2020-03-25,18.75120608994854,19.08805523797866,17.62837998958575,18.224342346191406,146991300.0
2020-03-26,18.40572289106409,19.822213279144865,18.284803602684686,19.623558044433594,116111400.0
2020-03-27,18.725295465957913,19.17442655807019,18.22434206241778,18.656198501586914,91522800.0
2020-03-30,18.699390357466203,19.303990253418423,18.37118006795643,19.036239624023438,80449100.0
2020-03-31,18.8462148792369,19.42490257784104,18.103421271278926,18.336624145507812,95213700.0
2020-04-01,17.213795486896434,17.576554910233085,16.85103606355978,17.07560157775879,83961300.0
2020-04-02,16.971957069233643,17.956590832445496,16.92013475982297,17.766572952270508,70007400.0
2020-04-03,17.619741823275366,17.913404324280084,16.997869163889714,17.300168991088867,68293500.0
2020-04-06,18.163883646463237,18.65619975665154,17.97386574610867,18.47481918334961,97766200.0
2020-04-07,19.69265282661141,19.761749790489283,18.872126586486846,19.122602462768555,94560300.0
2020-04-08,19.355807981295975,20.383626901050174,19.355807981295975,20.254070281982422,81212300.0
2020-04-09,20.789574417629137,21.86921581154342,20.77229975995002,21.471908569335938,125275700.0
2020-04-13,21.402808816256975,21.463268462907692,20.53909581289974,20.660015106201172,83164700.0
2020-04-14,21.160966161721625,21.29052276792531,19.951768424817857,20.495906829833984,88991100.0
2020-04-15,19.13988048142343,19.563099665525623,18.923952225407913,19.16579246520996,99082200.0
2020-04-16,19.131240540601894,19.18306285369535,18.21570532140992,18.500730514526367,89213300.0
2020-04-17,19.295348106975307,20.21088340459691,19.269436124508005,20.10723876953125,92800300.0
2020-04-20,19.494003810512368,19.977682670528885,19.15715623892611,19.433544158935547,74446300.0
2020-04-21,18.915317645994108,19.321263880627022,18.56983271564851,18.690752029418945,78871300.0
2020-04-22,19.13987659048688,19.20033622629612,18.785754454402905,18.82893943786621,49669500.0
2020-04-23,18.967133121948276,19.338529905681032,18.87212583005028,18.889400482177734,50614800.0
2020-04-24,19.0966944384784,19.26079871789182,18.716660267528102,19.157154083251953,47633500.0
2020-04-27,19.450816881207967,20.42681183259406,19.390357235644462,20.271343231201172,66916700.0
2020-04-28,21.1177803542,21.428715867516473,20.599552302137123,20.63409996032715,65504900.0
2020-04-29,21.51509302771537,21.68783630537956,21.169608119788982,21.40281105041504,73493900.0
2020-04-30,20.910488933118632,21.05732019492788,20.59955340318266,20.772294998168945,55244100.0
2020-05-01,20.19360530203448,20.262702262748828,19.701289251019578,19.934492111206055,51772600.0
2020-05-04,19.60628001158329,19.856755851509956,19.373077174567847,19.804933547973633,45886100.0
2020-05-05,20.279979739915717,20.314529048786586,19.53718772061093,19.571735382080078,45691900.0
2020-05-06,19.86539870796974,19.93449568105791,19.200339312369977,19.303985595703125,53874600.0
2020-05-07,19.571736671134147,20.18497376476799,19.528551679602984,19.727205276489258,51884300.0
2020-05-08,20.27134207599996,20.400900334712098,20.08132582257142,20.35771369934082,45181000.0
2020-05-11,19.960406308411525,19.96904363538629,19.485363209209655,19.50263786315918,68951800.0
2020-05-12,19.614917750114294,19.70992668941379,18.87212583005028,18.889400482177734,69588700.0
2020-05-13,18.70802443544216,18.78575874133639,17.896133711325664,18.025691986083984,112113400.0
2020-05-14,17.52473832691873,18.82030788355987,17.36063238847166,18.751209259033203,88359100.0
2020-05-15,18.483456063718158,18.742570926830155,18.33662480217519,18.51800537109375,64484000.0
2020-05-18,19.36443984941157,19.917215480202554,19.062140058547254,19.804933547973633,86589400.0
2020-05-19,19.571736933017174,19.8653994920836,19.16579240602622,19.18306541442871,62179000.0
2020-05-20,19.58901082168732,19.865398714125654,19.554461511431636,19.78766441345215,59789500.0
2020-05-21,19.70129363481704,20.098602482882104,19.675383298409702,19.779027938842773,57726000.0
2020-05-22,19.804938274753294,19.822212929188726,19.39899213252917,19.571735382080078,48107000.0
2020-05-26,20.51318075670677,21.247337029058695,20.469995771969067,20.970949172973633,119485500.0
2020-05-27,22.51699668862232,22.60336831442874,21.566912099555196,22.43926239013672,117672700.0
2020-05-28,22.52563797673155,22.577460302366866,21.411448914861065,21.471908569335938,84340800.0
2020-05-29,21.09186732455775,21.515086412567534,20.78093017932547,20.832754135131836,113811100.0
2020-06-01,20.970950522412878,21.480541282636455,20.772295296592294,21.2559757232666,58375500.0
2020-06-02,21.55827644651559,21.92967331314578,21.21279156386025,21.454631805419922,71118100.0
2020-06-03,22.02467785512443,22.57745355647671,21.92966891367893,22.44789695739746,86744600.0
2020-06-04,22.360924516363482,23.33503012181592,22.23916193776595,23.29154396057129,94545300.0
2020-06-05,25.17887444715513,25.23105817703584,24.248254920752412,24.44829559326172,118767900.0
2020-06-08,24.865765135204036,25.13538296909776,24.474383070769097,24.82227897644043,79598500.0
2020-06-09,24.109096119097828,24.82228147026323,23.961240842000105,24.543964385986328,77773400.0
2020-06-10,24.32653275153479,24.439599441519647,23.05671807804364,23.134994506835938,90415300.0
2020-06-11,21.726014359149197,22.343528051142584,20.59535772949211,20.81279182434082,149875500.0
2020-06-12,21.76950088495771,21.786894350759347,20.908462119386943,21.552066802978516,73729700.0
2020-06-15,20.664941348449616,21.891269794047673,20.604060053246872,21.87387466430664,76538900.0
2020-06-16,22.769702158650915,22.82188588490229,21.621650227776204,22.43920135498047,96796500.0
2020-06-17,22.526174518685732,22.526174518685732,21.673833165720865,21.743412017822266,58349500.0
2020-06-18,21.48249528657016,22.169586357233534,21.378126161728517,21.77820587158203,53419000.0
2020-06-19,22.12610018505723,22.169586352712653,21.2998497284765,21.96084976196289,127563600.0
2020-06-22,21.647739952148022,21.769504184557622,21.40421480511011,21.412912368774414,55484300.0
2020-06-23,21.752111480044963,22.100005770913388,21.534677340890845,21.56077003479004,46108300.0
2020-06-24,21.343338356849642,21.343338356849642,20.595364301061547,20.70842933654785,75437100.0
2020-06-25,20.612755594943817,21.543373379166223,20.482293793581956,21.49988555908203,65031900.0
2020-06-26,20.95195217924694,20.96934730718273,20.021334400261267,20.1343994140625,118139200.0
2020-06-29,20.36053477951643,20.734521803258424,20.090916883357018,20.3431396484375,66269200.0
2020-06-30,20.17788981086311,20.79540200143115,20.090915818967225,20.6562442779541,61716200.0
2020-07-01,20.899773493153784,20.934562098522008,20.203983137987144,20.23007583618164,57379900.0
2020-07-02,20.734520930426847,20.864981090245024,20.195283501916528,20.256166458129883,56000200.0
2020-07-06,20.7171205651948,20.943252225888887,20.404014933635217,20.57796287536621,59589000.0
2020-07-07,20.334439684591953,20.3431372491056,19.916966541281695,20.012638092041016,60645800.0
2020-07-08,20.030034383693113,20.169192106207145,19.743021373646556,20.09091567993164,52922600.0
2020-07-09,19.951758874037175,20.14310033656181,19.473402729389104,19.803903579711914,79385900.0
2020-07-10,19.751713496411906,20.917160443398377,19.72562246524497,20.891069412231445,81142900.0
2020-07-13,21.195481840261703,21.317244434383735,20.751915971671675,21.038928985595703,73598100.0
2020-07-14,20.778005394577768,21.00413709387949,20.395322511658673,20.995439529418945,67423100.0
2020-07-15,21.534673131037707,21.63034466440758,21.11720006360818,21.39551544189453,57384400.0
2020-07-16,20.65623901062727,21.065014511742266,20.473595167221795,20.81279182434082,78067100.0
2020-07-17,20.769302084856847,20.856276046512505,20.177882795157117,20.195276260375977,66659100.0
2020-07-20,20.169189907646327,20.612755721892604,20.099611053973817,20.508386611938477,61114000.0
2020-07-21,20.621452193329567,21.291149715123826,20.604058723601867,21.23896598815918,75499300.0
2020-07-22,21.082417798082005,21.160694235238157,20.847588486613553,21.143299102783203,52193700.0
2020-07-23,21.325939070115517,21.430306519629294,20.969347242977157,21.343334197998047,61047600.0
2020-07-24,21.360727282607623,21.595556528123964,21.108504568412446,21.178083419799805,50217600.0
2020-07-27,21.06501838621249,21.108506208515205,20.769307830117228,20.995439529418945,54721300.0
2020-07-28,20.98674405948725,21.36073107416143,20.943257891735307,21.186784744262695,48406500.0
2020-07-29,21.18678275148793,21.99563800316653,21.038927472590867,21.978242874145508,71393500.0
2020-07-30,21.499886562089184,21.69992722602728,21.178084972907136,21.60425567626953,61755900.0
2020-07-31,21.682529717975857,21.699924844912292,21.273752529422648,21.639041900634766,61955800.0
2020-08-03,21.769502853237615,22.013027985382678,21.473792342298143,21.734712600708008,58284000.0
2020-08-04,21.708619804790636,21.795593776797343,21.62164749167447,21.752107620239258,37985300.0
2020-08-05,22.02172978922424,22.256559062348355,21.960848494464106,22.082611083984375,51322600.0
2020-08-06,22.13479578457786,22.326137227716057,21.986940505233086,22.152189254760742,51999700.0
2020-08-07,22.0391209947656,22.778397282847827,21.96954214758672,22.708818435668945,63354500.0
2020-08-10,22.88276842050656,23.31763670034305,22.795794432761095,23.100202560424805,64051100.0
2020-08-11,23.7264128680558,24.135188435345665,23.291544607959484,23.413307189941406,81441000.0
2020-08-12,23.900358791369342,23.97863520963574,22.969740995191845,23.248056411743164,61971300.0
2020-08-13,23.039321257504653,23.19587410360604,22.734913129962045,22.917558670043945,55955500.0
2020-08-14,22.66533501162679,23.187177296040034,22.543572420190362,23.021926879882812,50931900.0
2020-08-17,22.882766370090234,22.969740350042372,22.473990820873077,22.526174545288086,57518700.0
2020-08-18,22.500086800417566,22.604454264498585,22.143493264616446,22.204376220703125,45850100.0
2020-08-19,22.317441417150857,22.682730861953186,22.08261213287273,22.17828369140625,59856000.0
2020-08-20,21.882572754411914,22.030428042977842,21.760810161083825,21.83038902282715,49403700.0
2020-08-21,21.72602081298828,22.117402963534467,21.656441948323515,21.72602081298828,55010700.0
2020-08-24,21.93475906462607,22.352233943054884,21.77820785146777,22.343536376953125,54579500.0
2020-08-25,22.64793798991797,22.778398125845204,22.378318495592303,22.613147735595703,57304700.0
2020-08-26,22.560965741117283,22.560965741117283,22.213071465699937,22.230464935302734,39478000.0
2020-08-27,22.169587038961847,22.80449439617367,22.12610086996033,22.656639099121094,52934800.0
2020-08-28,22.96104510997031,23.0219264044312,22.60445324907867,22.87407112121582,46466400.0
2020-08-31,22.6914263226534,22.73491248583135,22.343532040557395,22.38701820373535,49416200.0
2020-09-01,22.24786065401236,22.526176081729698,22.091307811198657,22.360925674438477,46109200.0
2020-09-02,22.204375837910025,22.75230916211659,22.16958557788883,22.63054656982422,57300900.0
2020-09-03,22.945830509785395,23.31366449009466,22.297740716021938,22.472900390625,86192500.0
2020-09-04,22.998379523357784,23.43627707329884,22.59551290877979,23.243602752685547,99621400.0
2020-09-08,22.893282639812284,23.050926019990534,22.236436336033922,22.315258026123047,74978600.0
2020-09-09,22.455388208301954,22.525451756906378,22.096312312898444,22.341535568237305,53822700.0
2020-09-10,22.507936892629786,22.674336774835975,21.964943143658132,22.01749038696289,56609600.0
2020-09-11,22.08755188588168,22.402838657355886,21.97369925754188,22.332775115966797,47708300.0
2020-09-14,22.48165994011362,22.76191410055758,22.36780731385072,22.55172348022461,47802400.0
2020-09-15,22.569245705777863,22.621792957039595,22.061284489055776,22.140106201171875,63820200.0
2020-09-16,22.140098795541174,22.691848925352243,21.938664670595966,22.420352935791016,64598600.0
2020-09-17,22.00873426626477,22.315262942990103,21.982461477410563,22.2014102935791,48862000.0
2020-09-18,22.026243433548597,22.402835542572866,21.98245435268611,22.07879066467285,94055800.0
2020-09-21,21.518287785562464,21.70220564609935,21.045359246440196,21.430707931518555,75218600.0
2020-09-22,21.25554982366339,21.544562171740843,20.85268316457092,20.966537475585938,68665300.0
2020-09-23,21.10666457406628,21.246791671899267,20.370996475219727,20.370996475219727,59950300.0
2020-09-24,20.476084318369377,20.86143454757768,20.099493909185473,20.44105339050293,53570700.0
2020-09-25,20.388513461348555,20.62497690281398,20.257142841099423,20.572429656982422,42111300.0
2020-09-28,20.91398636470771,21.290578526990593,20.835166342097583,21.097904205322266,47996900.0
2020-09-29,21.00156408552982,21.010322236144543,20.60745733054594,20.81764793395996,45695200.0
2020-09-30,20.826408190597217,21.29933667849096,20.817650039096847,21.097904205322266,56226100.0
2020-10-01,21.25554990843536,21.37816070191274,20.8964740100115,21.106664657592773,44782200.0
2020-10-02,20.703792437527163,21.395671261673687,20.642487057250143,21.20299530029297,51682100.0
2020-10-05,21.474496722598648,21.640896592516615,21.351884270013183,21.562076568603516,44396800.0
2020-10-06,21.82481486108054,22.06127994876346,21.264306508451398,21.343128204345703,67541100.0
2020-10-07,21.57082712870032,21.991209940041042,21.544554351423262,21.789775848388672,47648000.0
2020-10-08,21.851088495462925,22.15761544525994,21.728476045097526,22.10506820678711,52080600.0
2020-10-09,22.192646814458083,22.324015738542553,21.92990896628914,22.210163116455078,44511500.0
2020-10-12,22.157618179396497,22.621790242781646,22.105070934439603,22.490421295166016,48362900.0
2020-10-13,22.455384963155833,22.490417567618678,21.754749578364123,21.85108757019043,61186900.0
2020-10-14,21.32560926642388,21.535799872695573,20.66000484467362,20.686279296875,127409500.0
2020-10-15,20.660005001126322,21.1942405068082,20.5636670127715,21.150449752807617,66832400.0
2020-10-16,21.194240003137082,21.325608921123987,20.966533099084785,21.229270935058594,58357700.0
2020-10-19,21.28181815765854,21.29933445883386,20.74758433538266,20.77385711669922,51377900.0
2020-10-20,20.922740565708196,21.439459713540135,20.913982415861486,21.14168930053711,62476400.0
2020-10-21,21.211759090785943,21.316855249525613,21.02784290104999,21.06287384033203,41564900.0
2020-10-22,21.06287154567939,21.816055868326995,21.01908245873566,21.781024932861328,55402000.0
2020-10-23,22.10506914162831,22.12258544534223,21.640897115889405,21.80729866027832,51007400.0
2020-10-26,21.43070116145224,21.52703913751157,21.150447053402836,21.492008209228516,59450200.0
2020-10-27,21.27306471462689,21.360642892113997,20.852681778634157,20.887714385986328,55009300.0
2020-10-28,20.502365323312425,20.72131412144301,20.248385586113262,20.554912567138672,81942500.0
2020-10-29,20.458577065891077,20.800136670356043,20.24838641157057,20.616220474243164,57490400.0
2020-10-30,20.572427898541168,20.878956535510376,20.353479110769833,20.756345748901367,66453400.0
2020-11-02,20.922746018189738,21.246790965179223,20.554911981001514,21.089147567749023,59756400.0
2020-11-03,21.527044567997493,21.842331354311526,21.46573917520236,21.623382568359375,65106200.0
2020-11-04,20.922744832001477,21.14169361147557,20.37975279435583,20.738828659057617,88845500.0
2020-11-05,20.931506336437973,21.710965252123,20.89647539474311,21.553321838378906,74722600.0
2020-11-06,21.83357646208501,21.859849251235822,21.220519101713325,21.29058265686035,55454500.0
2020-11-09,23.29614871976536,24.75872652357867,23.033409201869535,24.312070846557617,178378800.0
2020-11-10,24.07560589302195,24.312070959088746,23.804109893341465,24.224491119384766,77694600.0
2020-11-11,24.303316463460323,24.32083276812499,23.751566230097254,23.94424057006836,48360900.0
2020-11-12,23.50634223708035,23.55888947897549,23.042170200740934,23.37497329711914,67912600.0
2020-11-13,23.541372962920125,23.8303852964115,23.436278480076,23.646469116210938,52421000.0
2020-11-16,24.39965170827809,24.522262486166017,23.80411078062832,24.154428482055664,57396700.0
2020-11-17,23.865418774846592,24.171947423475256,23.655228131044673,24.128156661987305,46402300.0
2020-11-18,24.19821852243829,24.460958061703387,23.611435722993523,23.628952026367188,54416700.0
2020-11-19,23.585162938379653,23.655226481427686,23.33993970248822,23.628952026367188,46423000.0
2020-11-20,23.418760909354415,23.602678750053197,23.322422913252833,23.480066299438477,40538000.0
2020-11-23,23.742802234764163,24.101878039789124,23.6990114838792,23.98802375793457,45421200.0
2020-11-24,24.460962202831553,25.389304722993767,24.452204049662008,25.38054656982422,80387800.0
2020-11-25,25.1440701784914,25.433084092238172,24.942637757194706,25.424325942993164,57249900.0
2020-11-27,25.371777371940308,25.48563164313505,25.231650323120768,25.389293670654297,25971600.0
2020-11-30,25.15283843155377,25.27545089979077,24.609846323814338,24.66239356994629,63567900.0
2020-12-01,25.170351205755615,25.433090740447472,25.109045815461496,25.126562118530273,50255100.0
2020-12-02,25.12656213766985,25.555701540502174,24.986435053906096,25.450605392456055,45257500.0
2020-12-03,25.503477548083264,25.644477977968165,25.230287744430765,25.477039337158203,54013700.0
2020-12-04,25.732605301710592,25.935293222440144,25.55635391272796,25.811918258666992,66188200.0
2020-12-07,25.4682253535917,25.68853872461041,25.28316292874764,25.635663986206055,42197800.0
2020-12-08,25.43298337529729,25.688546084856497,25.3536704045373,25.494670867919922,33869100.0
2020-12-09,25.776670810955654,25.776670810955654,25.336043959486325,25.38010597229004,54886300.0
2020-12-10,25.23029246727367,25.670919313359093,25.089292010994978,25.653295516967773,58859600.0
2020-12-11,25.274356199289482,25.336043688899082,24.939478854468756,25.177417755126953,40538400.0
2020-12-14,25.485856755056425,25.52110602857294,24.79847827247516,24.86897850036621,40267100.0
2020-12-15,24.98354063970108,25.397729238918828,24.89541494090682,25.239103317260742,43672700.0
2020-12-16,25.380101045393086,25.397726519436254,25.062850916904633,25.309600830078125,42463200.0
2020-12-17,25.30079065025107,25.48585478469366,25.142166410403277,25.40654182434082,43182700.0
2020-12-18,25.459418187818304,25.64448233401384,25.17741728014701,25.26554298400879,82817200.0
2020-12-21,25.64448282354921,26.428798073089283,25.31841821729368,26.208484649658203,93397400.0
2020-12-22,26.243730952103896,26.243730952103896,25.7061657563494,25.74141502380371,39054300.0
2020-12-23,25.90004499539411,26.746049398257483,25.847170245483273,26.481672286987305,52537200.0
2020-12-24,26.675550782367353,26.675550782367353,26.208485700851117,26.402360916137695,22632300.0
2020-12-28,26.640293580874637,26.922294439127935,26.42879293718466,26.552167892456055,32861200.0
2020-12-29,26.587419193205946,26.657919408705403,26.375918546707574,26.44641876220703,33291900.0
2020-12-30,26.437608385819352,26.63148357553986,26.38473363968792,26.41998291015625,26370100.0
2020-12-31,26.446417169516923,26.781292752757608,26.349478748721474,26.710792541503906,28716000.0
2021-01-04,26.842986052807625,26.9399244946401,26.217296752254725,26.464048385620117,51483900.0
2021-01-05,26.587425538658607,26.913490163699453,26.358299363386845,26.666738510131836,48507000.0
2021-01-06,28.11199460208723,28.746496704048713,27.636118445830654,28.33230972290039,107002800.0
2021-01-07,29.354561195460477,29.627747683872936,28.94037089145966,28.957996368408203,74358500.0
2021-01-08,29.010867480690106,29.08136938372877,28.297054201860306,28.667179107666016,44641400.0
2021-01-11,28.27942872753398,29.195933296788517,28.111990069524424,29.143056869506836,51868200.0
2021-01-12,29.451495840921556,29.93618804555463,29.257622320784268,29.66299819946289,68166200.0
2021-01-13,29.460305489759868,29.680618870113015,29.160679158010975,29.48674201965332,43172800.0
2021-01-14,29.504370422410375,30.288685596452716,29.45149399565899,29.953811645507812,48483500.0
2021-01-15,29.336934657346163,29.636561031201452,28.81699487217716,29.090181350708008,57684300.0
2021-01-19,28.640740413288743,29.610117974898465,28.376365020278413,28.878679275512695,78130200.0
2021-01-20,28.869867418641707,28.896307313489224,28.341116585712708,28.49974250793457,53920000.0
2021-01-21,28.499741264577178,28.623116229430416,27.962176036246078,27.997426986694336,49626600.0
2021-01-22,27.636113744550226,27.979802114539343,27.539175309585968,27.803550720214844,45314500.0
2021-01-25,27.556802102317334,27.583238636129085,26.939923873554648,27.459863662719727,48078400.0
2021-01-26,27.671361317774625,27.697799529559166,27.23954727710706,27.2659854888916,36373000.0
2021-01-27,26.71079736440718,26.816548540810984,26.146795572541354,26.287796020507812,63809200.0
2021-01-28,26.807734001156003,27.098547615650627,26.367107210657622,26.719608306884766,51223300.0
2021-01-29,26.790111633878972,26.878237338373108,26.076296621106682,26.12917137145996,64019100.0
2021-02-01,26.323049626910805,26.4728628280871,26.058672499674824,26.402360916137695,40985300.0
2021-02-02,26.948733989916196,27.495111940593468,26.913484721310642,27.345298767089844,53527000.0
2021-02-03,27.239546636492207,27.962174266364027,27.213108425329438,27.829986572265625,49404900.0
2021-02-04,28.02386876876251,28.667183607243576,28.00624497109451,28.6407470703125,51751900.0
2021-02-05,28.984434515694392,29.002059993623636,28.4821201607176,28.526182174682617,42008800.0
2021-02-08,28.579053549040815,29.32811773898573,28.552617017685176,29.160680770874023,46014100.0
2021-02-09,29.054931306732087,29.098993312931558,28.72005400852805,29.03730583190918,35868600.0
2021-02-10,29.187120474011564,29.45149590144457,28.957996000027215,29.063745498657227,45031900.0
2021-02-11,29.054933230873115,29.354559599273873,28.684804958511798,28.97562026977539,29479900.0
2021-02-12,29.081373428237793,29.477938283693373,29.002060457146676,29.40743637084961,37468300.0
2021-02-16,29.944993388110444,30.45612202937003,29.698243485000464,30.200557708740234,52802600.0
2021-02-17,29.997881116666058,30.456133510704365,29.777567659631288,30.323944091796875,45455300.0
2021-02-18,30.015501545328718,30.53544135089881,29.98025059132356,30.130062103271484,37541700.0
2021-02-19,30.138876876253462,30.60594025629592,30.12125139904408,30.43850326538086,54514100.0
2021-02-22,30.359188373021738,31.064190608096364,30.32393742083905,30.97606658935547,56783400.0
2021-02-23,31.214002364315153,31.628192651516265,30.967252420475777,31.3021297454834,67440700.0
2021-02-24,31.496010947321597,32.18338780624416,31.372632596743927,32.06001281738281,58139500.0
2021-02-25,32.57113668218092,32.63282417363945,31.51363154590935,31.6634464263916,74762000.0
2021-02-26,31.48718927574413,31.751564671236032,30.561873710664692,30.58831024169922,70933300.0
2021-03-01,31.30213257930537,31.769195975775418,31.055382613127403,31.540071487426758,45901700.0
2021-03-02,31.41668498763287,31.67224591818407,31.28449563322903,31.310932159423828,41167400.0
2021-03-03,31.698687811159672,32.579941265021525,31.584123920877392,32.09524917602539,66047000.0
2021-03-04,32.006699533114045,32.65320967152764,31.811859657992734,32.32552719116211,96512800.0
2021-03-05,32.79491015514842,33.29971948262465,32.03326706361204,32.70634841918945,74292300.0
2021-03-08,33.104872461140296,33.41484181684627,32.60891811359813,32.88346481323242,65335500.0
2021-03-09,32.369797997155715,32.91003320775458,31.71443324015024,32.16610336303711,63946000.0
2021-03-10,32.36094425887472,33.237716696837,32.21038529393999,33.09601593017578,53365600.0
2021-03-11,33.007452388524456,33.46798069925244,32.63548578514653,32.98088455200195,45834000.0
2021-03-12,33.58312087006468,33.81338678749961,33.28200961842673,33.600833892822266,46069600.0
2021-03-15,33.680535489677865,33.71596152960116,32.96317676250323,33.432559967041016,50131600.0
2021-03-16,33.14030038604379,33.405992308504516,32.74176925917898,33.335140228271484,50300400.0
2021-03-17,33.653961027766876,33.97278856752329,33.06059017865212,33.60968017578125,63796000.0
2021-03-18,34.105643903185374,35.398667563195886,34.025936988379335,34.48646545410156,95439700.0
2021-03-19,33.91080256060987,34.468747506119655,33.23772129210298,34.12335205078125,106252700.0
2021-03-22,33.72481465943465,33.99050316209612,33.12258558491528,33.352848052978516,54701300.0
2021-03-23,33.08715683788724,33.49454606713191,32.5734895135604,32.67976760864258,49838000.0
2021-03-24,32.95431090824069,33.46797823256753,32.670909411512895,32.67976760864258,43896800.0
2021-03-25,32.65319907252033,33.432554941618214,32.4406496217562,33.352848052978516,47517900.0
2021-03-26,33.96393532150481,34.32704376618255,33.72481801024028,34.256195068359375,66846000.0
2021-03-29,33.69825807091186,34.21192566030423,33.529989401152676,33.928524017333984,45680000.0
2021-03-30,34.2119112717115,34.94698291826018,34.2119112717115,34.530738830566406,56705900.0
2021-03-31,34.203058912651045,34.53074472542148,34.06135812657118,34.265052795410156,49270000.0
2021-04-01,34.38904416454308,35.000128175061775,34.29162424002272,34.97356033325195,65587000.0
2021-04-05,35.4252309257705,35.673206461158635,35.07097726514748,35.248104095458984,50328500.0
2021-04-06,35.008979768050466,35.558073223185964,34.94698589060177,35.15068054199219,42590100.0
2021-04-07,35.221529819964445,35.558070398244126,35.06211603964316,35.469505310058594,43136400.0
2021-04-08,35.248099984663604,35.292380842473925,34.734435952920705,35.15953826904297,45285900.0
2021-04-09,35.34552212685008,35.584642828193914,34.991268485211855,35.41637420654297,45872900.0
2021-04-12,35.41637297344038,35.7617684038847,35.292381838294865,35.47836685180664,45544600.0
2021-04-13,35.25696242855744,35.26581724982056,34.7167271143484,34.823001861572266,46770400.0
2021-04-14,34.52188173058749,35.71748511432052,34.46874267628399,35.31895065307617,52023800.0
2021-04-15,35.18611018890229,35.283530114431414,33.69825022070716,34.3093376159668,118128900.0
2021-04-16,34.81414416730176,34.91156070680999,34.45989053457229,34.67244338989258,60633400.0
2021-04-19,34.88500254860881,34.920428597396324,34.566174866349044,34.690162658691406,42321100.0
2021-04-20,34.53960563164692,34.53960563164692,33.55655477696922,33.72482681274414,50834100.0
2021-04-21,33.43255185406892,34.34475020104827,33.13143734461763,34.2916145324707,37851800.0
2021-04-22,34.31818900531869,34.33590202440841,33.80452158695571,33.97279357910156,48093400.0
2021-04-23,33.93737723929235,34.84072120054118,33.8488154969482,34.69902038574219,48674100.0
2021-04-26,34.84957089630054,35.29238629970163,34.78757701009746,34.9027099609375,34699800.0
2021-04-27,35.13296565222031,35.354373310865746,34.99126488582373,35.31895065307617,34304800.0
2021-04-28,35.363239567774116,35.62007332114972,35.31895870163676,35.45180130004883,34084400.0
2021-04-29,35.91232499979995,36.425992438744764,35.83261809990896,36.40827941894531,44008700.0
2021-04-30,36.16916193703656,36.22230100116239,35.841479487627396,35.894615173339844,39203400.0
2021-05-03,36.19571637934375,36.35513013428894,35.79718199198076,35.921173095703125,41940500.0
2021-05-04,35.63777807252247,36.38170793758586,35.23038541473073,36.310855865478516,53880000.0
2021-05-05,36.48798899657069,36.806816619532356,36.09830928921163,36.65625762939453,37471100.0
2021-05-06,36.7359619521261,37.24962939264989,36.5234124707055,37.205345153808594,39044400.0
2021-05-07,36.425992055486304,37.417897504927545,36.40827903587322,37.35590362548828,39249200.0
2021-05-10,37.63930675927173,38.028983071844856,37.22305922695933,37.24077224731445,41271500.0
2021-05-11,36.79794174156752,37.4975905550248,36.61196017193816,36.81565475463867,42964700.0
2021-05-12,37.53302956730107,37.692443361685534,36.34628430822395,36.470272064208984,47533000.0
2021-05-13,36.18687649769647,37.276202020512365,36.11602440918151,37.05479431152344,42026100.0
2021-05-14,37.249627482166,37.621590744781095,37.125636349548046,37.515316009521484,30932600.0
2021-05-17,37.40904466781998,37.94927659180429,37.338192585610955,37.85186004638672,32656400.0
2021-05-18,37.8164372616336,38.03784496998226,37.320482778703735,37.33819580078125,37880300.0
2021-05-19,36.88652031887203,37.19648971513293,36.58540574318443,37.169921875,42672800.0
2021-05-20,37.107934901469335,37.31162959669272,36.71825515546488,37.081363677978516,36871100.0
2021-05-21,37.21420249042944,37.72786654063496,37.09906955325408,37.550743103027344,40243800.0
2021-05-24,37.71015563500296,37.887279066670786,37.417895891607834,37.75443649291992,31390800.0
2021-05-25,37.80757431518878,38.31238355657908,37.13449645280609,37.205345153808594,52657700.0
2021-05-26,37.21420912705597,37.41790381936121,36.895381477043045,37.2319221496582,41332800.0
2021-05-27,37.621592241037376,37.949274658527706,37.30276464416547,37.68358612060547,52981100.0
2021-05-28,37.78100223485331,37.82528309031235,37.24076701438009,37.5418815612793,38509700.0
2021-06-01,38.03784746918603,38.33010390663338,37.878433638427936,38.01127624511719,42890700.0
2021-06-02,38.170677200147985,38.23267107137396,37.727861903726726,38.02897644042969,34180500.0
2021-06-03,38.0378756463175,38.67821505724054,37.95783321995213,38.46476745605469,46981200.0
2021-06-04,38.45587189919843,38.589273669375665,38.09123496583256,38.48255157470703,37192600.0
2021-06-07,38.48255296425939,38.58927506278162,38.29578844368692,38.34914779663086,28401900.0
2021-06-08,38.117920271380235,38.455877579153984,37.735495700312896,38.13570785522461,41871400.0
2021-06-09,37.771069974280785,38.002301773516976,37.45090025792712,37.637664794921875,42366300.0
2021-06-10,38.028971661891575,38.2068440576992,37.01510341621201,37.07735824584961,40123600.0
2021-06-11,37.18408651783206,37.25523344593021,36.91727620772041,37.228553771972656,31203600.0
2021-06-14,37.21966221266169,37.2730249588412,36.51707138078723,36.783878326416016,36050700.0
2021-06-15,36.71272831324032,36.961751071580736,36.37477442910629,36.8105583190918,39247900.0
2021-06-16,36.71272790687269,37.344175194206166,36.170218529617216,37.01511001586914,63859100.0
2021-06-17,37.370854210182465,37.44200114435259,35.325329811435346,35.39647674560547,80728200.0
2021-06-18,34.693878554189986,34.95179337030921,34.23141505356548,34.48932647705078,102774200.0
2021-06-21,34.79171188080386,35.378688495310385,34.71166946097869,35.35200881958008,48119400.0
2021-06-22,35.46763745635101,35.805591429712685,34.93402002699229,35.54767990112305,44113200.0
2021-06-23,35.716652613642715,35.94788443051559,35.63661017844924,35.752227783203125,32039900.0
2021-06-24,35.96567387072544,36.47260818889134,35.734442041923565,36.31252670288086,37161800.0
2021-06-25,36.703835812182085,37.201877930715746,36.32141128043263,37.01511001586914,53178800.0
2021-06-28,36.872823538515014,36.979549061828244,36.55265375384606,36.961761474609375,34416500.0
2021-06-29,37.02400991601576,37.30860447691689,36.241373177220254,36.365882873535156,38519600.0
2021-06-30,36.250262765007385,36.78388007425494,36.214690991831844,36.66826248168945,29159800.0
2021-07-01,36.96175349524409,37.08626318626147,36.65047587506602,36.943965911865234,28045100.0
2021-07-02,36.792775019528364,36.8817129409431,36.55264772066077,36.59711837768555,28980800.0
2021-07-06,36.29473903730828,36.35699389079621,35.458739474524606,35.63661193847656,47578700.0
2021-07-07,35.19192397992973,35.57434849769065,35.005159464549074,35.35200881958008,43499900.0
2021-07-08,34.347029232404644,34.89843402396311,34.22251956741851,34.48932647705078,52793100.0
2021-07-09,35.26307495498579,35.78779674069822,35.04073527277941,35.60992431640625,43887200.0
2021-07-12,35.38758587526601,36.29473221759839,35.25418070420985,36.134647369384766,42624500.0
2021-07-13,36.00123815022783,36.00123815022783,35.200817391796164,35.44983673095703,54338100.0
2021-07-14,34.78282555482716,35.174142231849444,33.608872131125516,34.56048583984375,105651700.0
2021-07-15,34.142478238110215,34.97847754547507,34.08022340364271,34.53379821777344,54697300.0
2021-07-16,34.88064473334664,34.942899562785996,33.43098929218641,33.7244758605957,60469700.0
2021-07-19,32.68393219156164,33.12861154110669,32.470484611020964,32.844017028808594,83251500.0
2021-07-20,32.78176575684994,33.90235634682746,32.55942605789424,33.51993179321289,59462900.0
2021-07-21,33.840101644828096,34.480441066156196,33.77784680026949,34.20473861694336,49907400.0
2021-07-22,34.11581194482745,34.151387119228865,33.511047550544774,33.760066986083984,52715600.0
2021-07-23,33.973507070269605,34.0357619152835,33.40431797720854,33.52882766723633,48659400.0
2021-07-26,33.493255125560346,34.0090849019681,33.493255125560346,33.9112548828125,32258000.0
2021-07-27,33.546615491559216,34.00908248115354,33.315380300444744,33.77784729003906,39121400.0
2021-07-28,33.96461424407201,34.24031671690735,33.573297560084484,33.9112548828125,43331100.0
2021-07-29,34.28478066180464,34.66720521275736,34.12469580826003,34.40039825439453,43039100.0
2021-07-30,34.249212203276365,34.53381019291757,33.840107894159644,34.11581039428711,46210100.0
2021-08-02,34.151387119228865,34.64053389302461,33.71559971439989,33.760066986083984,49894000.0
2021-08-03,33.84899094798731,34.35592509970282,33.39541614320988,34.28477478027344,39680600.0
2021-08-04,33.8223151751841,34.48044220128578,33.67112580274577,34.035762786865234,42289800.0
2021-08-05,34.302561986999535,34.73834920717928,34.284774407335675,34.70277404785156,34754500.0
2021-08-06,35.10299555637506,35.938991669774126,35.10299555637506,35.707759857177734,58022300.0
2021-08-09,35.61881793584594,36.42813427802019,35.396478244120765,36.17021942138672,56340100.0
2021-08-10,36.20579478447446,37.01511113107867,36.09018058684135,36.846134185791016,44987300.0
2021-08-11,36.9973199889461,37.5220417495106,36.89059789653943,37.308597564697266,58458200.0
2021-08-12,37.55762384204916,37.6109865944171,37.148519585132654,37.48647689819336,37400100.0
2021-08-13,37.43311395946968,37.55762365507356,36.84613725688369,37.024009704589844,41344900.0
2021-08-16,36.60600868586268,36.73051837712811,36.116862016190815,36.72162628173828,38599100.0
2021-08-17,36.508171788122915,36.97063869177146,36.12574729842573,36.54374694824219,43526900.0
2021-08-18,36.25916706365153,36.93507841511485,36.16133703021867,36.276954650878906,50342500.0
2021-08-19,35.68106944333126,36.170216040883645,35.58323944529396,35.743324279785156,51883900.0
2021-08-20,35.65440007681713,35.99235742430105,35.49431519604239,35.903419494628906,40415000.0
2021-08-23,36.13465141186486,36.5526477688433,36.10796833908786,36.383670806884766,35364500.0
2021-08-24,36.55264482250568,37.068474547908075,36.49928546652235,36.890602111816406,35579300.0
2021-08-25,37.050689568775496,37.75328387476348,36.9439674566744,37.48647689819336,51219900.0
2021-08-26,37.79775712320292,38.100139315893955,37.37086521457475,37.38865280151367,41184500.0
2021-08-27,37.459787529641225,37.931149948080176,37.29970269207844,37.78885269165039,46468600.0
2021-08-30,37.91336496719663,37.91336496719663,37.024006205356166,37.05068588256836,44855600.0
2021-08-31,37.05958315064645,37.41532806209553,36.78388406727658,37.130733489990234,54654600.0
2021-09-01,37.13073261545896,37.157412295767045,36.49039314698634,36.6326904296875,52361900.0
2021-09-02,36.74889818738192,37.088587322773144,36.32875645176698,36.6684455871582,44538900.0
2021-09-03,36.668442699615404,36.82040681583791,36.364511057150736,36.69525909423828,41812400.0
2021-09-07,36.87405255733355,37.410401048704735,36.81147868034093,36.93662643432617,43748600.0
2021-09-08,36.722088483942834,37.08859408287124,36.364520548881714,36.45391082763672,36064400.0
2021-09-09,36.34663581696688,36.96343682270508,36.257245552953805,36.58799362182617,36266400.0
2021-09-10,36.847233774190954,36.96344044679748,35.971196142895465,35.99801254272461,40514700.0
2021-09-13,36.292996001391046,36.614806375849945,36.06951695357455,36.596927642822266,42036300.0
2021-09-14,36.766785263646135,36.92769050060027,35.45272696519431,35.61363220214844,53820400.0
2021-09-15,35.51529226380374,36.060581722835906,35.4616560611052,35.881797790527344,52358200.0
2021-09-16,36.18573668978869,36.480730748601204,35.93544118050818,36.15892028808594,42922000.0
2021-09-17,36.06058679728044,36.35557742858374,35.82817003958755,36.20361328125,92746000.0
2021-09-20,35.20242501102164,35.27393654214073,34.29062997161759,34.96106719970703,67566200.0
2021-09-21,35.104086768759714,35.39907731789884,34.809092809601175,34.978939056396484,38271100.0
2021-09-22,35.53317099803658,36.22148692091162,35.53317099803658,35.881797790527344,46261400.0
2021-09-23,36.43602217761663,37.437210759410455,36.33769426174404,37.267364501953125,49779800.0
2021-09-24,37.294184975911556,37.84841206541374,37.23161111467839,37.66962814331055,39042300.0
2021-09-27,38.152348638799864,38.822785875784376,38.116591167755864,38.67081832885742,49755400.0
2021-09-28,38.822790183828864,39.36807974268857,38.49204206502005,38.5814323425293,60781200.0
2021-09-29,38.59930408124586,38.72445181107534,38.20598215749324,38.500972747802734,44260200.0
2021-09-30,38.751261642245055,38.751261642245055,37.75007656320956,37.946739196777344,47410800.0
2021-10-01,37.973562592273545,38.822783727464966,37.89310999188657,38.50991439819336,40987100.0
2021-10-04,38.53673211933482,39.39489094627407,38.50097464904067,38.742332458496094,48273400.0
2021-10-05,39.126717234277066,40.0027548074501,39.037323557410375,39.52898025512695,54070700.0
2021-10-06,39.19823707197965,39.59156251349981,38.930062804592794,39.54686737060547,47031700.0
2021-10-07,40.03852395815,40.11003551048446,39.35914545585665,39.439598083496094,46258800.0
2021-10-08,39.39488414505491,40.05638359121373,39.26079535961126,39.6362419128418,39389400.0
2021-10-11,39.86867331358095,40.05639836444095,39.1088456758863,39.13566207885742,36283500.0
2021-10-12,39.037318711016646,39.332312693023766,38.67975427800096,38.921112060546875,36898300.0
2021-10-13,38.93005844315159,39.010511055356396,37.83948275662243,38.56355285644531,43908000.0
2021-10-14,39.66306858576323,40.31562713001166,38.867483557981174,40.28881072998047,82201000.0
2021-10-15,40.91454504399959,41.719067581149616,40.54803953695998,41.45089340209961,64264900.0
2021-10-18,41.37938250854977,41.91573087480946,41.14696238248941,41.37044143676758,49542500.0
2021-10-19,41.5671074031801,41.68331747545697,41.29893319871198,41.54922866821289,32515500.0
2021-10-20,41.558179661271446,42.22861703749529,41.164854218140114,42.09452819824219,40411000.0
2021-10-21,42.103456911856384,42.44314606506602,41.6654398287888,41.86210250854492,36848600.0
2021-10-22,42.005128041383735,42.56829284985976,42.005128041383735,42.523597717285156,36225600.0
2021-10-25,42.72919962622287,42.89010483742367,42.192851195567,42.46996307373047,31679500.0
2021-10-26,42.60405249592329,43.292368484791886,42.407389810526496,42.87222671508789,35674800.0
2021-10-27,42.443145707161754,43.059946729350045,42.04088268833457,42.04982376098633,45790800.0
2021-10-28,42.541476103328385,42.90798164346552,42.28223956249431,42.71131896972656,37209600.0
2021-10-29,42.6845025724058,43.02419171522217,42.47890223623326,42.71131896972656,31756200.0
2021-11-01,42.9973705127833,43.05994437784813,42.2643594562924,42.77389144897461,36937200.0
2021-11-02,42.523597310108116,43.28342478666083,42.32693463663894,42.80071258544922,36283400.0
2021-11-03,42.729203125122226,43.524788173417335,42.55936023717825,43.23873519897461,42553000.0
2021-11-04,43.042070219411876,43.042070219411876,41.90679613531098,42.309059143066406,47646300.0
2021-11-05,42.55041225084683,42.74707491758404,41.85315866517112,41.987247467041016,38271200.0
2021-11-08,42.32694227218793,42.72920535411366,42.237551991769145,42.3180046081543,33815500.0
2021-11-09,41.701198965728814,42.33587875390963,41.486657541967,41.90679931640625,36900300.0
2021-11-10,41.79058234589103,42.47889822902572,41.7011920899077,42.219661712646484,39385600.0
2021-11-11,42.29117839221481,42.80964803636812,42.02300079314881,42.452083587646484,31194800.0
2021-11-12,42.46996123086891,42.48783996578433,41.79952401663068,41.93361282348633,44268500.0
2021-11-15,42.246483202898105,42.3626932777086,41.92467619653228,42.05876159667969,35335500.0
2021-11-16,42.174976825540554,42.26436710322955,41.73695628081526,42.08558654785156,35120800.0
2021-11-17,42.08557369993729,42.19284268242104,41.52240557436357,41.5760383605957,32963700.0
2021-11-18,41.75483104749438,41.84422472670259,41.30787288151387,41.40620422363281,30639000.0
2021-11-19,40.85197547677078,40.914549344792675,40.07426925277012,40.58380126953125,48429500.0
2021-11-22,41.76376675470979,41.89785214126484,41.03969339124143,41.37044143676758,53697100.0
2021-11-23,41.89785323702473,42.59511022342148,41.719069306922485,42.461021423339844,49362900.0
2021-11-24,42.38951495063557,42.89010937286484,42.201793321057295,42.577239990234375,40060000.0
2021-11-26,40.69106353519181,41.15590034214271,40.00274769086179,40.905601501464844,55110100.0
2021-11-29,41.49558788536606,41.74588673727311,40.37819264834065,40.753639221191406,50231100.0
2021-11-30,40.01169362508238,40.42289773049858,39.65412913735463,39.75246047973633,77193600.0
2021-12-01,40.422902359897975,40.85198184032336,39.162480320516956,39.18929672241211,60601600.0
2021-12-02,39.81804454265455,40.86895898618279,39.521630667956984,40.321044921875,57821400.0
2021-12-03,40.41984583474961,40.482720876377925,39.16233814931761,39.40485763549805,74605300.0
2021-12-06,40.02463404018775,40.31206380418205,39.48570066287362,39.65636444091797,48193100.0
2021-12-07,40.02463582714703,40.33901107479122,39.907866409550664,40.159366607666016,40740800.0
2021-12-08,40.132418450974406,40.24020375346268,39.60246919296034,39.66534423828125,50560300.0
2021-12-09,39.440789088536874,40.177328262497554,39.207253697997146,39.96175765991211,37316700.0
2021-12-10,40.15936503393949,40.267153765850615,39.584505502812455,39.988704681396484,37700200.0
2021-12-13,39.764148427722034,39.88091783623443,38.97371488972212,39.144378662109375,38653900.0
2021-12-14,39.153365770983854,40.25817471355649,39.09947139826073,39.638404846191406,47099400.0
2021-12-15,39.85396582060966,39.925824966816414,39.180301743868434,39.46773147583008,60057100.0
2021-12-16,40.15038820766624,40.743212584362155,39.60247409369525,40.41985321044922,69487200.0
2021-12-17,39.970739803487454,40.150384263171766,39.18030623673633,39.41384506225586,124242400.0
2021-12-20,38.86593644340074,38.946776290254725,38.35395188880337,38.76713180541992,56455200.0
2021-12-21,39.108454799474664,39.95277939826231,39.108454799474664,39.69229507446289,47845600.0
2021-12-22,39.593487485509804,40.042596898404796,39.413843035065234,39.773128509521484,35715700.0
2021-12-23,40.13242266365762,40.48272750334059,39.88092245597413,39.89888381958008,34053500.0
2021-12-27,40.0156529260114,40.25817244997914,39.80008230010673,40.096492767333984,33879200.0
2021-12-28,39.94380066288044,40.49171480983969,39.89888697101799,40.150390625,32492400.0
2021-12-29,40.28511497683585,40.527634483075836,40.060560259180285,40.08750915527344,25294900.0
2021-12-30,40.19529372313093,40.50966895150959,39.952774221338956,39.997684478759766,23852200.0
2021-12-31,39.98870312862705,40.16834758173689,39.77312909960866,39.96175765991211,24253900.0
2022-01-03,40.500689064935756,41.75819685597981,40.401884440812324,41.4797477722168,58587900.0
2022-01-04,42.27018587073945,43.5007448975896,42.252221080206105,43.10552978515625,74606700.0
2022-01-05,43.24025326092948,43.44684317747059,42.35999923228057,42.37796401977539,57791600.0
2022-01-06,43.09654706040816,43.258226753966035,42.38695323050787,43.23128128051758,52040900.0
2022-01-07,43.24924354272617,44.291177381155805,43.16840370067416,44.174407958984375,59082600.0
2022-01-10,44.83011001047391,44.98280902173409,43.41990645907018,43.94985580444336,66839500.0
2022-01-11,44.00374533810765,44.2372807440497,43.68936666782302,44.201351165771484,40454400.0
2022-01-12,44.165419990219846,44.354048556142004,43.725294664745256,43.8869743347168,41378000.0
2022-01-13,43.9408607100618,44.45284856275206,43.68037987010164,43.79714584350586,46337500.0
2022-01-14,42.6833599022399,43.32109445949738,42.3869460388641,43.03366470336914,72953300.0
2022-01-18,42.979773427042005,43.042648476560224,41.36298007605472,41.551605224609375,65877400.0
2022-01-19,43.46481501435596,43.6354788100196,41.63244750989427,41.713287353515625,84451800.0
2022-01-20,41.9378379968808,42.26119733977582,41.01267365304577,41.09351348876953,46265300.0
2022-01-21,40.931835607615454,41.336034803913265,40.114456533516886,40.347991943359375,71303600.0
2022-01-24,39.431807708964634,40.14139797520205,38.25513981705944,40.015647888183594,90672700.0
2022-01-25,39.78211843106372,40.93183759965722,39.36893853315461,40.806087493896484,73555300.0
2022-01-26,41.12045225245507,41.73124126132854,40.65337810293815,41.228240966796875,63735800.0
2022-01-27,41.650409263584415,41.99173340359244,40.500690172736114,40.84201431274414,63402400.0
2022-01-28,40.716269723854545,41.21927018093334,39.92583602874463,41.2013053894043,51048300.0
2022-01-31,40.88692617521106,41.560590373871634,40.61746118103349,41.44382095336914,44793700.0
2022-02-01,41.50669231207036,42.30610654180318,41.22824666097821,42.162391662597656,40326600.0
2022-02-02,41.96478567222744,42.18035627693064,41.587531974347385,42.11748123168945,41125600.0
2022-02-03,42.41388973457617,42.4767647718692,41.63243696862135,41.70429611206055,35879900.0
2022-02-04,42.28814134604777,43.73427068787808,41.92885246739177,43.36600112915039,60297100.0
2022-02-07,43.61750737135688,43.79714839519343,43.10552291527033,43.572593688964844,44824800.0
2022-02-08,44.14746354632122,44.92891308728406,43.95883495938528,44.35405349731445,49560500.0
2022-02-09,44.21033025653768,44.72231469638578,44.039666492299794,44.26422119140625,33861100.0
2022-02-10,44.62351898981302,45.009753423503994,43.7971557503695,44.057640075683594,47082800.0
2022-02-11,43.68038247133328,44.407937527535395,42.66539423846953,43.04264450073242,61056000.0
2022-02-14,43.13247360773398,43.285169181776006,42.16239551464351,42.59354019165039,44791900.0
2022-02-15,43.11450557166099,43.44684559270796,42.72827118513355,42.925880432128906,42397600.0
2022-02-16,42.611509513001245,43.33008747752959,42.49474350623401,42.827083587646484,36664600.0
2022-02-17,42.216291017932136,42.47677533804637,41.27316179749906,41.38094711303711,49442400.0
2022-02-18,41.380947273132875,41.80311128140416,41.06657200725005,41.282142639160156,37856500.0
2022-02-22,40.5725546830076,41.300113380004746,40.45578866824678,40.9228630065918,51905600.0
2022-02-23,41.273158321905264,41.4168732059983,40.033615305082144,40.22224044799805,45704900.0
2022-02-24,38.62340458593122,39.23419358373031,37.77009612490904,39.16233444213867,80484800.0
2022-02-25,39.35096882528192,40.734223242222754,39.18928915909885,40.43781280517578,68530700.0
2022-02-28,39.270130223958795,39.75516581128892,39.01862660954468,39.70127487182617,69955300.0
2022-03-01,39.26114746257825,39.2880963596667,37.662318910280035,38.14735794067383,74895600.0
2022-03-02,38.389881471057045,39.108455983962685,38.282092724296035,38.76713180541992,70834600.0
2022-03-03,38.893489864664616,39.263560063164704,38.09919159354757,38.351924896240234,48733800.0
2022-03-04,37.39515526813895,37.40417985861448,36.393257009242724,36.9619026184082,75572800.0
2022-03-07,36.04124153754459,36.203711721017925,34.488750203548854,34.6060905456543,109779000.0
2022-03-08,35.264997846852054,35.797538268484324,34.452646883959986,34.83174514770508,76553800.0
2022-03-09,36.38423507658028,37.55762818571389,36.24884210725531,37.04314041137695,78207900.0
2022-03-10,36.36618930580976,37.440294898988704,36.20371908927017,36.70917892456055,48804400.0
2022-03-11,37.04313145453246,37.35001912670376,36.36617365796506,36.402278900146484,43946600.0
2022-03-14,36.91677851738686,38.072119096235724,36.91677851738686,37.18756103515625,54262400.0
2022-03-15,37.24171163336793,37.711069555933506,36.889694052240294,37.45833969116211,41395300.0
2022-03-16,38.1262732089762,38.857385590377746,37.8374346496239,38.63173294067383,59477600.0
2022-03-17,38.279726258134374,38.84837206140134,37.75621375220877,38.8393440246582,50260200.0
2022-03-18,38.59563173272436,38.749077341051176,38.14432638604841,38.72200012207031,74470600.0
2022-03-21,39.128168950916795,39.200379453156124,38.369975893335116,38.66783905029297,47106400.0
2022-03-22,39.552398027635135,40.2835138866597,39.44408571476769,39.87733840942383,52360600.0
2022-03-23,39.46213159385696,39.723886018268416,38.8393281541818,38.89348602294922,48539300.0
2022-03-24,39.15525306093578,39.20038290721875,38.71297230371484,38.87544250488281,30360800.0
2022-03-25,39.24551203291092,39.94954726292088,39.11012249654789,39.47116470336914,38968100.0
2022-03-28,39.45310666900319,39.489211917692586,38.65881185695268,39.30868911743164,37428600.0
2022-03-29,39.940512059897074,40.066876970871796,38.91153670689077,39.20939636230469,46355800.0
2022-03-30,39.20940328443553,39.39895412754701,38.586603209029796,38.812255859375,36601800.0
2022-03-31,38.6678365103558,38.71296634969785,37.18755574354589,37.20560836791992,67902500.0
2022-04-01,37.62983061531927,37.67496389499969,36.42033240406052,36.916770935058594,61929200.0
2022-04-04,36.53767614759215,37.133398997268635,36.24884103521483,36.85359191894531,53761700.0
2022-04-05,36.501567834604955,36.79040292274377,36.140525696024355,36.23078536987305,51781700.0
2022-04-06,35.869750120691805,36.11345197552754,35.51772906142422,35.83364486694336,54159800.0
2022-04-07,36.00513060727463,36.08636568619625,35.06641490488822,35.55382537841797,54585000.0
2022-04-08,35.644097574987924,36.19468720225015,35.490651967610255,35.80656433105469,41018900.0
2022-04-11,35.63506439957424,36.46546790299288,35.553829311665744,35.734352111816406,34198700.0
2022-04-12,35.71630073991492,36.176634068600514,35.06642001385815,35.355255126953125,42855300.0
2022-04-13,34.750509658102104,35.21083956973991,34.6241447193461,35.039344787597656,45484200.0
2022-04-14,34.74147902737639,35.17473164630478,33.775682642232134,33.911075592041016,79032000.0
2022-04-18,33.77568436144121,35.48162115448654,33.595165010088444,35.0664176940918,80080300.0
2022-04-19,35.391356819293314,35.996107643735925,35.30109714671898,35.7162971496582,53714200.0
2022-04-20,36.23981949720207,36.43839150169792,35.75240891281091,35.79753875732422,47064300.0
2022-04-21,36.10442839197519,36.29397581466828,34.8588246483598,35.120582580566406,46245900.0
2022-04-22,35.03031703167198,35.06641883720785,33.84789595992496,33.90205383300781,50409800.0
2022-04-25,33.29730626163398,33.75763962040651,32.430800865715106,33.65835189819336,64301100.0
2022-04-26,33.288280772183064,33.88400364620561,32.873077268384215,32.9001579284668,44809900.0
2022-04-27,32.73769526897111,33.31536565017325,32.64743211991635,32.719642639160156,39824900.0
2022-04-28,33.15288715501923,33.35146259021764,32.6383993849017,33.22509765625,39567800.0
2022-04-29,33.170943794370714,33.51393683035034,32.07878565498888,32.20515060424805,47385200.0
2022-05-02,32.521058353837695,32.74671100062965,31.95241616301597,32.62034606933594,46652200.0
2022-05-03,32.80086810102128,33.96523655734325,32.791843510364565,33.51393127441406,48926000.0
2022-05-04,33.730554880380886,34.9761583883684,33.64931979413853,34.85881805419922,57860300.0
2022-05-05,34.34433644218607,34.48875401644104,33.27925554086067,33.88400650024414,48860600.0
2022-05-06,33.73055439775769,33.95620702929268,33.04457191289313,33.802764892578125,50440100.0
2022-05-09,33.27925099756121,33.450749210766745,32.54813863410134,32.827945709228516,51242000.0
2022-05-10,33.17093340824762,33.513926336833016,31.75383530408481,32.277347564697266,60235300.0
2022-05-11,32.403713291162546,33.324372828072214,32.05169235859676,32.10585021972656,54969300.0
2022-05-12,31.600390777721667,31.97948896243539,30.923432930833847,31.65454864501953,61231500.0
2022-05-13,32.069756220729104,32.25027904459043,31.374745586934214,31.744815826416016,49117900.0
2022-05-16,31.591367036874566,31.744809166895937,31.058826711954108,31.419872283935547,39076500.0
2022-05-17,32.150994006209984,32.69256252305358,31.979499202962234,32.484962463378906,42635600.0
2022-05-18,32.150986902480575,32.21416936567421,31.230323726134184,31.483057022094727,47396900.0
2022-05-19,30.950518810198133,31.44695395973844,30.914413559238703,31.09493637084961,47002700.0
2022-05-20,31.410847809976364,31.57331799145857,29.750044188414176,30.562395095825195,62406500.0
2022-05-23,31.37474203194352,32.72865789271504,31.284482351833187,32.37664031982422,69081900.0
2022-05-24,32.015603676296216,32.4578810055544,31.55527027607945,32.17807388305664,46146700.0
2022-05-25,32.04267208260012,32.73768256630641,31.853124707912695,32.34955978393555,49343400.0
2022-05-26,32.94528603469117,33.252173768358205,32.800868480211754,33.09872817993164,60201200.0
2022-05-27,33.29730580194185,33.44172336593454,33.01749870849831,33.41464614868164,43365600.0
2022-05-31,33.234124898090734,33.87497765329081,33.04457748202082,33.577117919921875,71609200.0
2022-06-01,33.8117913615677,33.820819395514846,32.64742289178519,33.09872817993164,35237900.0
2022-06-02,33.053335280942676,33.32567736850503,32.74467999156733,33.31660079956055,35341900.0
2022-06-03,33.11688800564534,33.298450586523145,32.79915608637283,32.85362243652344,25235200.0
2022-06-06,33.31661254300515,33.779593908751146,32.77192471287126,32.817317962646484,40394000.0
2022-06-07,32.59036691822521,33.05334830318321,32.44511751676594,32.998878479003906,29152200.0
2022-06-08,32.608512929260876,32.78099893658321,32.24539123656497,32.58127975463867,33590600.0
2022-06-09,32.445113303427625,32.5358928689189,31.31942799103618,31.32850456237793,49419000.0
2022-06-10,30.575024352072216,30.901836327384707,29.975870218338788,30.11203956604004,49318200.0
2022-06-13,29.403946529323754,29.74891507821225,28.813870753235495,29.068058013916016,61216600.0
2022-06-14,28.97727800500709,29.594586982754574,28.35088899337798,28.55968475341797,49349800.0
2022-06-15,29.03174665869585,29.494731431252898,28.523373836401955,29.095293045043945,51540100.0
2022-06-16,28.595996975310406,29.049901689204223,28.014999495609224,28.91373062133789,61363400.0
2022-06-17,29.07713179011449,29.57642969303118,28.72308670478649,28.97727394104004,80470300.0
2022-06-21,29.85785404381775,30.220979230763046,29.61274506208244,29.82154083251953,53537200.0
2022-06-22,29.403946273481314,29.903240757017258,29.340399891741363,29.594585418701172,38305600.0
2022-06-23,29.394870211628625,29.42210338626886,28.378122891672554,29.122528076171875,44091500.0
2022-06-24,28.369044391220505,29.748915125971646,28.350887787247952,29.331323623657227,79504700.0
2022-06-27,29.431184025902436,29.59459002237228,28.96820267791696,29.367637634277344,47900300.0
2022-06-28,29.80338519365818,30.41161584837701,29.22238425060469,29.285930633544922,49863800.0
2022-06-29,29.258700056832836,29.44933922258098,28.741248913791622,28.92281150817871,35149700.0
2022-06-30,28.2964183392467,28.641385140507385,27.81527874628227,28.26010513305664,46312300.0
2022-07-01,28.123935613559095,28.750324602580914,27.806201968025764,28.65046501159668,40236100.0
2022-07-05,27.960531526050037,28.359968185424805,27.642799590590865,28.359968185424805,47411800.0
2022-07-06,28.151170605680615,28.369044660895202,27.815280355031625,28.12393569946289,35933700.0
2022-07-07,28.59599953088564,29.058980856705194,28.568764622274806,28.92281150817871,40137900.0
2022-07-08,29.058976264630946,29.27685203606911,28.65046308907954,28.85926055908203,31153800.0
2022-07-11,28.641387743261294,28.859263537182915,28.40535880761295,28.55968475341797,29311900.0
2022-07-12,28.16024726150337,29.077133207614306,28.12393405533594,28.468902587890625,39527000.0
2022-07-13,28.205639094171755,28.278263780292693,27.597406698592984,27.996843338012695,44153700.0
2022-07-14,27.31598535311834,27.43399981484684,26.934705330713047,27.352296829223633,51707800.0
2022-07-15,27.824359967409407,29.62182403771683,27.7880484889182,29.27685546875,77801700.0
2022-07-18,30.03033755073562,30.30267968662492,29.140681263536088,29.285930633544922,56382900.0
2022-07-19,29.866926900351334,30.520547231545073,29.667207749227288,30.27543830871582,46874900.0
2022-07-20,30.121120830620832,30.366229822116345,29.91232505186952,30.284526824951172,35514900.0
2022-07-21,30.039414093918356,30.565941761088805,29.912321328153702,30.547788619995117,31244000.0
2022-07-22,30.502394171623344,30.811049503278657,30.03941290564937,30.348068237304688,27115400.0
2022-07-25,30.66581024786999,30.84737287863863,30.35715481446905,30.620420455932617,30381000.0
2022-07-26,30.329909445649577,30.665797926652406,29.921394556312215,30.003097534179688,30645700.0
2022-07-27,30.175580983507952,30.656718777679412,29.91231546997292,30.49331283569336,30344800.0
2022-07-28,30.411614969046227,30.6385673195615,29.866930713016796,30.24820899963379,40176500.0
2022-07-29,30.384379810669984,30.811047846919664,30.275440196164784,30.693035125732422,48152500.0
2022-08-01,30.520546174062257,30.765655088398923,30.157424549984498,30.602249145507812,32336700.0
2022-08-02,30.502397278817362,30.61133691027638,29.95771297359569,29.99402618408203,37884100.0
2022-08-03,30.338992346272285,30.6385711486412,30.11203996739346,30.538711547851562,30065800.0
2022-08-04,30.429767442645314,30.56593675666241,30.112032117236947,30.320831298828125,28404500.0
2022-08-05,30.21189766531235,31.165100366981527,30.17558791887272,30.829208374023438,35874500.0
2022-08-08,31.01984161281878,31.128781220414687,30.366221282331313,30.40253448486328,33454300.0
2022-08-09,30.547790755651818,30.82920948151434,30.32991495409589,30.792896270751953,40196900.0
2022-08-10,31.319424825880336,32.163687859097685,31.274035047721807,31.836875915527344,61415800.0
2022-08-11,32.47234114292113,32.73560668779812,32.363404989633985,32.59943389892578,50420800.0
2022-08-12,32.82639080784683,32.96256361567461,32.399719242136904,32.95348358154297,31821700.0
2022-08-15,32.535890763520726,32.953482278587764,32.38156135655008,32.9080924987793,24908000.0
2022-08-16,32.85362718117905,33.53448436053521,32.77192418113556,33.262142181396484,31870200.0
2022-08-17,32.86269417900524,33.216739217731764,32.7537580431703,33.0533332824707,27125600.0
2022-08-18,32.90808863577673,33.044261422235344,32.68113630035758,32.93532180786133,23138300.0
2022-08-19,32.644827874666426,32.70837426084535,32.05475379400234,32.20907974243164,36485400.0
2022-08-22,31.546379141561303,31.60992552753881,31.27403699265508,31.519145965576172,31210300.0
2022-08-23,31.473751325293378,31.746096925135724,31.19233261788291,31.237722396850586,26588000.0
2022-08-24,31.092468890381713,31.59176331864562,30.910906335644558,31.33757781982422,31389400.0
2022-08-25,31.410203244971257,32.02751390202776,31.274033915425772,31.900421142578125,40576700.0
2022-08-26,32.17275879169608,32.209071993066765,30.883671310194394,30.89274787902832,36152600.0
2022-08-29,30.738432727080742,31.0016983346426,30.51148033360025,30.77474594116211,34931000.0
2022-08-30,31.028919001162233,31.11969853673975,30.447921662224598,30.947216033935547,48194900.0
2022-08-31,30.992614422547657,31.201410182867864,30.50239648282982,30.511476516723633,44917600.0
2022-09-01,30.46578948654693,30.60285951921557,29.84441138056438,30.584583282470703,32848900.0
2022-09-02,31.004920507420003,31.507504724066848,30.401818750276778,30.548025131225586,44000800.0
2022-09-06,30.739921542135967,30.822162852466768,29.798718146221972,30.209924697875977,40762400.0
2022-09-07,29.981480983597116,30.76733823735064,29.81699834108609,30.675960540771484,40742600.0
2022-09-08,30.575438094667867,31.73595278202698,30.401819104591198,31.662851333618164,44361800.0
2022-09-09,31.96440319349981,32.211127138820814,31.83647303351901,31.9278507232666,37295100.0
2022-09-12,32.165435560211606,32.558365867234926,32.01008931784105,32.229400634765625,30534000.0
2022-09-13,31.59888417671027,31.726814317371463,30.89526491723882,31.068883895874023,40959600.0
2022-09-14,31.251646868047718,31.45267847889587,30.64854506383256,30.95009422302246,32004400.0
2022-09-15,30.876994584741407,31.89130301641521,30.794753266339868,31.534921646118164,44863300.0
2022-09-16,31.242508171996846,31.27906064290786,30.75820013285011,31.178543090820312,54281800.0
2022-09-19,30.813032704659005,31.863890231412796,30.73079137770993,31.69940757751465,29782000.0
2022-09-20,31.525786299910912,31.78164663847176,30.959236913453747,31.224233627319336,33591100.0
2022-09-21,31.352164895854784,31.434406210679803,30.264751568075607,30.29216766357422,51667800.0
2022-09-22,30.438373964321755,30.538888028055393,29.597684583609674,29.69820213317871,47527500.0
2022-09-23,29.177341996278912,29.323548392228705,28.519411471587123,28.994583129882812,55316100.0
2022-09-26,28.619925469152843,29.076820835500538,28.035099957961393,28.35492706298828,40360200.0
2022-09-27,28.574237902486757,28.66561732841017,27.68785973682248,27.93458366394043,43396600.0
2022-09-28,27.89803149899629,28.610787149981956,27.77009961214137,28.391477584838867,38372900.0
2022-09-29,28.04423907269704,28.23613429679334,27.605618180772865,28.01682472229004,35220900.0
2022-09-30,28.108203654781637,28.50113395580779,27.56906697331564,27.596481323242188,42294100.0
2022-10-03,27.952860313294767,28.58337644433113,27.59648246410438,28.40975570678711,34591700.0
2022-10-04,28.9854469650551,29.716480736972397,28.9306199986096,29.588550567626953,39758700.0
2022-10-05,28.820957951551485,29.268713418200797,28.738716653578287,29.168197631835938,35791100.0
2022-10-06,28.87578994607597,29.131650257421896,28.65648036081475,28.74785804748535,40891900.0
2022-10-07,28.48285990173605,28.54682498020773,27.8980343352319,28.09906768798828,52304600.0
2022-10-10,28.23613429679334,28.373202562993214,27.733550073087965,28.01682472229004,37669100.0
2022-10-11,27.75182901465896,27.84320670576361,27.02079528539761,27.203554153442383,58124000.0
2022-10-12,27.084762003555674,27.697001982721236,26.938555597449078,27.285797119140625,36137900.0
2022-10-13,26.87458352621135,29.031130070035413,26.783204110420648,28.958026885986328,67671000.0
2022-10-14,29.06768460993474,29.81699452353978,28.848375028971418,28.9671688079834,58108500.0
2022-10-17,30.48406128381283,30.950093052512372,30.036302263361318,30.72164535522461,88896800.0
2022-10-18,31.96440167221505,32.31164315123337,31.324747416918765,31.873023986816406,81937900.0
2022-10-19,31.598890082503704,31.82733780090526,30.85871821998188,30.995784759521484,43139900.0
2022-10-20,31.050614364862486,31.644579844218985,30.694236471582844,30.794754028320312,39549100.0
2022-10-21,30.666818357797997,32.01922822889851,30.666818357797997,31.936986923217773,54870300.0
2022-10-24,32.0831909521365,32.22025746101047,31.717673290136364,32.04663848876953,33765600.0
2022-10-25,31.74509221124647,32.51267658122341,31.553193504375926,32.339054107666016,37132300.0
2022-10-26,32.366465937509034,32.97870753837518,32.302500865366525,32.62232971191406,41104600.0
2022-10-27,33.03353558330666,33.23456716927567,32.68629413723665,32.777671813964844,35261900.0
2022-10-28,32.93302107937884,33.170605152246246,32.56750336714487,33.060951232910156,31659100.0
2022-10-31,32.89646907650246,33.19802171623801,32.722850077943846,32.933021545410156,32565500.0
2022-11-01,33.298539126039884,33.59095193504079,32.9969899418108,33.07923126220703,29913200.0
2022-11-02,32.960430127642105,34.06611603326174,32.85077622014992,32.97870635986328,57380600.0
2022-11-03,32.622332843044326,33.0243995473645,32.35733266968462,32.79595184326172,30046500.0
2022-11-04,33.353373627346706,33.81026915648844,33.097513246494934,33.61837387084961,39369400.0
2022-11-07,33.819393157958984,34.12094577004844,33.56353287073276,33.819393157958984,37533700.0
2022-11-08,33.89250181086905,34.19405097023719,33.58181279119061,33.9107780456543,32664300.0
2022-11-09,33.70060833808622,33.77370979521758,33.25284927700281,33.37164306640625,30164400.0
2022-11-10,34.084394110082734,34.925083408579425,33.93818773023571,34.84284210205078,45702800.0
2022-11-11,34.89766640283258,35.27232045925334,34.69663481444934,35.09870147705078,35688700.0
2022-11-14,34.806286632505056,34.961629372636544,34.495597666407335,34.50473403930664,35541400.0
2022-11-15,34.897664689739415,34.998182221914206,34.0843915451758,34.44990921020508,46082800.0
2022-11-16,34.36766502672889,34.486458780772914,33.99301102012962,34.139217376708984,23813000.0
2022-11-17,33.70060240306109,33.993015151760694,33.408189654361486,33.965599060058594,23689700.0
2022-11-18,34.53215179255699,34.58697700426242,33.73715136447899,33.9838752746582,32041800.0
2022-11-21,33.892505075483825,34.28543544662627,33.86509246358318,34.09354019165039,27935700.0
2022-11-22,34.349392354093496,34.54128756338508,34.20318598237111,34.25801467895508,23499300.0
2022-11-23,34.258021850960596,34.41336462838429,34.1483644348356,34.36767578125,18934700.0
2022-11-25,34.468185442040024,34.605251952049905,34.321979073195266,34.44990921020508,16118500.0
2022-11-28,34.17577510724111,34.41335916613026,33.65491466374542,33.68232727050781,35428300.0
2022-11-29,33.791980725135716,33.94732696163103,33.55439666946846,33.81025695800781,27048800.0
2022-11-30,33.718880478000386,34.586978912353516,33.079226248080886,34.586978912353516,51747900.0
2022-12-01,34.46749564753992,34.642129696583396,33.4564505110314,33.59431838989258,46213200.0
2022-12-02,33.14393610323565,33.35533626522513,32.91415286113222,33.16231918334961,42295300.0
2022-12-05,32.91416240237037,32.987691237926896,31.37920807693185,31.682523727416992,71386600.0
2022-12-06,31.774432972242007,31.875538180554887,29.789105492417796,30.33139419555664,84085700.0
2022-12-07,29.954549204371965,30.257861317659533,29.73395570780536,30.09242057800293,49234100.0
2022-12-08,30.303823907421137,30.32220699288361,29.577707809621018,29.816680908203125,45491100.0
2022-12-09,29.513367354609485,29.96374065518619,29.48579448083965,29.761533737182617,36985500.0
2022-12-12,29.697192922980268,30.129183113206455,29.467409638697205,30.083227157592773,41060500.0
2022-12-13,30.836915990777396,30.947210985282968,29.93616593885013,30.10161018371582,54804800.0
2022-12-14,30.14756829183762,30.331395633282312,29.559323604186527,29.669618606567383,48819500.0
2022-12-15,29.18247789318728,29.403069641692028,28.943503060696955,29.20086097717285,49027600.0
2022-12-16,29.062989806820422,29.347920581003844,28.81482344554424,29.136520385742188,61795200.0
2022-12-19,29.19166814563059,29.623660081563948,29.164093520870345,29.467409133911133,38374100.0
2022-12-20,29.77991753602528,29.94536179504214,29.54094093690539,29.586896896362305,35561100.0
2022-12-21,29.89021033648391,30.211905535182176,29.789105129403115,30.03727149963379,32544000.0
2022-12-22,29.890209723849193,29.94535897373056,29.292773541659546,29.770721435546875,30234400.0
2022-12-23,29.779916405347834,29.945360658083143,29.586895773013424,29.844255447387695,21378600.0
2022-12-27,29.8718259325311,30.028076877502897,29.66961552730685,29.899398803710938,22776100.0
2022-12-28,29.93616967328524,30.303824375787027,29.89940350179204,30.119997024536133,30541000.0
2022-12-29,30.230286386778175,30.478452738685313,30.101608316799908,30.46006965637207,22252900.0
2022-12-30,30.423305454098674,30.60713278287384,30.20271546454021,30.441688537597656,28198900.0
2023-01-03,30.542793760901457,31.333248820728684,30.524410677392144,30.80014991760254,35221500.0
2023-01-04,31.158611919653218,32.00421264598579,31.0942728863981,31.379201889038086,41998500.0
2023-01-05,31.17699564079456,31.37920606146346,30.864493726982346,31.31486701965332,34177000.0
2023-01-06,31.33324473429261,31.783621455996695,30.82772227546727,31.62736701965332,34068700.0
2023-01-09,31.939876756798128,31.949066545504472,30.983977445462862,31.14942169189453,43818800.0
2023-01-10,31.011548940293327,31.498688307952293,30.919633536631355,31.360816955566406,35096000.0
2023-01-11,31.36082162363591,31.654943946706158,31.250526629038234,31.59979820251465,36783700.0
2023-01-12,31.802008523473226,32.0501749176297,31.581418510588612,31.682523727416992,44230400.0
2023-01-13,31.434359202447066,32.528126554725155,30.41412069009776,32.381065368652344,89667800.0
2023-01-17,31.884728434086476,32.01341002322403,31.388399186557923,31.728477478027344,56458400.0
2023-01-18,31.553845429843886,31.563035219397907,30.800152956458557,30.993173599243164,54517800.0
2023-01-19,30.58875113907752,30.836917518672095,30.230289759512523,30.542795181274414,42707100.0
2023-01-20,30.607134986136195,31.14942371664166,30.414117854824482,31.11265754699707,45004400.0
2023-01-23,31.075889006877382,31.719279322913025,31.020739762839646,31.544645309448242,33683300.0
2023-01-24,31.452736043672047,31.976641634167272,31.20456968403517,31.774431228637695,26716700.0
2023-01-25,31.526269053107768,32.13289684399245,31.48031309290128,32.050174713134766,28859700.0
2023-01-26,32.2156168301298,32.49135607922669,31.97664374923643,32.4821662902832,30035500.0
2023-01-27,32.574073917965585,32.88657929414161,32.41782298298473,32.58326721191406,29964900.0
2023-01-30,32.362674307419525,32.68437298320492,32.33510143751755,32.445396423339844,27353500.0
2023-01-31,32.32591112043348,32.610843658447266,32.16966016831331,32.610843658447266,38917400.0
2023-02-01,32.35348161267514,33.32776032796286,32.27075950418712,33.015254974365234,44438700.0
2023-02-02,33.18070227980033,33.438061922503685,32.57407459649465,33.20827865600586,33729100.0
2023-02-03,33.107175789801744,33.78733234306506,32.996880795853706,33.4840202331543,37411700.0
2023-02-06,33.31857235815949,33.49320637173064,33.070406019159904,33.42886734008789,29463200.0
2023-02-07,33.2450458440774,34.00792807578767,33.2082831811512,33.79652786254883,44100200.0
2023-02-08,33.46564440667822,33.86087201909467,33.40130535407233,33.54836654663086,28032800.0
2023-02-09,33.336966418680014,33.41049526211011,32.684382593545486,32.831443786621094,35257100.0
2023-02-10,32.67518241064927,32.711948577723795,32.19723275732449,32.7027587890625,32898900.0
2023-02-13,32.61083922137257,32.88657842691201,32.528117109089315,32.767093658447266,29163900.0
2023-02-14,32.74871432136843,33.079602808331515,32.592459866429365,32.73952102661133,33625200.0
2023-02-15,32.46378984422169,32.730339358877856,32.31672864755199,32.684383392333984,23500100.0
2023-02-16,32.55569912493674,32.77629265507687,32.37187527373771,32.42702102661133,22681100.0
2023-02-17,32.24319302755872,32.528122063992285,31.930687612020627,32.491355895996094,28562700.0
2023-02-21,32.08693885365928,32.215616936582045,31.49869418531818,31.728477478027344,37068900.0
2023-02-22,31.581417443426734,31.756051489910615,31.3148679728343,31.517078399658203,38550400.0
2023-02-23,31.618173970891494,31.801997750620448,31.121841350710074,31.489492416381836,28488000.0
2023-02-24,31.121849186086436,31.517076723192876,31.103466102242564,31.443544387817383,27046600.0
2023-02-27,31.66413788772913,31.88472788142614,31.406778220129638,31.443544387817383,30137500.0
2023-02-28,31.572220143792325,31.70090172122439,31.415969201946535,31.526264190673828,32620600.0
2023-03-01,31.388395183054158,31.70090056152801,31.232140740710058,31.379201889038086,29281600.0
2023-03-02,31.13867915809025,31.17568378317291,30.528116960047512,30.981414794921875,44607200.0
2023-03-03,31.129424545264126,31.721484331465152,31.129424545264126,31.601221084594727,39109100.0
2023-03-06,31.67523599436501,31.971265940474982,31.443962378406887,31.536470413208008,36646700.0
2023-03-07,31.31444703752376,31.360704585132858,30.343098529974778,30.528118133544922,52855300.0
2023-03-08,30.213588443759026,30.50036903020649,30.01006650957336,30.12108039855957,40045600.0
2023-03-09,29.86204648624886,29.963807436188574,28.039611130055466,28.252384185791016,112457900.0
2023-03-10,28.0488651798536,28.71493435439516,26.753733222490638,28.00261116027832,165330900.0
2023-03-13,26.753733573368315,27.493808483145372,25.782385033726204,26.37444496154785,218403300.0
2023-03-14,27.743582460119868,27.836092258403383,26.337438466747837,26.605716705322266,154255800.0
2023-03-15,25.791631703186454,26.42069619232132,25.606613877514633,26.355939865112305,131104400.0
2023-03-16,26.254181881267666,27.262535056140663,26.004407700157945,26.79998779296875,108348800.0
2023-03-17,26.513209313696574,26.513209313696574,25.551111911858353,25.736129760742188,130665500.0
2023-03-20,26.12466753706617,26.300435979854786,25.578861660362843,25.671371459960938,81441200.0
2023-03-21,26.485454858460663,26.809238287576637,26.374444506149764,26.44845199584961,84854800.0
2023-03-22,26.559461396655855,26.58721486597817,25.569610595703125,25.569610595703125,76925900.0
2023-03-23,25.902646575361455,25.985905223369052,24.78328305244695,24.949798583984375,105335900.0
2023-03-24,24.607516937130683,25.24583271100113,24.348489811558256,25.107067108154297,96872700.0
2023-03-27,25.837887482962593,26.50395483144079,25.819385171052136,26.355939865112305,102469800.0
2023-03-28,26.254181544584053,26.503957486968428,25.88414409168744,26.01365852355957,63416500.0
2023-03-29,26.355939844692802,26.614966917805763,26.124666239424023,26.522457122802734,62666400.0
2023-03-30,26.753733245303707,26.883245911807116,26.00440718778324,26.180173873901367,67427100.0
2023-03-31,26.476203041219893,26.531708212291644,26.14316848583424,26.457700729370117,56482100.0
2023-04-03,26.49470601523286,26.809238287576637,26.20792721320568,26.44845199584961,51996800.0
2023-04-04,26.41144546873422,26.503955265323352,25.588111984493942,25.88414192199707,56233300.0
2023-04-05,25.58811290858467,25.81938652617092,25.403093308724596,25.569610595703125,47799400.0
2023-04-06,25.64361892601836,25.91189717818978,25.551110887523958,25.75463104248047,41216600.0
2023-04-10,25.597365323124965,25.995156247241,25.578863009334043,25.84714126586914,40572700.0
2023-04-11,25.921153259305626,26.59647194968373,25.865646308290774,26.559467315673828,58761200.0
2023-04-12,26.531708818009754,26.8369899125903,26.24493003570139,26.346689224243164,44313300.0
2023-04-13,26.420700073242188,26.49470756727735,26.124670097101543,26.420700073242188,52261400.0
2023-04-14,27.105268286574468,27.632573636505338,27.05901426712262,27.30879020690918,81110800.0
2023-04-17,27.540064318082006,28.132124246984514,27.197778568886637,28.095121383666992,83704400.0
2023-04-18,28.492907920411746,28.613171185188243,27.56781348449607,28.270885467529297,114498800.0
2023-04-19,27.873098316865022,27.937856418227422,27.55856778977973,27.80834197998047,65594200.0
2023-04-20,27.60482272998407,27.965609055754694,27.54006639094605,27.660327911376953,43193800.0
2023-04-21,27.521561962680206,27.734333278748952,27.20702968480564,27.6325740814209,44759000.0
2023-04-24,27.558566688066037,27.660325885754645,27.373547077668572,27.530813217163086,28020300.0
2023-04-25,27.244033859266658,27.318041349036548,26.66122333341075,26.679725646972656,49718800.0
2023-04-26,26.605716602548217,26.772233885919782,26.18017223787892,26.3096866607666,45848400.0
2023-04-27,26.383696766171557,26.901749215733137,26.383696766171557,26.725980758666992,33060100.0
2023-04-28,26.392946331864206,27.225531016717948,26.374444018661794,27.086767196655273,45592500.0
2023-05-01,27.29029066967639,27.327295300584673,26.82774337019035,26.864748001098633,34076800.0
2023-05-02,26.68897483465684,26.698225990755247,25.634365977647146,26.0506591796875,70797700.0
2023-05-03,26.05065802966027,26.365190265210455,25.72687463842007,25.773130416870117,51139500.0
2023-05-04,25.51410575144187,25.72687705889778,24.820284889711786,24.968299865722656,82173800.0
2023-05-05,25.551108208766276,25.80088235678387,25.412342636617282,25.63436508178711,50087100.0
2023-05-08,25.976653910968032,26.041410244702455,25.58811414408373,25.615867614746094,34245500.0
2023-05-09,25.36609509763989,25.745383758855642,25.199577780134828,25.588117599487305,32188800.0
2023-05-10,25.865640445278036,25.90264507090003,24.99605291689317,25.27358055114746,44446400.0
2023-05-11,24.986805584457937,25.430850573012325,24.866542297259077,25.338340759277344,34897300.0
2023-05-12,25.458601005522258,25.486352711193337,24.866539327025134,25.060810089111328,38142000.0
2023-05-15,25.070061863337717,25.736129283015696,25.005305529206524,25.5788631439209,38722800.0
2023-05-16,25.699126702867108,25.81013705846432,25.28283345818309,25.31058692932129,33347500.0
2023-05-17,25.662120464883433,26.522458606942372,25.652869308417696,26.429948806762695,61750400.0
2023-05-18,26.309690689578158,26.365195871042328,25.90264857505913,26.33744239807129,51146100.0
2023-05-19,26.328183764309998,26.522454490986682,25.930394684881367,26.00440216064453,50062500.0
2023-05-22,26.180173717673412,26.31893930464499,25.911897229449018,26.217178344726562,36473700.0
2023-05-23,26.198676567643226,26.901748615749533,26.180174253737796,26.43920135498047,51400400.0
2023-05-24,26.20792471920359,26.374441996301538,25.902643632683212,25.995153427124023,50606900.0
2023-05-25,25.893394438193784,26.124668059575807,25.791633480152832,26.059911727905273,40517800.0
2023-05-26,26.08766722066492,26.27268507343122,25.708378593344484,26.18942642211914,57879100.0
2023-05-30,26.19867457609534,26.355940703381012,25.85639061725323,26.143169403076172,41819600.0
2023-05-31,25.995154719783468,26.050659893417027,25.421595377311146,25.708375930786133,61905200.0
2023-06-01,25.88554583012634,26.090690003810785,25.493905659595928,25.90419578552246,57426100.0
2023-06-02,26.25853906911073,26.995196385069995,26.221240932580983,26.771400451660156,66578100.0
2023-06-05,26.873967215654694,26.873967215654694,26.389079103161894,26.61287498474121,34757800.0
2023-06-06,26.538281173925892,27.44278454575191,26.528957973762466,27.256288528442383,46297900.0
2023-06-07,27.32155863668813,27.647925742291772,27.05114139734178,27.489404678344727,44502600.0
2023-06-08,27.30291151143732,27.396157735009034,27.032492483117753,27.25628662109375,41483100.0
2023-06-09,27.228315565348385,27.414809805432345,27.116417598451733,27.293588638305664,32692000.0
2023-06-12,27.32156315866523,27.56400728356737,26.95789786059099,27.163042068481445,41011300.0
2023-06-13,27.163039195786833,27.787798511196087,27.06979297023498,27.41480827331543,42718800.0
2023-06-14,27.573326534173134,27.722522614106953,27.032490299773652,27.15371322631836,38322800.0
2023-06-15,26.948570012819758,27.480081323754423,26.752750805026036,27.3868350982666,42044900.0
2023-06-16,27.53603248744829,27.675903610811396,27.191015389831982,27.218990325927734,53050200.0
2023-06-20,27.051143216011134,27.079118151020555,26.650178040331543,26.920597076416016,39040900.0
2023-06-21,26.836672954444122,27.041817133799075,26.612878819177535,26.640851974487305,39553400.0
2023-06-22,26.57557285949225,26.603547786993392,26.01608675937043,26.07203483581543,50742900.0
2023-06-23,25.866895725480745,26.006766833029353,25.727024617932134,25.876220703125,55181100.0
2023-06-26,25.922844979388167,26.370435033667185,25.913521779881968,26.19326400756836,47519300.0
2023-06-27,26.20258756878945,26.482329781349442,26.062716462509453,26.333133697509766,39081800.0
2023-06-28,26.342460000038052,26.361109956095465,26.016092883264093,26.17461395263672,37803800.0
2023-06-29,26.57557732568424,27.041815524380453,26.48232933023348,26.724773406982422,68376400.0
2023-06-30,26.985869514005724,27.144390584896534,26.734100440492487,26.752750396728516,50479000.0
2023-07-03,26.762075214287698,27.36818455986055,26.715450323977354,27.228313446044922,30995800.0
2023-07-05,27.172365023944938,27.433459087906712,26.995195767008756,27.116416931152344,37492000.0
2023-07-06,26.855318251823782,26.87396820573539,26.20258587193492,26.370431900024414,52098000.0
2023-07-07,26.389080944690384,26.873969091020488,26.37975774598495,26.603551864624023,34288000.0
2023-07-10,26.659504149114348,26.901948260469783,26.54760618288959,26.724777221679688,36086000.0
2023-07-11,26.72477656187746,27.116416766158224,26.500982413510993,27.060468673706055,40978700.0
2023-07-12,27.51738118733887,27.871721467805877,27.29358704516638,27.37751007080078,41855500.0
2023-07-13,27.526705273492922,27.853072387210002,27.424132294695575,27.666576385498047,39589000.0
2023-07-14,27.97429357993409,28.067541580912074,27.08844023847977,27.144390106201172,58720300.0
2023-07-17,27.18168726119062,27.56400245073894,27.15371410689436,27.414806365966797,49477200.0
2023-07-18,27.97429142621338,28.776221682903248,27.89969338688578,28.627025604248047,98253800.0
2023-07-19,28.804197658763492,29.559504881850163,28.617703431447485,29.400983810424805,70619800.0
2023-07-20,29.214490215674402,29.65275355352328,29.14921714179881,29.550182342529297,42128800.0
2023-07-21,29.71802549400286,29.941819630458113,29.298410376550695,29.82059669494629,70872400.0
2023-07-24,29.839247145870512,30.631850725336516,29.82059718955049,30.445358276367188,64548600.0
2023-07-25,30.547927919333347,30.575904632571564,29.904520428701993,29.9791202545166,51208800.0
2023-07-26,30.06304214369357,30.34278436569385,29.97911912138195,30.221561431884766,41814600.0
2023-07-27,30.240207920506435,30.529276865796167,29.67139678528967,29.792619705200195,45529500.0
2023-07-28,29.979119273495005,29.988442472859006,29.568827359171795,29.74599838256836,33296500.0
2023-07-31,29.746000649461166,30.072367787361145,29.634104462988944,29.839248657226562,29093400.0
2023-08-01,29.69004941545632,29.783297413357452,29.298409247117654,29.484905242919922,32712000.0
2023-08-02,29.05596747816438,29.167865440269395,28.701627192187736,29.083942413330078,38855100.0
2023-08-03,28.850822093433482,29.419631523096886,28.794872225421187,29.289085388183594,27933400.0
2023-08-04,29.242458038614405,29.531525200552554,29.065287039368307,29.186508178710938,30768100.0
2023-08-07,29.289086917353707,29.746000191963155,29.289086917353707,29.72735023498535,31745200.0
2023-08-08,29.186510064212154,29.19583504146514,28.421879715042678,29.158536911010742,45951800.0
2023-08-09,29.111912523069893,29.167862387545544,28.748247296766078,28.776222229003906,30732100.0
2023-08-10,28.916093605327067,29.205160793609206,28.720272634933774,28.850820541381836,26062600.0
2023-08-11,28.720273849240613,29.279760073017027,28.673650738324945,29.177188873291016,35720700.0
2023-08-14,28.95339360136038,29.00934346996596,28.673651372563334,28.84149742126465,32563700.0
2023-08-15,28.44053079460181,28.487153904153516,27.825096500019626,27.918344497680664,43406100.0
2023-08-16,27.741175110357926,27.82509813532934,27.237636960529432,27.312236785888672,47220400.0
2023-08-17,27.452109769527787,27.545357779014942,27.144392583210678,27.302913665771484,37202200.0
2023-08-18,27.079118941845994,27.368186164487646,27.023169070193173,27.144392013549805,31430400.0
2023-08-21,27.24695946407055,27.3215575040969,26.855319309292806,27.181686401367188,34959000.0
2023-08-22,27.163037894695083,27.26561087215824,26.50098047648876,26.519630432128906,37564200.0
2023-08-23,26.52895736694336,26.584905459433337,26.277188282901776,26.52895736694336,44686600.0
2023-08-24,26.482333044687753,26.846000100098475,26.45435988711927,26.68747901916504,31934800.0
2023-08-25,26.706128656207543,26.846001565918478,26.389086477029835,26.57558250427246,34253200.0
2023-08-28,26.75274680743237,27.0418139760771,26.64084886358676,26.81801986694336,33075200.0
2023-08-29,26.939242425965176,27.284259473957587,26.780721368005025,27.200336456298828,30428200.0
2023-08-30,27.246963006601188,27.2935878992781,26.976545743306282,27.079118728637695,33366400.0
2023-08-31,27.20135076960232,27.238959723644076,26.825252262289048,26.956886291503906,37243000.0
2023-09-01,27.04150786309445,27.389398299334804,27.04150786309445,27.248361587524414,35228600.0
2023-09-05,27.210752361677933,27.37999713150441,26.797043123588672,26.938079833984375,46543600.0
2023-09-06,26.70301573803022,26.853455121865295,26.439747713008302,26.693613052368164,45022600.0
2023-09-07,26.712421844917284,26.844055874287427,26.38333497811278,26.44915199279785,35023600.0
2023-09-08,26.439751884130917,26.68421457639504,26.289310683183395,26.6654109954834,36513900.0
2023-09-11,26.80644635651458,27.041508143092177,26.703018596539124,26.77823829650879,34168300.0
2023-09-12,26.759433987221822,27.398802359077102,26.703019658346115,27.23896026611328,42284000.0
2023-09-13,27.37999782371437,27.44581483733772,26.985093948595154,27.15433692932129,37215700.0
2023-09-14,27.42700739608436,27.68087453810225,27.3611903874232,27.455215454101562,44634800.0
2023-09-15,27.220153674277654,27.3517876915525,27.03210354098875,27.11672592163086,61661100.0
2023-09-18,27.07911667365543,27.07911667365543,26.787640564995595,27.041507720947266,25752300.0
2023-09-19,27.04150759185146,27.210752361677933,26.806445810065593,26.938079833984375,34888100.0
2023-09-20,27.088521572525416,27.238960982402784,26.82525350192963,26.844057083129883,26641100.0
2023-09-21,26.665407864563527,26.881664263378838,26.34572371267177,26.373929977416992,39906000.0
2023-09-22,26.392734637828127,26.505565073903544,25.950819166072215,25.988428115844727,41284400.0
2023-09-25,25.856795851986707,25.969626295700344,25.715759142378957,25.950820922851562,32749200.0
2023-09-26,25.706356594425948,25.856795991268456,25.39607511426589,25.5465145111084,42237400.0
2023-09-27,25.60293032856826,25.960225261924577,25.452490922959022,25.640541076660156,38296300.0
2023-09-28,25.546514115212606,25.988429612416702,25.546514115212606,25.913209915161133,36734300.0
2023-09-29,26.223491391464588,26.317516461382226,25.64053918605752,25.74396514892578,40645900.0
2023-10-02,25.640541522343067,25.725163913641563,24.991770453514338,25.10460090637207,50388600.0
2023-10-03,24.907146319817066,24.935354379402984,24.277180669430898,24.36180305480957,62144500.0
2023-10-04,24.333596618154356,24.45582975779993,24.051523176998604,24.390012741088867,55696400.0
2023-10-05,24.239570103006468,24.53104619247366,24.03271459990546,24.502838134765625,49044100.0
2023-10-06,24.230167953713977,24.662680754542013,23.94809275052356,24.51224136352539,58177300.0
2023-10-09,24.220764611827576,24.78491320955512,24.183153868402226,24.737899780273438,39953700.0
2023-10-10,25.019975815069788,25.668745020508076,24.982365070382865,25.396074295043945,51960100.0
2023-10-11,25.54651423263378,25.80038138455534,25.29264708071222,25.40547752380371,38508200.0
2023-10-12,25.358465329871457,25.46189309163946,25.019977570831056,25.292648315429688,44249800.0
2023-10-13,25.79097827923099,26.063649006089292,24.935353560397843,25.161012649536133,55089700.0
2023-10-16,25.53711566693764,25.555921042717173,25.170419806133495,25.377273559570312,56817500.0
2023-10-17,25.433684992070486,26.2046891706615,25.123403500622313,25.969627380371094,95344200.0
2023-10-18,25.89440646958639,26.364530028205934,25.5841231992536,25.67814826965332,68371100.0
2023-10-19,25.621734496636815,26.120066125123653,25.273842266678248,25.349061965942383,58611000.0
2023-10-20,25.198622569831496,25.330258388590682,24.672084674932023,24.73790168762207,62058400.0
2023-10-23,24.568655946636312,24.643875642940106,23.99510643483703,24.042118072509766,59857200.0
2023-10-24,24.201960566200896,24.324193695651783,23.882276403084955,23.94809341430664,55975700.0
2023-10-25,23.86346954339214,24.11733667946775,23.675421207816044,24.023311614990234,45522400.0
2023-10-26,23.96689704785886,24.784912769031347,23.91988541279171,24.559253692626953,60921000.0
2023-10-27,24.512243441599296,24.512243441599296,23.468568508735252,23.6660213470459,64709300.0
2023-10-30,23.80705508237188,24.239569659079148,23.7694461328289,24.15494728088379,41891900.0
2023-10-31,24.2019608317247,24.803718419072432,24.183155458775317,24.766109466552734,50106700.0
2023-11-01,24.860137682418756,25.029382473612433,24.58746512030021,24.822526931762695,44046300.0
2023-11-02,25.11399896929837,26.00723442414957,25.00117032253803,25.96962547302246,63278300.0
2023-11-03,26.477362056463683,27.20135285952916,26.449153993730736,26.721826553344727,62613600.0
2023-11-06,26.853457720219737,27.05091055147073,26.345725198992636,26.6372013092041,45548000.0
2023-11-07,26.37392821088243,26.571381017768466,26.279904943524084,26.47735595703125,33081900.0
2023-11-08,26.477360747962475,26.514971496414365,26.016639839701995,26.223493576049805,31896000.0
2023-11-09,26.39273461467711,26.402137300456726,25.76276901447441,25.88500213623047,32267900.0
2023-11-10,26.101258817223684,26.110661503107117,25.706354977014186,26.026039123535156,32858500.0
2023-11-13,25.894408083737616,26.185884206105023,25.781577633548753,26.04484748840332,28521800.0
2023-11-14,26.79704458868143,27.652669377691804,26.768836527708423,27.474021911621094,66676300.0
2023-11-15,27.45521668143423,27.95354650836217,27.45521668143423,27.850120544433594,46968900.0
2023-11-16,27.671472680620493,27.925339830239533,27.474019855346004,27.774900436401367,36952800.0
2023-11-17,27.934741017263736,28.20741354232819,27.784301621841646,28.188608169555664,38493300.0
2023-11-20,28.18860788960768,28.442475039378394,27.972351485008502,28.216815948486328,46783400.0
2023-11-21,28.198009196396118,28.198009196396118,27.784299986643987,27.887727737426758,41611900.0
2023-11-22,27.96294771031304,28.009961139947546,27.756094000058113,27.859519958496094,41422700.0
2023-11-24,27.718482852091835,28.10398400257763,27.718482852091835,27.95354461669922,15815600.0
2023-11-27,27.83131573303526,27.915938119197897,27.746693346872622,27.793704986572266,42039500.0
2023-11-28,27.76549530029297,27.878323939026913,27.56804249244025,27.76549530029297,29705800.0
2023-11-29,28.09458337146175,28.780965137281264,28.02876635949884,28.498889923095703,57954900.0
2023-11-30,28.631574855643983,28.953810542991423,28.470458819662973,28.89694595336914,52547700.0
2023-12-01,28.811649645398372,29.427687853087082,28.764262786227242,29.342390060424805,46133300.0
2023-12-04,28.934860205670272,29.380302856270077,28.925382471696715,29.209707260131836,37811300.0
2023-12-05,29.077018101609216,29.181271351497248,28.745304694623083,28.982242584228516,45723100.0
2023-12-06,29.171792387045677,29.873128293736748,28.849556726175106,28.93485450744629,49803100.0
2023-12-07,28.99172118523398,29.313956869365914,28.944334328970392,29.058063507080078,32699600.0
2023-12-08,29.067543023385205,29.51298564574936,29.01067843084129,29.342390060424805,34794300.0
2023-12-11,29.30447861216279,29.456118718723857,29.105449842493474,29.238136291503906,32254000.0
2023-12-12,29.162315719942633,29.24761350432888,28.859035512210475,29.133882522583008,34566700.0
2023-12-13,29.143362516242824,30.45126077318216,29.029631525672666,30.365962982177734,60311100.0
2023-12-14,30.915655227481697,32.28989572823181,30.86826837201831,32.16668701171875,107190000.0
2023-12-15,32.052964170050515,32.24251524474973,31.550656895175727,31.844457626342773,83771800.0
2023-12-18,31.94870362552565,32.02452548429998,31.664378885892354,31.683334350585938,40694700.0
2023-12-19,31.30423680859402,31.91079730485017,31.086254356213576,31.759157180786133,44534800.0
2023-12-20,31.63594946832133,31.948705616795568,31.228415990471987,31.256847381591797,44711400.0
2023-12-21,31.503263942776247,31.70229090582749,31.1715487223055,31.46535301208496,32325700.0
2023-12-22,31.47482406474883,31.910788854055063,31.465348141235555,31.683330535888672,37265900.0
2023-12-26,31.702295658880757,32.18564744381381,31.626473786130383,32.09087371826172,24845400.0
2023-12-27,32.03400374070487,32.17616792856223,31.901319093576912,32.07191467285156,24498600.0
2023-12-28,32.0529549289495,32.19511909783345,32.00556807778318,32.10982131958008,21799600.0
2023-12-29,32.16668473696319,32.214075204460556,31.797062228948207,31.910791397094727,28060700.0
2024-01-02,31.645421271898304,32.28989256616788,31.53169210684631,32.12877655029297,36668600.0
2024-01-03,31.891843301064178,32.00557248259247,31.503265283405806,31.77811050415039,45988700.0
2024-01-04,31.81602177145738,32.51735956493507,31.787590379622316,32.03400421142578,39834600.0
2024-01-05,32.03400372958199,32.877502084932935,31.948705939974282,32.63108825683594,49242400.0
2024-01-08,32.50788302558654,32.50788302558654,31.882367039761213,32.37519836425781,40253900.0
2024-01-09,32.05296199268172,32.071917460402595,31.759157666086864,31.87289047241211,39268800.0
2024-01-10,31.74968009334201,31.87288881944504,31.503266256521563,31.844453811645508,34904000.0
2024-01-11,31.616997648912463,31.749682309955016,31.06729992129519,31.417970657348633,48790600.0
2024-01-12,30.564989547961854,31.45587476347995,30.290140712241154,31.086252212524414,74344300.0
2024-01-16,30.716628919412,30.811402632356966,30.157455336111727,30.44178009033203,58420800.0
2024-01-17,30.062678255237838,30.318571605371012,29.636191146041824,30.138498306274414,48811300.0
2024-01-18,30.091110462838323,30.110065926897345,29.75939707257561,30.072154998779297,35484400.0
2024-01-19,30.13850059347883,30.546034076612784,29.92051815616761,30.536558151245117,49493600.0
2024-01-22,30.66924033799155,31.2663248190418,30.631329408791647,30.84931182861328,43903400.0
2024-01-23,30.839836939315656,31.105206221853155,30.6976727577361,31.057819366455078,30003400.0
2024-01-24,31.304238059067156,31.59804239290874,31.190508865322556,31.256851196289062,36403900.0
2024-01-25,31.474832113913255,31.70229410563405,31.114689082151752,31.645427703857422,46204000.0
2024-01-26,31.654902961238175,31.910792696138486,31.579081102463846,31.683334350585938,30839800.0
2024-01-29,31.65490256593397,31.891840448567056,31.503262465664204,31.85392951965332,30269300.0
2024-01-30,32.12878769482362,33.06705995888529,32.071921284879856,32.972286224365234,60315700.0
2024-01-31,32.76377057789893,33.26607773915844,32.223552487197324,32.233028411865234,54716000.0
2024-02-01,32.15720657146313,32.46048674230645,31.209455133731552,31.797060012817383,57084800.0
2024-02-02,31.626471293241636,31.94870699625942,31.436920241692537,31.721248626708984,40416000.0
2024-02-05,31.38005416980987,31.55064973679492,31.1431162840401,31.266324996948242,43573000.0
2024-02-06,31.19998218146376,31.61699521594885,31.162074863644225,31.3137149810791,27188000.0
2024-02-07,31.332672404735995,31.52221985182963,30.925138885790222,31.446401596069336,29660100.0
2024-02-08,31.32318595959788,31.541168368021427,31.08624808756554,31.389528274536133,36852200.0
2024-02-09,31.370573493441782,31.512737665908187,31.124159691936452,31.34214210510254,36176000.0
2024-02-12,31.275805911555526,32.19512621193986,31.25685044382344,31.86341094970703,34160400.0
2024-02-13,31.389531206799926,31.569606320212685,30.659762058922492,31.038864135742188,43801500.0
2024-02-14,31.256845526656633,31.446396558772506,31.15259227822364,31.399009704589844,27833900.0
2024-02-15,31.57908419237452,32.451017576669045,31.57908419237452,32.28989791870117,41683100.0
2024-02-16,32.14772969694835,32.36571572723244,30.792448354817388,32.3088493347168,33290700.0
2024-02-20,32.01504667169839,32.30885095804683,32.0055707468289,32.18564224243164,30372900.0
2024-02-21,31.616994273344538,31.977140897284826,31.436919153681654,31.93922996520996,37847100.0
2024-02-22,31.626467561556083,32.28989435600575,31.626467561556083,31.85392951965332,42756900.0
2024-02-23,31.96765648944735,32.27093666910046,31.740198162399984,32.147727966308594,30586000.0
2024-02-26,32.0245308370706,32.432064357637145,31.778113370251575,31.85393524169922,31129200.0
2024-02-27,31.967659487438358,32.63108629841636,31.94870402250924,32.488922119140625,40536300.0
2024-02-28,32.43205908873036,32.79220207344045,32.32780584011973,32.517356872558594,39548600.0
2024-02-29,32.76550604848158,33.07092263388912,32.59370876408323,32.94684600830078,43863400.0
2024-03-01,32.95639279533359,33.07092675979025,32.479178865990896,32.78459548950195,38432300.0
2024-03-04,32.72733291914882,33.80583380345726,32.68915493009717,33.54814147949219,49136400.0
2024-03-05,33.3381553531635,34.09215400821331,33.280888388184906,33.777191162109375,47591600.0
2024-03-06,34.02535351349928,34.15897282683941,33.47178362582938,33.80583190917969,49149700.0
2024-03-07,33.97763223444713,34.26396352092875,33.643583921356644,34.00626754760742,35900700.0
2024-03-08,34.23531888901712,34.483472117640815,33.88218167689384,33.977622985839844,42769900.0
2024-03-11,33.77719969853303,34.29259159103735,33.66266938048312,34.25441360473633,34131500.0
2024-03-12,34.26395706412661,34.50256399732845,34.14942311477566,34.32122039794922,29260400.0
2024-03-13,34.32122652823843,34.78889780282246,34.32122652823843,34.435760498046875,38289600.0
2024-03-14,34.28304026675619,34.56937148134001,33.86309340134062,34.06352233886719,40178100.0
2024-03-15,33.672214706502274,34.368946627486764,33.63404035805024,33.79629135131836,69646400.0
2024-03-18,34.034890221274956,34.44529440647953,33.77719431608702,34.36893844604492,50617900.0
2024-03-19,34.25441550195557,34.7316294345899,34.216237513540015,34.38803482055664,46113800.0
2024-03-20,34.20669657420557,35.19930247830379,34.101708921157204,35.075225830078125,40519000.0
2024-03-21,35.247020446111826,35.8864853517312,35.19929978225047,35.80058670043945,43219500.0
2024-03-22,35.705143969101265,35.89603025789597,35.31382871545601,35.361549377441406,29001100.0
2024-03-25,35.409274591541184,35.58107190945688,35.161124932803844,35.180213928222656,30480200.0
2024-03-26,35.313828220963636,35.54289249248038,35.12294193484187,35.39972686767578,33673400.0
2024-03-27,35.55243321883861,36.12508840494855,35.54289054343969,36.0869140625,36350200.0
2024-03-28,36.00101570961294,36.268254313163325,35.71468447340565,36.191898345947266,42262500.0
2024-04-01,36.21099285408706,36.60230814354954,35.733778908847285,35.81013488769531,33908000.0
2024-04-02,35.495171043557285,35.86740096979999,35.46653937263607,35.60015869140625,34806800.0
2024-04-03,35.69559412572336,36.28733822540279,35.57151751679218,35.733768463134766,33338500.0
2024-04-04,35.981932587259166,36.23008223948423,35.18975568200908,35.23747634887695,42888200.0
2024-04-05,35.13249178989735,35.63833740433989,35.05613581141741,35.418819427490234,30823500.0
2024-04-08,35.504714717428435,35.86739829912316,35.43790506301797,35.79104232788086,29470300.0
2024-04-09,35.80058380897618,36.048737066378166,35.504713532420006,36.01055908203125,30967300.0
2024-04-10,35.48562769913318,35.53334836338838,34.8843371351285,34.97978210449219,37610700.0
2024-04-11,35.07522352447818,35.07522352447818,34.407123300603175,34.693450927734375,38604000.0
2024-04-12,34.178062687788355,34.445301321251534,33.91082041347186,34.158973693847656,47126100.0
2024-04-15,34.674363420375954,35.08476402122572,34.13033622951732,34.31167984008789,44392000.0
2024-04-16,34.45484168018467,34.52165133405651,32.593710406822105,33.09955596923828,95566100.0
2024-04-17,33.29998325345516,34.120791692080836,33.16636395244221,33.624488830566406,65951400.0
2024-04-18,33.92036697809246,34.349860242755234,33.57677236636224,34.13988494873047,44506200.0
2024-04-19,34.45483964919255,35.42835637217922,34.416665306982516,35.285194396972656,56273700.0
2024-04-22,35.31382725153839,36.182356370739406,35.189750622837394,36.01055908203125,43867100.0
2024-04-23,36.21099084962743,36.66911577479569,36.10600684580297,36.621395111083984,39180300.0
2024-04-24,36.28734563455486,36.73592786861516,36.26825664152537,36.573673248291016,28670600.0
2024-04-25,36.20144678100716,36.52595237896164,35.67651221865955,36.18235778808594,41116000.0
2024-04-26,36.2014479491471,36.56413154464702,36.05828231804489,36.10600662231445,28668700.0
2024-04-29,36.115545290266,36.325520555017,35.74331905973674,35.83876037597656,26438800.0
2024-04-30,35.64787749045591,35.953294100472135,35.29474021778463,35.32337188720703,30283800.0
2024-05-01,35.514262944871156,35.80059060008131,35.09431595995317,35.26611328125,32272000.0
2024-05-02,35.66696644940715,35.78150040869303,34.97978089795773,35.19929885864258,34860300.0
2024-05-03,35.55243682861328,35.81967545715129,35.39018584438756,35.55243682861328,34082700.0
2024-05-06,35.9437499235699,36.067826553975195,35.657422318741,35.972381591796875,28422300.0
2024-05-07,35.98193167469042,36.41142494731558,35.98193167469042,36.11555099487305,29119500.0
2024-05-08,35.981931474874166,36.09646179998706,35.810134166778134,35.99147415161133,32803300.0
2024-05-09,35.81967489357526,36.66911507022332,35.75286523749192,36.53549575805664,26855400.0
2024-05-10,36.726385578506964,37.01271322363726,36.58322357636859,36.69775390625,27359100.0
2024-05-13,36.860000400215576,37.01270870168515,36.44005348138753,36.468685150146484,24060600.0
2024-05-14,36.6500327400291,37.02225903771749,36.62139742730834,36.735931396484375,27594800.0
2024-05-15,37.0318035726627,37.45175419900407,37.012714576842306,37.13679122924805,34084400.0
2024-05-16,37.14632789902623,37.56627845744867,36.94589893660812,37.43265914916992,32554200.0
2024-05-17,37.65217806197596,37.69035604841323,37.37539312158555,37.49946975708008,25537300.0
2024-05-20,37.47083885386207,37.67127148580449,37.02226020345191,37.0508918762207,28369800.0
2024-05-21,37.003165879306216,37.938504677213125,37.003165879306216,37.84306335449219,31799200.0
2024-05-22,37.613999365056095,37.99577194051117,37.54718971047942,37.94804763793945,42837600.0
2024-05-23,37.95759618317876,38.02440584167764,37.16541931690159,37.38493728637695,39033900.0
2024-05-24,37.375397083012366,37.96714137209637,37.28949842485069,37.89078903198242,22166300.0
2024-05-28,37.843061967025534,37.92896061066625,37.32767010518124,37.528099060058594,31217900.0
2024-05-29,37.06997464863977,37.127241625417405,36.80273603871681,36.9554443359375,26677500.0
2024-05-30,36.964990126091806,37.33721640437551,35.876942961615335,36.86954879760742,50989100.0
2024-05-31,36.936355507020714,38.25346685190693,36.89817752233346,38.16756820678711,58188400.0
2024-06-03,38.21528840469032,38.358450384255285,37.566277236274175,38.06258010864258,31898600.0
2024-06-04,37.81442568290349,38.31072853992744,37.6235394085323,37.8716926574707,26974200.0
2024-06-05,38.00531577588187,38.16757039969851,37.71898815598257,38.13893508911133,34140300.0
2024-06-06,38.091214185866136,38.177112835379866,37.62354295165732,37.890785217285156,38676400.0
2024-06-07,37.7179426886905,38.37090127667371,37.7179426886905,38.19805908203125,25928700.0
2024-06-10,38.00601649276008,38.255675412394794,37.65072771462946,38.09243392944336,37176200.0
2024-06-11,37.765958268531016,37.78515970134052,36.93055308441579,37.31464767456055,44629000.0
2024-06-12,38.217259780443996,38.29408015277911,37.54509617449962,37.842769622802734,38964700.0
2024-06-13,37.72755520819386,37.78516684350711,37.38187074432167,37.69874572753906,40018700.0
2024-06-14,37.545099249512404,37.909988721995376,37.36265634476955,37.679534912109375,32347900.0
2024-06-17,37.53550097207218,37.95800209297463,37.429874776097186,37.93879699707031,26135400.0
2024-06-18,37.986807434671505,38.428513603412576,37.890781965599245,38.39970779418945,30804500.0
2024-06-20,38.19805614063626,38.70698196922647,38.16925033141314,38.39970779418945,29383300.0
2024-06-21,38.265278381811186,38.32289367265649,37.8043670440418,37.91959762573242,72244900.0
2024-06-24,38.18845440149254,38.735786740041966,38.07322750469188,38.42851257324219,31064900.0
2024-06-25,38.19805958033197,38.47652797122166,37.78515918363277,37.813968658447266,30596000.0
2024-06-26,37.61231541701515,37.78515760669894,36.94015541601962,37.44907760620117,44310200.0
2024-06-27,37.161009210266045,37.78515831764808,36.815324824394224,37.68913650512695,29464200.0
2024-06-28,38.159647866414005,38.46692202736274,37.75634824079571,38.188453674316406,52028200.0
2024-07-01,38.322889169762576,38.73578954814441,38.09243169645751,38.41891098022461,26770500.0
2024-07-02,38.409313192328405,39.33113582982487,38.37090300001667,39.302330017089844,35626100.0
2024-07-03,39.38874832911813,39.56159051928421,39.12948504386902,39.273521423339844,17100700.0
2024-07-05,39.30232282347638,39.331128630939006,38.68777451096122,38.803001403808594,23489000.0
2024-07-08,38.9854488357837,39.40795359715696,38.82221102379662,39.00465393066406,26728500.0
2024-07-09,39.13908512650677,40.16653753497996,38.98544803362244,39.7728385925293,34697200.0
2024-07-10,39.63840642667367,40.0993177033795,39.43675842992685,40.080116271972656,25333400.0
2024-07-11,40.10892486102087,40.23375615179758,39.744035368056814,40.147335052490234,33824600.0
2024-07-12,39.840059121100325,40.25295584102069,39.455964549038235,39.93608093261719,31856600.0
2024-07-15,40.1857414200126,40.55063091151521,40.04170869707554,40.224151611328125,36648100.0
2024-07-16,40.829097158513825,42.63433576250757,40.54102806478011,42.37507247924805,75953300.0
2024-07-17,41.9141622278886,42.67274333868472,41.9141622278886,42.23103713989258,65713600.0
2024-07-18,41.88535271814346,42.480699677398505,41.222793420517824,41.29961013793945,48549200.0
2024-07-19,41.1555709864484,41.82773455806451,40.99232953507172,41.1939811706543,43903000.0
2024-07-22,40.944322901697326,41.165175989393504,40.29136435416205,40.61784362792969,42838300.0
2024-07-23,40.541029683266004,41.0787577029036,40.473813680811304,40.723472595214844,36705100.0
2024-07-24,40.598639569514255,41.049950134970125,40.3969915707776,40.5122184753418,36567200.0
2024-07-25,40.348974501998,40.61783845924131,40.00329017811563,40.02249526977539,41593900.0
2024-07-26,39.92647625277053,40.291362030706665,39.763234793801665,40.01289367675781,52049300.0
2024-07-29,40.11852240167656,40.21454787274876,39.35033694808479,39.455963134765625,37133100.0
2024-07-30,39.417555557289425,40.22415125273762,39.18710173744561,39.63840866088867,44163200.0
2024-07-31,39.59039789109629,39.734434276246716,38.620564375142045,38.70698547363281,50851600.0
2024-08-01,38.831809007233346,38.84141338549634,37.42987014659418,37.92919158935547,60107800.0
2024-08-02,36.48884439649625,36.997766580393524,35.701453836769524,36.085548400878906,76728000.0
2024-08-05,34.232295129637365,35.49019754549933,33.74257443126619,35.192527770996094,76075200.0
2024-08-06,35.19253024797971,35.82628368936257,35.08690406391639,35.45178985595703,40614100.0
2024-08-07,36.584862480501236,37.05537809047164,35.78787128618006,35.81667709350586,44952400.0
2024-08-08,36.31600055436016,36.892138711277674,36.16236346831569,36.69049072265625,36557800.0
2024-08-09,36.642478792922496,36.920947148258705,36.40242062376996,36.75770568847656,26411200.0
2024-08-12,36.96896293397305,37.18981603921372,36.49844724854906,36.65208435058594,33040600.0
2024-08-13,36.84412853005271,36.949754715588234,36.60407034947092,36.93054962158203,21553500.0
2024-08-14,36.98816750658444,37.372258424746796,36.90174640897336,37.26663589477539,25658900.0
2024-08-15,37.861980797326574,38.10203900493681,37.42027457444315,37.47788619995117,37379800.0
2024-08-16,37.44907917339176,37.85237519086644,37.43947845711745,37.77555847167969,26886600.0
2024-08-19,37.90999101367175,38.15965359630394,37.88118520144399,38.09243392944336,27268900.0
2024-08-20,37.564305727301935,37.67953629948504,36.815325323098776,37.151405334472656,44440800.0
2024-08-21,37.324245610536124,37.43947617679407,36.86333433449599,37.20901870727539,33751100.0
2024-08-22,37.237825060999555,37.72754581725252,37.03617706159999,37.679534912109375,35421600.0
2024-08-23,37.70833733995939,38.572544544003854,37.70833733995939,38.188453674316406,45616600.0
2024-08-26,38.40931703537616,38.601364353152626,38.08283769405555,38.332496643066406,44659500.0
2024-08-27,38.40930866950815,38.53413994832325,38.03481849605999,38.092430114746094,32323900.0
2024-08-28,37.775555066557814,38.66857178246579,37.76595435114893,38.361297607421875,40700500.0
2024-08-29,38.457324811229896,38.73579321613486,37.9580032909513,38.57255172729492,34810800.0
2024-08-30,38.572553069492166,39.235116101665696,38.53414653813248,39.12948989868164,49098200.0
2024-09-03,38.96624739793203,39.27352158997608,38.63016373207321,39.08147430419922,48489300.0
2024-09-04,39.043064281738936,39.32153266415871,38.67817480349913,38.889427185058594,39629600.0
2024-09-05,39.17749662068103,39.31192862355879,38.41891184673099,38.54374313354492,34214500.0
2024-09-06,38.437429433791266,38.543744260278444,37.26797371618917,37.46126937866211,47007600.0
2024-09-09,37.93485037050983,38.379436267071405,37.789874945297996,38.14748001098633,37610200.0
2024-09-10,38.50508558193499,38.50508558193499,37.045682610636625,37.96384811401367,53983900.0
2024-09-11,37.68356636683352,37.722223287549774,36.73639991515516,37.69322967529297,41190000.0
2024-09-12,37.741552009717964,38.012172564661704,37.238975192683384,37.48059844970703,39921600.0
2024-09-13,37.57724670059662,37.78020933401588,37.15198744557188,37.35495376586914,31887300.0
2024-09-16,37.50959486102257,37.896189850995576,37.49026455849219,37.78987503051758,26336400.0
2024-09-17,37.96384653902435,38.46642337691283,37.89619231920075,38.22480010986328,27769400.0
2024-09-18,38.292457580566406,38.77570415569125,38.09915821314072,38.292457580566406,42527800.0
2024-09-19,38.698381106666986,39.674537427098755,38.669383809213784,39.50056838989258,57977800.0
2024-09-20,39.2589482918796,39.36526312170293,38.891683572153525,38.920677185058594,70725000.0
2024-09-23,38.86268447360971,39.08497743164305,38.41809855754304,38.53407669067383,31714800.0
2024-09-24,38.51474594152864,38.64039106831169,37.93485159570863,38.128150939941406,32534900.0
2024-09-25,37.934852600097656,38.089491342202535,37.63523842426014,37.934852600097656,28866000.0
2024-09-26,38.07016327315989,38.38910777134121,37.79954638031174,38.19580841064453,39601400.0
2024-09-27,38.32144960929664,38.56307286361282,38.03149875461462,38.07982635498047,27861100.0
2024-09-30,37.915522180709615,38.45675961986338,37.71255952360636,38.35044479370117,35055200.0
2024-10-01,38.18614110035836,38.23446870529354,37.6352403233807,37.905860900878906,26291200.0
2024-10-02,37.93485383330405,38.215137714630266,37.74155447766947,37.915523529052734,23302700.0
2024-10-03,37.67389903150597,37.95418290372057,37.43227576653719,37.934852600097656,26030200.0
2024-10-04,38.59206794262784,38.90134542496926,38.2924537686003,38.76603698730469,34209900.0
2024-10-07,38.86268650642884,39.08497947608981,38.37943995841491,38.621063232421875,27177500.0
2024-10-08,38.708049678152065,38.80470120467514,38.476093388254185,38.592071533203125,26023600.0
2024-10-09,38.534075799039684,39.036652613481884,38.38910405770027,38.843353271484375,27421000.0
2024-10-10,38.6693904150678,38.78537225093715,38.437434117086866,38.630733489990234,26182300.0
2024-10-11,39.14297203194961,40.75701380035538,39.04632419304197,40.54438781738281,50660700.0
2024-10-14,40.554049778443165,40.766679441226316,40.32209349802391,40.5057258605957,28098900.0
2024-10-15,41.78150128188288,41.90714643227887,40.641038992144594,40.728023529052734,61490000.0
2024-10-16,40.795670898055825,41.65584912565793,40.73768367445558,41.365901947021484,42437800.0
2024-10-17,41.394896424056796,41.55919846222921,41.04695835865856,41.17259979248047,31708600.0
2024-10-18,41.00830381739779,41.22093348588477,40.69902631062328,40.9019889831543,30593500.0
2024-10-21,40.83433150944636,40.98897025052771,40.341421674399065,40.360748291015625,26589500.0
2024-10-22,40.25444157052117,40.98897474956184,40.17712034805436,40.882659912109375,37104400.0
2024-10-23,40.78600580784169,41.04695936327717,40.6120367708847,40.92131423950195,28569400.0
2024-10-24,40.90198373036824,41.23059149997494,40.56371265292526,41.22092819213867,28392000.0
2024-10-25,41.481879629182224,41.5398705390291,40.38974514532042,40.486392974853516,27466900.0
2024-10-28,40.660366004606196,41.31758163313621,40.60237508907282,41.19193649291992,24527600.0
2024-10-29,41.162937043787835,41.37556668372478,41.04695891603959,41.10494613647461,22313500.0
2024-10-30,40.312420733761954,41.46254972309658,40.24476652108087,40.89231872558594,38100500.0
2024-10-31,40.872992235102245,41.12427880750958,40.39940901529657,40.418739318847656,28138200.0
2024-11-01,40.73768367884992,41.008300554022675,40.35108498270735,40.360748291015625,31220000.0
2024-11-04,40.21578062946343,40.61204267415893,39.732534053645566,39.94516372680664,31110100.0
2024-11-05,40.11912904126194,40.602375616346116,39.99348758629277,40.47673416137695,30851400.0
2024-11-06,43.29888925376086,44.023759063880334,42.52569552700912,43.888450622558594,110086700.0
2024-11-07,43.53084720827765,43.71447955776546,43.018603392332345,43.269893646240234,48339700.0
2024-11-08,43.6274954920682,43.97543357841332,43.44386314066532,43.61783218383789,38331800.0
2024-11-11,44.072086962643226,44.96126259390801,44.05276034374687,44.536006927490234,43293500.0
2024-11-12,44.5939925995423,44.89360679826916,44.304045396804625,44.3233757019043,38155900.0
2024-11-13,44.65197898686452,44.92259585706036,44.294377595980265,44.33303451538086,36903900.0
2024-11-14,44.41035776061544,44.61332042255198,44.19772810322753,44.36203384399414,35733100.0
2024-11-15,44.09141729088478,45.27054013562062,44.09141729088478,45.183555603027344,40488900.0
2024-11-18,45.183553703130336,45.4445072899375,44.932267112248645,45.15456008911133,32360300.0
2024-11-19,44.44901701030927,45.057904977511384,44.41035640344229,44.854942321777344,28534100.0
2024-11-20,45.00958390637296,45.07723812922582,44.3813619091637,44.51667404174805,28021000.0
2024-11-21,44.83561268715108,45.47349796245788,44.74862816384204,44.90326690673828,45336500.0
2024-11-22,44.81627927747297,45.63780053776312,44.729294760192325,45.4251708984375,37996200.0
2024-11-25,45.676464400465576,46.140384354417236,45.57981656073825,45.908424377441406,42718600.0
2024-11-26,45.918083531562914,46.23702801018374,45.62813635173934,46.15004348754883,30301500.0
2024-11-27,46.217696472794564,46.37233521036416,46.053394427136126,46.16937255859375,23278400.0
2024-11-29,46.19837089829761,46.46899148190209,45.90842369653733,45.918087005615234,23262000.0
2024-12-02,46.140382582670675,46.21770011410786,45.28020061986115,45.463836669921875,35891500.0
2024-12-03,45.78277975734072,45.88909459437798,45.086907192251104,45.2512092590332,38123800.0
2024-12-04,45.12556167787597,45.21254620467139,44.584327899485444,44.8162841796875,24941300.0
2024-12-05,44.99992286463509,45.657138508498704,44.941931947748714,45.42517852783203,31572100.0
2024-12-06,45.73617925116093,45.73617925116093,45.09474554002399,45.434898376464844,28931700.0
2024-12-09,45.250239217719354,45.434893063424596,44.60880558159003,44.61852264404297,34660900.0
2024-12-10,44.61851926388593,44.98783063470599,44.307521385528126,44.46302032470703,35665800.0
2024-12-11,44.705993478589846,44.86149243804596,44.19090387052666,44.78374481201172,36790500.0
2024-12-12,44.84205078502637,45.1627694469912,44.62823834371649,44.78374099731445,24017300.0
2024-12-13,44.79346004878427,44.80317711137202,44.1034336760416,44.38527297973633,32902300.0
2024-12-16,44.307522174878734,44.394990561436835,43.88961807325528,44.19089889526367,27330400.0
2024-12-17,43.91877979037042,43.91877979037042,43.36481449189026,43.782718658447266,33054600.0
2024-12-18,43.87018277010768,44.15202577719023,42.130535707975625,42.27631759643555,41771900.0
2024-12-19,42.733097753162916,43.22874950487962,42.091664111736165,42.15969467163086,38583600.0
2024-12-20,41.984756599115066,43.15100055886025,41.887567439827016,42.927467346191406,74222200.0
2024-12-23,42.665066686553246,42.869158363813426,41.576570326390794,42.65534591674805,35374800.0
2024-12-24,42.69422312166565,43.17043705245524,42.69422312166565,43.13156509399414,12054400.0
2024-12-26,42.966347684510566,43.32594205191808,42.869162222036394,43.296783447265625,16077400.0
2024-12-27,42.99550405673208,43.520310717186256,42.82056726745151,43.092689514160156,17972500.0
2024-12-30,42.655347780941185,42.89831513326588,42.324912033484104,42.67478561401367,16109800.0
2024-12-31,42.801129588803306,42.985783441537414,42.480410904836745,42.713661193847656,16110400.0
2025-01-02,42.89831600308486,43.335657987614496,42.56788024892776,43.044097900390625,25610600.0
2025-01-03,43.49115549568801,43.58834095238817,42.90803534071201,43.549468994140625,23455700.0
2025-01-06,43.88962111613712,44.85177343498257,43.831307618593094,44.12287139892578,30518500.0
2025-01-07,44.97811573079114,45.33771008678585,44.36584066333824,44.78374481201172,41111200.0
2025-01-08,44.608806631582915,44.95867649893527,44.40471124139298,44.91008377075195,40246000.0
2025-01-10,44.70598942133977,44.75458214662464,43.48143569017957,43.841026306152344,40741300.0
2025-01-13,43.8313104672483,44.06456076519621,43.432844143269236,43.79243850708008,34353600.0
2025-01-14,44.317243082309474,44.62824099319401,43.95765244298439,44.49217987060547,36379000.0
2025-01-15,45.79448131883466,46.124917035919346,45.52235909560747,45.77504348754883,57154800.0
2025-01-16,45.67786124382034,46.1735130005347,44.531055069192995,45.32798767089844,56339300.0
2025-01-17,45.298835930741355,45.56124112870965,44.78374630550049,45.22108459472656,44486100.0
2025-01-21,45.30854788983892,45.82364116443998,45.230800269970494,45.3474235534668,52089100.0
2025-01-22,45.28910766070519,45.41545170711427,44.47273730466991,44.501895904541016,40296200.0
2025-01-23,44.75458243356114,45.57095282869773,44.75458243356114,45.085018157958984,35324100.0
2025-01-24,44.92952173148519,45.54180048902404,44.85177410764793,45.21136474609375,24655100.0
2025-01-27,45.240520890221354,45.813923997973404,45.075304867890104,45.76533126831055,44260000.0
2025-01-28,45.75561203704211,46.10548189846747,45.39601769832481,45.522361755371094,27156600.0
2025-01-29,45.434898376464844,46.05689425303546,45.327992140044046,45.434898376464844,23681500.0
2025-01-30,45.784771143883226,45.84308093912452,45.094744712684154,45.40574264526367,31199900.0
2025-01-31,45.38630019422908,45.512644250046115,44.86148984611593,44.99755096435547,30388900.0
2025-02-03,44.142302310856444,45.17248511482069,43.841025197278114,44.91007995605469,36497700.0
2025-02-04,45.046141617930985,45.80420221055498,44.968393999967155,45.39601516723633,32894000.0
2025-02-05,45.65842309322857,45.80420498339338,45.327987355257484,45.784767150878906,27696600.0
2025-02-06,46.10548515069311,46.63029554093181,45.843079955573764,46.39704895019531,39793400.0
2025-02-07,46.494229606030665,46.62057365892992,46.04717059717155,46.06660842895508,26504700.0
2025-02-10,46.14435895568206,46.22211028771431,45.09474192495969,45.35714340209961,26725200.0
2025-02-11,45.24051985421856,45.60983126449684,44.978114671183015,45.47377014160156,20314900.0
2025-02-12,45.25995734549182,45.26967811556099,44.64767858969705,44.91008377075195,29777100.0
2025-02-13,45.211360528910255,45.25995325269939,44.67683315245534,45.02670669555664,26815400.0
2025-02-14,45.17249160363031,45.76533256147662,45.17249160363031,45.63898849487305,25960500.0
2025-02-18,45.250239382269,45.33770777421323,44.86149014976411,45.2210807800293,37824100.0
2025-02-19,44.5893655290476,44.76430230358923,44.14230282333716,44.71570587158203,38967800.0
2025-02-20,44.60880437282815,44.890643664975514,43.772996143801066,44.02568054199219,40001100.0
2025-02-21,43.97709404611842,44.22977848010513,43.287067603897164,43.54947280883789,43485900.0
2025-02-24,43.76327769787048,44.113151273471416,43.18987460616618,43.209312438964844,35512200.0
2025-02-25,43.27734445621235,43.57862531364753,42.13053823421733,42.703941345214844,38119000.0
2025-02-26,42.80113051247828,43.29678228966504,42.62619371879174,42.703941345214844,32251700.0
2025-02-27,42.8497170254694,43.520305499048874,42.70393514941916,42.87887191772461,28477700.0
2025-02-28,43.07325057197671,44.900366042195635,42.956627284588784,44.80317687988281,62621100.0
2025-03-03,44.91008663977598,45.63898873125319,43.94793795516321,44.27837371826172,46946000.0
2025-03-04,43.47171782643244,43.57862405363736,40.847669704392416,41.46966552734375,78278100.0
2025-03-05,41.450230626375514,41.52797824909613,40.536671034542834,41.10035705566406,52588900.0
2025-03-06,40.420049048372704,40.711609130891894,39.80777027991108,40.293704986572266,58103500.0
2025-03-07,40.40128702409125,40.81204630777705,39.71668448716457,40.48930740356445,50651400.0
2025-03-10,39.511303301033415,39.726461318504526,38.31813903276094,38.95384216308594,77498400.0
2025-03-11,38.826702172377736,39.76558372961364,38.406160775343885,38.73868179321289,50608400.0
2025-03-12,39.42328411614433,39.60910325748002,38.337700689199124,39.032081604003906,42290700.0
2025-03-13,39.090763216927044,39.30592124154224,38.46484218025802,38.797359466552734,37766100.0
2025-03-14,39.37437787540586,40.11766184325563,39.28635750370743,39.99052047729492,35979900.0
2025-03-17,40.01986154842625,40.85116593348294,39.697122655053036,40.52842330932617,37242800.0
2025-03-18,40.8022664883133,40.909847362860695,40.38172510460088,40.73380661010742,37644500.0
2025-03-19,40.8022673536263,41.760709399618264,40.39150434489624,41.28148651123047,42471100.0
2025-03-20,40.841384462127145,41.78026973668757,40.733807316497746,41.54554748535156,41018100.0
2025-03-21,41.23258448908112,41.72158573004783,40.96852337126509,41.5357666015625,65011000.0
2025-03-24,41.98565027611656,42.200812033561185,41.80960951653162,42.1225700378418,30646100.0
2025-03-25,42.39640940453528,42.57245016346931,42.09323099920285,42.32794952392578,25445300.0
2025-03-26,42.50398802363793,42.758270764486134,41.790046641813106,41.87806701660156,30012100.0
2025-03-27,41.8780697677361,42.14213090944869,41.58466974276114,41.6237907409668,25619200.0
2025-03-28,41.506431218618744,41.68247199448736,40.088330357476266,40.34260940551758,34253000.0
2025-03-31,39.88294660823717,40.978312255126,39.70690583394375,40.812049865722656,36390000.0
2025-04-01,40.4110653535871,40.78270736983718,40.06876595097759,40.577327728271484,25578500.0
2025-04-02,39.980749002411926,41.046772030165634,39.92206750087891,40.92940902709961,28216100.0
2025-04-03,37.78024002483876,37.9856196675259,36.20565530266996,36.4012565612793,115497900.0
2025-04-04,34.51370663924175,35.00270785408807,32.92934001697574,33.63350296020508,107761200.0
2025-04-07,34.200750607065025,35.824234702212735,32.802206652299894,34.797332763671875,137329100.0
2025-04-08,36.04917246891704,36.508834834222874,33.5748273568497,34.25942611694336,79116300.0
2025-04-09,33.3009842158247,37.01739295147503,32.34254221821058,36.332794189453125,161173500.0
2025-04-10,35.52104845071029,35.59929043696901,33.868225664218954,35.06138610839844,90451800.0
2025-04-11,34.42569298105682,35.43303448612491,34.04427255606148,35.15919494628906,63671900.0
2025-04-14,35.68731669269534,36.17631799512272,35.47215492577646,35.86335372924805,46830600.0
2025-04-15,36.96849308912613,37.89759619357695,36.96849308912613,37.15431594848633,84677800.0
2025-04-16,37.02717883494207,37.320578867216504,36.15675712252161,36.50883865356445,52872700.0
2025-04-17,36.684873039888245,37.036954545513055,36.420815641453196,36.587074279785156,47144400.0
2025-04-21,36.25455098276733,36.45993060448368,35.687311494581685,36.10784912109375,34928300.0
2025-04-22,36.74355647870741,37.64332078855783,36.577297831577866,37.47705841064453,42288900.0
2025-04-23,38.54307591140218,39.24723886023013,37.81935246613087,37.8975944519043,54428400.0
2025-04-24,37.809578665032035,38.82670221864138,37.750897168590996,38.70934295654297,42457100.0
2025-04-25,38.67021928465151,38.914719906738405,38.45505754336435,38.816917419433594,32694200.0
2025-04-28,38.924502058192424,39.19834531837207,38.59198103073296,38.90494155883789,37428000.0
2025-04-29,38.758239553142424,39.25701917930771,38.61153768797318,39.110321044921875,33792500.0
2025-04-30,38.49418099326553,39.120102028800964,37.96605872048864,39.002742767333984,40994600.0
2025-05-01,38.94406228498677,39.550422837598326,38.709343755942704,39.28636169433594,33569100.0
2025-05-02,40.01008468064541,40.32304520216709,39.80470503791876,40.16656494140625,41613000.0
2025-05-05,39.95140439807275,40.577329190923734,39.72646424956634,40.2154655456543,32829200.0
2025-05-06,39.75580834608411,40.36216893121461,39.66778796027614,39.941627502441406,29541800.0
2025-05-07,40.13722488810947,40.43062490213347,39.96118413353836,40.02964401245117,30925900.0
2025-05-08,40.38172759249288,41.22281041173628,40.342606593741145,40.684906005859375,41861700.0
2025-05-09,40.81204604286671,41.056546680840356,40.77292504540285,40.8707275390625,27222800.0
2025-05-12,42.36707178066341,42.992992839569965,41.99542975289371,42.406192779541016,44875100.0
2025-05-13,42.464871145686125,43.51133736110295,42.464871145686125,43.30595397949219,43232500.0
2025-05-14,43.21792832256583,43.93186968650167,43.15925056136612,43.75583267211914,42419500.0
2025-05-15,43.61891321688547,43.99055523884787,43.04189155020059,43.40375518798828,47379400.0
2025-05-16,43.36463267198061,43.80473456011381,42.69959064786457,43.706932067871094,49488100.0
2025-05-19,43.139693779217055,44.1470352282536,43.139693779217055,43.78517532348633,37915700.0
2025-05-20,43.609129500250496,43.92208998654509,43.433088760361876,43.70692825317383,33424300.0
2025-05-21,43.39396859550609,43.51133157819512,42.20080811776775,42.298606872558594,55594100.0
2025-05-22,42.23015079799777,42.61157119909968,42.014989041157236,42.35729217529297,29026200.0
2025-05-23,41.54554706687622,42.47465021743128,41.418405693233886,42.24971008300781,34875100.0
2025-05-27,42.82673111072261,43.24727249145508,42.347508235893685,43.24727249145508,36322000.0
2025-05-28,43.2374917533546,43.46243189170921,42.992991116345195,43.09079360961914,35673800.0
2025-05-29,43.39397572970399,43.4819961158001,42.934317029676706,43.26683807373047,28545100.0
2025-05-30,43.21793375001397,43.325514633434985,42.758275062829426,43.15925598144531,66537500.0
2025-06-02,42.91475411567563,43.17881525911228,42.40619232803287,43.110355377197266,28582600.0
2025-06-03,43.04189138460784,43.74605442755724,42.97343150329706,43.667816162109375,31320200.0
2025-06-04,43.61891194157791,44.0981348293695,43.3646329218489,43.384193420410156,30591700.0
2025-06-05,43.47221124884833,43.59935261664766,43.04188776730703,43.403751373291016,32020900.0
2025-06-06,43.96449509370882,44.43670225790907,43.91530755108214,44.239952087402344,37013000.0
2025-06-09,44.37768032671662,44.662973338235105,44.05303577855371,44.14157485961914,32414000.0
2025-06-10,44.07271250595482,44.46622037542417,44.02352496046344,44.35800552368164,32229100.0
2025-06-11,44.466220211548105,44.672810153512025,43.82677086420933,44.003849029541016,47873500.0
2025-06-12,43.679207749961506,43.92514922658793,43.305375654713984,43.895633697509766,30165400.0
2025-06-13,43.28570178965453,43.73823322588175,42.9512212166237,43.37424087524414,43281700.0
2025-06-16,43.91531066674336,44.16125215009453,43.630017645391376,43.68904495239258,34103600.0
2025-06-17,43.551318243251764,43.944822364239165,43.34472829827569,43.511966705322266,27489600.0
2025-06-18,43.54147926399391,44.46622165809113,43.492291717083674,44.328495025634766,37684700.0
2025-06-20,44.57443455321641,44.90891511137738,44.53508301631062,44.761348724365234,64591600.0
2025-06-23,44.662975628644006,45.61722604820825,44.37768260249511,45.548362731933594,42683600.0
2025-06-24,45.99105831197274,46.4239139803826,45.813980140175694,45.90251922607422,45437600.0
2025-06-25,45.82381826724046,46.21732238282595,45.70576365507257,46.08943176269531,33532400.0
2025-06-26,46.18781045358133,46.80758403072319,46.13862290839178,46.68952941894531,40127000.0
2025-06-27,46.67969752987908,46.89612349836362,46.14846298831165,46.35505294799805,56705000.0
2025-06-30,46.846936456711646,46.846936456711646,46.266514359322045,46.55180740356445,47921200.0
2025-07-01,46.25667161171306,47.63394157668147,46.177968540862246,47.36832809448242,48540900.0
2025-07-02,47.57491867177091,47.93891099747183,47.279789657614245,47.91923522949219,48003600.0
2025-07-03,48.15534166193044,48.50949798715584,48.01761503606926,48.13566589355469,21620300.0
2025-07-07,47.94875159624396,48.41111901715872,47.58475551140943,47.87004852294922,35567900.0
2025-07-08,46.72888000815528,47.01417301834333,46.00089159470458,46.38456344604492,88086500.0
2025-07-09,46.394398437701994,46.67969144164191,45.95170304413472,46.079593658447266,46227900.0
2025-07-10,46.138621886680355,46.45342667224526,46.020567277516726,46.20748519897461,44225000.0
2025-07-11,45.882843055987955,46.05008521801101,45.499174938034635,45.97138214111328,31653000.0
2025-07-14,46.05008493395642,46.30586242675781,45.794303688385796,46.30586242675781,36381200.0
2025-07-15,46.11894747027501,46.2468343381305,45.20404486267006,45.40079879760742,55145000.0
2025-07-16,45.4991750706585,45.80414386537229,44.27930364457264,45.282745361328125,61296600.0
2025-07-17,44.89907764960877,46.45342966204851,44.7023237077751,46.256675720214844,56480700.0
2025-07-18,46.24683479903643,46.61083089576743,46.13862369887313,46.55180358886719,48314200.0
2025-07-21,46.76823293388622,47.26011589595207,46.43375236957066,46.709205627441406,32199700.0
2025-07-22,46.82725704600614,47.388003329226926,46.68953041542829,46.99449920654297,34749400.0
2025-07-23,47.230599372014325,47.525732145255844,47.03384919354544,47.358489990234375,31380100.0
2025-07-24,47.70280999369891,48.20452894991844,47.42735299067355,47.60443115234375,42967600.0
2025-07-25,47.60443247138339,47.76183486914392,47.16173705494152,47.66345977783203,24461200.0
2025-07-28,47.663462645698345,47.752001734314035,47.29947028262025,47.4470329284668,20590400.0
2025-07-29,47.604429265414076,47.72248011759193,47.11254633644263,47.171573638916016,26216500.0
2025-07-30,47.476544601668536,47.712650088375945,46.96498959387972,47.18141555786133,32265900.0
2025-07-31,46.98465624177919,47.25027347668244,46.42390999679534,46.50261306762695,40016300.0
2025-08-01,45.60739151543158,45.65657906396634,44.58427399372318,44.91875457763672,52310400.0
2025-08-04,45.21388196873994,45.36144836171907,44.89907716630244,45.10566711425781,31038900.0
2025-08-05,45.204049311414195,45.25323686179702,44.02352933837863,44.82038116455078,36798300.0
2025-08-06,44.96794073160929,45.19420645006768,44.653135927426376,44.682647705078125,27916800.0
2025-08-07,44.96793751269306,45.017125056181435,44.05303494328706,44.19076156616211,30609900.0
2025-08-08,44.41702985514564,45.54835833675437,44.24978770835284,45.263065338134766,37131600.0
2025-08-11,45.31225799979686,45.764789406089484,45.066316528624476,45.4106330871582,35559400.0
2025-08-12,45.7254438663309,46.88628806271559,45.607392995462654,46.728885650634766,35481200.0
2025-08-13,46.90596206297016,46.9846613896555,46.22716489013541,46.473106384277344,29465100.0
2025-08-14,46.325536768726586,46.95514634955161,46.12878283652648,46.93547058105469,21073800.0
2025-08-15,46.97482263160645,47.043685945713975,46.138623101575575,46.17797088623047,26276900.0
2025-08-18,46.15829717796851,47.260117758411134,46.03041030478534,47.14206314086914,43125100.0
2025-08-19,47.04368394980808,47.33881296242887,46.85676978412768,47.29946517944336,33783400.0
2025-08-20,47.38800437745483,47.712648944800264,47.092875340721264,47.56508255004883,30822200.0
2025-08-21,47.48638318763301,47.70281289902688,47.0338517481452,47.47654342651367,28713200.0
2025-08-22,47.732320587315996,48.85381308160011,47.6732932839651,48.676734924316406,45078900.0
2025-08-25,48.58819965343319,48.85381691017463,48.411121482272236,48.67673873901367,34715700.0
2025-08-26,48.450472494856044,49.444074442009246,48.450472494856044,49.43423843383789,40609300.0
2025-08-27,49.21780963768467,49.808071463664504,49.17846185150145,49.562129974365234,42428200.0
2025-08-28,49.729365043391645,49.81790412369934,49.46374780246855,49.67034149169922,32949400.0
2025-08-29,49.690013197832315,50.09335706055289,49.690013197832315,49.916282653808594,32496500.0
2025-09-02,49.404724584633165,49.6506660590644,48.863650338669174,49.60147476196289,52719800.0
2025-09-03,49.58180263711927,49.74904103803459,48.8931657596764,49.24732208251953,38344200.0
2025-09-04,49.42440087444294,50.004822910335996,49.306346263476506,49.7982292175293,34796900.0
2025-09-05,49.89715104090411,50.243386519597884,48.70017426213557,49.2343635559082,40063300.0
2025-09-08,49.26404104127354,49.37285780163389,48.353944088519185,48.92770004272461,48033100.0
2025-09-09,48.967272871533225,50.015866335980526,48.9277024524274,49.74877166748047,40060100.0
2025-09-10,49.82790720862575,50.0851111513071,49.432214350593846,49.590492248535156,31706300.0
2025-09-11,49.600383602002445,50.41155831105525,49.452000193454424,50.203819274902344,28055200.0
2025-09-12,50.154359645778484,50.381883897969765,49.91694090186767,50.03565216064453,27851100.0
2025-09-15,50.30274002048611,50.54015875005677,49.916937886871146,50.04553985595703,29043600.0
2025-09-16,50.095002846086,50.3324215844503,49.66963027951361,50.11478805541992,31624400.0
2025-09-17,50.31263532604691,51.074348888127915,50.243388981643434,50.846824645996094,38337900.0
2025-09-18,50.93585811187686,51.62832158191247,50.747900506887575,51.5689697265625,35246900.0
2025-09-19,51.58875320471587,52.09326282647187,51.202947289675684,51.68767547607422,98970700.0
2025-09-22,51.20294722999929,51.78659768707593,51.20294722999929,51.36122512817383,27468000.0
2025-09-23,51.440363407092754,52.31089369060194,50.96552973617209,51.143592834472656,28278200.0
2025-09-24,51.29197623396142,51.68767284654993,50.90617411219104,51.143592834472656,27010400.0
2025-09-25,50.92596000997654,51.76681437970585,50.886389593453195,51.29197692871094,22957900.0
2025-09-26,51.54918334890072,52.05369297615879,51.420581375818145,51.64810562133789,20025800.0
2025-09-29,51.796490738692995,51.98444455828769,51.54918129381661,51.85584259033203,23701000.0
2025-09-30,51.91519963908828,52.004231192630655,50.47091334708321,51.0347785949707,29945000.0
2025-10-01,50.74789744343671,51.1238088570801,50.01586359826252,50.13457107543945,27709100.0
2025-10-02,50.104898011233125,50.302742559946765,49.531138253763515,49.93672561645508,22757200.0
2025-10-03,50.07521601201115,50.5797293995498,50.00596966841058,50.095001220703125,24565700.0
2025-10-06,50.38188373885271,50.767685894551775,49.35307547455992,49.847694396972656,25386300.0
2025-10-07,50.005971844382636,50.36209806904937,49.59049376470002,49.74877166748047,24107300.0
2025-10-08,49.857586277977134,49.96639926535014,49.24425612927815,49.303611755371094,24014200.0
2025-10-09,49.461889420516925,49.73887479370616,49.13543913899302,49.254150390625,21816900.0
2025-10-10,49.39264612172827,49.600385164425,48.02749683295574,48.12642288208008,31831900.0
2025-10-13,48.67050085638094,48.86834917249833,48.28469871545556,48.33415985107422,34462800.0
2025-10-14,48.32426584058031,49.95650974773572,48.00771004109994,49.55092239379883,42462600.0
2025-10-15,51.01499584984654,52.281219095920996,50.67865482840265,51.71735382080078,69992200.0
2025-10-16,52.03390538727227,52.1921832801189,49.461888685103915,49.897151947021484,49027700.0
2025-10-17,50.401664767671114,51.21283943124807,49.78833841137594,50.728111267089844,48915400.0
2025-10-20,50.886389763477304,51.71734964503091,50.817143421151385,51.47993469238281,25786000.0
2025-10-21,51.52939947977521,51.80638486871691,50.886393371282935,50.96553421020508,27303400.0
2025-10-22,50.94574929241469,51.02489013179035,49.8971558125448,50.550052642822266,34955000.0
2025-10-23,50.92596413312189,51.24251994365289,50.55994718475347,51.20294952392578,26028800.0
2025-10-24,51.29197808042486,52.25153994762766,51.29197808042486,52.00423049926758,38923900.0
2025-10-27,52.231756880331815,52.49885154834825,51.96466221231539,52.44939041137695,27345800.0
2025-10-28,52.429604475699904,52.70658985781714,51.77670766525011,52.301002502441406,29575200.0
2025-10-29,52.093266706924965,52.439498456112915,51.756925676152505,52.014129638671875,29158800.0
2025-10-30,52.103151903187005,52.864865444313324,51.99433891757694,52.45927810668945,37548600.0
2025-10-31,52.22186666301801,53.06271732051941,52.20208145331125,52.87476348876953,39295700.0
2025-11-03,52.68680337046769,53.06271478968117,52.142723337231935,52.983577728271484,31252300.0
2025-11-04,52.44939058008159,53.41884320768012,52.152619983656386,52.96379470825195,47226600.0
2025-11-05,52.39003438082039,52.49885114550797,51.183166798681434,51.88552474975586,54353600.0
2025-11-06,52.84508226875824,53.171532559074116,52.20207995315976,52.71648406982422,55296000.0
2025-11-07,52.57799171400305,53.0033642790733,52.14272465747936,52.6274528503418,40537700.0
2025-11-10,52.835194425757116,53.40895420105422,52.76594807682719,52.84508514404297,26094600.0
2025-11-11,53.171533410822256,53.39905765909189,52.70659042273401,53.052825927734375,22244300.0
2025-11-12,53.31002683651653,54.10141635739083,53.1913193517961,53.52766036987305,40536700.0
2025-11-13,53.21110325940819,53.62658133258406,52.202080229868905,52.301002502441406,37716100.0
2025-11-14,52.29110979969018,52.33068021667423,51.47004062866325,52.043800354003906,32363100.0
2025-11-17,52.01412826085764,52.01412826085764,50.83693279751551,50.92596435546875,35546800.0
2025-11-18,50.728113743949834,51.61842928336724,50.599515545533926,51.0842399597168,35189500.0
2025-11-19,51.113916172367645,51.92509465373092,51.113916172367645,51.46015167236328,28112300.0
2025-11-20,51.93498667548685,52.38014445886245,50.42145398565267,50.45112991333008,36661600.0
2025-11-21,50.738009397000766,51.22273382228192,50.15435892416224,51.005104064941406,43867200.0
2025-11-24,51.09413127586355,51.677781699068305,50.84682183846565,51.371116638183594,52852100.0
2025-11-25,51.68767503867215,52.310895909155526,51.301872900539536,51.915199279785156,41310100.0
2025-11-26,52.132832202345995,52.67691223122637,51.984445024631945,52.41971206665039,32045600.0
2025-11-28,52.538423411732744,53.35948887422843,52.47906778154971,53.07261276245117,18920800.0
2025-12-01,52.924222875472,53.319919509231696,52.63734300467835,52.667022705078125,30536500.0
2025-12-02,52.95389853051185,53.06271529291954,52.39992777446213,52.617557525634766,46073500.0
2025-12-03,52.67691362006307,53.656260716782555,52.6076672749422,53.50787353515625,37134400.0
2025-12-04,53.62657905410663,54.10141273483703,53.41884002634508,53.577117919921875,38529600.0
2025-12-05,53.62684048758677,54.521782783039725,53.43790991110381,53.646728515625,33986500.0
2025-12-08,53.597007751464844,53.90526268802375,53.18931267952138,53.597007751464844,34386600.0
2025-12-09,53.666615859599375,53.97487080712905,52.970550060147666,53.23903274536133,47189300.0
2025-12-10,53.28874997291621,54.24335253012895,53.04015531989705,53.775997161865234,54424400.0
2025-12-11,53.646728138618656,54.34279394205114,53.44785165288745,54.253299713134766,35686900.0
2025-12-12,54.47205925540681,54.989136589823374,54.04447614797107,54.83003616333008,40539400.0
2025-12-15,55.09851880606676,55.7548085390532,54.76042992584626,55.01897048950195,32881300.0
2025-12-16,54.83003505329456,55.03885364760446,54.38256392744954,54.50189208984375,32931900.0
2025-12-17,54.8101503264773,55.25762147926561,54.15386056680562,54.24335479736328,35304100.0
2025-12-18,54.49194812777897,54.83998292399107,53.467739353426225,53.95498275756836,87452700.0
2025-12-19,54.21352463427648,54.99908468078129,54.074312229732044,54.95930862426758,73001900.0
2025-12-22,55.05874458790202,55.79458645525413,55.02891444235176,55.565879821777344,33408800.0
2025-12-23,55.49627219203215,55.90396727482717,55.49627219203215,55.655372619628906,22274600.0
2025-12-24,55.8144715597509,56.18239057752821,55.575819028089235,55.93379592895508,13634400.0
2025-12-26,55.96362648527636,56.23210916290389,55.7150318348716,55.854244232177734,15259400.0
2025-12-29,55.79458640108404,55.9337988045214,54.95930818720638,55.038856506347656,21040100.0
2025-12-30,55.178072121550684,55.327226640838795,54.859867468578436,54.9692497253418,17427600.0
2025-12-31,55.00902344753849,55.108459789512295,54.621216403286034,54.69082260131836,16293000.0
2026-01-02,54.7206562660983,55.67526265943332,54.571501743540686,55.6354866027832,25503600.0
2026-01-05,55.85424425182346,57.226487784651276,55.82441410760546,56.57019805908203,36096600.0
2026-01-06,56.689524338341734,57.08727730982571,56.43098756215458,56.92817687988281,31791900.0
2026-01-07,56.37132150344318,56.49064966665969,55.12834825267112,55.32722473144531,49695500.0
2026-01-08,55.168127147722544,56.26194594067546,55.158185030235906,55.864192962646484,30933700.0
2026-01-09,55.85424593321147,56.29177495893085,55.47638478423094,55.53604507446289,30768800.0
2026-01-12,54.97919706952873,55.13829750353676,54.42234365387384,54.879756927490234,45860600.0
2026-01-13,54.95930580610407,55.20790045668718,53.99475734800054,54.2334098815918,43542200.0
2026-01-14,52.58274289760112,53.17936855695054,51.3695997579034,52.18498992919922,84750000.0
2026-01-15,52.42364284323547,52.74184370292782,51.936395643126495,52.29437255859375,51018300.0
2026-01-16,52.39380879962812,53.07993248398119,51.95628356674258,52.672237396240234,52178400.0
2026-01-20,52.025889603934104,53.17936866268901,51.6679126903113,51.807125091552734,49172700.0
2026-01-21,51.93639458554194,52.562854174852994,51.757406131453074,51.77729415893555,36340000.0
2026-01-22,52.17504702402713,52.83133675670185,52.03583462516482,52.15515899658203,31229200.0
2026-01-23,51.817071128221194,51.90656535684477,51.09117518194261,51.429264068603516,34553500.0
2026-01-26,51.508812695248196,51.986113986348734,51.37954241018342,51.727577209472656,27728400.0
2026-01-27,51.916507928573566,51.95628398458854,51.51875874818431,51.876731872558594,26494300.0
2026-01-28,51.65796926416924,51.84689983345942,51.021567564188295,51.51875686645508,35030200.0
2026-01-29,51.687801245813795,52.79156214300204,51.65797110045848,52.781620025634766,35200500.0
2026-01-30,52.57279698817722,53.10976235755474,52.47336064270142,52.900943756103516,34549100.0
2026-02-02,52.900944103723,53.78594048133467,52.652349445146534,53.72627639770508,34624500.0
2026-02-03,53.895322426600245,54.810148944113756,53.37824508455866,54.143917083740234,41208400.0
2026-02-04,54.47206178170184,55.72498101754092,54.402455578961174,55.06869125366211,54522500.0
2026-02-05,54.710712847492395,54.97919553361559,53.94504084482701,54.631160736083984,32959700.0
2026-02-06,55.23773244534418,56.55031194079071,54.97919566913648,56.212223052978516,42468000.0
2026-02-09,56.073011294380414,56.40115806863437,55.86419268890254,56.092899322509766,31968400.0
2026-02-10,56.122729169830706,56.5105400264118,53.96492933818589,55.07863235473633,48304700.0
2026-02-11,55.65537238566653,55.7945847850718,52.94071921750365,53.54728698730469,48973500.0
2026-02-12,53.606951457760495,53.63678160263365,51.49886983739844,52.22476577758789,55481600.0
2026-02-13,51.61819498829466,52.52307939787106,51.1508358142183,52.25459671020508,31772100.0
2026-02-17,52.74184386912185,53.248975305462835,52.32420286867622,52.44353103637695,35542400.0
2026-02-18,52.69212431068929,53.30863798792215,52.49324782966965,53.06004333496094,30698900.0
2026-02-19,51.618195720575166,52.513138025491195,51.53864740083459,52.47336196899414,47148600.0
2026-02-20,52.23470695355785,52.79156033842742,51.538644964037566,52.7617301940918,33552000.0
2026-02-23,52.54296767698131,52.960604886511184,50.60392856340556,50.78291702270508,50602500.0
2026-02-24,50.45477181971012,50.59398421675283,49.191910542853144,50.126625061035156,53062700.0
2026-02-25,50.047077589182564,51.478981431370656,50.02718956166216,51.39942932128906,41375000.0
2026-02-26,51.58836332356563,52.373919542207126,51.44915092515456,52.00600051879883,52418500.0
2026-02-27,50.79286188974006,51.12100486287794,49.04275338882664,49.549888610839844,77728700.0
2026-03-02,48.50578999118731,50.13657039238987,48.30691729309221,49.53000259399414,40595200.0
2026-03-03,48.48590112787358,50.226063759017634,48.227364348849434,49.68910217285156,51242900.0
2026-03-04,49.60954736054731,50.12662468370891,48.93336961435548,50.017242431640625,34208500.0
2026-03-05,49.539944711597464,50.14651630324676,49.05270129070951,49.53000259399414,39073900.0
2026-03-06,48.54999923706055,48.70000076293945,47.619998931884766,48.63999938964844,47016000.0
2026-03-09,47.939998626708984,48.150001525878906,46.77000045776367,47.900001525878906,62752800.0
2026-03-10,48.279998779296875,49.150001525878906,47.599998474121094,48.560001373291016,50271100.0
2026-03-11,48.36000061035156,48.650001525878906,47.779998779296875,48.52000045776367,42185800.0
2026-03-12,47.70000076293945,47.779998779296875,46.790000915527344,47.130001068115234,58354500.0
2026-03-13,47.52000045776367,47.81999969482422,46.65999984741211,46.720001220703125,45473100.0
2026-03-16,47.119998931884766,47.68000030517578,46.900001525878906,47.060001373291016,38055600.0
2026-03-17,47.65999984741211,48.08000183105469,47.20000076293945,47.279998779296875,33427800.0
2026-03-18,47.220001220703125,47.880001068115234,46.689998626708984,46.83000183105469,40251800.0
2026-03-19,46.41999816894531,47.189998626708984,46.119998931884766,47.0099983215332,38601400.0
2026-03-20,47.130001068115234,47.459999084472656,46.689998626708984,47.15999984741211,78060900.0
2026-03-23,48.34000015258789,48.38999938964844,47.47999954223633,47.52000045776367,42333200.0
2026-03-24,47.04999923706055,48.459999084472656,47.02000045776367,48.13999938964844,39804100.0
2026-03-25,48.52000045776367,49.11000061035156,48.18000030517578,48.75,29988300.0
2026-03-26,48.709999084472656,48.869998931884766,48.029998779296875,48.2400016784668,32502600.0
2026-03-27,48.06999969482422,48.25,46.84000015258789,46.970001220703125,36781900.0
2026-03-30,47.54999923706055,47.86000061035156,46.93000030517578,47.22999954223633,43375900.0
2026-03-31,47.68000030517578,48.77000045776367,47.369998931884766,48.75,49060600.0
2026-04-01,49.70000076293945,50.04999923706055,48.779998779296875,49.27000045776367,32947000.0
2026-04-02,48.75,49.56999969482422,48.15999984741211,49.380001068115234,27548200.0
2026-04-06,49.43000030517578,50.119998931884766,49.25,50.060001373291016,28507200.0
2026-04-07,49.79999923706055,50.47999954223633,49.619998931884766,50.279998779296875,28473200.0
2026-04-08,51.939998626708984,52.2599983215332,51.369998931884766,51.880001068115234,36473500.0
2026-04-09,51.630001068115234,52.84000015258789,51.630001068115234,52.709999084472656,32008000.0
2026-04-10,52.79999923706055,52.83000183105469,52.20000076293945,52.540000915527344,25225300.0
2026-04-13,52.18000030517578,53.439998626708984,51.849998474121094,53.349998474121094,27835300.0
2026-04-14,53.099998474121094,53.56999969482422,52.79999923706055,53.349998474121094,40178500.0
2026-04-15,54.25,55.400001525878906,53.709999084472656,54.31999969482422,63838200.0
2026-04-16,54.040000915527344,54.5099983215332,53.470001220703125,53.5099983215332,35206700.0
2026-04-17,54.15999984741211,54.599998474121094,53.75,53.90999984741211,43484700.0
2026-04-20,53.5,53.95000076293945,53.18000030517578,53.95000076293945,43999200.0
2026-04-21,54.0,54.650001525878906,53.209999084472656,53.47999954223633,34266300.0
2026-04-22,53.66999816894531,53.79999923706055,53.0,53.119998931884766,24097600.0
2026-04-23,53.060001373291016,53.52000045776367,52.25,52.470001220703125,31956300.0
2026-04-24,52.31999969482422,52.5099983215332,51.93000030517578,52.04999923706055,30265400.0
2026-04-27,51.9900016784668,52.93000030517578,51.83000183105469,52.630001068115234,28043700.0
2026-04-28,53.02000045776367,53.43000030517578,52.630001068115234,52.65999984741211,21164100.0
2026-04-29,52.43000030517578,53.02000045776367,51.83000183105469,52.880001068115234,26250700.0
2026-04-30,52.61000061035156,53.65999984741211,52.150001525878906,53.459999084472656,27089200.0
2026-05-01,53.689998626708984,54.060001373291016,53.09000015258789,53.2400016784668,24825000.0
2026-05-04,53.06999969482422,53.06999969482422,52.0,52.189998626708984,42929000.0
2026-05-05,52.56999969482422,53.36000061035156,52.279998779296875,53.119998931884766,28458600.0
2026-05-06,53.81999969482422,54.20000076293945,53.470001220703125,53.599998474121094,27541200.0
2026-05-07,53.54999923706055,54.0,52.5,52.75,28682100.0
2026-05-08,52.97999954223633,53.0099983215332,51.099998474121094,51.310001373291016,36111200.0
2026-05-11,51.209999084472656,51.38999938964844,50.27000045776367,50.54999923706055,33132200.0
2026-05-12,50.86000061035156,51.08000183105469,49.84000015258789,50.779998779296875,33518800.0
2026-05-13,50.36000061035156,50.779998779296875,49.79999923706055,49.84000015258789,29838000.0
2026-05-14,50.060001373291016,50.470001220703125,49.4900016784668,49.849998474121094,37671800.0
2026-05-15,49.619998931884766,49.9900016784668,49.29999923706055,49.77000045776367,46282300.0
2026-05-18,49.720001220703125,50.91999816894531,49.720001220703125,50.689998626708984,33404100.0
2026-05-19,50.72999954223633,51.279998779296875,50.380001068115234,50.70000076293945,44154600.0
2026-05-20,50.9900016784668,51.58000183105469,50.4900016784668,51.22999954223633,47739400.0
2026-05-21,51.0,51.5,50.7599983215332,51.4900016784668,27461900.0
2026-05-22,51.689998626708984,52.150001525878906,51.650001525878906,51.79999923706055,26683700.0
2026-05-26,52.220001220703125,52.5,51.880001068115234,52.20000076293945,27397600.0
2026-05-27,52.38999938964844,52.4900016784668,50.7599983215332,51.099998474121094,48581500.0
2026-05-28,50.91999816894531,51.5,50.63999938964844,50.77000045776367,48550100.0
2026-05-29,50.970001220703125,51.79999923706055,50.61000061035156,51.599998474121094,57930600.0
2026-06-01,51.310001373291016,51.83000183105469,50.849998474121094,51.5099983215332,34303700.0
2026-06-02,51.2599983215332,52.709999084472656,51.2599983215332,52.47999954223633,42126500.0
2026-06-03,52.2599983215332,52.54999923706055,51.220001220703125,52.400001525878906,48055500.0
2026-06-04,52.85537791976811,54.049176010377195,52.52708183198432,53.88999938964844,51883600.0
2026-06-05,54.16999816894531,54.279998779296875,53.31999969482422,53.83000183105469,38829400.0
2026-06-08,53.720001220703125,54.349998474121094,53.56999969482422,53.630001068115234,30332100.0
2026-06-09,54.0,54.619998931884766,53.650001525878906,54.41999816894531,32329000.0
2026-06-10,54.540000915527344,55.29999923706055,54.220001220703125,54.540000915527344,37025500.0
2026-06-11,54.720001220703125,55.310001373291016,54.06999969482422,55.15999984741211,31746300.0
2026-06-12,55.36000061035156,56.189998626708984,55.2599983215332,56.02000045776367,32989000.0
2026-06-15,56.619998931884766,57.0,55.7400016784668,55.869998931884766,31666500.0
2026-06-16,56.5,57.06999969482422,56.22999954223633,56.84000015258789,33409800.0
2026-06-17,57.13999938964844,57.97999954223633,56.29999923706055,56.529998779296875,40439300.0
2026-06-18,57.22999954223633,57.33000183105469,56.029998779296875,56.20000076293945,70435800.0
