date,open,high,low,close,volume
2016-06-06,60.04917530371372,60.98146596962396,59.84996758470706,60.89381408691406,4775100.0
2016-06-07,60.98149332984326,61.57911675499553,60.90978143690812,61.20460510253906,4235200.0
2016-06-08,61.75441105196564,62.710605952647605,61.563173287697026,62.240478515625,5987800.0
2016-06-09,61.666750084868745,61.754401980478406,61.06912683989638,61.483482360839844,3784600.0
2016-06-10,60.814146771839596,61.005384525646846,60.0651236236982,60.583065032958984,4879500.0
2016-06-13,60.320123257031575,60.8300947712235,59.94561767578125,59.94561767578125,4086700.0
2016-06-14,59.81014352064558,60.200595157007136,58.92566046745462,59.650779724121094,4058400.0
2016-06-15,59.9137409834061,60.519328329501256,59.23642958738592,59.818119049072266,3802000.0
2016-06-16,59.29220279896671,59.8738860752661,58.44755773135516,59.75436019897461,4064800.0
2016-06-17,60.04122772605377,61.085080697614615,59.95357581059432,60.50339126586914,5442000.0
2016-06-20,61.28427215525149,61.634873644294316,60.869916650922086,60.901790618896484,4090800.0
2016-06-21,60.91772625086913,61.27630384101175,60.5671247521133,60.94960021972656,3292100.0
2016-06-22,61.2683321315954,61.42769589212961,60.70258287855983,60.901790618896484,3056800.0
2016-06-23,61.881909137199926,62.352036590856514,61.53130149085324,62.32813262939453,3600800.0
2016-06-24,59.92168769804497,60.248391320292214,58.16069194901746,58.19256591796875,12179500.0
2016-06-27,57.770225859159325,57.937559576955216,56.200468404499475,56.87777328491211,7337400.0
2016-06-28,57.56306689258913,58.08897824467694,56.98138369576957,57.78617858886719,4743700.0
2016-06-29,58.36789112464959,59.28424831039267,58.00134946622039,59.14878845214844,4015400.0
2016-06-30,59.100965634425854,60.439642225408846,58.941601834279496,60.40776824951172,4695500.0
2016-07-01,60.06512324587453,61.34802174163316,60.01731532755809,60.91773223876953,4630100.0
2016-07-05,60.28824032683719,60.519315982154666,58.7264461147254,59.26829147338867,4776300.0
2016-07-06,59.43562917412912,59.65874699006214,58.53521221449164,59.62687301635742,3740500.0
2016-07-07,59.81809992940024,60.34401128112961,59.268284621562756,59.80216598510742,3080900.0
2016-07-08,60.49540925076663,61.698625786645835,60.383853394919626,61.65081787109375,5491500.0
2016-07-11,62.15283304512267,62.58312261880196,61.61098759078648,61.99346923828125,4511300.0
2016-07-12,62.726552354561186,63.698687380683836,62.391884713242106,63.58713150024414,5545800.0
2016-07-13,63.7305514963308,64.00944115427525,63.00543230633662,63.49946975708008,5162500.0
2016-07-14,64.14490006026516,64.54331558858979,63.722580572935215,63.79429244995117,5441700.0
2016-07-15,64.13692647086197,64.38394821859815,63.87397685712846,64.30426025390625,4642100.0
2016-07-18,64.26404301157888,64.27208980345449,63.45149503135238,64.21577453613281,4136700.0
2016-07-19,63.82961639446498,64.17555483403818,63.67676415691257,64.15142059326172,3308400.0
2016-07-20,63.918135043966096,64.24798615094977,63.49979373584018,64.11122131347656,4185500.0
2016-07-21,64.72261615779517,65.47080826546237,64.1514166554972,64.36863708496094,6472300.0
2016-07-22,64.18357852756104,64.1916253175587,63.4434334332365,63.86177444458008,4133800.0
2016-07-25,63.67673986706428,63.70892088845878,63.02508492515454,63.30666732788086,5798100.0
2016-07-26,63.588246700483346,66.7740943194156,63.34689209717987,66.57296752929688,11007600.0
2016-07-27,66.5488548446839,67.81193125009025,66.5488548446839,67.65907287597656,8460900.0
2016-07-28,67.33725435788266,67.34530114899412,66.33162029556121,66.7097396850586,5065600.0
2016-07-29,66.61320519765023,66.88673472648613,66.07418065557953,66.58102416992188,4274200.0
2016-08-01,66.5809990010768,66.67753590986571,65.59145272068268,65.9293441772461,3377100.0
2016-08-02,65.96961220718183,66.12247058984022,65.10074267086812,65.35818481445312,3909500.0
2016-08-03,65.2857720159373,66.21095668660632,65.1087794186732,65.99373626708984,3101700.0
2016-08-04,65.8247966126324,66.40404293493016,65.48690497059354,65.7845687866211,2407500.0
2016-08-05,66.14656031354579,66.74189371905541,65.96956780809411,66.42008972167969,3286100.0
2016-08-08,66.77411232399542,67.40967388868799,66.6132133036776,67.12809753417969,3544800.0
2016-08-09,67.19245025046929,67.37748963911113,66.53275447802639,66.63734436035156,2314900.0
2016-08-10,67.02347938807156,67.02347938807156,66.35574321117319,66.49250793457031,2290300.0
2016-08-11,66.77409833321923,67.29702924654188,66.76605154251807,66.96717834472656,2229300.0
2016-08-12,66.9832595528057,67.40160052344505,66.43619450633778,66.77408599853516,4342800.0
2016-08-15,66.77409530931415,67.80386350792348,66.74191428586978,67.69927978515625,4056000.0
2016-08-16,67.7475733540677,67.86825070222334,67.28900434140017,67.81193542480469,3161800.0
2016-08-17,67.90845489501953,68.16589695045857,67.44987990405652,67.90845489501953,2983400.0
2016-08-18,67.10395146909855,67.26485046106093,66.37989372946166,67.0798110961914,5003100.0
2016-08-19,66.82239809025143,67.88434785763891,66.58104949733496,67.44991302490234,3823900.0
2016-08-22,67.27291204569622,67.40163003999126,66.77411524027984,67.24877166748047,2885000.0
2016-08-23,67.56252805472343,68.12568072873353,67.5383876790626,67.58666229248047,3178400.0
2016-08-24,67.10395663599915,67.65906249754381,66.74997146094188,66.89478302001953,2200600.0
2016-08-25,66.83041748227251,66.91086698025799,66.44425129887763,66.64537811279297,3082900.0
2016-08-26,66.9430475091709,67.49815947557785,66.19485552145409,66.50057220458984,3596800.0
2016-08-29,66.37989687732593,67.0556800410986,66.29944737752967,66.85455322265625,2253600.0
2016-08-30,66.6614845321582,66.89479241777656,66.21900300117431,66.35577392578125,3468700.0
2016-08-31,66.01784043557001,66.24310140661228,65.65581475180937,65.9293441772461,4041700.0
2016-09-01,65.63973011022787,65.96958096122694,64.81913558431386,65.527099609375,4102200.0
2016-09-02,66.12248391658245,66.26729553515432,65.543237442295,65.72023010253906,2449400.0
2016-09-06,65.97763554858173,66.15462811024125,65.551247725258,66.03395080566406,3071000.0
2016-09-07,66.37185547200362,67.36140219971848,66.29945275768257,67.35335540771484,3996700.0
2016-09-08,67.17635321520892,67.54642580176231,66.83846165416927,67.20853424072266,3400500.0
2016-09-09,66.68562695654276,66.77412327360044,64.972028171336,64.99616241455078,5311600.0
2016-09-12,64.5777970431715,66.06614043021187,64.44103227786727,65.90523529052734,4110800.0
2016-09-13,65.24553349424608,65.37425759402137,64.30426153177511,64.54561614990234,4740600.0
2016-09-14,64.66629864784694,65.66389218213271,64.54562745554978,65.18118286132812,5324800.0
2016-09-15,65.02832991207238,66.25117837095476,64.95592105959892,65.99373626708984,3499400.0
2016-09-16,65.66389586379346,66.03396852936338,65.3340448852764,66.00983428955078,6715400.0
2016-09-19,66.11442446055183,66.2511892580382,65.44668178401731,65.8730697631836,4351200.0
2016-09-20,66.33966820561407,66.50861399438527,65.69606607761473,65.72824096679688,2774600.0
2016-09-21,66.21094966271338,67.16830912413948,65.97764182178842,67.1522216796875,4264300.0
2016-09-22,67.55445748866775,67.94061743268816,67.02347989326265,67.17633819580078,3925200.0
2016-09-23,67.1844080982452,67.24072336520149,66.28335768904066,66.3235855102539,3031500.0
2016-09-26,66.13053248884314,66.51669889722437,65.97768019498767,66.26730346679688,3340800.0
2016-09-27,66.12246063417514,66.67756652832031,65.70411337764703,66.67756652832031,4295600.0
2016-09-28,66.97524805886133,69.71862152614543,66.88675174456797,69.66230010986328,9497100.0
2016-09-29,69.41287381422636,71.48045688148805,69.41287381422636,70.3702392578125,10616400.0
2016-09-30,70.78859249341205,71.58505910465499,70.64378094026819,71.41610717773438,6379100.0
2016-10-03,70.98168230914135,71.75400858635382,70.93340769700681,71.02190399169922,4294600.0
2016-10-04,71.19890352412457,71.5609293919669,70.13695402216227,70.4024429321289,4743300.0
2016-10-05,70.89317029573839,72.30105776907774,70.82880825243204,71.93902587890625,5189500.0
2016-10-06,71.56897611713843,72.13213496846889,71.36784927121418,71.83446502685547,3786900.0
2016-10-07,72.0194955788925,72.19648817871301,70.74837862527103,71.17476654052734,3774200.0
2016-10-10,71.68159700515338,72.00340114286979,70.90927075737604,70.9736328125,3785700.0
2016-10-11,71.68158366288667,71.85857621258181,70.20129349798593,70.3702392578125,6471900.0
2016-10-12,70.3944086766372,70.59553555857045,70.00824236264702,70.45877075195312,3950000.0
2016-10-13,69.91168705267997,70.04845182342964,69.39680286099578,69.96800231933594,5677000.0
2016-10-14,70.65986728381839,71.13452357511031,70.44264690740474,70.53114318847656,3601000.0
2016-10-17,70.29786659955582,70.57140235472657,69.91170641778061,70.2254638671875,4479700.0
2016-10-18,70.88513943138446,70.95754214294388,69.80709644646072,70.16912841796875,3715700.0
2016-10-19,70.24153408788102,71.02190719192996,69.87950823902925,70.79664611816406,5943900.0
2016-10-20,70.658661533161,70.82909864145564,69.98503092192509,70.3096694946289,4576600.0
2016-10-21,69.57921340874395,70.30965625183278,69.27891597426158,70.06617736816406,3592500.0
2016-10-24,69.89574289041671,70.71546321228281,69.42500836224139,69.79022979736328,5096500.0
2016-10-25,69.68474592077823,71.13752670472624,68.0777574526979,68.56472778320312,11639200.0
2016-10-26,68.02094790584204,68.4916826091557,67.2661512926271,68.2806625366211,6582100.0
2016-10-27,68.4024066773729,68.45110123672292,67.12818077366894,67.37166595458984,5003200.0
2016-10-28,67.62322185092967,68.31308785667827,67.3635073713979,68.07772064208984,4974000.0
2016-10-31,68.32937774597261,68.48357927707197,67.69632358649487,67.73690032958984,4679400.0
2016-11-01,67.74500110901519,67.89109096998828,66.26787304454726,66.74671936035156,5139600.0
2016-11-02,66.67366373341967,66.67366373341967,65.19653597451867,65.82958984375,5228600.0
2016-11-03,66.25973194916301,66.2840792187597,65.48058836165504,65.95943450927734,3859000.0
2016-11-04,66.01623603557715,67.28234957557721,65.40752962721923,66.80349731445312,5745800.0
2016-11-07,67.96413406852785,68.30501454519525,67.33919788012699,67.97225189208984,3786400.0
2016-11-08,67.9884609723863,68.98674244045301,67.41221951387486,68.7270278930664,3407700.0
2016-11-09,72.8662469967208,75.6419479846358,72.52537274039817,74.01873016357422,19281900.0
2016-11-10,74.70048331267928,77.06226197325626,74.53815781870277,75.8448486328125,14174400.0
2016-11-11,75.79616401261845,76.56719008576385,74.52193813033573,75.48775482177734,7369900.0
2016-11-14,75.68251305390483,77.50863267182747,75.49584032400061,76.42919158935547,7552800.0
2016-11-15,75.85299670735527,76.66460592467183,75.18747739683917,76.64837646484375,4645400.0
2016-11-16,76.10457670213928,76.61589435856655,75.34978004977641,75.76370239257812,3297200.0
2016-11-17,75.8854459306332,75.8854459306332,74.99267721692522,75.30108642578125,3942200.0
2016-11-18,75.48772170640521,75.80424858217421,74.58683561626803,74.94393920898438,4715900.0
2016-11-21,75.58513459693445,76.16949399542897,75.30107272046753,75.39846801757812,3783200.0
2016-11-22,75.80425606409817,76.0558527870851,75.31729206808858,75.9828109741211,3172800.0
2016-11-23,76.9486328947339,78.25532363533515,76.46978664663095,78.06053924560547,6535900.0
2016-11-25,77.881996490906,78.2715715233882,77.27328975971106,77.76025390625,2006900.0
2016-11-28,77.51677232207439,77.80083421532846,76.67269827348737,77.02169036865234,4916000.0
2016-11-29,76.29125773131308,76.75387468476632,75.9909601259856,76.32372283935547,3806000.0
2016-11-30,77.71155019784052,77.83329276816,76.57529652833252,77.55734252929688,4641900.0
2016-12-01,77.91447610260965,79.04261229247845,76.33184078360988,78.10926055908203,9361600.0
2016-12-02,77.39503140347647,78.03620322892397,77.04603930081731,77.21647644042969,5038300.0
2016-12-05,77.80894530554528,77.90633440789938,76.41297704568277,76.65645599365234,4980300.0
2016-12-06,76.37241344489004,77.35445969192264,76.34806616314239,77.28141784667969,3663100.0
2016-12-07,77.3057559363555,78.99390411376953,77.0460413084522,78.99390411376953,4901100.0
2016-12-08,78.93706489149363,79.05068961556026,78.01994308599197,78.1335678100586,3861600.0
2016-12-09,78.10113476120243,78.15794714203994,77.25706068012715,77.53300476074219,6550200.0
2016-12-12,77.92258226650306,78.44201153408738,77.02981359984781,77.16778564453125,3596700.0
2016-12-13,77.70343744038553,78.32026196268366,77.24893841978941,77.9306869506836,3803300.0
2016-12-14,77.7277727119738,77.91444546207688,75.97470090896064,76.08020782470703,5647400.0
2016-12-15,76.12892630039968,76.88372291435086,75.52021955340956,76.72139739990234,4200100.0
2016-12-16,76.57528532124067,76.680798423048,75.09815762468897,75.13874053955078,7872700.0
2016-12-19,74.61121628973848,75.30108270753536,73.8564196652563,75.24427032470703,3856300.0
2016-12-20,75.99907581249124,76.96489262529529,75.72313169002497,76.56719970703125,4302400.0
2016-12-21,76.50225914005792,76.5347242401657,76.03152447662215,76.14514923095703,2829300.0
2016-12-22,76.11268347552945,76.65645996546236,76.06398892182938,76.38863372802734,2534900.0
2016-12-23,76.12079738223387,76.61587929299567,75.99905481216248,76.55094909667969,1545900.0
2016-12-27,76.56718941392988,76.9405349996791,76.37240498942806,76.73763275146484,1735200.0
2016-12-28,76.77819446836776,77.02167959543429,75.3335317343858,75.60136413574219,2700300.0
2016-12-29,75.7068785149661,76.16949534831026,75.4796290097563,75.71499633789062,2387200.0
2016-12-30,75.51210089559699,75.68253803982144,74.93585925786144,75.26861572265625,3471200.0
2017-01-03,76.2912141338697,77.25703042192451,75.68250763812074,76.28309631347656,5054900.0
2017-01-04,76.66456921618237,76.69703431238054,75.82861311335229,75.9422378540039,3772100.0
2017-01-05,75.62571172563982,76.66457004690234,75.00888727535869,75.47962188720703,4698800.0
2017-01-06,75.84483369249892,75.9665762409787,75.00076605842777,75.51207733154297,4023100.0
2017-01-09,75.42282179543203,75.87732083695782,74.83034452308446,74.96832275390625,3095000.0
2017-01-10,75.46338543845403,76.64833348828796,75.29294214934825,76.15325164794922,3980200.0
2017-01-11,76.67269676570955,76.89994627584392,75.79615763340433,76.81878662109375,3720500.0
2017-01-12,76.59151156758895,76.59151156758895,75.30105057671817,76.28309631347656,3102700.0
2017-01-13,76.34803881468606,76.80253775673292,76.0315118811772,76.68080139160156,2609500.0
2017-01-17,76.4860142831344,76.5265972014031,75.65817600237484,75.9422378540039,5040300.0
2017-01-18,75.9340401199313,76.44959391068981,75.72126921305562,76.37594604492188,3425700.0
2017-01-19,76.58054246974316,76.90788093139263,76.0731675420134,76.4168701171875,3540100.0
2017-01-20,76.93243234270231,77.74259021891957,76.61327905075423,77.39888763427734,5045200.0
2017-01-23,77.41524959289544,77.52981711791979,76.56417209024184,77.3006820678711,3254900.0
2017-01-24,77.75897494569597,79.1583474348369,77.57894467039468,78.75735473632812,5768200.0
2017-01-25,80.05034163496828,80.68046323103802,79.64116998354369,80.32039642333984,7557900.0
2017-01-26,80.56588480228626,80.99961193880974,78.57731059482096,79.559326171875,9097300.0
2017-01-27,79.9439622826663,81.39242723647381,79.78847505132443,81.00780487060547,6371400.0
2017-01-30,80.5249608453774,80.68044178603617,79.0273915007886,79.20742797851562,5221800.0
2017-01-31,79.04375263187018,79.07648710326337,77.40706652298246,78.28269958496094,5724700.0
2017-02-01,78.40544874440786,78.98647158382661,77.25158824456564,77.83261108398438,3582500.0
2017-02-02,77.55436597680051,77.8489699662069,76.51507307889487,76.73602294921875,3807500.0
2017-02-03,77.18613787960062,77.29252025829818,75.95043777927532,76.3350601196289,4677900.0
2017-02-06,75.9504297697823,76.2041204052519,75.63946160398517,75.9995346069336,4621300.0
2017-02-07,77.18613228243886,77.67713696588473,76.12228359875338,76.35960388183594,4995600.0
2017-02-08,76.10590495898307,76.10590495898307,75.37758013143322,76.03225708007812,4083500.0
2017-02-09,76.15501514996006,77.07156176904037,75.8522321659278,76.89152526855469,3994300.0
2017-02-10,77.63622619870212,79.06832688294737,77.3334369492434,78.81463623046875,5600200.0
2017-02-13,79.94394791069048,81.05689514413604,79.51022702067154,80.60680389404297,6995100.0
2017-02-14,80.43494311613391,80.80319500948166,79.59205073185534,80.27127075195312,4342600.0
2017-02-15,80.28763681866303,81.0323257446289,80.19761858404073,81.0323257446289,4326000.0
2017-02-16,81.05687685268879,81.07324096560713,80.03394810009787,80.41038513183594,3062400.0
2017-02-17,80.25489719877123,80.97503678608672,79.82117641075955,80.89320373535156,3631500.0
2017-02-21,80.90961553455307,81.17966411595536,80.13218554570533,80.27948760986328,3916600.0
2017-02-22,80.23035832853749,80.7950170658348,79.88665572473147,80.36128997802734,3031100.0
2017-02-23,80.55771483724878,80.60681343635744,77.84081538537609,78.19270324707031,6024800.0
2017-02-24,77.6280542344484,78.15179350294912,76.51510672801824,78.13542938232422,5018200.0
2017-02-27,78.13543510452602,79.80485024296532,77.84083096398615,79.73938751220703,5445000.0
2017-02-28,79.57568560926275,79.87028964070886,78.92101483985347,79.1010513305664,3951700.0
2017-03-01,80.36130492603544,80.99143272701896,79.73118336851547,80.67227935791016,5564900.0
2017-03-02,80.59860366465806,80.7950104880964,75.97496427420027,77.2188491821289,23059200.0
2017-03-03,77.21883978723218,78.47908865538714,77.0960870983835,77.84078216552734,8163300.0
2017-03-06,77.18611664540592,78.51183464125128,77.00608017447435,78.28269958496094,4706100.0
2017-03-07,78.27453462329727,78.74917521589761,77.54620961620459,78.50366973876953,4683100.0
2017-03-08,77.00606750358227,78.13538472870803,75.99132403121129,76.29411315917969,9370400.0
2017-03-09,75.65581754774526,76.28594523483326,73.9864031080596,74.78837585449219,9260900.0
2017-03-10,75.1975571156358,76.18775165115508,74.31374494983798,75.541259765625,7169000.0
2017-03-13,76.37597627876907,76.53964242979329,75.50034925951627,75.81131744384766,4376100.0
2017-03-14,74.64925744444682,75.28756405377486,74.15825284061465,75.1729965209961,5781100.0
2017-03-15,75.59035477045416,76.75240047980046,75.33666416263848,76.4005126953125,6434600.0
2017-03-16,76.89971624381582,76.99791343805326,75.81131822228501,75.98316955566406,3717900.0
2017-03-17,76.09771978017294,76.36777448974863,75.81948613524922,76.03225708007812,7141400.0
2017-03-20,76.21230363924667,78.13541524664707,76.01590300995639,78.0699462890625,6516200.0
2017-03-21,78.05357537378647,78.06176055429229,75.36122538600391,75.63946533203125,7720200.0
2017-03-22,75.28757749184172,76.21230309817078,75.0584423853859,75.63946533203125,5035600.0
2017-03-23,75.65582218073973,76.10591341336517,75.25483578296793,75.47579193115234,2585700.0
2017-03-24,75.48393380062815,76.30227655375907,74.92746047876072,75.41028594970703,3634600.0
2017-03-27,74.38739161314513,75.26301851071096,73.92911521573035,74.88658142089844,3425700.0
2017-03-28,74.92752085621217,76.2368753110822,74.88660743166295,76.06501770019531,3866100.0
2017-03-29,75.909499954859,76.31048628475438,75.61489596945701,75.9913330078125,2513700.0
2017-03-30,76.08956431802319,76.40871771199252,75.61492369600481,76.28596496582031,3672600.0
2017-03-31,75.80311153388085,76.30230127449707,75.30392179326464,75.90950012207031,4020600.0
2017-04-03,75.63947522384352,75.97499274689899,74.4692439970091,75.50853729248047,3685800.0
2017-04-04,76.83425425746631,77.56257931698033,76.15502779952632,77.03065490722656,5797500.0
2017-04-05,77.67712479743881,79.15833003957478,76.89151617830163,77.12065124511719,6061300.0
2017-04-06,77.26796118808079,78.90464754026279,77.13702952650696,78.41364288330078,5421600.0
2017-04-07,78.45454638531652,79.06830364100915,78.08628828582394,78.16812133789062,4463800.0
2017-04-10,78.81462441544242,80.10760805210514,78.64277310831069,79.49385070800781,5168300.0
2017-04-11,79.62479298564364,79.6329719220552,78.29088962193569,79.46112060546875,4250400.0
2017-04-12,79.12559827779403,79.19106098236837,77.46436274299926,77.6280288696289,4773900.0
2017-04-13,77.41523557845322,77.62800647646428,76.17953607543232,76.1877212524414,4706000.0
2017-04-17,76.67058165035999,77.21068495270353,76.50690925308653,77.03883361816406,3719100.0
2017-04-18,76.51508331066096,77.36616092236939,76.2041151662428,77.243408203125,3310400.0
2017-04-19,77.62802835121518,78.53638970790733,76.34322991101872,76.49053192138672,5550400.0
2017-04-20,76.96912797158278,78.35536468013291,76.72158952436001,78.10782623291016,4852500.0
2017-04-21,78.54513748276767,78.59464390536995,77.40643940032861,77.82726287841797,4128700.0
2017-04-24,79.0814714429027,80.08814397401586,79.04847135905389,79.8818588256836,6739400.0
2017-04-25,84.89046884624679,86.54900333576724,84.16434733166268,86.16118621826172,18383500.0
2017-04-26,85.64962365812747,87.44843098205217,85.5175980989687,86.35924530029297,9856100.0
2017-04-27,85.85587818842251,86.01265061473754,84.62641421562917,84.72543334960938,6727400.0
2017-04-28,84.84921327342515,85.4268092016031,84.3541301499407,84.3788833618164,4016000.0
2017-05-01,84.70069513753782,84.98123995717226,83.67752241986511,84.16435241699219,4512100.0
2017-05-02,84.38712735493677,84.75019123758284,83.54548670327563,83.76002502441406,4516400.0
2017-05-03,83.37219690075364,84.30460339972068,83.15765860799821,83.7847671508789,4278400.0
2017-05-04,83.70226774280862,83.7517741662359,81.39187145457619,82.01072692871094,7271600.0
2017-05-05,82.10147607805014,82.50579314227697,81.70540588582233,82.21699523925781,4086800.0
2017-05-08,82.08500579459796,82.59658903816056,81.63942902756561,81.9942398071289,5094600.0
2017-05-09,82.28301809197775,82.68733520585688,81.89520101944508,81.92820739746094,9742000.0
2017-05-10,82.28303712919632,83.09992471428653,81.93647952283372,82.81112670898438,4696700.0
2017-05-11,84.08183654588021,84.09833658953673,82.63784035596925,83.3309555053711,5220300.0
2017-05-12,83.00091064654204,83.29796184030211,82.65435301893022,83.09992980957031,4112000.0
2017-05-15,83.82601903108431,84.6264063105207,83.67749978697182,84.5108871459961,3756100.0
2017-05-16,84.78321123866364,84.82447079389244,83.56200017058741,84.44490051269531,3115900.0
2017-05-17,84.44488440467659,84.44488440467659,82.42329249057249,82.62957763671875,4618500.0
2017-05-18,81.80443385084763,83.0668978886065,80.6492358185708,82.69558715820312,5931500.0
2017-05-19,83.80954350920368,84.87397580399191,83.56199877262068,84.5191650390625,4636500.0
2017-05-22,84.71717662306472,85.03073405317083,84.00755526431871,84.40362548828125,4376300.0
2017-05-23,84.41189084228424,85.60834226423326,84.2138525540521,85.50932312011719,3327200.0
2017-05-24,85.26178565676784,86.5655094065936,85.11326008659373,85.77336883544922,5170900.0
2017-05-25,86.18593535657061,87.41539941465389,86.01265658157679,86.65626525878906,5220000.0
2017-05-26,86.63977604846767,87.22562520726126,86.32622483956132,87.18437194824219,2894100.0
2017-05-30,86.85430149032683,87.34938459224055,86.64801633991918,87.02758026123047,3211700.0
2017-05-31,86.84604993761813,87.26687341497076,85.48456666052905,86.99457550048828,4131400.0
2017-06-01,87.27512216112054,87.81971800177057,86.77179216565777,87.17610931396484,4211300.0
2017-06-02,87.19257621929772,88.09198244285889,86.78825922465076,87.42361450195312,3702800.0
2017-06-05,87.11835178915476,88.43032240769551,86.75528788677053,86.80479431152344,4319500.0
2017-06-06,86.46651043488185,87.06885973005514,85.86415484438348,86.26847839355469,3800200.0
2017-06-07,86.06217069456997,86.38397503839197,84.53565548452009,85.41030883789062,5121700.0
2017-06-08,85.41031447922225,86.9615767081919,85.41031447922225,86.64802551269531,4649300.0
2017-06-09,86.71403458974837,88.3065564191634,86.66452816142505,87.3989028930664,3881000.0
2017-06-12,87.3988869581921,87.7536976522416,86.55724635352644,87.52265930175781,4167400.0
2017-06-13,87.61342427646245,88.0094945123287,87.06058161615407,87.25861358642578,3522700.0
2017-06-14,87.29987339913222,87.45664582405362,85.80636471099118,86.40046691894531,4100200.0
2017-06-15,85.6495957473572,87.99299200085267,85.6495957473572,87.79496002197266,5974100.0
2017-06-16,88.09202580209077,89.04093889747361,87.79497463666095,88.78514099121094,7350400.0
2017-06-19,89.07394572165472,89.1482116662896,88.01776651818945,88.69438171386719,4347600.0
2017-06-20,89.16467669882348,89.26369582101212,88.22401707165903,88.32303619384766,5314100.0
2017-06-21,87.9847295332241,88.09200182757736,85.11324410931836,85.37728881835938,6274100.0
2017-06-22,85.45983194264606,86.3592386833575,85.39381916812464,85.6826171875,3652500.0
2017-06-23,84.57689599356759,86.03739181785629,84.41187042195286,85.9053726196289,12089800.0
2017-06-26,86.35921519693674,87.15959626286819,85.35254269289813,86.02090454101562,2857700.0
2017-06-27,86.2271963652575,86.829551798804,85.55883446535087,85.75686645507812,3380700.0
2017-06-28,86.51597346079815,87.98472242971597,86.44171384330815,87.83619689941406,4118300.0
2017-06-29,87.83620850670717,88.26528511553474,86.4829785163853,87.1678466796875,3550000.0
2017-06-30,87.54743240386031,89.14820747497177,87.32464717107926,88.66962432861328,4702100.0
2017-07-03,87.88574058648734,88.98317296883894,87.86098737193174,88.26530456542969,2404900.0
2017-07-05,88.29006448964289,89.01618611819411,88.00126647233982,88.69438171386719,3483600.0
2017-07-06,88.47982148604761,89.02441096033614,87.71244054407357,87.8857192993164,2921700.0
2017-07-07,87.96823036775379,88.76861767055182,87.34112181680031,88.2240219116211,2767900.0
2017-07-10,88.06726917561748,89.51951226665135,87.66294570230423,88.98316955566406,2951500.0
2017-07-11,89.04092554836762,89.50300227183939,88.33130412570843,89.31321716308594,2559900.0
2017-07-12,89.87431936272161,90.76547278824754,89.80830659890702,89.9073257446289,3611600.0
2017-07-13,89.8495558794771,90.14660698736336,89.09042806835575,89.50299835205078,3051100.0
2017-07-14,89.56903126818911,90.23739326370418,89.15646089163424,89.75055694580078,4480200.0
2017-07-17,89.11518872027206,90.25388053204799,89.09868867748841,89.80830383300781,2969500.0
2017-07-18,89.94131268466032,89.94131268466032,88.57000145295382,88.98554992675781,3984400.0
2017-07-19,89.17668203417365,89.7584472112741,89.04370351325647,89.63378143310547,2857900.0
2017-07-20,89.65871046670983,89.88311012842361,88.97721142061391,89.19329833984375,3759700.0
2017-07-21,88.68632751395027,88.88578894522688,87.35657407083201,88.58659362792969,4258100.0
2017-07-24,89.64207699881723,90.17397829903432,89.16835220516253,89.90802764892578,5980400.0
2017-07-25,94.1133888882826,95.48469971661832,92.91661394747939,95.19381713867188,14264600.0
2017-07-26,94.95280326827357,95.19382208560124,93.98042159685033,94.34609985351562,5741200.0
2017-07-27,94.51231427797455,95.06914752480272,94.12169782875455,95.05252838134766,5583500.0
2017-07-28,95.11900755475563,95.49300484581067,94.31284914322266,94.828125,4704500.0
2017-07-31,95.16057405320181,95.29355257142839,94.48738774178284,94.7034683227539,4477200.0
2017-08-01,94.96940603991106,95.10238453996477,93.51498698458391,93.99702453613281,3683700.0
2017-08-02,94.03857860224561,94.39595038264292,93.15761192221754,93.98870849609375,2830600.0
2017-08-03,93.78925563579095,94.51231200359175,93.78925563579095,94.37933349609375,2438900.0
2017-08-04,94.64530267326843,95.27693802583869,94.28793079045748,95.03591918945312,2631900.0
2017-08-07,95.14394196920853,95.56779667169072,94.99434432693131,95.33509063720703,2269400.0
2017-08-08,95.2353838856216,95.78391084378259,94.9029502221169,95.0857925415039,2601200.0
2017-08-09,95.06914525941897,95.95841842103752,94.8364392120069,95.027587890625,3170100.0
2017-08-10,94.65359923791775,94.85306066330136,93.7975706823502,94.03858947753906,3186700.0
2017-08-11,93.97210315187834,94.47075990126594,93.70615246282065,93.78926086425781,2130300.0
2017-08-14,94.29625409403248,95.05255532125952,94.13834365301449,94.5040283203125,1968900.0
2017-08-15,94.74502228165818,94.93617730953125,94.17987628108438,94.45413970947266,2826800.0
2017-08-16,94.5871051843366,95.16887662827632,94.43750753769655,94.8447494506836,2268600.0
2017-08-17,94.7450016811102,95.05250967099553,94.03025817871094,94.03025817871094,2905100.0
2017-08-18,93.90560013506911,95.27691075052954,93.65627496728953,94.67852020263672,3875700.0
2017-08-21,94.53722525028746,94.81979501186494,94.13829614720768,94.41255950927734,3137400.0
2017-08-22,94.91957810996688,96.29088929088536,94.74504851832508,96.25764465332031,3881100.0
2017-08-23,95.57612134480529,95.89193581092154,95.36834716796875,95.36834716796875,2447600.0
2017-08-24,95.57613760933937,95.61769498808451,95.06916802432423,95.39329528808594,1861200.0
2017-08-25,95.96673828257734,96.93911991315913,95.70078758855246,95.86700439453125,3282200.0
2017-08-28,96.20775900326598,96.45708421719301,95.29355387067052,95.6343002319336,2011000.0
2017-08-29,95.06085826776523,96.90589434455373,94.9943753367558,96.4155502319336,4355700.0
2017-08-30,96.50694324407871,97.81176470341235,96.30747548693785,97.6954116821289,3401000.0
2017-08-31,98.02783434815869,98.75920336138358,97.52917769235479,97.6455307006836,3357700.0
2017-09-01,97.6455416635002,98.75090170748764,97.57074601007571,98.30210876464844,2992200.0
2017-09-05,98.1857394736932,99.0085232288462,97.91978884875672,98.31871795654297,3826800.0
2017-09-06,98.6927410630659,99.05842566952336,97.2217025756836,97.2217025756836,4292600.0
2017-09-07,97.55412293436939,98.01122863023699,96.8227601617455,97.87825012207031,3270100.0
2017-09-08,97.42945586103286,98.77582827633121,97.23830085573937,97.9197998046875,2787000.0
2017-09-11,98.75093071796859,98.8340391375545,97.62895120164393,98.79248809814453,3527500.0
2017-09-12,99.05842099760916,100.88683126213252,98.95037436492522,100.5128402709961,5554000.0
2017-09-13,100.14713619002072,100.56268447296686,99.24124397676465,99.42407989501953,2532200.0
2017-09-14,99.55707256984279,100.38816925411486,99.07503497118151,100.13053131103516,2904900.0
2017-09-15,100.57102863456613,101.03644082782613,99.98925705222557,100.87022399902344,4610100.0
2017-09-18,102.74018906020738,103.41337544153134,102.10024097112687,102.91471862792969,4349000.0
2017-09-19,103.0227583900545,103.8289232991915,102.85654156664633,103.67101287841797,3050000.0
2017-09-20,103.86215453994123,104.11979248523345,103.20558739283615,103.76242065429688,3151600.0
2017-09-21,103.48814766546454,103.92032145590696,102.90638257151973,103.7125473022461,2615400.0
2017-09-22,103.53804164358178,104.23615991725879,103.346886588209,103.41337585449219,2616700.0
2017-09-25,103.3634872982974,103.70423360998016,102.76509672671762,103.32192993164062,3268500.0
2017-09-26,103.63775482860883,103.9452628869458,103.32194036871256,103.47985076904297,2301900.0
2017-09-27,104.06162560831096,104.23615516877953,103.33856913714253,103.48816680908203,2140600.0
2017-09-28,102.98119208311921,104.11979047022557,102.74017328638315,104.07823944091797,2067800.0
2017-09-29,104.17795078173552,104.3441738954076,103.47983272660308,103.64604949951172,2273500.0
2017-10-02,103.38843010961298,103.7458019420364,103.01443279246406,103.65438079833984,2502600.0
2017-10-03,103.87044059657264,104.32753985495413,103.34684575741393,104.31092071533203,2166100.0
2017-10-04,104.46055834519224,105.62408878727967,104.38575633633499,105.33320617675781,2792300.0
2017-10-05,105.38308393162357,105.47450509309213,104.72651665415202,105.05064392089844,2496200.0
2017-10-06,104.81790266825598,105.54095263280801,104.70154965463236,105.4910888671875,2697400.0
2017-10-09,105.48280670639339,105.49111944999463,104.66833537490555,105.4495620727539,1979600.0
2017-10-10,105.98145989215338,106.62140163064521,105.77368569461164,106.53829956054688,4414300.0
2017-10-11,106.52165779017098,107.08681011548677,106.10610945861151,106.87903594970703,2177800.0
2017-10-12,106.71281776802998,108.17555616613699,106.69620496370968,108.03427124023438,3372300.0
2017-10-13,108.87362650768233,109.21437906932569,107.37765047737877,108.63261413574219,3478200.0
2017-10-16,109.08143994128146,109.80448999937438,108.82380199789337,109.2642822265625,2914200.0
2017-10-17,108.98999598721491,109.26425935773361,108.3085034423264,108.4913330078125,2380300.0
2017-10-18,108.45811663252258,109.41387274096388,108.45811663252258,109.11467742919922,2511400.0
2017-10-19,108.87367428036339,109.39726929109902,107.54391440738054,109.33078002929688,4837600.0
2017-10-20,109.8073109953109,110.28386781931955,109.08830416486995,109.82403564453125,3086800.0
2017-10-23,110.31730611112755,110.64336661166607,109.65682916389251,110.09156799316406,5549500.0
2017-10-24,117.09771477322293,117.41541935808411,114.23005583402546,115.57610321044922,18886700.0
2017-10-25,114.71497303936428,115.23332242842173,112.69171116680735,114.40562438964844,7438600.0
2017-10-26,114.43905847418245,115.57609225428928,114.41397787851,114.48921966552734,5745400.0
2017-10-27,114.4725033885794,115.70985964187669,114.45577873785128,115.21659088134766,4064600.0
2017-10-30,114.79016986708383,115.21655264035229,114.10459974365244,114.11296844482422,3044500.0
2017-10-31,114.12133737103204,114.2216597391744,112.93414257173201,113.53610229492188,3988300.0
2017-11-01,113.42748173166052,114.79025427948275,113.2268241134783,113.94583129882812,3629000.0
2017-11-02,114.05447771027667,114.53103458263706,113.44416190209076,114.09628295898438,2722600.0
2017-11-03,114.10461815120065,114.49756445467204,114.00429577828659,114.23003387451172,2105400.0
2017-11-06,114.3721758667152,115.75165969637797,114.36380716314132,115.13298797607422,2780900.0
2017-11-07,115.20827082339821,116.12792278519763,114.25516954972265,116.05268096923828,3222100.0
2017-11-08,115.7098347548612,116.00245867239748,114.68984815172688,114.78181457519531,1933300.0
2017-11-09,114.07119176222044,114.33036642008776,112.5746481948639,113.15152740478516,2940300.0
2017-11-10,112.94252269000197,114.4474223200733,112.92581079651328,114.1046371459961,2016900.0
2017-11-13,113.31037712034198,114.16315561822363,112.7585785183498,114.14643096923828,1894100.0
2017-11-14,115.37541981363952,115.4757421833576,114.09625857106175,114.99082946777344,3041300.0
2017-11-15,114.10461404002558,114.33870807316967,111.8723520229364,112.11481475830078,3746200.0
2017-11-16,113.2602155656818,114.88216206846253,112.9508797248809,114.00430297851562,2812900.0
2017-11-17,113.5360895918762,114.00427760038087,112.88396875757805,113.8119888305664,2312700.0
2017-11-20,114.07121830402274,115.21660828710525,113.9123659910344,114.46416473388672,2124000.0
2017-11-21,115.1831661660421,115.37545501906573,114.68152865004694,115.0410385131836,2221400.0
2017-11-22,115.55937362792277,115.72658186017752,114.70659505910204,115.38379669189453,4887500.0
2017-11-24,115.45904422785142,115.72657483177706,114.823635123835,114.86544036865234,944400.0
2017-11-27,114.9323133354693,115.60115890612107,114.44740061567597,114.6982192993164,2585400.0
2017-11-28,114.96576370975875,116.21148857555988,114.76511894443273,116.20313262939453,2592700.0
2017-11-29,115.51756458282344,116.38706777343508,114.70659128802046,115.42559814453125,3098200.0
2017-11-30,116.12786639812404,118.15948374277609,114.63133572627616,118.00898742675781,7507800.0
2017-12-01,118.38525285601963,119.05408585792713,115.69315792467509,118.31836700439453,5481600.0
2017-12-04,120.60079969534183,121.38669256292705,118.25148979788351,118.30165100097656,4922300.0
2017-12-05,118.51067475554525,118.87854061956742,116.82184181488613,117.16462707519531,3884100.0
2017-12-06,117.17294246545703,118.00064037300513,116.62951256354839,117.33179473876953,2881400.0
2017-12-07,116.8636243573053,119.55571919471096,116.3703555706007,119.46375274658203,2977100.0
2017-12-08,120.28309044487389,120.65932496796222,119.49719760748292,120.27473449707031,2490100.0
2017-12-11,120.91847737081748,120.9853632124231,119.95700774955296,120.19947052001953,1913500.0
2017-12-12,120.42520207479794,121.06061122413328,119.73128854145095,119.90685272216797,3397100.0
2017-12-13,120.54219881101272,124.61378841271805,120.45024516426675,124.21248626708984,6486500.0
2017-12-14,124.44665398465271,124.57205699285024,121.96357236495966,122.29798889160156,4616900.0
2017-12-15,123.19253803528461,123.60219625099418,121.63747738754081,122.64073944091797,7931700.0
2017-12-18,123.52695743096487,125.24922633606336,122.73270881786802,125.21578979492188,3534800.0
2017-12-19,125.32448449464371,126.3193907560782,124.17909464265834,126.16890716552734,3554100.0
2017-12-20,127.02167208119116,127.58183946097434,125.99332928189845,127.51495361328125,3076000.0
2017-12-21,127.65706629412806,129.67195916428207,126.9213348129038,129.28736877441406,4017400.0
2017-12-22,129.39604866532923,130.25718304855573,128.7104784340088,130.2153778076172,2486400.0
2017-12-26,130.45783765009605,131.24373031331095,130.14014586073108,130.79226684570312,1870600.0
2017-12-27,131.21032333106155,131.83736386226732,130.68360520255357,131.6952362060547,2520500.0
2017-12-28,132.04636003823327,132.63995118583438,131.45275613346158,132.44766235351562,4064000.0
2017-12-29,132.1383382492441,132.5145600006507,131.68686194181876,131.74539184570312,2616100.0
2018-01-02,132.34735100150215,133.25864680150283,130.44950484590817,131.29391479492188,5108400.0
2018-01-03,131.29389508945977,131.6701295394402,129.92276724294393,131.4945526123047,4146100.0
2018-01-04,132.0045442554625,133.4174773286833,131.2771814750916,133.30043029785156,4865800.0
2018-01-05,133.9860009409433,135.4825446499472,133.4676515761471,135.4073028564453,3945400.0
2018-01-08,137.2048061181101,139.14444453349594,135.90056407450803,138.81002807617188,5929200.0
2018-01-09,139.06085721404688,139.96379702506036,138.0241457072156,139.1444549560547,4522900.0
2018-01-10,138.70135013006742,140.06412219928018,137.53087966135,138.67626953125,5478600.0
2018-01-11,139.53737039077754,141.7361959083517,138.48394722348996,141.46029663085938,4199000.0
2018-01-12,142.1207997107721,142.6893102099578,141.48539061501225,142.37997436523438,4127900.0
2018-01-16,144.55367573419926,144.83794367999067,140.0975208595137,141.55224609375,8530600.0
2018-01-17,141.5606772529807,142.22115433644862,140.87510681152344,140.87510681152344,5571400.0
2018-01-18,141.56899737638093,142.76454823669394,140.53228602865659,141.15097045898438,4668800.0
2018-01-19,142.47804630131492,143.16678569942854,141.6213098055539,143.13319396972656,5796700.0
2018-01-22,143.0576514659586,143.55320974944013,141.51216223174288,143.53640747070312,3540900.0
2018-01-23,144.4687578014086,144.51075709660472,142.11693825066672,142.31011962890625,5036500.0
2018-01-24,143.9647435892673,144.84667722694033,140.831792027854,141.39454650878906,8241000.0
2018-01-25,145.39265396123795,145.39265396123795,136.45575220005702,142.2596893310547,16937100.0
2018-01-26,141.78929715299216,141.94888670938082,138.2111819007233,140.3194122314453,9045300.0
2018-01-29,139.07629034672578,139.32827314096286,133.90229319504957,136.55648803710938,9496800.0
2018-01-30,134.66666940911014,138.34558578675438,134.22989997948952,137.54763793945312,8694800.0
2018-01-31,138.33723661575908,139.25276232370717,135.9770222602297,136.7245635986328,7014000.0
2018-02-01,135.43103115209473,137.53086721228757,134.54068989681193,136.27096557617188,4323600.0
2018-02-02,135.03626447521293,135.06146148328293,131.47493781019065,132.28128051757812,7602800.0
2018-02-05,130.13106419743391,133.49080266898363,119.98466529177277,126.89732360839844,11390500.0
2018-02-06,124.3690666412866,131.5000999972237,123.31074131705967,131.37411499023438,13908700.0
2018-02-07,130.49217345562025,132.78519015626122,129.5850430120266,129.63543701171875,7156500.0
2018-02-08,129.22390926406837,129.5094838768385,122.56322297777228,122.62202453613281,9101900.0
2018-02-09,124.90664719021498,126.73769798530361,120.00982822072226,125.32661437988281,9528100.0
2018-02-12,127.56081099957987,128.88790865830197,126.20012160991905,127.91358184814453,5756800.0
2018-02-13,127.0400843242082,130.35782280609283,126.83010071375496,129.32470703125,5512100.0
2018-02-14,127.99756924181023,133.20515859714916,127.95556996951345,132.75999450683594,5560100.0
2018-02-15,134.2215291308625,134.6750880995796,132.27287503383732,134.37271118164062,4914500.0
2018-02-16,134.498688253472,135.2294270187289,131.10534638589093,131.27333068847656,5991600.0
2018-02-20,130.33264332146194,132.91964328803564,129.5767073487472,130.66021728515625,5094600.0
2018-02-21,130.77775044014416,133.04557018328615,130.22339080042232,130.3829803466797,4179400.0
2018-02-22,131.374169694493,134.20474510545858,131.19777779487913,133.4320068359375,4723300.0
2018-02-23,133.88553144709454,136.47253080593126,133.7343494146209,136.4137420654297,4450800.0
2018-02-26,136.9512883928586,137.79122268190847,135.6913869592838,137.4888458251953,6254400.0
2018-02-27,137.1276682711886,138.25318996598045,135.43101022452524,135.4477996826172,4127700.0
2018-02-28,135.64941993315065,136.35496182776882,129.492698592646,129.8790740966797,7298600.0
2018-03-01,129.0727808143897,131.18942012581257,124.73871411551023,126.18340301513672,9434800.0
2018-03-02,125.25941979429845,125.8893705873635,122.51283074794792,122.94960021972656,9509400.0
2018-03-05,121.91643916755801,127.55240306521071,120.95891473019397,126.93084716796875,8453000.0
2018-03-06,128.20756503612532,130.17300813016368,127.39282777796431,129.139892578125,5795600.0
2018-03-07,125.99020238869397,127.89685770676432,124.99067806578854,127.25849914550781,5491000.0
2018-03-08,127.4432150095922,129.32467226739504,126.23370768788887,129.0054931640625,4105000.0
2018-03-09,130.29063292451522,133.06241928217682,129.62709032203767,132.9196319580078,4576700.0
2018-03-12,132.9112106369805,133.83513069377375,129.2238995063007,129.7698516845703,4880400.0
2018-03-13,131.28175266861558,132.60044304610187,128.67795083491907,129.0895233154297,4819100.0
2018-03-14,130.0218407782919,130.39980867494305,127.09046526406908,128.1235809326172,4873600.0
2018-03-15,128.66112288198806,130.68536751015563,127.3760244986172,129.82864379882812,5268800.0
2018-03-16,129.61864854880415,132.24763381178,128.77030682622788,131.41610717773438,10897600.0
2018-03-19,129.55150097014112,130.04705924567557,126.67892653858979,127.79602813720703,5479200.0
2018-03-20,128.50995545376426,130.35780845910426,128.12358001384595,129.40028381347656,3557600.0
2018-03-21,129.4842486507595,132.10483903702163,128.6863137899556,130.8617401123047,3887400.0
2018-03-22,128.40076964040617,128.92993242194697,122.84040792644785,123.38636016845703,8225600.0
2018-03-23,124.05831715727895,124.7890688524929,120.77417034331478,121.19413757324219,6533100.0
2018-03-26,124.15911599243745,125.62059372637935,122.00887304434714,125.30982208251953,5454900.0
2018-03-27,125.9061513778138,126.93087228928388,122.45402075686674,123.46195220947266,4915300.0
2018-03-28,123.46198565320307,124.51190385375502,120.63980501746406,121.9249038696289,4933900.0
2018-03-29,122.8068213848328,124.95705152290455,122.26926385031486,123.78954315185547,4209400.0
2018-04-02,122.99998947370536,123.76433281565028,119.06909001254662,120.858154296875,5397500.0
2018-04-03,121.62248778730654,122.33642424416647,119.58984834293683,121.84086608886719,4845700.0
2018-04-04,117.49004579542883,122.17688199634568,115.9529640723015,121.94168853759766,6188200.0
2018-04-05,123.05882228367923,125.04947614077271,123.02523053652695,124.41952514648438,4584800.0
2018-04-06,122.43726623193827,123.47038216761021,118.27959266099971,120.10224914550781,5707400.0
2018-04-09,121.62248336208228,123.29394433632321,119.94261484276176,120.17779541015625,4050800.0
2018-04-10,123.26036296063585,125.15860993304906,122.31123306623884,124.38587188720703,3991600.0
2018-04-11,123.20161301996875,124.60431521751156,122.89924883813998,123.29400634765625,3218900.0
2018-04-12,124.0078914379626,126.9644635693975,124.0078914379626,126.10772705078125,3958000.0
2018-04-13,127.46010751591112,128.43443497219653,125.14189205242094,126.18340301513672,3603200.0
2018-04-16,127.4516595165335,128.86274325683024,126.22534956628087,127.78762817382812,3055600.0
2018-04-17,128.79555223411873,130.64340555764338,128.51837231313255,128.77035522460938,3817200.0
2018-04-18,130.349401759378,131.97046875293674,129.82864661183143,130.9877471923828,3087100.0
2018-04-19,130.5173629508255,131.29850835027355,129.3162633059638,130.77774047851562,4013200.0
2018-04-20,131.0563533465586,131.8076581741785,128.62515890171682,129.36802673339844,4057800.0
2018-04-23,130.54987491468697,131.47002288247376,128.46479012239297,129.99273681640625,5350300.0
2018-04-24,134.85510099545533,135.99472671961232,121.01926360574333,121.93096160888672,24122300.0
2018-04-25,121.41600905140639,124.59850830080934,120.00625788534114,122.56407165527344,9963700.0
2018-04-26,122.67383843231138,124.42968706875008,121.56797349559051,123.50955200195312,6558900.0
2018-04-27,122.96927285259028,123.75435146108052,121.69459083947136,122.16732025146484,3860600.0
2018-04-30,122.58098558341605,123.41669919154755,121.22188185445832,121.86344146728516,4764800.0
2018-05-01,120.78287164979776,121.92248423604543,118.43609899499387,121.91404724121094,5004400.0
2018-05-02,121.5511058494842,123.79657094869721,121.12057422478267,121.44136047363281,4637600.0
2018-05-03,119.60950392218254,122.53030182172401,116.62115852982862,121.3738021850586,7703200.0
2018-05-04,120.07383199232221,124.25243912795189,119.06927527338469,123.56021881103516,4678400.0
2018-05-07,125.08813947004703,127.85700756114976,124.93619622504382,126.47257995605469,6844600.0
2018-05-08,127.17323611512465,127.52779614818704,125.4173872323641,126.56543731689453,3853600.0
2018-05-09,127.25765979009643,129.45249025227463,127.04661889492213,128.8278045654297,4668200.0
2018-05-10,129.32580551925142,131.21673580999328,128.99658237158167,129.97581481933594,3911000.0
2018-05-11,130.21221735251243,132.31418906392136,129.8070224870175,130.72715759277344,3507900.0
2018-05-14,131.36024045006616,132.0271237327171,130.33036028123158,131.0816650390625,3563900.0
2018-05-15,129.84918200020928,130.33878529232888,128.0679972373156,128.81085205078125,4127200.0
2018-05-16,128.77711701719693,129.8914059013075,128.6082869294117,129.8323211669922,2693400.0
2018-05-17,129.7479542115306,131.05641048336076,128.95443829644978,129.73951721191406,2885800.0
2018-05-18,130.1278113954675,132.39861349866916,130.00962900887666,131.44471740722656,3889300.0
2018-05-21,134.44149251778637,136.41684516388383,133.9687629549304,134.15447998046875,5849700.0
2018-05-22,134.2472595352378,134.51739791565237,131.8076286410865,131.8582763671875,3512400.0
2018-05-23,130.54985077716123,133.37780301884885,129.76478508146928,133.1583251953125,4010000.0
2018-05-24,132.71095612085182,133.71549991598133,131.714836443101,133.1245880126953,2891000.0
2018-05-25,132.46612968124202,133.01484366327855,131.03949136122426,131.56288146972656,2359700.0
2018-05-29,130.22065351512964,131.45313786095164,128.8531128022838,129.68038940429688,3795800.0
2018-05-30,130.50766156795063,131.67259825429687,129.86608916585052,131.233642578125,2688200.0
2018-05-31,131.09860672497422,131.10704372365643,127.89078254051448,128.2368927001953,4546000.0
2018-06-01,129.41023031797553,130.16153510404507,128.53229331437637,129.595947265625,2755500.0
2018-06-04,130.6680374342261,130.78621978632128,128.3803620013317,128.7349090576172,2470900.0
2018-06-05,128.65051080534116,129.24143555344654,128.32973743795802,129.1654510498047,2916600.0
2018-06-06,129.70570251336628,132.14533424774885,129.16543844737222,132.12001037597656,3689300.0
2018-06-07,132.62645448829645,133.31866147654662,131.29267535187148,131.93423461914062,3149100.0
2018-06-08,131.8498659362848,132.23817383522757,130.87907042710881,131.11544799804688,3254100.0
2018-06-11,131.00569678344488,132.60116481016047,130.60893902560846,131.94271850585938,2758300.0
2018-06-12,132.06937416688146,134.3823867444126,132.01872641891353,132.9473114013672,2595600.0
2018-06-13,132.68558114145083,132.8291002374678,130.43166667904288,130.6005096435547,4189300.0
2018-06-14,131.43620212435053,132.83751606870916,128.9543603600041,129.275146484375,3967600.0
2018-06-15,127.3420527293325,127.4686720856624,125.29916598719493,126.64139556884766,8852500.0
2018-06-18,125.29072266695647,126.16865976290461,124.69981089905512,125.51020050048828,3651600.0
2018-06-19,123.24782008557061,123.50107160713341,120.14130587172879,120.96858215332031,6792000.0
2018-06-20,121.74523871491516,122.14199651776137,119.7192518381387,120.82510375976562,4128300.0
2018-06-21,120.08225079826225,120.20043316606098,117.44001507708352,117.78612518310547,5914900.0
2018-06-22,118.9426146652193,120.29328122076417,117.98871880824248,118.1322250366211,5114700.0
2018-06-25,117.22052114515692,117.32181662340673,114.11399337609045,115.29582977294922,6078200.0
2018-06-26,115.43935884882035,115.92897522547918,114.19843747094136,114.41791534423828,4285300.0
2018-06-27,115.45620816171069,117.72700930325198,113.60748863366307,113.6328125,5665000.0
2018-06-28,113.26983557130323,115.4140177589427,112.00359050772288,114.83154296875,4215900.0
2018-06-29,115.3211415497726,116.36790861192598,114.45165443687681,114.52762603759766,4107900.0
2018-07-02,112.94908921518608,115.16923066439013,112.44258591645725,115.0510482788086,3172600.0
2018-07-03,115.65037671524556,115.94583903440042,112.5522988263201,112.97438049316406,1837400.0
2018-07-05,113.97047220369119,114.88217003106887,113.19384358353433,114.64580535888672,3366300.0
2018-07-06,114.05489207596892,114.68801448489906,112.54384559425539,114.30814361572266,3179600.0
2018-07-09,114.99193305487911,119.06924359837052,114.89063757434113,119.001708984375,5562300.0
2018-07-10,119.54195163633872,119.75299243699034,118.30103069803455,119.23805236816406,3761700.0
2018-07-11,116.60427394819216,117.66791500701179,114.67113289066226,115.44776153564453,5231700.0
2018-07-12,116.9166010910111,117.95491820162722,115.50685011814974,117.69322967529297,4250800.0
2018-07-13,117.79455848175743,119.23808360396227,117.39781352303604,118.81600189208984,2838700.0
2018-07-16,118.92574040983968,118.92574040983968,116.41012427770418,116.56208038330078,3723100.0
2018-07-17,115.63352080471672,117.6173103224401,115.25364977902242,117.29652404785156,3306000.0
2018-07-18,117.33871177193126,119.44912025703793,116.773123843632,119.12833404541016,4394800.0
2018-07-19,118.54227223577101,119.36611929407908,118.10061224583754,118.41486358642578,3576700.0
2018-07-20,117.51461934088387,117.70147507658356,116.05375429444602,116.2066421508789,5247000.0
2018-07-23,116.03672756529764,116.18961537388971,115.17041083620158,115.74795532226562,3542300.0
2018-07-24,117.97320593123838,119.41709289307066,116.66522930732962,117.1833267211914,5064700.0
2018-07-25,117.20885011964921,119.79933816717062,116.07922703794668,119.3152084350586,5041800.0
2018-07-26,119.54450816304536,121.92266082860426,118.9669636516369,121.09880065917969,5385600.0
2018-07-27,122.26240652799552,122.26240652799552,119.57000213034941,121.08182525634766,4649400.0
2018-07-30,123.75721162317525,124.59804907630237,118.10909857393672,118.69514465332031,13837700.0
2018-07-31,120.58072462224166,122.96736644015097,119.0519109965674,122.13501739501953,7608700.0
2018-08-01,121.43002943858205,121.51496854462006,117.30224030696205,117.66744995117188,6364500.0
2018-08-02,116.41895517141126,117.81187123781966,115.24686267849657,117.21732330322266,4195000.0
2018-08-03,117.37867469536197,117.71841815085273,116.41893021333382,117.6419677734375,3594100.0
2018-08-06,117.65052260593244,119.47659752449378,117.18338324354195,118.46588134765625,3125200.0
2018-08-07,119.4256130878093,121.72732855520715,119.16231994841607,120.92894744873047,4813000.0
2018-08-08,120.8779853809406,120.9459211258494,118.27899602196418,118.66120910644531,3435100.0
2018-08-09,118.99244752865853,119.67190863737588,117.42116455499736,117.6504898071289,3338500.0
2018-08-10,116.80114781343818,116.80114781343818,114.43148383487593,115.44219970703125,6268600.0
2018-08-13,115.44221863358484,116.1301815272837,114.4230138666276,114.67781829833984,3879400.0
2018-08-14,115.17045316604137,115.89238403896044,114.38056061109036,114.5928955078125,3537900.0
2018-08-15,113.17445969244561,113.17445969244561,109.929977403968,112.12977600097656,5682200.0
2018-08-16,113.57364860981376,115.97728030732507,113.51418863996369,115.73096466064453,5539400.0
2018-08-17,115.2128748868211,119.08587311645863,115.034520885127,118.34693908691406,6611700.0
2018-08-20,118.75462576720409,119.37463982023256,117.68444996730695,117.77787780761719,3311100.0
2018-08-21,118.11763428573491,119.72288520217661,118.11763428573491,118.8990249633789,3021400.0
2018-08-22,119.17933863263205,119.50207886719986,118.36396691605837,118.59329223632812,2209500.0
2018-08-23,118.10061374951152,118.2025303023757,115.86684759339894,116.18109893798828,3905300.0
2018-08-24,117.05596517558972,117.67597932389927,116.26607277523607,117.38720703125,2565400.0
2018-08-27,118.39789667873589,120.92893719745196,118.31297052219999,120.64015197753906,4770900.0
2018-08-28,121.81223851134165,122.10951244458802,120.17301991457057,120.6061782836914,3234000.0
2018-08-29,120.97142913425036,121.10732657627399,120.00318253964532,120.48731231689453,3369900.0
2018-08-30,119.78231498210673,120.1560263306539,117.59101813280708,118.10911560058594,4773300.0
2018-08-31,117.65051017438891,119.09438472020685,117.53160316378961,117.93079376220703,4552200.0
2018-09-04,117.08992846521328,118.05817484845244,116.30003609578917,117.41268157958984,3955600.0
2018-09-05,117.48910535608938,119.84177881445783,116.9370270425243,119.40860748291016,4579400.0
2018-09-06,119.19629285191598,120.49578114690681,118.95847884759682,120.2409896850586,4588100.0
2018-09-07,119.52752828868117,120.72509993457402,118.9499837263414,120.02864837646484,4173400.0
2018-09-10,120.4108066965097,121.03930933023602,120.34285801396625,120.64862060546875,3069100.0
2018-09-11,119.42557754407146,120.98835845849943,119.22173148397296,120.63163757324219,2583200.0
2018-09-12,120.24948766882169,122.94189232199895,119.43411604847864,122.5427017211914,5630600.0
2018-09-13,123.19668598068766,124.39425767829407,122.74653712298728,123.61285400390625,3670700.0
2018-09-14,123.68929433280395,125.02275038011621,121.65087210623795,123.06926727294922,4699600.0
2018-09-17,123.02680086488975,125.75317271771296,122.7719964868969,124.19039154052734,3827100.0
2018-09-18,124.85286922951256,126.78936167464863,124.23285520836606,126.61100769042969,4496400.0
2018-09-19,127.19700854324316,130.0422994793973,126.86576683974063,129.74502563476562,6000100.0
2018-09-20,131.99581069743428,133.95778221323584,131.18894103403764,132.49691772460938,6774100.0
2018-09-21,133.03202171945802,133.59257582063924,131.47772921006518,132.81968688964844,5932100.0
2018-09-24,132.49692684024959,132.58186595166683,130.60290388662258,130.79824829101562,3844500.0
2018-09-25,130.9001739674395,131.22292706142196,129.7875415138344,130.87469482421875,3454600.0
2018-09-26,130.7557604824699,131.77496487775676,129.85546305063502,130.09327697753906,3096100.0
2018-09-27,129.96591855864423,130.84073710346172,128.420114630588,129.498779296875,2674100.0
2018-09-28,129.09953575218503,129.87243739896863,127.8764854451616,129.51571655273438,3599900.0
2018-10-01,130.46699451287756,131.22290587948362,128.82776312423823,129.33737182617188,3736300.0
2018-10-02,129.34586503515274,131.97033309320986,128.67489274891182,131.4947052001953,4344000.0
2018-10-03,132.49692731465953,135.3591965332028,132.31856036400023,134.38246154785156,6043300.0
2018-10-04,134.22107958626984,134.66273962156893,131.8174479724661,133.13392639160156,4130800.0
2018-10-05,132.93008710514428,133.18489148314987,128.7683297839791,130.2122039794922,4955100.0
2018-10-08,129.05710252082577,130.5094784090466,128.14831621968708,130.24618530273438,3463200.0
2018-10-09,129.61772895331026,129.61772895331026,126.61956092270623,126.94231414794922,4996900.0
2018-10-10,126.29676116349317,126.69595170240324,122.06705474853516,122.06705474853516,9419300.0
2018-10-11,121.41305730014864,123.91011705881569,118.77161140739477,119.73136901855469,7608300.0
2018-10-12,122.32184311022561,122.64458321433902,118.6951608633078,120.66563415527344,5596200.0
2018-10-15,120.60617507469328,121.60838918203221,119.85875237777026,120.43630981445312,3741700.0
2018-10-16,121.75281576973971,122.21145337200076,119.98618815233836,122.05857849121094,3573400.0
2018-10-17,121.52346350613094,121.89717485605095,119.8502641184637,120.04560852050781,4807500.0
2018-10-18,119.04340633712425,119.58698300241244,114.21066336485313,115.34028625488281,10250200.0
2018-10-19,116.40869428884994,117.04120251578205,112.20331538817135,112.24605560302734,7055100.0
2018-10-22,113.4085295159589,113.79317848702387,109.97243464199488,110.01517486572266,7858900.0
2018-10-23,102.29675693209713,104.70715819040616,98.82646463315558,101.69843292236328,24113300.0
2018-10-24,102.57027070565043,103.97206388359494,95.94594072257718,96.02286529541016,15304200.0
2018-10-25,98.15120120576502,100.0829365713251,96.15962692306043,98.83499908447266,13568900.0
2018-10-26,97.52723010957217,99.51880441081579,96.03996302526538,98.33924865722656,10820400.0
2018-10-29,99.90343592009086,101.15992271172342,95.78353053026893,97.4246597290039,8069600.0
2018-10-30,97.441765784601,100.63853767825309,96.67248738205296,100.39920806884766,8057600.0
2018-10-31,102.06596637427356,105.0405004670342,101.93775223620378,103.69853973388672,10341300.0
2018-11-01,104.78410297822552,107.04065551603756,103.37376660880331,106.58763122558594,10138900.0
2018-11-02,108.59629989577734,109.66474044366478,106.21153981034333,107.5193099975586,7683900.0
2018-11-05,107.77569789894243,108.51078528625408,106.4593852968873,108.04922485351562,4844200.0
2018-11-06,108.04071056833808,110.69044184888902,107.96377945708754,110.54513549804688,4728200.0
2018-11-07,114.12651784663458,115.57959398387675,111.86997255142177,115.4770278930664,7551900.0
2018-11-08,114.3914826634892,115.13511286601066,111.88705206298455,112.3058853149414,6269400.0
2018-11-09,110.76733798470659,110.77589385416769,107.46800038749384,108.47660827636719,7248400.0
2018-11-12,108.70740799644544,109.75875629364886,106.49359594023787,106.84404754638672,5870100.0
2018-11-13,107.2713960877487,110.93827711572109,107.08334956913647,107.66458129882812,5820200.0
2018-11-14,108.78432296020357,110.26304731682241,105.75850553997026,106.92951202392578,5516300.0
2018-11-15,106.26281907812707,111.35714264612727,105.24566162603494,110.62205505371094,5815200.0
2018-11-16,110.08354646400923,112.75892542131805,109.45103808917182,111.0836181640625,5957700.0
2018-11-19,110.39124282365172,110.68186848765299,107.35687638762184,107.68168640136719,5385600.0
2018-11-20,105.86106925826198,105.96364188017249,103.62162244377657,104.51055908203125,7746200.0
2018-11-21,104.98068127004767,107.88684050627026,104.71571013363597,105.878173828125,4759500.0
2018-11-23,104.24557999980945,106.0320155311892,103.91222715560916,104.55329132080078,3130100.0
2018-11-26,105.69012163899305,107.51929101229045,105.2712948441239,106.67308807373047,4696600.0
2018-11-27,105.98927096480799,106.50212097167969,104.61311942493654,106.50212097167969,4049400.0
2018-11-28,107.10045204673825,111.78449039740926,105.85250811028155,111.77594757080078,5745200.0
2018-11-29,111.80159185191128,111.89561511685815,109.05783151481356,111.31437683105469,4999600.0
2018-11-30,111.16053004276968,116.22066167575615,110.98102633590143,115.9642333984375,8458200.0
2018-12-03,121.2722765054847,121.72529424088404,118.40885070551968,118.7678451538086,9365800.0
2018-12-04,118.02418458748967,118.02418458748967,110.29721744503716,110.53656005859375,8113400.0
2018-12-06,107.03208381766713,109.99807533564436,106.03202519393054,109.72454833984375,6595200.0
2018-12-07,110.34852244682772,111.10069556989995,104.92084035601947,105.60464477539062,6413700.0
2018-12-10,104.63023425961028,106.30554801846831,103.56179386330469,105.46788787841797,5970900.0
2018-12-11,108.70740218886287,109.39120666512544,104.49347291790853,105.33967590332031,4449900.0
2018-12-12,107.47654774287302,109.38264815905013,106.92950681615467,107.16029357910156,5544100.0
2018-12-13,108.08339861372173,110.35704229157334,106.8782015640922,107.61328887939453,4544100.0
2018-12-14,105.49351502617243,109.18604427167739,105.26273480137164,108.35693359375,4483300.0
2018-12-17,108.38259618825772,109.10913435201232,105.71576661688124,106.39102172851562,5662300.0
2018-12-18,107.58768656695642,110.04937112287291,105.64739497370934,106.22007751464844,5377900.0
2018-12-19,106.90388660220997,110.22032369670406,103.25409658033409,104.5618667602539,6416500.0
2018-12-20,104.05751717535573,106.45082562584032,103.21986378255474,103.8951187133789,7563500.0
2018-12-21,104.04900368807544,105.75850834294653,102.20273553061817,102.63011169433594,10034100.0
2018-12-24,101.00609400032809,102.21984089679268,99.7239653437474,99.96329498291016,2986600.0
2018-12-26,100.86075884344105,106.64742832468872,99.22817902349102,106.63888549804688,5093700.0
2018-12-27,104.10882971028464,108.28856781360776,103.3651928833389,108.27146911621094,4599000.0
2018-12-28,108.66466103698063,109.62198599133598,106.88678115209603,107.36544036865234,3813500.0
2018-12-31,108.2116381846139,109.50231596339103,106.41665968691443,108.61337280273438,3455200.0
2019-01-02,106.014946009942,109.3057416592961,105.13455202419529,108.02361297607422,4783200.0
2019-01-03,107.10900912711243,107.27141415166955,102.94636958024049,103.86095428466797,6165800.0
2019-01-04,106.13459600709312,109.91259976750895,105.73286136573238,109.53650665283203,5456600.0
2019-01-07,109.91259262932857,110.77590077990259,108.29711134073554,109.6048812866211,4653400.0
2019-01-08,111.03231253737162,112.39992136026979,109.604877838807,110.92120361328125,4202600.0
2019-01-09,112.04946947057391,113.01534368794698,111.04086807463173,111.34857940673828,4865600.0
2019-01-10,109.92970253750978,113.78463102074916,108.76723879567581,113.64788055419922,3418500.0
2019-01-11,112.04093735967454,113.10083494774683,111.16054350020175,112.91278839111328,2908600.0
2019-01-14,111.38278626349896,113.16067287017991,110.37418466376414,112.6563720703125,4482300.0
2019-01-15,112.9213118469921,113.77606403324063,110.7416911635617,111.70756530761719,3224100.0
2019-01-16,111.76741244818479,113.2717849294574,111.32295061734132,112.53669738769531,3636900.0
2019-01-17,111.51954707001754,116.16084635821399,110.39982350881303,114.99838256835938,6878500.0
2019-01-18,116.21993064223,118.47378435833718,114.98116693901709,117.51030731201172,6122400.0
2019-01-22,116.07369309704579,116.08230401030598,112.83915317172503,113.75962829589844,5188700.0
2019-01-23,114.44780977987864,114.83493330714887,111.961684425835,113.3983154296875,3123600.0
2019-01-24,113.0455896762232,114.40478786284186,112.86493118643178,114.18111419677734,3943600.0
2019-01-25,115.93604892361896,117.75977712598058,115.17902372578254,117.73397064208984,6417400.0
2019-01-28,109.24328700423176,109.94009486874756,105.93992588058325,106.98943328857422,17421400.0
2019-01-29,108.05616559927545,110.44766314725595,108.05616559927545,108.84759521484375,8550800.0
2019-01-30,110.05194386235658,112.99400815712703,108.65833445957057,111.92729187011719,7181600.0
2019-01-31,112.10793812060484,114.70588718783694,111.00680455315317,114.5510482788086,6643300.0
2019-02-01,114.43921446270683,115.15322452374646,111.92728256950254,112.61548614501953,5646700.0
2019-02-04,112.58969116210938,112.95959290998543,111.91869621718642,112.58969116210938,4541700.0
2019-02-05,112.37460654368624,113.6391767237413,112.34880006053329,113.55314636230469,3614500.0
2019-02-06,112.92517297092641,113.63918300587314,112.14234126830388,112.29718017578125,3098200.0
2019-02-07,111.22188077023007,112.21117760520958,109.56160212207438,110.78315734863281,3682100.0
2019-02-08,109.6648349996061,110.6283187866211,108.86480105443019,110.6283187866211,3135000.0
2019-02-11,110.92938673849423,111.8928769834587,110.70572615779439,110.91217803955078,2648100.0
2019-02-12,112.05635315895094,114.89518567075473,111.83269249945455,114.12956237792969,4505600.0
2019-02-13,115.44568844650814,115.54031658719632,113.9402491068984,114.49942016601562,3189600.0
2019-02-14,113.36388668629534,114.62845682862476,112.92516335939344,114.08649444580078,2877500.0
2019-02-15,115.35969429614639,117.2092291757016,114.99837723113215,117.16621398925781,5217500.0
2019-02-19,116.4350102349447,117.8372108259877,116.13391705129189,116.8221206665039,3881300.0
2019-02-20,117.32966014713581,121.02874291678265,117.28664496203926,120.70184326171875,6199000.0
2019-02-21,120.22013234702757,121.2782378865698,119.06739862906161,119.47171783447266,4051100.0
2019-02-22,119.38564431153797,120.16847594781404,118.65442564004674,119.29961395263672,3485000.0
2019-02-25,121.2868131611797,122.62880284164842,120.58999871042181,121.64811706542969,4444100.0
2019-02-26,117.45010984926247,119.60073811593232,116.36619792836242,118.69747161865234,7275600.0
2019-02-27,118.59425724395705,120.12550366925274,117.97487519255715,120.07389068603516,3441000.0
2019-02-28,119.18781378392656,119.57492422267833,117.97485636629759,118.14690399169922,4024000.0
2019-03-01,119.4544689082722,120.0050290901535,117.8027883626283,118.25872039794922,3811000.0
2019-03-04,119.40287275539777,120.23731749445881,117.94044829694991,119.01576232910156,3859800.0
2019-03-05,118.76626771331077,119.11037603768487,117.8544036249026,117.97483825683594,3122900.0
2019-03-06,118.31895986568668,118.42219894923888,115.90165577533195,115.98768615722656,3886000.0
2019-03-07,115.60055429471522,115.97045599033079,113.2262527083794,114.2413558959961,4290800.0
2019-03-08,112.26279966645579,113.66501354855943,112.03052812968667,112.9940185546875,4238000.0
2019-03-11,113.47574253443658,114.75750846212057,113.20906675421756,114.50804138183594,3914800.0
2019-03-12,114.6198637037859,114.74029833526706,113.48432592720036,113.966064453125,4208800.0
2019-03-13,115.256460938621,115.54034543155662,114.14674258113871,114.84354400634766,4285200.0
2019-03-14,114.27576973259886,115.33388819177641,113.5703705528725,115.00698852539062,3742200.0
2019-03-15,115.16186152956855,115.72963065720849,113.53598675597847,114.12956237792969,7049900.0
2019-03-18,114.15533583421889,115.44571268191478,114.00909469998041,115.35969543457031,4095400.0
2019-03-19,116.43502974936082,116.74472077179058,114.85215723116738,115.40271759033203,3315900.0
2019-03-20,115.12744767353007,115.40272129876104,113.60479900378773,114.42203521728516,3522100.0
2019-03-21,113.69076952262934,115.7897839559961,113.56172400336558,115.32524108886719,2635700.0
2019-03-22,114.40482155125241,114.6714973457283,111.39394209497654,111.63481140136719,5745800.0
2019-03-25,111.47994892234331,113.55315744728296,111.17025796788596,113.01980590820312,3199800.0
2019-03-26,114.14674619351817,114.89516061814713,112.80475627636565,113.41552734375,2638200.0
2019-03-27,113.78541945821115,113.9574670571454,112.04770851827735,112.86494445800781,2378300.0
2019-03-28,113.46713319901085,114.24136719011993,112.83055568289896,113.87145233154297,2487200.0
2019-03-29,115.27367130909684,117.23504317379691,114.94677162284923,116.55545043945312,4681600.0
2019-04-01,118.44799693323233,120.75346398685599,117.26945691898385,120.65023803710938,5081500.0
2019-04-02,120.5641849005756,121.028727839521,119.77275547368002,120.59860229492188,2529000.0
2019-04-03,120.30614985810473,120.90832314434046,119.06738588276657,119.79859161376953,4821800.0
2019-04-04,119.6953740137941,121.18360519503888,119.57493934813951,120.54702758789062,2988900.0
2019-04-05,121.38145606504207,121.42445812622961,120.36635276900559,120.74486541748047,2812300.0
2019-04-08,120.43518103414031,120.53840698886667,119.23943226178564,120.28034210205078,2497300.0
2019-04-09,119.27385587980761,119.49752965317721,117.05441873492036,117.2952880859375,3316500.0
2019-04-10,117.99203693513225,118.89530316112489,117.23501181218387,118.3103256225586,3310600.0
2019-04-11,118.36196086092014,120.08246328131776,117.8372070976432,119.46308135986328,2762900.0
2019-04-12,121.29542064494753,122.08685018320854,120.27171960452989,121.46746826171875,4383000.0
2019-04-15,121.8717932392164,122.52557946493228,120.15129073601342,120.65023803710938,3030200.0
2019-04-16,120.91687230499886,122.33629425858211,120.08242782736176,122.18144226074219,2672800.0
2019-04-17,123.01591215624299,124.3062888571826,122.55138231951659,122.79225158691406,3469400.0
2019-04-18,123.58843880796879,125.29340638579333,123.2595577911443,124.0730972290039,4504500.0
2019-04-22,123.71830700751133,123.91736040126828,122.40279557520861,123.2249984741211,3637500.0
2019-04-23,122.89608757038778,123.87406770442364,122.41142905630228,122.92205047607422,5930500.0
2019-04-24,120.94882878293178,121.42483754813497,118.18799115071154,119.2005844116211,8694400.0
2019-04-25,118.61203007327096,118.96687403983331,116.05024680041903,117.81580352783203,5094700.0
2019-04-26,118.18794499547239,120.32564544677734,117.6080848010227,120.32564544677734,5119200.0
2019-04-29,120.73245165223967,121.55464133412804,120.14394138089462,120.31703186035156,3374300.0
2019-04-30,121.1565527026086,121.16520260579232,119.070777116893,120.6632308959961,3862000.0
2019-05-01,120.80167895812197,121.10458396677868,119.12267373509302,119.56405639648438,3652000.0
2019-05-02,119.88430043816622,119.90160024214101,116.30127332775548,116.9849853515625,5405700.0
2019-05-03,117.80719033605637,120.47282635546765,117.5302481709788,120.3516616821289,4154800.0
2019-05-06,116.64744304492909,118.9928604412064,116.24067318946419,118.3610610961914,4866500.0
2019-05-07,117.0109595552064,117.70333475377323,114.29339779574732,115.68679809570312,5622900.0
2019-05-08,115.12423566595922,116.33588220101454,114.05970348949263,114.19818115234375,4140500.0
2019-05-09,112.70092733593823,113.96449967004516,110.93537018165539,113.54907989501953,5906200.0
2019-05-10,112.96920974380491,114.00776569420456,110.71034427885687,113.67023468017578,5240600.0
2019-05-13,110.35551096507717,110.3641608661849,107.38696394957609,108.44283294677734,8580700.0
2019-05-14,109.48141242613906,111.26426967759551,108.78903721624445,110.32091522216797,4019100.0
2019-05-15,108.97075541212939,110.74495558105178,108.16587229846927,110.17375183105469,2875900.0
2019-05-16,111.15172415315767,111.2382759826798,109.41214330978572,109.57658386230469,4316600.0
2019-05-17,107.64659484528406,108.64188147546078,105.86373805585667,106.24454498291016,6122600.0
2019-05-20,105.20598883185372,106.47822423095003,104.98962244705443,105.95894622802734,6312500.0
2019-05-21,106.73786553187718,108.24377370710937,106.20993102968475,108.1399154663086,5492900.0
2019-05-22,107.53410884644244,108.56401510046024,106.9023160058568,106.93693542480469,4620400.0
2019-05-23,105.67335094456871,107.11002704405722,105.07618415643726,105.81182861328125,4964900.0
2019-05-24,106.90231476566422,107.38698002233292,105.7685568709347,106.36573028564453,3802500.0
2019-05-28,106.3657208793796,106.85037949020943,105.16272425394244,105.2319564819336,4889400.0
2019-05-29,104.28860532875638,106.3051417716953,104.08089543253723,105.13676452636719,5330000.0
2019-05-30,105.24927271941999,106.17532065236166,104.96366748514433,105.44832611083984,2878300.0
2019-05-31,103.67413798811782,104.5049842757163,102.76539635322419,103.69144439697266,4711500.0
2019-06-03,103.77797623251341,105.31850383963703,103.64815508071554,104.41841888427734,4161800.0
2019-06-04,105.42236459231461,106.25321079147722,104.50497315213106,105.65604400634766,4060400.0
2019-06-05,106.79845112581742,107.00616101080244,105.55217860995096,106.55612182617188,3598400.0
2019-06-06,106.53880911711359,107.27445352252974,105.78585830580757,106.789794921875,3295700.0
2019-06-07,107.64661961989547,108.72845172711698,107.38698387594982,107.71585845947266,2547500.0
2019-06-10,108.58998134346545,110.15647213175902,108.39092132915637,108.82365417480469,3705000.0
2019-06-11,111.64505782107656,112.16434244216184,109.87950727713005,110.15645599365234,4516200.0
2019-06-12,109.6977749779987,110.36418064651873,109.11791455691284,110.00068664550781,3034600.0
2019-06-13,110.21704811766553,111.12578307939746,109.70642655864171,110.06126403808594,3495200.0
2019-06-14,109.5765986554837,110.47668365961219,108.61593132429746,110.11318969726562,2530100.0
2019-06-17,110.0958916889077,110.97866380388523,109.63719592111688,110.19109344482422,2607900.0
2019-06-18,111.125779448221,113.67891357182853,110.9613520747234,112.79613494873047,4756100.0
2019-06-19,112.78746534568539,113.84332105983738,112.39799532302496,113.03844451904297,3847200.0
2019-06-20,115.02038407535676,115.79931111422118,113.81738730331475,115.65218353271484,3803600.0
2019-06-21,115.40984401889723,117.05422339042796,114.71746889184745,115.87718963623047,5742500.0
2019-06-24,115.66086190849838,116.79462012023866,115.58297314722496,116.29264831542969,3197700.0
2019-06-25,116.47439423050655,116.75999954217316,114.78673848516804,115.72144317626953,3751800.0
2019-06-26,116.19740279610576,117.4003994114311,116.12816396571824,116.96766662597656,3343700.0
2019-06-27,117.4436822189817,117.71197444874521,115.94643039116636,117.27059173583984,3594400.0
2019-06-28,117.7033283284264,118.8024734009262,117.7033283284264,117.95430755615234,10469400.0
2019-07-01,120.55934947568514,121.31230025154532,116.81188219252566,118.22259521484375,4834800.0
2019-07-02,118.22261609982525,118.56014718373042,116.89845467789277,117.57351684570312,3204900.0
2019-07-03,118.08414663830146,118.1187594569745,116.25801341475025,117.34849548339844,2538600.0
2019-07-05,116.34455050420915,117.34849390973211,115.29734437741479,117.26195526123047,3071800.0
2019-07-08,116.96764060404851,117.81580618313575,116.34450447514729,116.69934844970703,2742100.0
2019-07-09,116.06761879635837,116.35322409465556,115.40986954346671,116.22339630126953,2618700.0
2019-07-10,116.60418443616139,117.26194678823208,114.71747564007167,114.79536437988281,3933300.0
2019-07-11,115.27998960867514,115.98101447562031,114.7520551819954,115.93775177001953,3164200.0
2019-07-12,116.58686012679195,119.76311684020182,116.49165839615763,119.74580383300781,4149800.0
2019-07-15,119.76311779362891,121.15651774984829,119.65925295559316,120.85359954833984,4498700.0
2019-07-16,120.65456458866282,121.7017705877552,119.57273256962515,120.37760925292969,4051600.0
2019-07-17,119.60734373580445,119.87563595987642,117.46964263916016,117.46964263916016,3750200.0
2019-07-18,116.72533225533743,117.64272360772233,116.0069942779525,116.74264526367188,3548200.0
2019-07-19,117.05662662076531,119.52474213753639,117.05662662076531,118.8095932006836,4837100.0
2019-07-22,118.93166669568862,119.18459036539991,117.38801522567017,117.94617462158203,3267800.0
2019-07-23,118.54792985460759,120.55381976218314,118.19908522179867,120.4404525756836,4122200.0
2019-07-24,114.23092430806095,117.13510204143168,112.02444920892805,115.04200744628906,12664900.0
2019-07-25,114.31813762338223,117.64964794193457,114.25708249054054,117.48395538330078,4823200.0
2019-07-26,117.25720944392184,117.50140339151037,115.66994878459644,115.92285919189453,4238000.0
2019-07-29,116.41995273540158,117.43160746257949,115.86179335546679,117.26591491699219,2715600.0
2019-07-30,116.27173099810584,116.48976228487915,114.67574038201637,115.94903564453125,3257200.0
2019-07-31,115.90542041248862,117.18744537349183,114.25710450656635,114.83271026611328,4322000.0
2019-08-01,114.80653371220929,116.15833011482803,110.2540401775614,110.57672882080078,5530100.0
2019-08-02,110.36742166444051,110.58545291494018,107.70743774683042,108.61444854736328,5968600.0
2019-08-05,106.49519376608053,107.1056786589321,104.94281219244111,106.0940170288086,5482500.0
2019-08-06,107.07950951424206,107.83826068142122,105.213162492882,106.46902465820312,3713900.0
2019-08-07,104.65500961538706,105.7015570500264,103.4776420879712,105.33526611328125,5048700.0
2019-08-08,105.52713002640776,106.48646624134517,104.97769364560018,106.41669464111328,3734800.0
2019-08-09,105.97191898526115,106.13761822377778,103.61717730695582,104.11428833007812,3805600.0
2019-08-12,103.73926866595062,103.8090402645927,101.22755099890833,101.79443359375,4321500.0
2019-08-13,101.98630451799217,106.39925510031843,101.85548443096407,103.7916030883789,4331900.0
2019-08-14,101.67234520905393,101.95142497340414,100.3292717638102,100.47753143310547,5543100.0
2019-08-15,100.36413050739503,100.81763250702778,99.39607138028308,100.51239013671875,4171900.0
2019-08-16,101.38452877332796,102.79737363417713,101.09672593344997,101.54151153564453,3551900.0
2019-08-19,103.10260514414733,103.33807593583133,101.78569470250436,102.35257720947266,2630900.0
2019-08-20,102.55316970250843,102.72759868482353,101.57639401668506,101.75081634521484,2402000.0
2019-08-21,102.91074781875365,104.06195252820184,102.50957112571108,102.63166809082031,2783000.0
2019-08-22,103.19854882078351,103.73054558233137,102.23048957624793,102.81481170654297,2118200.0
2019-08-23,101.38452702769591,101.95140958484441,98.82920061796472,99.47457122802734,6102000.0
2019-08-26,100.34670318451987,100.87869998173996,99.28270959007966,99.78854370117188,5200400.0
2019-08-27,100.43391886121458,100.69555237068174,98.68094573650583,98.88153076171875,3160700.0
2019-08-28,98.42802933482801,100.25076741513168,97.45997003971456,100.17227935791016,3187900.0
2019-08-29,101.70720575543167,103.02410953162229,101.59382526277165,102.71014404296875,3442900.0
2019-08-30,103.8003146333797,104.29742561752062,103.30320364923877,103.78287506103516,2912000.0
2019-09-03,102.8235399721447,102.8235399721447,100.64322744794225,102.06478881835938,3780600.0
2019-09-04,103.2770186434081,103.99216072311941,103.1374821334515,103.87006378173828,3688400.0
2019-09-05,105.09106767171953,108.35281346917589,105.09106767171953,107.26265716552734,5355100.0
2019-09-06,107.89058322269561,108.4400195787136,106.80042696995584,107.00973510742188,3315700.0
2019-09-09,107.6115096687222,111.10000987784856,107.44580377957716,110.97791290283203,4433300.0
2019-09-10,110.98664194756971,113.6291732788086,110.95175614515982,113.6291732788086,8479700.0
2019-09-11,114.1175920982948,116.15836195036233,112.91405501793834,116.0711441040039,7592600.0
2019-09-12,115.12048942088175,115.72225774479305,113.43729471319497,114.90245819091797,5594600.0
2019-09-13,115.81821844848744,116.85604946916375,114.36177109687029,116.67289733886719,3704900.0
2019-09-16,115.9838984705953,116.6903175300501,115.11177354631626,116.12342834472656,2876500.0
2019-09-17,115.63504393387211,115.78330357847285,114.41407432682446,115.26875305175781,2888900.0
2019-09-18,114.79780554236321,115.31235604267029,113.13204377943354,114.30941772460938,3005700.0
2019-09-19,114.65830085408814,115.1466888357921,113.26289521415586,113.48092651367188,2725700.0
2019-09-20,113.3849764471312,114.23966860387074,111.51863596881753,111.77155303955078,6412300.0
2019-09-23,111.05639441777004,112.39947437135952,110.18426941689374,111.998291015625,2723500.0
2019-09-24,112.2773787553847,112.50412646761693,109.5127374124428,109.8790283203125,3370700.0
2019-09-25,109.75692953816707,110.60289184983561,109.03306419377176,110.41974639892578,2354100.0
2019-09-26,110.57671842212024,110.69009226534959,109.58249655446264,110.22786712646484,2227400.0
2019-09-27,110.75987240908552,111.09127750597037,109.59122813023978,110.40229797363281,2214300.0
2019-09-30,110.1842742588359,110.84709115168873,109.78309753925777,110.15811157226562,2795300.0
2019-10-01,111.1087188474587,112.06805495208918,106.66088297778263,106.72193145751953,3718200.0
2019-10-02,105.65793268617593,106.26841745304654,104.07938209677916,104.62010192871094,4255800.0
2019-10-03,104.07939649537586,104.70732757318939,102.25665840085375,104.68988800048828,3110200.0
2019-10-04,104.41079942867286,105.65793836556114,104.08811080381881,105.56200408935547,2442300.0
2019-10-07,105.39630528728104,106.1376102091125,104.43696911468822,104.87303161621094,2334500.0
2019-10-08,103.5997016727722,103.9572693665925,102.64036576165887,102.88455963134766,3530000.0
2019-10-09,104.21021297491122,104.70732395202403,102.91074860557872,104.16661071777344,2557300.0
2019-10-10,104.6898822079788,107.297534005486,104.44568828095946,107.00101470947266,3242900.0
2019-10-11,109.54761227738784,113.70765189256139,109.36446684173278,111.9808349609375,6747800.0
2019-10-14,110.59416681474448,112.12038553292068,109.89647082156385,111.96340942382812,2851500.0
2019-10-15,111.62328282276582,114.8414197193234,111.32676350081486,114.27454376220703,3289000.0
2019-10-16,114.24836547301426,115.8269094621706,113.47217482004238,113.54194641113281,3038300.0
2019-10-17,114.2221911680561,115.87050658059202,113.53320509337169,115.18153381347656,3418300.0
2019-10-18,114.39922424201485,116.05171068266738,114.25859765664505,114.89146423339844,4329200.0
2019-10-21,115.98140285887342,117.29987279681932,115.5858645599236,116.2275161743164,4225200.0
2019-10-22,116.54395041326218,118.01184534626914,115.09363883497377,117.51083374023438,4681600.0
2019-10-23,117.98547521037263,119.53248850979686,114.88267705255424,118.96114349365234,11295900.0
2019-10-24,118.7413928747156,118.91718617435839,116.3593648283924,117.6514663696289,3916200.0
2019-10-25,118.66227629296482,123.03959206303168,118.53043468417306,122.8198471069336,8319500.0
2019-10-28,123.030826967747,124.48993693086527,122.0639436398566,123.10993194580078,6174000.0
2019-10-29,122.51226388499661,124.33174591452439,121.9760854294984,124.22627258300781,4427900.0
2019-10-30,123.9361785963349,123.9361785963349,122.71439694665925,123.35604858398438,3948100.0
2019-10-31,122.50343519410808,123.3560468454086,119.88407861609899,121.12344360351562,4037600.0
2019-11-01,122.50345042021303,127.109310903983,122.38039374453304,127.00383758544922,6220200.0
2019-11-04,127.75976346029938,129.21007526679253,127.46969841656635,129.13975524902344,5437800.0
2019-11-05,129.08701610614418,130.08905286878172,128.04102765672474,128.65631103515625,4516700.0
2019-11-06,128.74422455648948,128.74422455648948,127.15327261965456,127.88282775878906,3736600.0
2019-11-07,129.5528888322542,130.4494523756817,128.99034205076845,129.2188720703125,3816700.0
2019-11-08,128.91120534081517,130.24724523556844,128.15528203176035,130.22967529296875,2776600.0
2019-11-11,128.98152510483743,130.2208766642788,128.86725341730494,130.0890350341797,2205100.0
2019-11-12,130.18575781412872,130.50219122226477,128.3486924170874,128.6299591064453,2843100.0
2019-11-13,126.88956588225646,128.20803601261565,126.30065083348995,127.00383758544922,3194400.0
2019-11-14,126.75771283165777,127.75095112023864,125.87873282381987,126.08089447021484,2581700.0
2019-11-15,127.065359051889,128.22561920293802,127.02140736516654,127.72459411621094,2827400.0
2019-11-18,126.78412141790373,127.25876487149928,125.711764394852,126.21277618408203,2638600.0
2019-11-19,126.8807436417727,127.2411151783037,125.48315552084745,125.85232543945312,2085100.0
2019-11-20,125.21074052580295,125.43048559987848,123.14514487679791,124.39329528808594,3484700.0
2019-11-21,124.41962267408732,126.52038435434406,123.89222930501572,126.01057434082031,3297700.0
2019-11-22,126.50280466713208,126.97746139549476,125.7205129746989,126.4676513671875,2258300.0
2019-11-25,127.23233111510152,128.83208085262768,126.39730295429264,128.70022583007812,3085200.0
2019-11-26,128.68265313425408,128.90239811119932,127.88279161142192,128.41017150878906,2468100.0
2019-11-27,127.46969396921331,128.08497733801102,126.30943383476207,128.05860900878906,2660200.0
2019-11-29,126.74015457675311,127.8564631631979,126.38855445668186,127.21479797363281,1652500.0
2019-12-02,127.6279343488064,128.3662745672553,125.55354034542046,125.65902709960938,2896200.0
2019-12-03,123.1011469745181,123.4351502414685,121.79146199622474,123.10993194580078,3839600.0
2019-12-04,123.91859729062303,125.06127397901427,123.05720064153998,123.16267395019531,2484600.0
2019-12-05,123.56702658703225,124.04166994935473,122.64409478077899,123.98014831542969,2277700.0
2019-12-06,125.615029273367,126.06330422448183,124.96457927473683,125.4480209350586,2271400.0
2019-12-09,125.66775727196999,125.94023889479746,125.14036396753892,125.5447006225586,1585100.0
2019-12-10,125.42166978415555,126.21274649143201,124.59542636285651,125.57987976074219,1888900.0
2019-12-11,126.37093562078128,127.11806043906836,125.94901563992364,126.5730972290039,2265700.0
2019-12-12,126.16880779275743,129.5616717879268,125.69416440196628,129.01670837402344,3714100.0
2019-12-13,129.03429258831517,130.44065282336422,127.58396724983486,127.91798400878906,3311700.0
2019-12-16,129.83412463385858,130.3527195467652,127.65424486365454,127.76851654052734,2414800.0
2019-12-17,127.89160265140364,129.2012878093428,127.85644934928115,128.65631103515625,2850800.0
2019-12-18,128.77058837195602,129.47377515471516,127.9795116239597,129.3155517578125,2629500.0
2019-12-19,129.19247404059283,129.19247404059283,126.83681412591523,127.46968078613281,3576800.0
2019-12-20,129.54409697458397,129.88689869176952,127.66308001656037,129.7111053466797,6805400.0
2019-12-23,129.80776387597325,130.55490226336826,129.01668721698977,130.52853393554688,2346500.0
2019-12-24,130.70436076438375,130.79226415443625,129.4649953903845,129.6320037841797,966200.0
2019-12-26,130.0011600969414,130.291225158751,129.20129834583676,130.28244018554688,1576900.0
2019-12-27,130.65162324442036,130.9065216144339,130.0802914493224,130.33518981933594,1544500.0
2019-12-30,130.45825218395436,130.5022038806035,129.21888676419212,129.66717529296875,1789200.0
2019-12-31,129.58800952582007,130.29119617875483,129.02546288590625,129.80775451660156,1952500.0
2020-01-02,130.96802780377845,132.33044956739292,130.07146439494866,132.3128662109375,3311900.0
2020-01-03,130.76583399840044,131.81182214951747,129.60557417667363,130.47576904296875,3100600.0
2020-01-06,129.4473768757033,130.58125507379327,128.80571187584502,130.38787841796875,2549600.0
2020-01-07,129.51769643329558,129.71107308845475,127.90036318903984,128.6650848388672,2841900.0
2020-01-08,129.0606295952464,130.59005955946674,128.73541130078414,129.80775451660156,2153200.0
2020-01-09,129.9220339530895,130.0626739744991,128.77935725043517,129.4825439453125,2272500.0
2020-01-10,129.60562035813777,129.84294875390526,128.18167680787823,128.44537353515625,2393700.0
2020-01-13,128.7969528843964,129.06064959663502,127.93555614244413,129.05186462402344,3355200.0
2020-01-14,129.60559028612266,130.07144858428057,128.60355368470402,128.92877197265625,2742200.0
2020-01-15,128.5244642984239,128.9815376809501,127.62790088982243,127.95313262939453,2640500.0
2020-01-16,128.70905889912373,130.0275291443293,128.54206393428962,129.97479248046875,3070900.0
2020-01-17,130.30229773069678,131.24054996338745,129.7623583412473,130.80682373046875,3331500.0
2020-01-21,130.29340317959327,130.88644899050234,128.95683845705918,129.0984649658203,2476700.0
2020-01-22,129.45255211342192,129.72694510561945,126.15096260024522,126.24832916259766,3602400.0
2020-01-23,125.52250649455458,126.76171854808159,123.7433685431976,126.35454559326172,3182700.0
2020-01-24,126.1775164747036,126.31028292114057,123.2653796911774,124.25675201416016,2526200.0
2020-01-27,121.17644222358444,121.98192806070017,119.9992103154943,120.14082336425781,2920500.0
2020-01-28,121.28264496711007,121.79603099807386,120.0434331145685,121.03480529785156,2763800.0
2020-01-29,121.78717756795983,121.93765069637483,120.08769966872897,120.18506622314453,2620000.0
2020-01-30,119.28221184750561,120.35324392723079,117.64470065092104,119.82215118408203,3862600.0
2020-01-31,118.45021186036779,119.48583077684302,115.54692134735086,116.26390075683594,6785700.0
2020-02-03,116.3435480814642,117.86599970200687,114.44933690328916,114.8653564453125,4385300.0
2020-02-04,117.7243542672438,119.2999122137792,117.44110121758635,118.17577362060547,3501600.0
2020-02-05,119.9814942256502,121.6809722340174,119.88412766498199,121.6544189453125,4448100.0
2020-02-06,122.3271068471835,122.44218008554556,120.49486266373773,121.48622131347656,2283800.0
2020-02-07,120.41517063223503,120.81349685518832,117.72433464034701,118.05183410644531,3812300.0
2020-02-10,117.75974734472908,118.9015925641273,117.52961438485912,118.89274597167969,2331600.0
2020-02-11,119.92839722465486,121.46854211752427,119.54777754574059,120.5479965209961,2381900.0
2020-02-12,122.50419218018389,123.86732448557503,122.22979910093447,123.5575180053711,3222000.0
2020-02-13,123.92037078900782,124.3629435418257,122.53068586216034,123.67253112792969,3318800.0
2020-02-14,123.46893820891074,123.58399792806127,121.16755473844057,122.14122009277344,2813400.0
2020-02-18,121.67210557466369,122.65461761346903,119.56545497648236,120.89317321777344,3869700.0
2020-02-19,121.07906268188626,121.45083572552922,120.43291016495964,121.14102935791016,2134900.0
2020-02-20,120.60994170468358,122.93787909193435,120.55683512655251,121.20298767089844,2678200.0
2020-02-21,120.82236926023067,121.65440824983584,119.59201746881969,121.4508285522461,2855600.0
2020-02-24,117.30836094556044,118.48560637144655,116.88349478260024,116.98970794677734,4964800.0
2020-02-25,117.69781366152537,117.84828679552282,113.51992527274197,114.18378448486328,4840200.0
2020-02-26,114.75914189353455,115.945247471643,112.90034390918976,113.51994323730469,3902500.0
2020-02-27,111.17429907002204,113.7677762528262,109.06765472566055,109.11190795898438,7369000.0
2020-02-28,105.83686843630755,109.97049713134766,105.3588889598668,109.97049713134766,8300700.0
2020-03-02,110.68746279267008,113.19241977192004,108.88176491243102,112.944580078125,6100200.0
2020-03-03,112.41349779653537,114.67946850450478,109.56332771678457,110.09441375732422,6358100.0
2020-03-04,111.59031747139696,112.80296950437742,110.03245915770047,112.76756286621094,5074700.0
2020-03-05,109.005676554849,110.51042129856204,107.31504530165554,107.9612045288086,6015300.0
2020-03-06,105.33234121672658,107.85500518095576,105.18186806431005,107.46554565429688,5767900.0
2020-03-09,100.01259253213814,100.01259253213814,92.08168931534081,92.11709594726562,8636200.0
2020-03-10,96.16223527574945,96.53399487593728,87.72679722401037,94.25917053222656,8293200.0
2020-03-11,91.87811616699085,92.71900178744079,88.57652010094134,89.12531280517578,6543600.0
2020-03-12,82.76112247195685,83.45153503346879,77.45024830263341,81.66354370117188,10285900.0
2020-03-13,87.08948311956838,88.43490833807984,79.78703124241113,88.19591522216797,8718600.0
2020-03-16,78.7779620034768,93.69266469508302,78.33538918323255,82.68145751953125,9899000.0
2020-03-17,84.98282645042963,88.90402152108402,82.29198315842727,88.69158172607422,7206100.0
2020-03-18,83.19482686877171,91.12573004484675,82.41590122979876,88.62077331542969,6995100.0
2020-03-19,87.83301374695992,92.40921554966803,86.08042223043023,91.17886352539062,6870800.0
2020-03-20,91.27623079080715,92.04630325966104,83.34532580111683,84.53141784667969,7650300.0
2020-03-23,83.11517999184197,85.18641762382889,80.22960320884363,81.30062866210938,6737500.0
2020-03-24,85.02707086165906,90.3113903467526,84.23929194125763,89.70063781738281,7417100.0
2020-03-25,89.55016884268323,96.03828699498357,87.18683197240443,92.64817810058594,6578100.0
2020-03-26,92.80751226698122,98.22460562170893,91.07262774888211,97.80858612060547,6059600.0
2020-03-27,92.4357587103596,97.04736664721833,91.52405978900728,93.32975769042969,5746500.0
2020-03-30,94.11754933280952,99.87984331007252,92.87834393067592,98.87963104248047,5725600.0
2020-03-31,98.01218186962988,103.48238231668269,97.5961623290722,102.7123031616211,8970800.0
2020-04-01,99.21598006002606,103.34076233788221,96.92345589720001,98.56097412109375,6847000.0
2020-04-02,98.45476113805944,104.90746747648393,98.36624116380048,103.3319091796875,8106500.0
2020-04-03,102.23432155074117,103.42041346835784,99.24253171484025,101.49964904785156,5036400.0
2020-04-06,106.25289246619444,107.74879088592793,104.56226090861092,106.59809875488281,5785600.0
2020-04-07,108.77554638572094,114.00676032241586,106.66890220862885,107.91695404052734,8489900.0
2020-04-08,108.86406711070954,113.45796867451726,107.13803570712945,112.76756286621094,4686100.0
2020-04-09,113.8739767997693,114.71487593039825,109.00568272030607,110.66975402832031,4752100.0
2020-04-13,106.17320330149423,106.26172325672638,100.53483061442778,101.03050994873047,10519600.0
2020-04-14,103.11947606601758,104.30556808570567,101.35803797945613,103.10177612304688,7166300.0
2020-04-15,99.98603420562542,100.10995403455253,97.18897795582505,98.72027587890625,5652800.0
2020-04-16,99.00353461291994,100.4374729247865,96.35695114366084,100.2161865234375,5926400.0
2020-04-17,102.23497646269436,104.10191846444002,101.69901463206921,103.88753509521484,4132300.0
2020-04-20,102.2260375605927,104.57534018447036,100.15364704255603,102.36895751953125,4083800.0
2020-04-21,99.18891896687724,99.18891896687724,97.00933320999542,98.12592315673828,5743300.0
2020-04-22,100.07325914420191,100.1357879103939,97.55423242527218,98.83161163330078,3794000.0
2020-04-23,99.4479806137466,102.93174302962936,99.10853286742916,100.8593521118164,3545400.0
2020-04-24,101.82406231649503,102.17243781346116,99.34076751653193,101.86872863769531,3045300.0
2020-04-27,99.01921301925819,103.73568871673578,98.01875260774804,102.90494537353516,5344800.0
2020-04-28,105.28104609076624,105.40610363461425,101.27025642849769,103.13719177246094,5604600.0
2020-04-29,104.47711161833972,107.92514272103574,104.09300431471941,107.24625396728516,4261100.0
2020-04-30,105.40608734968608,105.62940533135914,103.0210529410475,103.958984375,4040500.0
2020-05-01,101.83298520091462,102.36001229166033,98.76906265428218,99.04597473144531,3960400.0
2020-05-04,98.27780381816459,98.51005649691771,95.20495210406033,96.22328186035156,4500700.0
2020-05-05,97.58102180502395,99.23357347998461,97.13438584881168,97.28624725341797,3477400.0
2020-05-06,98.28671900326707,98.47430530914268,95.31212154911513,96.17859649658203,4465300.0
2020-05-07,97.38449839812424,98.30457416904608,95.38357127380718,95.83914184570312,4377900.0
2020-05-08,97.33984110383437,100.22510555609338,96.74135055988266,100.14471435546875,3911300.0
2020-05-11,98.40284672502013,98.94773637473878,96.63416516755592,97.01827239990234,4207300.0
2020-05-12,97.4648966023388,97.66141750883932,93.79354858398438,93.79354858398438,3874100.0
2020-05-13,93.91863475857062,94.0526269461684,91.60506312554344,93.3290786743164,5376100.0
2020-05-14,91.56038375731471,94.93695096545717,89.52372460415732,94.85655975341797,5542400.0
2020-05-15,93.95435303313518,96.4644452738306,93.15040683759,96.40191650390625,6583100.0
2020-05-18,100.24299804562692,103.31585630850154,100.05541171889917,102.74415588378906,5603500.0
2020-05-19,102.68162165833314,103.11932987925839,100.05540640840688,100.11793518066406,3404900.0
2020-05-20,101.2166369914743,104.94158600071464,100.98439120394279,103.3426284790039,3735700.0
2020-05-21,102.6816081718778,103.33369969559102,101.67221331940985,101.8865966796875,2342300.0
2020-05-22,101.94912891147268,101.97593279565272,99.57302898183626,100.46630096435547,2735100.0
2020-05-26,103.60168726298514,105.90632379242295,103.60168726298514,104.87906646728516,4185100.0
2020-05-27,106.9425083007025,109.41686835728107,106.77278446625496,109.35433959960938,4462700.0
2020-05-28,111.43569901753692,111.50716242408011,107.44277147735018,107.85367584228516,3743700.0
2020-05-29,106.86214839505097,107.82688398467579,105.02200988586448,107.30878448486328,4219000.0
2020-06-01,107.06758865870195,108.26456993668344,105.05772654243833,107.6392822265625,2131300.0
2020-06-02,108.83624167833455,110.60492298460704,108.33601161055479,110.15828704833984,2977500.0
2020-06-03,112.06095175271571,113.75816964431476,111.6679167698561,113.52591705322266,3712600.0
2020-06-04,112.02523954938368,115.25887967639576,111.4267421578939,115.19635772705078,3076700.0
2020-06-05,123.1375404879153,124.49530400206167,119.15354169945832,120.69889831542969,5591900.0
2020-06-08,120.87759094283521,125.00450381385852,120.87759094283521,123.02143859863281,4139200.0
2020-06-09,120.60958908647945,120.95796462077847,118.99276894959807,119.86817169189453,3819600.0
2020-06-10,119.44836479155441,120.93119997833915,116.62562124736837,118.30497741699219,4018700.0
2020-06-11,112.9184958749207,113.30259622125274,108.55039033412758,108.57719421386719,5969300.0
2020-06-12,111.12304453176804,111.81086101253376,106.61201794717988,110.00645446777344,4492700.0
2020-06-15,105.86166500204966,111.10516719982235,105.41502900891062,110.41735076904297,4093100.0
2020-06-16,117.34913533862613,118.30494289720187,112.90064470653427,116.22361755371094,6892400.0
2020-06-17,116.2682800656786,116.54519218882066,114.12442602666572,114.54425811767578,3228100.0
2020-06-18,113.57058744379431,115.21420444860674,113.17754563172016,113.9725570678711,2467700.0
2020-06-19,116.125356950737,116.125356950737,112.31108860954828,113.8564453125,6488000.0
2020-06-22,112.87385748705829,112.98105258717169,111.30169676101978,112.36469268798828,2806300.0
2020-06-23,113.79390311834985,113.95469232775862,112.40040118022279,112.77557373046875,2357100.0
2020-06-24,111.4714347871105,111.51609430648493,108.82734998469068,109.03279876708984,3766500.0
2020-06-25,108.63080633738319,111.5071432114623,107.90725821239567,111.39994812011719,2903400.0
2020-06-26,111.06051805008012,111.15877852294709,108.48789012792703,109.32756805419922,3645800.0
2020-06-29,110.5156115370072,112.58800227827292,110.12256968112294,111.88231658935547,2798700.0
2020-06-30,110.77467108441962,113.4991468033227,110.77467108441962,112.99891662597656,2778800.0
2020-07-01,115.57154287396372,115.58939850128945,112.44508386535453,112.60587310791016,2807800.0
2020-07-02,114.56216304802075,116.42909873013531,113.61529666877614,114.08872985839844,2527500.0
2020-07-06,116.24148168086691,116.571987936325,114.49066268466736,115.61618041992188,2491900.0
2020-07-07,114.1065666251423,115.00877327910065,113.26689555548649,113.62419891357422,2018100.0
2020-07-08,115.5268644237164,115.5268644237164,112.97210606845522,114.45494079589844,2279500.0
2020-07-09,113.92792413648567,114.6514791697682,111.76620729609893,112.31110382080078,2663500.0
2020-07-10,112.52548636427544,114.54427638251758,112.39149418763543,114.3477554321289,2691400.0
2020-07-13,115.60725059516605,117.99228499304138,115.09809268697812,116.634521484375,3708400.0
2020-07-14,116.41119588080792,122.65515748797968,115.43751918987783,122.27105712890625,6540800.0
2020-07-15,125.2099446586381,125.2099446586381,122.47653429998707,123.59312438964844,4915200.0
2020-07-16,123.539498003269,125.94240142991988,122.91421044230418,123.77174377441406,3621500.0
2020-07-17,124.07777546790766,124.58175206759283,122.87182949975636,123.2048110961914,2458200.0
2020-07-20,122.17881276149826,123.24976953342845,120.82887002020698,121.161865234375,2478000.0
2020-07-21,121.28788964244043,123.45678775207122,120.98189210806427,122.27783966064453,3221100.0
2020-07-22,121.71985644116862,124.07775240819727,121.66586092014198,123.27678680419922,2156800.0
2020-07-23,123.20478442058463,123.76277016285192,122.13384124429443,122.93480682373047,1613700.0
2020-07-24,123.47474446815148,124.81569236623328,123.15976610750977,123.81673431396484,2036300.0
2020-07-27,123.42979743155394,126.30067874888098,123.34880413771678,125.89569854736328,2506900.0
2020-07-28,125.0406939930665,125.98565662427131,124.1227291171252,124.22172546386719,2029900.0
2020-07-29,124.71674119653747,126.96664629735754,124.01477190366809,126.47166442871094,2338300.0
2020-07-30,125.1666887942602,125.18469187531218,122.36780704691387,123.05177307128906,3063500.0
2020-07-31,119.18195072934742,121.62984825557668,117.18404789641106,119.58694458007812,6780900.0
2020-08-03,119.0649536040864,119.6949241425818,117.98500214776175,118.59696960449219,2851100.0
2020-08-04,118.22802691389847,119.19099303575115,117.5980561358483,118.36302947998047,2301800.0
2020-08-05,119.49695363627332,122.3408368609538,119.34396174367302,121.4678726196289,2767800.0
2020-08-06,121.06289942481801,121.68387543963921,120.3249239485577,120.9458999633789,2446400.0
2020-08-07,120.59491861507827,121.5938770723024,119.26297858288993,121.42288208007812,2223700.0
2020-08-10,122.1518527365164,127.93861621579133,122.10685188477426,127.8126220703125,5181600.0
2020-08-11,129.61247792502184,131.57438768883395,128.05553441631804,128.2715301513672,4206000.0
2020-08-12,129.54949405707697,129.74748674508152,127.19159861380236,128.30755615234375,2541200.0
2020-08-13,127.43458967383889,128.46054552261245,125.78765801853694,126.59761810302734,2939900.0
2020-08-14,125.49971262578165,126.79566025239927,124.88774498672996,125.95870208740234,2038500.0
2020-08-17,126.12965129211484,126.53464512173977,124.4647300627118,124.84271240234375,2284000.0
2020-08-18,125.0497124373144,126.09367161370102,124.26674992118934,124.5277328491211,1563200.0
2020-08-19,124.64472353478538,125.92266778885102,123.70876919812072,124.2127456665039,1849500.0
2020-08-20,122.41285434520908,124.17677245263492,122.07985901483175,123.72679138183594,2279700.0
2020-08-21,123.11478989499992,125.09470331612755,123.11478989499992,124.58171844482422,2524600.0
2020-08-24,125.77865911958567,128.01956899680565,125.16669167301625,127.50658416748047,2921700.0
2020-08-25,128.3975709608254,130.43148004323055,126.48064759503151,127.02962493896484,2467500.0
2020-08-26,126.42667014026672,128.19060187306232,125.82369718983955,127.6416244506836,2379900.0
2020-08-27,127.91162832355991,129.90053704014844,127.14665498189785,129.02757263183594,3010300.0
2020-08-28,129.84649007483725,131.25943672140212,128.41555407917818,129.2615203857422,3698700.0
2020-08-31,129.14453475650055,129.23453644090011,128.03758544649696,128.07357788085938,2886500.0
2020-09-01,127.49757075875631,131.50239752601695,126.81360481915047,131.4394073486328,2673900.0
2020-09-02,132.17739408595037,134.589299013424,131.7544109128374,134.33731079101562,4515500.0
2020-09-03,133.72531608611712,136.0742168547163,130.76444790553742,132.07838439941406,4479100.0
2020-09-04,133.8243378139059,135.69626029813764,131.43043575627337,133.35635375976562,5129400.0
2020-09-08,132.29443770305713,135.6782904856996,131.14248723524977,133.66238403320312,4775200.0
2020-09-09,134.81433211725158,139.9261105112197,134.2833577472653,137.41522216796875,5345100.0
2020-09-10,136.80321413442942,137.919171921018,133.86934305547425,134.86830139160156,4387000.0
2020-09-11,135.42626885925293,138.95411801547277,135.21028678238662,138.44114685058594,3237100.0
2020-09-14,138.59415406755437,139.3141264455403,136.9832280592545,138.15316772460938,2569300.0
2020-09-15,138.77410707368415,139.0171006051913,133.5183334475901,133.7343292236328,4092400.0
2020-09-16,134.9942669727647,136.77618745175366,133.52732487731603,135.99322509765625,3302000.0
2020-09-17,134.85929028340777,140.6190406974438,134.22930599522067,138.4771270751953,4487000.0
2020-09-18,138.30616291170975,140.58307955927,136.84822876756516,137.1452178955078,5113500.0
2020-09-21,133.69834667650855,134.54431311668927,129.47752288390254,130.79147338867188,4278200.0
2020-09-22,130.50349456515522,132.74440505859727,130.04451885401562,132.42941284179688,2579500.0
2020-09-23,132.72638192941957,134.01333463340882,129.23453897010927,129.93650817871094,2420100.0
2020-09-24,129.6125152173916,132.69038323270757,128.4515566894156,130.62046813964844,2138800.0
2020-09-25,129.4955040877431,132.0243945726895,128.7035333018451,131.3134307861328,1848900.0
2020-09-28,133.19436648124952,135.27327635550714,132.66339223495493,132.9063720703125,2212700.0
2020-09-29,133.52730079964806,134.06728326310017,131.58339414233436,132.66334533691406,1605600.0
2020-09-30,133.1943432704901,135.84922777164599,132.9603581516256,134.2292938232422,3642800.0
2020-10-01,134.9223179500478,135.2733026238281,131.07947589339432,132.033447265625,2157400.0
2020-10-02,129.83752460632712,136.11925566744836,129.3695405103848,134.9403076171875,3220500.0
2020-10-05,136.94722113530383,138.99913347527726,136.45223926988683,138.1351776123047,2597700.0
2020-10-06,138.59413815986233,139.89908022074582,136.14624059507582,136.37123107910156,2559800.0
2020-10-07,137.94616117853724,140.44805420267014,137.87416257748598,139.287109375,2334200.0
2020-10-08,140.16909881005603,141.05105783392028,138.81016096587416,140.98806762695312,1842900.0
2020-10-09,142.07698167900986,143.44492762092327,141.6539984846835,143.03994750976562,4084200.0
2020-10-12,143.9669051070939,146.873778176135,143.561925001751,146.34280395507812,4279800.0
2020-10-13,145.54187611129282,146.85581312511053,145.00189334277482,145.90185546875,3319000.0
2020-10-14,146.38782144374832,148.3317426492559,146.24382422874845,147.24278259277344,4087100.0
2020-10-15,144.23691521972026,149.19570095228033,144.12891044051162,148.52972412109375,2958500.0
2020-10-16,150.5186331515842,153.45250410674484,149.95165273998623,151.8685760498047,5569000.0
2020-10-19,151.85958992424676,153.01154016366664,150.1136614804082,150.7706298828125,2757700.0
2020-10-20,151.37358662823817,154.12746780494547,151.11260372326498,152.08456420898438,3007100.0
2020-10-21,152.82253709147597,153.46151612053887,150.05966103567852,150.65362548828125,2502000.0
2020-10-22,151.17560257892842,152.85854074184894,150.19464736175652,152.6875457763672,2356800.0
2020-10-23,153.35757828843947,154.51656464177384,151.7186997958123,152.6513214111328,2857300.0
2020-10-26,150.88568568008094,150.88568568008094,145.62497115392335,147.77090454101562,4506600.0
2020-10-27,145.74265491826978,146.54851269978434,142.16608159570723,142.9810028076172,4857900.0
2020-10-28,139.2595976199921,140.73548640193104,136.28969319128262,136.8691864013672,5645100.0
2020-10-29,136.36215177231574,140.80794564163116,135.48385530275297,140.04736328125,3867200.0
2020-10-30,139.4044816485042,142.41964813174494,138.571447162858,142.2023468017578,4373500.0
2020-11-02,144.14906491981796,148.35945741008402,142.74560075639593,147.83428955078125,4072400.0
2020-11-03,149.40073879872594,153.02257489081626,147.6532095160723,151.83642578125,4843600.0
2020-11-04,144.13091095100125,147.02838987847647,140.55435180664062,140.55435180664062,9081700.0
2020-11-05,142.76370937057936,149.36451277834684,142.7003344292253,147.67129516601562,4821600.0
2020-11-06,148.44093247549273,149.88965840819088,145.56156602400208,146.0414581298828,2983000.0
2020-11-09,157.57706378609078,159.69583500244084,154.0367149911142,154.67054748535156,5969600.0
2020-11-10,155.64839770724646,158.44627653794396,154.62523842481522,156.01058959960938,3499100.0
2020-11-11,156.08304103534587,156.40900685763745,151.63723362515518,153.43910217285156,2345500.0
2020-11-12,152.8686640676447,154.92406012755941,151.80021512734618,153.1403045654297,2185500.0
2020-11-13,154.19964855247406,155.93812792750248,153.1945886526382,155.47634887695312,2120200.0
2020-11-16,158.4552535730711,158.4552535730711,155.5849514948631,156.81637573242188,3902400.0
2020-11-17,155.89283923986974,156.17352925601986,154.1000346924364,155.6574249267578,2110800.0
2020-11-18,155.77514901611096,158.79939235773315,155.77514901611096,156.4089813232422,3165100.0
2020-11-19,156.1916854334776,156.87077971797098,154.57091982028516,156.55386352539062,2012100.0
2020-11-20,156.14642195966482,156.75307791009513,155.11419911895794,155.9472198486328,2449800.0
2020-11-23,157.3325770895179,158.9080809859493,156.86174827871235,158.2561492919922,2403500.0
2020-11-24,159.58714688064282,161.46145362046752,158.6998009395751,160.17568969726562,3447000.0
2020-11-25,159.77730724216542,159.79540647517803,156.4452108121292,158.1203155517578,2506400.0
2020-11-27,157.92109989448892,159.28833794475665,157.44120775291515,158.5277557373047,976900.0
2020-11-30,157.19676295380998,158.34669993823772,156.12831397666503,157.17864990234375,2382600.0
2020-12-01,158.80842298083337,159.87687158021822,156.59005161979692,156.87979125976562,2710200.0
2020-12-02,156.8797832390477,157.93011873967038,155.99243750324106,157.43211364746094,1971000.0
2020-12-03,157.4321578434437,158.52776935387578,156.89794032919548,158.1203155517578,2903900.0
2020-12-04,159.2883435804145,166.43241444619875,159.0167031206546,164.9836883544922,6086200.0
2020-12-07,163.33573960105298,163.33573960105298,159.86783016114308,161.8145751953125,4587400.0
2020-12-08,160.8638465240648,163.65266185464947,160.71896977063523,161.93228149414062,2001600.0
2020-12-09,162.6385528754917,163.4172482242382,160.266254545775,163.0460205078125,2915500.0
2020-12-10,162.2944736668276,162.55705069370475,160.3930042692483,161.94134521484375,3109400.0
2020-12-11,160.2571923054564,162.78341681932585,159.56903462771402,162.33973693847656,2673400.0
2020-12-14,163.52590322618119,165.99780246240582,160.97250217849242,161.21697998046875,2533600.0
2020-12-15,162.91924346769065,165.481694287985,162.09528621615863,164.55813598632812,2360300.0
2020-12-16,163.75229790239416,164.13258909928925,161.4976995748618,162.52992248535156,2031800.0
2020-12-17,163.58926753232245,163.6435928589597,161.69686163468666,162.2310791015625,2296500.0
2020-12-18,163.04600971372457,164.15972042168875,160.6918107734964,163.85186767578125,5262700.0
2020-12-21,160.21190826842374,163.78846834528875,159.65052814255532,163.1274871826172,2071000.0
2020-12-22,162.33975751679176,163.12751633636918,159.79541963198375,159.88597106933594,2493300.0
2020-12-23,160.67370556981723,162.3397469049997,160.27530137744563,161.552001953125,1862500.0
2020-12-24,162.48462746520494,162.846819383191,161.48863077721347,162.584228515625,585700.0
2020-12-28,163.4172328679407,163.99672606258486,161.45238853897206,161.5067138671875,1508800.0
2020-12-29,162.23108609205866,162.42123855968984,158.55492479165667,159.94932556152344,1490300.0
2020-12-30,162.7743348959606,165.00175584179985,161.79643771868788,163.018798828125,2720600.0
2020-12-31,163.20902459438088,164.8841296798091,161.85083576280488,164.8116912841797,1717800.0
2021-01-04,165.69896682538936,168.3972302854839,163.20895502883295,164.9293212890625,4078300.0
2021-01-05,164.07821439118254,168.23426745271323,164.07821439118254,166.27847290039062,2933700.0
2021-01-06,169.45665144490445,178.62895581330008,168.5511924175393,175.53228759765625,8034700.0
2021-01-07,178.23962170543535,178.71045046954075,174.0292287815616,175.8673095703125,5297500.0
2021-01-08,175.523242504376,176.7999292655422,173.2324322114056,175.89447021484375,3186600.0
2021-01-11,173.44972907147476,176.9810275679238,172.3179052872683,175.53228759765625,2540800.0
2021-01-12,176.27475133364592,179.28088184278965,175.0342769259202,178.86436462402344,2466100.0
2021-01-13,179.9961559081561,181.245693522875,177.28884283120573,177.37033081054688,3154700.0
2021-01-14,177.56055447496516,179.1994334147883,176.89050969377647,178.73764038085938,2486600.0
2021-01-15,177.16209823587783,177.207373945792,172.834005639255,176.2204132080078,3317100.0
2021-01-19,176.8575988223837,178.5143085672157,176.08387220231037,176.6482391357422,2361200.0
2021-01-20,175.37386043243885,176.5025943168327,173.3348362278353,175.0825653076172,2501100.0
2021-01-21,175.09169249720912,176.33876687292909,172.99805374336216,174.946044921875,1951200.0
2021-01-22,173.72627728062133,175.5195231143438,172.32444367866424,174.71847534179688,2027000.0
2021-01-25,173.46231132418214,174.1996331675948,170.19442157610226,170.53121948242188,3837100.0
2021-01-26,170.76787959935993,172.41547786750988,170.06696279438899,170.41287231445312,2506000.0
2021-01-27,167.6729281664711,168.90180699475187,163.24898383026434,164.42324829101562,4095300.0
2021-01-28,165.90697736013115,170.77696182322867,165.04221752838268,167.80035400390625,3445400.0
2021-01-29,167.03572229136878,171.87839949025843,164.51425273060207,166.4349365234375,4541400.0
2021-02-01,169.27503393695804,170.03966290807944,165.68854209515598,168.1462860107422,2738200.0
2021-02-02,169.76655194171065,175.48308673505852,168.9837136667125,175.22821044921875,5265400.0
2021-02-03,173.78090244484036,174.34526947071365,172.09688524285855,174.27244567871094,2979000.0
2021-02-04,174.77311593160942,175.32838524093924,173.13461519180672,174.4545135498047,2253800.0
2021-02-05,175.2464512572093,176.89404964640767,172.96164814955821,175.68338012695312,2240000.0
2021-02-08,177.50395573196863,179.8160524284877,177.20356275550196,179.734130859375,2725700.0
2021-02-09,179.81602787026821,180.83554707562666,177.40380051104148,179.57936096191406,2331600.0
2021-02-10,180.68988822775017,181.79132892237732,178.65086383384912,179.97987365722656,2816400.0
2021-02-11,179.86154091510835,180.61707212145834,176.94865872116242,180.55335998535156,2178200.0
2021-02-12,180.21652006033406,180.9265345501295,179.10598172712258,180.2256317138672,1804200.0
2021-02-16,181.8277244266381,186.77051897928197,181.3634884284,184.2217559814453,3722700.0
2021-02-17,184.23084732695835,184.69508330902184,181.8641230374654,184.14892578125,2290400.0
2021-02-18,183.46626887086433,184.67693853020617,180.76274600183024,181.98251342773438,2345800.0
2021-02-19,185.01371137489605,192.48708806638624,184.51305648745085,191.07615661621094,4937300.0
2021-02-22,190.8212495272028,199.2321947214666,190.5572615883269,198.494873046875,4578300.0
2021-02-23,199.8330084199873,200.93444914874874,194.14378002491702,200.4246826171875,4125100.0
2021-02-24,200.63404892018445,206.33237487298476,200.15160348101963,202.50921630859375,4925000.0
2021-02-25,203.55604348778002,204.26605810590826,200.00597039713878,201.9175567626953,4313000.0
2021-02-26,200.943555822937,202.44550662993908,196.45589893300485,196.51051330566406,4461300.0
2021-03-01,199.63272152433095,202.60932933781265,199.2595048547171,200.04234313964844,2871200.0
2021-03-02,199.06834510674767,199.66001920185084,195.71852078310997,196.4558563232422,2854300.0
2021-03-03,193.10607813662136,198.03067789574476,192.9877377334406,195.62754821777344,2664000.0
2021-03-04,195.23609994981604,197.22960770838523,189.76534318178145,193.67953491210938,3568400.0
2021-03-05,195.10864809476865,200.97083056905126,192.52346634825773,200.40646362304688,3602300.0
2021-03-08,201.14381216484026,204.17503477023473,198.63145386465402,201.69908142089844,3048700.0
2021-03-09,201.51699858436288,202.3817584066215,196.74714513663636,197.34793090820312,2902400.0
2021-03-10,198.19447076083046,202.12687135839383,197.7029276309926,201.22569274902344,2435800.0
2021-03-11,202.9916437714234,203.53781518499076,199.48707396208417,200.04234313964844,2960000.0
2021-03-12,199.3505581518448,208.47153278380353,198.5495103684429,208.4533233642578,4756500.0
2021-03-15,208.33497445757175,211.0020917784623,205.56774005756495,210.03720092773438,4215300.0
2021-03-16,207.28817881387337,210.46504900028816,204.60286574681894,206.1412353515625,3539200.0
2021-03-17,207.66138685713824,213.27779131619815,206.75111033755542,212.66790771484375,3518500.0
2021-03-18,213.00468360435522,216.44552738217138,209.12691103134293,209.98255920410156,4336200.0
2021-03-19,208.22573445073542,209.04497768613055,203.94743798531925,205.076171875,7485100.0
2021-03-22,206.2868649874645,206.79661762735492,203.51053265308153,205.74070739746094,2211600.0
2021-03-23,202.13599793201595,205.03068443275092,197.2113987197342,198.6678466796875,4017600.0
2021-03-24,200.72509288514874,206.73292414528535,200.72509288514874,201.3804931640625,4258000.0
2021-03-25,199.55989459111098,204.78488621402659,196.65611060461862,204.12948608398438,2901800.0
2021-03-26,206.04106692733419,209.2179226466477,205.00335239583003,208.90843200683594,3040100.0
2021-03-29,207.63406116861148,211.04759781283647,207.27905391320073,209.5638427734375,3003200.0
2021-03-30,210.45591215987298,213.66008914839284,210.40129779530602,212.167236328125,3139100.0
2021-03-31,213.32329149376739,215.74461629322522,208.31677102157474,211.0657958984375,4512300.0
2021-04-01,210.5469420218838,213.91496205069623,207.16981033931052,211.8577423095703,3787100.0
2021-04-05,213.9149885492164,214.51577440378048,211.52095678584948,212.74073791503906,2323400.0
2021-04-06,211.63926642034988,215.44421516677903,209.57293506983507,209.94615173339844,2614500.0
2021-04-07,211.1477324294257,213.17764503318764,208.77191032835572,209.73680114746094,2449600.0
2021-04-08,209.48190294118706,210.3193555247005,206.78747880707496,209.8004913330078,2158900.0
2021-04-09,210.54699588725333,211.3662393317908,207.12434672938917,210.0463409423828,2482900.0
2021-04-12,209.6366945140533,210.54697107391482,208.38960618203475,210.2101593017578,1688200.0
2021-04-13,212.46764735460857,212.54956890845008,207.58856461765245,208.7719268798828,2286400.0
2021-04-14,208.99947725197455,213.20494998163787,208.95396065179784,211.71209716796875,2491000.0
2021-04-15,212.23095068560573,212.49493863674007,210.03719497740252,211.65748596191406,1860200.0
2021-04-16,213.5690778420503,214.7706495445701,211.4299363021537,212.42213439941406,2128400.0
2021-04-19,212.00342064929507,212.1854870862787,209.28170242684965,211.5391845703125,1712600.0
2021-04-20,210.18281637821195,210.5469352740753,205.35836254303462,207.2062225341797,2815800.0
2021-04-21,206.9240840889743,211.7394412080185,205.74072172697072,211.6029052734375,1977700.0
2021-04-22,212.32197033305812,212.48581341802014,208.24393594954353,208.35316467285156,2410700.0
2021-04-23,209.72477480912076,211.81872460407436,208.37147968420533,210.4105682373047,3458300.0
2021-04-26,210.8311895849351,212.91600044333708,210.2734103845072,210.82203674316406,1864800.0
2021-04-27,210.57514251783533,211.0963521970785,208.5543457868282,210.62086486816406,1959300.0
2021-04-28,210.35570566595138,213.7115198123548,209.74306521494614,212.4130859375,2965300.0
2021-04-29,214.8819313721426,215.06480682110777,204.09211245316857,207.99656677246094,5442400.0
2021-04-30,206.213532222889,208.83783081886926,205.62832234234799,208.58180236816406,3953500.0
2021-05-03,210.30996467747795,211.16034175049475,207.7588195059258,208.63662719726562,3182900.0
2021-05-04,207.56678898888248,213.96752697532378,206.0580491873648,213.42803955078125,4040700.0
2021-05-05,214.53447169844105,218.84126064688897,212.00161796889526,217.51539611816406,3690600.0
2021-05-06,217.62508100217423,220.34996256348438,215.79629880887865,216.7747039794922,4527000.0
2021-05-07,215.46714748824115,221.1820926388507,213.1994611591801,220.35914611816406,3327900.0
2021-05-10,222.65426172801241,224.73907259021001,221.82216237048982,221.8404541015625,3752900.0
2021-05-11,218.33832493536025,222.18791794386848,216.2900836684043,218.81381225585938,3163100.0
2021-05-12,220.6151843805181,222.40738344625026,216.19867289692297,217.0033416748047,3668500.0
2021-05-13,215.83290424902745,220.3591520930383,214.48876194946126,219.51791381835938,2228100.0
2021-05-14,221.28269012777182,222.5171239388249,219.5270605415544,221.4929962158203,2041600.0
2021-05-17,221.95931059245532,224.43730277120036,220.47798745631283,223.83380126953125,1998400.0
2021-05-18,223.83383848122418,224.51963195099518,218.91442281243613,218.9692840576172,2436200.0
2021-05-19,215.88775625236937,216.78385567331796,212.0838857170138,216.59182739257812,3143100.0
2021-05-20,217.14964341521878,217.25937985962793,212.6782704875341,214.87281799316406,3339200.0
2021-05-21,216.34499639993712,218.90528098726998,214.89110356694613,216.93020629882812,2479100.0
2021-05-24,217.34164774006422,219.18872188079027,215.99749155256836,218.58522033691406,2372700.0
2021-05-25,219.0058218697164,221.18207729691704,216.47296840045556,216.86614990234375,2265700.0
2021-05-26,217.0856499021375,218.9967244411439,216.36327293504604,217.35997009277344,2070000.0
2021-05-27,220.82548053992133,222.53538766356618,218.47548839763675,220.6243133544922,3594700.0
2021-05-28,221.2003678423834,221.52039637540395,218.34745794866095,220.44142150878906,2290700.0
2021-06-01,223.1205890843126,223.96182730419142,221.10893125829787,221.97760009765625,2476000.0
2021-06-02,222.26106379042852,224.11727671092257,220.0939472746657,222.61767578125,2348500.0
2021-06-03,221.67583880267662,225.34255622732576,220.24939084747712,222.9651336669922,1923200.0
2021-06-04,224.13559809133648,225.57119917501515,221.5753135322353,223.12977600097656,1837900.0
2021-06-07,223.15716668902942,223.41319509912137,218.19201540599227,219.2344207763672,2330700.0
2021-06-08,218.9052581928576,220.56031806429974,215.8511947870528,219.60020446777344,2212300.0
2021-06-09,218.5395124938695,218.71324906674636,214.37902944459432,214.56190490722656,2919600.0
2021-06-10,215.92434909253222,216.39068360686247,206.26837973049436,206.40553283691406,6281800.0
2021-06-11,206.92671779164627,208.40802697378282,201.19348143661537,201.80612182617188,8734900.0
2021-06-14,201.23005424113865,202.96739173431237,197.1427249451712,200.2607879638672,7213300.0
2021-06-15,201.065499060152,201.87930674553837,197.74625423146773,200.6723175048828,5055900.0
2021-06-16,200.26084475377445,200.60831793194583,198.14860296542673,198.56922912597656,4156900.0
2021-06-17,198.3954515185783,199.58416281957827,190.083639205301,191.51922607421875,7995300.0
2021-06-18,188.5291607885013,193.6771874326815,187.90738150311273,190.979736328125,7156400.0
2021-06-21,193.4394438211616,196.80439643851,193.30227678194828,194.95733642578125,5633900.0
2021-06-22,195.21341300924843,196.4386940613298,193.10115728498295,194.8842315673828,3776400.0
2021-06-23,195.31399404187675,198.21261288921,194.3813109767949,195.4877166748047,3283400.0
2021-06-24,198.00226290283706,202.930830877738,196.8958573720953,200.56256103515625,6827600.0
2021-06-25,202.24507363100096,202.76628340165965,196.84103131538353,197.7919921875,11274200.0
2021-06-28,197.92000061233531,198.22175142557293,195.27741022641055,197.7554168701172,3172000.0
2021-06-29,199.3738761379606,199.97737775432375,196.21922889243197,196.68557739257812,3443400.0
2021-06-30,196.2466509935304,199.29157561385753,195.73459411188446,198.9989776611328,3249500.0
2021-07-01,200.39797040000977,200.97402734433254,197.6456440729604,198.15771484375,2426300.0
2021-07-02,199.02636711446885,199.6755769720864,197.12443198141196,199.1177978515625,2433600.0
2021-07-06,198.79781097895287,198.93496408956887,193.24744922763108,195.24082946777344,4348100.0
2021-07-07,194.48190147577978,196.6490045440395,193.08288380481403,196.31068420410156,2707700.0
2021-07-08,192.02211146793206,195.58823081419385,191.958097400243,193.95147705078125,3723800.0
2021-07-09,197.4170671807967,199.87678189920572,196.04548029268787,198.80694580078125,3163800.0
2021-07-12,197.52676060706273,200.20591971456614,196.45692474160057,199.8675994873047,2509000.0
2021-07-13,200.21509613184833,200.29738798830516,196.3197808295347,196.76783752441406,2373300.0
2021-07-14,196.83183529564496,197.1793083998632,193.13770116304212,193.52174377441406,3185200.0
2021-07-15,192.27819579889862,195.12195321645262,192.13188984659595,193.31146240234375,2737500.0
2021-07-16,194.27155721502723,194.49100216972508,189.28811409706293,190.14764404296875,4368800.0
2021-07-19,185.94651728688402,187.3070751813935,183.15184190491712,186.69114685058594,5391100.0
2021-07-20,186.65431672654802,191.79320477606308,185.983232909356,191.17727661132812,3934300.0
2021-07-21,191.87595496886,193.93518834669936,190.82795539874974,193.72373962402344,3407300.0
2021-07-22,193.97194683790124,194.32128469063608,191.7104667832893,192.2804412841797,1931500.0
2021-07-23,192.5930123804978,193.39279748968858,191.0853635845333,192.62059020996094,2302600.0
2021-07-26,192.90555971188803,194.95560510356157,192.59300164381042,193.99952697753906,2157600.0
2021-07-27,190.78194595096468,194.0270673323559,190.2947190485378,192.96067810058594,2472000.0
2021-07-28,193.05262737812382,195.52554184939547,191.30596636041568,194.3764190673828,3246900.0
2021-07-29,196.7298434811173,197.19868058161293,192.76766990585494,195.4060516357422,3419700.0
2021-07-30,191.12211359609617,191.82997722452913,186.75544661084615,190.06492614746094,5834900.0
2021-08-02,191.21406021970694,193.88001987143357,188.41019739658623,188.60325622558594,3977100.0
2021-08-03,188.74112704725448,192.39993026283875,187.0128417973601,191.67369079589844,3580500.0
2021-08-04,191.41629348869998,192.67572767317915,187.87698941645237,188.014892578125,2948700.0
2021-08-05,188.6859652835488,190.9014774264087,188.1803484419906,190.4694061279297,2685800.0
2021-08-06,192.14252330688328,193.41115938806715,190.8922771184729,191.53579711914062,2677100.0
2021-08-09,190.56134363143843,192.94233695417452,189.4857662743936,192.0322265625,2747200.0
2021-08-10,193.05265369057827,197.55720999907325,192.09658957768147,196.79420471191406,4193600.0
2021-08-11,198.32020633811354,204.60821699066017,197.25383103540946,203.7716522216797,7794100.0
2021-08-12,204.3048748163309,205.70219823913826,200.83911603346473,202.46627807617188,4444500.0
2021-08-13,202.135308766751,202.75123692640835,200.15880906326885,200.9310302734375,2049400.0
2021-08-16,199.81866663977289,200.40701695413946,197.04238201852218,200.1404266357422,3132500.0
2021-08-17,198.77070586319567,198.9269849115998,193.585863325876,196.21505737304688,4022800.0
2021-08-18,195.35089015300824,196.31615618041656,192.79524198284392,192.8779754638672,2947700.0
2021-08-19,191.3703217381165,192.09657523644657,186.8106101133594,187.95053100585938,4788100.0
2021-08-20,188.84227553943907,190.5337812279248,187.15995778509128,188.40101623535156,2765500.0
2021-08-23,190.52458114025632,192.82282699237038,189.21917917954104,192.26205444335938,2827400.0
2021-08-24,192.82283548988113,196.0587697199284,192.62058872379194,195.4336395263672,2485900.0
2021-08-25,195.96683153386846,198.29265528403064,195.0291432703129,197.4285125732422,2599800.0
2021-08-26,197.19867656812124,197.19867656812124,193.49390547959666,194.1925811767578,2513900.0
2021-08-27,195.13024435531057,196.75740620932694,195.09347859681802,195.6542510986328,2511400.0
2021-08-30,196.01278201398625,196.49082105122798,193.78808184116932,194.3856201171875,1922100.0
2021-08-31,194.22936321720755,195.16705150508884,193.4387660386763,193.85244750976562,2857900.0
2021-09-01,193.85242394714626,193.96274927943898,189.93621832152968,191.17727661132812,4122900.0
2021-09-02,192.05981668106844,195.76458804599437,192.05981668106844,194.6890106201172,2921600.0
2021-09-03,194.10982803219494,195.6266786248532,193.0526406112278,193.3927764892578,2512000.0
2021-09-07,193.08943449216085,193.3652268243903,191.07618272986159,191.42550659179688,2641100.0
2021-09-08,190.40505897612545,191.324357274044,188.2447163924442,190.08331298828125,2603100.0
2021-09-09,189.83512916154282,191.35196598699014,188.3642460365058,188.84228515625,2777900.0
2021-09-10,190.38664523490286,191.10369664244084,188.2906466548109,188.46530151367188,2551200.0
2021-09-13,190.44184347295925,191.0853494919402,187.4724997975384,189.55931091308594,2699100.0
2021-09-14,189.41222163753145,189.4673913202999,185.36731459869603,186.0016326904297,3757600.0
2021-09-15,185.85452821019828,189.9178248507453,185.5787359257295,189.12722778320312,3342700.0
2021-09-16,188.8698525508009,189.73399528695543,186.45210730924424,187.16915893554688,3120100.0
2021-09-17,186.27740517333245,186.86575548051016,183.3540295023653,183.62982177734375,6351100.0
2021-09-20,177.47976715935707,178.33472206338269,173.26937832249658,175.42054748535156,9151100.0
2021-09-21,176.50526461991194,177.1579725517507,171.89038346103797,174.5195770263672,5699900.0
2021-09-22,176.50528367949957,178.80352956074304,175.73307642997287,175.90774536132812,3924400.0
2021-09-23,177.3418523016067,181.65336391048555,177.28669664366984,180.75244140625,3367800.0
2021-09-24,179.86071838995485,181.8280163178039,179.19882244905426,180.93630981445312,2199500.0
2021-09-27,181.65336962462402,185.6890890433872,181.65336962462402,183.85968017578125,3033100.0
2021-09-28,184.04352012968974,185.5971365287179,182.71054037644433,184.3652801513672,3247500.0
2021-09-29,184.30093487924384,184.9260650704722,181.74528651079572,181.9015655517578,2954700.0
2021-09-30,182.59100380425633,182.82082835401596,176.16511837049904,176.47767639160156,4978100.0
2021-10-01,177.33264339976316,180.06296057981677,175.8066188228432,178.64724731445312,3695500.0
2021-10-04,179.02416883062952,180.09974623547942,176.88220195473224,177.54409790039062,2864600.0
2021-10-05,177.20394782783197,178.71159658567956,175.33777326864808,176.96493530273438,3074600.0
2021-10-06,174.6666611525277,176.86378332908805,172.64420788150025,176.37655639648438,3777700.0
2021-10-07,178.09566538323352,180.54100236032957,177.98535407001646,179.95265197753906,3510500.0
2021-10-08,179.99859811496958,180.71564961965066,179.0241442253967,179.41024780273438,2713200.0
2021-10-11,180.49503227036294,181.25805157399407,177.1303969875691,177.32345581054688,2015200.0
2021-10-12,176.79946408843372,177.95777495095058,174.28058157833635,174.5931396484375,4706700.0
2021-10-13,175.12631800272192,175.81579169564603,172.57066996980683,173.6922149658203,3253200.0
2021-10-14,177.93019573457838,179.0793186545545,177.06605305437563,178.64724731445312,5212900.0
2021-10-15,180.14571990376882,183.3540623292037,179.53897959566387,182.95877075195312,4736300.0
2021-10-18,181.45111124454473,182.64618786731901,179.76879359528957,182.18653869628906,2809400.0
2021-10-19,182.57264237052289,185.22021185440084,182.44394117358004,184.90765380859375,2626900.0
2021-10-20,184.9260446782154,188.6216136502508,184.3468822752251,187.71151733398438,2936000.0
2021-10-21,185.3305504019594,185.97405643256343,183.62065493356624,185.82696533203125,3071300.0
2021-10-22,185.4664540840074,187.04714030133977,184.135352870429,185.47569274902344,2632400.0
2021-10-25,186.05807959355522,187.93455851219522,185.34630735050186,186.91775512695312,3294700.0
2021-10-26,187.4168728661752,187.45384162880234,184.3849265568253,184.5420684814453,2933600.0
2021-10-27,185.1059797872592,185.27236041450024,181.10343680889213,181.2975616455078,3406700.0
2021-10-28,182.43448347523136,189.03451436616996,182.14792974445646,188.655517578125,4462700.0
2021-10-29,192.26057736274782,193.88747072830745,187.8698003140734,188.58155822753906,4292200.0
2021-11-01,188.84041327014486,191.2345533473165,188.39671757023152,189.84799194335938,3215200.0
2021-11-02,190.18995669677562,192.09416494204615,187.64792811395117,191.4563446044922,3429600.0
2021-11-03,190.66141826478193,190.95722478042035,186.55720864653145,188.1563720703125,3137000.0
2021-11-04,188.57235622119256,189.39504877972897,187.28747651505518,188.193359375,2543500.0
2021-11-05,189.94040726121742,193.08328801395413,189.70931371049403,190.31016540527344,2591300.0
2021-11-08,199.56318411066945,200.0993229430495,195.27408755646286,198.04721069335938,5944700.0
2021-11-09,198.90684794529454,199.2673674499591,193.15725298266048,193.94296264648438,3310300.0
2021-11-10,193.4438300750555,194.07239788191066,190.81859612129682,191.0404510498047,3261800.0
2021-11-11,192.158927990715,194.52532386796895,192.158927990715,192.759765625,4819800.0
2021-11-12,193.51775351194004,194.75641161302744,192.5471577353324,193.4438018798828,2018000.0
2021-11-15,194.11859614443597,194.75641664568366,191.12361844046802,192.0017852783203,2392600.0
2021-11-16,192.26985960101194,192.43624020919307,189.7370688727588,189.8942108154297,2138000.0
2021-11-17,189.49677229771223,189.6724057092984,185.66062376874152,187.62953186035156,3135700.0
2021-11-18,187.89753677843817,188.30426365982257,185.48491969098075,186.18743896484375,2119900.0
2021-11-19,185.72528140499992,187.57402999247336,184.56057487263132,185.28158569335938,2980100.0
2021-11-22,186.25215193381615,189.0622431342246,184.95801966527756,187.07484436035156,2596500.0
2021-11-23,187.69417065738892,190.02359742352428,186.34457821614345,189.80174255371094,3127100.0
2021-11-24,188.2580671232276,192.5101803002926,187.72192835430442,191.41018676757812,3880500.0
2021-11-26,185.79923078748115,186.21519639365087,181.74122825139065,183.70089721679688,3496000.0
2021-11-29,186.01180268132052,186.26138764637773,178.6630311509778,181.10337829589844,4559900.0
2021-11-30,179.18071759990045,181.898380399885,177.0639065801923,178.727783203125,6358000.0
2021-12-01,182.6378561253109,183.42356573239826,176.88824747302732,176.98992919921875,3425300.0
2021-12-02,177.7664152145293,182.67484037584475,177.30422807534958,181.90760803222656,3445700.0
2021-12-03,182.72104388313912,184.31096861343906,180.93700847224102,182.84121704101562,3250900.0
2021-12-06,184.4866110589352,187.88830146502752,183.34038193262248,186.05804443359375,2838400.0
2021-12-07,187.9160234979581,190.61520855390012,187.7126741519326,189.02528381347656,2818000.0
2021-12-08,188.95134930912985,190.60597305850447,188.2118470667106,188.74798583984375,2341200.0
2021-12-09,187.74041579261146,189.46899112634136,185.68830382949076,188.69252014160156,1646600.0
2021-12-10,189.86643985004702,190.3286269130752,186.82525518144666,188.0731658935547,3315200.0
2021-12-13,188.40596782458218,188.80344198475714,185.29081698733017,186.0303192138672,1868500.0
2021-12-14,184.87485015716234,188.55385572593698,184.68997812797153,186.3908233642578,2248800.0
2021-12-15,185.79925724238768,187.27826194694734,183.617733060821,187.23204040527344,2193700.0
2021-12-16,189.4967156634872,192.4824404536128,189.17317904359263,190.57823181152344,2856800.0
2021-12-17,189.45052786846955,189.72784300564433,186.0118540191036,186.14126586914062,6079600.0
2021-12-20,182.61013088284326,182.61013088284326,178.4596855368285,180.67819213867188,3605100.0
2021-12-21,182.1017397528124,183.96897981536696,181.86140750905096,183.3126678466797,2303400.0
2021-12-22,185.78075784429822,188.01774213808818,185.64210733005172,186.86227416992188,3558700.0
2021-12-23,188.03622799230678,191.62280497255952,187.91605481363857,190.60598754882812,2669600.0
2021-12-27,190.3656424427355,191.2530338573174,189.62614019402906,190.77236938476562,1711200.0
2021-12-28,190.5874747362821,192.510174855158,190.55050597267154,190.99420166015625,1393000.0
2021-12-29,190.67069343936458,192.77826574403767,190.49506006316972,191.65052795410156,1334900.0
2021-12-30,191.65050866821124,193.11102162795683,190.35637629769718,190.4950408935547,1465900.0
2021-12-31,190.60596307460042,192.02950728503814,190.11604586193624,191.10513305664062,1374500.0
2022-01-03,191.6505194454069,192.82447871982663,190.23622793808312,191.34547424316406,2055600.0
2022-01-04,192.52868370576397,202.36402598118732,192.21439981973307,201.58755493164062,5242300.0
2022-01-05,201.6799362065976,206.46820142276826,201.6799362065976,203.13121032714844,5378200.0
2022-01-06,204.73967136468374,205.86740915328107,201.5690601412177,205.2018585205078,3913200.0
2022-01-07,205.67329397497338,208.88087411501468,205.42370894978527,207.23548889160156,3673400.0
2022-01-10,207.93798771203035,208.67748994364973,203.92620679439736,204.87831115722656,3734900.0
2022-01-11,205.21110179419634,205.294292098953,200.21023327071842,203.31613159179688,2944300.0
2022-01-12,205.3220173858353,206.7732918240013,203.42706133270457,205.58084106445312,2506900.0
2022-01-13,206.03376819000124,210.6464005999825,205.8026746362817,209.83294677734375,5002300.0
2022-01-14,207.72537562921335,212.27329509427008,206.67158958371036,211.62623596191406,3970600.0
2022-01-18,210.48926325104392,213.00354819371617,209.7035395093872,212.48590087890625,5411900.0
2022-01-19,213.32188269703474,213.46120595698812,205.2129288092291,205.89100646972656,4991700.0
2022-01-20,205.35227913787406,206.0860719751609,200.67081888365814,201.21885681152344,3545600.0
2022-01-21,202.0362408897754,202.0362408897754,197.30834905849764,198.8595428466797,3754700.0
2022-01-24,196.13800564573037,199.67695861834662,191.95813725162802,199.08248901367188,5107300.0
2022-01-25,196.9925508149984,201.40463403025902,192.36683385467316,199.06390380859375,4554300.0
2022-01-26,199.704784540893,203.3087637927055,197.14113752544316,199.0452880859375,3558500.0
2022-01-27,199.89989798060773,202.3985186144022,195.19985609398566,197.07615661621094,3678100.0
2022-01-28,190.9642368713919,193.20279185164296,182.7995674327474,186.84939575195312,10747300.0
2022-01-31,185.26106795216748,187.25812485017414,180.83040312803195,187.22096252441406,6179000.0
2022-02-01,186.51498896390638,191.14998876146393,186.27347642491725,190.74130249023438,4026400.0
2022-02-02,188.74425295428927,191.15929339255092,187.07230297189824,190.3604736328125,3492300.0
2022-02-03,190.4162205821967,191.22432390970798,185.85551648276444,186.3199462890625,2748200.0
2022-02-04,185.96696333182592,186.7100395796258,182.51160492112703,184.29501342773438,3930800.0
2022-02-07,184.69444369451017,187.19307834348763,183.9420696689939,185.604736328125,2402000.0
2022-02-08,186.0134159181297,187.91758090744335,185.05669167672374,187.1652069091797,2407100.0
2022-02-09,188.22408759828977,189.58022869793817,187.71321204111842,189.1157989501953,2743700.0
2022-02-10,188.15909011193307,192.0417163157754,187.2209328742725,188.62351989746094,3538500.0
2022-02-11,188.94861312587594,190.09110643509445,185.89267135906917,186.9237060546875,3826700.0
2022-02-14,186.65432764541993,187.35097232250405,184.01636986978002,185.66973876953125,2730500.0
2022-02-15,186.42210029468396,189.9053234473248,185.78118496687463,188.93931579589844,2752600.0
2022-02-16,188.66069012273041,190.8063537152493,188.558514991026,189.15298461914062,2253900.0
2022-02-17,186.70074815390518,187.40667622862722,180.60743247192883,180.88609313964844,4699600.0
2022-02-18,179.60428153692723,181.70349899863808,177.57936036606773,178.29458618164062,4385200.0
2022-02-22,178.29460107565237,181.03473411771256,176.99420327804606,177.6072540283203,3488000.0
2022-02-23,178.0809566428879,178.63827805028052,173.111552308999,173.3902130126953,3550400.0
2022-02-24,169.08031642145363,172.0898267091268,166.88820713930795,171.55108642578125,5919500.0
2022-02-25,171.78327905070793,174.56055989860488,171.0216074537557,173.75245666503906,3594600.0
2022-02-28,171.225948635644,175.34080339385858,170.6036145012138,174.23545837402344,5168500.0
2022-03-01,174.41193191979085,174.82991581133427,167.78915992259567,169.8233642578125,5110600.0
2022-03-02,172.0247565369923,179.79002161983541,171.8389874932751,178.90760803222656,5849900.0
2022-03-03,179.56714247208683,182.5952196285576,178.65684987049872,180.98829650878906,4429700.0
2022-03-04,177.5050792750672,182.06576924332882,176.77127223730932,181.7406768798828,4334700.0
2022-03-07,180.93253995146412,189.02291261973244,179.84577601213343,182.7066650390625,6912300.0
2022-03-08,189.36660246354128,199.60263924281378,188.5584991455078,195.06051635742188,9318600.0
2022-03-09,197.4477124022264,198.40443675534297,192.69194112039014,194.85618591308594,4798300.0
2022-03-10,194.4938874315798,202.04551959694146,193.36996121598054,196.72314453125,4886300.0
2022-03-11,197.1968617529698,202.27772401864104,197.1968617529698,199.546875,4045500.0
2022-03-14,200.9123299373629,202.93723701807522,197.7820635157368,200.11351013183594,3530700.0
2022-03-15,200.74510535130517,201.91547736157153,195.5342031257371,201.06092834472656,4364200.0
2022-03-16,202.02697154067798,203.87540732519867,197.2154854124436,200.70799255371094,4378700.0
2022-03-17,200.00200280697683,206.00242629380188,199.09171043575594,205.92811584472656,3600400.0
2022-03-18,203.86613540940846,205.92820520291596,202.49142693816182,205.1944122314453,4105100.0
2022-03-21,205.27796559580042,210.8975688460865,205.26868210245013,207.79518127441406,2902200.0
2022-03-22,208.49182197042063,209.78293618505668,205.59377052073322,206.86631774902344,2461500.0
2022-03-23,205.9188669800169,208.78903946350096,205.9188669800169,206.36471557617188,2001700.0
2022-03-24,206.70841244552722,208.99341333422146,205.75168817612573,206.4019012451172,2110900.0
2022-03-25,206.29039152888467,207.87874742215953,205.40797788740767,207.4700469970703,1581100.0
2022-03-28,206.52265230167978,206.83846118281028,203.45741260536826,206.06752014160156,3072500.0
2022-03-29,205.0922072734409,205.6773791971933,201.1352562147326,205.31512451171875,3667800.0
2022-03-30,206.20680624888035,209.81078559624444,204.99928608033633,207.20997619628906,2507400.0
2022-03-31,207.3307605416673,209.1698986076688,206.60623700380978,206.968505859375,3152100.0
2022-04-01,208.38964597445124,209.4764099485283,202.649286578115,204.13546752929688,2618300.0
2022-04-04,203.5688735338859,205.6030783275711,201.19099522331655,205.1014862060547,2181300.0
2022-04-05,204.34909384960338,206.55048637062725,199.83483602763127,200.65223693847656,3582100.0
2022-04-06,199.81625245922325,201.6832691377744,198.3579504044376,200.82872009277344,2783300.0
2022-04-07,200.1320699596015,200.9215920142803,198.36722844220546,200.54075622558594,2253600.0
2022-04-08,200.43858691577526,202.37991405841333,198.80379928471973,201.5903778076172,2450200.0
2022-04-11,201.59037783639852,203.1973008163162,200.4014388003209,200.6800994873047,2494700.0
2022-04-12,200.12280000002994,203.86610309185284,199.68623484977311,201.28387451171875,2508200.0
2022-04-13,201.49750487266527,204.05186875552403,201.00521042183067,202.7421875,1898900.0
2022-04-14,204.2655005644323,212.91318043297417,203.0579803530707,211.60348510742188,5337900.0
2022-04-18,211.7799612517543,217.7060892643334,211.7799612517543,213.56336975097656,3644000.0
2022-04-19,213.86988750718214,216.36852168541276,211.38055099430738,215.64401245117188,2689400.0
2022-04-20,216.93516914396523,219.55454592711627,216.03417417015464,218.3563232421875,2907700.0
2022-04-21,220.36262864824258,220.97566513477736,215.17029337132408,216.0248565673828,3571400.0
2022-04-22,213.16891499356743,214.46622090272334,201.2225070133873,201.87582397460938,5053700.0
2022-04-25,200.95185474915095,202.52915784228188,195.59464097868602,202.24916076660156,4145500.0
2022-04-26,201.71720939595406,203.64916244956476,195.38934004616485,196.27598571777344,4176700.0
2022-04-27,197.03192854853842,201.17584518565292,193.47600431678916,199.69187927246094,3358300.0
2022-04-28,193.59731173013668,198.75855113333486,188.5294236625288,198.27322387695312,6092800.0
2022-04-29,198.5159007835159,202.7251563736011,196.14528930060442,196.49993896484375,3404000.0
2022-05-02,195.995965670424,198.58124977657724,193.8120140422805,197.9279327392578,2639500.0
2022-05-03,197.76924093559788,200.99851380555307,196.73326177339686,199.37454223632812,2121100.0
2022-05-04,200.61583498877815,208.39967008011874,199.57052789965067,207.74635314941406,3023700.0
2022-05-05,207.569061268057,208.26904688057235,199.514569837426,201.530517578125,3005600.0
2022-05-06,202.53848300044245,202.53848300044245,196.32262206244982,200.3358612060547,2268400.0
2022-05-09,197.8905523037809,197.90922257000986,191.74001689608838,192.5333251953125,2929900.0
2022-05-10,194.35331344104887,195.54795422761478,187.96010681316403,189.4534149169922,3040400.0
2022-05-11,191.85201144204234,195.7252728421119,190.0133818388899,191.52536010742188,2552400.0
2022-05-12,190.03206173722998,191.64669094952484,186.00948072604777,189.49073791503906,3282000.0
2022-05-13,191.469319918503,192.69197295623778,189.38803413699566,190.70401000976562,2323800.0
2022-05-16,191.34804704916237,195.25863512635715,190.09739542149418,193.3733367919922,2540800.0
2022-05-17,198.60921277249773,199.5145284495156,195.19328027413584,198.87986755371094,2275900.0
2022-05-18,199.57989685475488,203.36915007141855,193.6813587601869,194.07334899902344,4723300.0
2022-05-19,192.13205359195058,195.32398631094395,188.258805523547,192.97203063964844,2887700.0
2022-05-20,192.68271136718468,192.85071532656139,181.10027887002457,184.6282196044922,5404500.0
2022-05-23,186.59748505421078,191.7867235206737,185.87884343597423,190.53607177734375,3246600.0
2022-05-24,188.5387424919587,191.9826731835733,187.86675532085144,191.93600463867188,2467800.0
2022-05-25,191.32937799894148,196.07994303965125,191.1613883077142,195.35195922851562,3080200.0
2022-05-26,197.4425855789447,199.39320848062667,196.36926590141627,198.78656005859375,2016000.0
2022-05-27,200.66254408580676,203.11716487996142,199.87856361053284,202.6598358154297,2020400.0
2022-05-31,200.4665162202252,203.54645539793506,199.25321936221889,201.45584106445312,3773500.0
2022-06-01,203.89180621267775,204.39578956463535,200.00921610715892,203.0611572265625,2314000.0
2022-06-02,204.94642413406507,206.1130666698816,202.76247272491455,205.32908630371094,1784100.0
2022-06-03,203.69580073184687,209.15569387064093,203.69580073184687,208.03570556640625,2222500.0
2022-06-06,208.03569624599476,209.77166095029241,207.42904780941572,208.71702575683594,1565400.0
2022-06-07,207.19572006767888,212.1142891216982,206.86905445215635,211.95562744140625,1799000.0
2022-06-08,210.26631521568504,216.85552434492143,209.64099651364015,214.47557067871094,4171300.0
2022-06-09,212.26360440392878,212.99160245406202,208.7076802048273,208.7543487548828,3045700.0
2022-06-10,204.86242880106107,205.53441603938896,200.67184369554994,200.83050537109375,2604100.0
2022-06-13,195.60395997504088,195.87461478293366,191.2360428230289,193.08401489257812,3559400.0
2022-06-14,194.1852975375194,195.743930120087,191.58135789149105,192.9066619873047,2359000.0
2022-06-15,193.64401149464143,194.7359873166068,189.58410357829473,192.26271057128906,2343100.0
2022-06-16,187.66145708900078,187.82944677703014,180.36293460701154,181.80023193359375,4789900.0
2022-06-17,182.6308624328022,184.55350108541398,178.1416247217136,179.79359436035156,7226100.0
2022-06-21,183.95620132292692,185.1881684391802,180.94158674719634,183.27487182617188,2755400.0
2022-06-22,177.3296566987773,179.93359644415534,175.19237394471185,175.3043670654297,4008700.0
2022-06-23,174.1377360106167,174.74438444262282,164.28194198615182,166.75521850585938,6667900.0
2022-06-24,169.24716064299466,173.22308747493324,167.40853088783584,173.12042236328125,4868900.0
2022-06-27,175.53769702413703,177.40432500494506,173.42841253267082,175.0803680419922,3061100.0
2022-06-28,177.3016981951934,180.22297617337887,174.93107217239444,174.94041442871094,3327200.0
2022-06-29,174.82838232276848,175.06171081877392,169.9844804670965,171.24444580078125,2436900.0
2022-06-30,168.2392046324268,169.99383980289144,165.30859875225894,166.8392333984375,4197100.0
2022-07-01,167.35255815212182,169.22852871019498,162.13533546546546,166.40057373046875,3423100.0
2022-07-05,162.18198019398744,162.78862860656704,159.2233764786721,162.17263793945312,3724900.0
2022-07-06,161.91129626568255,163.0219421187642,158.0007086281895,160.81932067871094,3190600.0
2022-07-07,170.3298166372263,170.3298166372263,164.57127057274147,168.2578582763672,4677600.0
2022-07-08,168.21122109807015,169.1538775926838,164.62729784266944,167.15658569335938,2491100.0
2022-07-11,165.57923740700227,167.78185898005808,162.97528341516855,163.34861755371094,2773300.0
2022-07-12,163.08730190070955,165.42058702108645,161.09001040731664,162.85397338867188,2718400.0
2022-07-13,160.76336519714704,163.5633076969522,160.3993732418221,162.27532958984375,2389000.0
2022-07-14,158.43004416824067,159.3166895789606,155.93809761251092,158.6073760986328,2531200.0
2022-07-15,160.76334373937306,161.8179931640625,157.91673306293836,161.8179931640625,2282100.0
2022-07-18,164.38460273759407,164.91658432302344,161.19267050129267,161.920654296875,2476400.0
2022-07-19,163.43375750241347,168.8846851938687,162.4751569103122,168.6873321533203,2671400.0
2022-07-20,168.0200461120251,169.91847554105965,166.41297124293934,169.138427734375,2175900.0
2022-07-21,167.68168546158896,170.17220225457834,165.8584432100866,170.09701538085938,2214500.0
2022-07-22,170.56696776647684,171.79812267632246,166.66672832411936,167.86968994140625,1961500.0
2022-07-25,168.38659609368577,171.6101679337213,167.0708612653656,170.86770629882812,1845600.0
2022-07-26,170.25682175130828,172.5969510012899,169.71172754525222,170.32260131835938,1767700.0
2022-07-27,171.91089239723692,174.97468296409798,169.4673829350907,174.1006622314453,1856500.0
2022-07-28,175.60436748434438,178.11367079890914,173.11385013706794,176.53477478027344,2229200.0
2022-07-29,177.8034905267675,187.48358181809294,177.73769663465956,186.31820678710938,5188100.0
2022-08-01,183.33902353114746,185.32203279873505,181.76012763532188,183.13226318359375,3185100.0
2022-08-02,176.6851506642284,178.0666793193163,172.13645129095966,172.4653778076172,8193100.0
2022-08-03,172.28681964461865,174.27922201102473,170.6703373826705,171.8638916015625,4155900.0
2022-08-04,171.8544854868676,174.73970863622876,170.21920304251705,172.58753967285156,2478900.0
2022-08-05,172.5311614242162,174.89949816887858,172.20222058674588,174.2322235107422,1908500.0
2022-08-08,175.52915079927268,176.68511857034318,173.07623448380122,174.62692260742188,2655000.0
2022-08-09,174.7585228275897,176.57237247118456,174.0160755998723,174.83370971679688,2460000.0
2022-08-10,177.37120362197797,179.99329435970475,176.16824209356088,179.24143981933594,2304300.0
2022-08-11,181.22443909705112,183.80892907674593,180.35981144287777,182.3240203857422,2538900.0
2022-08-12,183.16045231180863,185.11526824581495,182.1360579206572,184.9930877685547,1864800.0
2022-08-15,181.76013196748949,184.67356286850912,181.4500057791991,184.1566619873047,1752400.0
2022-08-16,183.5645825145685,186.45919867311662,183.2168413838842,185.63217163085938,1959300.0
2022-08-17,183.26382729975265,185.04946911162904,182.20183232697505,184.13784790039062,1576200.0
2022-08-18,185.19043439760654,185.73552848225984,183.49876557289463,185.47238159179688,1750900.0
2022-08-19,183.51760298798973,185.35023861018175,182.1454673470163,183.82774353027344,2003600.0
2022-08-22,181.48759699200318,182.2582375027845,180.02148851845067,180.21884155273438,2008900.0
2022-08-23,181.14927124022825,186.21487155887982,180.89551727297507,185.34085083007812,2444900.0
2022-08-24,185.66975947321157,186.72234717613307,181.80712111428772,182.47439575195312,2503200.0
2022-08-25,183.72433831635527,186.93850212512655,182.85971071344875,186.91030883789062,1888700.0
2022-08-26,187.39899442832575,188.31061558639047,180.1906193625089,180.3691864013672,2560400.0
2022-08-29,178.5648017972559,181.54401282217898,177.62498705095456,180.2376708984375,1996600.0
2022-08-30,179.97451764302565,180.4068387210455,173.4803945307558,175.68896484375,2691200.0
2022-08-31,175.39762798905255,176.74155617215064,173.39581802133057,173.5931854248047,2656600.0
2022-09-01,171.3000110709637,172.1834390889876,169.26061511084376,171.45977783203125,2686200.0
2022-09-02,173.72471352357206,174.561147842737,169.02564109221152,169.9466552734375,2185400.0
2022-09-06,171.8921020088145,172.60637035501492,168.78131766230032,169.78692626953125,2141700.0
2022-09-07,168.33017811670587,170.89586772369893,167.46555048498303,169.974853515625,2166900.0
2022-09-08,168.86588674679095,172.24922516923272,167.36219193493162,172.12704467773438,2245700.0
2022-09-09,176.26222195365906,178.33920408126357,175.95208143089712,178.08546447753906,2279600.0
2022-09-12,179.36362656524577,181.1022750138221,179.13806589313273,180.82032775878906,1937200.0
2022-09-13,176.54416023565673,178.6117492754697,172.45596140886533,173.2172088623047,2207500.0
2022-09-14,172.85069778701597,173.99727273481386,170.9240750081469,173.53675842285156,2295000.0
2022-09-15,173.55554844631425,175.31299703771182,170.7454978242915,171.5067596435547,1933100.0
2022-09-16,169.1666339334313,169.48616746693494,167.070851317244,168.6685333251953,5088300.0
2022-09-19,166.58214326621203,171.7323234263426,166.15922955054808,171.14964294433594,2923700.0
2022-09-20,169.72109698451214,169.84327745835742,165.69869207479883,167.277587890625,2512400.0
2022-09-21,168.4899469267371,169.6271288119928,161.53532517659008,161.60110473632812,4061900.0
2022-09-22,162.30596536267703,164.1104075271933,160.04100891902706,160.28536987304688,2508400.0
2022-09-23,158.50912694489264,159.242181153596,151.99620459472732,154.3551483154297,4047200.0
2022-09-26,154.12959030403482,155.86825300400326,152.4567215077256,152.8326416015625,3213400.0
2022-09-27,154.56189668435326,154.66527685143518,150.93421219461163,152.66346740722656,2753500.0
2022-09-28,154.59950898277555,158.33996725165753,153.69728061448356,157.66329956054688,3694800.0
2022-09-29,155.72724689282282,156.56368115497634,153.69724429913674,155.9152069091797,3518100.0
2022-09-30,155.90583498875344,157.68208391307385,154.02620589040671,154.20477294921875,2963000.0
2022-10-03,157.35312546277646,162.93562555415343,156.05619128165407,160.92442321777344,3444700.0
2022-10-04,163.8096949298809,169.34520259633223,163.72511505382496,168.81890869140625,4008200.0
2022-10-05,166.48815222744662,169.41097623469003,166.05584553800287,167.64413452148438,3067400.0
2022-10-06,166.7325135718469,170.08764427594357,166.2438059588273,168.04824829101562,2415000.0
2022-10-07,166.084057291671,168.18924741214693,164.59914832371493,166.86410522460938,2759200.0
2022-10-10,168.98805981624142,170.25681525404096,165.47316241331603,167.9166717529297,2633900.0
2022-10-11,166.17799128013792,172.06122433907134,166.03701051402325,168.931640625,2542400.0
2022-10-12,168.67794651593908,170.21924212502321,168.0200790621413,168.69674682617188,2260800.0
2022-10-13,163.29275779075996,173.8186765759488,162.315357089888,172.11761474609375,3745900.0
2022-10-14,172.6909119050922,173.23600602814776,166.84526465146493,167.46554565429688,2830200.0
2022-10-17,171.32817871955058,173.21720061931836,168.41474816089047,169.91845703125,2940000.0
2022-10-18,173.7717319609654,174.36381980977023,170.0218804930262,172.50299072265625,2674000.0
2022-10-19,171.92965934282785,174.5235420858893,171.04623145731568,173.31118774414062,2088700.0
2022-10-20,173.43337636373323,174.56116533260152,169.5989454951379,169.6741180419922,2953900.0
2022-10-21,170.04311564777754,180.14750482881539,169.55115240241352,179.96774291992188,3483800.0
2022-10-24,178.48235050308833,181.78425563874612,178.2931327635145,180.98953247070312,2919500.0
2022-10-25,180.03395774190585,185.123997186424,178.73780107714902,184.33872985839844,2545000.0
2022-10-26,187.61224181313185,188.8232525887559,184.08328140149558,186.34446716308594,3546000.0
2022-10-27,198.82357880803985,205.42738944200443,196.19341310527972,200.70632934570312,7872200.0
2022-10-28,201.04687823703173,207.66959893189866,199.826411775273,207.51821899414062,5161000.0
2022-10-31,203.7338725981775,207.07361595195988,203.42165678992714,204.79351806640625,3786100.0
2022-11-01,206.84652402281796,207.64124715689877,205.03000781503857,206.72352600097656,2717500.0
2022-11-02,205.87200050460302,209.7510138022997,202.3997900953487,202.97691345214844,3150000.0
2022-11-03,200.13864864060795,209.83620566847193,199.96835700763367,207.44256591796875,3570400.0
2022-11-04,211.94600375904508,217.34824394885513,211.54864222080582,215.569580078125,4973800.0
2022-11-07,215.71152699022207,216.7806282129321,210.66879526286468,216.2886505126953,3405600.0
2022-11-08,216.28861418820782,220.09195240963243,214.45317200084403,217.42393493652344,3676600.0
2022-11-09,213.885542180186,216.79007129121308,212.9299687766864,213.38409423828125,6248300.0
2022-11-10,219.70407695114977,220.05413050067523,214.13152991668625,219.9216766357422,4590800.0
2022-11-11,220.44202199048962,225.55097294876137,219.49591889181798,223.74392700195312,3585400.0
2022-11-14,223.28032066554903,226.92282319672398,221.86116608504767,223.7533721923828,3217700.0
2022-11-15,224.3210629883482,226.49708868762093,220.20550850489363,221.9463348388672,3371000.0
2022-11-16,221.38812465463053,222.01255616326122,218.3984354039632,219.89328002929688,3062000.0
2022-11-17,215.4749544202945,218.10511955863683,213.35567854086204,218.0199737548828,3256900.0
2022-11-18,218.40793786605244,219.3445708306642,215.36148429037186,218.9566650390625,2868700.0
2022-11-21,219.07015902352606,221.07589282326845,215.9669422465566,219.65673828125,2522600.0
2022-11-22,221.38815135643796,224.68058648826778,220.78264587890158,224.47244262695312,2523300.0
2022-11-23,224.82251172977536,226.71471816086682,222.91137919218397,224.15077209472656,2311300.0
2022-11-25,224.2264580414046,224.69005380576328,222.5140135619655,222.99652099609375,1034800.0
2022-11-28,221.33137852317674,222.29640780148435,219.089118623604,219.77976989746094,2862100.0
2022-11-29,220.72585378933206,223.02487736861872,219.07017338179415,222.44775390625,2277900.0
2022-11-30,223.18573680068593,223.99938612173924,218.3511489211554,223.6682586669922,3850000.0
2022-12-01,224.13185264610215,224.22646874502306,219.439188641977,222.98707580566406,2504700.0
2022-12-02,221.2840442597195,225.6171980095055,221.0002104542705,223.4033203125,2218300.0
2022-12-05,222.1449924645609,223.1951673964916,219.7418827041781,220.03518676757812,2064500.0
2022-12-06,220.0541010326766,220.48931477996945,213.40299786402767,215.98585510253906,3633800.0
2022-12-07,214.76537675542215,217.4523057575856,213.61112996332358,216.63865661621094,3044000.0
2022-12-08,218.4646805181957,219.9689810529212,217.16850939374197,218.47413635253906,2189400.0
2022-12-09,219.49591629839986,220.2622574894473,214.94516275738005,215.03976440429688,2257000.0
2022-12-12,215.2857267795319,220.82042031400792,214.7842933764867,220.49874877929688,2709200.0
2022-12-13,225.00225837867555,225.09686003197547,219.6189291377879,222.79783630371094,2945200.0
2022-12-14,223.33706857138048,225.3806544859284,220.55552348264348,221.84222412109375,3513800.0
2022-12-15,219.64730409594924,220.37579310511842,215.44660392774242,218.2281494140625,2953200.0
2022-12-16,216.30756564332592,220.65017559371194,215.758824089441,220.1771240234375,7610700.0
2022-12-19,221.29350547266864,224.16019666097733,218.4835781595522,219.77027893066406,2622400.0
2022-12-20,219.91218432509942,223.0154010199997,219.36344285099815,222.46665954589844,2649900.0
2022-12-21,224.85086030070278,228.87179837001554,224.85086030070278,228.7014923095703,4143600.0
2022-12-22,227.20666499640922,227.82164070384343,220.47987104322368,224.73733520507812,3129900.0
2022-12-23,224.1791377458727,227.5756445781347,223.75339421709248,226.94175720214844,1959900.0
2022-12-27,227.71754238893234,231.84255220958414,226.79982128771397,230.03549194335938,3381500.0
2022-12-28,230.0355226298248,230.67888028802167,225.43746067708184,226.47817993164062,2270000.0
2022-12-29,228.2095253558413,228.58796080512272,225.42798005082324,227.2539520263672,1652500.0
2022-12-30,226.4876322146481,227.21613568141566,224.88871558334782,226.64846801757812,1521100.0
2023-01-03,227.70807034050924,227.70807034050924,223.46953280811925,226.00509643554688,2651900.0
2023-01-04,227.0647396608207,229.0799438449544,225.69289307931402,228.3514404296875,2387900.0
2023-01-05,227.5661613783732,228.52172024462837,224.75623421538074,227.3296356201172,2355900.0
2023-01-06,229.79895335793685,236.44060035218737,229.18399219248542,235.4471893310547,3945100.0
2023-01-09,235.5891739459868,237.44354273774178,232.74140825348175,233.32798767089844,3417100.0
2023-01-10,233.6401607516809,237.32050128196195,233.16710919541654,237.00828552246094,3011900.0
2023-01-11,237.93546296777757,238.3138984159683,233.8104530623959,237.21641540527344,2402400.0
2023-01-12,238.41796649826387,243.50800548203722,237.48131928992146,241.322509765625,3881500.0
2023-01-13,242.95925063534042,244.64331290211297,241.4738763602149,244.52978515625,3067800.0
2023-01-17,244.9082243756172,246.4598472537277,242.1456196077838,242.44837951660156,4100100.0
2023-01-18,243.4133982559822,244.9555508896177,238.4842093140424,239.19378662109375,3361400.0
2023-01-19,238.11008367020662,238.84206141241933,232.23528888335193,233.61367797851562,4885200.0
2023-01-20,234.6783396884025,237.5777185776487,232.6725412934061,237.3780975341797,2964100.0
2023-01-23,238.36676223889853,241.15205782218732,236.95985579941345,240.220458984375,2610200.0
2023-01-24,240.39154864333184,246.25682750380437,237.41611876943108,244.887939453125,3505100.0
2023-01-25,241.96006287288458,246.38993276829737,241.7604418226463,245.67697143554688,2424900.0
2023-01-26,247.1599325101861,249.3083319761255,244.2035333963405,249.17523193359375,2677200.0
2023-01-27,249.49839736192723,252.90161520664475,249.1751917527891,251.47569274902344,2783000.0
2023-01-30,250.33497423099186,251.91299876109136,248.40522675939175,248.58584594726562,3426900.0
2023-01-31,244.30807664679435,244.67883045466922,234.24106638606807,239.83067321777344,10992100.0
2023-02-01,239.31735750590394,240.22043897280363,233.19539378551104,237.21649169921875,6022000.0
2023-02-02,237.01683493557925,237.20695503071832,229.85870528960487,232.80560302734375,6130300.0
2023-02-03,231.95009114564647,238.55686338173967,231.12306062626982,235.52439880371094,4134700.0
2023-02-06,235.85714330426688,239.6881214884046,235.75257504964023,239.00367736816406,3528800.0
2023-02-07,238.17662856774064,239.5550176332339,233.23343269222906,237.33058166503906,3467900.0
2023-02-08,235.84762661550747,239.13674694083963,234.87799509241424,236.57958984375,2300300.0
2023-02-09,237.65379760332675,239.5265106888599,233.35701288119233,234.1175079345703,2464900.0
2023-02-10,234.11747317635806,236.3514243442608,232.5584650757476,235.43882751464844,2820300.0
2023-02-13,231.47480196778432,236.11380880084732,230.6667732430094,235.89515686035156,3068100.0
2023-02-14,234.81145232654146,235.09663978394087,229.7161543395081,232.29232788085938,2512900.0
2023-02-15,232.14020086729107,236.48451876846607,231.2181030743772,236.41796875,2398200.0
2023-02-16,234.32661046853678,236.25635786491773,232.4443967258333,234.3456268310547,1934900.0
2023-02-17,235.61946750230794,238.47131290199445,233.49959981667368,235.55291748046875,3759300.0
2023-02-21,232.42538020665515,235.75253288855,227.90995870979782,228.8225555419922,3105900.0
2023-02-22,229.27886324315512,230.26749658620994,224.7444250567277,226.14183044433594,3145200.0
2023-02-23,228.78454211776193,228.9366440201651,223.96493094040295,226.19886779785156,3219000.0
2023-02-24,223.61322474988233,225.0011294192446,221.51237313692687,224.50680541992188,2105500.0
2023-02-27,227.29210007951463,229.33591695703703,226.93086166190653,228.12863159179688,1720900.0
2023-02-28,229.0412337277123,229.1933356443685,226.92136584580138,227.71987915039062,2647700.0
2023-03-01,230.05837986290143,237.36861308866892,229.64012135833173,236.3894805908203,4117700.0
2023-03-02,234.33611895481963,240.02080759653902,233.97489508673715,239.72610473632812,2676500.0
2023-03-03,239.92577391196707,242.78712049174362,237.56825223651597,242.70156860351562,2314700.0
2023-03-06,243.0247662187481,243.07229987904066,239.1557699589097,241.43724060058594,2317100.0
2023-03-07,241.50379036199757,242.16921808965589,233.80380157059494,233.9844207763672,3018400.0
2023-03-08,235.7430819040486,238.7089968528736,234.5643137679896,236.43702697753906,2068600.0
2023-03-09,236.6556162257585,237.77734953899522,228.7274901086314,229.06021118164062,2518800.0
2023-03-10,224.63987270711576,226.36999931141713,214.64891230527027,215.7991485595703,5767500.0
2023-03-13,211.58791107530632,217.0539479100372,210.59926324661453,213.60321044921875,4885100.0
2023-03-14,217.6813480372545,218.25170837070579,211.22666365022263,214.52529907226562,3754900.0
2023-03-15,208.5649400543469,210.25703371445894,202.07225190646724,206.53062438964844,5471700.0
2023-03-16,205.01911908775458,208.9546642961552,202.78518271764938,207.90899658203125,3555000.0
2023-03-17,206.66372373389328,206.66372373389328,200.98855023985047,204.39175415039062,7203000.0
2023-03-20,206.6161953940913,210.91296515255726,205.78915040311003,209.4300079345703,3464200.0
2023-03-21,212.99484824350046,214.83904412898548,212.56707428676899,213.8123779296875,3074600.0
2023-03-22,214.050011309296,215.3998830799298,209.00224719013244,209.08779907226562,2930200.0
2023-03-23,209.6201628563443,214.1736180115875,206.85388351205287,208.60301208496094,2957400.0
2023-03-24,206.14091185960422,206.69225591082866,202.61412308636915,206.29299926757812,2976800.0
2023-03-27,204.3156898580876,208.1466819317317,203.35557386009214,207.2340850830078,3209500.0
2023-03-28,207.37669924072154,209.66768534472962,206.95844073880897,209.28744506835938,1802000.0
2023-03-29,211.74001265421506,212.1963038408749,210.56124470800563,211.98716735839844,1857300.0
2023-03-30,213.93593383025464,215.16222094227976,212.92828413249663,213.45111083984375,1921100.0
2023-03-31,215.2002975712238,217.7479396282835,213.79337647485153,217.53880310058594,2746700.0
2023-04-03,218.65098409955132,222.30135727732534,217.55778248579574,218.5178985595703,2242500.0
2023-04-04,217.59576619054442,218.15664006063673,205.57049232594122,206.7112274169922,4282100.0
2023-04-05,205.52298868485934,207.1200296497111,201.1026341221319,202.98484802246094,4265300.0
2023-04-06,202.1673326400126,202.48103739632546,198.6215420090456,198.84017944335938,4180100.0
2023-04-10,199.83831385961392,205.4184200330097,198.982766044406,204.88607788085938,3839000.0
2023-04-11,205.49447116160297,211.89210693282428,205.49447116160297,209.70570373535156,3882000.0
2023-04-12,211.17915068166604,212.19631585906853,209.0307656552805,209.6106414794922,2385100.0
2023-04-13,209.07829449701697,211.2076631097952,205.96027802381818,210.7228546142578,2909100.0
2023-04-14,211.97767842633723,214.67742198261877,210.50422203649273,212.6335906982422,2246900.0
2023-04-17,213.89790996109073,215.71358838123672,213.22298132663477,214.11656188964844,1751800.0
2023-04-18,214.4207437512945,216.2649394015343,212.99482107392177,214.07852172851562,2567100.0
2023-04-19,213.69829556035035,214.03100217051252,211.42632585828343,213.55569458007812,2078400.0
2023-04-20,211.43582988532745,213.14694013700296,210.0194080232,211.29324340820312,2826800.0
2023-04-21,210.91092976756204,211.2167848581654,207.88112387314294,210.52862548828125,2712500.0
2023-04-24,210.77710117050017,213.79735426656154,210.77710117050017,213.54884338378906,2790700.0
2023-04-25,212.52618878257758,213.3577085973275,208.61707144384465,208.96115112304688,2505600.0
2023-04-26,208.1009463430334,210.6433120722533,206.56214756839748,206.62905883789062,3254700.0
2023-04-27,201.17157768257283,206.5239251062899,195.01638252049023,204.851318359375,7711100.0
2023-04-28,203.8095186754887,210.80578589145182,203.58012736625423,209.12362670898438,4669500.0
2023-05-01,209.6397479193098,212.14388908798009,206.9540216966742,207.6613006591797,2876400.0
2023-05-02,207.50833540439163,207.50833540439163,201.27667758299054,205.635009765625,2858000.0
2023-05-03,206.10333251953125,209.47721730093645,205.35782914247102,206.10333251953125,2635100.0
2023-05-04,206.49523233679506,207.33630458534836,200.0724219050812,201.07598876953125,3211000.0
2023-05-05,204.14400455510295,206.14157105745699,203.00662982789564,205.57766723632812,2716600.0
2023-05-08,206.86797708876662,208.46411984913823,204.18225123396292,205.2909393310547,2414100.0
2023-05-09,204.2873751715397,205.8643982533167,202.57652957511996,204.04843139648438,4111900.0
2023-05-10,205.90263078816363,206.4378771154833,200.89437840342785,203.74258422851562,2446100.0
2023-05-11,199.75702301699312,200.98041414435068,199.2026716336635,200.74147033691406,3263300.0
2023-05-12,202.34719279344313,203.15004053582058,198.73434878479762,200.2731475830078,2172600.0
2023-05-15,201.00909930235068,203.87642517799785,199.90039646361342,201.9457550048828,1925600.0
2023-05-16,200.76060175136786,200.9708734810165,197.89327589322113,198.03663635253906,2771500.0
2023-05-17,200.02463187344443,204.3829644342326,199.4224888330293,202.7199249267578,2897400.0
2023-05-18,201.66856001574772,206.1224757892345,200.93260905445308,205.2240447998047,2643600.0
2023-05-19,209.7544382448014,210.16541459310469,203.53233216814758,205.28140258789062,4402100.0
2023-05-22,204.77484080858054,207.55615019789596,202.5192107068634,204.78439331054688,2540600.0
2023-05-23,203.7712685095153,205.74016307635276,202.00309315043012,203.30294799804688,2298300.0
2023-05-24,202.44272674505092,203.08309432825698,199.96727267326082,200.42604064941406,2964000.0
2023-05-25,200.41648093287054,202.42359987126127,199.3746895850413,200.6936492919922,2243600.0
2023-05-26,202.37586809547597,203.84775564651503,200.9135330472452,202.43321228027344,1973900.0
2023-05-30,201.84059381216778,203.47497577315042,199.0401795586597,200.61720275878906,2885900.0
2023-05-31,199.88125081490702,201.45827389225582,196.50736588731698,196.65072631835938,5937000.0
2023-06-01,198.49538729928378,201.25759163852297,196.92791654861279,199.8239288330078,2989100.0
2023-06-02,205.44389775558037,217.70649660091922,204.54546664041843,216.60736083984375,8358200.0
2023-06-05,216.95140970422963,216.95140970422963,210.9873674312545,212.6313018798828,3438400.0
2023-06-06,212.04827691769518,218.17479917428525,211.65640560316774,216.6551055908203,3230100.0
2023-06-07,217.73515274813622,225.90703387900143,216.27281781338877,225.1328582763672,5586400.0
2023-06-08,224.1674981972987,225.83055221545197,221.49133943333453,224.08148193359375,3546800.0
2023-06-09,225.27620134465576,225.381337195171,221.19503734516414,224.63583374023438,2488500.0
2023-06-12,224.82698830582194,228.32512891495344,223.00146882184026,227.37890625,3644200.0
2023-06-13,229.46249396090744,235.7706010410458,229.0801751601902,234.58544921875,4335100.0
2023-06-14,235.88531283977292,237.33809516916392,230.88661282726724,232.55921936035156,3122400.0
2023-06-15,233.20913437561165,237.39543415955288,232.7121272188402,236.71682739257812,2743900.0
2023-06-16,238.37033057582715,239.79444088319443,234.1362534129674,234.42298889160156,5261200.0
2023-06-20,231.6129907023713,232.46362999095376,229.91171212520632,230.48516845703125,2979800.0
2023-06-21,228.27736721607613,234.41344283996597,227.50319156307688,230.8006134033203,2892500.0
2023-06-22,229.60589423318592,230.32272570193473,225.51517715157732,226.8437042236328,2421600.0
2023-06-23,224.07191467285156,225.42911355202767,221.05166188506618,224.07191467285156,3354000.0
2023-06-26,225.04683628450638,229.02285005522347,224.73142871664203,226.47093200683594,1748300.0
2023-06-27,226.97747240226903,230.1888774028092,224.91300921789897,230.04551696777344,2283000.0
2023-06-28,228.7074079188331,231.3453564208081,227.34065658197392,231.17330932617188,2200100.0
2023-06-29,231.24025174440968,235.94266392796118,230.6954528859389,233.43853759765625,2070000.0
2023-06-30,235.6655100203441,236.0095751091863,233.10402477072654,235.1685028076172,2377900.0
2023-07-03,235.072886636238,237.40498025045966,234.42296655829207,236.39186096191406,1045700.0
2023-07-05,234.16492143839594,236.5543594122571,233.32383460472573,234.00244140625,1820600.0
2023-07-06,232.01442960207592,233.08489315829166,228.27734507311058,229.94039916992188,3079700.0
2023-07-07,229.567650857382,236.8411008152662,229.49118709022753,234.3369598388672,2903900.0
2023-07-10,233.69657569856392,238.33209099025908,233.29515188731992,237.80641174316406,2771900.0
2023-07-11,238.7908474834279,243.21609086329073,238.7908474834279,241.66773986816406,3293300.0
2023-07-12,244.19102770459688,246.2459532747267,240.3201349645599,242.38461303710938,2986200.0
2023-07-13,243.30210615735382,245.1180730065614,241.5626030659194,244.54461669921875,1949400.0
2023-07-14,245.1372284032782,245.1372284032782,241.72510401404054,244.31524658203125,1936800.0
2023-07-17,243.02497231718507,247.4024246296963,240.8649109591845,246.07388305664062,2674500.0
2023-07-18,246.23636745934803,252.47757829835504,245.56731315755977,252.14305114746094,3832400.0
2023-07-19,249.8666680901605,252.5368802573135,249.44404205112417,252.3735809326172,2771900.0
2023-07-20,253.7375266878701,254.9189333053944,250.15481966556686,250.77914428710938,2102300.0
2023-07-21,251.41308126571258,251.42269572996676,247.34053490712327,247.47499084472656,2249900.0
2023-07-24,248.0993089097606,252.07582777036887,247.9072248164865,249.12705993652344,2195300.0
2023-07-25,249.82822727434484,253.45894765869994,249.1942882469319,251.7108154296875,2016600.0
2023-07-26,250.24127635174338,252.17190780142747,247.0908096691763,248.11856079101562,2622800.0
2023-07-27,248.74285771482428,250.7887452655054,246.67777054889737,248.09930419921875,2284400.0
2023-07-28,249.6649636526585,252.59453212147486,248.76208333111043,250.1452178955078,2101200.0
2023-07-31,252.37360042897467,254.73644305711008,251.3266497144253,254.6980438232422,3568700.0
2023-08-01,261.97865535096906,277.3756031987339,259.8175115396412,277.250732421875,11823200.0
2023-08-02,276.386324438661,282.2742463095614,274.7918767906154,276.21343994140625,6288300.0
2023-08-03,274.2635276251909,276.5687415098685,269.950825749134,270.3350524902344,4743500.0
2023-08-04,272.01599549954926,272.3041362997779,264.48558371314545,265.52294921875,3888200.0
2023-08-07,266.1760591567152,270.824915876736,264.9946526909957,270.52716064453125,2438200.0
2023-08-08,267.0213011368172,272.7363371127216,263.92846331086656,271.71820068359375,2519500.0
2023-08-09,273.41832781467247,275.78117029845265,272.669132426528,273.29345703125,3088600.0
2023-08-10,273.2550660570076,276.29989103620466,270.0853995896141,272.6115417480469,2647100.0
2023-08-11,272.7268184559875,274.74389240972937,271.4493255832457,273.9562683105469,1874100.0
2023-08-14,272.8420459470849,274.3212372650592,270.1622189874676,273.3031005859375,2194000.0
2023-08-15,271.3628419989039,271.47812763754644,266.1088595031179,266.4162292480469,2593600.0
2023-08-16,266.06084616321874,270.5848328489935,263.25614853364846,263.669189453125,2831300.0
2023-08-17,266.0800176172694,268.51010261641994,263.81323193817076,264.3031005859375,2534700.0
2023-08-18,262.22840210220187,264.80255752463137,260.40341273099705,262.9871826171875,2533000.0
2023-08-21,263.8996850283839,265.3308331759614,258.1846482773353,261.9786682128906,2207400.0
2023-08-22,263.12168056097573,263.3041795069053,259.0203201344548,259.5293884277344,1668800.0
2023-08-23,259.6253908085302,262.9487707472116,258.4823835467251,262.2475891113281,1677800.0
2023-08-24,260.8740732631528,263.8420405419404,258.56885908968934,258.6648864746094,1433600.0
2023-08-25,260.7972665307133,262.8143403140623,258.2134962299404,261.79620361328125,1291700.0
2023-08-28,262.69907668753183,266.06085646232657,262.25725098174325,263.9381408691406,1550700.0
2023-08-29,264.1397749329966,269.0671870608194,262.6317699102246,268.97113037109375,2065800.0
2023-08-30,268.97114046688426,272.60186070065544,268.75982746651084,271.1802978515625,1431000.0
2023-08-31,272.4386260254826,273.56240447723366,269.74918482545627,270.0277404785156,2579000.0
2023-09-01,273.5527772351969,275.73315003634673,272.4481984512417,274.9455261230469,2336600.0
2023-09-05,275.03204418888816,277.9808127886418,270.2679294773695,270.508056640625,2515600.0
2023-09-06,269.3457414579878,273.2357882191263,268.0202353579299,271.727783203125,1688900.0
2023-09-07,269.8356332236799,272.28494737132417,266.68516666382806,270.3158874511719,1593200.0
2023-09-08,270.4503105447642,272.19844256602005,268.0970536459671,271.13226318359375,1240100.0
2023-09-11,273.3222623677714,273.74488840011713,268.8943328042989,270.911376953125,1515300.0
2023-09-12,269.19210134745606,273.4663462636086,268.76947529424496,270.6808776855469,1587300.0
2023-09-13,269.14402759715216,271.5741124693578,262.24758490842805,265.0234680175781,2119300.0
2023-09-14,267.9818376343001,271.99675562194807,266.8580299338662,271.4012451171875,2660500.0
2023-09-15,270.73849956274574,270.73849956274574,266.377783194396,268.12591552734375,4940900.0
2023-09-18,268.0394544781871,271.5837325906745,267.8377559346601,269.84521484375,1363200.0
2023-09-19,269.0191793770304,272.304130997628,266.6851510034529,268.6253967285156,2313500.0
2023-09-20,270.38315302757263,275.28175242625264,267.09820093525485,267.6072692871094,2380300.0
2023-09-21,265.30202761329934,265.30202761329934,260.87409778138357,261.287109375,2277600.0
2023-09-22,261.26790610121975,264.23587361740323,260.8836792812526,262.27642822265625,1707800.0
2023-09-25,260.0576199982219,263.9764809312158,259.4044813947874,263.4385986328125,1257400.0
2023-09-26,260.4418848313239,262.6222579776658,258.5208677507869,258.8762512207031,1756400.0
2023-09-27,260.2977853689073,263.4002381602669,258.5688819142917,261.94024658203125,1991600.0
2023-09-28,262.68944286461914,267.26147240138795,261.46960770297477,265.3308410644531,1994700.0
2023-09-29,268.05868960691157,268.5101297581125,260.64356308206646,262.21881103515625,2257800.0
2023-10-02,261.87299938922985,265.8783026221121,259.5677559981291,260.98931884765625,1778200.0
2023-10-03,260.4994294508172,262.7758292711787,256.9743806535339,258.347900390625,2187900.0
2023-10-04,256.93599449502176,257.24336421499873,252.40239371872616,254.56353759765625,2970100.0
2023-10-05,253.4781617464345,255.43760709646602,250.14519641477662,250.50057983398438,2639300.0
2023-10-06,251.24014219546777,257.8196293663875,248.0704474813419,255.5336151123047,2293400.0
2023-10-09,255.53368285475167,260.88369278221,254.19856200477128,260.5859375,1640800.0
2023-10-10,261.8825888745497,264.2358459950879,261.0949650132999,262.42047119140625,2009000.0
2023-10-11,262.7278485288442,263.5731005691616,259.24119851872945,262.05548095703125,1538200.0
2023-10-12,262.98720987471154,262.98720987471154,255.67775441809505,258.9626770019531,1910500.0
2023-10-13,259.80789665108983,263.121662214661,255.59128019743855,257.3586120605469,1918300.0
2023-10-16,261.3735939036318,263.15054066497254,258.9338938674538,260.09613037109375,1678600.0
2023-10-17,257.973292749002,264.6776508828601,257.973292749002,261.882568359375,2110100.0
2023-10-18,257.89647154190527,258.3767256788548,248.53151587138916,248.9829559326172,4257100.0
2023-10-19,247.72472564539794,249.73218468945325,241.81759017537266,242.90296936035156,3850000.0
2023-10-20,242.63263491091712,244.73737039470214,239.59140564633478,240.59548950195312,3103500.0
2023-10-23,239.079719842776,242.92229240972236,238.04665823368305,238.78042602539062,3193200.0
2023-10-24,241.60923773376504,243.02848198711882,238.7128232953982,240.93341064453125,2304600.0
2023-10-25,241.24235710821165,242.11129029058637,236.0577799078866,236.4825897216797,2542400.0
2023-10-26,237.05221743609914,238.21078029567482,232.10900804488222,234.0592498779297,3859200.0
2023-10-27,234.65786381009832,235.49781934665907,229.64706409490458,230.32289123535156,3229900.0
2023-10-30,232.62070756570105,235.18886531342795,230.9214682826692,233.798583984375,4478300.0
2023-10-31,219.78958813974356,222.57980027506113,216.0339044734244,218.24484252929688,12093300.0
2023-11-01,217.33728678374902,224.6169353055057,216.1883733584013,223.82525634765625,4932800.0
2023-11-02,227.6581528322119,231.31728285596384,224.8389781892429,230.86351013183594,7749900.0
2023-11-03,233.1710088713673,235.80675658529483,229.9559871159486,232.437255859375,3929500.0
2023-11-06,233.17103560169028,234.53235406293064,228.19886286557744,230.0525665283203,2891500.0
2023-11-07,226.4802912210601,228.95189574007225,225.5051703742088,226.8085479736328,4074000.0
2023-11-08,227.85128548893235,229.57947307902523,226.35480164209005,226.7120361328125,2532500.0
2023-11-09,229.24154917021397,231.01801314691755,225.74654714814542,226.0651397705078,2708800.0
2023-11-10,227.21406248865145,231.85797811223904,226.51892182026347,231.40420532226562,2525200.0
2023-11-13,230.63182634669252,234.9088578295875,230.63182634669252,233.3254852294922,3035700.0
2023-11-14,238.23008389748352,240.93340694483297,236.24121503745354,239.3017578125,3441800.0
2023-11-15,240.90444450858382,244.19669101394052,240.0162125270042,242.42022705078125,3739900.0
2023-11-16,241.85060212922224,244.1870413081086,238.08526930620812,239.63967895507812,2625000.0
2023-11-17,241.45477807499805,245.48079269853176,241.3678891705591,244.33189392089844,2792500.0
2023-11-20,243.88775965162398,244.1677399085341,240.0741501191039,241.80233764648438,2661400.0
2023-11-21,240.82719599658944,241.223042818782,239.74587270857555,240.79823303222656,1765500.0
2023-11-22,233.48961084016318,239.079698759393,233.46064787535266,237.515625,3593700.0
2023-11-24,238.23009255760832,240.30585038925074,238.18181603623677,238.81903076171875,982200.0
2023-11-27,238.43284627290348,239.64933504997575,237.81494510697257,238.84799194335938,1743300.0
2023-11-28,239.1859115756879,240.2768843386661,237.51563529561304,238.95419311523438,2149900.0
2023-11-29,241.05892261131763,242.89332734280367,239.7362313400117,240.8368682861328,2224700.0
2023-11-30,242.37196202223453,242.81608540004356,239.28245612853968,242.06301879882812,3210500.0
2023-12-01,243.21194254698136,248.55099905860462,242.34300930978557,247.8944854736328,3731500.0
2023-12-04,244.81460815656408,246.70692399126625,243.70430712492532,245.953857421875,3028700.0
2023-12-05,245.01735900133446,248.31928453464383,245.01735900133446,246.37867736816406,2682200.0
2023-12-06,247.93307277653713,251.99772906062898,246.7455616722992,247.13174438476562,3632600.0
2023-12-07,248.3288971031881,250.42398306061872,246.97724300025686,248.52200317382812,2162500.0
2023-12-08,248.4930610773019,252.60597912375752,248.12617719058585,250.53985595703125,3258200.0
2023-12-11,250.86813234591727,253.18525825008217,250.53987554368058,251.91085815429688,2898300.0
2023-12-12,251.01291697427556,253.42659563886562,250.17296151321435,252.4031982421875,2375700.0
2023-12-13,252.37425219936435,258.96843925294473,250.32745726876317,258.7174072265625,3708300.0
2023-12-14,263.0427475118034,275.60351291150295,261.2083279125313,275.32354736328125,6464100.0
2023-12-15,270.42862584755585,276.94555974507387,270.31277395915055,275.8738708496094,7321200.0
2023-12-18,276.8392830798549,278.9054061921895,274.74422646549095,275.8448486328125,2691700.0
2023-12-19,276.897205162508,282.9121030135192,276.2793187443564,282.8445129394531,3659600.0
2023-12-20,281.85010462737534,287.9711907644761,279.5233146388171,279.7067565917969,3818400.0
2023-12-21,279.89014767249597,280.6915054190919,276.7041038983065,280.0542907714844,3209300.0
2023-12-22,280.2860277615022,282.7190053254325,278.9343735593187,280.33428955078125,2833800.0
2023-12-26,281.5218198108887,286.8319128470217,280.95219518449284,285.4223327636719,2019000.0
2023-12-27,285.4223404063527,288.820789433491,284.55342196085246,287.82635498046875,1876500.0
2023-12-28,286.84158581473713,288.8690818382248,285.81818839157836,286.6291809082031,2267400.0
2023-12-29,286.60021730287804,287.9422073509191,283.0762522620223,285.4609680175781,2300600.0
2024-01-02,283.29825946742454,286.397443805784,281.29009196462414,282.6031188964844,2433100.0
2024-01-03,278.43232465295404,278.95365802019325,273.5373773469226,274.4835205078125,3043400.0
2024-01-04,274.5897558195472,278.26819991721067,273.99116819729153,276.2214050292969,2995400.0
2024-01-05,276.3661875249402,280.95217666290864,275.6131210134698,278.9536437988281,2684800.0
2024-01-08,277.63099373664176,282.57420330813954,275.3910926921027,282.1590576171875,2369100.0
2024-01-09,279.2432918338358,282.26519243855864,278.05575145501155,282.1976318359375,1974500.0
2024-01-10,282.0624613620829,284.37958681078726,281.39628374430123,283.2210388183594,2048000.0
2024-01-11,284.4278916408749,285.39336307925953,279.4170925185508,281.9755859375,1941400.0
2024-01-12,285.0748075375247,285.6154693120954,278.95372072524765,280.38262939453125,1955600.0
2024-01-16,278.90543063803926,280.18949485643685,275.7386850808203,277.3124084472656,3140100.0
2024-01-17,269.2023844680179,272.28224067086853,267.377658795974,269.0093078613281,3789200.0
2024-01-18,270.35129088926345,272.7746335323069,268.0727925273357,272.1663818359375,2479300.0
2024-01-19,273.8347222485726,277.4816932259674,270.5660142117585,276.70574951171875,3116000.0
2024-01-22,277.5011319739333,281.85617337907104,277.5011319739333,279.993896484375,2072200.0
2024-01-23,281.7688681383389,284.0773407097461,278.8784229656797,280.1490478515625,1866300.0
2024-01-24,282.09864559469764,283.81543664737745,279.6737844240648,281.9434509277344,2765900.0
2024-01-25,285.1636507089196,294.1938306133404,284.31980382553144,291.73016357421875,4647100.0
2024-01-26,291.9532702822196,293.8737708890409,289.68360389253326,290.4304504394531,2920500.0
2024-01-29,290.03280510042117,294.5721680345928,288.51001467201354,294.13568115234375,2101400.0
2024-01-30,291.4780770233475,296.5411892939063,291.4780770233475,295.600341796875,2150200.0
2024-01-31,296.38591353134234,296.5604964169715,290.91541297880065,291.28399658203125,2813000.0
2024-02-01,294.1259652921924,298.8108138764113,292.8650492626823,298.4422302246094,3196300.0
2024-02-02,297.77293474619387,307.8312535714337,296.80299033333984,305.6197814941406,4661500.0
2024-02-05,324.8052958530729,324.8052958530729,306.41515722096494,311.7401428222656,6557500.0
2024-02-06,313.47635237510656,317.5889074131261,309.48018593622254,313.0204772949219,2825700.0
2024-02-07,313.23389133587546,317.9672254153498,311.44919693876125,313.8643493652344,3203000.0
2024-02-08,314.9118777439027,316.6189598484103,311.75955828001884,312.3221130371094,1986100.0
2024-02-09,312.3220907292706,312.64215935089356,306.0853554625815,307.6275634765625,2823000.0
2024-02-12,307.67608908653244,313.3793675294804,306.9971456911646,311.9632568359375,2483600.0
2024-02-13,306.29872551772195,306.5024055371007,301.44900391112225,303.4373779296875,2923200.0
2024-02-14,306.5121577136794,308.2968519647584,304.53346273081445,307.19110107421875,1887100.0
2024-02-15,306.45398505737234,313.49576219311723,305.97869211103614,313.3599853515625,2362900.0
2024-02-16,313.9903685354104,318.4327003848178,311.778896725599,312.2347717285156,2513200.0
2024-02-20,307.72464891451574,309.4123431322121,303.3404801553702,304.3104248046875,2701600.0
2024-02-21,303.4956003822119,308.2677399100662,303.4956003822119,307.6081848144531,1779700.0
2024-02-22,311.3521270351409,313.6508903398113,310.7119602312507,312.40936279296875,1875800.0
2024-02-23,313.2920435507731,315.30951489375536,312.37058452371735,314.1455993652344,1575000.0
2024-02-26,313.9224800188464,317.4045766507087,312.56456386162813,315.6004943847656,1650000.0
2024-02-27,317.152439990559,318.0932872705252,314.0388970618024,317.78289794921875,1640900.0
2024-02-28,317.55011391997726,321.7111541177367,317.1621124765224,319.6548767089844,1471000.0
2024-02-29,321.05164092298037,324.82473937039816,320.17869676199257,323.92266845703125,2699800.0
2024-03-01,323.9614300244739,327.61810976113765,323.5734581840363,326.5802917480469,1815500.0
2024-03-04,325.51339121934893,330.0333362955118,324.7277385155885,328.4717102050781,1551000.0
2024-03-05,325.33876332141233,328.80144232941024,321.76934543699144,323.50555419921875,2030000.0
2024-03-06,326.1438413285999,327.5793698588291,324.1166608557304,325.54248046875,1542300.0
2024-03-07,328.3358797258524,332.0507536565043,328.2582675996847,329.9944763183594,1732500.0
2024-03-08,331.7889283460799,334.14588642051905,327.93824742595683,328.9954833984375,2307400.0
2024-03-11,326.87129940088175,328.04492396819734,321.5657017547819,324.9023132324219,1868000.0
2024-03-12,325.20304274088426,328.2195860100899,322.7393750291095,327.1041259765625,1645900.0
2024-03-13,327.9770446114614,332.78796100189794,327.2495862427311,331.25543212890625,1818800.0
2024-03-14,334.19436175829753,336.41554292563245,328.7529873845873,331.6434326171875,2110200.0
2024-03-15,332.66181802260695,336.8519847579792,330.8965121849705,336.5415954589844,4406000.0
2024-03-18,337.6182608013435,342.7201782265779,337.4048718322178,341.3234558105469,2528200.0
2024-03-19,341.0325060979256,343.3603670732659,339.11200525308175,343.26336669921875,2207600.0
2024-03-20,340.56690415230173,347.4147098748172,337.6764885200681,345.7367248535156,2563900.0
2024-03-21,346.92003412176757,354.2237144286948,345.99857508157334,353.6029357910156,2616300.0
2024-03-22,353.6417304585873,354.53406272104917,347.1042851427724,347.3467712402344,2052000.0
2024-03-25,346.23136327015305,348.08396072536766,344.35937758202795,345.2517395019531,1774800.0
2024-03-26,345.746370925868,348.7823016197873,345.30020479204484,345.6784973144531,1637200.0
2024-03-27,347.9384829543535,353.8454412499394,347.12373314810264,353.69024658203125,2262800.0
2024-03-28,353.66112054250596,356.1829818893889,352.60388470407713,355.4167175292969,2028600.0
2024-04-01,356.435168229326,356.8716254362088,351.74064102417265,352.80755615234375,1953800.0
2024-04-02,351.42055786456206,354.0200017870105,350.6155170260229,353.86480712890625,1968900.0
2024-04-03,354.5049770638195,364.76700561722726,353.6417419210591,364.49542236328125,2623700.0
2024-04-04,366.02791631701143,369.57791640045343,357.79309776956694,358.6757507324219,2492200.0
2024-04-05,361.3043521463119,369.54888098723444,360.61569979005304,367.89996337890625,2068300.0
2024-04-08,367.7156189018533,370.5284814310705,361.6825929594477,362.2451477050781,2690000.0
2024-04-09,363.7582512993446,365.8242376309791,354.5243911620914,360.7223205566406,2042700.0
2024-04-10,355.19369841632965,361.4207257172978,353.4381011865896,360.88726806640625,2148500.0
2024-04-11,361.4303846945784,362.1481340748638,355.87259265433715,360.7999267578125,2535700.0
2024-04-12,357.5603812571011,361.6341306995914,351.7794902952883,354.6408386230469,2072900.0
2024-04-15,361.7601358375535,363.2053434087253,351.22652508290867,352.9724426269531,2171000.0
2024-04-16,352.1092394686113,352.5360174138942,346.44476717709597,349.0636291503906,2513900.0
2024-04-17,351.7503530864553,352.0025481185904,342.2740063525551,347.5505065917969,2313800.0
2024-04-18,350.295433013651,352.5554201636161,345.46512858562346,347.1722106933594,2380700.0
2024-04-19,348.7882239099497,351.3776847678423,342.8013267119976,345.2544860839844,2929600.0
2024-04-22,346.6562554957618,352.39978191122776,343.872087074359,348.1261901855469,2085400.0
2024-04-23,350.4528581759721,355.8264579730312,349.5183255391481,353.6166687011719,1810700.0
2024-04-24,354.29810511806585,358.4061924540831,349.3820126377048,353.8794860839844,3032700.0
2024-04-25,321.67677796158677,332.8717995062746,321.55996509878923,329.0362854003906,6459600.0
2024-04-26,329.46462625982457,336.3373937821569,329.3575279944079,334.27362060546875,3324600.0
2024-04-29,334.85768402007716,341.6428412729343,334.85768402007716,340.5233154296875,2171400.0
2024-04-30,337.81707584279616,338.5471859658534,324.2857075037865,325.697265625,4201700.0
2024-05-01,324.53880627448945,329.5230197219856,321.9688045047305,322.2900695800781,3520600.0
2024-05-02,324.6750944616648,327.2450963613905,320.5183448453551,326.544189453125,2492000.0
2024-05-03,329.12391791343913,332.5505575293422,326.0964087453279,327.8194580078125,1977100.0
2024-05-06,331.8301357140668,333.4655750475038,330.6911807065226,333.02752685546875,1653900.0
2024-05-07,335.33470368882564,339.2967749729483,334.29307281316085,335.85064697265625,1965600.0
2024-05-08,330.98323118877,337.0869406689559,329.75663676654654,335.3638916015625,2260300.0
2024-05-09,336.7462269165903,343.5216396446512,336.2692014976331,342.4508056640625,3208900.0
2024-05-10,345.58552607188915,348.02897126991473,344.1447644513191,345.381103515625,2210600.0
2024-05-13,345.3907388296272,349.0412893233518,344.9721495029949,347.22088623046875,2051200.0
2024-05-14,348.23329878575885,351.0466407959719,347.5615951473792,348.68109130859375,1563400.0
2024-05-15,351.8838602132951,353.6750600693517,348.62269586919393,350.4917907714844,1913900.0
2024-05-16,347.28906022879653,349.2554795314752,340.3383973632725,341.4189758300781,2821700.0
2024-05-17,343.60930459313,346.95807883060746,342.23669395728103,346.82177734375,2104300.0
2024-05-20,346.9483386132889,354.76538345968413,345.36156112813666,353.12994384765625,2247900.0
2024-05-21,352.65291984682017,353.6069113567335,348.0191449417925,349.5475158691406,1841100.0
2024-05-22,348.99262554741557,349.6740735196529,343.2101512160783,346.5005187988281,2104200.0
2024-05-23,350.8422453870858,351.75731911848834,339.54015493582096,341.3995056152344,2749200.0
2024-05-24,343.2880218976659,344.524330876299,337.48605936230376,339.6471862792969,2635200.0
2024-05-28,338.77107007240033,339.96846127366234,335.2665358196556,337.2816467285156,2264900.0
2024-05-29,335.85066432666366,336.15244080780377,328.76372975760813,329.14337158203125,3040000.0
2024-05-30,329.4937995288936,335.41254526575483,329.4937995288936,330.25311279296875,2745800.0
2024-05-31,330.34074129941155,331.84965331467504,326.1742475622404,329.54248046875,8319400.0
2024-06-03,331.83013119984366,332.34607442450147,317.1111179826421,322.57232666015625,3878600.0
2024-06-04,319.9926866137962,321.56971987510764,315.894343054575,318.8829345703125,3706600.0
2024-06-05,320.74224642868813,322.48475448503285,318.0359728345134,320.7130432128906,2616300.0
2024-06-06,321.462610796761,322.2511273280492,318.4156132263048,319.58380126953125,2452100.0
2024-06-07,317.5492267148414,324.05206678006135,315.1349853246449,320.216552734375,2499100.0
2024-06-10,319.9926786647052,323.10782728965233,319.7298496971022,320.8688049316406,2640500.0
2024-06-11,319.0678692184599,319.92453651921335,315.14474533161746,318.6297912597656,3247000.0
2024-06-12,324.31494262555924,326.28139176373156,317.3545647093227,320.0121765136719,4817300.0
2024-06-13,318.8147070215119,319.19437848983466,312.9251647751026,317.7049255371094,3183900.0
2024-06-14,312.86683679882947,314.12260495141663,307.4737478094774,312.9447021484375,4195300.0
2024-06-17,312.94464623074293,315.2517892944829,310.4233363585236,313.8499755859375,3198900.0
2024-06-18,314.4827647534523,316.9651570728312,312.48714223927715,316.5173645019531,3275300.0
2024-06-20,316.43947865854653,322.31930751907475,315.9721974569073,320.40155029296875,4463300.0
2024-06-21,321.76438535519003,321.78384426276796,317.5297408589014,319.1457214355469,8265100.0
2024-06-24,320.6254325173795,324.82115961704403,317.422703968361,321.24847412109375,2447300.0
2024-06-25,319.31121501438406,320.73248763275546,315.76773321365107,318.7173767089844,2990400.0
2024-06-26,317.597904371907,319.0191770969146,315.1934071719335,318.065185546875,2198600.0
2024-06-27,317.38371793121354,320.4988661552896,316.0597992463471,318.7757873535156,1995100.0
2024-06-28,319.79796514593926,325.32732512207707,319.6130015456586,324.2662353515625,8891500.0
2024-07-01,326.22286637585233,326.3981153529612,316.7411807453952,320.352783203125,2950200.0
2024-07-02,319.30146628876616,321.33603609128636,316.9456314231744,319.0678405761719,2119800.0
2024-07-03,319.5546000776044,322.62105657517367,319.5546000776044,321.8422546386719,1352200.0
2024-07-05,322.7767575391351,324.59716031142074,317.96776415900297,319.64215087890625,2280900.0
2024-07-08,321.59888632818615,324.42200251429006,318.46430878232394,320.3333740234375,1913400.0
2024-07-09,319.8271133021117,321.3651985621135,317.18896122943517,317.4128723144531,1896100.0
2024-07-10,317.45188081512566,319.7687683105469,313.11016769235897,319.7687683105469,2904400.0
2024-07-11,321.24847333773994,325.56098359226144,320.5670252988715,322.3485107421875,3016400.0
2024-07-12,326.0671737266806,329.2601872893469,324.58746495074035,326.690185546875,2451300.0
2024-07-15,330.1071237828245,338.67373719295256,328.88052929098666,336.6002197265625,3394300.0
2024-07-16,337.6321334741914,352.6724148386038,336.10379209872434,351.0174865722656,4637000.0
2024-07-17,349.4501419803031,353.07148902969726,346.75361288088015,348.3111572265625,3061000.0
2024-07-18,347.04564106414745,359.43805291128314,346.315531019833,346.5881042480469,3876300.0
2024-07-19,345.92612496485617,347.03587671984764,337.49578457493004,338.4108581542969,3462700.0
2024-07-22,340.1507847527731,340.86433018345605,333.6801050568799,340.0237121582031,2659600.0
2024-07-23,337.93197691834627,340.7958828154892,333.68008638106215,336.40716552734375,2027800.0
2024-07-24,335.21465640019585,337.0424731325645,327.8838214869031,328.46051025390625,2835800.0
2024-07-25,327.94246272617954,340.3462376703105,326.4176514647527,336.5341796875,3291300.0
2024-07-26,340.77630407619705,344.97930397894277,339.055992012556,342.5747985839844,1894900.0
2024-07-29,342.2815899875125,343.45453560067716,335.39061654059697,336.759033203125,2190300.0
2024-07-30,335.9086658527476,337.92219964834027,330.9823359680639,334.0124206542969,1970800.0
2024-07-31,337.56055392736863,343.07332686412025,333.162052506124,338.3913879394531,2568100.0
2024-08-01,338.48904926704074,341.9394274733269,320.68000766081593,324.04241943359375,3747900.0
2024-08-02,315.4702606258467,316.10559368217247,310.4950709394053,313.6326599121094,4246700.0
2024-08-05,302.03042298251154,313.34921988397815,300.1243938183992,309.65447998046875,4681300.0
2024-08-06,306.96653184135545,324.6778569239319,303.49661468407425,319.07708740234375,5071700.0
2024-08-07,325.98756606048613,327.61988187801444,317.1319201543394,318.4514465332031,3011700.0
2024-08-08,322.55678674308285,328.84174970151184,320.22067933317715,328.5778503417969,2268300.0
2024-08-09,328.4213977061204,330.8650092961957,324.98080332582185,330.63043212890625,1668100.0
2024-08-12,330.63045707020876,332.1845905792245,326.075561143198,328.45074462890625,2127600.0
2024-08-13,329.5748084627388,331.862025562258,326.202642025821,331.15826416015625,1503800.0
2024-08-14,331.94019812923375,334.08080422828755,327.0529750408447,329.97552490234375,1610900.0
2024-08-15,336.72972330224127,339.7989141984193,333.1034115573294,337.8440246582031,3232600.0
2024-08-16,337.4627628118427,338.03945157138924,333.0740459125223,335.7326965332031,2483800.0
2024-08-19,335.92815926534075,338.29358836654285,335.5567255377002,336.87628173828125,2252600.0
2024-08-20,337.21839999345735,338.3620233443891,334.11013320470994,335.5567321777344,1479500.0
2024-08-21,336.8078634587267,337.8048760897386,334.1394586621791,335.23419189453125,1433200.0
2024-08-22,335.26351835351255,337.35526424378435,334.0612506832798,334.637939453125,2021400.0
2024-08-23,337.1890712798909,341.6560003460208,335.3319324703538,340.5514831542969,2183900.0
2024-08-26,341.91991517465976,346.4161665902687,341.06954309053634,343.2394714355469,1718100.0
2024-08-27,342.4477567372192,343.7868512040342,339.27106146104694,343.20037841796875,1210800.0
2024-08-28,342.6822990084902,346.4356826959823,338.0394371547779,340.3462219238281,1514500.0
2024-08-29,343.2981392877219,348.41994012792054,339.652259706039,343.70867919921875,1664500.0
2024-08-30,344.6372440666476,348.20491147187647,341.939486985898,348.0680847167969,2974100.0
2024-09-03,344.2657476969735,344.6762875460686,330.76724041283524,332.56573486328125,3107200.0
2024-09-04,330.9530358933349,333.1620707176709,327.72747993980323,329.154541015625,2782500.0
2024-09-05,328.44094349663254,328.9003436794176,323.1041040120135,326.03643798828125,2525500.0
2024-09-06,326.66204161758674,330.98233063197506,320.71916093807374,321.9311828613281,2676600.0
2024-09-09,326.3785731644553,328.7732948538717,325.459772732505,326.5056457519531,2355800.0
2024-09-10,327.5515099772535,328.17708896226446,321.9605544022691,326.6229553222656,1869200.0
2024-09-11,325.489050019677,327.9131233529452,318.7544424444771,327.4439392089844,1934700.0
2024-09-12,327.7176239356008,333.3477143707868,326.1537066114667,331.9206237792969,1747000.0
2024-09-13,334.69665396060736,339.38837696264926,332.67333611141225,337.5214538574219,2518600.0
2024-09-16,340.4928510337068,343.5326895882436,336.52442812659,340.11163330078125,1648200.0
2024-09-17,342.1056895795703,346.58237376405634,341.3628219654093,345.71246337890625,2088400.0
2024-09-18,346.99287986186994,353.4733432077442,344.3733351391149,347.11016845703125,1990700.0
2024-09-19,354.81243972060935,366.2387710885852,353.1214495861671,364.889892578125,4066600.0
2024-09-20,362.0455091616253,363.07184398920424,357.5883637375403,360.50115966796875,5440500.0
2024-09-23,360.66727431711195,364.55751457343797,358.7026309500478,362.7981262207031,2442700.0
2024-09-24,371.42900995828455,380.64630691480903,370.9402875767605,377.2252502441406,4024300.0
2024-09-25,378.27105442609366,379.87407786366134,369.3958707184304,369.7184143066406,2661500.0
2024-09-26,381.21316918181583,388.2605362327689,377.4891077282154,382.1417236328125,3906800.0
2024-09-27,382.1808507575044,386.6379958889507,380.36281806170734,382.259033203125,2683700.0
2024-09-30,380.5974429299521,383.9012109698039,378.0951867470725,382.2981872558594,2251300.0
2024-10-01,382.4447571998719,386.5695748131609,377.909429538246,383.5395202636719,2091400.0
2024-10-02,383.1387606059013,386.735749720958,379.87409908883154,385.16204833984375,1767900.0
2024-10-03,383.4906351734065,385.11319689210586,379.9522902690565,382.2688293457031,1866100.0
2024-10-04,387.7718646360559,388.4951641725379,383.0117136944609,388.1335144042969,1675100.0
2024-10-07,387.50794553648205,392.12148550279994,387.2049400796699,389.267333984375,2224500.0
2024-10-08,385.36733070905007,386.0906301924072,376.16957312926104,379.20941162109375,2438800.0
2024-10-09,379.41468911043904,387.6545400511153,378.7597880939004,387.2537841796875,1757900.0
2024-10-10,386.2666042743007,388.0064547141874,381.6921700610136,387.6936950683594,1331700.0
2024-10-11,387.6936736833443,394.49668033010335,387.6936736833443,392.9523010253906,2110400.0
2024-10-14,384.5169949122829,387.3515786506034,378.1440362108117,385.0643615722656,3006100.0
2024-10-15,381.8192071995812,383.61770177040734,378.847767120752,379.2387390136719,2715100.0
2024-10-16,378.66208334315195,385.69969734770734,378.20268312578173,384.7417907714844,1551600.0
2024-10-17,386.2372801890766,388.1628475058077,384.2921747162187,385.5921630859375,1561500.0
2024-10-18,387.3124252867115,387.5079261396887,380.92971320007746,384.976318359375,3024100.0
2024-10-21,384.8194130518513,385.6630212269588,381.82747792606125,383.04388427734375,2375900.0
2024-10-22,382.30818130616,383.8384710263657,378.3843553699575,381.0623474121094,1523900.0
2024-10-23,379.581137047265,382.6024699541248,375.40225269616894,378.3843688964844,1500900.0
2024-10-24,379.5811350318564,380.9642573724218,374.94119994395425,379.68902587890625,1844100.0
2024-10-25,382.190416781744,384.5643444923714,376.99135972548015,378.6197509765625,1606800.0
2024-10-28,380.9936921264681,384.11312647026216,379.9930973825383,383.17138671875,3213900.0
2024-10-29,382.0825258262608,382.1806274556043,378.2077359902991,380.13043212890625,2186400.0
2024-10-30,366.8777417055982,380.86619138343855,360.20724928551795,372.0179443359375,4037500.0
2024-10-31,370.16395217527145,371.6942419654734,365.65154615495567,369.0358581542969,2394500.0
2024-11-01,370.87022298387865,375.97117870985284,369.76173737342884,372.4005126953125,1633300.0
2024-11-04,370.89965948324095,374.225086458889,368.1529633151262,369.3497314453125,1793600.0
2024-11-05,369.9481161451964,378.7178693303332,368.49628980102517,376.06927490234375,1724100.0
2024-11-06,397.454169550745,410.3341036144922,396.3162563860983,408.941162109375,4720000.0
2024-11-07,407.01845749992515,410.5302683679439,399.77899421414793,400.43621826171875,3211100.0
2024-11-08,393.32433240179984,395.3843471571561,384.92734667542686,385.8788757324219,3345900.0
2024-11-11,390.3324004743346,394.4229722726762,387.4876326410109,388.9884948730469,1858900.0
2024-11-12,390.21469722342175,391.13679873473006,383.70113164876875,385.5257263183594,1737100.0
2024-11-13,381.5430556115414,383.75020781152386,378.32551937969026,379.6988525390625,2001900.0
2024-11-14,381.1015810904457,382.74958074285394,378.8551824361848,379.9832763671875,1372500.0
2024-11-15,378.6393705472994,381.09176167224405,374.9215671561022,376.7559509277344,2165500.0
2024-11-18,378.6492006459763,378.9434756149172,375.6278678646584,377.1385192871094,1626200.0
2024-11-19,370.8309714387321,375.951565385867,370.8309714387321,375.049072265625,1793200.0
2024-11-20,376.6971348397932,378.84543208202757,371.2626271634601,374.23492431640625,1859600.0
2024-11-21,376.60886091195397,384.55458520905097,371.78254139777385,382.1708679199219,1833500.0
2024-11-22,382.92618515279,390.5776642179141,380.50325120904836,389.92041015625,1893000.0
2024-11-25,392.3825897007291,399.39642250434645,392.3825897007291,397.92498779296875,4398000.0
2024-11-26,395.96308557376005,400.63244809737614,394.1090933541233,400.0634765625,1796600.0
2024-11-27,400.62265439857276,404.2718140109056,395.5609149404067,396.0121765136719,1371900.0
2024-11-29,399.57298880311686,403.3594963731564,397.2873733825931,398.376220703125,1962100.0
2024-12-02,399.70050403045366,400.3773663712873,393.1575413176154,394.84478759765625,1548500.0
2024-12-03,395.8355621608629,397.8072943356921,389.0473598413677,391.6567077636719,1716200.0
2024-12-04,390.9798455021553,393.8246134093459,388.58630920982245,391.9019470214844,1193800.0
2024-12-05,392.87312165424464,393.78540411529275,386.7028962053674,387.458251953125,1291400.0
2024-12-06,390.5678428174028,392.12756013323167,385.26086431097167,387.50726318359375,1331000.0
2024-12-09,394.87424393545723,401.9076853837056,390.8523162366213,391.6567077636719,1739800.0
2024-12-10,383.27932887572587,387.938872299333,378.26662554149806,380.99371337890625,2251000.0
2024-12-11,383.0438940614782,383.89732140250965,380.0519588592648,381.46453857421875,1651600.0
2024-12-12,381.64109401635403,382.44548548823553,372.9105876188043,373.5285949707031,1804600.0
2024-12-13,373.35198486983415,375.59838324583137,371.67455792914666,373.2637023925781,2034800.0
2024-12-16,374.49974253082024,375.0392865536996,370.5661274244382,371.70404052734375,1311100.0
2024-12-17,368.8690328480782,371.67458371105397,366.7109167996352,368.6434020996094,2138700.0
2024-12-18,371.48822911539924,373.9013736620817,356.1166279777125,356.96026611328125,2820700.0
2024-12-19,361.4236199436092,362.5321055928161,353.15416372607075,353.5072937011719,2616700.0
2024-12-20,351.6729452221824,364.4155620258925,350.43693031204003,359.0693664550781,5142000.0
2024-12-23,357.9216156067286,359.3734420940564,354.6157967861289,358.4317321777344,1804900.0
2024-12-24,357.50958065941484,360.5701599121094,355.75366027846485,360.5701599121094,886000.0
2024-12-26,358.0981664762919,360.49170278551867,356.94064496476574,360.1287536621094,1097900.0
2024-12-27,356.46976597314466,360.40338084005657,354.8609830832608,357.9117431640625,1245800.0
2024-12-30,353.56613094073566,357.87254418481166,351.9083121225723,356.0970153808594,1422200.0
2024-12-31,356.57764374623537,358.80440394933015,354.91000592746497,355.85174560546875,1168100.0
2025-01-02,358.54941171010705,361.8258027529474,351.2707014742336,352.918701171875,1802600.0
2025-01-03,354.7040359545651,357.5390144388998,352.64402144091645,356.8621520996094,1390800.0
2025-01-06,360.01100928716403,363.77787838052376,355.67516870083847,357.26434326171875,1590700.0
2025-01-07,357.19567429084464,359.11834053645174,354.21355832266795,356.0871887207031,1607400.0
2025-01-08,355.5476638486831,355.9694679215127,350.8881208871655,354.1939392089844,1828800.0
2025-01-10,351.01565465170285,352.9972059603653,343.1385750772161,344.31573486328125,2773900.0
2025-01-13,346.2383476522873,356.2833611124959,345.10043468491784,355.5966796875,2746000.0
2025-01-14,358.52978619396146,364.91582267034596,358.22569206998287,364.4940185546875,2331700.0
2025-01-15,371.9198276822374,372.7045808357253,367.2013998083149,367.7507629394531,1984500.0
2025-01-16,369.14370241994374,374.1564052170984,367.58398532815505,373.3029479980469,1974700.0
2025-01-17,377.37398339372595,379.48303391424395,374.7253888279667,378.6688232421875,2605900.0
2025-01-21,384.9601270467753,396.3612347246764,384.76320447739,392.2064208984375,3144500.0
2025-01-22,392.52146566718096,394.29367856590596,389.0066052952322,391.4679870605469,1994800.0
2025-01-23,391.2316831233397,403.2629177512462,391.13322184875483,400.1221923828125,2587400.0
2025-01-24,399.4625773169836,403.0758688958747,399.01951658404,401.3332214355469,1938200.0
2025-01-27,391.0545153080668,393.3682203160796,383.8968275199513,388.878662109375,2964400.0
2025-01-28,387.9531504692033,390.74927650390276,380.50993453479504,384.2610778808594,1788900.0
2025-01-29,385.88558876638797,393.19095299582824,385.0782483389556,387.1556701660156,2675800.0
2025-01-30,367.73047310057626,374.92755170990887,367.3957287520221,369.1876220703125,4234600.0
2025-01-31,371.6292671593893,372.1609340495291,365.5447384645798,365.7022705078125,2858000.0
2025-02-03,358.5150141258871,362.856864844306,354.13374284262954,355.9649963378906,3079300.0
2025-02-04,363.9497489863361,363.9497489863361,353.8580839694201,356.3588562011719,2709800.0
2025-02-05,357.2646231005538,357.39261975523516,351.68222627898865,353.3067321777344,2134200.0
2025-02-06,358.2787348010473,361.8625211840458,356.9200472172987,359.8048095703125,3007000.0
2025-02-07,363.5460762754935,363.82174982342934,356.97909669429464,358.259033203125,1804800.0
2025-02-10,359.6866141260495,360.58256066232343,355.9650062309994,357.6092224121094,1944400.0
2025-02-11,356.15210072501833,358.79072491939695,355.4038610694471,356.6345520019531,1516900.0
2025-02-12,351.4853324655306,353.3855120658191,346.01122156808,346.6019592285156,2833100.0
2025-02-13,347.1237178430159,352.0661610848044,345.00693575950436,348.23626708984375,3547200.0
2025-02-14,351.0914836138117,353.3362624706821,347.3501654882526,347.8621520996094,2045300.0
2025-02-18,349.9789710059962,351.41640962351977,345.6863053458517,348.53167724609375,3120200.0
2025-02-19,346.4345393110035,348.3839643924199,344.18976045035555,347.5470886230469,2211000.0
2025-02-20,349.5162314797892,351.3376601037762,342.0828701245305,343.756591796875,2174100.0
2025-02-21,345.1152716528832,346.5625653863147,332.38501190247126,334.7873229980469,3225200.0
2025-02-24,338.0855833432867,340.1137596051851,331.0361820456904,333.68463134765625,2513300.0
2025-02-25,335.73246442557314,338.9125804037597,331.18383584396764,337.0714416503906,3323500.0
2025-02-26,340.1137777201035,343.39232533286696,334.8660944557212,337.2880859375,2397800.0
2025-02-27,338.34150537831215,341.5610117087935,333.2316748235895,334.7478942871094,1971000.0
2025-02-28,336.6973318995042,339.57220886148275,333.50736082682283,338.63690185546875,3210300.0
2025-03-03,342.26006174154617,342.77201833166924,324.93192811950314,326.910888671875,2569700.0
2025-03-04,322.3327037964555,326.7927260616226,313.7572286537953,321.70257568359375,3500200.0
2025-03-05,324.0359765695788,334.2654934422316,323.5732356033692,333.26123046875,3189100.0
2025-03-06,330.09095691480894,336.62840094813606,327.38343712102653,335.7423095703125,2234100.0
2025-03-07,334.15717567534114,346.68068704521295,334.15717567534114,344.8887939453125,3063800.0
2025-03-10,339.6706632457086,346.9662019661777,336.56932841661074,339.8774108886719,2809100.0
2025-03-11,338.60737152356427,339.8183520925572,331.17398074874615,334.5214538574219,3190900.0
2025-03-12,337.7311013930998,339.5820652212085,330.268205370285,332.90679931640625,1816700.0
2025-03-13,330.8392394029492,335.38786802589414,326.5466040943191,328.1612548828125,2490300.0
2025-03-14,332.5031392468886,336.70716846181153,331.7450444840493,334.39349365234375,1936100.0
2025-03-17,334.4919409628558,339.04056985085,333.7633815441694,337.34716796875,1683800.0
2025-03-18,336.7170511703964,336.7170511703964,330.16978118464976,331.5087585449219,3310000.0
2025-03-19,331.7253551362737,336.7170448544057,331.46939184935616,333.3892517089844,2407200.0
2025-03-20,329.40180583408994,334.53131701594504,328.4566136037328,331.05584716796875,2782900.0
2025-03-21,326.093696016449,330.7604963125648,324.1245905882954,330.5931091308594,6766100.0
2025-03-24,335.28939614401094,337.8492390677125,334.0488802245435,336.3921203613281,2277200.0
2025-03-25,338.2726158269496,339.48362650889334,335.5650958028505,337.32745361328125,1678000.0
2025-03-26,338.0560028668717,341.90560755465776,333.55661983344856,335.84075927734375,1703200.0
2025-03-27,335.81124908498094,336.71705086317166,331.43000724033834,334.0587463378906,1481100.0
2025-03-28,331.79424548947253,333.024936311021,322.9824871887203,324.59716796875,1965200.0
2025-03-31,320.5999068392945,326.8518226169843,317.0259756603336,324.7054748535156,2837500.0
2025-04-01,321.9585873287523,327.07824332971575,318.88678771894143,325.4635925292969,1955300.0
2025-04-02,321.09215422569986,331.1542833123014,321.06261884862823,329.4903869628906,1747600.0
2025-04-03,314.7319979008407,319.684297143024,300.2885955127504,301.036865234375,4638700.0
2025-04-04,280.59753458890305,289.7440380766747,277.15159995360074,283.62994384765625,7216800.0
2025-04-07,271.73654414086684,289.8030921246826,263.17092366578703,275.73382568359375,7824700.0
2025-04-08,285.4120018969625,287.2727909103276,264.12594689101314,269.7083740234375,4989000.0
2025-04-09,266.57748169566486,297.19704467940215,264.97265608944656,296.3601989746094,6457300.0
2025-04-10,292.09712476351234,293.6625601489376,275.47786827845556,284.69329833984375,4116800.0
2025-04-11,284.48647513582216,290.84667628073834,279.7507797108439,288.9169616699219,3197900.0
2025-04-14,294.05632295489767,297.8074657619351,291.14202577736864,293.5148010253906,2758400.0
2025-04-15,292.24478171503574,297.069114262507,287.87339511530575,288.8973083496094,3611300.0
2025-04-16,288.1884505462231,291.1618193232976,283.167225102424,285.6581726074219,3017200.0
2025-04-17,287.65676404773467,293.10133905862614,287.39091559984706,289.7046203613281,2717600.0
2025-04-21,286.23219752676295,287.88433050814757,279.4357578535473,281.69134521484375,2978300.0
2025-04-22,284.42177121009314,290.0904316406488,283.9271246514669,288.052490234375,2231200.0
2025-04-23,298.11364246789964,302.0905907061378,292.0195920542668,292.603271484375,2458300.0
2025-04-24,294.24549546384554,304.91007590301973,293.88936437169406,303.57452392578125,2874400.0
2025-04-25,301.8333933129401,304.69243526439084,300.65613186503805,303.1689453125,2162400.0
2025-04-28,303.1689150207735,308.09557586396386,300.5967466472976,303.7723693847656,2189600.0
2025-04-29,301.7344061278186,305.3651252166663,299.6667870988916,304.10870361328125,2651000.0
2025-04-30,311.8350828787638,312.666085495257,298.94459444438525,305.95867919921875,5124800.0
2025-05-01,308.04614735548125,315.4757495734319,307.68998607429256,310.5985107421875,2961000.0
2025-05-02,315.07010996597603,321.1938373040389,315.07010996597603,320.21441650390625,3765200.0
2025-05-05,315.9604683660351,322.9745535604271,315.9604683660351,319.6505126953125,1829100.0
2025-05-06,318.1072527217754,320.6299687844505,316.4254722041614,317.454345703125,1724200.0
2025-05-07,319.284498675694,319.34385385632555,314.70406602834447,316.8607482910156,1555500.0
2025-05-08,321.4016104363186,325.34888102139473,319.44279884396775,320.7783508300781,2553400.0
2025-05-09,322.1633445824003,324.23096387611923,319.8484019732964,322.1336669921875,1646200.0
2025-05-12,339.43635648225006,347.24189388773556,336.0925710125179,338.8823547363281,4592000.0
2025-05-13,345.19410785915363,351.5255790131789,344.34333010305403,348.7654724121094,4132500.0
2025-05-14,347.9542013177954,348.6565910278965,345.04567692958483,345.916259765625,2052200.0
2025-05-15,345.69866356415025,347.5783148525136,344.7687254189155,346.064697265625,1580400.0
2025-05-16,347.77614458852395,350.42744315384664,344.5114588707762,349.7942810058594,2561700.0
2025-05-19,345.95586864328686,349.1809441741663,344.80828482702765,348.7951354980469,2277700.0
2025-05-20,347.0836292761836,348.6862794601769,343.76949095489095,345.7480773925781,2266000.0
2025-05-21,342.92865123593697,344.68959213944163,337.9920570350564,338.8428649902344,2093400.0
2025-05-22,338.33829273075344,343.65079267204493,336.9433856202792,341.494140625,2174100.0
2025-05-23,334.0151008863819,341.2468324762931,332.63996871116973,339.71343994140625,1936600.0
2025-05-27,346.20316499499785,349.55685322030934,342.9088017551723,347.7464599609375,2240100.0
2025-05-28,348.7159570491089,349.02263553168376,345.12481783417337,345.7480773925781,1924400.0
2025-05-29,348.4290818579979,349.30953711874685,345.00610560201625,348.0234680175781,2290300.0
2025-05-30,348.06304386921414,349.45795102673617,343.3045455741754,344.3037414550781,4867100.0
2025-06-02,342.760452198753,342.760452198753,335.86507666316015,340.979736328125,2552700.0
2025-06-03,342.2954665848672,347.08364232113115,341.2270431523266,345.6590576171875,2614300.0
2025-06-04,346.5493983332601,347.96411056429275,345.58978271484375,345.58978271484375,1616300.0
2025-06-05,347.24195220854097,347.7465014582875,342.14709769436064,345.2237854003906,1753300.0
2025-06-06,349.7844181814137,353.61297819043347,348.4884464520254,349.5667724609375,1608000.0
2025-06-09,351.41674480901605,356.6006317091543,350.1405480800188,354.2362365722656,2147100.0
2025-06-10,355.59154572108525,356.50167854669576,352.2774075048794,354.7308654785156,1894300.0
2025-06-11,357.075526305099,360.38966490000945,353.9196782611721,359.2519836425781,2551700.0
2025-06-12,355.9971748851093,358.1241492916305,354.0383634208363,357.09527587890625,1571800.0
2025-06-13,353.40520753080006,356.52147495646835,351.89159019885653,353.22711181640625,1609600.0
2025-06-16,357.1348635457411,360.7061976895981,356.3434410214193,358.5594482421875,1579800.0
2025-06-17,356.85786276901604,358.5099957824339,353.20736825693876,353.85040283203125,1560100.0
2025-06-18,353.3063271390877,360.3303157281208,353.13813399122586,355.9477233886719,2000500.0
2025-06-20,359.0639785625257,360.3500476445672,355.29477389055603,356.65997314453125,6268300.0
2025-06-23,356.0664605698383,363.1695792728945,353.8999058108393,362.30889892578125,2927400.0
2025-06-24,365.92969108314776,370.1044795732944,363.980782192459,369.0261535644531,3841800.0
2025-06-25,369.0063721605564,370.1836335111342,365.5537484735256,367.6015625,1737700.0
2025-06-26,369.99568496091086,378.2364846601638,369.04597187005993,377.79132080078125,2575100.0
2025-06-27,378.91909538532093,383.341237486264,378.6519970725463,380.59100341796875,4455000.0
2025-06-30,382.1738766770749,384.98346591126426,380.689936787767,384.05352783203125,2791400.0
2025-07-01,382.4508709415988,389.6727297253374,380.13592837737315,386.7345275878906,2393600.0
2025-07-02,388.4954922301423,394.3718968662231,385.2506114033869,394.16412353515625,2713700.0
2025-07-03,394.64886780625375,398.11139410432855,393.3330909061186,393.6001892089844,1737800.0
2025-07-07,393.79806544504976,393.79806544504976,383.9348106159338,387.3182067871094,3012900.0
2025-07-08,388.22831937718564,391.7106507287577,387.3280589512205,390.06842041015625,2003600.0
2025-07-09,395.4403093973896,399.4370626849238,392.6307201171103,397.87396240234375,3101000.0
2025-07-10,400.3274100457096,407.5888188755932,399.12047107344466,403.9580993652344,3382800.0
2025-07-11,401.1089445573215,402.5236266035374,397.39909501532196,401.57391357421875,2072600.0
2025-07-14,399.6744380435687,402.4345744230945,397.92340001291876,401.42547607421875,2497500.0
2025-07-15,401.9102673499664,404.37359777073266,398.70493683420096,400.3076171875,2167000.0
2025-07-16,400.6637757948481,408.6473797583384,399.001770341055,408.45941162109375,3242100.0
2025-07-17,410.4181884422973,415.40423493937664,408.4594071044277,413.5938415527344,2444700.0
2025-07-18,414.21708072757065,415.404214469726,407.7470946553672,409.2804870605469,2526600.0
2025-07-21,414.2649407328225,414.47344487317486,406.93720650042405,407.16558837890625,1833300.0
2025-07-22,407.4734041065726,415.5557351258968,407.4734041065726,414.23516845703125,2185000.0
2025-07-23,417.02525445767975,425.1274630376006,416.47916207836687,424.5614929199219,3254900.0
2025-07-24,424.015428632213,427.1133258794811,421.49341010852885,426.47784423828125,2511400.0
2025-07-25,426.64664507330065,431.78994951154556,425.58421627000536,430.6778869628906,2218400.0
2025-07-28,428.1955940149908,433.30911214989794,428.06650991523253,429.8736267089844,2550300.0
2025-07-29,431.47218654237406,432.12751557520323,421.79124318266,427.0040588378906,2383700.0
2025-07-30,426.9544431012923,433.7360549928062,423.4097210338985,431.0452575683594,3172600.0
2025-07-31,431.0552004433919,438.02546911260214,430.6083755293752,434.9176330566406,4116400.0
2025-08-01,423.945898083872,427.80833059944524,418.3061351282559,425.6537170410156,4027300.0
2025-08-04,427.8083231332557,433.79564339887656,426.94448995108075,430.62823486328125,4059500.0
2025-08-05,424.6210973859585,436.6254644750645,423.5487599838246,431.1545104980469,4329900.0
2025-08-06,430.2707725678517,431.6310643998266,422.52602986682575,424.6905822753906,2630800.0
2025-08-07,423.8168065511041,424.30332632000045,407.05635808006286,414.1656494140625,4261100.0
2025-08-08,417.5415850952143,418.9118158601303,412.81531920494956,413.5699157714844,2965200.0
2025-08-11,414.02664738578204,415.32736656410714,403.9187267133106,405.64642333984375,3416000.0
2025-08-12,408.0890156311732,415.22809353555084,406.73866263021955,409.7868957519531,2765100.0
2025-08-13,412.2393956660485,412.5968616493398,407.63227516951906,410.7698974609375,4403000.0
2025-08-14,406.4010348479905,416.2706351388714,404.1173372005988,414.54296875,3676000.0
2025-08-15,412.77559102061275,413.6096379363489,404.21664853854804,404.9017639160156,3107400.0
2025-08-18,404.1173391370768,410.21386587415105,402.5882380181033,409.7174072265625,3185200.0
2025-08-19,416.3401391658903,418.8919438289143,411.12732348453875,413.1429443359375,3543600.0
2025-08-20,411.8620843272812,418.93168096348427,409.13156174957726,417.611083984375,4060200.0
2025-08-21,416.9557356823022,417.601125837863,411.22661402860825,414.9302062988281,2504300.0
2025-08-22,418.62381502774093,434.73887243410996,417.07486658699673,432.5842590332031,3785100.0
2025-08-25,431.9190174426706,433.80555421719157,429.1090748687191,429.2381286621094,1857900.0
2025-08-26,428.3445285576261,429.1289417298995,424.2139888435439,428.2055358886719,2792200.0
2025-08-27,426.68635057880493,431.97858631057096,425.9118763180238,429.60552978515625,1970900.0
2025-08-28,431.82965087890625,432.89207962362246,429.56580072927153,431.82965087890625,1651700.0
2025-08-29,422.39693002220184,425.0678798428946,411.43511512210426,416.0720520019531,3673800.0
2025-09-02,410.9783832873242,414.2549980973624,407.6123792593749,413.10321044921875,2329500.0
2025-09-03,415.1685309687239,415.1685309687239,408.4564000741345,412.1798400878906,1496700.0
2025-09-04,412.8649444039695,417.80968351816506,411.355721000711,417.24371337890625,1634600.0
2025-09-05,417.8592796623642,421.8905211556343,414.9500394770874,420.0834045410156,1843200.0
2025-09-08,419.65649939621585,420.9075849163466,413.8280795738436,419.78558349609375,1876700.0
2025-09-09,420.1628820885599,420.5501040730873,413.49047671920977,415.1287841796875,1710700.0
2025-09-10,416.84653163477435,423.47921166351506,416.52879083902593,419.9146423339844,2221000.0
2025-09-11,420.9174918327981,432.7034146827129,420.3217354255125,428.32464599609375,2737900.0
2025-09-12,426.0211158847566,429.54596035765877,424.72039658001137,428.46368408203125,2341800.0
2025-09-15,430.7573151360263,435.6424817684878,427.5601200976567,432.8523864746094,2255800.0
2025-09-16,433.04100583542566,437.67791243209905,431.2041028594808,437.5488586425781,2366300.0
2025-09-17,441.8481936385213,449.1362029041625,439.86235906037064,447.4681091308594,4512200.0
2025-09-18,447.76594282510894,464.3973063261607,445.6907494632387,463.6526184082031,4331900.0
2025-09-19,466.9292796340272,468.77609118997424,459.4327361522109,463.2356262207031,5069300.0
2025-09-22,464.00017382604767,469.8881660511759,456.35469861432335,468.7562561035156,3180000.0
2025-09-23,469.90804526873984,481.9024727714083,464.8739473478069,467.9222106933594,3856600.0
2025-09-24,469.3520395851586,473.1449608017113,465.31085873172555,466.462646484375,2776700.0
2025-09-25,461.41855575015927,464.68526190909125,456.32488553100404,460.4355773925781,2979200.0
2025-09-26,462.18316600249256,465.13213166120516,459.10511624367706,462.461181640625,2329000.0
2025-09-29,464.76468720153383,469.143455855129,464.14908336250573,468.2696838378906,2892100.0
2025-09-30,468.2796459114551,474.0584317924693,466.9094152075619,473.7704772949219,2315300.0
2025-10-01,470.65272555141894,480.50244791571475,467.80305783049585,477.41448974609375,2964700.0
2025-10-02,483.41171389471896,492.4671453442399,480.7606416080199,487.095458984375,2648600.0
2025-10-03,489.7564271882225,500.9068986691116,489.0415255654699,494.3238525390625,2996500.0
2025-10-06,496.875679997982,502.0090453813247,489.54794560259205,491.8713684082031,2629200.0
2025-10-07,494.40328933719013,494.8501142295862,480.1251341360099,483.26275634765625,2135400.0
2025-10-08,487.51245476817644,505.8715162252059,485.8741472856886,498.5636291503906,3959400.0
2025-10-09,500.48987657535594,502.9423834437411,493.6189060373594,496.8160705566406,3113900.0
2025-10-10,499.55654108113106,507.87719280264673,487.82025146484375,487.82025146484375,3889100.0
2025-10-13,498.59340666292456,502.7934576706514,491.94087906016154,501.1849365234375,2618400.0
2025-10-14,497.0345388393733,527.7951283293116,495.47568167566504,523.7340698242188,5459800.0
2025-10-15,530.4164178863688,534.6363162849174,523.475935863802,530.2674560546875,3447100.0
2025-10-16,534.2490557586478,541.1299650629068,530.9128683267998,537.1285400390625,3463100.0
2025-10-17,533.5738987713356,538.3697062564357,523.2375958327661,523.3468627929688,2814700.0
2025-10-20,527.319902069204,531.9402889588746,524.7109898118837,528.9330444335938,2170800.0
2025-10-21,522.8489314563171,531.123777254608,519.8317193549713,522.4307250976562,2259100.0
2025-10-22,523.5061539671825,523.5758651619266,508.0518141729861,511.73614501953125,4149000.0
2025-10-23,516.1374749519597,520.6781836666389,510.83997132200443,518.2982788085938,2619400.0
2025-10-24,520.6483148322071,524.9998250975391,518.8161319715309,520.5188598632812,2392000.0
2025-10-27,524.8205802875564,527.2303267340226,519.2243576010392,524.8405151367188,2493800.0
2025-10-28,523.7352132024248,528.0468535604762,519.4633209878451,522.25146484375,2775400.0
2025-10-29,555.8188904711803,593.6880526871995,555.639659164687,583.0133666992188,6948500.0
2025-10-30,575.4455287512561,591.2583609074264,573.334501254264,580.6832885742188,2574800.0
2025-10-31,581.5595583407443,584.5667422886486,568.9331417766034,574.8181762695312,2974800.0
2025-11-03,573.4937689973461,573.7825203975904,562.9983758056021,568.1763916015625,2439400.0
2025-11-04,562.6100286338449,564.1036835771206,542.8937955380007,545.2637329101562,3440700.0
2025-11-05,549.6052699165808,571.5819200576002,548.0319363743565,566.7424926757812,2701300.0
2025-11-06,570.7753895089952,581.5197261806529,561.8433007959958,567.369873046875,2245800.0
2025-11-07,561.1661872814028,563.1876296117598,548.0021366805005,560.7180786132812,2320100.0
2025-11-10,567.58886156732,571.7511725922435,559.1347845640804,568.4352416992188,1829900.0
2025-11-11,566.3142853462349,568.0370087749421,557.8901100417276,565.5276489257812,1517400.0
2025-11-12,568.08677058613,578.8112326626548,568.08677058613,570.5961303710938,2645100.0
2025-11-13,570.3472279571033,574.3800844827823,542.3262443124925,551.20849609375,3458700.0
2025-11-14,546.6379618675601,555.9483877514742,538.7116101964168,551.6865234375,2764500.0
2025-11-17,550.2525373792113,559.2144668309496,545.2537528363878,549.7147827148438,1941100.0
2025-11-18,541.0516140949732,549.2368752337318,535.7740451634994,544.5667114257812,1918600.0
2025-11-19,547.6734946239051,558.537318475393,545.3234920334479,550.7703247070312,1880900.0
2025-11-20,563.556054320649,566.463685758122,538.7115801950738,543.8198852539062,3195000.0
2025-11-21,543.5111993666397,552.6423934284032,534.8081791200474,548.1016845703125,2921600.0
2025-11-24,549.7945368623165,563.3469530086793,548.3406906718061,557.23291015625,4653500.0
2025-11-25,562.2017818336255,564.7409830463101,545.2338230179016,564.2131958007812,3105100.0
2025-11-26,564.2132230737277,572.4482603925884,563.625752810959,571.3031005859375,1995100.0
2025-11-28,571.3628863199191,574.917792761404,569.9788121137689,573.3245849609375,1019500.0
2025-12-01,567.9971396843886,573.1552817747241,564.601590721917,565.6571044921875,1764500.0
2025-12-02,568.9132722735536,583.0830594555778,566.6528549997921,580.006103515625,2749500.0
2025-12-03,578.9406910055246,590.7305735401902,559.8318626475932,588.9879760742188,2545700.0
2025-12-04,587.6835123697294,600.1704458876488,584.5169711650028,596.6156005859375,2313600.0
2025-12-05,601.4450363309812,604.4323461140822,595.2115068592616,600.6185302734375,2177300.0
2025-12-08,602.1022631211982,602.2914618527999,589.4261304348183,593.976806640625,1822500.0
2025-12-09,590.5413689647821,597.4520149924787,589.7248302955759,591.8458251953125,1755300.0
2025-12-10,597.5914199385314,614.6190616297847,596.157508791491,612.7470092773438,2797900.0
2025-12-11,607.867777365794,624.158559140762,601.7039589519935,622.963623046875,2779500.0
2025-12-12,623.3519791584787,624.8456340606156,593.2598409030406,595.3609008789062,4581100.0
2025-12-15,599.9813220624196,601.5944645862521,585.4032348025482,587.2653198242188,3968600.0
2025-12-16,588.2013751941017,596.127665820769,583.800088631783,586.4388427734375,2319400.0
2025-12-17,585.1045469159837,588.5000960242694,555.1019906270719,559.5132446289062,3753300.0
2025-12-18,566.0952121657389,572.2291282680936,559.5330615044821,563.4365234375,2193000.0
2025-12-19,570.2675560780841,579.2692955089734,567.9175533312607,573.7825927734375,5355600.0
2025-12-22,582.0175686121378,583.3120573923233,573.2548052036037,579.9463500976562,2387700.0
2025-12-23,578.0444984363945,586.2197922061376,578.0444984363945,579.9563598632812,1731000.0
2025-12-24,580.195326972621,584.6464505189552,578.5423754987806,581.2907104492188,947000.0
2025-12-26,580.74306913579,581.3604417007998,576.2023601670514,580.533935546875,954400.0
2025-12-29,577.6362565410699,581.4997882964747,572.2092977870332,576.1624755859375,2585700.0
2025-12-30,577.556544269184,578.5224119575116,573.0755794488327,574.9476318359375,1216700.0
2025-12-31,574.8580313230038,576.4911087733359,569.6302386185839,570.44677734375,1163900.0
2026-01-02,575.1467854751612,597.0735981908765,572.8764008426111,595.878662109375,2761600.0
2026-01-05,605.3086959398505,619.1200215133827,603.6556836406288,613.493896484375,3444800.0
2026-01-06,613.3943097788975,624.1187719488267,606.3243672074964,620.454345703125,2706800.0
2026-01-07,620.3647364106434,622.3562764954288,593.259905029665,593.9967651367188,3312400.0
2026-01-08,593.99674203149,607.0014958482016,591.656646056704,605.5576171875,2075400.0
2026-01-09,607.3898419586903,616.5310647081172,605.6273702586875,615.0075073242188,1822000.0
2026-01-12,612.0500418817664,628.3109218788456,610.3671881862361,627.1060791015625,1856800.0
2026-01-13,630.521532490985,641.8633665920232,630.3223663493819,633.8374633789062,1959100.0
2026-01-14,631.4177408326162,637.0239308670776,620.4344291949926,636.048095703125,2105700.0
2026-01-15,642.211867870051,649.6004638111567,641.3156506127934,644.4423828125,2052800.0
2026-01-16,649.212154494662,652.9064831697896,638.298553910055,644.1536865234375,2554900.0
2026-01-20,640.7800454047223,642.8760305313668,623.9321165959363,627.8047485351562,2659000.0
2026-01-21,632.4659153407424,645.9702355620277,626.128005656419,644.1536865234375,2490700.0
2026-01-22,647.8765384804376,654.533907925249,639.6821782128686,647.1778564453125,1565700.0
2026-01-23,642.8960686125528,645.2715511220819,622.3851289393759,625.4293212890625,2267800.0
2026-01-26,626.8066755140387,637.7857733335521,618.0832929936029,634.7116088867188,2532900.0
2026-01-27,638.7838784489842,642.9060355381346,632.0267232406292,637.6959228515625,1827500.0
2026-01-28,636.7577097226922,646.0500774825832,627.7848021330749,642.0576782226562,2720700.0
2026-01-29,653.9250189697414,678.6978629395247,641.5086552096884,663.9758911132812,4441900.0
2026-01-30,654.4041891286149,676.5420364273238,649.0743091405816,656.1109008789062,3300100.0
2026-02-02,658.5662182249329,690.0662455181919,656.1807450791478,689.5971069335938,4450000.0
2026-02-03,693.0405617977318,708.680829509524,690.0862253810304,701.5543823242188,3524700.0
2026-02-04,705.656580247396,721.7858467057549,673.7173856675988,690.5054321289062,7146700.0
2026-02-05,680.2448999136648,685.1954967372362,663.806225831836,677.0210571289062,2792800.0
2026-02-06,691.2539680724791,726.0178002725005,689.2078757187766,724.820068359375,3359700.0
2026-02-09,723.123324785955,742.0872215022189,720.2388016648257,740.7098388671875,2496800.0
2026-02-10,741.3386333870208,750.5710566234125,736.2682692982056,740.9593505859375,4008700.0
2026-02-11,757.2383477300212,774.0662957102252,754.663233192813,773.52734375,3926300.0
2026-02-12,775.2141203737337,788.3091846105693,754.5734242387266,756.8490600585938,4893400.0
2026-02-13,763.5463514387212,782.510247748964,745.999739795348,772.7288818359375,3232800.0
2026-02-17,763.5463579388321,772.9484411321599,748.5748607243452,763.3068237304688,3450300.0
2026-02-18,763.6561226404459,771.2317269197716,748.9541320943854,750.5410766601562,2563700.0
2026-02-19,750.5710790332733,760.5520774246734,742.7360196636963,759.0848999023438,2908000.0
2026-02-20,753.5653424199725,770.5030666368694,750.6808194025572,758.2963256835938,2095100.0
2026-02-23,757.5078606846106,766.5206702635879,751.3496019329682,755.0325317382812,2289600.0
2026-02-24,753.5653615568204,772.4693745205891,750.2616536005371,766.7702026367188,2615300.0
2026-02-25,771.0320816140714,776.1223661347269,755.3020193022942,765.1532592773438,2606500.0
2026-02-26,769.1456645551114,769.1456645551114,727.0159114072754,751.499267578125,3350900.0
2026-02-27,743.803930375333,750.0620358397822,729.6508820143395,741.4185180664062,3441900.0
2026-03-02,732.0962057771593,754.2939353765836,723.6822318513574,750.8904418945312,2473100.0
2026-03-03,726.8861941225689,730.2796970464432,705.2573266044255,720.8077392578125,3332700.0
2026-03-04,735.689428725424,744.592462130189,729.4513048029638,730.5791015625,2823700.0
2026-03-05,718.6318748073958,726.6865477144968,692.2620944586389,704.7383422851562,3713200.0
2026-03-06,681.1731643019936,695.0068742964228,673.7872620837095,679.606201171875,3564400.0
2026-03-09,663.9559240037976,707.2834707164229,661.5904323360513,703.480712890625,3584400.0
2026-03-10,711.4256234981032,729.4013501993434,708.9303739321189,715.3181762695312,3089100.0
2026-03-11,712.1442265716278,719.0510603171668,702.2929861525735,706.2454833984375,1947500.0
2026-03-12,691.6831913122745,702.4327461172825,678.4683591358591,699.3585815429688,3231800.0
2026-03-13,703.0016340433469,705.5866783889378,685.8742075041827,692.6712646484375,2042200.0
2026-03-16,704.0296612307346,708.6508682450784,693.28010673519,698.4503173828125,2145500.0
2026-03-17,706.0158770978132,707.6527754302717,693.5895221014149,700.6660766601562,1824900.0
2026-03-18,699.9773921129927,710.4874126057266,691.3837671632582,692.302001953125,1796200.0
2026-03-19,675.2045033516707,692.1721994339167,667.7287458248552,687.3414306640625,2240200.0
2026-03-20,685.3252553634701,692.7411294028627,669.166017522727,679.586181640625,5131100.0
2026-03-23,697.6717565538422,710.647053886031,693.2401910282354,700.3666381835938,2981000.0
2026-03-24,692.4816144993522,719.7796800070197,691.7131190945474,715.2682495117188,2098300.0
2026-03-25,725.8680661572424,727.9640513308992,715.6375433960025,717.6736450195312,1591500.0
2026-03-26,708.720752494015,716.6057045872205,695.1066562134266,701.8538208007812,2428700.0
2026-03-27,693.1503268744318,707.0139474772166,691.014439637954,694.07861328125,2059800.0
2026-03-30,700.8756834993125,701.6541696664626,663.3071923525498,666.1617431640625,2610000.0
2026-03-31,678.7078873502261,707.5430061848704,670.7230886755175,707.1138305664062,3002200.0
2026-04-01,720.6280533561188,738.6038404452144,718.3723380680742,728.9322509765625,2435800.0
2026-04-02,704.2292904607782,734.0125546852682,704.109523357077,715.8571166992188,1764300.0
2026-04-06,715.3780576309246,721.1969966583447,702.9317820751278,719.8695068359375,1246500.0
2026-04-07,718.2226559053267,724.3509423277178,707.582878011192,723.0634155273438,1549100.0
2026-04-08,763.1670947842849,772.928540460653,751.6689651333924,770.1138916015625,3014000.0
2026-04-09,771.5311306280439,794.0083571878253,771.5211398831668,785.5744018554688,2801900.0
2026-04-10,789.1675835189072,796.3339330605637,784.7460085375411,789.1575927734375,1872000.0
2026-04-13,786.9218170439946,797.0225820153474,783.8377228167669,790.2255249023438,1820100.0
2026-04-14,794.4874583800558,796.4836580242269,780.553962932838,792.7407836914062,1866300.0
2026-04-15,785.6043037102696,788.4688451733938,755.2122144835043,768.7064819335938,2764700.0
2026-04-16,766.5406541503489,771.3415118001224,753.0164139074433,771.1917724609375,2005100.0
2026-04-17,779.0268691367888,800.2464802094331,774.5254293813317,793.1400146484375,2818800.0
2026-04-20,790.9000244140625,799.6300048828125,786.8300170898438,798.4000244140625,1454100.0
2026-04-21,804.8800048828125,820.2000122070312,797.7899780273438,800.4500122070312,2293500.0
2026-04-22,812.5,817.8499755859375,805.47998046875,808.8699951171875,1628400.0
2026-04-23,817.1099853515625,845.27001953125,815.4600219726562,835.239990234375,2601800.0
2026-04-24,839.260009765625,839.5,826.6500244140625,830.7899780273438,2253900.0
2026-04-27,829.760009765625,836.02001953125,816.719970703125,828.7899780273438,1986700.0
2026-04-28,814.3499755859375,825.0,805.0,817.8699951171875,1875600.0
2026-04-29,822.9299926757812,823.2100219726562,809.0999755859375,810.0499877929688,2566300.0
2026-04-30,856.6300048828125,896.97998046875,850.7999877929688,890.1099853515625,5203300.0
2026-05-01,896.8400268554688,905.0,879.5800170898438,889.6699829101562,2376500.0
2026-05-04,887.280029296875,892.8400268554688,869.5900268554688,874.780029296875,2669900.0
2026-05-05,888.0999755859375,908.9000244140625,888.0999755859375,904.5900268554688,2581100.0
2026-05-06,913.5,930.5399780273438,905.3499755859375,926.9299926757812,3010600.0
2026-05-07,929.9600219726562,931.3499755859375,886.8800048828125,895.6900024414062,2957300.0
2026-05-08,911.0,914.77001953125,893.8499755859375,897.4500122070312,2030300.0
2026-05-11,903.6099853515625,929.0,895.0599975585938,926.7899780273438,2811700.0
2026-05-12,912.0,915.0900268554688,894.510009765625,912.1400146484375,2348900.0
2026-05-13,912.5,922.989990234375,897.3800048828125,902.2999877929688,1957100.0
2026-05-14,910.0,920.3499755859375,902.5,920.219970703125,2095600.0
2026-05-15,898.75,899.72998046875,880.2000122070312,888.3099975585938,2907900.0
2026-05-18,893.3200073242188,893.3200073242188,850.8300170898438,863.9500122070312,2720500.0
2026-05-19,861.5900268554688,869.8599853515625,845.5499877929688,860.1500244140625,3239700.0
2026-05-20,871.219970703125,877.760009765625,857.0599975585938,872.5599975585938,2415600.0
2026-05-21,864.9000244140625,872.6699829101562,858.5999755859375,865.9500122070312,1860700.0
2026-05-22,878.0,893.8400268554688,861.0599975585938,879.8900146484375,1987600.0
2026-05-26,884.9500122070312,909.5599975585938,878.02001953125,908.5499877929688,2255700.0
2026-05-27,905.1799926757812,911.6699829101562,889.8300170898438,909.9299926757812,2463400.0
2026-05-28,898.5599975585938,905.0,880.469970703125,887.6699829101562,2750600.0
2026-05-29,886.6900024414062,890.8099975585938,866.1900024414062,875.8699951171875,5195400.0
2026-06-01,860.1599731445312,873.77001953125,853.3699951171875,865.3599853515625,2675000.0
2026-06-02,876.6699829101562,911.9600219726562,873.1199951171875,909.8099975585938,2822600.0
2026-06-03,914.4299926757812,936.7100219726562,912.3900146484375,926.1799926757812,2509300.0
2026-06-04,913.989990234375,946.8300170898438,903.0,940.47998046875,3077000.0
2026-06-05,929.9299926757812,934.030029296875,901.5,904.280029296875,2780500.0
2026-06-08,917.0,927.3400268554688,902.739990234375,915.6400146484375,2550600.0
2026-06-09,927.489990234375,938.1799926757812,876.989990234375,914.7000122070312,3007300.0
2026-06-10,901.739990234375,906.0,854.72998046875,856.1599731445312,3611200.0
2026-06-11,872.4000244140625,900.6500244140625,870.030029296875,897.6300048828125,3463300.0
2026-06-12,905.239990234375,918.97998046875,899.2000122070312,910.5700073242188,2097200.0
2026-06-15,935.0,946.0999755859375,928.5,933.9299926757812,2449600.0
2026-06-16,942.7999877929688,961.3300170898438,939.1699829101562,945.4600219726562,2834400.0
2026-06-17,956.97998046875,975.6400146484375,953.0,955.9199829101562,2743900.0
2026-06-18,979.0,994.489990234375,976.3300170898438,985.8200073242188,6173700.0
