date,open,high,low,close,volume
2016-06-06,66.34854354698327,66.8068451641213,66.07356557373558,66.23724365234375,5948200.0
2016-06-07,66.67586057129917,67.89362516102736,66.52527962459028,67.64483642578125,9807000.0
2016-06-08,67.79543463333057,68.14243121989375,67.21928483370279,67.4942626953125,6318100.0
2016-06-09,66.80682510002694,67.52045891080485,66.80027658023293,67.31095123291016,4247500.0
2016-06-10,67.08830916768457,67.41566501997536,66.29610860454731,66.76750183105469,8108400.0
2016-06-13,66.45325086562991,67.5007887965205,66.37468364766755,66.84607696533203,6360100.0
2016-06-14,66.62351392730545,66.81338106202408,65.81166721435872,66.30924987792969,6924000.0
2016-06-15,65.88363647460938,66.54489668923914,65.63484782719948,65.88363647460938,5627000.0
2016-06-16,65.45152532767055,66.29610396690607,64.6658683400997,66.17170715332031,8043000.0
2016-06-17,66.41398134735915,66.61039193396809,65.7330803246589,66.49909210205078,8762200.0
2016-06-20,67.3567627020535,67.69721570865622,67.17344415775466,67.17999267578125,6627000.0
2016-06-21,67.23235687769036,67.72993425322731,66.95737412325138,67.59244537353516,4938700.0
2016-06-22,67.76267496459965,67.79541255439194,66.90500405863436,66.97047424316406,4866400.0
2016-06-23,67.72994441213011,68.38465631556319,67.48115568704549,68.37811279296875,5593600.0
2016-06-24,66.42705127905299,67.44185645479601,66.23718427865347,66.71512603759766,11481400.0
2016-06-27,66.2895794794223,66.38778726284734,65.15692570135695,65.7068862915039,8248700.0
2016-06-28,66.26996174088198,66.78063639646939,65.89022751157856,66.53839111328125,7171100.0
2016-06-29,67.12107010762026,68.53525038448788,66.9770376676187,67.71031188964844,8887500.0
2016-06-30,67.80196641416534,68.74475319931663,67.6186478715094,68.63345336914062,7649700.0
2016-07-01,68.60069904224785,68.66616922079132,67.94598726670426,68.188232421875,6117800.0
2016-07-05,67.76267257020874,68.00491773896928,67.33710889322063,67.80850219726562,7766600.0
2016-07-06,67.60554528951897,68.48285674831148,67.0817738249783,68.46976470947266,6166900.0
2016-07-07,68.67273085396317,68.74474956263322,66.87227312732279,67.46806335449219,7707400.0
2016-07-08,68.0114688093128,68.72510736132578,67.4353241487858,68.59416198730469,9043600.0
2016-07-11,68.6203498380354,69.39945856563328,68.61380631574252,69.00008392333984,7206100.0
2016-07-12,69.59587445837967,70.25058633477062,69.51730723499287,69.9101333618164,8377200.0
2016-07-13,69.91013821744265,70.18511602581225,69.30780444814098,69.82502746582031,5959900.0
2016-07-14,70.1851211827388,70.4339149281631,69.68099516368666,69.8577651977539,4750900.0
2016-07-15,70.27022996160963,70.4077188622513,69.65479917249937,70.07381439208984,6164300.0
2016-07-18,69.83811574587912,69.89049389562119,69.41255202057154,69.45838165283203,4931500.0
2016-07-19,69.38637043410252,69.57623249239333,69.17031430494413,69.42565155029297,4630800.0
2016-07-20,69.35363951938652,69.48457991600132,68.74475718452138,69.13103485107422,6802000.0
2016-07-21,69.00663244068791,69.30125078563314,68.65963594706857,69.00008392333984,5701000.0
2016-07-22,69.18996429558112,69.3994719355844,68.8757003380481,69.17687225341797,5255400.0
2016-07-25,68.65309805888965,68.81677605254616,67.29129595285409,67.48116302490234,7784000.0
2016-07-26,67.15383422034327,67.54011703916258,66.83302662153461,67.2258529663086,6101100.0
2016-07-27,67.22581396394291,67.64482915460972,66.64966932553979,66.95083618164062,5412200.0
2016-07-28,66.83953036998197,66.9246461073186,66.11280481192053,66.64311981201172,8226200.0
2016-07-29,65.8181729525035,67.21271220913285,65.37296875239133,67.09486389160156,10157600.0
2016-08-01,66.34196540724624,66.84609142851265,64.5676965602417,64.88850402832031,11550600.0
2016-08-02,65.15693677774189,65.5170303798295,64.10285504129386,65.20276641845703,9752700.0
2016-08-03,65.24204447177256,65.89020788036255,65.00634777863883,65.87056732177734,6611700.0
2016-08-04,65.6545056475878,66.17827714259269,65.47118712285264,65.72652435302734,6088100.0
2016-08-05,66.11933542855726,66.17171356514797,65.28785373915944,65.8050765991211,6710500.0
2016-08-08,66.11935466463487,66.57110748281342,65.94258464603114,66.25684356689453,5447500.0
2016-08-09,66.68239991844403,66.78060769347483,65.97530993228818,66.33540344238281,4957300.0
2016-08-10,66.55146734518327,66.65621865444783,65.43191056680385,65.56285095214844,5081300.0
2016-08-11,65.8967529461055,66.68895373622676,65.72652645552533,66.38778686523438,4836600.0
2016-08-12,66.61037796211075,66.99666052634505,66.29611909143152,66.88536071777344,5199000.0
2016-08-15,67.17998533160541,67.47460367486977,67.05558847797793,67.28473663330078,4886300.0
2016-08-16,67.28474148775888,67.38949779206737,66.99667164102156,67.18653869628906,5384300.0
2016-08-17,67.15344628897357,67.68273655466061,66.83587112002415,67.62980651855469,5311600.0
2016-08-18,67.90107259974593,68.5428354865379,67.52395487884681,68.50975799560547,6944400.0
2016-08-19,68.19218405975212,68.23187906868658,67.56365619575149,67.69597625732422,5057200.0
2016-08-22,67.31884961471334,67.74889732940598,66.98142694039312,67.4445571899414,5494900.0
2016-08-23,67.50409217719158,67.5967172072479,67.15343955659472,67.27252960205078,4929700.0
2016-08-24,67.08729945578355,67.67613234207865,67.0079043860171,67.61658477783203,5178300.0
2016-08-25,67.67613659554377,67.67613659554377,67.17331121746098,67.41149139404297,4490100.0
2016-08-26,67.55704328226236,67.8018409653099,66.73003022185632,67.03437042236328,4776200.0
2016-08-29,66.98141106452448,67.63640875607905,66.82262603976197,67.51731872558594,4026900.0
2016-08-30,67.51734190418513,67.9010720917881,67.0674466398389,67.28577423095703,3712800.0
2016-08-31,66.95495679145017,67.04096935640943,66.10809645997443,66.54476165771484,6249100.0
2016-09-01,66.39261285942435,66.54478549585141,65.81039743489094,66.29998779296875,6045000.0
2016-09-02,66.74987164867663,67.12698936796967,66.33305892135905,66.77633666992188,4676600.0
2016-09-06,66.96159509967995,67.88785076772511,66.80281000014537,67.76876068115234,5429000.0
2016-09-07,67.98046738125994,68.17895251677625,67.6430446699569,68.06647491455078,5284300.0
2016-09-08,68.3708413147008,69.03906947640824,67.79524328673783,68.88690185546875,5788800.0
2016-09-09,68.37744812827,68.41714819299834,66.97483701750186,67.00129699707031,7808700.0
2016-09-12,66.95496531741689,67.848143326952,66.53815261460386,67.649658203125,8149100.0
2016-09-13,67.25269613937783,67.25269613937783,65.61190017592642,65.78392028808594,9300400.0
2016-09-14,65.57885316614144,66.1279862005561,64.95031998436498,65.11572265625,8201400.0
2016-09-15,65.1686203539671,66.41906352851764,65.1223078307499,65.83023071289062,6701600.0
2016-09-16,65.05614919909051,65.37371935147758,64.52685888153002,64.7319564819336,12725600.0
2016-09-19,65.05615596395299,65.40019117276121,64.83120578890804,64.86428833007812,6182000.0
2016-09-20,64.95028566941663,65.15538830662142,64.62609801715178,64.63932800292969,5771900.0
2016-09-21,65.06936891180955,65.95592929659196,65.00320889448209,65.91622924804688,6361600.0
2016-09-22,66.50509241502196,66.65726506742415,66.05519702457003,66.1478271484375,5416700.0
2016-09-23,65.72436375913172,66.52491665167159,65.41341116301365,65.64497375488281,7396800.0
2016-09-26,65.8236016142155,66.34627431152263,65.27446894917117,65.3538589477539,5781800.0
2016-09-27,64.99660310383803,65.93609369104092,64.69888044831238,65.48619842529297,6476100.0
2016-09-28,65.8434725644852,67.66951889753109,65.33403471729228,67.58351135253906,10190900.0
2016-09-29,67.48427491104376,67.66290753541388,66.47862911374418,67.00129699707031,8148400.0
2016-09-30,67.3717883697177,68.54283655893039,66.97482313851104,68.09294128417969,9431500.0
2016-10-03,67.84813986216822,68.03338994284724,67.42470966413445,67.78197479248047,4334700.0
2016-10-04,67.95401778754514,68.09295539487475,66.66387925685032,67.00129699707031,6505400.0
2016-10-05,67.47765393639175,68.05987441083545,67.31886882867417,67.63644409179688,5912800.0
2016-10-06,67.69597282626403,67.94738294958461,67.04759244297148,67.60334777832031,4362900.0
2016-10-07,67.8150678197022,68.45683073255269,67.60997020545851,67.66289520263672,5844500.0
2016-10-10,68.28481523480191,69.0853632887736,68.28481523480191,68.79425811767578,5982700.0
2016-10-11,68.66193070567127,68.87364584471827,67.93416023067765,68.1723403930664,5337300.0
2016-10-12,67.9738591117575,68.03340667958842,67.21962357048173,67.58351135253906,4935100.0
2016-10-13,67.1468411020633,67.29901372188829,65.90301531129899,66.6837158203125,7883000.0
2016-10-14,67.14022500110993,67.45779516351121,66.56462214118835,66.87557983398438,5114700.0
2016-10-17,66.78296160956346,67.14684433483329,66.57124646375767,67.06083679199219,4540800.0
2016-10-18,67.47763406873621,67.64965416259957,66.90203632985225,67.3453140258789,4720900.0
2016-10-19,67.7952203147995,68.60899830193125,67.64304769773402,67.66289520263672,5905700.0
2016-10-20,67.24608939116797,67.62982468448122,66.61756144856217,67.39826202392578,4820900.0
2016-10-21,66.86235852016806,67.19316378503758,66.57786579047276,67.02114868164062,5622400.0
2016-10-24,67.19316271428248,67.2063977513715,66.20074693548852,66.59771728515625,6077300.0
2016-10-25,66.65724883357782,67.2659291995711,66.50507621823607,66.67047882080078,4730700.0
2016-10-26,66.37275377496806,67.1733017369492,66.07503112010339,66.94835662841797,6353700.0
2016-10-27,67.1600639076541,67.47102156064219,66.10810089111328,66.10810089111328,9897800.0
2016-10-28,66.90205398026838,69.48894834872374,66.7895763617106,68.68840026855469,17435400.0
2016-10-31,68.6883826257421,69.77342313733219,68.6619176074489,69.30368041992188,12340800.0
2016-11-01,69.80654009372984,70.62031835485347,69.7668400228709,70.44830322265625,12755600.0
2016-11-02,69.8991242662107,70.1637693770509,68.97286890211282,69.72710418701172,8405200.0
2016-11-03,69.81972921865295,70.25639440869213,69.43599406031893,69.72710418701172,5703200.0
2016-11-04,69.63449744220868,69.79328253133737,69.05889455354757,69.32353973388672,7085400.0
2016-11-07,70.13071677109453,70.779097316942,69.98516164563769,70.69308471679688,7333800.0
2016-11-08,70.50781636551925,71.57962697352087,70.40857380127505,70.98417663574219,8050000.0
2016-11-09,70.15716837372759,71.62594428928819,69.92560574012273,71.21574401855469,9161800.0
2016-11-10,71.14959219069645,71.78473765082458,70.95110702604318,71.31499481201172,8739500.0
2016-11-11,71.1098858984705,71.2223584516812,70.09100530704534,70.55413055419922,7939500.0
2016-11-14,70.22995195637262,70.61368723799339,69.85944666308585,70.52105712890625,7656000.0
2016-11-15,71.116512549889,72.15524085223574,71.0569700266753,72.08908081054688,12156500.0
2016-11-16,72.30288587142094,72.83747488232177,71.9954989745295,72.40312194824219,7723700.0
2016-11-17,72.83749467681803,73.57255094290338,71.8952824361466,72.24945068359375,6638100.0
2016-11-18,72.55014490408514,73.28520107905133,72.2694879260794,72.97113037109375,6815500.0
2016-11-21,73.74628173724457,74.17395095652374,73.55249332566194,73.6259994506836,8476800.0
2016-11-22,74.03364249717521,74.17397101975043,73.04465397369479,73.9200439453125,6440500.0
2016-11-23,73.77302611993966,74.48803621363147,73.53246149979847,74.17396545410156,4472700.0
2016-11-25,73.86657846130343,74.32097773287899,73.58592143721212,74.17396545410156,3238600.0
2016-11-28,74.14054695675276,74.55485379776805,73.75965384902997,73.83984375,6406700.0
2016-11-29,72.90430732066481,73.3186141163445,72.43654569507432,73.06468200683594,7461900.0
2016-11-30,74.87561794057167,75.49707573297167,74.37444246599816,74.54817962646484,17301900.0
2016-12-01,75.37009906727343,76.78675671188545,75.1963568329767,75.70421600341797,11792300.0
2016-12-02,75.64407412070406,76.05169720044854,75.02930016700483,75.51042938232422,6167400.0
2016-12-05,75.77105021265297,76.49942789835471,75.53048557317538,75.67749786376953,6909800.0
2016-12-06,75.10278830629522,75.83784438768865,74.98250603128766,75.35003662109375,6033600.0
2016-12-07,75.53713570886698,76.49939383834885,75.39012348372744,76.47266387939453,6434100.0
2016-12-08,76.66648315396414,77.11419867588239,76.31231487875702,76.96050262451172,5519700.0
2016-12-09,76.84021672667629,77.50845064400977,76.8268542915465,77.38816833496094,5771600.0
2016-12-12,78.6979015951534,79.51314774230113,77.89602298057328,78.28359985351562,10044700.0
2016-12-13,78.78479725788878,79.05877057337587,77.53519772137967,78.46404266357422,8644200.0
2016-12-14,77.9895787510565,78.77141119944432,77.35475857806883,77.4884033203125,7878400.0
2016-12-15,77.2678629738595,78.4439557449932,77.08744211322299,78.21675872802734,7458300.0
2016-12-16,78.74468000838738,79.23917676309337,78.46402299510238,78.90505981445312,13752300.0
2016-12-19,79.09882776655826,79.15228258984645,78.46400266965593,78.6176986694336,5772500.0
2016-12-20,78.75136153074592,79.27258314005665,78.63107922873422,78.81818389892578,4319100.0
2016-12-21,79.07880911438545,79.51984600153999,78.7580596493829,78.79147338867188,5024600.0
2016-12-22,78.8115044050754,79.51314691094193,78.69790077231809,79.36613464355469,4992500.0
2016-12-23,79.12557688605779,79.31936022655847,78.88501227924732,79.13225555419922,2682900.0
2016-12-27,79.18570082912713,79.45299535367937,78.92509006969891,78.99859619140625,2986900.0
2016-12-28,79.0587629101004,79.42629364939584,78.68455350152381,78.79147338867188,4086700.0
2016-12-29,78.85829696494064,79.13227025802601,78.5041337552781,78.73133087158203,3214500.0
2016-12-30,78.47740113959719,79.01198527077489,78.39052745834303,78.65113830566406,5020500.0
2017-01-03,79.10552881994974,79.51983568154901,77.90938950337363,78.7513656616211,7404800.0
2017-01-04,79.12559158864359,79.285966323577,78.58431857363436,78.73133087158203,6679900.0
2017-01-05,78.85157819404404,79.17233261974448,77.9962398564677,78.39049530029297,5928600.0
2017-01-06,78.48406962060552,78.57094329058246,77.76905955057872,78.07644653320312,4762500.0
2017-01-09,77.70890374336831,77.75567990214667,76.92038771094813,77.40819549560547,6891800.0
2017-01-10,77.22109918747537,77.77573448581174,76.773383748287,76.82015991210938,6184400.0
2017-01-11,76.94713166511127,77.81583264299314,76.75334322972797,77.46835327148438,6158200.0
2017-01-12,77.8492674441608,78.17670070376305,77.120894771014,77.6220703125,4940000.0
2017-01-13,77.42157125289727,78.103167510129,77.25451279690503,77.76905059814453,4953000.0
2017-01-17,77.78241462206448,78.02965786292319,77.58862621006595,77.70222473144531,4669700.0
2017-01-18,77.30128677487859,77.54185135256274,77.11418212517299,77.47502899169922,4855300.0
2017-01-19,77.44160975675601,77.48838591585705,77.0406705218587,77.23445892333984,3427800.0
2017-01-20,77.72895477030123,78.01629550585757,77.0740834084917,77.2478256225586,6730900.0
2017-01-23,76.92707728523801,77.48839123296678,76.84020362793287,77.10749816894531,5104100.0
2017-01-24,77.41489042129277,78.25686649890719,77.25451572496326,77.76237487792969,5024400.0
2017-01-25,78.11654528780097,78.47070844524336,77.74233083050514,78.34374237060547,5276800.0
2017-01-26,78.5174723603834,78.73130697479779,77.84923855306099,77.88265228271484,6937300.0
2017-01-27,75.86458023840456,76.64641253754243,75.41018106401158,76.03832244873047,11698900.0
2017-01-30,75.61065308929962,76.04500606515445,73.98684480292044,74.7219009399414,8252900.0
2017-01-31,74.7686991315078,74.97585003253947,74.01359657434348,74.40785217285156,7951000.0
2017-02-01,74.30761019941545,74.69518709833407,74.06704557927426,74.17396545410156,5889300.0
2017-02-02,74.28754967005108,75.00255962584325,73.9801627365368,74.98251342773438,6289000.0
2017-02-03,75.11618575132746,76.36578005788898,74.93575971785101,75.8913345336914,6623500.0
2017-02-06,75.6975144800456,75.8445267131782,75.14287927257939,75.4970474243164,5637300.0
2017-02-07,75.49705707773487,75.5772418709919,74.24745803454667,74.43456268310547,6038400.0
2017-02-08,74.26082278812511,74.70185955769914,73.7195550238474,74.56153106689453,5188800.0
2017-02-09,74.56153855673585,75.26318108124016,74.56153855673585,75.01593780517578,4607800.0
2017-02-10,75.34335869828563,75.81112030501836,75.08943169723345,75.54383087158203,6194300.0
2017-02-13,75.75099197594024,76.17197747904169,75.54384110749315,76.11852264404297,4858500.0
2017-02-14,76.01731370016593,76.2804190060364,75.41014563007299,75.90937042236328,5811200.0
2017-02-15,75.70027078534396,76.3951392207554,75.70027078534396,75.9431381225586,7048100.0
2017-02-16,76.226454199813,76.226454199813,74.49940277631394,74.66806030273438,9478200.0
2017-02-17,74.49266004380648,74.59385559586809,73.7168343406935,74.43194580078125,8111000.0
2017-02-21,74.70178477108495,75.76769629654132,74.61407957393305,75.36966705322266,6619100.0
2017-02-22,75.01212928464963,75.41015860926129,74.41845144859202,74.4656753540039,5732000.0
2017-02-23,75.11332714587901,75.44389966358966,74.7152977817648,74.89744567871094,8659700.0
2017-02-24,74.81647859512543,74.89743091246586,73.85175735300497,74.29026794433594,6189400.0
2017-02-27,74.64783092237533,75.74072852685123,74.45893529429406,75.38992309570312,7275800.0
2017-02-28,75.32921759101252,76.07130985045391,75.21452653463723,75.89590454101562,7030200.0
2017-03-01,76.17922950225237,77.17093657076462,76.15224368066478,76.82687377929688,7353800.0
2017-03-02,76.68521556847001,77.08999266946321,76.44234827847006,76.47608184814453,5892500.0
2017-03-03,76.47608953383774,76.83364276143213,76.37489396166447,76.6042709350586,4905600.0
2017-03-06,76.40185677367144,76.57051429414312,76.01057009089257,76.34788513183594,4731900.0
2017-03-07,76.59750173533736,76.82687349746163,75.34943708685027,75.43038940429688,6660300.0
2017-03-08,75.34268145672559,75.50459122168682,73.80452582204721,73.94619750976562,9071600.0
2017-03-09,73.74382294330185,74.32400530683087,73.20412189033469,74.2363052368164,7247400.0
2017-03-10,75.15381578872677,75.16056353283325,73.83154102999337,74.62085723876953,6560300.0
2017-03-13,74.55337108767283,74.75575702211958,73.74381190882882,73.77079772949219,6369300.0
2017-03-14,73.1771234701611,73.24458544679277,72.26637391808649,72.42828369140625,9935700.0
2017-03-15,72.91402669888008,73.52119485372101,72.54972580597551,73.45372772216797,9472100.0
2017-03-16,73.40647555043009,73.45369943612023,72.48223590949196,72.76557922363281,8894700.0
2017-03-17,72.86004645229967,73.14338984210741,72.6441650390625,72.6441650390625,14353400.0
2017-03-20,72.3675658052974,72.75885248367501,72.19890828672281,72.63067626953125,5301900.0
2017-03-21,72.90054478396947,73.01523584074734,72.45529148554994,72.88705444335938,7406300.0
2017-03-22,72.6239364476593,73.43349056629604,72.53623123434363,73.12316131591797,8106800.0
2017-03-23,73.05568988677571,73.44022881547254,72.69138903637574,72.77234649658203,5451200.0
2017-03-24,72.81284871905316,73.1434161259505,72.65768148486502,72.85332489013672,6339900.0
2017-03-27,72.1854263057047,72.4215458296372,71.389362520004,71.69969177246094,6479400.0
2017-03-28,71.69968189275505,72.68464116188137,71.59174375969599,72.30010223388672,6331500.0
2017-03-29,72.15169234874783,72.91402771091458,72.10446844421693,72.90727996826172,4919900.0
2017-03-30,72.96125442185837,73.31880759091959,72.32035266769337,72.71163940429688,6797700.0
2017-03-31,72.65767503256576,72.95451398620654,72.21916949271316,72.43505096435547,6159000.0
2017-04-03,72.33385665005206,72.83982934050064,71.76716456029907,72.72514343261719,5800900.0
2017-04-04,72.77909728032999,73.34578927149958,72.19217235560586,73.30531311035156,4687400.0
2017-04-05,73.97320998267841,74.66133059197334,73.23786031344099,73.29183197021484,6398800.0
2017-04-06,73.6156302929693,73.97318338324051,73.36601533041268,73.73031616210938,3934500.0
2017-04-07,73.79104436791552,73.92597348688399,73.31205757637157,73.44023895263672,4889400.0
2017-04-10,73.61564200151578,74.34423863377363,73.51444645211292,73.82477569580078,4812100.0
2017-04-11,73.8922566566719,73.89900440090356,72.90054928246943,73.51446533203125,3956500.0
2017-04-12,73.77757073983753,73.77757073983753,73.1636546902757,73.51446533203125,5053300.0
2017-04-13,73.29183144615992,73.35929344313462,71.46358404893705,71.5782699584961,6894800.0
2017-04-17,71.62545776367188,71.83459653999022,71.27465246803706,71.62545776367188,5278800.0
2017-04-18,71.38260667313783,71.96953669200892,71.05203937716215,71.29490661621094,4252700.0
2017-04-19,71.4365794339158,71.6052369555082,70.04684310304053,70.31669616699219,6667900.0
2017-04-20,70.43139886938624,71.30167250631581,70.40441304184343,70.75521850585938,4988100.0
2017-04-21,70.70123339610393,71.12624848728488,70.3571706192323,70.76194763183594,5432600.0
2017-04-24,71.36912945429765,71.78740203109975,71.08578600566719,71.46357727050781,4538200.0
2017-04-25,71.71319705799142,72.16519808657722,71.63223957571414,72.00328826904297,4619000.0
2017-04-26,71.78065501982613,72.50925687832198,71.49056382507426,71.56477355957031,6687400.0
2017-04-27,71.48380369197093,71.49729917609658,70.61353025855475,71.15323638916016,5781800.0
2017-04-28,72.2191645421781,72.59020806177422,71.504053034429,71.98303985595703,6848400.0
2017-05-01,71.6862021870195,72.00327918549608,71.34888710728181,71.45682525634766,4955500.0
2017-05-02,71.58499782590657,71.86834122273906,70.89687226557736,71.07902526855469,5112200.0
2017-05-03,71.07902370057384,72.36082184699303,70.92385652172051,71.99652099609375,5663000.0
2017-05-04,71.67269851871137,71.7334179025821,70.2559763749625,70.70797729492188,8039900.0
2017-05-05,70.78218770642775,71.43657971631623,70.63376826331665,71.3691177368164,5060000.0
2017-05-08,71.46357842837921,71.99653691249733,71.38936869343743,71.96955108642578,5175100.0
2017-05-09,71.85485802989683,72.0167678231816,70.71473144026344,70.89013671875,5024000.0
2017-05-10,71.38935770570824,72.0707355548372,71.20046209930082,71.84810638427734,5582800.0
2017-05-11,72.23938819715848,72.23938819715848,71.26117152009097,71.65245819091797,4632100.0
2017-05-12,71.55127241072962,71.7064396106746,71.1599908335572,71.48381042480469,4488200.0
2017-05-15,72.28662726468224,72.66441853123133,71.96955024581999,72.08423614501953,6647500.0
2017-05-16,72.56996163220789,72.63068101931546,72.14494651053231,72.35408020019531,5001400.0
2017-05-17,72.35408244507974,72.42223067872128,71.29777182519341,71.35228729248047,6384300.0
2017-05-18,71.25007756483824,72.0201625921359,70.76621307934846,71.67259979248047,5618100.0
2017-05-19,71.91109772388484,72.59259033203125,71.67257635090878,72.59259033203125,8383500.0
2017-05-22,72.98106627517893,72.98106627517893,72.0678683585824,72.32002258300781,4491100.0
2017-05-23,72.28595233886934,72.61988240701773,72.2246204730246,72.42224884033203,3457100.0
2017-05-24,72.30637970382607,72.48356927457495,72.05423071403652,72.3881607055664,3457200.0
2017-05-25,72.30636722898605,72.72207815053468,71.36590926842378,71.6316909790039,5293800.0
2017-05-26,71.59081487399466,71.75437167681373,71.28414001940978,71.36592102050781,3752500.0
2017-05-30,71.11376357665482,71.35910136933664,70.70486898864404,70.91613006591797,4288000.0
2017-05-31,70.56857067473666,70.80027569542693,70.24145189328236,70.52086639404297,8037900.0
2017-06-01,70.66397284317077,71.06605100130209,70.48678330260596,71.05923461914062,4769400.0
2017-06-02,70.75256643102325,70.83434742047045,70.03699707164503,70.26870727539062,5864000.0
2017-06-05,70.05746041715071,70.58902395784928,69.94160269210879,70.3232421875,4523300.0
2017-06-06,70.26870831420825,71.1819059793423,70.03018692401476,70.9910888671875,4683900.0
2017-06-07,70.85479989546323,71.16828592700823,69.8870814677317,70.71849822998047,7197100.0
2017-06-08,70.7185137495544,71.3795626739302,70.49362505106434,70.87525939941406,6493600.0
2017-06-09,70.88205147554059,72.57215032380618,70.88205147554059,72.51081848144531,6595600.0
2017-06-12,72.51083128450684,73.89426076648432,72.51083128450684,73.62847900390625,8690600.0
2017-06-13,73.83291692080184,73.93514186609046,73.02876052295228,73.68980407714844,6099700.0
2017-06-14,73.53990744103098,73.59442292603019,72.0610637737089,72.64714813232422,6202300.0
2017-06-15,72.57896437554271,72.78341424226652,72.14962589467405,72.4631118774414,5441400.0
2017-06-16,72.87883488396636,73.84655332166514,72.38134289873985,73.83973693847656,11633900.0
2017-06-19,73.81246010030236,73.86016437320154,73.01511502496909,73.23319244384766,4577800.0
2017-06-20,72.40861537957777,72.64713683742316,71.81571472775249,72.56536102294922,5171200.0
2017-06-21,72.1632582563074,72.85156730736351,70.82071686737301,71.20916748046875,6989400.0
2017-06-22,71.20236443307225,71.6521469420295,70.9025059608494,71.18191528320312,4197400.0
2017-06-23,71.04560508728028,71.84295019868296,71.03878870530752,71.55672454833984,5773300.0
2017-06-26,71.57717780934075,71.68621913759034,70.89568510591086,70.97064971923828,3602500.0
2017-06-27,71.37274613602739,71.48178228478801,70.89569803698886,70.92295837402344,4170300.0
2017-06-28,71.16831080042529,71.4886133270348,70.90252895906394,71.06608581542969,4162300.0
2017-06-29,71.13420798361098,71.65896028775718,70.90931933835371,70.95702362060547,4288600.0
2017-06-30,71.23643226570405,71.3659175446251,70.80027734651148,71.10013580322266,5497000.0
2017-07-03,71.03879429703505,72.89245518695313,71.03879429703505,72.44267272949219,4419100.0
2017-07-05,72.23140930392496,72.44267557499992,71.0592410363537,71.29776763916016,4482700.0
2017-07-06,71.33185423824767,71.64534032038526,70.67762173647648,70.7525863647461,5084800.0
2017-07-07,70.59583531158033,70.71169303690031,70.06427176960601,70.5276870727539,6457000.0
2017-07-10,70.4936217381712,70.58903032077484,69.92116504317156,70.22102355957031,4629000.0
2017-07-11,70.29599479771119,70.53451627664545,69.88710009105557,70.27555084228516,4322400.0
2017-07-12,70.87523468705088,71.38635416796711,70.51404441910361,70.8002700805664,3978100.0
2017-07-13,70.73895562396864,71.0183649718639,70.50724536533053,70.9638442993164,4439100.0
2017-07-14,71.13422438461949,71.3114139878554,70.69125817559673,71.17511749267578,3644300.0
2017-07-17,71.09332857646929,71.5362999356497,70.92977176055162,71.01836395263672,5572400.0
2017-07-18,71.28412937834091,71.28412937834091,70.541304893584,70.68441772460938,4339400.0
2017-07-19,70.57537628593457,71.20235346760492,70.54130477348724,71.188720703125,4932000.0
2017-07-20,71.55674252043322,71.80889672299536,70.75258082508564,71.3045883178711,5367800.0
2017-07-21,70.99793198958692,71.13422849263769,70.29599512005665,70.36414337158203,5304100.0
2017-07-24,70.31639715680853,70.58217881887795,70.13920764897051,70.33002471923828,4080400.0
2017-07-25,71.18191726002988,71.6589653153943,71.09332507231143,71.14102935791016,7093800.0
2017-07-26,71.30459169205481,72.29275939800989,71.01154957227195,71.6385269165039,5881400.0
2017-07-27,71.47497100795903,72.45632241381585,71.2909702190499,72.3132095336914,5888400.0
2017-07-28,72.72208384557892,74.371294896634,72.4835624455299,73.68299102783203,7812600.0
2017-07-31,73.86698945782635,74.96419306315536,73.70343267424121,74.41218566894531,7561200.0
2017-08-01,74.65070859152553,75.6252433292949,74.56892759836865,75.49575805664062,8162900.0
2017-08-02,75.22997516459978,75.78198256158603,74.86196850015013,75.27767944335938,6212300.0
2017-08-03,75.12094085593591,75.27086487896133,74.31677928072428,74.57574462890625,5605400.0
2017-08-04,74.57574643772661,75.10049352948464,74.57574643772661,75.0391616821289,4643500.0
2017-08-07,74.83472160072394,75.16184042762647,74.67798117068652,74.81427764892578,4762800.0
2017-08-08,74.96419162467389,75.44805078305345,74.80744602718762,75.20271301269531,4107300.0
2017-08-09,75.46848430509222,75.92508826980003,75.14137078938802,75.57070922851562,3966800.0
2017-08-10,75.80243537860817,75.9455482218149,74.98464101822823,75.0391616821289,4950700.0
2017-08-11,75.10051209937649,75.29814565535217,74.37131493737277,74.43946838378906,3383000.0
2017-08-14,74.45989846636753,74.84153273818747,73.81929362491809,74.08507537841797,4286100.0
2017-08-15,74.11233870632819,74.21456366166063,73.28091669537753,73.98966979980469,5310700.0
2017-08-16,74.08604088001609,74.285660133303,73.43900477626396,73.54225158691406,4186600.0
2017-08-17,73.383937667494,73.56290756196277,72.90210170348357,72.90898132324219,5870300.0
2017-08-18,72.8539139845021,73.88642413905538,72.61988087024677,73.2944564819336,5467400.0
2017-08-21,73.2944326189538,73.2944326189538,72.48219135175424,72.81259155273438,3560400.0
2017-08-22,72.95715009554571,73.59730646143998,72.83324869403015,73.21183776855469,5630900.0
2017-08-23,73.10857414509995,73.69366196172896,73.03974121107588,73.3839111328125,4185800.0
2017-08-24,73.3081896123211,74.11354592795595,73.19117310525264,73.95523071289062,5059700.0
2017-08-25,74.21680918189382,74.82943128410582,74.0103051074242,74.49903106689453,4384200.0
2017-08-28,74.71241085542324,74.74682469829213,73.83821627101294,74.17550659179688,3681600.0
2017-08-29,73.94837543126835,74.37514817391403,73.67992321864838,74.2443618774414,3230600.0
2017-08-30,74.05161703125903,74.23058164664062,73.72121152692388,74.15486907958984,3126000.0
2017-08-31,74.34071462938844,74.49903512866254,73.99654465425239,74.07914733886719,5508200.0
2017-09-01,74.12045261154564,75.13919813877102,74.00343607003701,74.86386108398438,3660300.0
2017-09-05,75.27685598308999,75.8963629771466,74.82254910357616,75.33192443847656,5198500.0
2017-09-06,75.71740228775367,77.25240284484443,75.57973638424116,76.94953155517578,8577300.0
2017-09-07,77.21799588628635,77.692952255845,76.65355719053451,76.95642852783203,5937800.0
2017-09-08,76.81184131754107,76.92197821428364,76.0822027572785,76.25428771972656,4033100.0
2017-09-11,76.97706010023057,77.48643020754297,76.76367113844545,77.45201110839844,5973400.0
2017-09-12,77.65854238496983,77.74802472180546,76.99773641268908,77.43138885498047,5110100.0
2017-09-13,77.43136918588546,78.69103271226268,77.28681840850707,78.59466552734375,5889400.0
2017-09-14,78.6497213046792,79.39312443248562,78.59465285028855,78.78050231933594,5819100.0
2017-09-15,79.04208246515498,79.09715092484979,78.21607132458497,78.90441131591797,8387600.0
2017-09-18,78.7598465756167,79.31052057163825,78.69101363901812,79.28987121582031,4954600.0
2017-09-19,79.33118621349873,80.13654276542977,79.28988749338457,80.08147430419922,6188000.0
2017-09-20,80.19161702184294,80.63903911134418,79.98511290311379,80.10213470458984,5378200.0
2017-09-21,79.99888970119892,80.20538858652357,79.73043747414403,80.17097473144531,4334500.0
2017-09-22,80.1296600436396,81.10710156035364,80.03328761440922,80.73539733886719,5307100.0
2017-09-25,80.69409715341794,81.45127007159213,80.54954113800889,81.21723175048828,5980300.0
2017-09-26,81.07956964664552,81.24476977704117,80.70786541454224,80.89371490478516,4874700.0
2017-09-27,80.8524201491461,80.9487873342364,80.3774638429027,80.84553527832031,3926800.0
2017-09-28,80.65278357168589,81.31358923524279,80.549531537964,80.96253967285156,4949000.0
2017-09-29,80.65280562048144,80.89372359728343,80.34993955748097,80.87995910644531,4874800.0
2017-10-02,80.13652424201483,81.0795517290431,79.52390219437967,80.83174896240234,4285600.0
2017-10-03,80.59084958987651,81.39620614077548,80.5426659992659,81.1002197265625,3892200.0
2017-10-04,81.10019764547728,81.13461673723538,80.62524148761906,80.93499755859375,3443400.0
2017-10-05,80.84553210751669,81.6990775014367,80.76293466731751,81.62335968017578,5470900.0
2017-10-06,81.18969852302986,81.32736966997086,80.39811174749259,80.55642700195312,3533300.0
2017-10-09,80.76981790942126,81.27919332104749,80.54266968706659,81.02450561523438,2951900.0
2017-10-10,81.49945087337669,82.47689233890698,81.42373305898604,81.77478790283203,5683100.0
2017-10-11,82.05700760313279,82.2703913143805,81.62335531045021,82.13961029052734,3926100.0
2017-10-12,81.56139757121743,82.3598744179986,81.43749617263472,82.00881958007812,3929700.0
2017-10-13,82.45623524367258,82.60078598895927,81.96062968748018,82.0225830078125,4640100.0
2017-10-16,82.4906654929688,83.21342461476429,82.20844881555196,82.6902847290039,5500700.0
2017-10-17,82.75913554309017,83.11018522569032,82.48379844275442,82.75225067138672,4844300.0
2017-10-18,82.18780237508089,82.614569841695,81.21724039142406,81.32737731933594,5505100.0
2017-10-19,81.26542632917199,81.73349778306687,81.18970850195238,81.3617935180664,4576600.0
2017-10-20,81.64401586039322,81.76103241152877,81.27231159359387,81.66466522216797,4924300.0
2017-10-23,81.71972230737855,82.11896075148408,81.53386757405275,81.86427307128906,3872400.0
2017-10-24,82.2428705329695,82.54573658036453,81.96064859495893,82.07078552246094,4472400.0
2017-10-25,81.91244619357379,82.21531742304211,81.32735834251443,81.5269775390625,4553100.0
2017-10-26,81.76101057883963,81.91244619357379,81.320473473222,81.5269775390625,4092900.0
2017-10-27,79.9369272169955,80.12278196931146,77.4864383470699,78.15412902832031,14534100.0
2017-10-30,77.89944394543194,79.22794048179544,77.6722904634485,78.73921966552734,7517800.0
2017-10-31,78.78049455259764,80.10899068700272,78.34684233316166,79.7717056274414,7154800.0
2017-11-01,80.05393963506224,80.51512614894806,79.40001352056922,79.77860260009766,5030300.0
2017-11-02,79.99198297795317,80.17095283097298,78.95947307852782,79.38624572753906,4329600.0
2017-11-03,79.48948144114178,79.67533087415454,78.97322659746474,79.15219116210938,4101800.0
2017-11-06,79.41379729595829,80.64592667518274,79.15222470328501,80.56332397460938,5950300.0
2017-11-07,80.79735595971908,81.22412869599238,80.17785409468812,80.70098876953125,5219500.0
2017-11-08,80.38432681238977,80.63901444737547,79.77858963520036,80.30860900878906,5092800.0
2017-11-09,79.77861559155679,80.87995865914495,79.5858812111811,80.70098876953125,5103300.0
2017-11-10,80.33615498119697,80.74915790111463,79.91626719132252,80.65967559814453,5156900.0
2017-11-13,80.68721455590916,81.06579839985095,80.31551033071038,80.69409942626953,4279200.0
2017-11-14,80.41187231692368,80.71474357381396,80.01951875759627,80.48070526123047,6996500.0
2017-11-15,79.99199590477,80.69410569074662,79.89562871871324,80.15719604492188,5372600.0
2017-11-16,80.07381723907547,80.46984371534171,79.46935354339388,79.60136413574219,5888700.0
2017-11-17,79.670839304726,79.89316985910816,79.13585823038659,79.6986312866211,4337500.0
2017-11-20,79.74031003456554,79.92095525160032,79.51103547919698,79.70557403564453,4634200.0
2017-11-21,79.99738396348158,80.49762900788048,79.844530722051,80.01822662353516,4596000.0
2017-11-22,80.24055837351766,81.1368298747637,80.1224464309169,80.5323715209961,3951000.0
2017-11-24,80.9770336192788,81.18546552632519,80.81028173270761,80.9492416381836,1744200.0
2017-11-27,80.49067328356072,80.61573453471026,80.06685489359718,80.31002807617188,4490300.0
2017-11-28,80.53932773155492,81.15768481968487,80.41426644964217,80.90756225585938,4004700.0
2017-11-29,80.73385126366507,81.46337615551829,80.47678472714354,81.41474151611328,3661000.0
2017-11-30,81.47034457743605,82.78348545003225,81.44950191291537,82.67231750488281,7896600.0
2017-12-01,83.24202413044155,83.69363454530341,82.345752621162,83.0335922241211,6831800.0
2017-12-04,83.24202295785854,84.97203797038526,82.9363217727391,83.95764923095703,7366400.0
2017-12-05,83.74923052035408,84.34674494558169,83.47826529272517,83.64501190185547,4380700.0
2017-12-06,83.36710430711787,83.98546144747162,83.04055508227901,83.10308837890625,4852500.0
2017-12-07,83.0266539023273,83.44352307096977,82.65147006031533,83.11697387695312,4908500.0
2017-12-08,83.34626580460932,83.5408044246689,82.74875129969494,83.31847381591797,4122200.0
2017-12-11,83.57553543118895,84.14525787716741,83.45742346939835,83.66585540771484,5929700.0
2017-12-12,83.24202284212254,83.88817181319453,83.06832693915456,83.15170288085938,4300200.0
2017-12-13,82.97801708728741,83.49215553849332,82.4569293148982,83.32540893554688,4399800.0
2017-12-14,83.24201627000839,83.56856538993104,83.0266350635819,83.04747772216797,3736900.0
2017-12-15,83.67974288945376,83.70058555042748,83.03359389537613,83.18644714355469,11226900.0
2017-12-18,83.31845689406354,84.27031243549736,83.1100249723804,83.16560363769531,4654100.0
2017-12-19,83.59636927578845,83.89512645989208,83.03359621069174,83.26287078857422,4599300.0
2017-12-20,83.56859023260878,84.27727263987424,83.13087836984796,83.9924087524414,6286700.0
2017-12-21,84.33980694992286,87.09115022354987,84.11747634096653,86.72291564941406,10109000.0
2017-12-22,86.74376589011106,87.2995951114261,86.54922725288489,86.83409118652344,4735100.0
2017-12-26,87.00774383419432,87.63999409038026,86.88268258670578,87.5288314819336,3348500.0
2017-12-27,87.51494581351886,87.68169240129126,86.93827412569867,87.23008728027344,3452300.0
2017-12-28,87.32736504667493,87.46631966651836,87.04945050620908,87.25093841552734,2191800.0
2017-12-29,87.0981000753249,87.52886795188726,86.97998809814453,86.97998809814453,3829000.0
2018-01-02,87.34125554327947,88.75166556178543,87.22314359018205,88.6405029296875,5626000.0
2018-01-03,88.55711675518671,89.58539881245531,88.16803963659878,89.28663635253906,5805500.0
2018-01-04,88.89756772607751,89.17548755272945,88.39037861957911,89.00873565673828,4598300.0
2018-01-05,88.91145049271933,89.00177574544837,88.30698690442999,88.8628158569336,4189200.0
2018-01-08,88.83504853916914,89.37003498209816,88.6752459482116,89.30055236816406,4826100.0
2018-01-09,89.23106393543216,89.58541040120721,88.78640810008122,88.8211441040039,4422300.0
2018-01-10,89.1476982251915,89.46034878171446,88.79336234133996,89.39087677001953,5292200.0
2018-01-11,89.57148629219454,92.62854001027348,89.46031838937972,92.10745239257812,11641300.0
2018-01-12,91.84347996161323,92.99682371122641,91.78789598073979,92.82312774658203,7232900.0
2018-01-16,92.87174261756408,93.01765186979272,91.43354576745259,91.71839904785156,6254200.0
2018-01-17,91.84345878321088,92.26727726327627,90.98887780265729,91.9615707397461,5632700.0
2018-01-18,91.95459402686873,92.05880730394966,91.03747478234001,91.42655181884766,5890000.0
2018-01-19,91.59331683149101,91.71142876301427,90.46777087098819,91.22508239746094,6048900.0
2018-01-22,91.22509370642894,92.10051727294922,91.21119506524566,92.10051727294922,5248800.0
2018-01-23,91.97545419350284,92.10051014980938,90.82905491957884,91.03054809570312,5747300.0
2018-01-24,91.28066889589336,92.17693503726278,91.0652876852611,91.28761291503906,6868200.0
2018-01-25,91.54467050025171,91.6210971096118,90.55807919859289,90.7734603881836,4597200.0
2018-01-26,90.8151884098595,91.53775884344452,90.57895387824021,91.148681640625,6310500.0
2018-01-29,90.36356763961687,91.41964184740817,89.15465076903656,89.26580810546875,6350700.0
2018-01-30,88.66136560130859,88.93927489466232,86.9799899929305,87.00778198242188,8084000.0
2018-01-31,87.1397677631831,87.4176822949873,86.1879175152856,87.09113311767578,9626800.0
2018-02-01,87.26482306853822,87.28566572936161,86.19485563978408,87.24398040771484,7844500.0
2018-02-02,86.11844416683425,86.11844416683425,81.73436037642055,82.38745880126953,13182600.0
2018-02-05,81.28276117692137,82.19293162550768,75.0505491904905,78.2465591430664,15414700.0
2018-02-06,77.25993330394148,81.72739201217715,76.95423212801494,81.41474151611328,18416300.0
2018-02-07,81.567602213492,82.86684425674102,80.05992295328755,80.10160827636719,11535700.0
2018-02-08,80.01823380433056,80.5184788936212,77.96167478229697,78.02420806884766,9927500.0
2018-02-09,78.74676513189188,79.63609252989217,76.07879884022448,78.8579330444336,10922400.0
2018-02-12,79.76115910544078,80.49067870227688,78.4480185303576,79.19143676757812,8358200.0
2018-02-13,78.7467797657481,78.9343743278293,77.71850288753714,78.71204376220703,7065900.0
2018-02-14,78.1631690046893,79.24008589795444,77.39890796791038,78.94827270507812,7031900.0
2018-02-15,79.19388841062795,79.30615766361784,77.77645094760182,78.96232604980469,5405000.0
2018-02-16,78.83600842324006,79.25001428319877,78.03607070445571,78.68865203857422,5950400.0
2018-02-20,78.78689420337554,79.12371264041818,77.59400605621326,77.87468719482422,6810900.0
2018-02-21,77.9869188310901,78.63248139110728,76.52738189697266,76.52738189697266,6892300.0
2018-02-22,76.87121924195365,78.19743150486141,76.41511327744871,77.10979461669922,8176700.0
2018-02-23,77.50978305518615,79.10965823365908,77.3624266943843,79.00440216064453,6460200.0
2018-02-26,79.41840510877797,80.45692344988393,79.18684282714983,80.4148178100586,7405800.0
2018-02-27,80.6042743472269,81.4322804937753,79.72013092041016,79.72013092041016,6059700.0
2018-02-28,80.70954040565589,81.01829015230618,78.50620259476192,78.53427124023438,7441000.0
2018-03-01,78.26061592590762,79.92364718856044,77.8676655597978,78.61848449707031,7516700.0
2018-03-02,78.23956148612734,78.71671777031914,77.06772359894423,78.33779907226562,6607300.0
2018-03-05,78.169386667451,79.52366797855616,77.90273722209,79.3973617553711,7814900.0
2018-03-06,79.88857552394623,81.06041370253844,79.30616300876031,79.74823760986328,7957900.0
2018-03-07,79.25701057857343,80.75163496184669,79.03246679917478,79.88152313232422,6660000.0
2018-03-08,80.41480644339994,80.5200624977662,79.0114066613038,79.53768157958984,6095100.0
2018-03-09,80.21132348638676,82.37256072272521,80.16220470163115,82.2532730102539,8833300.0
2018-03-12,82.44975208550828,83.04619602988568,81.7901523556894,81.95154571533203,6877000.0
2018-03-13,82.26029799034264,82.92691088648307,81.39720458615317,81.71998596191406,6793100.0
2018-03-14,82.08486957804914,82.41466408598201,80.59726362861764,80.7867202758789,5051000.0
2018-03-15,80.94811080326994,81.54455472058724,80.52007338357899,81.10248565673828,4519700.0
2018-03-16,80.97618103027344,81.53052467242216,80.38675024672378,80.97618103027344,14909400.0
2018-03-19,80.74461691270682,80.85689147980436,79.44647301353099,79.91661071777344,4803500.0
2018-03-20,80.37975267554313,81.18670354865687,80.30256523234225,80.34466552734375,4587200.0
2018-03-21,80.68147559658712,82.87779486642647,80.5551693711095,82.1269760131836,6829600.0
2018-03-22,81.08142856446139,81.21474790994722,79.62890993225359,79.78327941894531,6297200.0
2018-03-23,80.25342339323707,81.23579901817659,79.0815804345524,79.27806091308594,6227200.0
2018-03-26,80.1621984652248,81.10949229955501,79.46751703385539,80.94108581542969,6868700.0
2018-03-27,81.22179797329326,82.00068562188252,79.97979097755636,80.45694732666016,5530800.0
2018-03-28,80.64638832668747,80.87795063196101,78.63250722179819,78.66057586669922,6985300.0
2018-03-29,78.79389088765863,80.29552840687516,78.78687238891109,80.02186584472656,6627800.0
2018-04-02,79.91659487685175,80.26744479916773,77.56590146804363,78.7587890625,6228600.0
2018-04-03,78.95527942708301,80.6814660897259,78.6535482214149,80.57621002197266,6717300.0
2018-04-04,79.32721118195813,80.54816805298279,78.89215512283543,80.33064270019531,5727200.0
2018-04-05,80.61128406313502,82.72340229986398,80.48497786467674,82.30238342285156,7204900.0
2018-04-06,81.66384253226799,82.1059169501985,79.5657610708378,80.52709197998047,7094500.0
2018-04-09,80.90601485141846,82.21819046910112,80.61129677285162,81.38317108154297,6933800.0
2018-04-10,82.51993899569354,84.08473273176529,82.51993899569354,83.39706420898438,7612800.0
2018-04-11,83.28476126340902,83.76893054480875,82.62516165679355,83.6777114868164,6246800.0
2018-04-12,84.00050164277742,84.67413296254216,83.25670139766035,83.66368865966797,6702000.0
2018-04-13,83.86718421609429,84.7583462414062,83.65667742176711,84.14786529541016,5508100.0
2018-04-16,84.62501387519292,85.40390125695878,84.04260162512551,84.69518280029297,4598000.0
2018-04-17,84.8635882534654,85.60738843989056,84.59693886320322,85.22846984863281,6488300.0
2018-04-18,85.9301861150725,87.6353174236184,85.88808582587639,86.8844985961914,9132500.0
2018-04-19,86.98974787716574,87.7124980041526,86.45645439030761,86.80730438232422,7159400.0
2018-04-20,86.57573939962812,86.63187668144907,85.22847675720033,85.82492065429688,7561200.0
2018-04-23,85.60741511943725,86.73715274724802,85.46707723607012,86.71610260009766,6113100.0
2018-04-24,87.26342979440462,87.74058610350438,85.43199200165014,85.98633575439453,7980500.0
2018-04-25,85.84599090651857,86.23894661777157,84.98992124916603,86.11264038085938,5331100.0
2018-04-26,86.07755429942075,87.22132894605748,85.8179286756691,87.16519165039062,6268400.0
2018-04-27,88.06337515922941,89.15101261138,87.48798120898432,88.84928131103516,8836600.0
2018-04-30,89.12994008278932,89.74743956752043,87.74759544889503,87.7896957397461,7631600.0
2018-05-01,87.03184555833217,87.65635809714726,86.36523273486979,87.6142578125,7093700.0
2018-05-02,87.1511493171733,88.7440115245879,87.07396187874104,88.05634307861328,5909100.0
2018-05-03,87.42480834258997,88.4984139367343,86.8915201488785,88.42122650146484,6727700.0
2018-05-04,87.85986019603111,89.00362931872394,87.50901018070303,88.08440399169922,5403100.0
2018-05-07,88.8282110113279,90.09828644948185,87.31956011445749,87.67041015625,6999700.0
2018-05-08,87.66338323910367,88.94047705446178,86.75117107661376,88.81417083740234,8937000.0
2018-05-09,90.11231804632266,91.5157181293498,89.88075574777201,90.32283020019531,11442700.0
2018-05-10,91.00347330599018,91.06662373531158,90.09126117867685,90.39299774169922,5446000.0
2018-05-11,90.79295603621814,91.75428154075007,90.18248050643119,91.10871887207031,8092300.0
2018-05-14,91.39644471910032,91.97885712960888,91.08068179239183,91.49468231201172,6212400.0
2018-05-15,91.38941660760274,91.41046675213015,90.69472971691972,91.03856658935547,5201700.0
2018-05-16,90.72281516756144,91.02455182464573,90.02813881428695,90.91227722167969,5405100.0
2018-05-17,91.1387497401582,91.71209207162168,90.86978592588987,91.63423156738281,5241600.0
2018-05-18,91.25201054293208,91.41480586446724,90.45925683758612,90.50172424316406,6385800.0
2018-05-21,91.15997468139892,91.59882966332798,90.79191669714528,91.57051086425781,5081200.0
2018-05-22,91.37233550116115,92.29250219391426,90.67160173088963,90.76361083984375,5444200.0
2018-05-23,89.95667912151767,91.15996879330271,89.57446176241668,91.09626770019531,6017200.0
2018-05-24,90.1761285654744,90.1761285654744,89.07900711493974,89.61695098876953,5906200.0
2018-05-25,88.15173797083234,88.30745894255321,85.80178019814936,86.48836517333984,8936600.0
2018-05-29,85.71686627382563,86.65826669110821,84.98073398213147,85.92213439941406,7385700.0
2018-05-30,86.8140023566103,88.9516133833236,86.59457479211167,88.59062957763672,7125300.0
2018-05-31,87.82615918584918,88.34994359285702,87.3873095798416,87.98188018798828,7460700.0
2018-06-01,88.82418303932653,88.86665584107895,87.36607798458157,87.66336059570312,5749900.0
2018-06-04,88.14468751988267,88.76757161344915,86.4742344693302,86.5379409790039,5760500.0
2018-06-05,86.36098264297385,87.56427257305947,86.03538660777691,86.87061309814453,5672600.0
2018-06-06,87.14665946223637,87.55011599399643,86.39636780300083,87.3306884765625,6213400.0
2018-06-07,88.15177961961099,90.58667872733983,88.05976509295117,89.86470031738281,8607200.0
2018-06-08,89.97792955824217,90.16195856167327,88.95866873825267,89.49661254882812,5108800.0
2018-06-11,89.73019773761024,90.73530465918209,89.08608535993265,90.28937530517578,6085100.0
2018-06-12,90.34599994620942,90.86978979708132,89.41875895651819,89.94962310791016,4543000.0
2018-06-13,89.75849338510965,90.47339183009937,89.24886302433394,89.9425277709961,6317900.0
2018-06-14,90.16197978191637,90.57251608661568,89.45416080149559,89.54618072509766,5056800.0
2018-06-15,89.9637833517945,89.97794275427594,87.65629216822899,87.79785919189453,13223800.0
2018-06-18,88.01727196106458,89.87883897248365,87.84031725048736,89.1639404296875,7696800.0
2018-06-19,87.99602600348612,89.10730121512023,87.68458402817542,88.85956573486328,5947800.0
2018-06-20,89.27011576144632,89.51077157956385,87.98188566388428,88.68262481689453,7980700.0
2018-06-21,88.1234515608426,88.18715266865591,86.46715795494177,86.77151489257812,7290800.0
2018-06-22,88.76758430271359,89.58865154310901,88.34996828026271,88.54815673828125,8535200.0
2018-06-25,88.07391296289114,88.22255429571095,86.30436557185035,86.78568267822266,5801900.0
2018-06-26,87.08295842783552,88.20131358621005,86.75736238177008,87.88279724121094,4592800.0
2018-06-27,88.58353568407307,90.1902821977135,88.51982917547936,89.1851806640625,6339500.0
2018-06-28,89.56739768520451,89.7938995005838,88.47735601112,88.94451904296875,3814800.0
2018-06-29,89.00114335090566,90.40970679273165,89.00114335090566,89.48954010009766,5669700.0
2018-07-02,88.67555532465788,88.6826350260732,87.45810589225779,87.94650268554688,5073500.0
2018-07-03,88.80294431408583,89.6735637976582,88.15883202643306,88.28623962402344,3919600.0
2018-07-05,89.26303860969709,89.3621328200138,87.64213274061743,87.75538635253906,5926900.0
2018-07-06,87.42978742651927,88.1376063206467,87.19621129563171,87.86863708496094,4020000.0
2018-07-09,88.47736896519213,89.38337635935888,88.25794681823206,89.17810821533203,4602200.0
2018-07-10,90.12657889033034,90.96179998083905,89.71604264567964,90.31060791015625,5092100.0
2018-07-11,89.34800401143076,89.66652043436855,87.04051232008088,87.4298095703125,6631800.0
2018-07-12,88.08095218631233,88.4419358000265,87.47930202966687,87.95354461669922,3745200.0
2018-07-13,87.91110741059718,88.39242449060049,87.5076508435525,87.79785919189453,3352800.0
2018-07-16,87.06878771500728,87.68458658384722,86.26894905514317,87.04755401611328,4317800.0
2018-07-17,86.6087232622752,87.03341353314585,86.21234639615993,86.29020690917969,4135200.0
2018-07-18,85.81594163629649,86.12030390735177,84.70466644202085,86.02120971679688,6061300.0
2018-07-19,85.71686662924826,86.45299892399476,85.65316552116161,86.12032318115234,4471400.0
2018-07-20,85.82303296925598,86.60163260068381,85.65315796245314,86.54500579833984,5394700.0
2018-07-23,86.60163440417767,87.11126483542841,85.75933365274362,85.8796615600586,5359400.0
2018-07-24,86.261882343142,87.88278810410826,86.25480264281175,87.66336059570312,4423500.0
2018-07-25,87.50059342678351,88.64018253609649,87.2528524376218,88.40660095214844,4278800.0
2018-07-26,88.26500259112245,88.74631959326494,87.62796998848206,87.73413848876953,5544100.0
2018-07-27,86.91307629513605,89.92130637494884,86.41052556512425,89.1639404296875,7580900.0
2018-07-30,89.72311049715465,90.89101256982741,89.34088770608564,90.48047637939453,5729300.0
2018-07-31,90.60081069645129,90.99011321500426,89.27718753360033,89.37628173828125,5894400.0
2018-08-01,88.69677590747514,89.12854582602834,88.30039909053284,88.75340270996094,4661000.0
2018-08-02,88.08097214561427,88.34286164233258,87.27405915529252,87.59965515136719,4639600.0
2018-08-03,87.87571244649654,87.94649325236807,87.29530119798304,87.804931640625,5299400.0
2018-08-06,88.06681498898855,88.43488379408625,87.44393638066109,87.98188018798828,4455900.0
2018-08-07,88.85958972364642,88.97283794509592,88.30041211712162,88.60477447509766,4542000.0
2018-08-08,88.13758147441474,88.32869554608213,87.28820120099635,87.68457794189453,5957200.0
2018-08-09,87.74120006040488,88.03140830184027,86.53791050377822,86.72901916503906,5218300.0
2018-08-10,86.4742290214797,87.42978340454812,85.99999168028543,87.30237579345703,6128000.0
2018-08-13,87.28113551590835,87.54303041903928,86.5379290073945,86.66533660888672,4360000.0
2018-08-14,87.00511357991937,87.52182384618894,86.3539213705574,86.76445770263672,3622200.0
2018-08-15,86.14152728442896,86.16276638005604,83.11914403416843,83.48013305664062,9476700.0
2018-08-16,84.10900084813183,84.54491030593736,83.73740867118444,84.0804214477539,5455200.0
2018-08-17,84.4305610374273,84.73784132979618,83.67307621670277,84.18045043945312,6112900.0
2018-08-20,84.32338849045416,84.55206186828035,83.84460445750612,84.14473724365234,5403600.0
2018-08-21,84.59494773657921,84.98798271290894,84.17333335470197,84.28052520751953,4875800.0
2018-08-22,84.70926417771443,85.36669936696956,84.6235096283323,84.9808120727539,3636900.0
2018-08-23,84.6020724981392,84.90935281894545,84.10899337935639,84.39483642578125,3962500.0
2018-08-24,84.96651327374384,85.42385991746038,84.83788418944845,85.04512023925781,4415400.0
2018-08-27,85.29524346328341,86.09560293430184,85.15946678419918,86.00270080566406,3901900.0
2018-08-28,86.18134820359724,86.71015429293665,85.57393514059893,85.65254211425781,4685700.0
2018-08-29,85.75259895683801,86.34572240810363,85.66684439515994,85.9098129272461,4101700.0
2018-08-30,85.8097676876405,86.05987834134964,85.43102791888047,85.6168212890625,3353000.0
2018-08-31,85.3238376801811,85.3238376801811,84.38770142731948,84.65210723876953,5287000.0
2018-09-04,84.98795816610613,85.48817939877202,84.57348602932437,84.94508361816406,4590900.0
2018-09-05,84.36625143218853,84.99510722365224,83.79457079231555,84.9808120727539,4619400.0
2018-09-06,84.24479510196488,84.68785222825956,82.27963106998723,82.34394836425781,8191100.0
2018-09-07,81.83656045631227,82.42968390214735,81.02905878624996,81.89373016357422,6637800.0
2018-09-10,82.48686366531749,82.69409979040348,81.7365261590407,81.80799102783203,5870900.0
2018-09-11,81.70793130751825,82.70837937617912,81.2934645600473,82.19386291503906,5605300.0
2018-09-12,83.19430160476992,83.95892863387395,82.72266520323048,82.74410247802734,5067800.0
2018-09-13,82.9013225630774,83.265767165595,82.23673973518812,83.10855865478516,6297700.0
2018-09-14,83.20145280985466,84.04468685133334,83.14428310656726,83.88032531738281,4947800.0
2018-09-17,84.04469549444097,84.80932263553403,83.808874533131,83.97323608398438,5560200.0
2018-09-18,84.68068845389634,84.96653153063926,84.30909627053282,84.4162826538086,4966300.0
2018-09-19,84.55922394335121,85.7811980267565,84.40915752454751,85.40245819091797,4855300.0
2018-09-20,85.88837603512721,86.69587771620536,85.11660133257263,85.33812713623047,5846700.0
2018-09-21,85.68828327022615,86.6529988746959,85.33098079064453,86.56009674072266,13703600.0
2018-09-24,87.11750897100559,87.88213619775216,86.87454040583157,87.6248779296875,6534100.0
2018-09-25,88.25371669375431,88.7825228623624,87.85353964205126,88.16082000732422,5396400.0
2018-09-26,87.8892698922061,88.1965502689176,86.99601361711497,87.14608001708984,4231400.0
2018-09-27,87.29615910657584,87.89642475624187,86.97458354967982,87.51768493652344,4533400.0
2018-09-28,87.17465326080318,88.04647214148979,87.01029718120006,87.38188934326172,5202900.0
2018-10-01,87.97501600714183,89.23986437229782,87.97501600714183,88.88970947265625,5348200.0
2018-10-02,89.37565251565478,89.86873173999757,88.83969873337044,89.13983154296875,5445400.0
2018-10-03,89.41852054177082,89.92588943103068,89.16840988537558,89.54714965820312,4479500.0
2018-10-04,89.17556775670566,89.7472485441776,88.74680580310071,89.28990173339844,4824300.0
2018-10-05,89.27561165441638,89.96877944495719,89.13983494641238,89.56145477294922,4318000.0
2018-10-08,88.64674011952489,89.65433019454878,88.48952616903824,89.21127319335938,6267700.0
2018-10-09,89.69007464349711,91.06926250491792,89.37564670037419,90.62620544433594,6797900.0
2018-10-10,90.919197488414,91.18359785186401,87.51052855006786,87.6105728149414,6504400.0
2018-10-11,87.4890964688541,87.4890964688541,83.99467821134223,84.63067626953125,8589900.0
2018-10-12,85.41673340597286,85.52392524465216,83.02280778481759,84.15902709960938,7450700.0
2018-10-15,84.10898317629453,84.93792736516909,83.54445017939098,83.56588745117188,6047300.0
2018-10-16,83.67309783686099,84.09471762696094,83.13714408043117,83.97323608398438,4846100.0
2018-10-17,83.7588474450946,84.1018602277972,82.90846579056355,83.8160171508789,6978700.0
2018-10-18,83.90889343406337,84.42340975702778,82.92988835753565,83.94462585449219,7391600.0
2018-10-19,83.87320312339179,85.22380633546922,83.87320312339179,84.42344665527344,7944400.0
2018-10-22,84.39485578896529,84.67355132387146,83.2371990907408,83.75885772705078,5644900.0
2018-10-23,82.69408472367108,82.69408472367108,80.07148589618174,81.03620147705078,8095300.0
2018-10-24,81.2648718347588,81.59358944153429,78.65656280368904,78.75660705566406,8035200.0
2018-10-25,79.57841986468189,81.03621484035001,78.91383694124501,79.73563385009766,5734000.0
2018-10-26,79.0567445837687,80.3716205422447,78.36358235381478,79.69989013671875,8035500.0
2018-10-29,80.06433297225881,80.08577024675685,76.84861094948941,77.84191131591797,8598300.0
2018-10-30,78.33500523713225,79.42835005911789,77.28453497224292,79.2139663696289,7523800.0
2018-10-31,79.82851145053023,80.39304996675935,79.35687505909995,79.78563690185547,7429800.0
2018-11-01,79.87141182268853,80.02862582132887,78.67802258137964,79.4426498413086,10572000.0
2018-11-02,82.07239004809064,83.68739901020238,80.83612634745063,81.98664093017578,9890400.0
2018-11-05,83.33725631084788,85.51679879304741,83.32296115442423,84.9951400756836,8758700.0
2018-11-06,84.8664932095265,85.34527726166863,84.21620002813653,84.96653747558594,5273200.0
2018-11-07,85.75261257996047,86.55297226009498,85.05229717834224,86.37432098388672,4848800.0
2018-11-08,86.21708329571999,87.08890215635779,85.00939925578702,85.29524230957031,9532400.0
2018-11-09,84.48061694512009,86.01701902144988,83.87320369224672,85.40245819091797,6565700.0
2018-11-12,86.39574680116534,86.73161202819279,83.73026771492934,83.88748168945312,10550800.0
2018-11-13,83.82317055231427,84.23763731804539,82.20816168969513,82.4296875,6846200.0
2018-11-14,83.52301535334094,84.17330840286218,82.13668561106917,82.69407653808594,6783500.0
2018-11-15,82.01577891306434,84.48361108506708,81.33748373509385,84.38980102539062,7218100.0
2018-11-16,84.78669190317834,86.06390177590455,84.62072404138237,85.91236877441406,6706900.0
2018-11-19,85.24851669837136,86.21544873807984,85.07533689472457,86.17214965820312,5328300.0
2018-11-20,86.04226280764661,86.22987747165936,83.0115914919289,83.77647399902344,7983500.0
2018-11-21,84.19498274826846,86.00617220666159,84.19498274826846,84.83719635009766,5624400.0
2018-11-23,82.76625040647001,83.1414797436282,80.89733766752349,81.97250366210938,5577800.0
2018-11-26,82.69410014561,83.30023778189516,82.27557719499491,82.96830749511719,6953000.0
2018-11-27,82.65797831332101,83.45894211894183,82.41985274834526,83.13422393798828,6339200.0
2018-11-28,82.96830163046819,85.34954191215314,82.54977870943657,85.24851989746094,6841700.0
2018-11-29,85.11139510241456,86.39582776587147,84.95986211799625,85.76082611083984,6656900.0
2018-11-30,85.18358426050419,86.02062464373309,84.93102370447065,85.82579803466797,6712500.0
2018-12-03,87.1463078900076,88.34414836576975,86.63398032076917,87.07415008544922,8237600.0
2018-12-04,87.02363784037765,87.3772149314121,84.47642938902409,84.5990982055664,8288100.0
2018-12-06,83.22805522080051,83.80532850225141,81.56118674090794,83.63936614990234,10715700.0
2018-12-07,84.85161605354286,86.37416871310613,83.11980750708983,83.3362808227539,9114400.0
2018-12-10,83.19921798878825,83.6754638894317,80.57984626674319,82.93944549560547,7674300.0
2018-12-11,83.89194781738199,84.1517203260944,82.22507330226271,83.32189178466797,5929400.0
2018-12-12,84.50526526361615,84.94543487441001,83.39401784499607,83.43009948730469,7891400.0
2018-12-13,83.0909776378731,83.93523547898427,82.48483999187636,83.6610336303711,7030500.0
2018-12-14,82.98994871280009,83.56721658376111,81.76324416459495,82.13847351074219,6195400.0
2018-12-17,81.85705434976299,82.96108459074138,80.71694245824419,81.1426773071289,7132400.0
2018-12-18,81.27256361653455,81.71273332815566,78.61711598975067,79.18717193603516,9658600.0
2018-12-19,79.30984339599888,80.81074421395712,77.28217472184957,77.8089370727539,10472400.0
2018-12-20,77.07290672939982,77.98211026225508,75.18234738182845,75.75240325927734,11612800.0
2018-12-21,74.77104254244723,77.16671742994671,74.25871509269763,75.19677734375,19912800.0
2018-12-24,74.5401501862331,75.1534997704273,72.81555281753663,72.87327575683594,5619500.0
2018-12-26,73.49382175348019,77.49142456054688,72.31763393417648,77.49142456054688,10779400.0
2018-12-27,76.10599293977123,78.89132692857243,75.68025256574127,78.88410949707031,10655100.0
2018-12-28,79.12221596306134,79.63454336947694,78.01818593885585,78.40062713623047,6445400.0
2018-12-31,78.7614280180294,79.54795726133256,77.83057769433601,78.50165557861328,6309600.0
2019-01-02,77.4553607355421,80.58705986306568,77.2821809167585,79.87268829345703,6384800.0
2019-01-03,80.13966568046958,80.30563355851064,77.98211629765612,78.34291076660156,6496200.0
2019-01-04,79.57683298375221,80.08916050632291,78.99234766319594,79.96649169921875,7952500.0
2019-01-07,80.13967459186803,81.48904803767527,79.31706355162238,81.00558471679688,5712700.0
2019-01-08,81.8281708033155,82.1095899941438,80.57981976031164,80.6519775390625,5674900.0
2019-01-09,81.31585760809348,82.26113733685155,81.14267230252534,81.734375,7097000.0
2019-01-10,81.18596799581498,81.9941440336161,80.60869467856872,81.8642578125,6078300.0
2019-01-11,81.53954896001537,81.5756306085725,80.57983436337648,81.2076187133789,4491700.0
2019-01-14,80.34170608368142,81.06329498907229,80.15409693208603,80.61591339111328,6121700.0
2019-01-15,80.80354950005157,81.59007897320119,80.4644017436337,80.90457153320312,4226100.0
2019-01-16,80.40663365883357,81.04884719813232,80.25510068380316,80.3849868774414,5624100.0
2019-01-17,79.91596355757935,81.02721102524455,79.4974407115848,80.7890853881836,4442700.0
2019-01-18,82.25392225529912,82.73017360128333,81.58284431659476,82.52812957763672,9382000.0
2019-01-22,81.62613741703937,81.86425756730036,80.78187422967036,81.06329345703125,7242000.0
2019-01-23,81.0921715715835,81.30143304669129,79.67785776198453,80.37779998779297,6082300.0
2019-01-24,80.1180267220892,82.13126071616678,80.03143956446472,81.9075698852539,8470700.0
2019-01-25,82.30443530867464,82.82398024256862,81.53233533893966,81.69830322265625,6261800.0
2019-01-28,80.75302650757268,81.2292723781888,80.14688889326742,80.94063568115234,6886600.0
2019-01-29,81.56119410690877,81.79210233928585,80.65199053336121,80.6952896118164,5359900.0
2019-01-30,81.20041066965612,82.00859234529953,80.80354001608116,81.5467758178711,7941700.0
2019-01-31,82.11682171952299,83.27858032710785,81.8137501875499,82.73017120361328,11225600.0
2019-02-01,84.17334077965067,86.04947069586173,84.13725913489648,85.41447448730469,10934300.0
2019-02-04,84.78668820363947,86.41026308413468,83.92799572737495,86.40304565429688,7987900.0
2019-02-05,86.3164608420799,86.48964062585013,85.6453829865235,86.21543884277344,6887400.0
2019-02-06,85.86908624842036,86.29482109232441,85.64539543249022,85.7824935913086,4990400.0
2019-02-07,85.15470324364877,85.51549767506208,84.07231994940885,85.3134536743164,7281900.0
2019-02-08,84.95986510438827,85.06810452714475,83.64657368798105,84.84441375732422,5671000.0
2019-02-11,84.37537167290165,84.68565505162377,83.98571309227724,84.38980102539062,4859600.0
2019-02-12,85.38564153684065,85.77530032065961,84.86609649174872,85.66706085205078,5400700.0
2019-02-13,85.98453928076357,86.87209057901336,85.65260352931726,86.28038787841797,5935900.0
2019-02-14,86.27308952329793,87.11854393957712,85.75561201079582,86.12003326416016,5406500.0
2019-02-15,87.18414869766514,87.35906935442463,86.43343619279132,86.98735809326172,6209800.0
2019-02-19,86.6593760082132,87.35906415422848,86.33868352272104,86.95819854736328,4277800.0
2019-02-20,86.9581982657617,87.9858688760552,86.73225886660231,87.66517639160156,5940600.0
2019-02-21,87.51212863352816,87.69433927910148,86.28767287285037,86.83430480957031,5139400.0
2019-02-22,87.6651947951001,87.79638669713334,86.62294956245495,87.01652526855469,4517600.0
2019-02-25,87.0311020385507,87.76722909898983,87.00194766576676,87.18415832519531,5196600.0
2019-02-26,87.32264343416846,88.16810364811403,87.22789588355535,87.41739654541016,5445600.0
2019-02-27,87.67248072366476,88.40132335444363,87.38094255922762,87.51942443847656,5289800.0
2019-02-28,87.46112664679886,87.57774415142968,86.36057257951727,87.15501403808594,6406500.0
2019-03-01,87.74535719075895,88.94794855206426,87.58501093450124,88.94065856933594,7743600.0
2019-03-04,89.40710851442162,89.5310104053894,87.86196596675987,89.0062484741211,7499500.0
2019-03-05,88.82406112743662,89.90274520069977,88.61998050217072,89.85901641845703,7345200.0
2019-03-06,89.77152891523022,90.8866570446268,89.13743950238813,90.0339126586914,7599900.0
2019-03-07,89.95373715753988,90.01204589023783,88.70012720766785,88.87505340576172,7201100.0
2019-03-08,87.53399421952822,88.86777749793337,86.87803477435949,88.64183807373047,7014100.0
2019-03-11,89.55290107725739,90.52225760458042,89.46543795482364,90.09953308105469,6088600.0
2019-03-12,90.25986978638927,91.07617554427279,89.92460283956963,90.30360412597656,6184300.0
2019-03-13,90.81378836847709,91.05430776505506,90.30360076418552,90.86480712890625,4707000.0
2019-03-14,90.93040685601287,91.4405944659179,90.72633181205086,90.81378936767578,5146400.0
2019-03-15,90.8065007265302,91.41144144480653,90.6315800520673,91.33126831054688,10449700.0
2019-03-18,91.25837330737329,91.92890710625201,91.22921893864458,91.74669647216797,5586900.0
2019-03-19,92.24231242157725,92.50469618747954,90.91581918757235,91.30939483642578,5096800.0
2019-03-20,91.13448070345882,92.0819727609324,90.87209691877312,90.87938690185547,6708500.0
2019-03-21,91.01057175683538,91.80500747191746,90.74818799243843,91.73212432861328,5050400.0
2019-03-22,90.99599849478304,91.0324428494334,89.42898577549005,89.7132339477539,5786800.0
2019-03-25,89.59661347525898,89.90272600686144,89.14472909958822,89.56745910644531,3837500.0
2019-03-26,90.20883816621524,91.03972377240757,89.92459002223914,90.47122192382812,4079800.0
2019-03-27,90.36189989615681,90.72632116349622,88.93336363483434,89.49457550048828,3727800.0
2019-03-28,89.35610362231016,89.76425926855573,89.18118295142084,89.66221618652344,4057700.0
2019-03-29,90.58054953042112,90.71903139173224,89.27592072304273,89.77882385253906,5318600.0
2019-04-01,90.28173077777157,91.30210592308829,89.97561267354907,91.06159210205078,5506300.0
2019-04-02,91.25110637690916,91.42603263347137,90.45667048071327,91.0543212890625,4362700.0
2019-04-03,91.26566471846299,91.36041224784414,90.0412090158245,90.29630279541016,3595400.0
2019-04-04,90.38375510956504,90.9814057049218,90.04848824491386,90.95954132080078,3715400.0
2019-04-05,91.28752959694565,92.30062029891984,91.25108524511107,92.14027404785156,5551400.0
2019-04-08,92.39535847373223,92.81079846369678,92.0017884290305,92.32976531982422,5483100.0
2019-04-09,92.04552564637102,92.04552564637102,91.19278120353982,91.49889373779297,4143400.0
2019-04-10,91.93619687978516,92.24959939212299,91.20006436278193,91.46244812011719,3970000.0
2019-04-11,91.3531098169041,92.02364909553435,90.92309544143215,91.82685852050781,3248300.0
2019-04-12,88.61268719544688,88.9187997617152,86.7322718987222,87.28619384765625,42693700.0
2019-04-15,87.47569300750247,88.20453566251146,86.97279535677342,87.56315612792969,13369100.0
2019-04-16,87.77450089028831,88.42317025856113,87.50482716840028,88.3138427734375,11942900.0
2019-04-17,89.0645644039884,89.31237378204187,87.49755724651098,87.65789794921875,11898100.0
2019-04-18,87.84009535164613,88.05875032514597,86.80514033975105,87.35906219482422,9546500.0
2019-04-22,88.0295883315614,88.92606697249232,87.78906899367426,88.84589385986328,7946200.0
2019-04-23,88.72201303479052,89.12287313243556,88.44504928521009,88.9333724975586,9079200.0
2019-04-24,88.44504306779717,88.50335180683389,86.06901477801104,86.2074966430664,22115000.0
2019-04-25,86.03987713130239,86.51362040571037,85.56612829626627,85.93054962158203,10636400.0
2019-04-26,86.29494767085463,86.36783080413363,84.2906309222355,85.34745025634766,11626700.0
2019-04-29,85.28187695766161,86.08360273162059,85.05593196308351,85.79935455322266,9404000.0
2019-04-30,88.2628416704899,88.86049240662585,87.20602207777337,87.50484466552734,21431500.0
2019-05-01,87.31536074427973,87.5631646018625,85.82852091689695,85.86495971679688,10097000.0
2019-05-02,85.47865995813784,86.35327442187985,84.74981735200006,84.82270050048828,9495600.0
2019-05-03,85.77747733518292,86.40428234268049,85.35474734210278,85.47135925292969,7364900.0
2019-05-06,85.63899303592227,87.34448180260055,85.6171286508049,86.29495239257812,11035000.0
2019-05-07,85.49323793074741,86.20021057128906,84.9101616351818,86.20021057128906,9165200.0
2019-05-08,86.27309496161539,86.3532680872595,85.56611679582312,85.63899993896484,6229000.0
2019-05-09,88.27742666981942,89.15203565429987,87.35908334367514,88.32844543457031,16496300.0
2019-05-10,88.31385594704956,89.11558168983662,87.33720953834823,88.91150665283203,8787900.0
2019-05-13,88.85320648706724,89.10830029198118,87.46840439672711,87.78180694580078,7701200.0
2019-05-14,87.94943203111754,89.10100463207866,87.83282011085547,88.65641021728516,6858500.0
2019-05-15,88.33571447347924,89.27592202639867,88.0952006590424,89.02082824707031,6945000.0
2019-05-16,89.05026965141117,89.46244101992954,88.71170412339276,88.91043090820312,8543300.0
2019-05-17,88.3657801625614,89.13859659374921,88.23329750622456,88.704345703125,6870900.0
2019-05-20,88.84420062500011,89.21220742352071,88.71907966118425,88.93988037109375,4569700.0
2019-05-21,89.07969897596986,89.74947385083833,88.98401925756144,89.307861328125,4859400.0
2019-05-22,88.98403571168103,89.3814836864136,88.57186432195603,88.74114990234375,5763300.0
2019-05-23,87.44577044609044,87.48993507871582,86.01054623086841,86.75392150878906,11000200.0
2019-05-24,87.07040685341285,87.53409337713708,86.39327010698435,87.3721694946289,4890800.0
2019-05-28,87.49727094353076,87.82111863633874,86.9747021035321,87.07774353027344,8145100.0
2019-05-29,86.14303223609194,86.3785563629815,85.24509474753235,85.94430541992188,7451300.0
2019-05-30,85.77500476526698,85.92220520334615,84.53114028675195,84.92122650146484,5807900.0
2019-05-31,84.06746251341823,84.78875259578314,83.69945576497241,83.79513549804688,6899800.0
2019-06-03,84.42075814647303,85.4511783153092,84.25147816211471,85.3702163696289,6100800.0
2019-06-04,85.8191758961821,86.61407185090248,85.59101350032883,86.33438873291016,5235600.0
2019-06-05,86.75391147497338,86.87167071256611,85.57628540702255,86.59198760986328,5105700.0
2019-06-06,87.00414377282588,89.1753866828253,86.9305435555272,88.82209777832031,7370100.0
2019-06-07,88.86628034211556,89.88198270222222,88.71171816021631,89.41093444824219,5343100.0
2019-06-10,89.94088169429766,90.3530532296405,89.58023651429474,90.00712585449219,5708800.0
2019-06-11,90.80200312289483,90.89768287281811,89.16805197360948,89.18276977539062,5625100.0
2019-06-12,88.6012950326527,88.74850108843759,87.99776424227679,88.46145629882812,4000100.0
2019-06-13,89.23428952818814,89.71269950324618,88.6601998042538,88.99140930175781,3993300.0
2019-06-14,89.05760707676406,89.17537189718537,88.59392073086043,88.91776275634766,3366800.0
2019-06-17,88.85155307517891,89.67588462415557,88.6013055582842,89.34468078613281,4219100.0
2019-06-18,89.75684606793514,91.16999628690787,89.69060754682918,90.47814178466797,4884300.0
2019-06-19,90.16901683840943,90.8829508427987,89.95557224629962,90.44869995117188,3847100.0
2019-06-20,91.49384311901018,91.78088795590018,90.97127416940688,91.47176361083984,7771700.0
2019-06-21,91.85447744205283,92.88489174204531,91.4349500155311,91.95015716552734,14287900.0
2019-06-24,91.66312068016339,92.28136931614331,91.57479703987885,91.9354476928711,5542600.0
2019-06-25,91.88392349573746,92.08265028716716,90.8903063846013,91.0007095336914,4713300.0
2019-06-26,91.68519764622339,91.91336002479883,91.17734655549775,91.21414947509766,5054800.0
2019-06-27,91.20678770411631,91.41287057692207,90.44869472972202,90.6106185913086,3551700.0
2019-06-28,90.83143029581812,91.61896452977759,90.61798570329898,91.58952331542969,7048300.0
2019-07-01,92.2666335882767,92.61991685009194,91.53062024160273,91.88390350341797,5526900.0
2019-07-02,91.67048570261254,91.79560665270432,90.08069381201977,90.47814178466797,5747700.0
2019-07-03,90.47813004443792,90.80197774650082,90.03652311502097,90.7872543334961,2725800.0
2019-07-05,90.632702240607,91.07430921900045,90.26469548938954,90.92710876464844,3458900.0
2019-07-08,91.01543232873313,91.33191274378595,90.83878504525669,90.97126770019531,3505200.0
2019-07-09,91.19206396107474,91.36870560977417,90.58117147412398,90.7872543334961,3955600.0
2019-07-10,91.34663929654133,92.45802129474387,91.34663929654133,92.3255386352539,4743500.0
2019-07-11,92.5021872945933,92.5021872945933,91.70729127762846,92.31818389892578,3548000.0
2019-07-12,92.28137171639302,92.92170549060222,92.09736833918392,92.72298431396484,3974400.0
2019-07-15,92.7818657504443,93.03211327589429,92.2004143756486,92.53162384033203,3739200.0
2019-07-16,92.36970647317669,92.57578938199342,91.45705118470053,91.82505798339844,4697600.0
2019-07-17,91.75144353485832,92.20776830074477,91.30983095255405,91.36871337890625,3874200.0
2019-07-18,91.35400850430412,92.03850136530974,90.7946366054955,91.76617431640625,5770700.0
2019-07-19,91.76617783757588,92.30347024782955,91.7072954006339,92.03114318847656,4880900.0
2019-07-22,92.27401539789423,92.55369850904422,91.61160211849959,92.22985076904297,3275800.0
2019-07-23,92.1783429970432,92.89963880600625,91.83977741008935,92.60523223876953,4295300.0
2019-07-24,92.64202699630279,93.4295612653972,92.48746482558381,93.1351547241211,4796900.0
2019-07-25,93.47373379102818,93.47373379102818,92.24459234004,92.46539306640625,4586800.0
2019-07-26,92.17831582926179,92.185677535491,90.75045366430659,91.05957794189453,6971700.0
2019-07-29,90.88294170427753,91.73671437153018,90.80933586828148,91.43495178222656,4377500.0
2019-07-30,91.33928086584216,91.8176907986824,90.80935020887067,91.51592254638672,3871700.0
2019-07-31,91.05222554951197,91.7735212196693,90.14693212749562,90.6106185913086,7199500.0
2019-08-01,89.79365059204898,91.08167426857428,88.54978593038224,88.86627197265625,7928400.0
2019-08-02,89.63171269333769,90.1910844604896,86.7244619530413,88.85890197753906,9026200.0
2019-08-05,87.72545077688925,88.72642958514614,86.44478324508749,87.39424133300781,8620300.0
2019-08-06,87.37952180084174,87.97569092653265,86.59198759683701,87.86528778076172,6788000.0
2019-08-07,86.51839260401515,88.17442304472318,86.07677999422293,87.65921020507812,6853700.0
2019-08-08,87.94624961896649,90.77254431711947,87.89472889970695,90.69894409179688,8868100.0
2019-08-09,90.6106267096009,91.18471636823477,89.71268929877861,90.10277557373047,5051700.0
2019-08-12,90.53699633158114,90.63267603771416,88.99136954639283,89.46241760253906,3936500.0
2019-08-13,89.06499190573491,90.30885085619677,88.54242301394656,90.0806884765625,5806400.0
2019-08-14,88.33635918925536,88.7558867612274,86.61408987758237,86.65824890136719,7175600.0
2019-08-15,86.29022682940759,86.73183383531497,84.98012361190266,86.0767822265625,6272600.0
2019-08-16,86.55267522394702,86.73857014252377,85.77935168190021,86.11396026611328,6239100.0
2019-08-19,87.09549501624069,87.60856686466454,86.96908781891007,87.22933959960938,6443700.0
2019-08-20,87.09550088972213,87.1401195358962,86.0024433370723,86.35192108154297,5150900.0
2019-08-21,87.58623303156266,87.90597245460398,87.24418713043544,87.65315246582031,4578400.0
2019-08-22,88.23317058847351,88.29265265339293,87.33343415241326,87.54164123535156,4362100.0
2019-08-23,86.61216366621242,87.78701524967703,85.0283353162538,85.6455078125,7653400.0
2019-08-26,86.19574182647501,86.41881796523396,85.65293192085647,86.06189727783203,3966400.0
2019-08-27,86.45600113576836,87.02112324336451,85.54140136723514,86.12882995605469,4237100.0
2019-08-28,86.56009633351218,87.14751917346817,86.1659944148586,86.87239837646484,4153500.0
2019-08-29,87.14010580158956,87.62342806227775,86.68652173624535,87.38548278808594,4467300.0
2019-08-30,87.72752723853549,88.471106868493,87.16984251606735,87.53419494628906,4881100.0
2019-09-03,86.08421146588775,86.50061991732277,85.17704908058481,86.45600128173828,5672500.0
2019-09-04,87.35574873357113,88.14394142799405,87.12523516075713,87.18472290039062,4595600.0
2019-09-05,87.74983506673894,88.53802767121302,87.19215033571012,87.4747085571289,5394300.0
2019-09-06,87.37060786454695,88.06957454284333,87.28881365014792,87.93572998046875,4578200.0
2019-09-09,88.29264257093077,88.95442797948982,88.17367278161456,88.77597045898438,5048000.0
2019-09-10,89.40057590792303,91.67592762028197,89.16263066789243,90.60517120361328,8728800.0
2019-09-11,90.87286472307333,91.44542420766318,89.50468094468617,90.18133544921875,5509500.0
2019-09-12,89.25928559121719,90.85054529822168,88.90236492815065,90.2854232788086,5818300.0
2019-09-13,90.90262500150705,90.95467535740745,90.15160786088963,90.34494018554688,4885400.0
2019-09-16,92.84337644363947,93.14824121874493,91.43801104276159,92.29312896728516,10683900.0
2019-09-17,92.2931190364112,92.66490890506294,91.1331307885348,92.1220932006836,7246500.0
2019-09-18,91.86926204224392,92.3600216292827,91.47516008804371,92.33771514892578,4801500.0
2019-09-19,92.77641788532995,92.92513719905155,91.77258662822159,91.9510498046875,4034500.0
2019-09-20,92.2038653757983,92.81360038765128,91.95848275963432,92.44181060791016,10420700.0
2019-09-23,91.86926133163517,92.94744947633583,91.86926133163517,92.87309265136719,4705500.0
2019-09-24,92.70206543432714,92.73924668277544,91.6238773060706,92.01053619384766,6232100.0
2019-09-25,91.81722446136628,92.31542150213679,91.39338425647657,91.83953094482422,3762500.0
2019-09-26,91.65363724119626,91.83209478430325,89.26674703728679,89.34854125976562,7834400.0
2019-09-27,88.86521311857004,89.41546051791495,88.07701476484571,88.18855285644531,6850700.0
2019-09-30,88.14393988903068,88.79828799438508,88.04727656861128,88.18855285644531,6108300.0
2019-10-01,88.68673787617311,88.82801981791121,86.16600344394308,86.2626724243164,7116600.0
2019-10-02,85.55626444906032,85.5934456971937,82.99835455783169,83.49655151367188,9702400.0
2019-10-03,83.32552739791865,84.16577596898739,82.10605731892576,84.13603210449219,5315300.0
2019-10-04,84.47064500910548,84.76807799633669,83.68988979981876,84.65653991699219,4757300.0
2019-10-07,84.73833029254617,85.32575885563126,84.19552036301555,84.21782684326172,4694000.0
2019-10-08,83.36271007660075,83.83860057056206,82.99092027362708,83.06527709960938,5323900.0
2019-10-09,83.7196299978483,85.14730723613808,83.50399689183027,84.12860107421875,4601700.0
2019-10-10,84.41860207549051,85.35551408197689,84.24758192213062,85.20679473876953,3555500.0
2019-10-11,86.02473716144165,87.02113123466951,85.77935449932569,86.36678314208984,5134200.0
2019-10-14,85.9429296174486,86.5452272646686,85.84626064083956,86.38907623291016,2571300.0
2019-10-15,86.14369472954854,87.45983378630417,86.10651915372927,86.4857406616211,3742700.0
2019-10-16,86.42627139283424,86.74601089210964,85.57115359960349,85.59346008300781,3608900.0
2019-10-17,85.96523627224884,86.29984481626062,85.45216454323956,85.77190399169922,3722400.0
2019-10-18,85.61575420094022,85.94293103845058,85.31832122802734,85.31832122802734,5679900.0
2019-10-21,85.92062397753136,86.81291721717689,85.92062397753136,86.70881652832031,3926300.0
2019-10-22,86.72368887020811,88.15879776094906,86.61958817745487,87.59368133544922,4095000.0
2019-10-23,87.2962538655742,87.75726962743079,86.835232430655,87.72753143310547,4148500.0
2019-10-24,88.09186956946243,88.34468389159416,87.22931457452943,87.43008422851562,3873900.0
2019-10-25,87.57136258623444,88.37442987533124,87.51188053275685,88.24058532714844,3369100.0
2019-10-28,88.54545077748493,88.86519019863697,87.47469445119687,88.09930419921875,5076300.0
2019-10-29,87.72008813389509,88.53802457619902,87.51188674927907,87.83905792236328,4548400.0
2019-10-30,87.8762565297295,87.8762565297295,85.8983316390718,86.52294158935547,4690900.0
2019-10-31,86.15113546653852,86.52292527757207,85.74960178985482,86.35933685302734,7177700.0
2019-11-01,85.87601394528134,86.71626259771539,84.78295092974999,86.41139221191406,7684700.0
2019-11-04,87.1698472398198,90.62005645594527,87.01369051677169,90.39698028564453,10348800.0
2019-11-05,90.1441478438057,91.05131009422337,89.76492069956767,90.67208862304688,6971200.0
2019-11-06,90.67211576022703,90.82082943973857,89.08085556258798,89.15521240234375,6104700.0
2019-11-07,90.0697961208093,90.71671242383907,89.46749845206371,90.63491821289062,5440700.0
2019-11-08,89.95082540783149,90.12184553946453,89.34852774528203,89.92108154296875,4249800.0
2019-11-11,89.37825655146963,90.26311800076469,89.23698029953475,89.83184051513672,3870800.0
2019-11-12,90.18878782841662,90.7539100223011,89.58649005117095,89.94340515136719,4503600.0
2019-11-13,89.57160438587925,91.0215881141395,89.50468494012976,90.92491912841797,5076400.0
2019-11-14,90.60517935630737,91.41568412603812,90.27057078252119,90.68697357177734,4882800.0
2019-11-15,91.02487492727573,91.15252764060922,90.19136836310327,90.58934783935547,5589600.0
2019-11-18,89.97359941884042,90.10876279218714,88.71207651059137,89.01995086669922,4885300.0
2019-11-19,88.98242248384264,89.20769673108278,87.16523008317415,87.44306182861328,8723000.0
2019-11-20,87.41301358645069,88.66702585377337,87.19525005091593,88.1113510131836,5903100.0
2019-11-21,88.31411681580482,89.32032880885882,88.00624239081951,89.18516540527344,5810900.0
2019-11-22,89.40291470238911,89.88349434303761,89.05749844373308,89.08002471923828,4786800.0
2019-11-25,88.92984344825516,89.52306018017097,88.59193786642412,88.89229583740234,7390000.0
2019-11-26,88.86225193922293,89.02745224770729,88.00621918522272,88.44925689697266,10053100.0
2019-11-27,88.59944912019218,89.06501317472838,88.32161740433926,88.6595230102539,4106100.0
2019-11-29,88.06630379551564,88.47179394875295,87.7659400824923,87.95366668701172,3271000.0
2019-12-02,88.59196450049308,88.65954334559159,87.6458205663743,87.70589447021484,5195200.0
2019-12-03,87.25533166839165,87.63078491262563,86.87987842415767,87.02255249023438,6135800.0
2019-12-04,87.58573040556486,88.08133142681561,87.42804073397463,87.81100463867188,5706700.0
2019-12-05,88.32162108379914,88.41172619368402,87.24782460229785,87.35295104980469,5517500.0
2019-12-06,87.92362558021686,89.57562305915349,87.84103114878303,88.61446380615234,6735300.0
2019-12-09,87.49561749925593,88.52436140366115,87.43554933694679,88.08132934570312,4736100.0
2019-12-10,88.6294794626395,88.67453201234879,87.8935944155693,88.52435302734375,4886800.0
2019-12-11,87.92362916408538,88.35165131937522,87.20275969495106,87.2778549194336,7039600.0
2019-12-12,87.54820390439912,89.27529149751017,87.54820390439912,89.21521759033203,6462000.0
2019-12-13,89.39540282283492,89.76334532843033,88.53185937875685,88.57691192626953,4863400.0
2019-12-16,89.25274348131364,89.71079688632442,89.06501686381618,89.6281967163086,5619300.0
2019-12-17,89.80089082589755,90.02616503045746,88.8547529162524,89.0574951171875,6755500.0
2019-12-18,89.11756663063152,89.83843604549371,88.99741886367406,89.01995086669922,7496700.0
2019-12-19,89.03498290550682,89.16263563473825,88.50183998139744,88.70458221435547,6220300.0
2019-12-20,89.65822399538254,90.0637141329314,88.67453273006619,89.86847686767578,12171100.0
2019-12-23,89.59063965595371,90.40913060101174,89.47049761248164,90.3565673828125,5875000.0
2019-12-24,90.43166689814976,90.69448301827244,90.17635571791504,90.36408233642578,1640100.0
2019-12-26,90.61186649823168,91.17504625214637,90.36406603155864,90.5593032836914,3648600.0
2019-12-27,90.77707745194188,91.07744116836948,90.28898712886722,90.33404541015625,4138300.0
2019-12-30,90.43916199001602,91.11497311708548,89.96608732631448,89.99612426757812,4580200.0
2019-12-31,89.73332025153768,90.58184247266162,89.54559364013278,90.49173736572266,4215700.0
2020-01-02,90.71699975437281,91.33274276916656,90.68696281109493,91.18256378173828,5205000.0
2020-01-03,91.4453906006724,92.15124452809577,90.66444717072697,90.86719512939453,6360900.0
2020-01-06,91.03988288204842,91.36277283678461,90.35656109302482,90.5593032836914,9953000.0
2020-01-07,89.37287901050846,89.9060276067515,88.43424599156992,89.40291595458984,7856900.0
2020-01-08,89.0199660743229,89.42545053467266,88.3441490921369,88.3816909790039,7295900.0
2020-01-09,88.299089465136,88.54688997633109,87.240314316607,88.23902130126953,7345300.0
2020-01-10,88.2465214684736,88.37417991606978,87.4055099302104,87.435546875,6393800.0
2020-01-13,87.45806448401974,87.78846511500036,87.16521146254543,87.60073852539062,6846700.0
2020-01-14,87.48060044448602,87.76594282986164,86.88738366815961,87.3304214477539,7189100.0
2020-01-15,87.3304325131067,87.41303269046381,86.84234211844074,87.20277404785156,5808800.0
2020-01-16,87.52563704449304,88.06629050052261,87.44303689265737,87.7734375,7022000.0
2020-01-17,87.86355307796569,88.07380593804062,86.74469849848573,86.78975677490234,7885900.0
2020-01-21,86.42933601460496,86.46688363075982,84.98008625704017,85.08521270751953,8470300.0
2020-01-22,84.927530399118,85.25042044758959,84.44695066124805,84.77735137939453,5589900.0
2020-01-23,84.40188851366672,85.22037381742152,83.9963983317193,84.92752075195312,8007800.0
2020-01-24,84.69474555090109,84.83741962039599,83.60592767915944,83.9888916015625,6920000.0
2020-01-27,82.78744404085468,83.22297119851486,82.58470180068164,82.89257049560547,7609800.0
2020-01-28,83.3356007886399,83.81618046090013,83.17790539180805,83.44072723388672,5771900.0
2020-01-29,83.68851513812879,83.98136817283647,82.73486654056092,82.8775405883789,4772800.0
2020-01-30,82.45704139697668,83.78614911769455,81.89386151879907,83.65098571777344,8382700.0
2020-01-31,82.45702897997292,82.5997030275608,79.89644116517832,80.45211029052734,13699600.0
2020-02-03,80.30944906607127,80.53472331097349,79.14554741130854,79.80634307861328,8785500.0
2020-02-04,80.85760583308272,81.35320110530978,80.0466255014804,80.2343521118164,9909000.0
2020-02-05,81.3006209166083,83.08778154057241,81.18047889012617,82.80994415283203,6914100.0
2020-02-06,83.07276863283846,83.10280557474576,81.9313934851658,82.21673583984375,6274000.0
2020-02-07,81.7962460446871,82.17920996740399,81.45082973890867,81.80375671386719,4830100.0
2020-02-10,81.50336849079126,82.44951200969817,81.33816819220876,82.44200134277344,6011800.0
2020-02-11,83.18543359697438,83.62847147730808,82.64477991946474,83.5083236694336,6072700.0
2020-02-12,84.48450355834179,84.55208240275023,83.80868646944366,84.13157653808594,5725700.0
2020-02-13,83.62845835295275,84.34932790018061,83.52333190204213,83.84622192382812,5991900.0
2020-02-14,84.20327049984319,84.30203301044803,83.24607398421001,83.62591552734375,5148700.0
2020-02-18,82.80543894729857,83.77023371326837,82.6762942408788,83.74744415283203,4975800.0
2020-02-19,83.96015002666542,84.40076749165108,83.48155189492472,84.12728118896484,5887500.0
2020-02-20,84.15766969846179,84.37797843225971,83.33721078554275,83.4207763671875,4466600.0
2020-02-21,82.79785240998132,82.9497924946227,81.7798799245312,82.81304931640625,6443900.0
2020-02-24,80.30609263914107,81.2556964294004,79.32610083208284,79.5464096069336,9539800.0
2020-02-25,79.61478963204388,79.70594789286031,75.96830850541517,76.50768280029297,12871900.0
2020-02-26,76.62163808471279,77.19140041086565,74.4489439506427,74.47933197021484,11990400.0
2020-02-27,72.89157192574177,74.6008584504864,71.47096861234316,71.50894927978516,15783700.0
2020-02-28,68.85005087212757,70.98476350599162,68.45501836177286,70.9087905883789,20835100.0
2020-03-02,71.42539947680113,73.44615921897804,70.05037497892346,73.3777847290039,15050800.0
2020-03-03,73.52970674841136,74.8135726720118,70.93159268638007,71.70646667480469,16525500.0
2020-03-04,73.21065029005811,75.22380553439774,72.67886873071164,74.8515625,14753000.0
2020-03-05,72.70926184530146,73.98552956296597,72.12430846450259,73.8335952758789,12814400.0
2020-03-06,71.34942182851142,72.97514289049575,70.96958035055395,72.41297912597656,16861900.0
2020-03-09,62.46872820721541,66.85969449739845,60.774632768586,61.28361892700195,30595500.0
2020-03-10,65.51504995455859,65.56063486858879,61.56470129655194,64.55785369873047,22642900.0
2020-03-11,62.46873036495836,64.45149749527359,62.104080005546315,63.076473236083984,18412800.0
2020-03-12,58.670315460919134,59.354025463825664,55.350498957453546,57.93342208862305,25768200.0
2020-03-13,60.75944030442291,63.433521536349005,56.30009963803082,63.372745513916016,23497500.0
2020-03-16,55.13020574321618,59.627528582211525,52.94232036649688,52.949913024902344,17535300.0
2020-03-17,53.48168707292004,55.44167070339347,49.75164057161001,53.701995849609375,22684200.0
2020-03-18,50.29861126467771,50.31380817055384,41.45590151514207,41.82054901123047,24947300.0
2020-03-19,41.98008368782441,44.43386246731432,39.19964386591597,43.598209381103516,29871000.0
2020-03-20,45.22392794046276,46.074774984695544,42.81573422799054,45.11757278442383,26960400.0
2020-03-23,44.259126956133066,45.125167944893036,40.24040639265034,41.19001007080078,23764000.0
2020-03-24,46.70531204928228,51.3925578224828,45.82407985582264,50.556907653808594,29198800.0
2020-03-25,51.87874777253367,55.563208808745074,50.625269783988145,52.623233795166016,22560100.0
2020-03-26,53.40572448933222,58.57156611508693,51.574885428028985,58.024593353271484,24129100.0
2020-03-27,54.7883358613448,55.86708424791994,52.03828152488505,52.25099182128906,20411500.0
2020-03-30,51.66604035940043,55.40367917693383,50.91395004681104,54.65918731689453,18486800.0
2020-03-31,55.66196453536932,57.00660653830431,53.79314526321892,55.04662322998047,18514200.0
2020-04-01,52.80556460008456,54.91748231863979,51.36216580521151,52.0838623046875,14362000.0
2020-04-02,54.50725534145298,59.787049881942956,52.858744619708204,57.82707214355469,23220600.0
2020-04-03,59.25527500863907,60.00735956858302,55.479649507023225,57.059791564941406,14905400.0
2020-04-06,58.495586690858524,61.4963320014368,57.363660727101056,61.0709114074707,17334900.0
2020-04-07,64.01089320229546,65.09724015806533,61.420371309335955,61.473548889160156,16394800.0
2020-04-08,62.51431837273186,65.56064900137018,61.92935918326241,65.31755065917969,12284800.0
2020-04-09,67.41426992966183,68.30310347267856,61.929357568809834,64.04887390136719,17023800.0
2020-04-13,66.22917009156959,66.3659132756289,63.35756902224595,64.50469207763672,13854700.0
2020-04-14,64.92251627247548,66.15320496663831,64.06407646603029,64.27678680419922,14797600.0
2020-04-15,61.12410393920095,63.342377287594935,60.258065634746835,62.666259765625,13982300.0
2020-04-16,61.76983319243037,62.43835805348059,59.87062537521461,60.767051696777344,12291900.0
2020-04-17,61.78502645853227,66.47226968409213,61.777428004853085,66.22157287597656,16130100.0
2020-04-20,62.79540483525067,66.09242655007397,62.36237992480318,63.48671340942383,15749000.0
2020-04-21,60.98737242647766,63.653862346196306,60.20489958010294,62.02054214477539,19620600.0
2020-04-22,64.53506290735115,64.76297010585739,63.030893944156574,64.14762878417969,10320700.0
2020-04-23,65.56064919959007,67.44465990828215,64.86933484556724,65.94049072265625,14226500.0
2020-04-24,67.21675633191148,67.4522562140196,65.15801024202925,66.10002136230469,9175500.0
2020-04-27,65.90248545537689,68.84246009190589,65.23396665198612,68.1511459350586,12037100.0
2020-04-28,68.02962184401748,69.10077196839788,67.48264910138838,68.30310821533203,10645200.0
2020-04-29,70.25548910793356,72.2762429522243,70.1111474776551,71.88121032714844,12342800.0
2020-04-30,71.19748658740275,72.73204358727557,68.81208260194525,69.89083099365234,12222000.0
2020-05-01,69.51857278504355,69.92880218154374,66.12278983283605,67.94602966308594,13250100.0
2020-05-04,67.42945785997111,69.60215148315517,66.6165973642988,69.46540832519531,11192400.0
2020-05-05,71.79003017425968,72.39777877981729,70.40740760274038,70.56694030761719,13608700.0
2020-05-06,70.53657106876992,70.99997819974632,68.19674584940083,68.40946197509766,11145900.0
2020-05-07,70.63531698354703,71.4557700919623,69.82245653089603,70.37702178955078,9749600.0
2020-05-08,72.1698950344925,72.59531571894811,71.46338951442321,72.52694702148438,8585900.0
2020-05-11,71.56973340412328,71.86600930494228,70.7872608560156,70.93160247802734,7101000.0
2020-05-12,70.7492862241048,71.43300218495973,69.13116328001662,69.2071304321289,8749100.0
2020-05-13,68.29551143667591,68.37147858703264,66.33552765949301,67.3838882446289,12215100.0
2020-05-14,66.3127351034603,69.07798098237949,65.34793437008118,68.40946197509766,10678200.0
2020-05-15,68.86526342174972,69.93641341162379,67.48264062746556,67.73333740234375,10113000.0
2020-05-18,71.22521667464657,71.99605234021415,70.50062926709003,71.3408432006836,12304300.0
2020-05-19,71.32542713131048,71.40250952592046,69.0129200069528,69.0822982788086,7749300.0
2020-05-20,70.14603489701466,72.04999964232356,69.51394998263355,71.68770599365234,9160000.0
2020-05-21,71.51043788471792,71.97294409091074,70.36189413629668,70.9477310180664,8830900.0
2020-05-22,70.49292559257785,70.60855212899577,68.96667413109306,69.59104919433594,8563100.0
2020-05-26,71.29460245398973,72.72064752696315,70.94001868694302,71.91898345947266,9430000.0
2020-05-27,72.98274367934408,72.99045368507286,71.00169563985548,72.3814926147461,7822600.0
2020-05-28,72.1579568674892,72.38150000836853,69.98419962981478,70.04586791992188,9633300.0
2020-05-29,69.52166563078283,70.83208381694295,68.80478827738703,70.68562316894531,17010000.0
2020-06-01,70.09981093575102,72.34294010048278,69.46001579751415,71.5258560180664,7344000.0
2020-06-02,72.28897700058927,73.39898238257473,71.9112691229454,72.99044036865234,7880300.0
2020-06-03,73.9770949094611,75.3337672384877,73.80751013320666,74.90980529785156,8440200.0
2020-06-04,74.60147465591105,74.68626704947152,73.352724643492,74.21605682373047,6371700.0
2020-06-05,76.37441177827705,78.66379502434064,76.3512876454498,77.70795440673828,12760100.0
2020-06-08,79.11086731901874,79.85086889975119,77.75420069484748,79.5810775756836,11090700.0
2020-06-09,77.62315204496188,79.34211823048224,76.95252875492812,78.26294708251953,10745400.0
2020-06-10,77.85441969300092,78.2398376122732,75.20274252648419,75.2181625366211,10486300.0
2020-06-11,71.1481283189365,72.60500713422769,68.69687087271484,68.88957977294922,14944800.0
2020-06-12,72.16566005438519,72.18878419073717,69.38294194714538,71.217529296875,9532400.0
2020-06-15,68.67375506147064,70.97855821906906,67.99542170957793,70.32334899902344,12289500.0
2020-06-16,73.2216988239166,73.67649505266719,70.52377323546413,72.48169708251953,8726700.0
2020-06-17,72.327508298025,72.45854894318218,70.53145987554436,70.56229400634766,6019900.0
2020-06-18,70.14604099658445,71.86500700645242,69.45228776657028,70.8706283569336,7064100.0
2020-06-19,72.77461178041577,72.77461178041577,69.79918507779777,69.86084747314453,14838800.0
2020-06-22,69.62188649685963,70.67793361870639,69.05917379723071,70.60084533691406,5939200.0
2020-06-23,71.302298146451,71.75708836039253,70.28479531625013,70.48521423339844,6317700.0
2020-06-24,69.36750839192553,69.47542492783882,66.95479458042105,67.55604553222656,8974500.0
2020-06-25,67.3016915033029,68.9975342879805,67.18607080428964,68.76628112792969,7398000.0
2020-06-26,68.4348081128336,68.47335225902815,66.43063601194784,66.64646911621094,13766000.0
2020-06-29,66.99331658915938,68.27290046984558,66.75435358342848,67.57914733886719,7022200.0
2020-06-30,66.7543976530964,69.36753127073695,66.56939865637295,68.78170013427734,8263600.0
2020-07-01,68.82022628472593,69.96877009689449,67.48668350841874,67.54064178466797,6379400.0
2020-07-02,68.88959201754172,69.65271775142706,67.9568814803463,68.07250213623047,5832800.0
2020-07-06,68.98978843827577,69.56791515703226,67.69478435302084,68.27291107177734,6747500.0
2020-07-07,67.69480175230927,67.89522071300686,66.40750733911953,66.53083801269531,5898000.0
2020-07-08,66.59251016583184,67.67939156259372,66.20709223183304,66.56167602539062,6736400.0
2020-07-09,66.26874392625682,66.53853523632749,63.74040385300676,63.7789421081543,8833600.0
2020-07-10,63.59395693433878,65.84479618045097,63.59395693433878,65.6983413696289,6218100.0
2020-07-13,66.3227106451694,67.00875401297435,65.37458005629847,65.82937622070312,7074000.0
2020-07-14,65.82165219284295,68.29603379241837,65.55186090585042,68.10332489013672,7440500.0
2020-07-15,69.51395567078704,69.5216656735835,67.99540857537863,68.51957702636719,5935200.0
2020-07-16,68.17272938008836,68.97439942771484,67.33251518477346,68.1110610961914,4795700.0
2020-07-17,68.14958025209262,68.68916283578723,66.99332681759638,67.20915985107422,5964000.0
2020-07-20,66.9316563969121,67.44040483355208,65.36686107367332,65.7291488647461,14974800.0
2020-07-21,66.65416771323264,70.70876537266143,66.56937531092636,70.4466781616211,15115000.0
2020-07-22,69.33667348506741,70.33876231427757,68.52729947471464,70.17688751220703,10317500.0
2020-07-23,69.76063494064773,70.43896827926059,69.39063119530707,70.15376281738281,6586300.0
2020-07-24,70.51606645650553,71.48731539745935,69.35981267640832,69.47543334960938,6620500.0
2020-07-27,69.19021869139027,70.21542577117046,68.45021707577772,70.17688751220703,7599700.0
2020-07-28,69.7374923856113,70.27707491229772,68.42706843635955,68.68915557861328,6787300.0
2020-07-29,68.97439363668012,69.43689396505354,68.28064020361464,69.42918395996094,6386900.0
2020-07-30,68.16501592427242,68.21897419969841,66.06063142063691,66.50000762939453,10112800.0
2020-07-31,64.17207047255346,64.82727962550074,62.830818033683656,64.70394897460938,19119800.0
2020-08-03,64.73479115778386,65.62895760122272,64.59604048264555,65.37458038330078,11220100.0
2020-08-04,65.12021046990579,66.84688100191919,64.96603978248737,66.66958618164062,9077900.0
2020-08-05,67.94146834725518,68.16501143960163,66.6079256790295,67.21688079833984,7324200.0
2020-08-06,66.62334071591583,67.75647032176927,66.36896348174247,67.42501068115234,7035600.0
2020-08-07,66.97020883910356,67.14750365188549,66.09145654151182,66.9085464477539,7185000.0
2020-08-10,67.7872947325609,69.19021550014243,67.52520753105148,69.1670913696289,8150200.0
2020-08-11,70.878341009159,71.69543085885199,68.7354186815491,69.0822982788086,9074300.0
2020-08-12,69.99188219415106,70.65480135035763,68.95124931989015,69.93021392822266,9057400.0
2020-08-13,69.27502486052343,70.36190042783585,69.19023244054026,69.23648071289062,7314600.0
2020-08-14,68.60437725435524,69.83000319365514,68.48875072323023,69.64500427246094,6343000.0
2020-08-17,69.64500802958699,70.59313857874905,69.15938362987569,69.96875762939453,10473800.0
2020-08-18,69.56997776597305,69.88275844350412,68.27976119977944,68.52216339111328,7981500.0
2020-08-19,68.26412748754741,68.73329553907031,67.40397909966075,67.55255126953125,9120300.0
2020-08-20,66.79405921078748,67.94352480058272,66.25451864281072,66.31707000732422,7872300.0
2020-08-21,66.2075888121616,66.53600580369039,65.30053150711147,66.52819061279297,9003600.0
2020-08-24,66.93481154282061,68.29540069203111,66.37962864840596,68.18592834472656,8738700.0
2020-08-25,68.81930282477043,68.84276032990275,67.05991835030977,67.34923553466797,6835800.0
2020-08-26,67.02082214644324,67.1224733294314,66.19977959355003,66.29360961914062,7486500.0
2020-08-27,66.5907508371332,66.95826169655093,65.66023002144983,66.395263671875,7438200.0
2020-08-28,66.50473390744348,67.03645921878973,65.93390877796213,66.95825958251953,7307900.0
2020-08-31,67.1146556905937,67.16939185879069,65.58203701528258,65.62895202636719,9437500.0
2020-09-01,65.10504542740517,65.39436260605473,64.47166297235641,64.96429443359375,8990600.0
2020-09-02,64.94867394027575,65.65242914576831,64.66717185807873,65.05033111572266,10821900.0
2020-09-03,64.94081821970337,66.06681988000301,63.89300424191322,64.33871459960938,16179900.0
2020-09-04,64.47946465845223,65.402164013525,63.25962705763471,64.06503295898438,10516600.0
2020-09-08,62.946857142608714,63.009414457273884,61.023264460108734,61.7504768371582,14942500.0
2020-09-09,62.53242307235466,63.39256523707527,62.30565728938215,62.57933807373047,9269800.0
2020-09-10,63.048512607894715,63.25182091153616,61.03108978149409,61.109283447265625,11845900.0
2020-09-11,61.17964463364752,61.53152501318518,60.26476638527733,60.749576568603516,13732400.0
2020-09-14,60.585381686610084,60.97635599650722,60.14748640278501,60.43680953979492,8182800.0
2020-09-15,60.647935565283284,61.36733285942643,59.39681891472202,59.701778411865234,11732000.0
2020-09-16,59.701783719576824,62.149287037055345,59.396824195321564,61.42988967895508,13019000.0
2020-09-17,60.62447287870282,61.65664477292109,59.71741562174459,61.6097297668457,10515100.0
2020-09-18,60.89813694141703,61.891214712707225,60.600998708338906,61.15618133544922,14517800.0
2020-09-21,59.61576441775004,59.93636623327479,58.39592641209362,59.66268539428711,16199100.0
2020-09-22,59.54538767709989,60.624474608177366,58.91982640454242,59.060577392578125,9155000.0
2020-09-23,59.107484391247205,59.35771363900103,56.18299866475108,56.261192321777344,16649200.0
2020-09-24,55.71383157102828,57.10569897013539,55.12737018607008,56.14390563964844,15203500.0
2020-09-25,55.52617599491366,56.67564147918315,55.33850402121611,56.16737365722656,11070500.0
2020-09-28,57.582693878542806,58.45847844989122,57.199540738612896,57.8094596862793,12863800.0
2020-09-29,57.8641899891098,57.973662303717596,55.60435926274456,56.22209930419922,10553000.0
2020-09-30,56.49579540888468,56.99624211586585,55.99534870190352,56.30030822753906,10466500.0
2020-10-01,55.91715029140024,56.20646747720376,54.7598636508017,55.064823150634766,14930700.0
2020-10-02,53.89190791441528,56.042267036615904,53.813714230403484,55.666934967041016,9854800.0
2020-10-05,55.92495298498582,56.871115901103636,55.29157662161179,56.847652435302734,12049800.0
2020-10-06,57.73907319250984,58.114411089762925,56.49577796658389,56.53487777709961,15294500.0
2020-10-07,56.43322768157818,57.80163769887616,55.95623856971363,57.69216537475586,15410300.0
2020-10-08,58.1691612544365,59.0762245778752,57.85638059236127,58.818180084228516,11590900.0
2020-10-09,59.31862557067211,59.49847042085634,57.848564243857744,57.864200592041016,12260900.0
2020-10-12,57.574866721651546,58.60703851761881,57.23862862326406,58.26298522949219,9056900.0
2020-10-13,58.442831513493424,58.442831513493424,56.91021310923248,57.395023345947266,10440300.0
2020-10-14,57.301192510820385,58.200434594879226,57.011875346639236,57.043148040771484,7057500.0
2020-10-15,56.15953478346405,57.64523796133417,55.82329672723973,57.48102951049805,10052100.0
2020-10-16,57.488841142341435,57.88763647872253,56.511405686559165,56.9962158203125,9305600.0
2020-10-19,57.16827621212807,57.34812109203224,55.666935975051054,55.737308502197266,8357100.0
2020-10-20,56.2299186789389,56.52705695692193,55.54962134616964,56.05006790161133,7753200.0
2020-10-21,55.62000462155774,55.97188508907278,55.307229938159495,55.41670227050781,9800600.0
2020-10-22,55.42450970775902,57.465395850128495,55.18210757229855,57.395023345947266,9810100.0
2020-10-23,57.80945651679715,58.14569463179319,56.167365755618775,56.74600601196289,8727200.0
2020-10-26,56.089171799077626,56.21428046415684,54.92406417079853,55.471431732177734,9710900.0
2020-10-27,55.06483031048459,55.205581326077635,54.337617724219754,54.3532600402832,14251700.0
2020-10-28,52.93010486139509,53.235064350912616,51.86665424356151,52.296722412109375,15961900.0
2020-10-29,51.710265257035594,54.0639325087105,50.95178003115576,53.798072814941406,12292200.0
2020-10-30,54.6582014310641,54.82240990043296,53.23505539740704,54.345420837402344,17191600.0
2020-11-02,55.28376955347798,57.14481123886705,54.267239844104424,56.417598724365234,11475500.0
2020-11-03,57.20735239971806,57.316824707242176,55.55744066601324,56.096981048583984,8608000.0
2020-11-04,55.34631785127759,57.54359138506485,54.650384113548654,56.120445251464844,10925700.0
2020-11-05,56.222104973865484,57.05878972891043,56.11263264821806,56.40977096557617,10627700.0
2020-11-06,56.69128795007127,57.2933859005908,55.385434887012366,55.635658264160156,8366900.0
2020-11-09,62.55588363232584,65.89480129625188,61.19529483374506,62.08671569824219,24015200.0
2020-11-10,63.44731316671509,65.01903162817037,62.32912635535851,64.95647430419922,15039700.0
2020-11-11,65.76188763991826,66.06684717032287,63.963409122890425,64.4794921875,11640600.0
2020-11-12,63.32219248631874,64.30744330610324,62.48550782557206,63.07978439331055,8920700.0
2020-11-13,63.45512505343583,65.17540945076102,63.36128908118769,64.92518615722656,10890300.0
2020-11-16,67.43524783076381,69.73417870008579,66.88788617892267,69.56214904785156,18980200.0
2020-11-17,68.55444564415407,69.45104673118394,67.30872276406907,69.062255859375,14329000.0
2020-11-18,69.32411463935281,69.74464451207427,66.84853467735482,66.8723373413086,10583700.0
2020-11-19,66.2931191602398,68.20534116307441,65.90432213617058,68.0228500366211,8820200.0
2020-11-20,68.01490064323565,68.48303575441216,67.34839591200351,68.07044219970703,8294600.0
2020-11-23,69.3875813527253,72.66455173344372,68.84010196081911,72.2281494140625,13379300.0
2020-11-24,74.1007185402492,76.02881330246535,73.79127175588172,75.87012481689453,17257400.0
2020-11-25,75.12426158774171,75.12426158774171,73.10888671875,73.10888671875,10556600.0
2020-11-27,72.46618986038953,73.46593801898831,71.83936017477991,72.4503173828125,4627700.0
2020-11-30,71.41882463905318,72.08532335841173,68.95118123335835,69.17334747314453,14288400.0
2020-12-01,70.8395960039584,71.18078158098257,69.08606279995186,69.3875732421875,9913600.0
2020-12-02,69.23683789121837,72.45032482284334,69.10988227187089,71.30775451660156,10509600.0
2020-12-03,71.87111372678687,72.29164366465275,70.67299567570616,71.2522201538086,8249800.0
2020-12-04,72.37891355736788,74.14831353365528,72.1408748086335,74.013427734375,10791100.0
2020-12-07,72.85499109745196,73.29932367512068,71.3156874482748,72.01393127441406,9398400.0
2020-12-08,71.68066364032214,73.36278905491626,71.5616503297417,72.6328125,7627300.0
2020-12-09,73.15651610473562,73.80714867377964,70.91104405221179,71.76004028320312,11129400.0
2020-12-10,72.64075538669898,75.02904885909531,72.02979208644736,74.0689697265625,11992100.0
2020-12-11,73.41834384062507,74.01343471501066,72.2281620918539,73.35486602783203,9584500.0
2020-12-14,74.10863095648162,74.34666360831615,70.8078582462429,70.966552734375,12198400.0
2020-12-15,70.95069509112066,71.79176092010746,70.43494849063131,70.91102600097656,11775300.0
2020-12-16,70.77613261979499,70.89515199481735,69.70497035174742,70.37147521972656,9892900.0
2020-12-17,71.0459162813497,71.0538525213095,69.46694352968741,70.1493148803711,11748900.0
2020-12-18,69.80811936259316,70.38733767286631,68.44337685364454,69.18128967285156,27427600.0
2020-12-21,66.92787796639828,68.90357774325233,66.27724559531985,68.30848693847656,11430500.0
2020-12-22,67.79275383875053,68.07839794059967,66.88821620075406,66.93582153320312,8585800.0
2020-12-23,67.44362626384937,68.7607635177779,67.44362626384937,67.9911117553711,7223100.0
2020-12-24,68.18153098315724,68.18153098315724,67.2928599521308,67.70545959472656,3335600.0
2020-12-28,67.92763260603151,68.7369534416305,67.14211443418884,67.3642807006836,8051900.0
2020-12-29,67.64992473919932,68.01491304162691,66.68984562885302,67.1341781616211,7670800.0
2020-12-30,67.13417150717929,68.69727750961388,67.07862994608864,67.70545959472656,7901800.0
2020-12-31,67.36427549671863,67.6023081694704,66.61842647089527,67.00721740722656,8350700.0
2021-01-04,67.56262274311638,68.19738243717138,66.56286880935059,67.2135009765625,9234900.0
2021-01-05,67.83242249424802,70.79201039850402,67.69753668412645,69.0305404663086,13414800.0
2021-01-06,70.6174541000178,72.02980221344572,69.68117750014412,71.2522201538086,13916800.0
2021-01-07,71.72034264311951,72.06152827684112,70.86341043931965,71.58545684814453,9286600.0
2021-01-08,73.06129202673681,73.33899989183428,71.76795731366117,72.26783752441406,11152100.0
2021-01-11,70.71267129718922,73.07716245354277,70.27626887559153,72.68043518066406,10635000.0
2021-01-12,73.52149951769053,74.52124786504044,72.76771408345701,74.06104278564453,10923900.0
2021-01-13,73.94995650665425,74.20386170289085,72.95020820160993,73.98963165283203,9723300.0
2021-01-14,74.53710943698577,76.42552875918443,74.41809006441204,75.76696014404297,13950200.0
2021-01-15,74.75926783252554,74.83067581640522,72.76769577211856,73.06920623779297,10244600.0
2021-01-19,74.18800430914264,75.40198886562884,74.02137957134828,74.98939514160156,9574800.0
2021-01-20,75.37817697140225,75.82250955114155,74.82276124672813,75.6796875,8735400.0
2021-01-21,74.47362665888821,75.10839256784999,72.37890763432125,73.0057373046875,10393100.0
2021-01-22,71.72828112872412,73.02160966034745,71.27601234926028,72.78357696533203,7810600.0
2021-01-25,71.90284896736739,72.22816216449843,70.87929193596543,72.12501525878906,7689400.0
2021-01-26,73.15649133221612,73.71984926852926,70.83166975929014,70.90308380126953,7827800.0
2021-01-27,69.45105309373459,71.68859395127971,68.83215971558447,69.982666015625,10178500.0
2021-01-28,70.35558538104505,71.52990030935462,70.02233605607253,70.63329315185547,8155500.0
2021-01-29,68.89562913266056,69.30028641311331,67.38012871607934,67.602294921875,14699800.0
2021-02-01,68.22913776124825,69.26856707465286,67.10243403876204,68.56239318847656,8073600.0
2021-02-02,69.83193330684587,70.11757741549593,68.65761796533141,69.0781478881836,9233100.0
2021-02-03,69.07021373490713,70.92689428092513,68.94325811454154,70.58570861816406,9256500.0
2021-02-04,71.02212571501052,71.13320887906299,69.78433237423116,70.61746215820312,7917600.0
2021-02-05,71.36328730683628,71.78381715042703,70.33179421406263,70.82373809814453,8017300.0
2021-02-08,71.6410226048934,73.02956827204714,71.41885626672139,72.58523559570312,9886600.0
2021-02-09,72.28371347072735,72.41859930102824,71.26015630149817,72.1726303100586,7605500.0
2021-02-10,72.50587037007207,73.46594959313639,71.88697682574777,73.41040802001953,8778800.0
2021-02-11,73.29140107716304,73.34694265512223,71.47438937881495,73.01368713378906,8572400.0
2021-02-12,72.62488480237239,73.57703377402625,72.48206275930318,73.43421173095703,7858300.0
2021-02-16,74.87455775238594,75.52633859054974,74.52050093207677,74.93892669677734,14006000.0
2021-02-17,76.78161729294342,77.82769084896044,75.79991881649724,77.18395233154297,14342300.0
2021-02-18,77.04717485528244,77.07131398002323,75.88040547240158,76.44367218017578,9030600.0
2021-02-19,76.54827625690547,77.55411403766598,76.16203798701554,77.08740997314453,8913900.0
2021-02-22,78.04495412143027,80.17733119189307,77.61847993516687,79.17149353027344,13178700.0
2021-02-23,80.44288734701199,80.5957766618371,77.89208408122296,80.16929626464844,14874000.0
2021-02-24,80.73255669437941,83.71788217984727,80.31412478327007,83.1304702758789,16116000.0
2021-02-25,84.40990555365505,84.458183801326,81.74644300612333,82.35799407958984,13219200.0
2021-02-26,80.70843694204814,81.31998197559733,78.54387177943136,80.46703338623047,14454100.0
2021-03-01,82.44652696110617,83.52478847002617,81.59357831700892,82.11661529541016,10439900.0
2021-03-02,81.98784125345253,83.13047139530244,81.8430003806021,82.43041229248047,10643500.0
2021-03-03,83.21096204766671,85.09388767931178,83.20291362537877,83.35579681396484,14958200.0
2021-03-04,84.10413391706557,86.56642911782373,82.98564273292537,84.08804321289062,22994200.0
2021-03-05,86.06753255826007,87.81366559543002,85.41575159488028,87.70906066894531,23638200.0
2021-03-08,88.40107525488816,88.85973705752309,86.95266633122685,88.31256103515625,18033600.0
2021-03-09,87.76539591858355,89.0689641118611,86.80783622566777,88.11140441894531,19010700.0
2021-03-10,88.67467326425408,90.1311308241109,88.27233807496228,89.61614227294922,17389900.0
2021-03-11,89.84144584222776,90.5656503853547,89.22989465701527,89.47129821777344,10989500.0
2021-03-12,89.83339518038352,90.68634376594417,89.09309994992907,89.7690200805664,10930300.0
2021-03-15,89.74488183577246,90.05066049333804,87.62055263408963,88.71490478515625,10488000.0
2021-03-16,87.33086400070076,87.61249736924137,86.16409455711236,86.61470794677734,11698400.0
2021-03-17,86.26868331667421,87.35498675699216,85.77783404956497,86.92851257324219,9168600.0
2021-03-18,86.1077689729002,86.52619482014805,83.4523545750117,83.78227233886719,13246600.0
2021-03-19,83.6374328968446,84.40186722573164,82.67182485392988,83.18681335449219,18491000.0
2021-03-22,82.92932063765441,84.08804785491918,82.32581790185355,82.51089477539062,12508500.0
2021-03-23,81.6338064347814,83.92712189649637,81.02226137486194,82.05223846435547,14781700.0
2021-03-24,82.8729996944077,85.10194005742055,82.80863073055447,84.24898529052734,11026800.0
2021-03-25,82.76033812665278,84.69959647299909,82.13269628250411,84.54670715332031,11138200.0
2021-03-26,85.72956234536969,86.53423253129678,84.78005128040986,86.48595428466797,9820200.0
2021-03-29,85.61692113017433,86.52619635889384,85.05364823680218,86.03534698486328,7542300.0
2021-03-30,85.34333632086627,85.96293593529049,84.96514026982898,85.23873138427734,6284600.0
2021-03-31,84.93296234982762,85.47209003919,84.16852179377176,84.3214111328125,8954400.0
2021-04-01,84.69959299263641,85.18239391913163,83.85468676690965,85.09387969970703,8515800.0
2021-04-05,85.07779094264234,85.15825674237506,83.82250113805348,84.0960922241211,8692700.0
2021-04-06,83.88688308744901,84.55476094417854,83.24314435869688,83.3477554321289,8125100.0
2021-04-07,83.25923656293521,84.1443726612751,83.0902565373642,83.8386001586914,7699300.0
2021-04-08,83.29945269684652,83.37992462458352,82.13268341441376,82.8971176147461,8283000.0
2021-04-09,82.97759574838393,83.42820910951104,82.156828681592,82.81665802001953,7163700.0
2021-04-12,83.42015629196135,83.57304559106343,81.68207189125125,81.89933013916016,7845900.0
2021-04-13,81.72232460983189,82.55918257021352,81.50506630106216,82.26950073242188,6829900.0
2021-04-14,82.5994074052612,84.7559240517576,82.55917143465959,83.90296936035156,10194800.0
2021-04-15,83.69373742528025,83.90294722760909,82.82469225836715,83.21897888183594,7860500.0
2021-04-16,83.5247880067595,83.97540145561001,82.42238737465273,82.84886169433594,7459700.0
2021-04-19,83.09829802000647,83.54891755633744,82.24534947843782,83.09025573730469,7068700.0
2021-04-20,82.7442444670091,82.87298851649827,80.87740970581446,81.53723907470703,9783800.0
2021-04-21,80.7325628696701,82.87298241541912,80.57967356670716,82.66377258300781,8264400.0
2021-04-22,82.77643214156512,82.77643214156512,81.16709161601885,81.23146057128906,9899400.0
2021-04-23,81.35215863078308,82.21315552714319,81.04638615495824,81.71426391601562,6756000.0
2021-04-26,81.4889569407649,82.61549656593593,81.48091465811262,81.69012451171875,5639700.0
2021-04-27,81.92346957575066,82.96149485116699,81.68207220372246,82.6396255493164,6898900.0
2021-04-28,83.31554290226215,85.18237728895545,83.17875045863812,84.66738891601562,8718400.0
2021-04-29,85.63301214525214,86.62275931885932,85.09388451580502,86.01925659179688,9740300.0
2021-04-30,84.47428579980249,84.8041974109365,82.85689687348625,82.93736267089844,13730000.0
2021-05-03,83.66962710771114,85.06975182140305,83.05807591241847,84.91686248779297,7938100.0
2021-05-04,85.2628584160952,85.70542950646545,84.36967395309105,85.38356018066406,8704300.0
2021-05-05,86.17212163514596,88.14356714537496,85.95486340036192,87.6768569946289,12872400.0
2021-05-06,87.66881676358601,87.8136576466871,86.43767232679994,87.72514343261719,9654900.0
2021-05-07,86.97681688125856,89.05286789814893,86.66299592976904,88.52983093261719,10273000.0
2021-05-10,89.67245252229716,91.0162503348987,88.12748101276502,88.16771697998047,13586500.0
2021-05-11,87.75734462207303,88.17577663348754,85.46403539903318,85.85832214355469,12754800.0
2021-05-12,86.09973068671441,88.63444361233043,85.87442396250816,86.3974609375,11661900.0
2021-05-13,85.35139752558955,86.79980684452869,84.84445733353513,85.84224700927734,9706300.0
2021-05-14,86.74347450407257,88.36890606572118,86.74347450407257,88.08727264404297,9124100.0
2021-05-17,87.7814857270591,89.22184639341299,87.68492921390198,89.16551971435547,12692900.0
2021-05-18,88.73380212329916,88.8315405366061,86.31467696525105,86.48572540283203,12759900.0
2021-05-19,84.5634610274445,84.94628639853494,83.05660036160913,84.05845642089844,14762700.0
2021-05-20,83.95259431216186,84.76711448835992,83.05662336120315,84.3517074584961,9706300.0
2021-05-21,84.79155218521335,85.6875231687795,84.44945519019107,84.80784606933594,10352800.0
2021-05-24,85.4838816174195,86.2088040059528,84.71009001168467,86.01332092285156,6785600.0
2021-05-25,85.87485934055564,86.029620157049,84.39243292169495,84.60420989990234,7884000.0
2021-05-26,85.13364918023562,85.45131777766603,84.43316752036449,84.80784606933594,9232400.0
2021-05-27,84.80783484700424,85.45130647018594,83.5453262092954,83.90371704101562,11703400.0
2021-05-28,84.40058792383218,84.80784803619797,83.85485465039694,84.53905487060547,7278200.0
2021-06-01,85.76897507991767,87.50390077843738,85.76897507991767,86.86857604980469,10260600.0
2021-06-02,87.32468297325023,88.42428366137365,86.51016302437452,88.03331756591797,9141800.0
2021-06-03,87.60977407213066,88.04146870179453,86.79525402694003,87.63420867919922,8809300.0
2021-06-04,88.16364544977029,88.51388930783581,87.32469082131661,88.3346939086914,6699300.0
2021-06-07,88.26955400331414,88.5383409394217,87.61793537463251,87.7645492553711,6748600.0
2021-06-08,87.68307633713515,88.76638939266597,86.58347561643363,88.56275939941406,10559500.0
2021-06-09,88.831555628291,89.214381050232,87.68308557676285,87.78897094726562,10146900.0
2021-06-10,88.83155709901169,89.80083797365089,87.3572777566808,88.3021240234375,13526200.0
2021-06-11,88.65235697522675,88.7582485561474,87.8541308267962,87.89485931396484,7731700.0
2021-06-14,88.11478932906198,88.7501140463922,87.01518837873692,87.94374084472656,9051900.0
2021-06-15,88.30212552739677,89.98818185725119,88.28583164566759,89.84156799316406,10540200.0
2021-06-16,89.62164264042404,90.01261500976483,88.70123719505435,89.32841491699219,9283300.0
2021-06-17,88.978185454001,89.58093487999278,78.44643895480237,87.21067810058594,14337800.0
2021-06-18,85.72822584622375,86.55903347167921,83.82225212143493,83.91999053955078,22284500.0
2021-06-21,84.79155696362804,86.69753758414168,84.65309001226278,86.37987518310547,13591500.0
2021-06-22,85.79338851662716,87.1210538086854,84.96257468092418,86.66492462158203,10230100.0
2021-06-23,87.44685856419646,88.0740361644045,86.52645329746954,86.55902862548828,7792800.0
2021-06-24,87.2676773071289,87.7889696398783,86.632352664984,87.2676773071289,8724600.0
2021-06-25,87.63420796711829,88.01703337953437,86.97444872444915,87.39800262451172,8102300.0
2021-06-28,87.11292116523674,87.1536496554667,84.4331555369334,84.70194244384766,11348400.0
2021-06-29,85.19065727445674,85.50017890049939,84.39243102836816,84.51461029052734,7225500.0
2021-06-30,84.57975877810826,85.42686037350977,84.48202034952392,85.31282806396484,7927500.0
2021-07-01,87.11292841865988,87.23510768522782,86.12735977312433,86.51018524169922,10873200.0
2021-07-02,86.09478160356663,86.66494946518579,85.55720150956125,86.39615631103516,7107700.0
2021-07-06,86.31469495680876,86.31469495680876,84.21323163256388,84.70194244384766,10162800.0
2021-07-07,84.67750909344615,85.44315997821927,83.17879508800411,83.83855438232422,8245000.0
2021-07-08,82.67379229322574,83.96887630293766,82.44572765360066,83.56976318359375,8695500.0
2021-07-09,84.27024735292906,84.89743129916239,83.37427650117655,84.76710510253906,8567900.0
2021-07-12,84.35170065408744,85.54089926969188,84.09105446730146,84.93815612792969,9898600.0
2021-07-13,84.71007706253704,85.18250013758563,84.07475247885507,84.65306091308594,6738000.0
2021-07-14,85.10105716343863,85.7852510194026,82.85298009586668,83.05661010742188,9216600.0
2021-07-15,82.30724951405743,83.28467104055147,82.14434178344541,82.51087951660156,9665700.0
2021-07-16,82.77968909962274,82.8285645393578,80.0917760574503,80.32798767089844,12199100.0
2021-07-19,78.04731412104628,78.96771957788533,76.98843552720362,78.16134643554688,17385500.0
2021-07-20,78.10432565572252,79.85554497375783,77.42013180921275,78.62561798095703,12114600.0
2021-07-21,79.80669050471923,81.83484402648786,79.57861963278461,81.30540466308594,11478100.0
2021-07-22,80.96329071476538,80.97143765491593,79.73336375240295,80.4908676147461,7694300.0
2021-07-23,80.4745835442914,80.73522971210366,79.7740958031157,80.52345275878906,7570800.0
2021-07-26,81.01215886500188,82.47829735815272,80.99587119920886,82.22579193115234,10227500.0
2021-07-27,81.4927537040633,82.03848078151066,80.58863572713587,81.94888305664062,8332100.0
2021-07-28,82.18507472234319,82.92628474032841,81.68007005152727,82.41313934326172,8546100.0
2021-07-29,83.39055019513741,83.79781016989949,83.03216564306673,83.5453109741211,8681300.0
2021-07-30,83.94444258159851,84.75082198432584,82.07919073879694,82.9262924194336,12295300.0
2021-08-02,83.14620080443227,84.69379000472355,82.72264693607755,82.7796630859375,8911800.0
2021-08-03,82.74709612126438,83.82226864686041,81.99773910126898,83.56976318359375,8437300.0
2021-08-04,81.81040530893566,82.99960397428876,81.53346522834902,81.69637298583984,10389800.0
2021-08-05,82.21765349777067,83.43128659775928,81.99772961051896,82.45386505126953,7986100.0
2021-08-06,83.09732987364629,83.55346531148624,82.75523295598728,83.04031372070312,6475600.0
2021-08-09,82.19321053557358,82.57602968926372,81.39497825612855,81.65562438964844,9243100.0
2021-08-10,82.05475712763608,83.34170043970299,81.92443713672687,83.1462173461914,9762600.0
2021-08-11,83.11361728722206,83.87112109698161,82.75522651701071,83.77337646484375,7079800.0
2021-08-12,83.78154375627176,84.09920612001727,82.90186049622464,83.60234832763672,7377600.0
2021-08-13,83.2683934528276,83.52089269796872,82.78782335722563,83.04846954345703,6572600.0
2021-08-16,82.12805878764043,82.4294272313942,81.37870182709744,82.20136260986328,9476600.0
2021-08-17,81.61490712152467,82.82039953863594,81.15063093819897,82.0466079711914,10937500.0
2021-08-18,81.4687489981444,82.0713615954225,79.7021762063871,79.82599639892578,12893600.0
2021-08-19,78.26580591920161,78.67855672573356,76.65608029295805,77.8365478515625,17423400.0
2021-08-20,77.2008987562623,78.32358131824878,76.94499530251191,77.84479522705078,9707600.0
2021-08-23,79.3224574057002,80.07366699543601,79.29769336174466,79.85078430175781,10277800.0
2021-08-24,80.48640706034053,81.4027143522583,80.39560137929806,80.76707458496094,8924900.0
2021-08-25,80.25527720981393,81.49352977413383,79.84252635504062,81.32017517089844,9342300.0
2021-08-26,80.98997558000681,81.50178892210069,80.23876597942122,80.25527954101562,8124800.0
2021-08-27,81.01473936891361,82.10440140180853,80.9404472362082,81.427490234375,10281200.0
2021-08-30,81.79893307223362,81.98054439318615,80.87437550822233,81.22108459472656,8127200.0
2021-08-31,81.01472081273967,81.23760975596068,79.77646849997343,79.88378143310547,15676900.0
2021-09-01,79.95809437959704,80.13144897912302,78.81064753172645,79.0087661743164,10557300.0
2021-09-02,79.77648061884835,81.2211085365296,79.70218849187357,80.6597671508789,12340100.0
2021-09-03,80.40387253766416,81.25413834122814,80.38735897557011,80.47816467285156,9097000.0
2021-09-07,80.09017101020194,80.88265817310538,79.85903154522096,80.1231918334961,9237800.0
2021-09-08,80.48638300684738,81.28712033778709,79.53705517843355,79.57007598876953,10775900.0
2021-09-09,79.15734038592564,80.5854607891506,78.71156880858507,79.2481460571289,10219400.0
2021-09-10,80.56894741426213,80.65149630697657,79.1573405651919,79.3059310913086,11006000.0
2021-09-13,80.24699912290187,81.48525135845384,80.12317263973137,80.87438201904297,11500900.0
2021-09-14,81.21283197354315,81.51001300520696,79.23163349321952,79.41323852539062,15294100.0
2021-09-15,80.06540532073869,81.3366786500689,80.06540532073869,81.09728240966797,11623400.0
2021-09-16,81.16331591945355,81.38619857716724,79.99936195481135,80.33781433105469,10616700.0
2021-09-17,80.16446600587118,81.21285033375486,79.55359654627149,79.87554168701172,16006100.0
2021-09-20,78.12547336704685,78.62902986266445,77.02755469312142,78.24104309082031,15796100.0
2021-09-21,78.89319030461569,79.15735057354738,77.6219170422327,78.298828125,10958400.0
2021-09-22,79.4462710053663,81.54304579306432,79.4462710053663,80.60197448730469,13292800.0
2021-09-23,81.09727305273448,82.77304024411458,80.69277904400619,82.59968566894531,10094900.0
2021-09-24,82.26123196742834,83.35089377806736,82.26123196742834,83.04545593261719,8225300.0
2021-09-27,84.68822028678586,85.6705693704889,84.68822028678586,85.00191497802734,12697500.0
2021-09-28,85.77787330373637,86.5868613356144,84.92760137501942,85.32384490966797,15560800.0
2021-09-29,85.20002505850404,86.0502907554788,84.48183635133151,85.29908752441406,10268100.0
2021-09-30,85.37337044029455,85.39813447958107,83.74713134765625,83.74713134765625,15319800.0
2021-10-01,84.38277904036025,86.29794260213103,84.10210520645641,86.12458801269531,10854900.0
2021-10-04,86.67768030564204,87.38761228627737,85.94298428118334,86.44654083251953,13305400.0
2021-10-05,87.53618666391873,88.96430084372035,87.02437342657086,87.3875961303711,13017300.0
2021-10-06,86.0007620687413,86.96659748680214,85.50546233881863,86.61988830566406,10630100.0
2021-10-07,87.1812211845877,87.75081928244292,86.85927607660271,87.23900604248047,8830900.0
2021-10-08,88.1718082333529,89.50912285533647,87.99845368388627,89.1954345703125,10586700.0
2021-10-11,90.44195863864503,90.49974350214526,88.26263478938209,88.43598937988281,9794800.0
2021-10-12,88.32041610804761,88.80746533635374,87.6435050350372,88.45249938964844,9085000.0
2021-10-13,88.13879697199907,89.4348341425425,87.89940706684482,88.9808120727539,9220700.0
2021-10-14,89.88062269658178,90.11176846262768,89.24498915967045,89.82283782958984,7648600.0
2021-10-15,90.61529993086714,90.8299320915458,90.33463243450622,90.48322296142578,9968100.0
2021-10-18,90.98677430854332,91.1436216054299,89.94664067827848,90.44194030761719,10677400.0
2021-10-19,90.9372596839759,92.20852661132812,90.64007860280651,92.20852661132812,10362800.0
2021-10-20,91.70497806929326,93.42202306514316,91.44907456538184,93.41377258300781,10811400.0
2021-10-21,93.04229188279338,93.12484078965687,91.52337184265582,92.2415542602539,9372600.0
2021-10-22,92.63779232914814,93.18262012055455,92.00215255808358,93.11658477783203,8673800.0
2021-10-25,93.71918480221002,94.39609578400598,93.52932298308981,93.98334503173828,9579800.0
2021-10-26,94.09067162567156,94.60247856779041,93.70268488046716,94.18972778320312,7463000.0
2021-10-27,93.46329757601706,93.76047867308529,92.16726024083303,92.51396942138672,9096100.0
2021-10-28,92.10945664045468,93.50454985881905,92.10945664045468,93.38072967529297,7538200.0
2021-10-29,94.79233913034494,95.17206906607319,93.40549635295297,94.51166534423828,15294200.0
2021-11-01,94.95744377462243,95.00697185301277,94.14845576988719,94.54469299316406,11213800.0
2021-11-02,94.25577458619259,94.26403136579846,93.45503701251454,93.96685028076172,9189700.0
2021-11-03,92.67906414668869,93.50456576704892,92.43141743942715,93.2899398803711,10416000.0
2021-11-04,94.28881086988962,94.32183169565106,93.20740559303627,93.70270538330078,9673000.0
2021-11-05,94.3300765475541,94.97397316434733,94.04940899245396,94.71806335449219,8102100.0
2021-11-08,95.00699179721616,95.74994461941994,94.6767961411953,95.05652618408203,7695900.0
2021-11-09,95.15557497790071,95.85725643769297,94.48692063884188,95.75819396972656,10945900.0
2021-11-10,95.56006853854173,95.93154174537143,93.82651640987399,94.23101043701172,10305100.0
2021-11-11,93.77697267239641,94.6602590587414,93.75220863415596,94.2392578125,7317500.0
2021-11-12,93.94208453638858,94.36308581749122,93.76872365819644,94.29705047607422,8682800.0
2021-11-15,94.89139897285727,96.54240204362002,94.33005767687487,96.43508911132812,11050400.0
2021-11-16,96.67450082273514,97.47523844821706,96.4681254057791,96.81483459472656,10566300.0
2021-11-17,95.92133803447035,97.3075053260408,95.74597986708987,96.38060760498047,11108000.0
2021-11-18,95.90463597127138,96.34720750517643,94.70217902672364,95.57061767578125,8368600.0
2021-11-19,93.95063973782673,94.48506646387447,92.77322667611998,93.44961547851562,13532600.0
2021-11-22,93.54144632360713,96.18853555871722,93.3994906454064,95.11968231201172,9947100.0
2021-11-23,96.18855028761068,97.56636535421742,96.07999068223688,97.11544799804688,10366800.0
2021-11-24,97.54130710914762,98.53500966906437,97.4327538835333,97.85862731933594,8500900.0
2021-11-26,94.65207508906153,95.88794090960253,94.0508434126291,95.6207275390625,11861800.0
2021-11-29,97.14884414477186,97.84193096841949,95.78772712471626,95.90463256835938,12003800.0
2021-11-30,94.7355633702755,96.74801873207264,93.89217508310227,94.2512435913086,24451200.0
2021-12-01,95.98813873510984,96.91503647683363,93.59991652843563,93.60826873779297,12302700.0
2021-12-02,94.56856729524908,96.6144189621188,93.46631140147697,96.14679718017578,11392400.0
2021-12-03,97.48286816875981,97.69998102153995,94.85248279015988,95.53722381591797,10445100.0
2021-12-06,96.83153584155485,98.07574748943817,96.07165041422478,97.03194427490234,9833900.0
2021-12-07,97.90038675368996,99.08615201625412,97.90038675368996,98.46821594238281,11419600.0
2021-12-08,98.86067372335576,99.58716293791514,98.25109631131303,98.91077423095703,8827900.0
2021-12-09,98.40975342406485,99.03603527407485,98.18429476124335,98.65191650390625,8334700.0
2021-12-10,99.31160999330524,99.53706867695873,97.59142439168022,98.81893157958984,9090700.0
2021-12-13,98.08408570600731,98.4097517528124,96.53925844305816,96.76471710205078,8533000.0
2021-12-14,96.64782179714314,97.63317224919204,96.42236311452227,97.04864501953125,12245300.0
2021-12-15,97.13213924504247,97.13213924504247,95.15308631006913,96.49750518798828,11069500.0
2021-12-16,97.02358646482303,98.69367140201462,96.79812143061584,97.39935302734375,11344700.0
2021-12-17,96.79813845681647,97.24906223367715,94.80238711550155,94.86083984375,22727900.0
2021-12-20,93.40787596734097,94.95270367221836,92.46428001959579,94.90260314941406,13464400.0
2021-12-21,95.55392583431065,96.92339520098767,95.43702037892622,96.42237091064453,11368200.0
2021-12-22,96.38060083249715,97.43275613371597,95.53721252067373,96.97348022460938,8345200.0
2021-12-23,97.29080888868972,98.46821556654965,97.19895369889376,97.20730590820312,7416600.0
2021-12-27,96.92337055538079,99.21973714216541,96.37224588740376,99.19468688964844,7745500.0
2021-12-28,99.08613384808108,99.6539565617904,98.56840526862696,99.00262451171875,6516000.0
2021-12-29,98.60182285020106,99.07779683446759,97.94213849115292,98.4932632446289,6957400.0
2021-12-30,98.64357877781826,99.11120696000474,97.98389436778484,98.05905151367188,6016000.0
2021-12-31,98.01729116265105,98.61017060221795,97.8085305274147,97.99224090576172,5706600.0
2022-01-03,98.05069190080089,99.9462420030273,97.94213866590391,99.58717346191406,10717700.0
2022-01-04,100.16334240175429,101.85848397878368,99.92118569019003,101.39920806884766,16413100.0
2022-01-05,102.07561986510927,103.4116869371257,101.93366413233542,102.05892181396484,15487100.0
2022-01-06,103.22796109998241,103.81248832970088,101.57457406741314,102.9273452758789,13318500.0
2022-01-07,103.16951317055434,104.83124611870764,102.66848252652323,104.4053726196289,14164600.0
2022-01-10,104.50556280151122,104.95648648431155,103.42835728774402,104.47216033935547,12626100.0
2022-01-11,105.09844952537806,106.8854399651255,104.23835676999767,106.86038970947266,14609000.0
2022-01-12,106.87709830209138,107.24451270603441,105.60783638044677,106.32597351074219,12469200.0
2022-01-13,106.16731137792566,106.96895784800056,105.59112996845595,105.8833999633789,9691300.0
2022-01-14,105.84999816201098,107.8874977045653,105.84999816201098,107.68709564208984,13281000.0
2022-01-18,108.29666478843481,108.55552592696728,106.77688768029202,108.03780364990234,12905500.0
2022-01-19,108.51378631682014,108.68079229308202,107.33637316030418,107.64534759521484,12064300.0
2022-01-20,107.11090604519359,109.27366308241899,106.78523360594626,107.2612075805664,11370400.0
2022-01-21,106.68503511848316,107.21945545565116,105.40742107049283,105.97525024414062,13055700.0
2022-01-24,103.92103016500623,106.65997474755045,102.57661131328373,106.20069885253906,19513700.0
2022-01-25,106.15060006197076,110.84354099187998,104.60576641059035,110.71827697753906,19984500.0
2022-01-26,110.9771477563729,112.48858544712313,109.88324407467836,110.80179595947266,17266500.0
2022-01-27,112.27145061437142,114.40081132980627,111.55331362482144,113.03968811035156,20654100.0
2022-01-28,108.55550403479951,110.27568921390414,106.94387843708486,109.06488037109375,24817800.0
2022-01-31,108.71420484102991,110.1087245400719,107.99606765104677,109.66615295410156,16401800.0
2022-02-01,109.24860554105467,113.3486670390252,108.98138584033978,112.55536651611328,16169700.0
2022-02-02,112.1879694412073,113.39877856609785,110.89365096629483,113.07311248779297,10906700.0
2022-02-03,112.60549128811613,113.02301255690152,111.2193176177315,112.06270599365234,9447700.0
2022-02-04,112.73908055045649,114.40081967139479,112.73908055045649,113.465576171875,13034700.0
2022-02-07,113.01465998817,116.42998109048158,112.58879285838228,115.69515228271484,18422500.0
2022-02-08,115.3861859494396,115.59494660956673,112.73910230803617,113.93321990966797,11021600.0
2022-02-09,114.16701224444407,115.51977702449499,113.64928996896532,115.06050109863281,10140800.0
2022-02-10,114.86845036402609,115.8955491259071,113.0564095717649,113.59918212890625,11012700.0
2022-02-11,114.28393143146708,116.43834288140398,113.79960519155205,115.91226196289062,12821200.0
2022-02-14,115.18576696489892,115.27762215154308,112.77249459768878,114.12525939941406,15945000.0
2022-02-15,112.29421232661404,113.77931297378123,111.53477576373756,113.28990173339844,11746800.0
2022-02-16,113.87212537262396,114.89314085494402,112.86798969077202,113.32365417480469,11348800.0
2022-02-17,113.21395597449701,113.55992107239456,111.76260213135568,112.74142456054688,10073900.0
2022-02-18,112.07480712578379,112.9945565806886,111.42507007139987,112.58108520507812,10691800.0
2022-02-22,115.6019355728719,115.6019355728719,110.13405200639411,111.72040557861328,19428700.0
2022-02-23,112.16762011338703,114.82562846176766,111.85541463655595,114.37841033935547,16134200.0
2022-02-24,116.38665734338522,116.63980281022347,111.14660669474603,113.78773498535156,22108900.0
2022-02-25,114.72438745276831,118.5552783256072,114.27715640791594,118.45402526855469,28028000.0
2022-02-28,117.51736724402144,121.50858306884766,116.994196533793,121.50858306884766,24394300.0
2022-03-01,122.36085522998009,126.5377240665804,122.09927625042259,126.335205078125,31159900.0
2022-03-02,126.74019237587575,131.42333797346768,126.6136260930403,130.06480407714844,31329500.0
2022-03-03,128.47846923782572,132.57938518055443,128.04813089602945,131.81996154785156,22492900.0
2022-03-04,131.45709580336904,134.967346933221,130.86643164101727,133.87039184570312,29034400.0
2022-03-07,134.92517415987712,136.78156591421146,131.39805557767187,136.73092651367188,34824700.0
2022-03-08,138.6463842876633,146.82290319827013,138.46919144236787,143.89488220214844,57231000.0
2022-03-09,137.34689820442085,143.25356566276662,136.0305572309288,140.30023193359375,43430000.0
2022-03-10,142.38444650761565,147.46417138488147,142.0047218606207,144.1395721435547,34913600.0
2022-03-11,139.97960974567164,145.9622182460494,139.97117628270433,144.20709228515625,28423600.0
2022-03-14,140.24960860997453,142.05536075906423,138.6379290766501,140.67994689941406,25156200.0
2022-03-15,134.2585606109153,135.16987662334907,131.00988814646675,133.55819702148438,28534400.0
2022-03-16,133.98854318055368,135.43146350366976,131.81152537805056,133.07723999023438,22299700.0
2022-03-17,134.96738789810166,135.84495738467834,133.25445486962093,135.380859375,15750700.0
2022-03-18,135.76053282462777,136.46932983398438,133.98009396448538,136.46932983398438,23214700.0
2022-03-21,137.55783732790144,139.71798772966628,137.30469188617636,138.9248046875,13180600.0
2022-03-22,138.1232051635055,139.4479796330767,137.18657592684772,138.46072387695312,11063900.0
2022-03-23,140.07241751711922,141.21156582183187,139.17798124847783,139.95428466796875,10755000.0
2022-03-24,140.43524803365142,141.2537445067466,139.22860629269513,140.3255615234375,9024800.0
2022-03-25,139.41423891610717,143.18606928491306,139.36361239446103,142.86541748046875,10254700.0
2022-03-28,139.98804261828639,140.60403305123168,139.3383183336142,140.36776733398438,9992000.0
2022-03-29,137.97133418699042,138.78983071368333,135.43147135318486,138.6548309326172,15102600.0
2022-03-30,139.43113037109612,140.36775972639063,138.0979093957345,139.63363647460938,9906000.0
2022-03-31,137.93754429568412,140.20739398153572,137.3046871509528,137.3975067138672,10395900.0
2022-04-01,137.3553313768503,140.0302063751592,136.97561961614326,138.57041931152344,8795300.0
2022-04-04,139.22859517763953,139.60830695302124,137.540975842153,138.69699096679688,8718600.0
2022-04-05,139.2539177746322,141.5237679931377,137.62537118693996,137.84475708007812,9538200.0
2022-04-06,139.08511709930502,140.92461557178237,138.66321236244207,139.0682373046875,9269000.0
2022-04-07,139.312990899721,141.50688846180617,137.89538386490656,141.0006103515625,8018400.0
2022-04-08,140.95841707074663,144.375849030509,140.93310380904958,143.38858032226562,10801200.0
2022-04-11,142.24101696720484,142.418209805948,139.15267016538718,139.70114135742188,10206100.0
2022-04-12,142.57851219163658,145.70903866430797,141.8865821245909,142.6122589111328,9528400.0
2022-04-13,144.23238770219365,145.20277659502588,142.00473058046444,144.8568115234375,7330700.0
2022-04-14,144.02986786472513,145.9284395330153,143.9201684926153,144.78929138183594,9421100.0
2022-04-18,145.97905152265412,147.27851255884443,145.025542615088,146.73004150390625,7639000.0
2022-04-19,146.0465680369458,146.56129241122244,144.31675577090056,144.99180603027344,6970200.0
2022-04-20,144.81463426165507,146.46850714065877,144.6796344785755,145.58250427246094,7495000.0
2022-04-21,144.91587136137352,145.50653553081688,138.24133405788038,138.8741912841797,14594800.0
2022-04-22,138.70546211753887,139.62521172979447,135.73524795058177,135.81118774414062,12160100.0
2022-04-25,131.40645799234494,133.62568123535854,127.71901436845802,132.89157104492188,15449800.0
2022-04-26,134.01385908056687,135.32175377949778,131.96339487020222,132.08152770996094,9810600.0
2022-04-27,132.54561951574235,133.25441652171904,130.3854689019962,131.83682250976562,10396600.0
2022-04-28,132.85782768140132,137.54097384445956,130.7314237444291,136.51995849609375,9366400.0
2022-04-29,136.08962440159894,137.0684467222574,131.87900945574995,132.1996612548828,14713200.0
2022-05-02,131.89587689201596,135.0095363849765,130.91705466310182,134.798583984375,11559000.0
2022-05-03,134.64670373948786,137.90379642743008,134.38511194866484,137.11062622070312,8827200.0
2022-05-04,139.20330025818814,141.66722326756764,137.93758558981074,141.41407775878906,9183200.0
2022-05-05,142.82323841651728,143.02575739846174,137.24565526784576,140.29180908203125,9807600.0
2022-05-06,141.9878588232045,144.26614238994972,139.58299607882603,144.02987670898438,10418100.0
2022-05-09,141.549076122242,141.549076122242,133.72695665627433,134.37669372558594,14110700.0
2022-05-10,136.87436379958012,138.54510323805908,133.2122202721084,135.66770935058594,11636000.0
2022-05-11,138.0304087029638,141.30439484888174,137.12752603623284,137.67601013183594,9105500.0
2022-05-12,137.72662088369722,139.10203482104998,134.04761006012413,138.98390197753906,8936400.0
2022-05-13,140.4942992918802,142.42661762292127,139.1273318513665,141.6503143310547,9229900.0
2022-05-16,142.6038309871875,147.6413756325748,142.4856981510944,145.9875030517578,13296300.0
2022-05-17,147.5316893842939,148.2151732021816,145.64999730070573,146.84820556640625,12827600.0
2022-05-18,148.1328153135629,148.14133113485994,141.04605527792893,142.97726440429688,13107500.0
2022-05-19,140.0592031883462,144.32146290889298,138.5278481152218,141.9563751220703,10958700.0
2022-05-20,143.67491154116104,145.51252483938615,139.59980475483303,142.7731170654297,9615000.0
2022-05-23,144.14280592674962,147.14597036283743,143.87057222445821,146.09103393554688,10216400.0
2022-05-24,145.2147707473702,147.6734419807478,144.46610529839026,146.8737335205078,9782700.0
2022-05-25,147.29910672025096,149.72375356485648,147.1544805303584,149.23031616210938,10174500.0
2022-05-26,150.14912454040095,151.3741956950831,148.89000307748077,150.23419189453125,11213900.0
2022-05-27,150.17464868308215,151.7315253849649,149.46852342606846,151.67196655273438,10512300.0
2022-05-31,153.10122429725664,153.95197567859373,147.5798431590619,148.5922393798828,20547600.0
2022-06-01,150.35328427582752,151.54434396914695,148.83044505267344,150.00448608398438,8824100.0
2022-06-02,148.6603118830257,150.16613259110784,148.11583147854384,149.7322540283203,7441900.0
2022-06-03,149.73223747280096,151.64642800867483,149.73223747280096,151.09344482421875,8435300.0
2022-06-06,151.34866698732174,151.4337473188393,149.31537168583745,150.43836975097656,6734200.0
2022-06-07,150.9828569004515,153.69675603162898,150.51494101896634,153.30540466308594,9668300.0
2022-06-08,153.94344614941417,155.17703294622623,153.34792283179124,154.09658813476562,8715200.0
2022-06-09,153.16080289301257,153.67976186585136,150.91481928529552,151.02542114257812,9764600.0
2022-06-10,150.04700103097161,151.91866425621143,147.7329564810701,149.22177124023438,9529700.0
2022-06-13,145.9974466012376,146.32923912418036,139.57427100851112,142.35623168945312,14614900.0
2022-06-14,144.09172590480821,146.5759178392243,141.08857522160235,142.54336547851562,10269300.0
2022-06-15,141.8883123691827,142.7986225656528,137.77067885627508,139.74441528320312,11565300.0
2022-06-16,136.06916736687543,136.57961036689727,130.80301465120544,132.27481079101562,18125900.0
2022-06-17,131.7643732147728,132.26631339562437,124.03103357898338,126.23448944091797,35575100.0
2022-06-21,129.35673658956114,132.73422025848234,128.83777778200454,131.51763916015625,13772000.0
2022-06-22,125.97080463820035,128.29335303724196,124.49049207517858,125.80064392089844,13735800.0
2022-06-23,126.58329530124973,126.95762799489191,119.23280371248228,121.17251586914062,15713700.0
2022-06-24,123.52910117412074,125.1370208072467,121.31715531420106,123.16328430175781,11108300.0
2022-06-27,124.0906042386918,126.60883418615758,123.86941353996008,125.54539489746094,9242400.0
2022-06-28,128.36135376614737,129.4758358354053,126.00476915026496,127.5616455078125,9183300.0
2022-06-29,128.99944371796855,129.4078007703039,124.28627351765074,125.04344177246094,9082900.0
2022-06-30,122.97612188243568,125.84315004933285,122.00626577086499,123.17179107666016,10685000.0
2022-07-01,124.72013979611533,125.02641076869654,121.20653294142461,124.64356231689453,7684600.0
2022-07-05,122.21043781767867,122.96760607168348,118.60326005991942,121.36820220947266,11513100.0
2022-07-06,120.51743361695132,121.87862792326376,116.382781733605,119.76876831054688,12421200.0
2022-07-07,122.59328326135113,123.61418235612932,121.72551318914333,122.09984588623047,12741800.0
2022-07-08,123.25686264341049,123.74178417397869,120.03250768140838,121.46177673339844,7915500.0
2022-07-11,120.73014755862724,121.52985603955055,119.04565025485525,120.38983917236328,7056800.0
2022-07-12,117.82905685590515,118.78189417244973,116.77412055442022,118.18637084960938,8653900.0
2022-07-13,117.07191291684896,119.7262534083851,116.67205867851659,117.39520263671875,9414600.0
2022-07-14,114.26442455439435,115.83831992095566,112.75859086123732,115.65115356445312,10150200.0
2022-07-15,118.220421766318,118.220421766318,116.06800875389564,117.10592651367188,7051900.0
2022-07-18,119.5816040619054,120.92579271201906,118.3224957367924,118.74787139892578,7943900.0
2022-07-19,118.84147267829964,123.3674636629281,118.61176615093272,123.02716827392578,9152100.0
2022-07-20,122.93358565911312,125.28165500945774,121.92970516994163,124.65210723876953,7856600.0
2022-07-21,121.75952959021888,123.75880046403294,120.38131655125326,123.6992416381836,6724200.0
2022-07-22,123.83538624057289,124.46494702377659,122.01477855015968,122.66986083984375,5889500.0
2022-07-25,123.95449192804938,126.43018192805444,122.66134600308213,126.319580078125,6210900.0
2022-07-26,127.18733445996195,128.19121488213517,124.66060176026922,125.33270263671875,6112800.0
2022-07-27,126.20045695342151,127.78285504398997,124.77120086203627,126.98314666748047,6223000.0
2022-07-28,128.1997470922031,128.86333223134974,125.93674496052982,127.94451904296875,6574300.0
2022-07-29,133.17660033954863,140.08470959580612,132.63212003682517,139.33604431152344,17143700.0
2022-08-01,137.12412489011942,137.70264267882447,135.39710032883264,136.5541229248047,8017800.0
2022-08-02,136.87742615892398,137.37086365102041,134.6739826022307,135.38861083984375,5928300.0
2022-08-03,135.5331947089995,136.08619087216815,131.31347530696496,132.1727294921875,8751400.0
2022-08-04,132.13871288869265,132.24079890202245,128.23375412015895,128.5825653076172,10640000.0
2022-08-05,127.3064663252032,131.87499817057306,126.7790044979514,130.70947265625,7170200.0
2022-08-08,130.6669382646861,131.84948249781164,130.2926054746712,130.51380920410156,5966900.0
2022-08-09,132.66616817504683,134.2485662122106,131.52616447661583,132.21527099609375,5842200.0
2022-08-10,132.71726176137065,133.1171160885259,130.10544787894972,132.5641326904297,6145800.0
2022-08-11,134.5123211926326,137.1071158833721,134.09544828118993,135.7969512939453,7888600.0
2022-08-12,134.63139222484304,136.04364248789597,133.68705776960098,135.9925994873047,7244700.0
2022-08-15,132.01961244416555,134.2400743936487,130.53931313213528,133.40634155273438,8975200.0
2022-08-16,133.9167761495256,134.35065467452733,132.56408458795923,133.06602478027344,7218400.0
2022-08-17,133.25323095550007,135.55876058579753,132.30038030971085,134.1635284423828,6741100.0
2022-08-18,134.91036249877848,137.06515944760304,134.85885570467542,136.51573181152344,6477500.0
2022-08-19,136.034981553261,137.13383680349625,135.31384715204146,135.3739471435547,6834200.0
2022-08-22,134.51548120828227,135.41688948945313,132.566724348896,134.6957550048828,9147000.0
2022-08-23,136.58437359570715,139.36584449226007,136.2495664285523,139.0653839111328,10354800.0
2022-08-24,138.78210556726896,140.2329412218469,137.93220426978016,140.0955810546875,9468100.0
2022-08-25,140.72229247056438,141.56360071196957,139.5976837490211,141.32322692871094,8050700.0
2022-08-26,140.9454909493518,142.61954040810656,139.46891477294338,140.2844696044922,7765800.0
2022-08-29,140.69653658278833,143.2204743617333,140.4819162015772,141.33181762695312,8462600.0
2022-08-30,139.3487419684608,139.55476917235364,136.29253641702184,137.88931274414062,8814300.0
2022-08-31,135.30529049986043,138.5675233202864,134.05190155381297,135.6916046142578,13582700.0
2022-09-01,134.33515754569015,134.678557944211,131.5450931672141,133.52818298339844,8244400.0
2022-09-02,135.84611401568492,136.61016200837344,134.54121849917172,135.5113067626953,7526600.0
2022-09-06,137.2625950017574,137.34844838431397,133.67414892034964,134.8845977783203,8550000.0
2022-09-07,132.25767978997408,133.76861586486743,131.02146412847603,133.15908813476562,9442100.0
2022-09-08,133.57111889916357,134.24932654598396,131.6738823263744,133.8801727294922,9232500.0
2022-09-09,135.9920696648095,137.91506001238488,135.23660168575384,137.331298828125,8261100.0
2022-09-12,139.76937730332406,141.24596659872108,138.43014819805438,139.5032501220703,8920800.0
2022-09-13,138.56751862519215,139.6406206284861,136.2753743180831,136.85055541992188,10308300.0
2022-09-14,138.16404276743876,140.42185376281122,137.65754172342,140.164306640625,11160800.0
2022-09-15,137.94081954511384,138.81647445982796,136.99649762869532,137.88931274414062,9665000.0
2022-09-16,137.80347476005522,138.33572917825026,133.58832681765418,134.3094482421875,43741600.0
2022-09-19,131.28758207566196,134.73868170386987,131.17598837756285,134.6957550048828,6813800.0
2022-09-20,133.95747286878847,134.65285401898475,132.49805666224208,134.16351318359375,8955200.0
2022-09-21,135.9062032200157,136.30969057014906,133.02170487618366,133.07321166992188,6877000.0
2022-09-22,135.2966591722097,135.88042017304588,132.84140211113518,132.9701690673828,6981100.0
2022-09-23,128.5576057609437,128.92674652149913,123.32945652360054,124.2823715209961,13919700.0
2022-09-26,123.25221909346376,124.52276829150134,120.95148141656207,121.01158142089844,9444000.0
2022-09-27,122.15333434473374,123.42389647402747,120.58232463107933,121.06307220458984,10121000.0
2022-09-28,121.97305789546908,125.71603790685063,121.38928364079706,125.1494369506836,8279800.0
2022-09-29,124.05915794541536,124.83179916187534,122.1361677520321,124.2823715209961,8197600.0
2022-09-30,123.64708179908611,124.59999672950617,122.3250261340556,123.33802795410156,9402700.0
2022-10-03,127.88798119473022,130.7810594564045,127.31280020172186,130.25738525390625,9597400.0
2022-10-04,132.57528238634868,135.53705383150947,131.88850771440312,135.3224334716797,9520200.0
2022-10-05,133.78579007544155,137.12528349155224,132.89297483719704,136.09510803222656,10633100.0
2022-10-06,135.07350402296564,139.02252498006894,134.9533171120655,138.57611083984375,9498300.0
2022-10-07,139.51184324821105,140.73088557579118,136.55008428125888,137.3828125,9972500.0
2022-10-10,138.21550257629227,138.61898987400005,134.3008295681699,134.90176391601562,5904500.0
2022-10-11,132.85002737300775,137.29695576570253,132.3005996739221,134.92755126953125,7533300.0
2022-10-12,134.04330191008398,136.33544596066886,133.5110475678219,135.33102416992188,4942000.0
2022-10-13,134.2235686120134,142.4993285671462,134.2235686120134,141.88980102539062,10227500.0
2022-10-14,140.8253222978523,142.0443777526959,137.2969622375861,137.4772491455078,7327900.0
2022-10-17,140.18144876373347,141.5721978044217,138.30138514283948,138.48165893554688,5890400.0
2022-10-18,139.38308474607652,140.198639714342,136.46425230195044,139.692138671875,5631200.0
2022-10-19,140.43902225821512,145.26369846062153,140.43902225821512,144.2249298095703,9766800.0
2022-10-20,145.34093760719796,147.5043149086245,144.17340210636027,145.04905700683594,8871500.0
2022-10-21,145.21214716663806,149.2384276827944,144.9546131842991,148.680419921875,7971300.0
2022-10-24,147.72751322159277,149.950977390458,147.32402582731814,148.62892150878906,7007700.0
2022-10-25,148.56883778249468,150.23429434138168,147.80478960953414,150.1741943359375,7280600.0
2022-10-26,150.50900041735116,153.22179231813305,150.38022031770228,152.02850341796875,6865300.0
2022-10-27,154.43224468554504,155.72854710338214,152.36330101717704,152.72386169433594,9177400.0
2022-10-28,155.78864845520744,156.98193728978197,151.54774748791132,154.50950622558594,10773900.0
2022-10-31,152.86123180286938,157.82325440950038,152.86123180286938,155.29931640625,13281000.0
2022-11-01,157.84901510233166,158.38986272784138,156.15780522200188,156.43252563476562,9185600.0
2022-11-02,155.32504099402422,157.01625048250472,153.04149031412268,153.2389373779297,8087500.0
2022-11-03,152.7839453407782,156.4067381228177,152.30319782267793,155.4967498779297,6607800.0
2022-11-04,158.68171917430146,159.1624667240289,155.0417659552862,157.46267700195312,7491900.0
2022-11-07,156.67289508495344,160.00380795034516,156.33808777833653,159.3427734375,7578000.0
2022-11-08,159.09381697235034,159.892198575517,157.84042806810743,159.11097717285156,6308200.0
2022-11-09,157.62581637569102,157.79751008591666,152.14011915285295,152.7496337890625,8021700.0
2022-11-10,156.44109704800422,156.5269504470729,152.84405707689285,155.64271545410156,6981500.0
2022-11-11,158.00350539810452,160.62187630634693,157.8661452292883,160.07244873046875,8428300.0
2022-11-14,159.94372468924686,162.8368038491992,159.83211787556377,160.14976501464844,9722400.0
2022-11-15,160.63905958960834,161.77226149612343,159.05087661985064,161.4374542236328,7747300.0
2022-11-16,160.1411215884669,161.2399898799096,157.68586415322687,158.81048583984375,7941100.0
2022-11-17,157.02832855924797,159.38146204110723,155.95558546065038,159.26034545898438,6550500.0
2022-11-18,156.55253390332402,158.67208085332604,155.41921262570386,158.30873107910156,7661500.0
2022-11-21,155.48841104329728,157.19270285235532,152.10579323613044,156.7947540283203,8432900.0
2022-11-22,158.9662200132042,161.39721152414833,158.38658966581372,160.8175811767578,9018000.0
2022-11-23,158.49906180908079,160.17738797631188,157.95403053785293,159.39013671875,5831200.0
2022-11-25,159.95244062990162,160.30714389475145,158.58554599032567,158.92294311523438,2796400.0
2022-11-28,155.96427140486523,156.99376921383265,153.95719422159556,154.30323791503906,9365500.0
2022-11-29,155.94693504417742,157.3224894807859,155.419209933458,156.6130828857422,6985400.0
2022-11-30,158.18762241195157,158.61152390275586,155.3932677975882,158.5855712890625,10936700.0
2022-12-01,159.4074319092196,159.65832477124025,156.96779386213478,157.8761749267578,5217400.0
2022-12-02,157.04564401909522,158.86240605946523,155.66144311207825,156.6130828857422,6852300.0
2022-12-05,158.03186878603466,158.274101943059,151.0762921901471,152.7459716796875,8162200.0
2022-12-06,151.8375895040997,154.04365370970208,148.03970365080872,148.80966186523438,8765000.0
2022-12-07,147.98783105409854,151.03306550410034,147.8061627481215,149.25091552734375,6936300.0
2022-12-08,152.47783424280257,152.60759733208243,148.8270163895555,150.1333465576172,8076600.0
2022-12-09,149.0606054640375,149.8305639407287,145.28001126212376,145.340576171875,10754300.0
2022-12-12,146.1451008383333,147.52065529997856,145.08966379840234,146.85450744628906,9364900.0
2022-12-13,150.15927658934706,150.92923487058934,149.21628329600873,150.12466430664062,7838800.0
2022-12-14,150.9552154422837,151.32721174561183,148.16952020076056,149.0865478515625,7045500.0
2022-12-15,147.58986205695533,148.25599668912085,145.39244413575642,147.9705047607422,7272900.0
2022-12-16,145.7990645873032,147.2005585316024,144.56194599710705,145.96343994140625,23876000.0
2022-12-19,147.16595441249885,147.78019705144212,145.55682641268646,146.96697998046875,7131600.0
2022-12-20,146.90639578058705,149.91701728117448,146.72472751456164,149.38064575195312,6199100.0
2022-12-21,151.56077073847186,152.22691857442004,149.80457360792332,151.13685607910156,5479400.0
2022-12-22,151.53483291979614,151.57809167713333,145.62604572710288,148.87025451660156,5755000.0
2022-12-23,150.61777883709692,153.62840036764916,150.2630755703706,153.47267150878906,6079100.0
2022-12-27,154.30322268335158,155.9209972516222,153.4726994200613,155.4019317626953,5168000.0
2022-12-28,154.7357632472143,155.11641914215616,152.2009482381066,153.1093292236328,4494400.0
2022-12-29,152.82386497294692,155.02992970845324,152.82386497294692,154.2686309814453,4142100.0
2022-12-30,154.01772311972437,155.67875636357442,153.73223117458656,155.2808074951172,5005100.0
2023-01-03,154.0263634234975,154.85688661252877,148.3771160461482,150.5226287841797,7565400.0
2023-01-04,147.89266717992305,150.78217274061268,147.80616286296384,148.9221649169922,7684500.0
2023-01-05,148.36848724923763,152.4259132983728,148.14356018409268,151.6040496826172,6088200.0
2023-01-06,153.14393369520863,155.19426906027783,152.00196606862218,152.7459716796875,7191200.0
2023-01-09,154.2166868672359,154.27725176081913,150.86002152820942,151.55210876464844,8385600.0
2023-01-10,152.60757188239057,152.87577089004458,150.28905040243197,152.29612731933594,8307000.0
2023-01-11,153.896608638027,154.11288921755096,150.79082268423576,151.56942749023438,6962600.0
2023-01-12,152.25288165696853,154.31186379948187,152.17501061572034,153.19586181640625,6891400.0
2023-01-13,153.20450596217964,153.98312395781173,151.98468034285915,153.61111450195312,5726300.0
2023-01-17,154.37243163099362,156.86398818101603,154.14749137534375,156.14593505859375,10697700.0
2023-01-18,156.4314061010441,157.78099465164874,153.07472766440972,153.3256072998047,8899200.0
2023-01-19,152.78923104519762,155.67873600186186,152.3999286984619,154.85687255859375,5907200.0
2023-01-20,154.69252309272298,156.89858769401184,153.5765210854014,156.50062561035156,10477900.0
2023-01-23,156.76881917692742,157.92807990100115,155.74796798953085,156.29299926757812,8381300.0
2023-01-24,156.664990517104,157.4522549600768,154.5973487959317,156.4400634765625,5989000.0
2023-01-25,155.1077546968638,155.74794988235217,152.5643064966871,154.92608642578125,6727500.0
2023-01-26,160.03897193883236,162.478609852372,158.7326288752491,162.4613037109375,14307800.0
2023-01-27,159.38146860648166,159.38146860648166,153.9225493147539,155.24618530273438,19654700.0
2023-01-30,153.99178285288733,154.28592129241108,150.2458013825481,150.70431518554688,11476000.0
2023-01-31,149.4498598369514,151.07629379486232,148.2992457285056,150.54856872558594,14481300.0
2023-02-01,149.9343152365034,150.237113264306,146.67280108848655,148.24732971191406,11526400.0
2023-02-02,148.04839332634336,148.30791947312838,144.3197180760433,146.21432495117188,10463400.0
2023-02-03,146.9496893090591,148.41174825645007,145.76447586208963,146.59498596191406,8404900.0
2023-02-06,146.69009651143736,147.17456275995747,144.79547706041294,146.75930786132812,7659500.0
2023-02-07,147.13134888367637,150.86867017714664,146.73338683633077,150.609130859375,10256500.0
2023-02-08,149.21633149451466,150.5918863609762,146.61231741024838,147.07083129882812,9784700.0
2023-02-09,147.26978524079587,147.6417947442054,145.34056594851435,145.72122192382812,10123400.0
2023-02-10,147.76289392555367,149.43257365584117,147.74558778306604,148.77508544921875,11602400.0
2023-02-13,148.2127638300919,148.71452316458195,146.87182157918863,147.94456481933594,9442900.0
2023-02-14,147.4860759888181,150.10739603462343,147.0535147508869,149.07791137695312,8077300.0
2023-02-15,147.84726154764692,147.95200302394403,146.189003550754,147.5068817138672,8885700.0
2023-02-16,146.79120261094764,147.20140561596668,145.22893670227987,145.3773193359375,6727500.0
2023-02-17,143.77141395640172,143.86741919950552,141.25784513976396,142.130615234375,9612100.0
2023-02-21,141.54586894466016,142.91612459265667,140.2541727382872,140.51600646972656,7259700.0
2023-02-22,139.88759964784447,141.09202672564078,138.69190879476105,139.94869995117188,6205900.0
2023-02-23,141.60697537203254,142.12190663175068,140.1319914946896,141.3276824951172,6445500.0
2023-02-24,140.3152548369963,141.91242574234406,138.9013581976798,141.74659729003906,5330200.0
2023-02-27,142.2702462813057,142.58444404354162,141.31893008804667,142.10443115234375,6386800.0
2023-02-28,143.41358296529205,143.41358296529205,139.88758445742656,140.31524658203125,10854200.0
2023-03-01,140.4461841990614,142.7764791214685,140.15816842428072,141.4324188232422,7470400.0
2023-03-02,141.3712789912588,142.68917019687888,141.0308992284815,141.8774871826172,5582000.0
2023-03-03,140.40254285997216,144.51329650941912,140.00979891933608,143.97218322753906,6007500.0
2023-03-06,143.43104253638677,145.5780629542954,142.968475424597,145.02821350097656,7703600.0
2023-03-07,144.618031963912,145.40353320218782,142.76776324171928,143.16050720214844,7393000.0
2023-03-08,142.4622944867743,144.26019920107862,140.84767739789567,142.25283813476562,5435800.0
2023-03-09,142.95101817994168,144.43473810102932,139.80905360465098,140.0883331298828,6214700.0
2023-03-10,140.4636157985407,143.7190443983631,138.48242403048363,139.35519409179688,7385800.0
2023-03-13,136.53617241621183,140.47236122963346,134.23205961757682,138.51736450195312,10106100.0
2023-03-14,138.12459327245065,143.15175764586994,137.7929496853929,140.3065185546875,10035200.0
2023-03-15,135.79430841864547,137.8540465656553,132.66978959206352,134.2320556640625,14063100.0
2023-03-16,131.05518172916248,135.68958954783062,130.83698917033695,134.6597137451172,12849600.0
2023-03-17,134.07495424201167,135.611038321507,131.43919781908926,132.9578094482422,33161800.0
2023-03-20,132.43414725142028,135.9601327949925,132.0413900302958,134.91281127929688,8469200.0
2023-03-21,137.16456505983825,139.26794439556647,136.5623515032059,139.041015625,9753500.0
2023-03-22,139.5297418111496,139.6955702492719,136.0910257282365,136.21322631835938,6315000.0
2023-03-23,137.04236842241724,138.56097991307078,133.65601608409656,134.86044311523438,7859400.0
2023-03-24,132.74835105949202,136.71944476507903,132.51269937961098,136.2045135498047,6600100.0
2023-03-27,137.37400109014663,138.31659434599035,135.88157175645472,137.59219360351562,7006800.0
2023-03-28,137.2692921692202,139.8090565766966,136.74562473683181,139.1981201171875,5605400.0
2023-03-29,140.18432920984156,140.7952789338145,139.0584616404285,140.393798828125,7569700.0
2023-03-30,141.6069539495401,142.270254455743,141.02219955905557,141.72914123535156,6322400.0
2023-03-31,141.999703944313,142.88993324626847,141.5196776875029,142.40118408203125,7041400.0
2023-04-03,148.19637556979902,149.3309794392787,147.4283335687822,148.32728576660156,12868200.0
2023-04-04,149.3659039545375,149.3659039545375,146.38103121964673,147.5330810546875,7521400.0
2023-04-05,147.72507825780403,148.75495401188948,146.39847715132336,148.26620483398438,6478100.0
2023-04-06,147.80363573569085,147.8559998158551,145.86608486511676,146.31991577148438,5803200.0
2023-04-10,147.05302840654105,148.09161356449528,146.02315283727856,146.8784637451172,5923500.0
2023-04-11,147.55922959808908,148.6676379043364,146.6864596021955,147.6901397705078,5469600.0
2023-04-12,148.76365750581397,149.3484118614551,147.90834655609862,148.2138214111328,6157900.0
2023-04-13,148.5891134935082,150.52666423264938,148.21382873284426,150.19500732421875,6856600.0
2023-04-14,150.55285235998,150.88450928182428,149.43570762235427,150.50048828125,4930700.0
2023-04-17,150.4568163197845,150.58772648981954,148.56290706127052,149.17384338378906,7006000.0
2023-04-18,149.08660177200323,150.45684396734316,148.48438824435482,148.82476806640625,8045600.0
2023-04-19,147.89964907504478,149.0167939043504,147.58545125946404,148.96441650390625,5506800.0
2023-04-20,147.28872145398975,148.42332558774336,146.64287990944575,148.24005126953125,5851100.0
2023-04-21,148.2225627081344,148.88586325711154,147.35851542726652,147.60289001464844,7179000.0
2023-04-24,147.58544418133644,150.44812933381618,147.13159995450442,149.66262817382812,7177600.0
2023-04-25,148.65022688226097,148.7200367789467,147.00067841925383,147.48944091796875,5807200.0
2023-04-26,146.80869886776813,147.45454037033846,144.20783377025535,144.86241149902344,5927400.0
2023-04-27,145.25514013543147,146.09300539944903,144.06818543064952,145.708984375,6417200.0
2023-04-28,143.57067313815034,147.44577428859245,143.17792927937074,147.13157653808594,10036300.0
2023-05-01,146.37230023895668,147.26251627957933,145.19405510868637,145.96209716796875,6099800.0
2023-05-02,144.28638558091188,144.3387496656545,138.29044484695692,139.6781463623047,10701700.0
2023-05-03,138.02859078467455,139.26793608906817,136.7979950221453,136.8765411376953,7538100.0
2023-05-04,137.12089624275183,138.07221235358017,135.6459128011007,136.34413146972656,7500400.0
2023-05-05,139.03226838641132,140.62070291531552,138.57842424211847,139.8264923095703,5802000.0
2023-05-08,141.0135053326694,141.65062392988276,139.22432353427442,139.2766876220703,5028200.0
2023-05-09,137.99367487932656,140.00977158947833,137.819123530607,138.8751678466797,5019800.0
2023-05-10,140.02725539521956,140.02725539521956,136.04742534646363,137.1034698486328,6161200.0
2023-05-11,135.61100786050545,136.43141379733484,134.31057575665747,136.34413146972656,6666100.0
2023-05-12,137.02494006380203,137.83661006799758,135.7681486738312,136.6932830810547,4898900.0
2023-05-15,137.22566019104607,138.03734343388908,136.35288995686733,137.19947814941406,5096700.0
2023-05-16,136.57107131949874,137.0423746650719,133.8218506341799,133.97894287109375,7007700.0
2023-05-17,135.0961179200663,136.51873786586384,134.37173024190676,135.89907836914062,6169600.0
2023-05-18,134.72688212289222,135.93429516879334,133.54592095048096,135.73158264160156,7477700.0
2023-05-19,136.50714875002157,137.8731923808761,135.71396906646794,136.80679321289062,8100900.0
2023-05-22,135.53766969415994,136.4542464598437,134.03943421128795,134.347900390625,11661000.0
2023-05-23,135.84616844677288,138.96602394276775,135.58177072220423,138.2345428466797,10436200.0
2023-05-24,139.2039641685828,139.75038964391769,137.74097528118375,138.60467529296875,7064000.0
2023-05-25,136.32207756631834,137.15933929316182,135.28213018661611,136.21632385253906,7037700.0
2023-05-26,136.85965956411633,137.15931745181865,135.24686189449633,135.79327392578125,7736200.0
2023-05-30,133.66929810428428,135.0705883860807,133.26389996571655,134.94720458984375,7814800.0
2023-05-31,133.55473681299708,134.330299870442,132.51478948399287,132.74392700195312,13346400.0
2023-06-01,133.34320245033393,135.4936170766472,131.9683507247432,134.10113525390625,9887700.0
2023-06-02,136.23391792280304,138.14637327885765,135.37903976831373,137.7145233154297,9464300.0
2023-06-05,139.6446316592644,139.6446316592644,136.81561251753357,137.05355834960938,6443800.0
2023-06-06,135.13230694173959,137.6264351065663,135.0177314541093,137.3003387451172,6176400.0
2023-06-07,137.97015223868038,141.1957750595781,137.9260837076747,140.86087036132812,9900000.0
2023-06-08,141.15167578100514,141.4425118848956,138.44602725100353,140.3408660888672,7142200.0
2023-06-09,140.37613287186733,141.35439501627172,139.79446058106979,140.0059814453125,6669500.0
2023-06-12,138.41961820680936,140.42021116240676,137.68812362925036,138.65757751464844,7159600.0
2023-06-13,139.70633153951692,141.52184184821488,139.4860023574356,139.697509765625,7660800.0
2023-06-14,140.99303424996592,141.6892819359681,137.6175898583871,138.44602966308594,7721100.0
2023-06-15,138.6487554752532,140.82559544294378,138.6487554752532,139.49481201171875,7705400.0
2023-06-16,139.75039185534314,140.34087241489198,138.59585571289062,138.59585571289062,22908100.0
2023-06-20,137.61760354527576,137.9877684100913,134.1716653128896,135.4407501220703,10438700.0
2023-06-21,134.550635980574,137.4501758208175,134.40081373637764,136.49835205078125,7328200.0
2023-06-22,135.14992597624652,135.3614333849186,133.9337045850777,134.52418518066406,7088600.0
2023-06-23,133.08762543717947,133.69573609086507,132.31207591244032,133.3872833251953,15172700.0
2023-06-26,133.62525124946893,136.57766796023023,133.5547442904967,135.73159790039062,7371800.0
2023-06-27,135.28209429341362,136.34849326644974,134.68280547723205,135.30853271484375,6581700.0
2023-06-28,135.22923961503307,136.6217216458221,134.12759371546824,136.53358459472656,5773800.0
2023-06-29,136.98302172897664,137.7233378341224,136.11052697135452,137.6968994140625,5633500.0
2023-06-30,138.77214680022078,139.17754499029544,138.0142138276606,138.67520141601562,6346600.0
2023-07-03,138.52536697188387,139.3361902549645,138.10233867693137,138.55181884765625,3272600.0
2023-07-05,138.98366637422745,138.98366637422745,136.70986725773233,137.75863647460938,6318700.0
2023-07-06,136.78036577304974,137.33559966483028,133.63407176455692,134.7357177734375,9203000.0
2023-07-07,134.0835011730859,137.47657531511356,133.92487064691866,135.91664123535156,6602200.0
2023-07-10,135.66108774912098,137.30033752512662,135.65227942239198,136.82443237304688,5167900.0
2023-07-11,137.48540320955686,139.60937965328517,137.18575876337312,139.35379028320312,5060500.0
2023-07-12,140.3232537308449,141.31032418557098,139.53888236282296,140.6934051513672,6464000.0
2023-07-13,140.86966221162004,141.53947152977597,137.9877662009501,138.81619262695312,8143900.0
2023-07-14,138.37554066942675,138.38436244370095,135.1058629964361,135.35263061523438,7065700.0
2023-07-17,135.1499327646391,135.84616709953238,134.52419193762654,135.229248046875,4351700.0
2023-07-18,134.55061776507193,137.547102586816,134.28622006788487,135.50244140625,6798300.0
2023-07-19,135.57293874267586,137.29150348080015,135.08821190683966,136.33087158203125,5653100.0
2023-07-20,137.62639851403364,138.53415350343028,137.2298087479186,137.83790588378906,5866600.0
2023-07-21,138.83380960403773,139.97952392874407,138.419589706276,139.85614013671875,8760100.0
2023-07-24,141.4248869177977,144.5711804325365,141.01947533310766,142.6146697998047,9722100.0
2023-07-25,142.69399520685187,144.10409390838038,141.59234929261422,143.266845703125,6767600.0
2023-07-26,141.78625219025463,142.8526379957668,141.49541603025298,142.191650390625,6056400.0
2023-07-27,142.85263769268204,143.1875423818814,140.3232627656773,140.71104431152344,6470100.0
2023-07-28,139.6093723835738,140.12934597449177,137.93486269631586,140.0147705078125,6542300.0
2023-07-31,142.00655235897838,144.51829667629914,141.55707227276793,144.2362823486328,13056300.0
2023-08-01,144.2186810143617,144.2186810143617,141.49541532228187,143.0377197265625,7531400.0
2023-08-02,142.04183400153434,142.0859025332589,139.30093808133233,140.77273559570312,7067100.0
2023-08-03,140.93136950120604,142.50892062018232,139.99717586616487,140.7198486328125,6680700.0
2023-08-04,141.592340263685,143.6722481550491,140.1645981053542,140.40255737304688,10185400.0
2023-08-07,141.90079720860817,142.22689353254975,140.19986243037297,140.91372680664062,13927400.0
2023-08-08,139.19515031148873,140.82557800381528,137.67928463622678,140.7021942138672,6451300.0
2023-08-09,141.76858464046163,142.2797498671526,140.40254126111105,140.88726806640625,10531500.0
2023-08-10,141.30152908463515,143.19635489157298,140.6757882177729,141.7421875,8647100.0
2023-08-11,141.45132097521653,144.68575143611335,141.16929319495182,144.66812133789062,6682600.0
2023-08-14,144.33324042778804,144.75626868045848,143.31090982332765,144.5623779296875,6060100.0
2023-08-15,144.00711742029307,144.01593919230993,140.21746705225104,140.34085083007812,7876500.0
2023-08-16,141.46897185073527,142.6234946691291,139.66226978056343,139.80328369140625,7920500.0
2023-08-17,141.63623245083178,144.27000690912843,141.44938485746172,142.14341735839844,8270500.0
2023-08-18,140.92441908899573,143.54039410731932,140.72866493272204,143.1666717529297,5999200.0
2023-08-21,143.43358993296405,144.2077134681234,141.87646346190536,142.68617248535156,6802300.0
2023-08-22,142.80184377434293,143.4780766431814,141.44936445960113,141.5116424560547,6080800.0
2023-08-23,140.7108531710743,141.84088596099843,139.42955828754864,141.69851684570312,4975600.0
2023-08-24,140.34603678907982,142.2679791059401,140.19477469614165,140.53289794921875,5989600.0
2023-08-25,141.53836149731026,142.28577898555147,140.27485257286514,141.5828399658203,5291800.0
2023-08-28,141.9476571598331,143.9674765711303,141.67182548237835,142.55271911621094,4386100.0
2023-08-29,143.17557107935573,143.21115657094165,141.5650594380281,142.3302764892578,5374800.0
2023-08-30,142.89084731091242,143.47810980955947,142.30358481226534,142.52603149414062,5534900.0
2023-08-31,143.26454389254738,143.46920459791232,142.30357267952994,143.34463500976562,7003700.0
2023-09-01,144.71489130108083,146.53895653666456,144.71489130108083,146.1919403076172,6663000.0
2023-09-05,147.0639211447969,149.0926334098332,146.99273659094547,148.11387634277344,9755800.0
2023-09-06,147.95372122311218,148.98587698268324,147.33087329132502,148.26515197753906,7195500.0
2023-09-07,148.71894117967895,149.39517415067183,147.953724112236,148.2740478515625,7925900.0
2023-09-08,148.96805178244344,149.92012983897862,148.33631098085507,148.7812042236328,7434400.0
2023-09-11,149.55532546621473,150.00911172052767,144.91953155090548,145.71144104003906,7155100.0
2023-09-12,147.0817352799986,148.76343149763625,146.9037806662352,148.42530822753906,7521100.0
2023-09-13,148.95920102718762,149.26172525953024,147.33088966783546,147.88255310058594,5759500.0
2023-09-14,149.2172120240135,149.9290440285832,148.70113416012708,148.79901123046875,8822800.0
2023-09-15,147.89142771455803,149.81335633443865,147.59779652526922,148.1494598388672,17439700.0
2023-09-18,149.3684712118029,149.80447153066993,148.06048383226775,148.7901153564453,7027600.0
2023-09-19,150.09809519600648,150.3383413659314,148.0871689049685,148.77230834960938,6615100.0
2023-09-20,148.65665046680718,149.93793173752377,148.23844968795973,148.3185272216797,5939100.0
2023-09-21,148.70113788731368,149.3684778626247,146.8592866155298,146.98385620117188,7150000.0
2023-09-22,147.90921279155663,148.96806094683737,147.65118066877992,147.95370483398438,5963000.0
2023-09-25,147.99820927376442,150.17818376468233,147.69568508321842,150.11590576171875,5510000.0
2023-09-26,148.9858591665618,149.84895318920815,148.57655138772398,149.30618286132812,5659200.0
2023-09-27,150.70316010118114,152.35816380816098,150.20488175104813,152.18910217285156,9124400.0
2023-09-28,151.75308028773833,152.77632926446594,150.75651024102254,151.78866577148438,7151800.0
2023-09-29,151.69972255489188,151.70861553316175,149.32399395848853,150.0358123779297,7396100.0
2023-10-02,149.78667723459733,149.9913379338906,147.01944028701473,148.18505859375,6839600.0
2023-10-03,147.63339437606248,148.91468928132252,147.26857860332973,148.53207397460938,6168600.0
2023-10-04,146.54784979056504,146.7969889515259,143.69164241774027,145.07080078125,9664700.0
2023-10-05,143.6293468958444,146.59233781135518,143.60265438483611,145.8360137939453,8073000.0
2023-10-06,146.20084023267577,146.25422525859418,141.4671823813352,144.35008239746094,10190400.0
2023-10-09,148.04269067495693,149.6532021596636,146.77028884716856,148.34521484375,8183500.0
2023-10-10,148.38970401318008,148.9502602969557,147.4198263729662,148.18504333496094,6512900.0
2023-10-11,146.8770578333098,146.88595081018886,142.7929276532164,143.3446044921875,12570700.0
2023-10-12,145.2665624297517,145.2665624297517,143.16666540945914,143.46029663085938,7397000.0
2023-10-13,145.40003767122326,146.67242604567124,144.41237396065927,145.9783935546875,8042800.0
2023-10-16,147.1173150488966,147.53551584235882,145.79154168742656,147.1707000732422,5446000.0
2023-10-17,146.663547770447,149.66212469433975,146.50337909958833,149.11935424804688,7538300.0
2023-10-18,149.9023331642827,150.99676676079383,149.11042372013003,150.302734375,6893500.0
2023-10-19,150.10699835243125,151.41498575495535,149.04815011447687,150.46292114257812,6580200.0
2023-10-20,149.84896443158692,150.46291935737295,147.79355955974054,148.44309997558594,7458300.0
2023-10-23,145.30216707426888,146.30761678690607,142.5883149939166,142.97091674804688,16232400.0
2023-10-24,143.15777101710495,143.32683264991442,139.22491572363538,139.38507080078125,17689900.0
2023-10-25,139.6431182663938,140.06131907579228,138.068192102852,138.6910400390625,10502400.0
2023-10-26,137.9258128896774,138.07707497904224,136.69791664157862,137.69447326660156,10830400.0
2023-10-27,134.1086567166108,134.58024259623713,128.0937033236904,128.4407196044922,24524300.0
2023-10-30,129.60632039523713,130.30035286232365,128.41400960071067,129.98892211914062,13857100.0
2023-10-31,129.99782462699707,130.37153336094144,128.33391449180772,129.66859436035156,14261300.0
2023-11-01,129.89105404966614,129.9177465635524,127.96912516451957,128.11148071289062,10819600.0
2023-11-02,128.6097538663227,132.57820822052417,127.97801296050969,132.36465454101562,11099100.0
2023-11-03,131.95537040095573,132.18671005534384,130.04232084862,131.34141540527344,13160000.0
2023-11-06,132.33795677199421,132.87183416102772,130.52279808799906,130.7986297607422,10634200.0
2023-11-07,129.161419505698,129.56182073979747,127.45303095035898,128.49407958984375,15054600.0
2023-11-08,128.02249847742067,128.70762437389757,126.57214199600399,126.70560455322266,12654100.0
2023-11-09,127.28398945830602,128.04920655922785,126.15395655387168,126.29632568359375,10359500.0
2023-11-10,127.49752389921366,127.63100004378562,126.10945888889329,127.19499969482422,11988200.0
2023-11-13,127.37294840794574,128.39621116064436,127.10602328530513,128.1292724609375,8747700.0
2023-11-14,128.55635276365115,129.46393881672802,128.00468946524404,129.06353759765625,11224400.0
2023-11-15,128.89447090081921,130.47828975968216,128.4940696975452,129.51731872558594,10052100.0
2023-11-16,128.59126134556783,129.03181833342288,126.541282949975,127.46736907958984,14031300.0
2023-11-17,128.528300602652,130.54232022855814,128.03378532403818,129.88597106933594,11075600.0
2023-11-20,130.03881956397925,130.99187789632126,129.71513808135492,129.8140411376953,8062400.0
2023-11-21,129.31955557779037,129.7421402138786,128.30355246727316,129.50836181640625,6783300.0
2023-11-22,127.44035746320135,129.8230028445687,126.52325781554623,129.76905822753906,7216100.0
2023-11-24,129.74211044292127,131.2166563711135,129.65219358461994,130.2815704345703,3861000.0
2023-11-27,130.0568032447624,130.2096646609588,128.43840941060407,129.7960662841797,9850800.0
2023-11-28,130.17368317501084,131.73814598547958,129.52632019960217,130.8300323486328,9746500.0
2023-11-29,131.62124699053152,131.71116384350145,128.62719688252145,129.39144897460938,16417100.0
2023-11-30,130.35351490743577,131.27960102406138,127.7011319408074,129.1127471923828,16276000.0
2023-12-01,129.0138301228411,131.7291436266884,128.2136194763163,130.20065307617188,11906500.0
2023-12-04,129.47238356048956,131.00087423364562,128.79804822944533,130.25460815429688,11842800.0
2023-12-05,130.1556982902851,130.4344350701728,128.240595379358,128.4473876953125,9597600.0
2023-12-06,127.58423449436248,129.49935115491098,127.0897329118018,128.1506805419922,18079700.0
2023-12-07,129.0318190991739,129.48137600823304,126.76606215547528,128.05178833007812,14786700.0
2023-12-08,129.03180491351884,130.0747801205253,128.68115111177883,129.7510986328125,10821700.0
2023-12-11,130.22763582658882,130.73113734528673,129.31054965441226,129.78707885742188,9849600.0
2023-12-12,128.72613820020732,129.10376440004626,127.4493980809262,128.1237335205078,9863900.0
2023-12-13,127.82697369787243,130.083743803657,127.35943080334657,130.02081298828125,10641300.0
2023-12-14,131.1357507625476,134.8041229248047,131.1357507625476,134.8041229248047,14960500.0
2023-12-15,132.4574538610072,134.705238399354,132.4574538610072,134.28265380859375,30850900.0
2023-12-18,135.61335017082783,136.773201056637,134.25569313094437,134.57936096191406,11561700.0
2023-12-19,134.8311091964704,136.51244758373429,134.40852462009056,136.34161376953125,8738100.0
2023-12-20,136.80012240679548,137.6183190374959,134.9209783626116,135.09181213378906,9370000.0
2023-12-21,135.56837821987054,135.58636433737257,134.1657628812468,135.5054473876953,7264700.0
2023-12-22,136.4315173551681,137.01593577060672,135.54138985594108,135.81112670898438,6396100.0
2023-12-26,136.72822492724836,137.57338026849587,136.57536352744347,137.03392028808594,5165600.0
2023-12-27,136.90804732641456,137.53742417431172,136.07186444897624,136.58436584472656,5337200.0
2023-12-28,135.92801835772426,136.6832843801208,134.3275968835158,134.6602783203125,8148000.0
2023-12-29,134.8940256667082,135.07384566063575,133.67123050086022,134.11180114746094,7658600.0
2024-01-02,134.85806236073952,136.19773292934545,134.18372711794785,134.39950561523438,8879700.0
2024-01-03,134.31860887100487,137.7352440253193,133.68023204199793,136.96200561523438,10255300.0
2024-01-04,138.15782096380073,138.77821164122136,135.39753518904803,135.46047973632812,8220300.0
2024-01-05,136.647285753153,136.6922441785653,134.71419693489085,135.2266845703125,7455400.0
2024-01-08,133.44643615415464,134.59730044121926,131.7920704564223,134.41748046875,10038200.0
2024-01-09,134.82211886668384,134.82211886668384,130.90198193763456,131.00088500976562,11784700.0
2024-01-10,131.28857734845306,131.28857734845306,129.5712670060922,129.9219207763672,8490400.0
2024-01-11,130.87502656952168,131.42348663702785,130.02985724719508,130.62327575683594,8612500.0
2024-01-12,132.91597705198143,133.5183815716687,131.42344504950407,132.4124755859375,9386900.0
2024-01-16,131.72915834121076,131.79210289272822,129.09476148367375,129.19366455078125,9380400.0
2024-01-17,128.0517451097952,129.49033222098487,127.71007758402638,128.68112182617188,8167000.0
2024-01-18,128.5732460570525,128.7440798378243,125.5342376691372,127.51229858398438,11187800.0
2024-01-19,127.43136638039863,127.89890929270301,126.78400349240323,127.88992309570312,11192500.0
2024-01-22,127.59322798578229,128.26756325827787,126.70310048710908,128.11471557617188,9184600.0
2024-01-23,127.66513228098044,128.8699410922673,127.58420163831286,127.75503540039062,6767200.0
2024-01-24,128.3035419870019,130.3535204408622,127.87197118602826,130.29957580566406,8100000.0
2024-01-25,131.46840665739037,133.68921859978332,130.57827915306976,133.58132934570312,9773600.0
2024-01-26,133.09582461175904,134.20173082655154,132.15175230769228,134.09384155273438,9151900.0
2024-01-29,134.04887267359788,134.16576185738714,132.26863119734466,134.03988647460938,10494800.0
2024-01-30,133.2306472231314,135.1457635893905,132.80807645118784,134.9749298095703,9902900.0
2024-01-31,135.19971654357698,135.2087164605758,132.4754032537543,132.5563201904297,10428000.0
2024-02-01,133.23966178141106,133.9859278008843,131.7381435444178,132.9699249267578,8641100.0
2024-02-02,135.64032195755544,137.90609280117272,134.4624849570757,136.881103515625,12839100.0
2024-02-05,136.32362878622743,138.02295330474817,135.57736269235812,136.96200561523438,8277800.0
2024-02-06,137.11484203873837,138.04991426922658,136.49445137801862,136.97998046875,6198200.0
2024-02-07,137.5824221803808,138.26574385189306,135.9190558644515,136.78221130371094,6252000.0
2024-02-08,136.6203406264231,138.73326356676273,136.35060373966238,138.51747131347656,9237000.0
2024-02-09,138.84113264829864,139.65034319093374,135.7481793978057,135.8021240234375,9194500.0
2024-02-12,136.32361479625854,137.21374229818838,136.11682248669814,136.73721313476562,6713000.0
2024-02-13,137.2227398633829,137.62735203738657,134.50742614256166,135.4065399169922,6987100.0
2024-02-14,136.01792629583127,136.84510929520758,134.93899254531377,135.77516174316406,5995100.0
2024-02-15,136.2569068772527,140.96513022730772,136.03875995354377,140.39251708984375,8950300.0
2024-02-16,141.2196229743054,141.5832011674525,140.05620049441447,140.54702758789062,7570200.0
2024-02-20,141.31053149809927,141.43778040789084,139.81989546807318,139.9744110107422,6977900.0
2024-02-21,140.4925040724756,141.40142881476268,140.0653083340734,141.28326416015625,6628900.0
2024-02-22,140.71972392925315,142.3648753612935,139.81988351395887,141.27415466308594,8874900.0
2024-02-23,140.76514618150742,140.81059518462052,139.29269279044433,140.57427978515625,6561600.0
2024-02-26,140.46520748162803,141.38323024240498,139.81987875521168,140.38340759277344,6900800.0
2024-02-27,139.2472622868651,139.86533829932253,136.24780798106102,138.30198669433594,15093800.0
2024-02-28,138.4837585479994,139.84714550645208,137.95658059310696,138.465576171875,6715900.0
2024-02-29,138.98367468009113,139.2836214856153,137.68390518948638,138.16563415527344,9334400.0
2024-03-01,139.11092340275047,140.2925282465953,138.38378089353137,138.8927764892578,7459100.0
2024-03-04,138.61102772368554,138.6928276245799,134.22091941083457,135.3207244873047,12503200.0
2024-03-05,135.2752713814234,136.9022405715966,134.79354237638992,135.96604919433594,6985500.0
2024-03-06,137.09312801967482,138.52923085509562,134.6481181105321,134.82081604003906,14692100.0
2024-03-07,134.97530751512497,137.0203879320208,134.92985850982055,135.7660675048828,8739300.0
2024-03-08,135.7660690738643,136.32961178179104,134.87532680977853,136.22962951660156,7528400.0
2024-03-11,136.79316811812552,138.2292708164804,135.96604330789935,138.15655517578125,7577100.0
2024-03-12,138.00200056566558,138.67460964986924,137.05671137332067,138.05653381347656,6432900.0
2024-03-13,139.2836398587451,140.77427596007664,139.20182608710826,139.8744354248047,8065600.0
2024-03-14,139.7653438931745,141.54682839688363,138.84732114292524,141.51956176757812,9047200.0
2024-03-15,141.05601107611648,142.73751326684547,140.3561352498633,141.3832244873047,20387200.0
2024-03-18,141.81952560292592,142.40123687983547,140.82880096818928,141.25599670410156,7242700.0
2024-03-19,141.15600060239726,142.55573845786017,140.892404687798,142.35577392578125,7736700.0
2024-03-20,141.57407985547206,142.18305762652048,140.1834264335535,140.4742889404297,8449100.0
2024-03-21,140.8378728886304,141.51048212797062,140.3470596760397,140.75607299804688,7899100.0
2024-03-22,140.9560264469471,141.13780859031107,140.11981749220212,140.57427978515625,5974700.0
2024-03-25,141.31959627728824,142.98292999903944,141.12872987344988,142.2194366455078,6058700.0
2024-03-26,142.26487886731405,142.57390989532973,140.56518047505088,141.12872314453125,6677900.0
2024-03-27,140.7651484269426,142.1921667067444,140.74697992067837,142.11036682128906,7416900.0
2024-03-28,142.83750321281835,143.7827926155942,142.1285430952812,143.373779296875,8331600.0
2024-04-01,143.85553945024185,145.05531303662235,142.6466677391701,144.59176635742188,6285700.0
2024-04-02,145.47337982520227,146.5368199050549,144.53718863005628,145.22796630859375,8815400.0
2024-04-03,145.51888024334596,146.29145807736384,145.17348434749493,145.82791137695312,7819700.0
2024-04-04,146.15508175032332,147.20033951626345,145.26433950557762,146.0550994873047,9269700.0
2024-04-05,146.63678865443586,147.4002818923443,145.30066855355258,146.8822021484375,7432800.0
2024-04-08,146.92767260536826,147.7002641500972,145.7278992100452,146.58229064941406,7253200.0
2024-04-09,147.10947067339123,147.72753282244042,145.84606587427905,147.2458038330078,6576200.0
2024-04-10,147.43668450120907,147.94568012386185,146.34596374513538,147.8547821044922,7525800.0
2024-04-11,148.71823334847477,148.71823334847477,145.2461487113312,147.1457977294922,7682500.0
2024-04-12,147.509372843986,148.94547543091696,143.6464431470106,144.482666015625,11071000.0
2024-04-15,145.37338966449502,145.87330092333812,143.02836274317542,143.23741149902344,7236900.0
2024-04-16,142.9738753779649,143.4374220381631,141.2650922971613,142.04676818847656,5541900.0
2024-04-17,141.78315893493752,143.3465104180806,141.46502976476367,142.1558074951172,6733900.0
2024-04-18,142.82840875649637,143.64643533550048,142.1467153176301,143.21925354003906,4979200.0
2024-04-19,144.2918072938919,146.10965683460236,143.74644688404223,145.42796325683594,7734700.0
2024-04-22,145.38249774047824,147.88204057520358,144.01002648591958,147.17308044433594,6779200.0
2024-04-23,146.61863509383224,148.0183868408203,145.9733063501254,148.0183868408203,5597600.0
2024-04-24,147.13672096924304,148.91820544619682,146.74587617325213,148.6728057861328,7610300.0
2024-04-25,148.79096341921203,150.51792858713347,147.85477213302252,150.22706604003906,9702600.0
2024-04-26,150.18161580276487,151.77223393779295,148.42739788815396,150.78150939941406,9736400.0
2024-04-29,150.79969556303868,151.89040239491868,149.69080635438524,151.1814422607422,6364000.0
2024-04-30,150.85421827368214,150.99055141722346,146.2914128589517,146.582275390625,8457300.0
2024-05-01,146.1369020723456,146.74587991503248,144.42811931615068,145.09164428710938,7713700.0
2024-05-02,145.8005972650708,147.0458195191449,145.32795259345232,146.09144592285156,8597100.0
2024-05-03,146.0278443370462,146.0278443370462,142.73752752121092,145.65518188476562,11664500.0
2024-05-06,146.09145998825232,149.08182995327255,146.09145998825232,147.5184783935547,8430300.0
2024-05-07,147.52755342646793,148.29104678165368,147.2639713880428,147.85476684570312,6869900.0
2024-05-08,147.20032537840535,148.2274145390328,146.8276629912111,147.73658752441406,6706400.0
2024-05-09,148.17291138962756,150.43612506089238,147.90931545475613,150.381591796875,6683300.0
2024-05-10,150.9178308967122,151.26322667461608,149.99073781247816,150.71788024902344,5490900.0
2024-05-13,151.31776458852627,151.70860938120035,148.13652846615994,149.5453643798828,6848300.0
2024-05-14,149.37267861366146,150.1543543933875,148.1729052477389,148.70916748046875,4924000.0
2024-05-15,148.27291096270395,148.88188893043323,145.58248738152696,148.2001953125,7603100.0
2024-05-16,148.30116907941863,148.7326785886477,147.3371581756273,147.89720153808594,6409400.0
2024-05-17,148.50315578438685,149.6232425314361,147.9890203613097,149.34780883789062,5497900.0
2024-05-20,149.39368882272834,149.65075648614535,147.8788248055111,147.94308471679688,4913800.0
2024-05-21,147.42898566723773,148.2369208134321,146.65778248721972,146.8689422607422,4783300.0
2024-05-22,146.4557794315692,146.4557794315692,143.70147071462443,144.6654815673828,6260500.0
2024-05-23,144.98681889444757,145.61113619687598,143.52703853884017,144.0870819091797,6718400.0
2024-05-24,145.13372518545498,145.9508363022078,144.41760595994756,144.83074951171875,4477700.0
2024-05-28,145.17040754565386,146.36394396522186,145.0143317536611,146.0150604248047,6928300.0
2024-05-29,145.07862351461128,145.51013299636162,143.62801925817328,144.0503387451172,5909600.0
2024-05-30,144.00446608550266,145.48261252649164,143.96773411912625,145.29898071289062,6369600.0
2024-05-31,145.6386664789412,149.2651701064413,145.528484605507,149.0081024169922,10334200.0
2024-06-03,148.26443707689972,148.43886485400296,143.64638077531941,144.56448364257812,9009900.0
2024-06-04,142.96697352610167,143.54538279078383,141.48882741235417,143.34339904785156,6360500.0
2024-06-05,143.37093572070174,144.16050468416864,141.87442368306247,142.28756713867188,7058500.0
2024-06-06,141.84687927266663,143.24239941848995,140.82778462820627,143.15975952148438,5215100.0
2024-06-07,142.95779180169495,144.77563140596595,142.42529050162833,143.2974853515625,5887700.0
2024-06-10,143.60049722163623,145.24389546915083,143.51787131174152,143.90347290039062,7074700.0
2024-06-11,143.3801352696749,143.91263665898347,141.82853905083667,143.67393493652344,5132000.0
2024-06-12,144.59204443950057,144.7205782972915,139.91888958957819,141.58984375,10017400.0
2024-06-13,141.17668845038196,141.47047409694875,139.76280212329223,140.32284545898438,6163000.0
2024-06-14,140.58910181413154,140.73598763145188,139.52409908601263,140.07496643066406,6159100.0
2024-06-17,140.0106870787871,141.32356745291017,139.48736172072935,140.64418029785156,6321400.0
2024-06-18,140.97470409707827,143.17814546905683,140.32284486943223,140.77272033691406,6942900.0
2024-06-20,141.12161058907012,144.51858870177406,140.69927706810705,143.8116455078125,8336000.0
2024-06-21,143.95853914512298,144.7572841942054,142.50793486566914,142.56301879882812,21289800.0
2024-06-24,143.47194333373864,146.4741297140084,143.39849342103716,146.26296997070312,7971600.0
2024-06-25,146.0885116581608,146.3088613713461,144.7572654126995,145.48257446289062,5985400.0
2024-06-26,145.48259363788074,145.48259363788074,143.0312465341527,143.1781463623047,8637800.0
2024-06-27,143.86670706488465,144.08705678186902,142.8935203308602,143.51783752441406,5568700.0
2024-06-28,144.61956842176906,145.5927552253118,143.3801239400416,143.60964965820312,11283400.0
2024-07-01,144.2890317335763,145.70290380633375,143.2056632024636,143.70144653320312,5584100.0
2024-07-02,144.76645713812854,144.80318909888845,142.719091613621,143.91262817382812,7216800.0
2024-07-03,144.0870905586988,144.821575778354,143.738206927306,143.8759307861328,3264200.0
2024-07-05,143.72902583289928,143.72902583289928,141.0940607263637,141.67247009277344,6183100.0
2024-07-08,140.76354750296358,142.5630213949056,140.76354750296358,141.69082641601562,4990700.0
2024-07-09,140.46975147962283,142.08560762982376,139.87299016522783,140.45138549804688,5301600.0
2024-07-10,140.01067810280722,142.70990259752983,139.82706034318835,142.42529296875,5416600.0
2024-07-11,142.30594551277483,143.84835161717217,141.58982639157063,142.54464721679688,8322500.0
2024-07-12,143.37095110571843,143.62801879497832,141.90198087354338,142.84762573242188,6446300.0
2024-07-15,144.0962408508432,146.45577192175608,143.56373951177565,145.0969696044922,5661200.0
2024-07-16,144.15132344427983,145.34485995118246,143.36175443286464,144.84909057617188,6924200.0
2024-07-17,145.51932432986203,148.2552673253028,145.32651653739083,148.02574157714844,7296600.0
2024-07-18,148.02570754096845,150.82592382641394,147.11679475311692,148.70510864257812,6577700.0
2024-07-19,149.17334242444994,149.37532616578864,145.43667122795856,146.11605834960938,6427700.0
2024-07-22,145.26227375588883,145.96002706933353,144.00447699048794,144.1330108642578,5577300.0
2024-07-23,143.54538030600992,143.77490600908374,141.24093328130118,141.470458984375,6238700.0
2024-07-24,142.0213251913015,142.94860398135197,140.85533070602867,142.37020874023438,5971700.0
2024-07-25,142.64564258942497,145.29895940074695,141.95706541684171,144.63792419433594,5432100.0
2024-07-26,144.81236871478913,146.01508129076765,144.19724144345423,144.91336059570312,5232500.0
2024-07-29,145.28976634176297,145.28976634176297,142.17739844779302,143.77490234375,5072000.0
2024-07-30,143.64636308215972,146.97906655360043,143.62799710451807,146.5016632080078,5740900.0
2024-07-31,148.44805906269326,148.44805906269326,146.94237087801073,147.32797241210938,6209200.0
2024-08-01,145.7121223657723,146.43741751735436,139.57918750098287,140.12086486816406,16689900.0
2024-08-02,138.75287738157897,139.58834026297347,134.97947440201497,136.38417053222656,13278600.0
2024-08-05,133.60237444594705,133.83190023367965,131.6651762371183,132.81280517578125,13037200.0
2024-08-06,132.6566965801962,133.20754992931282,131.39888604764528,131.4998779296875,9692700.0
2024-08-07,132.739321444062,133.7951341951403,130.6276819327667,130.74703979492188,8867900.0
2024-08-08,131.35300318230802,132.95968343534054,131.0224855413186,132.65670776367188,7531100.0
2024-08-09,132.39961880927197,134.14400862913794,131.4631499751389,133.11573791503906,7653100.0
2024-08-12,133.89613243113465,134.72243350127818,128.24980482628132,133.14329528808594,8442200.0
2024-08-13,132.28026827962182,132.71177776585338,131.33462340787318,132.3445281982422,7794800.0
2024-08-14,132.5649079570384,133.34530120692955,131.68352280432768,132.8219757080078,5874200.0
2024-08-15,133.66660089831413,135.4385468204918,133.56560901664452,134.7775115966797,6304200.0
2024-08-16,134.0889282596353,135.53034249469695,133.71250271710872,135.20901489257812,6874400.0
2024-08-19,135.55251993832397,137.14933185897908,135.4411190676507,136.3137969970703,5967400.0
2024-08-20,135.8495967118936,136.01669800424656,134.20636317411396,134.32705688476562,7497600.0
2024-08-21,135.01404954215948,136.13739351960587,134.19708626994534,134.9119415283203,5985000.0
2024-08-22,134.93976744580937,135.84957405068718,134.73552312305145,135.29254150390625,4027000.0
2024-08-23,136.03526652193705,137.48353435394944,135.8403150185121,137.0471954345703,4824100.0
2024-08-26,138.30050515830644,139.3402842360577,136.9822097801782,137.86416625976562,5780300.0
2024-08-27,138.02201337820208,138.83899089353375,136.23024988726692,136.42520141601562,5100000.0
2024-08-28,135.9517015521861,136.60156343833938,135.060452275514,135.543212890625,5614400.0
2024-08-29,135.97027609994217,137.56707355596288,135.02332637857154,136.86151123046875,4466700.0
2024-08-30,135.7474709702213,137.47425510885074,135.26471030621516,137.3535614013672,6414800.0
2024-09-03,135.125481075858,135.32972546034085,133.94643652287604,134.29922485351562,7944700.0
2024-09-04,134.28063926495446,135.10689540082086,131.5233545289435,131.89471435546875,9820700.0
2024-09-05,132.91592201826572,132.91592201826572,130.5299971085432,130.8363494873047,9371100.0
2024-09-06,130.96631617027705,131.93182324091612,127.9954946724685,128.63607788085938,7836400.0
2024-09-09,128.7103687036632,131.84829193362725,128.61752520602343,130.25148010253906,9892300.0
2024-09-10,130.80851106293736,130.97562654143735,127.27139162090798,128.32974243164062,8202500.0
2024-09-11,128.31117306220852,128.5618250076199,125.67456788328928,128.0048065185547,9534000.0
2024-09-12,128.32972680761472,129.48092098468277,127.57774266074361,129.2395477294922,6591500.0
2024-09-13,129.8522558881266,131.39336711878656,129.70372614041568,130.5392608642578,5900700.0
2024-09-16,131.54192338991507,132.91591930532803,130.96633337790328,131.91326904296875,6864300.0
2024-09-17,131.64404330850317,133.81644509000787,131.5883428780946,133.13873291015625,7338800.0
2024-09-18,133.0551914520778,135.17189294933334,132.9344977339063,133.64935302734375,6180300.0
2024-09-19,135.36683840545268,136.2673664947097,134.5498609638351,134.60557556152344,7247400.0
2024-09-20,134.82838734985538,135.45969201074118,133.16659629266132,135.24615478515625,23162900.0
2024-09-23,135.77534423546317,137.78992371155803,135.4968278756402,136.9729461669922,6960600.0
2024-09-24,138.21696207847785,138.421206432198,136.38805574393814,136.88937377929688,6014200.0
2024-09-25,136.4252094247606,136.85226974173514,133.22230662820934,133.6586456298828,7888400.0
2024-09-26,130.80849149824948,132.96233586653884,130.55783956688416,131.8204345703125,8046200.0
2024-09-27,132.73953959345297,135.32972326096723,132.60956718416077,135.0697784423828,8049200.0
2024-09-30,134.9583625910564,136.91724156886485,133.9464335415068,136.7222900390625,7491700.0
2024-10-01,135.86815205167358,139.73948735501972,135.03260319170226,138.97821044921875,9489100.0
2024-10-02,140.81639925660332,141.37343184566504,138.56972570166147,140.13868713378906,8105400.0
2024-10-03,140.47292150205448,141.27132742485446,139.27531970081895,140.41722106933594,6553300.0
2024-10-04,141.55912534929237,141.57769688255684,139.38672343301582,139.94375610351562,7892400.0
2024-10-07,140.64929703750076,141.8097697853349,139.89731296345255,140.2965087890625,5895900.0
2024-10-08,138.51401978367392,138.88537955029923,137.14930274392,138.09625244140625,5892700.0
2024-10-09,136.94506441366323,139.60022665617527,136.80581334878195,138.93179321289062,4973500.0
2024-10-10,139.88803685779547,140.695735619788,139.11749532702706,139.83233642578125,4420900.0
2024-10-11,139.60953551024323,141.4198703908853,139.48884179622414,140.57504272460938,5051300.0
2024-10-14,139.73950443363347,141.02065684335258,139.4238450483487,140.9092559814453,4214700.0
2024-10-15,138.14269409198474,139.2196163215133,136.9914998984271,137.14932250976562,6704600.0
2024-10-16,137.7249388597946,138.35622936093372,137.59496645274066,138.0777130126953,4303700.0
2024-10-17,138.56974756558336,140.49149755173093,138.30052407681188,140.3708038330078,6593100.0
2024-10-18,140.01801146422923,140.25938470432285,138.6811445463282,139.95301818847656,5208200.0
2024-10-21,141.11350969127247,141.5591273343636,139.71166347762667,140.07373046875,5074000.0
2024-10-22,140.4172216496862,140.81641752977163,139.46099310825525,140.11085510253906,4416400.0
2024-10-23,139.5909611980882,140.18512274108213,138.59758962140302,139.70236206054688,5248600.0
2024-10-24,140.30580406374065,140.6028777260418,138.6811421886753,139.67449951171875,5474300.0
2024-10-25,140.54720445438574,141.22491671532043,139.68381934789866,140.0087432861328,6839900.0
2024-10-28,137.6320916907913,139.90661583664374,137.54854103832318,139.75807189941406,8892000.0
2024-10-29,139.29386089080586,139.64664914495734,137.27928186785206,137.8827362060547,6014700.0
2024-10-30,138.40263965538836,138.93180792389626,137.0843441598559,137.4464111328125,5784000.0
2024-10-31,138.10554028967584,138.85753855478114,137.29785576328902,138.1612548828125,8400900.0
2024-11-01,141.55908819793822,144.76198979790612,140.8349544158907,142.10684204101562,11728000.0
2024-11-04,143.36015014074655,143.36015014074655,141.68906666183418,142.9423828125,6130000.0
2024-11-05,143.4622796433575,143.59225202248325,141.62409480545716,142.42250061035156,5978900.0
2024-11-06,145.84823810613887,147.25008425391596,144.9384171632521,146.423828125,12118900.0
2024-11-07,146.62807102872182,146.69305014346557,145.19836051321505,145.5418701171875,8143200.0
2024-11-08,145.38403157160124,146.29383823979762,144.5206324805946,145.6903839111328,6041500.0
2024-11-11,145.88536025448659,146.6280657009909,144.73416610410848,145.29119873046875,7771700.0
2024-11-12,146.03389595680585,146.19171855334093,144.0100240831524,144.1678466796875,5681900.0
2024-11-13,144.8920065662262,147.6307196894153,143.46229606624956,147.35220336914062,8824000.0
2024-11-14,148.39198122067612,150.2394591019093,148.24343729570768,150.21160888671875,10111200.0
2024-11-15,149.95165391308416,150.75005974813445,149.24607740038596,149.8588104248047,9022800.0
2024-11-18,150.5809878060698,151.48132887154486,149.18360237554433,150.7685546875,6075400.0
2024-11-19,150.0370062610196,150.45903524429224,148.88345655729225,149.68063354492188,4657400.0
2024-11-20,149.9713725544722,151.40627976279583,149.84944765754472,151.30311584472656,6391300.0
2024-11-21,151.9502177394721,152.54105256245475,151.2655780320306,151.58445739746094,7945200.0
2024-11-22,151.4719269449409,152.5035661611979,151.13430086602352,152.26910400390625,7005900.0
2024-11-25,152.0721293682537,153.0287388503168,149.8963282779831,150.3933868408203,10702400.0
2024-11-26,152.2221847624507,152.81303388521107,151.36873920967068,152.4285125732422,7369500.0
2024-11-27,152.64420267839154,154.4448699156365,151.56568272669358,152.03460693359375,7674500.0
2024-11-29,152.16591733567375,152.63484158015967,150.67474167271234,151.8657989501953,5077000.0
2024-12-02,152.2034332587683,152.8224167296672,150.15893031059284,152.12841796875,6229600.0
2024-12-03,152.85056255007572,153.05689038924436,151.35938669371217,151.8564453125,5900100.0
2024-12-04,151.77202185958498,151.78139519266793,148.04876223384412,148.4801788330078,7862700.0
2024-12-05,149.38989198389615,150.68412758606786,148.82719142979403,149.4274139404297,6358400.0
2024-12-06,148.883472625641,148.95850223461002,145.52597275405944,145.5916290283203,9701700.0
2024-12-09,147.24221588544057,150.1307910098718,147.0734100228598,147.31724548339844,9404500.0
2024-12-10,149.17419914306276,149.60561580466742,146.96087582840192,147.2422332763672,9126200.0
2024-12-11,147.11090802245891,147.40163875146584,146.11679095794562,146.50131225585938,13764700.0
2024-12-12,146.18245218224948,146.80143567361276,144.68190305491146,145.0945587158203,7621500.0
2024-12-13,145.24458060014987,145.32899783409502,143.556464888147,144.30673217773438,5816200.0
2024-12-16,144.32552529851407,144.32552529851407,139.9739082216942,140.0770721435547,11961200.0
2024-12-17,138.8015754743427,139.4111712640774,137.77932406244756,138.9047393798828,11909300.0
2024-12-18,138.57648923469813,139.42993480436485,135.031423048856,135.12521362304688,10174500.0
2024-12-19,135.58477402409292,135.76295323082738,132.18975248486782,132.3773193359375,16544300.0
2024-12-20,132.06783311173098,133.97166442871094,131.8146100089035,133.97166442871094,32209200.0
2024-12-23,133.6246470922305,134.4405849989017,132.74306723354675,134.08419799804688,8156500.0
2024-12-24,134.20611728094465,135.08768279242094,133.41831371663315,134.90011596679688,3556100.0
2024-12-26,134.74070233842997,135.34092485082945,134.0185549325883,135.03143310546875,4492600.0
2024-12-27,135.32217121949844,136.65392885442188,134.47811318482206,135.05020141601562,5296500.0
2024-12-30,134.8532315389334,135.0314250462725,133.50274169946206,134.17799377441406,6194800.0
2024-12-31,134.60001439857368,136.30689114689838,134.41244756947881,135.8379669189453,6137800.0
2025-01-02,136.43821747421978,138.8672563514985,136.43821747421978,137.59178161621094,7170300.0
2025-01-03,138.37015888018163,139.27049972041894,138.14508440294645,138.66090393066406,5809000.0
2025-01-06,139.1767058771391,140.98676084814946,137.74179887675797,138.10755920410156,5888700.0
2025-01-07,139.27987701925818,141.14620070525618,138.4545800618432,140.29275512695312,7736000.0
2025-01-08,138.83908663897628,141.78393037767543,138.82971330566474,140.95863342285156,7640900.0
2025-01-10,143.87533918615352,144.74753140618222,141.49319602591171,143.6221160888672,11074700.0
2025-01-13,144.5224677510551,147.57047554850718,144.42867717157557,145.6947784423828,11774100.0
2025-01-14,145.56348540955435,147.15782514454276,144.86009896966823,147.1484375,6830200.0
2025-01-15,147.12968544966688,148.8271890394933,146.66076117356306,148.48956298828125,7900000.0
2025-01-16,148.20820295185044,149.96197513427106,148.20820295185044,149.47430419921875,5578900.0
2025-01-17,149.23984035198018,151.71575988538686,148.93034862150023,151.4344024658203,9260400.0
2025-01-21,151.13429515784497,151.36875730628125,147.70178018066775,148.40516662597656,10131400.0
2025-01-22,147.8799458512829,148.5927198759378,146.55759033112076,146.6888885498047,7232200.0
2025-01-23,147.83306022800016,148.12379096663201,145.94797562775912,146.31373596191406,5979800.0
2025-01-24,146.73577399752114,147.68299577519144,145.61973205833075,145.97610473632812,8003800.0
2025-01-27,146.61385833043727,148.07689970683708,145.85420333195523,147.45791625976562,7141000.0
2025-01-28,147.90808492687214,149.04287353431405,145.53531518950018,146.50131225585938,6425400.0
2025-01-29,146.0417756687632,146.84832598489086,145.18833006358898,146.01364135742188,5630600.0
2025-01-30,146.82955139858078,147.66423594868868,145.85419530480422,146.60447692871094,6931900.0
2025-01-31,144.2035936600241,144.77568187080763,139.4111868055555,139.91763305664062,16726800.0
2025-02-03,139.7394235255099,141.48382227079594,138.61400821155192,140.05828857421875,7605000.0
2025-02-04,139.47684025513635,143.85659135287295,139.47684025513635,143.69715881347656,8458100.0
2025-02-05,143.4814453125,144.24110029801355,142.8249399226383,143.4814453125,6533700.0
2025-02-06,144.6350136401662,145.6103698970387,141.67140860090745,142.45919799804688,6420500.0
2025-02-07,143.00313171732265,144.25047190855955,142.4779388600507,143.13442993164062,4724900.0
2025-02-10,144.7006275881869,146.11678787244475,144.48492645677405,146.08865356445312,5653800.0
2025-02-11,146.63262523293793,148.8459483639781,146.41690976481456,147.65487670898438,6011800.0
2025-02-12,147.00776114842242,147.68301325355606,144.96325816541406,145.27273559570312,6693500.0
2025-02-13,145.16017923738306,146.6982500942644,143.7909285397759,146.1918182373047,7836400.0
2025-02-14,147.05474477588854,149.30209467892624,146.86509749814508,147.30128479003906,5828800.0
2025-02-18,147.3012999519714,149.1693554918038,146.77028173196732,148.07887268066406,5981500.0
2025-02-19,148.42022534893923,150.16500341983402,147.92713086137,149.09347534179688,4945800.0
2025-02-20,149.34950147797605,150.72446224854465,148.9417605778674,150.57273864746094,6256200.0
2025-02-21,149.94690461242362,150.72446274953396,148.70469837138455,148.7995147705078,6689800.0
2025-02-24,148.96072624137346,150.13656253337837,148.63832441699086,149.71932983398438,5925000.0
2025-02-25,149.8141544309206,150.76240526465705,147.4150809791001,148.3253936767578,6810900.0
2025-02-26,148.51502507454393,148.58140957100602,146.40990729113736,147.1116180419922,6005200.0
2025-02-27,147.63318763479953,150.09863133837155,146.79872219741415,148.56246948242188,7517200.0
2025-02-28,148.59088983481934,150.45894497241224,146.90300465503867,150.41152954101562,8828500.0
2025-03-03,151.20809258990354,151.8054808088251,143.90654919518028,145.167724609375,9059800.0
2025-03-04,143.38502815337148,146.17287370745447,142.28505361224003,144.13414001464844,8826300.0
2025-03-05,142.37985776045343,143.53672494215337,140.09458423386474,143.00570678710938,9288300.0
2025-03-06,142.72123861937334,145.39531311885733,141.73506404379745,145.03497314453125,7314700.0
2025-03-07,145.9832231640498,149.30210131411533,145.75565220830802,148.24954223632812,8562600.0
2025-03-10,149.0555536011344,152.0709843624693,148.0883336816369,149.4158935546875,11750300.0
2025-03-11,150.23137355926445,150.62015987606415,145.8314902426783,146.1064910888672,10466300.0
2025-03-12,145.6892594344205,146.77974211990926,144.34274496908776,144.7694549560547,9710200.0
2025-03-13,144.3806679539214,146.43837054419075,144.05826614032927,145.6608123779297,9022800.0
2025-03-14,146.02114931096543,149.10296448293585,145.09185308746893,148.89434814453125,6671500.0
2025-03-17,149.08400187894125,151.19859725264163,148.64780011541225,150.50637817382812,7615200.0
2025-03-18,151.47359930707384,152.75372930112897,150.6012102422567,152.48822021484375,9289500.0
2025-03-19,152.6399476424818,156.02519581182315,152.573563134671,155.56056213378906,11503900.0
2025-03-20,154.68815542181994,156.75533519105937,154.00541369805163,156.2432861328125,9545900.0
2025-03-21,155.97779469336461,156.35708926313123,154.66920383009716,156.22433471679688,21625500.0
2025-03-24,156.1674374164378,157.81738466280234,155.81658922619428,156.48036193847656,8068000.0
2025-03-25,157.48549195776388,159.1354535309755,156.56568753966508,157.3527374267578,7869200.0
2025-03-26,158.7087384106639,160.2164682423501,158.5949529400308,159.27769470214844,10076100.0
2025-03-27,158.59495728362964,159.5147617808642,157.2674118593529,158.0260009765625,6862700.0
2025-03-28,158.07341345439588,158.48116884296442,156.74586805497205,157.49497985839844,4923000.0
2025-03-31,157.58982147163746,160.17854241153213,157.5329287319502,158.6328887939453,10675300.0
2025-04-01,158.63288192475994,159.87510272050335,157.56136827900755,159.7897491455078,6378600.0
2025-04-02,158.73718248509488,159.28716970047526,157.26740528011902,157.85531616210938,7044900.0
2025-04-03,151.83391197626435,153.00027086661592,147.7374760844161,148.04090881347656,15501000.0
2025-04-04,143.90653433243182,144.57032145914872,135.36279994415335,135.86537170410156,20374700.0
2025-04-07,131.55082451779342,138.62478158793476,130.18534110174352,132.8973388671875,17817000.0
2025-04-08,136.6903670781888,137.01278339403245,127.8905995212221,129.843994140625,12904400.0
2025-04-09,128.03283175588393,139.83855175437367,126.95182638306424,138.4730682373047,16846800.0
2025-04-10,135.8084962585661,136.19728260360858,126.54408083213413,127.99490356445312,20991200.0
2025-04-11,128.02335691434044,130.02416701892005,125.20705040530751,128.6112823486328,17224400.0
2025-04-14,131.3137836958686,131.37067643615265,127.16045449436587,128.31732177734375,9628200.0
2025-04-15,127.36905773709637,129.5595148274008,127.3026732341614,127.5776596069336,9334800.0
2025-04-16,128.3931635369846,130.43191161322216,127.82422168971564,128.35523986816406,8637200.0
2025-04-17,129.61642240624442,132.98271611376953,129.38883697332216,130.7353515625,8434400.0
2025-04-21,128.9810959396748,129.23711327375247,125.48204768233686,126.8095932006836,9967500.0
2025-04-22,128.260399716902,131.08619755654252,127.95696698080074,130.19483947753906,7984700.0
2025-04-23,130.10951991156543,131.3801727187603,128.15611079002602,129.60693359375,10002000.0
2025-04-24,130.78273300897254,132.1861399743066,130.11896042193325,131.87322998046875,7745800.0
2025-04-25,131.17154771576273,131.85428951599934,130.14743501540784,131.55084228515625,6878500.0
2025-04-28,131.77841701647836,133.19131594078064,131.50341617719388,132.84994506835938,6715500.0
2025-04-29,131.5129207375063,132.7646044120259,131.39913525868468,132.0913543701172,7343800.0
2025-04-30,130.85860599755875,131.00083782511012,127.19835745393317,129.0189971923828,13858000.0
2025-05-01,128.4121366476867,130.8112102952896,128.12765848051833,129.2086639404297,10199800.0
2025-05-02,130.74483749075432,132.5465083961217,128.28885668632321,131.33274841308594,12393200.0
2025-05-05,129.69225857292074,129.91035219312155,128.1845288903236,128.48797607421875,9665000.0
2025-05-06,129.2940128647711,130.20432560394846,128.05179206182433,128.58282470703125,9916200.0
2025-05-07,129.02849350675234,129.24658713973528,127.65351826923472,128.76296997070312,8422100.0
2025-05-08,129.61639363354428,131.70254233017766,129.40777731696517,129.94827270507812,8669300.0
2025-05-09,131.71204457856766,132.1577236603059,130.57414638932215,131.32327270507812,5965700.0
2025-05-12,135.07834028089252,136.27314569700061,133.29563839532736,134.29129028320312,8028200.0
2025-05-13,134.20594782977028,135.81797145525152,133.62751420583848,134.9835205078125,8536800.0
2025-05-14,134.42402317824562,134.86970219513182,133.44732604825884,134.33868408203125,6453600.0
2025-05-15,132.7551361122436,135.08783987036125,132.29048792695258,134.89817810058594,7545400.0
2025-05-16,135.3154018248596,135.59987999140097,133.41890000679805,134.7464599609375,8200100.0
2025-05-19,133.86343711606662,133.9114300917317,131.60789906840765,132.92283630371094,7713600.0
2025-05-20,132.73084785588077,133.1723626734038,131.52150410502776,131.75186157226562,6503900.0
2025-05-21,131.12798222035977,131.617490007428,130.04341726190665,130.110595703125,9073200.0
2025-05-22,129.56352713840724,130.52332802636977,128.392568883461,129.85145568847656,8877600.0
2025-05-23,128.98764241840215,131.29115872119274,128.67090636382352,131.05120849609375,7025900.0
2025-05-27,131.85744496519115,132.42372394967248,130.92643697254962,132.2893524169922,8348900.0
2025-05-28,133.20115369721967,133.21074643286522,130.20657989123498,130.55210876464844,6876300.0
2025-05-29,131.01281197202502,132.39492749653206,130.62889750206116,132.3661346435547,7554300.0
2025-05-30,131.37754471740905,131.9246235849812,129.7746790592259,131.20477294921875,12858900.0
2025-06-02,132.92282955649017,133.11478680400668,130.94562743541238,132.2989501953125,9076600.0
2025-06-03,132.11658560070188,134.93840253814705,131.10880639052795,133.94021606445312,9001300.0
2025-06-04,133.81543404611284,134.97679952984095,131.80945376507225,131.84783935546875,8735600.0
2025-06-05,132.596494958057,132.730866504809,131.20478651411122,131.39674377441406,6342600.0
2025-06-06,132.53889691533442,134.95759917727557,132.53889691533442,134.5736846923828,6563500.0
2025-06-09,134.90001252273478,136.42609236076626,134.07458320514692,135.1015625,7159500.0
2025-06-10,136.50288368715738,139.11354327843654,136.20534775465265,137.58746337890625,9841500.0
2025-06-11,138.3936819710833,139.28628969997084,136.87719492469765,138.9599609375,9256700.0
2025-06-12,138.6912264016098,139.36308408485613,137.664232435834,139.142333984375,6999400.0
2025-06-13,141.16750560116498,141.66660612558286,138.72960333009937,140.04454040527344,14148000.0
2025-06-16,139.87177056762948,140.96594292576407,137.96177629291117,140.1597137451172,10105100.0
2025-06-17,141.40747722396102,143.95094391033533,140.61084066954558,142.8663787841797,11330300.0
2025-06-18,143.43264599870088,144.13329654111322,141.76258719343116,142.23289489746094,9841900.0
2025-06-20,142.54962954055614,143.87414478439814,141.9545430413353,143.53822326660156,23705900.0
2025-06-23,146.0049072928268,146.03370014801172,140.4380738245535,140.95635986328125,10540600.0
2025-06-24,138.72961244133452,140.50524992352783,137.4050971887646,137.7794189453125,10778400.0
2025-06-25,137.64506183078728,138.40329815976654,136.78123216296464,137.4722900390625,7386100.0
2025-06-26,137.92337857655832,139.24790842994588,137.6354353938134,138.63363647460938,7415700.0
2025-06-27,138.73922368553343,138.8543951075547,136.83882199518493,138.009765625,9213500.0
2025-06-30,137.28990475475445,138.30730594021307,136.67563280724275,137.4338836669922,6980300.0
2025-07-01,137.5778495147867,140.3900736043508,136.78121305652516,139.7182159423828,8508200.0
2025-07-02,141.10031829380404,142.0601191479374,139.6222314224141,142.0313262939453,8228700.0
2025-07-03,141.8969616016415,142.99113404229232,141.4362612701568,142.40565490722656,5173300.0
2025-07-07,141.47463989257812,142.2136906501966,139.72780995549658,141.47463989257812,9460900.0
2025-07-08,141.3978607861923,147.0798797607422,141.3402604360986,147.0798797607422,14082100.0
2025-07-09,146.7919428130474,147.7709437705602,146.35042798267148,146.8687286376953,9495900.0
2025-07-10,146.64797372761507,149.03788325172448,145.582594138,147.97250366210938,8395100.0
2025-07-11,148.08767985355064,149.62336720808787,147.39663665394892,149.06668090820312,8333200.0
2025-07-14,148.67315545516863,148.67315545516863,145.06430929731164,145.55380249023438,10706300.0
2025-07-15,145.50580749896756,146.18725786723448,144.21007055759537,144.63238525390625,7346300.0
2025-07-16,144.69957026013907,145.3906280408409,143.2214834013815,143.89334106445312,7923400.0
2025-07-17,143.16388830690903,145.73614737555334,142.62640221169366,145.29464721679688,8359600.0
2025-07-18,148.78833322560627,149.64255540408624,140.6396186623947,144.00851440429688,45782600.0
2025-07-21,145.121895880922,145.5730034840401,143.13511559615486,143.66299438476562,17982200.0
2025-07-22,143.25987090609638,144.8723439644197,142.51122740789592,144.00851440429688,26196500.0
2025-07-23,144.8435396337418,146.98389127847494,144.42122494608554,146.96469116210938,13162800.0
2025-07-24,146.55199135474234,149.72892976482194,146.08168367480428,149.56576538085938,15701000.0
2025-07-25,149.56576288959397,149.92088450492687,147.77094005050301,148.6155548095703,7875500.0
2025-07-28,149.15305120139314,150.25683100290863,148.72114373358238,149.9976806640625,8755400.0
2025-07-29,150.38159313454437,150.89030106891332,149.20104216631216,150.717529296875,6446000.0
2025-07-30,149.86329649116604,150.02646086989793,146.56157939226756,147.3870086669922,9191700.0
2025-07-31,145.88973361418468,147.7421422809416,145.0643042723937,145.54420471191406,10237100.0
2025-08-01,146.4080151561818,148.43319553468382,144.3060635976615,145.3138427734375,10706500.0
2025-08-04,145.16988738863657,145.96652390001884,143.79737911948126,144.96832275390625,10116600.0
2025-08-05,144.95871458744557,146.9455092860527,143.874134989922,146.88790893554688,8604100.0
2025-08-06,148.27002514846382,148.9226973154007,146.10088058844607,146.63836669921875,7840900.0
2025-08-07,147.60777741522242,148.9131072555316,146.6863767311217,147.00311279296875,6510400.0
2025-08-08,147.79976108446073,149.4890055700833,147.3294533226824,148.77874755859375,6332800.0
2025-08-11,149.09547151871166,149.66175054707455,146.83994814212394,147.2814483642578,6169700.0
2025-08-12,147.89572274970428,149.7769390287028,147.19507216696402,148.23165893554688,6641600.0
2025-08-13,148.35641195148708,149.73851275724763,148.00127570794947,149.60414123535156,6581900.0
2025-08-14,149.44098497422942,149.44098497422942,147.90531244711198,148.92269897460938,7337300.0
2025-08-15,149.22982677576678,152.16681492955752,149.0474622774572,150.25682067871094,11617000.0
2025-08-18,149.85369971235085,150.19922857722455,148.52916995610198,149.07626342773438,8174300.0
2025-08-19,148.93069386593294,149.39652270489788,147.36821180198183,147.51377868652344,8567500.0
2025-08-20,147.9213779094989,148.95980436057556,147.44583474847803,148.69776916503906,8076300.0
2025-08-21,148.30959375722065,151.0754684080211,148.22223881220563,150.95901489257812,7533600.0
2025-08-22,150.73579387239266,154.10336446233828,150.73579387239266,153.51136779785156,9084300.0
2025-08-25,153.23964364531543,153.6472605577927,152.53119342698278,153.53079223632812,7030000.0
2025-08-26,152.86115832519732,155.27767243347915,151.92950058331883,152.71559143066406,10270000.0
2025-08-27,152.75441079352828,155.26797947676093,152.5700309887991,154.5401153564453,7483000.0
2025-08-28,154.3168891406319,154.81184620736653,153.1911372506656,154.6177520751953,6502000.0
2025-08-29,154.9865242976735,156.34521282057355,154.74390293377343,155.85997009277344,6934800.0
2025-09-02,155.74350385514472,157.08277854051627,154.67597872474062,157.0536651611328,8947300.0
2025-09-03,155.27768756842127,157.07309175430484,152.38564478382102,153.3949432373047,9556100.0
2025-09-04,153.39493304423942,154.93800140788977,152.85146354321287,153.03585815429688,7243000.0
2025-09-05,151.453960852263,152.09448481975784,148.95982088201168,149.1248016357422,11011700.0
2025-09-08,149.36741755489416,150.45435650848978,148.3678187368341,149.4547576904297,9462000.0
2025-09-09,150.33790510256674,152.3565166221451,150.03705698143733,150.27967834472656,7769200.0
2025-09-10,150.47376820512457,153.25905663797516,150.42524097215676,153.1328887939453,7440800.0
2025-09-11,151.8809657285187,154.2295386292258,151.40542254951527,153.57931518554688,6417400.0
2025-09-12,154.16162677660492,155.06417117874577,152.4632771606581,152.4729766845703,5546300.0
2025-09-15,152.73500957308968,153.64726829359117,151.88097761203585,152.6670684814453,5030500.0
2025-09-16,153.5793029782185,155.37470675631252,153.45313514702664,154.8312225341797,8011000.0
2025-09-17,154.501274071934,155.92788880710745,153.92869123494114,155.36500549316406,5736800.0
2025-09-18,155.3067812694083,155.5591021486961,153.42403717687648,154.1519012451172,6244200.0
2025-09-19,154.3071808711976,154.3071808711976,150.95900915360335,151.5995330810547,16734000.0
2025-09-22,151.0269279768393,152.48265602640427,150.57079866996773,151.44424438476562,5244000.0
2025-09-23,152.48265514102874,155.1126769843484,152.35650211386567,152.7738037109375,7181400.0
2025-09-24,153.64725408034988,155.753205600015,153.57931299499043,154.4818572998047,6285200.0
2025-09-25,154.73420495996353,156.25785944013072,154.64686482210865,155.97642517089844,6311000.0
2025-09-26,155.83084017064863,156.53929033166597,154.80211325783927,155.4329376220703,7015200.0
2025-09-29,154.43335228131014,154.43335228131014,150.96871216423136,151.49278259277344,8315100.0
2025-09-30,150.31847681843408,151.13368096681256,149.38680435712197,150.7066650390625,7755700.0
2025-10-01,150.26026051703155,150.51258139714622,148.6686650082668,150.01763916015625,6768400.0
2025-10-02,149.41593564138338,151.97801645260404,148.7948255904339,148.8433380126953,7562400.0
2025-10-03,149.04716452771999,149.72650141448682,147.73700318232903,149.01805114746094,7249300.0
2025-10-06,149.42563963797116,150.0855626081743,148.4066269966331,149.4741668701172,4778900.0
2025-10-07,149.11508472906,150.38643311838564,146.81503893182446,150.33790588378906,5479600.0
2025-10-08,149.80411927422963,150.11466688596124,148.3289773953185,149.20242309570312,5678000.0
2025-10-09,149.58092756035893,150.39613178658678,147.08677283892206,147.16441345214844,6178600.0
2025-10-10,146.2521563363886,146.88298077250178,144.4955800174199,144.50527954101562,7796600.0
2025-10-13,145.57282220307425,147.49437930979354,145.0196383706546,147.45556640625,5978800.0
2025-10-14,145.38841878204207,148.9306994593889,145.24285189203334,147.89227294921875,6419400.0
2025-10-15,148.38722143398735,149.65856983015502,146.58211787968344,147.62054443359375,5824900.0
2025-10-16,147.64964719226185,148.2222300204711,145.7960165364334,147.2323455810547,5276800.0
2025-10-17,147.76611495841848,149.63915964920605,147.70788819853252,148.56192016601562,7735500.0
2025-10-20,148.90158054292124,150.15351510866577,148.65895917218057,149.92059326171875,5676500.0
2025-10-21,150.1729343925963,150.7066895807714,148.68809273466928,149.25096130371094,6304900.0
2025-10-22,150.08556445341137,151.3763118405178,149.0762661311529,150.97842407226562,6036700.0
2025-10-23,153.5307892088471,153.90927792717042,151.51217777497868,151.93919372558594,9810900.0
2025-10-24,152.77382307452967,152.97763154182732,150.84255163083603,150.96871948242188,4979900.0
2025-10-27,151.20163227569935,151.88096911195774,150.29907312947347,150.6969757080078,4884400.0
2025-10-28,150.3281957789424,151.61894325165537,149.34801076963404,149.5809326171875,5066500.0
2025-10-29,149.31888585077357,151.5412909250921,149.31888585077357,150.5222930908203,7344400.0
2025-10-30,150.64845928209323,150.64845928209323,148.71720262393293,148.9889373779297,8971200.0
2025-10-31,151.13370047707494,154.4818724396216,150.5320042148969,153.06497192382812,11136100.0
2025-11-03,152.764122170213,153.0649702981067,149.03746150032381,149.4935760498047,8512200.0
2025-11-04,148.90157535342703,149.221837328655,147.6593551632031,148.86276245117188,6976800.0
2025-11-05,148.99862973535258,149.84294733691607,148.15431213378906,148.15431213378906,5894700.0
2025-11-06,148.39694252764855,150.22144521228168,148.17372019881853,148.42605590820312,6466300.0
2025-11-07,148.90157327506788,151.56070869962986,148.90157327506788,150.4446563720703,9835900.0
2025-11-10,150.83285327438753,151.37632278014294,147.87286956436233,151.05606079101562,8436800.0
2025-11-11,152.12360439071054,153.32701175967,151.29868578005087,151.628662109375,6361400.0
2025-11-12,150.9881220200856,151.19191566367317,147.59142308159247,148.79483032226562,11670900.0
2025-11-13,149.45474476443962,151.5898095851025,149.38680368149966,150.9881134033203,7998700.0
2025-11-14,151.6189517175752,153.28818803049654,150.24086402824415,152.96792602539062,8484800.0
2025-11-17,153.06496645866065,153.22994720825648,149.88177536525592,150.2505645751953,8745000.0
2025-11-18,149.65195914832074,151.39871524408073,148.92577375925504,150.75103759765625,10813400.0
2025-11-19,148.33698903429723,149.1220514915678,147.4439803019792,148.8668975830078,7539900.0
2025-11-20,149.69118690852028,150.18184900861533,147.24769923329103,147.50283813476562,7623400.0
2025-11-21,147.6304318852584,148.18977895668198,145.9719914022551,147.17901611328125,9248400.0
2025-11-24,147.022007991182,147.31639329046757,144.9808517311558,146.95330810546875,14181100.0
2025-11-25,146.11917343423175,147.10049767482113,145.50094934485776,145.75608825683594,11447900.0
2025-11-26,145.49113333806164,147.6500587475981,145.43225627667798,146.71778869628906,7578900.0
2025-11-28,146.66873116860916,148.69025675777766,146.47245433664253,148.3075408935547,3848600.0
2025-12-01,148.91595306766794,151.0748633957961,148.6706220082484,149.69119262695312,8209000.0
2025-12-02,149.18091785544516,149.61270292466523,146.47245332081732,147.4439697265625,9196300.0
2025-12-03,148.21921031019318,149.6519503247337,148.1603332501389,148.75894165039062,8060200.0
2025-12-04,148.91595762634324,150.08373590073995,148.39585696235784,149.4164276123047,7254700.0
2025-12-05,149.16128743489583,149.77952650996545,147.03181558876918,147.19863891601562,12659800.0
2025-12-08,146.46264777686605,147.26734086833338,144.90234577617605,145.9327392578125,10237200.0
2025-12-09,146.2663818332114,147.2967752860791,145.45188091232814,145.7168426513672,8916700.0
2025-12-10,146.39394208457702,148.9650217606251,145.92291064478525,148.58230590820312,10976300.0
2025-12-11,148.01312814372073,149.10239858451538,147.29676568364707,147.90518188476562,8414200.0
2025-12-12,148.32716762484304,148.71970634413898,146.83556541298168,147.1888427734375,5848100.0
2025-12-15,147.0416267538749,147.2967806503231,145.65795592317124,147.00238037109375,7503000.0
2025-12-16,145.7659022551493,146.04068683001518,143.7541994561697,144.00933837890625,11290500.0
2025-12-17,144.7453210004385,147.07105458692513,144.5981283584403,146.72760009765625,8805300.0
2025-12-18,146.07013303348702,146.4822874567055,144.3331847704926,144.93179321289062,6998800.0
2025-12-19,145.19674630731018,146.2271248169319,144.44112242294347,144.99066162109375,21701400.0
2025-12-22,146.03086394178305,147.67949652117514,145.92291767185964,147.00238037109375,8143600.0
2025-12-23,147.23787311799873,148.25845864872997,147.05143410213654,147.6990966796875,4663700.0
2025-12-24,147.57154641800446,148.17015481315417,147.29677682421308,147.68930053710938,2227600.0
2025-12-26,147.57153903220342,148.31734003890773,146.8551615799829,147.21826171875,3706900.0
2025-12-29,148.1799586085529,148.8080055162854,147.28694996626814,148.17015075683594,5589100.0
2025-12-30,148.67062960062867,149.81877722048796,148.6411910699005,149.4654998779297,5150500.0
2025-12-31,149.54399847316552,149.70101394332772,148.83744383125492,149.56362915039062,4953100.0
2026-01-02,149.328113728916,152.9884490966797,148.42529718915281,152.9884490966797,6862100.0
2026-01-05,162.65450347520422,162.65450347520422,156.3347725582447,160.7899932861328,35094900.0
2026-01-06,161.80075697762894,161.96758031342222,153.19453858874815,153.6165008544922,20564900.0
2026-01-07,154.49970076140028,155.05904782809023,152.00712864480698,152.30152893066406,13537900.0
2026-01-08,152.59592805440235,157.44367247329237,152.3113505969941,156.27589416503906,12929600.0
2026-01-09,157.56143329518417,159.66146677930763,156.95301699731752,159.08248901367188,12549600.0
2026-01-12,159.6614591063094,160.50539859528632,157.70863335101023,159.3081817626953,9796800.0
2026-01-13,160.41707711771627,163.02740322900013,160.2502537912715,160.80960083007812,12068600.0
2026-01-14,161.0353112350967,166.20687911722618,161.0353112350967,164.11666870117188,16414900.0
2026-01-15,162.67413835834304,164.20500191715828,162.01665285417604,163.05685424804688,8097400.0
2026-01-16,163.47880706871345,164.16573106514758,162.71337533356967,163.15496826171875,9745800.0
2026-01-20,163.5965767072308,164.5190089490385,162.0656982580369,162.21290588378906,11142500.0
2026-01-21,163.88115743129953,165.3335131967036,162.9587101972522,163.61619567871094,10918500.0
2026-01-22,163.15496193203217,164.43068643238604,162.63486128535106,163.54750061035156,8957400.0
2026-01-23,164.81340894256584,165.29426322774836,163.3316146783309,163.60638427734375,8368700.0
2026-01-26,165.1863118326778,165.26481956907674,163.65544840744766,164.37181091308594,8912600.0
2026-01-27,164.63677419547037,166.18726831279383,163.53768084939895,165.8928680419922,9784900.0
2026-01-28,166.78587745384527,167.23727822712036,165.05873717677235,166.7564239501953,9200200.0
2026-01-29,169.42562971609135,171.65324000810506,167.84569703786806,167.99290466308594,16786600.0
2026-01-30,169.3961858830405,173.9887911225458,168.07140714047097,173.59625244140625,22946600.0
2026-02-02,170.2008685177568,172.97801774960757,169.42561402865715,170.77984619140625,14235300.0
2026-02-03,170.6326682517492,175.48041252410187,170.505091305481,174.7149658203125,18425400.0
2026-02-04,175.53927977726886,179.17998421726975,175.53927977726886,177.8453826904297,16170500.0
2026-02-05,176.28508273099644,177.08977578087993,174.09673390749023,175.8827362060547,10474100.0
2026-02-06,176.9327758464374,178.69916259679226,176.15752125725524,177.48231506347656,9901800.0
2026-02-09,177.62950235221538,179.40571187522434,176.58930101228074,179.1898193359375,12021300.0
2026-02-10,179.31737899860084,179.5332715351048,177.48230741213712,178.8561553955078,7458200.0
2026-02-11,180.50479122311316,183.03660967308912,180.12207535124585,182.3496856689453,10502100.0
2026-02-12,182.33005712163924,182.33005712163924,178.68933739639448,178.99354553222656,9673700.0
2026-02-13,179.13093157289887,181.38798046319917,178.32625343131178,180.30853271484375,9034700.0
2026-02-17,181.63635668483803,182.13181864245064,177.11774605065898,178.91131591796875,9849000.0
2026-02-18,181.56699639220273,182.25073635678643,180.32834141876847,182.20118713378906,10313400.0
2026-02-19,183.6082862875786,186.19459832082563,183.06329022840052,183.10292053222656,10773300.0
2026-02-20,182.9146488136793,183.2119290235714,180.66526232749803,182.26063537597656,9566200.0
2026-02-23,182.99392329792755,184.93614088506752,182.37955528988812,183.23175048828125,7047200.0
2026-02-24,183.6082876936762,184.2722200303141,182.18136994052537,183.6578369140625,7451800.0
2026-02-25,184.15329604821048,184.29202479098134,180.85351760912607,182.54800415039062,9440700.0
2026-02-26,181.23998207030823,184.56948710419576,180.11032938668384,182.48855590820312,7133800.0
2026-02-27,184.31185988516037,185.84779507493005,182.1021036481782,185.06495666503906,12035500.0
2026-03-02,188.60255113468745,189.70247728852206,185.52077714477602,187.87918090820312,15809100.0
2026-03-03,188.79083381887224,189.82138806646853,185.71896354802476,187.0567169189453,14004200.0
2026-03-04,185.74869346211233,186.74953633969648,182.4786413668101,184.34158325195312,11054400.0
2026-03-05,184.90641568788223,188.24582457117629,184.79741344823438,188.17645263671875,13567200.0
2026-03-06,189.14756589052155,190.6636783041667,186.41260614802502,188.21609497070312,13073100.0
2026-03-09,189.2664657023602,189.9105601919712,186.4026962240317,187.7206268310547,15987500.0
2026-03-10,186.91798613888145,187.4629822052631,183.95511813877917,184.59921264648438,11999600.0
2026-03-11,184.89649953852626,190.1186730829567,184.79741621391776,190.04930114746094,11371700.0
2026-03-12,190.8321411033115,197.07496517587037,190.02949510203823,195.1822967529297,27151800.0
2026-03-13,194.22109598446244,195.8363068762985,192.92298801728361,195.03366088867188,13017000.0
2026-03-16,194.81565472573533,196.0443907474224,193.80490806249313,195.053466796875,12683900.0
2026-03-17,195.69757850583017,198.7595299165207,194.67692803559999,196.1732177734375,14018600.0
2026-03-18,197.41186777031933,198.90815747060483,196.70830512271795,196.80740356445312,13305000.0
2026-03-19,197.97669124789388,200.6026488131774,197.19386797269294,199.61172485351562,16918400.0
2026-03-20,199.57207166074284,203.218679552934,199.17570814042384,199.89907836914062,35849500.0
2026-03-23,196.82722247376194,203.49613620154093,195.57864866134068,203.34750366210938,15735700.0
2026-03-24,204.17988816660042,207.88593415781088,203.94206096918322,204.9131622314453,16695500.0
2026-03-25,204.13033155791385,205.35908268632753,202.76285168276794,203.2880401611328,8865000.0
2026-03-26,204.16006252348856,207.31120858276964,203.2979635157106,205.90408325195312,11085600.0
2026-03-27,206.260809756214,210.531704590903,204.378060339389,209.23358154296875,13907800.0
2026-03-30,211.32443613941473,212.76128796319327,208.38139079821107,208.79759216308594,10409000.0
2026-03-31,208.98585149511342,211.1658962447199,200.12700423202776,205.02215576171875,17403900.0
2026-04-01,200.1567349154408,202.92140609421972,193.1409915065561,195.61830139160156,23051900.0
2026-04-02,200.67200291072,203.61504824069092,196.24257166138196,197.1641387939453,11528000.0
2026-04-06,196.6983967912806,197.9568743948632,194.56791642579188,197.0551300048828,8245700.0
2026-04-07,198.15505747915498,202.76284765873612,197.4316872512857,199.71080017089844,11672600.0
2026-04-08,189.67274958834614,191.41677022982338,186.888255815409,191.13931274414062,17195400.0
2026-04-09,192.54642491117028,194.88500597246818,187.5521749960132,188.6322784423828,11634000.0
2026-04-10,187.9881900154218,189.22684495824564,184.77759096031454,186.83871459960938,11151400.0
2026-04-13,189.7123914680725,190.86186690478397,187.99809722971995,190.03939819335938,12000200.0
2026-04-14,186.88826297342086,187.45308176223003,182.9245671743689,185.32260131835938,12111000.0
2026-04-15,184.66858718595702,185.54060509695452,182.3696363734362,183.23175048828125,8661600.0
2026-04-16,183.93530062681893,186.52161276737314,183.65784312762764,186.4423370361328,8013200.0
2026-04-17,180.23915258093598,182.62728287525204,176.12682432963925,182.32009887695312,15720600.0
2026-04-20,182.825462143548,184.57940170511293,181.17062102150842,181.58680725097656,9661100.0
2026-04-21,182.30028620308295,184.67849771208802,180.68507527370613,184.2920379638672,9799000.0
2026-04-22,185.57032672627793,187.70080710609164,184.43075514613415,184.6289520263672,8708300.0
2026-04-23,185.42168448508596,186.7098886427535,183.81639252631695,185.8973388671875,6684700.0
2026-04-24,183.5488298081866,184.72803166872268,181.53725550031876,183.52902221679688,9626700.0
2026-04-27,184.50012688680462,186.66033377235166,182.00299437739048,183.10292053222656,10836600.0
2026-04-28,186.57116067068722,188.2359207743675,184.85686646559407,186.6504364013672,10754900.0
2026-04-29,188.40437540590972,190.8717663638145,187.7800884790666,190.47540283203125,8644600.0
2026-04-30,188.5232865258205,192.36807639306912,186.78916956697591,191.55551147460938,11748600.0
2026-05-01,189.56375855430028,192.32842977867818,188.0278233761793,188.89984130859375,10435900.0
2026-05-04,189.11783711932506,191.95188014941158,186.26397137705635,190.53485107421875,8229500.0
2026-05-05,189.48447612992996,191.9122367475119,188.72146046601586,190.89158630371094,5642800.0
2026-05-06,183.90556695720053,185.0847688430006,181.47780637365284,183.47947692871094,11082900.0
2026-05-07,179.93196449269195,181.7750835608895,177.90056746328784,180.84361267089844,12194000.0
2026-05-08,180.38778963912017,181.07152958551333,179.09960059726015,179.9716033935547,13053000.0
2026-05-11,181.33908036435747,183.51911000041557,181.33908036435747,183.06329345703125,12042100.0
2026-05-12,184.80730976015187,185.1937694813799,182.98401338924518,184.26229858398438,8995100.0
2026-05-13,184.12358115658526,184.32176292728963,182.29038087719482,184.31185913085938,7554700.0
2026-05-14,184.5001321696436,185.86761205543277,183.5686612399205,184.946044921875,6222400.0
2026-05-15,186.88826023031334,189.76193359432702,186.194601379421,189.36557006835938,11210800.0
2026-05-18,189.43492590782486,194.41927206673662,187.31434930216636,194.33999633789062,9869700.0
2026-05-19,194.92999267578125,198.8699951171875,193.47000122070312,197.25,11819200.0
2026-05-20,196.25,198.19000244140625,191.27000427246094,191.3300018310547,14564900.0
2026-05-21,193.7899932861328,194.16000366210938,189.0,191.00999450683594,9051200.0
2026-05-22,190.3699951171875,192.0,189.8000030517578,191.42999267578125,7209600.0
2026-05-26,190.0,190.49000549316406,183.89999389648438,184.7100067138672,14264600.0
2026-05-27,181.85000610351562,183.72000122070312,180.6699981689453,182.39999389648438,9442800.0
2026-05-28,183.7100067138672,185.25999450683594,182.08999633789062,183.02999877929688,8725400.0
2026-05-29,182.72000122070312,182.97000122070312,180.39999389648438,182.4600067138672,13886500.0
2026-06-01,184.3800048828125,187.94000244140625,184.02000427246094,185.8300018310547,8850500.0
2026-06-02,184.8800048828125,188.4499969482422,184.8800048828125,187.5500030517578,6549800.0
2026-06-03,188.88999938964844,191.47999572753906,187.9600067138672,189.7100067138672,7974200.0
2026-06-04,189.0,190.10000610351562,187.6699981689453,188.35000610351562,5163200.0
2026-06-05,189.05999755859375,189.61000061035156,186.58999633789062,187.30999755859375,6310900.0
2026-06-08,188.6999969482422,191.02999877929688,188.5,189.24000549316406,6113000.0
2026-06-09,188.5,189.3800048828125,185.47000122070312,186.75999450683594,8469900.0
2026-06-10,189.19000244140625,192.69000244140625,188.22999572753906,189.8000030517578,10041800.0
2026-06-11,191.80999755859375,192.25,185.5500030517578,185.82000732421875,9274100.0
2026-06-12,185.0800018310547,188.39999389648438,184.36000061035156,187.22000122070312,8703400.0
2026-06-15,178.89999389648438,181.6699981689453,177.75999450683594,180.39999389648438,10184900.0
2026-06-16,178.6199951171875,180.25,178.3300018310547,180.11000061035156,6663500.0
2026-06-17,179.00999450683594,180.0800018310547,177.10000610351562,177.5800018310547,8430000.0
2026-06-18,175.63999938964844,175.63999938964844,172.22999572753906,173.6300048828125,19140400.0
