date,open,high,low,close,volume
2016-06-06,103.50684860175663,103.5463997302467,101.64748678894955,102.2171630859375,8051700.0
2016-06-07,102.3675104113547,103.49103546822325,102.320039392092,102.79476165771484,4434000.0
2016-06-08,102.8659624485753,103.08750190810728,102.26464278313068,102.53365325927734,3742400.0
2016-06-09,102.28046371201317,102.73145041300717,102.0984753963718,102.30419921875,3450500.0
2016-06-10,101.63166141993963,102.2488087436364,101.44177736526021,101.93232727050781,3926000.0
2016-06-13,102.01936326846504,102.42287896470106,101.10946392608491,101.14111328125,4830900.0
2016-06-14,100.7296742558313,100.83253616572445,98.67251453242984,99.09185791015625,7303500.0
2016-06-15,99.48748753046429,101.07783321093018,99.28968355157794,100.112548828125,5140000.0
2016-06-16,99.73276570388907,100.91167569396345,99.42419198861121,100.76925659179688,4431800.0
2016-06-17,100.8958518331319,101.10156966330747,100.27079656615344,100.5951919555664,7541900.0
2016-06-20,101.37848206640817,101.948158395599,100.81671354876356,100.97496032714844,3880300.0
2016-06-21,101.24396894749245,101.52089325898915,100.71385583169916,101.06990051269531,3600900.0
2016-06-22,101.03035716011966,102.0431125157805,100.80090383164993,100.95914459228516,3723700.0
2016-06-23,102.05099139061062,102.14594547846343,100.84043240917367,101.50505065917969,4784500.0
2016-06-24,99.77232215033892,101.11739278023136,99.29759382540554,100.00968933105469,8979800.0
2016-06-27,99.170966919894,99.4953682347183,97.81008106916951,98.64085388183594,5656900.0
2016-06-28,99.60615416101429,100.90374755859375,99.37670086020485,100.90374755859375,5385000.0
2016-06-29,101.19648873883716,101.64748144415584,100.40527304273444,100.77714538574219,5782100.0
2016-06-30,100.69803450014926,101.164854971745,99.77231344185468,101.03034973144531,6642000.0
2016-07-01,101.50506984112933,103.04003042739812,101.3705646036618,102.55738830566406,5645200.0
2016-07-05,102.54154626998972,103.23780778618776,101.67120428350228,102.34374237060547,4096600.0
2016-07-06,102.22509837899206,104.13193171701106,102.09059311618121,104.10028839111328,4933200.0
2016-07-07,103.84705490022804,104.5828796656274,103.30111416564515,103.77584838867188,3973600.0
2016-07-08,104.70156914285549,106.3077359577084,104.63827044165528,106.29190826416016,4806200.0
2016-07-11,106.67963276185085,107.51041180538081,106.37896688040303,106.93281555175781,4577000.0
2016-07-12,107.00403937042856,107.59745127717295,106.26029451562952,106.68754577636719,3615800.0
2016-07-13,106.68752166666468,106.9723598004529,105.31081408084948,105.67476654052734,4235500.0
2016-07-14,106.33939506961374,106.64796873818604,105.88840835692864,106.45016479492188,3122300.0
2016-07-15,106.90906324021861,107.28093559103947,106.53719088939776,106.64005279541016,5323000.0
2016-07-18,107.17808227711987,107.9851135853347,106.6637848367548,107.87434387207031,3730900.0
2016-07-19,107.66074009949894,108.4361282059301,107.25721231328865,108.3807373046875,3831500.0
2016-07-20,108.71305789762617,108.75262110652196,108.21460009912757,108.72097778320312,3092000.0
2016-07-21,108.20666482632713,108.50733068358413,107.18600179073592,107.66073608398438,4938100.0
2016-07-22,107.92975044683016,108.111726700849,107.57370575053415,108.01678466796875,2627200.0
2016-07-25,108.04052450999637,108.27789167471353,107.72403093270835,108.00096130371094,3352600.0
2016-07-26,108.00093418937278,108.80005763453335,107.65279737825571,108.19873809814453,2575600.0
2016-07-27,108.40448806865547,108.94252116832135,107.5737210170632,107.85063934326172,3030800.0
2016-07-28,107.75571035820067,109.28275146281045,107.68450381480397,109.15616607666016,3230000.0
2016-07-29,108.76052296519131,109.75745046994547,108.74469526965717,109.37767028808594,3662600.0
2016-08-01,109.23524383795731,109.93151755701065,109.06909529236133,109.79701232910156,3157800.0
2016-08-02,109.90780501364479,109.97901154806318,108.25416665839096,108.57064819335938,3898100.0
2016-08-03,108.4994063936938,108.57061290496814,107.36796173158835,108.44401550292969,3642600.0
2016-08-04,107.4391964984568,108.55481376045708,107.17810588845292,107.6449203491211,3802900.0
2016-08-05,108.39655441818331,108.98205840146443,108.0800729571088,108.32534790039062,3022100.0
2016-08-08,108.3253558974485,108.71304390493655,107.73194405938008,107.7715072631836,3182800.0
2016-08-09,107.81897259941054,108.46776323023438,107.08313568100711,107.69237518310547,3180400.0
2016-08-10,107.84269742720284,108.30951177148523,106.86158565747982,107.28884887695312,3438000.0
2016-08-11,107.85060048042145,108.79214901081198,106.94861514608786,108.42818450927734,4183300.0
2016-08-12,107.6053822842083,108.70517210551667,107.31263621047117,108.05638122558594,4090000.0
2016-08-15,108.4835787001908,109.16402464490653,108.34115360464935,108.44401550292969,6327400.0
2016-08-16,108.91083254602216,109.70204821892604,107.33632108365899,107.78730773925781,7286100.0
2016-08-17,107.20974408493548,107.97722439957502,106.61633221730669,107.72402954101562,5222200.0
2016-08-18,107.62908346438897,107.72402549628626,106.37105324977026,106.65589141845703,4430800.0
2016-08-19,106.35522936998281,107.41545567419816,106.27611503156103,107.1781005859375,3959000.0
2016-08-22,107.28889191167661,107.48669590703517,106.82998519368505,107.08316802978516,2752500.0
2016-08-23,107.54996721196042,108.04052926007591,107.54996721196042,107.77942657470703,2961100.0
2016-08-24,107.42340198484666,107.80318229248341,106.66382929657486,106.86163330078125,4113000.0
2016-08-25,106.60046368410175,107.73190815624005,106.31562561383534,107.15431213378906,3168900.0
2016-08-26,107.15437989844924,107.7477919140301,105.95964805335917,106.30778503417969,4193400.0
2016-08-29,106.70335484729543,107.0514917034912,106.4818154066243,107.00402069091797,3227700.0
2016-08-30,107.20286054255226,107.40167889959152,106.27239208779764,106.64617156982422,3440600.0
2016-08-31,106.4791236507506,107.10738411218055,106.24849977209809,106.66203308105469,4650600.0
2016-09-01,106.9483529374199,107.40961292033708,106.2962351235769,106.7495346069336,3851800.0
2016-09-02,107.17899790675533,108.06175185289939,107.0040367905892,107.48119354248047,3402600.0
2016-09-06,107.33010720343566,107.9345106402676,106.47121044483691,106.64617156982422,4220400.0
2016-09-07,106.00993676213143,106.46323624771101,105.10332565606436,105.60433959960938,4676000.0
2016-09-08,104.61820930413184,105.72363875077077,104.27623546104789,104.3875732421875,5019600.0
2016-09-09,103.89448927001817,104.09330756792734,101.580247437431,101.58819580078125,6315000.0
2016-09-12,100.60207989558664,102.47097714286724,100.20444321615744,102.26419830322266,7882600.0
2016-09-13,101.5882229837452,101.79499576778579,99.7511433610839,99.98177337646484,6376300.0
2016-09-14,99.89429542536037,100.95995890275641,99.8624837602576,100.41122436523438,4313900.0
2016-09-15,100.18056908486277,101.5086739139046,99.97379634755674,100.96788787841797,5100700.0
2016-09-16,101.01559606930182,101.01559606930182,99.96583572047533,100.29190063476562,6941200.0
2016-09-19,100.74522232610099,101.29396284707953,100.33963124244492,100.43506622314453,4525400.0
2016-09-20,100.88837444085866,101.26215387420108,100.46688054962704,100.86451721191406,3627100.0
2016-09-21,101.413239557968,102.26418167085004,100.64182962199996,101.88245391845703,5367400.0
2016-09-22,102.44710866958627,103.10717480627875,102.3675764884655,102.39143371582031,4099700.0
2016-09-23,102.29600050961534,102.74929994522364,101.62796783447266,101.62796783447266,4464700.0
2016-09-26,101.07923091119325,101.18262031895995,99.6875026954718,99.76702880859375,5338500.0
2016-09-27,100.04539122440515,100.99176239797136,99.69546900403708,100.8565673828125,4433600.0
2016-09-28,101.16671837363194,102.21647891400335,101.04742616206507,102.00971221923828,5751100.0
2016-09-29,102.19263207312052,103.97404886070562,101.72342367870384,101.73932647705078,5987500.0
2016-09-30,101.69159866245313,102.7811252635277,101.50072870262375,102.33576202392578,6044600.0
2016-10-03,101.95402729452736,102.44710495677353,101.771117846467,102.19261169433594,3652700.0
2016-10-04,102.21649748577232,103.32192711672717,101.75523741988259,101.95405578613281,4848600.0
2016-10-05,102.04946694839185,102.61410414752767,101.41323986839846,101.4609603881836,4115400.0
2016-10-06,100.89632171555634,103.7433954042992,100.54639953598146,103.53662872314453,7472400.0
2016-10-07,103.25032258645464,103.71158250567623,101.69953618233788,102.04150390625,5511900.0
2016-10-10,102.15286538298086,102.54255371594579,101.19853973388672,101.19853973388672,4349700.0
2016-10-11,100.88040196652112,101.06331746813892,99.77497272846276,100.08512878417969,5113900.0
2016-10-12,100.08514869637044,101.12696089837682,99.97381091408793,100.75318145751953,3545900.0
2016-10-13,100.40325456291133,100.72931952971128,99.54435793897633,100.43506622314453,3655700.0
2016-10-14,100.92020133030364,101.44507864864788,100.53846740722656,100.53846740722656,4462100.0
2016-10-17,100.34758514242289,100.84065677224301,99.31372742641267,99.52050018310547,3753000.0
2016-10-18,100.3237456868974,100.40327181742022,99.5284722467594,99.9976806640625,3563300.0
2016-10-19,100.01359051300346,100.27602613956105,99.01949870306673,100.11697387695312,4094800.0
2016-10-20,100.16465201432365,101.06331456774883,99.86245039798975,100.40323638916016,3543200.0
2016-10-21,99.65569160142196,100.84065314323152,99.60797714676913,100.68159484863281,3234100.0
2016-10-24,101.18262134503802,101.90631686947624,101.18262134503802,101.6200180053711,3824800.0
2016-10-25,100.41917892711113,100.41917892711113,98.04926737154443,98.08902740478516,8731900.0
2016-10-26,97.68342479121861,98.41507480021102,97.34145701588133,97.5879898071289,5456100.0
2016-10-27,97.58799602233012,98.18445105910641,96.90406042809695,97.2301254272461,4261600.0
2016-10-28,97.58001716570871,98.68544640511965,97.19033500477141,98.27986145019531,4497700.0
2016-10-31,98.09695135901471,98.21624355658217,96.72113207376918,97.03128814697266,5671500.0
2016-11-01,96.77682385933618,97.22217503036421,94.79658868646938,95.34532928466797,7492600.0
2016-11-02,95.37712277049431,96.45869489466156,95.28964222607979,95.66342163085938,4846000.0
2016-11-03,95.70320648148973,96.17242098393534,95.49643974782698,95.57596588134766,5113500.0
2016-11-04,95.86223323992748,96.94380528842387,95.48049943033043,96.15648651123047,4607600.0
2016-11-07,97.42097041582821,98.5979774627764,97.26986656094516,98.4150619506836,5510400.0
2016-11-08,98.57411396939501,99.74316658280692,98.29576955369056,98.81269836425781,6105900.0
2016-11-09,96.18831623834268,100.41122215927481,95.68729617575444,100.22035217285156,8052500.0
2016-11-10,100.77704096672461,103.465068801807,100.61003428952283,102.61412048339844,8737000.0
2016-11-11,102.63796269468936,103.4889108885815,102.36757270472438,103.2662353515625,5496100.0
2016-11-14,103.78314863509311,103.89448639344336,100.95197809283945,101.53252410888672,11438500.0
2016-11-15,101.05537745004418,101.53254021401187,97.75499205913248,98.93199920654297,13445400.0
2016-11-16,98.29581253602534,99.96588582798712,98.0413252350355,99.67163848876953,9793400.0
2016-11-17,100.10104822977962,102.70158914132493,99.96584716322192,102.53457641601562,6801200.0
2016-11-18,102.53458316294792,102.87655700016671,101.57230924279692,102.05742645263672,4428900.0
2016-11-21,102.01765464041225,102.51072018723065,101.32577077505005,101.96994018554688,4072100.0
2016-11-22,102.0972207034882,104.419417978529,102.0972207034882,104.16492462158203,5535800.0
2016-11-23,104.4671026099625,104.9681286790227,104.06946595449443,104.34781646728516,3582700.0
2016-11-25,104.86476398983571,105.08743959860637,104.23650326542791,104.63414001464844,2545800.0
2016-11-28,104.37962558325681,104.69773006440445,103.52072892226848,103.8945083618164,4859000.0
2016-11-29,104.21431718179156,104.55809463481391,103.33486662861976,103.63067626953125,4127100.0
2016-11-30,103.40682039494688,104.19033533941591,102.98308844711909,103.45478820800781,6973800.0
2016-12-01,103.40682667484465,104.21432557488357,103.1350009180966,103.5107650756836,5398700.0
2016-12-02,103.16693762008597,104.43014250868664,103.06301145664338,103.83052062988281,3738300.0
2016-12-05,104.1903391251649,104.3022680928214,103.58271427273604,103.67864990234375,4065400.0
2016-12-06,104.03841531327122,104.0464058812727,102.87913638801272,102.92711639404297,4292600.0
2016-12-07,102.93511701668227,106.38094305967614,102.93511701668227,105.90125274658203,6987300.0
2016-12-08,105.70136673194425,106.43690155465148,105.19768037100789,105.95719909667969,4975400.0
2016-12-09,105.94121497755347,106.65276595919488,104.81393484213464,106.644775390625,5174600.0
2016-12-12,106.43690180777463,107.66012965923744,106.43690180777463,107.5961685180664,6276500.0
2016-12-13,107.57218827212539,109.4430059674533,107.57218827212539,109.16317749023438,6886300.0
2016-12-14,108.77143993948258,109.43502312427589,108.53158868484114,108.71546936035156,7036300.0
2016-12-15,109.13922239401667,109.78682456657349,108.54760301075744,108.60356140136719,5839800.0
2016-12-16,108.819393404783,109.21914137670574,107.97192965620117,108.0198974609375,9429300.0
2016-12-19,107.97991719928258,109.1311932780664,107.7640498846757,108.28372955322266,3463600.0
2016-12-20,108.45162696266648,109.72283486762967,108.27573686762355,109.618896484375,4301500.0
2016-12-21,109.47496943228305,109.72282341257909,109.17915984847549,109.39502716064453,2704700.0
2016-12-22,108.93130347561952,109.53092532961375,108.0758371082389,108.27571105957031,4094800.0
2016-12-23,108.45162171222562,108.72345960916658,107.76405470107407,107.97193145751953,2337300.0
2016-12-27,107.7400683148024,108.50758978371634,107.70010327733658,108.13981628417969,2254900.0
2016-12-28,108.38767829682308,108.61952676851662,107.66013401085311,107.98793029785156,3369400.0
2016-12-29,107.94795596877684,108.61153912888321,107.63615300914527,108.01191711425781,2777900.0
2016-12-30,108.44363049606237,108.58754611115188,106.99654477410611,107.19641876220703,4149100.0
2017-01-03,108.01192642949636,108.33971055426132,106.80467952835603,107.38031768798828,5299700.0
2017-01-04,107.40429250348525,108.68349101646663,107.30036631633607,108.33171081542969,4055300.0
2017-01-05,107.91595491367224,108.29972173541088,106.95656225800461,107.05249786376953,3821100.0
2017-01-06,107.10849410509276,107.3963131907114,106.37295915281013,106.7567138671875,3827500.0
2017-01-09,106.50886987941858,107.74008848792289,106.44490872842142,107.38031768798828,4310200.0
2017-01-10,107.13247756307844,109.03528218776447,106.9485968756144,108.8114242553711,5928300.0
2017-01-11,108.81140574230189,109.0432542044977,107.72409074166781,108.4916000366211,4643700.0
2017-01-12,108.33969828950023,108.35569162527452,107.08449591638686,107.98793029785156,3600000.0
2017-01-13,107.86799261199867,108.53157571750718,107.74007033156182,107.96392822265625,3117600.0
2017-01-17,108.00390241984064,109.11520127625434,107.7400672986193,108.67547607421875,3976900.0
2017-01-18,108.6514982387003,108.96330118130939,107.86799559817959,108.859375,3869700.0
2017-01-19,108.7314598499096,109.35506577604266,107.87599324393607,108.24376678466797,5078700.0
2017-01-20,108.13982894760946,108.73146040333164,107.61217083773975,108.41166687011719,4853900.0
2017-01-23,108.17980438350303,110.54631796755172,107.93196256949727,110.38642120361328,7056200.0
2017-01-24,110.23450692216883,110.63425490236312,109.77079780122261,110.37841033935547,4055100.0
2017-01-25,110.69020007539076,111.42573480731004,109.87471087723164,109.91468811035156,3631700.0
2017-01-26,110.33842874248825,111.27383751526824,110.09858972331881,110.69821166992188,2931200.0
2017-01-27,110.97003284603535,110.99401674697715,110.09058248037181,110.59426879882812,3149500.0
2017-01-30,110.32242221612488,110.72217008852274,109.41898812071788,110.7061767578125,2705000.0
2017-01-31,110.03465955957336,110.82615294431535,109.41105353550984,109.99468231201172,3227000.0
2017-02-01,110.05861866682048,110.29846989879734,109.15518431275517,109.88272857666016,2968800.0
2017-02-02,109.90673873590816,109.97069989300458,109.17919429819769,109.49099731445312,2197600.0
2017-02-03,109.73880744750129,110.70620289480797,109.5069589944809,110.31444549560547,2654700.0
2017-02-06,109.87474608699104,110.25051023992351,109.09124330398706,109.12322998046875,3864100.0
2017-02-07,109.6588722811125,110.09059474550212,108.995289149335,109.2511215209961,3242000.0
2017-02-08,109.44302204695948,110.25851149525133,109.38706366289865,110.23452758789062,2882700.0
2017-02-09,110.23451104140598,111.24986216551613,109.8587469500346,110.8980941772461,2931900.0
2017-02-10,110.81011669386676,112.38512430959612,110.53028829944977,111.80948638916016,3297000.0
2017-02-13,112.3131782060001,112.44909104216278,111.16990494921704,111.82548522949219,2753000.0
2017-02-14,111.88946942479652,113.02475234849842,111.40177634777358,113.01676177978516,4775800.0
2017-02-15,112.94480873667834,114.05610774184547,112.6889641487606,113.68034362792969,4343500.0
2017-02-16,113.84022092726462,114.3199233479031,112.64896764226063,113.16064453125,4295800.0
2017-02-17,113.01671598987879,114.42382407182555,112.72889704137415,114.32788848876953,5108400.0
2017-02-21,116.40663368808139,116.4465987324568,114.52781302744067,115.94292449951172,9275900.0
2017-02-22,115.9668885301975,116.30267536105738,115.10343145112637,116.12678527832031,5037800.0
2017-02-23,116.81435014578175,116.99024022531331,115.53515178543199,115.69506072998047,4184000.0
2017-02-24,115.64706958326133,116.79035499004964,115.64706958326133,116.68641662597656,3516900.0
2017-02-27,116.62248496952924,116.73441392861298,115.76703053924808,116.16677856445312,4388400.0
2017-02-28,115.91091595173752,116.4305956233134,115.50317742118327,115.8549575805664,4211900.0
2017-03-01,117.30203671571962,118.0855392638154,116.63845367011949,117.27005004882812,6213500.0
2017-03-02,117.58991121377727,118.50932703170277,117.03825684328406,118.28546905517578,4053400.0
2017-03-03,118.28541373816522,118.5332555106048,117.38199168372473,118.1734848022461,3412300.0
2017-03-06,117.6298065185547,117.93360658971311,117.19008144266405,117.62980651855469,3998000.0
2017-03-07,117.70226156673017,118.20096194628427,117.30008067390607,117.45291137695312,3996300.0
2017-03-08,117.61378330152827,118.33770401162347,117.37247230696754,118.17683410644531,3614500.0
2017-03-09,118.3055358176995,118.36988623496556,117.86313436998725,117.9355239868164,3594000.0
2017-03-10,118.43422212009854,118.61118267747,117.79876949855951,118.12052154541016,3123200.0
2017-03-13,118.50663020193466,118.78011027920107,117.83900840842841,118.5870590209961,2933300.0
2017-03-14,118.45829988087749,118.71568913154964,117.80676914878653,118.36981964111328,3272500.0
2017-03-15,118.52273839908013,119.35123022679144,118.04815552002302,119.0053482055664,3670500.0
2017-03-16,119.36728770650315,120.00274040967552,119.05358709151527,119.63272857666016,3544500.0
2017-03-17,120.17163736663015,120.64622011452118,119.1501068080926,120.33251953125,9002000.0
2017-03-20,120.15556716319973,120.32447626454922,118.80423298446992,118.88467407226562,5906100.0
2017-03-21,119.31100130443336,119.60861127790099,117.64596629121095,117.92749786376953,4530000.0
2017-03-22,118.02394905571268,118.98918031592027,117.48502837104328,118.53070068359375,3169000.0
2017-03-23,118.466396237609,119.37532893252505,118.2653058023505,119.0374984741211,3219400.0
2017-03-24,118.92488890090873,120.77491109543436,118.24921570722171,118.8122787475586,4735400.0
2017-03-27,118.29747883546216,118.78812768038489,117.64593556117948,118.1365966796875,2943000.0
2017-03-28,118.4744281808178,118.52270019213587,117.38854726107593,118.40203857421875,4635600.0
2017-03-29,117.73444023855396,118.57902263707426,117.40466120747202,118.27336120605469,3730000.0
2017-03-30,118.01595848364045,118.54684019123657,117.78268669988469,118.20095825195312,2450800.0
2017-03-31,118.13658495736642,118.38593509105552,117.95962442244176,118.10441589355469,3248700.0
2017-04-03,118.19292565588066,118.40205530680502,117.50921321181745,117.9355239868164,3775300.0
2017-04-04,117.83895926902119,118.16069895827498,117.47699905021508,117.71025848388672,3124200.0
2017-04-05,117.94355992258971,119.39945263487841,117.90333938289851,117.95159912109375,3390400.0
2017-04-06,118.27334482291299,119.01336842430416,118.24117575369803,118.4342269897461,2699100.0
2017-04-07,118.32156563573946,118.88461615524774,118.16068353852498,118.34569549560547,2869100.0
2017-04-10,118.2089798164508,119.84987199234517,118.04005848910506,119.21443176269531,5044500.0
2017-04-11,118.97312329550024,119.56834300486406,118.32159238466492,119.20638275146484,2844800.0
2017-04-12,118.57900466390215,118.69966628745212,117.73442239339627,117.87116241455078,4445600.0
2017-04-13,117.77459979602045,118.2491700968342,117.33219855221887,117.3643798828125,2346900.0
2017-04-17,117.35636375248684,118.49051666259766,117.24375360866213,118.49051666259766,3467700.0
2017-04-18,118.28940452342225,119.1902855086029,118.05614508032473,118.85245513916016,2969400.0
2017-04-19,118.98923422627522,119.3672852511235,118.25727432208465,118.41814422607422,3461000.0
2017-04-20,118.77204293041794,119.89010512116772,118.59508238739987,119.62466430664062,3700500.0
2017-04-21,119.4396467316205,120.77487752922656,119.36724486677132,120.65422821044922,5019900.0
2017-04-24,121.5229836684988,122.31125480531082,121.33798388889323,122.17451477050781,5077200.0
2017-04-25,122.89839473407388,124.3945076947474,122.89839473407388,123.09144592285156,5496500.0
2017-04-26,123.15578801740277,124.52320009338307,122.5846859600885,124.04862976074219,5120200.0
2017-04-27,124.42669600559336,125.69758878740315,123.7832042805071,125.5769271850586,5881400.0
2017-04-28,125.48844255306568,125.68149374594948,123.95212130143857,125.56084442138672,4983000.0
2017-05-01,125.65735052410807,125.69757105254816,124.04058837890625,124.04058837890625,3152900.0
2017-05-02,124.26582665206774,124.8047474453811,123.67863385346843,124.63582611083984,3295100.0
2017-05-03,124.80474144348635,124.98974116397571,124.34624946719757,124.67604064941406,2445500.0
2017-05-04,125.04609858185978,125.19087782351504,124.08085454314022,124.5634765625,3793100.0
2017-05-05,124.94954405553614,125.27933529957758,123.94409192632604,125.26324462890625,2500600.0
2017-05-08,125.35978872655954,126.41350069798254,125.07021799388258,126.19631958007812,3184600.0
2017-05-09,126.31696555566528,126.88002860727278,125.71369423487418,126.83175659179688,3004400.0
2017-05-10,126.70301883492354,127.20975820156538,126.52605833432426,127.19367980957031,2617600.0
2017-05-11,126.56635045771296,126.8478697598572,124.94153597562025,125.64132690429688,3929100.0
2017-05-12,125.79409496390758,126.4456258175679,125.27930409292809,126.22040557861328,2926400.0
2017-05-15,126.51002664648134,126.96046730396807,126.01132624334778,126.55024719238281,6068900.0
2017-05-16,128.7863528698674,129.38962414764012,127.1293697240253,127.29827880859375,10120900.0
2017-05-17,127.2982508212019,127.2982508212019,125.39191793010777,125.55278778076172,5937000.0
2017-05-18,125.06214468145444,126.01933699936028,124.8691057424379,125.23910522460938,4858600.0
2017-05-19,125.51257596787084,126.0756388946446,124.93344692000662,125.72171783447266,4781800.0
2017-05-22,125.87456816986729,126.28478822267304,125.31955662728056,125.44825744628906,3802100.0
2017-05-23,125.4080570450303,125.8263163635964,124.41868314780591,124.53934478759766,4640900.0
2017-05-24,124.43472972892435,125.02191022570214,123.30057699413099,124.67604064941406,4558700.0
2017-05-25,125.64130669198326,126.03544837988471,124.95760654797458,125.85044860839844,3110800.0
2017-05-26,125.56087841259075,125.81826779919825,124.38650481673145,124.59563446044922,4284700.0
2017-05-30,124.58755577767465,125.04059945992569,124.19923438496154,124.490478515625,3504300.0
2017-05-31,124.87877207523658,124.89495573014266,124.00503987798449,124.19110870361328,7158400.0
2017-06-01,124.19922818209581,125.52600419007422,123.56820132125935,125.51790618896484,3385100.0
2017-06-02,125.22663920797842,126.09228574168003,124.92730948991904,125.67969512939453,3485600.0
2017-06-05,125.82531823846477,125.898126172267,124.77360282033172,125.22664642333984,2651800.0
2017-06-06,124.94350308158215,125.1214862644515,124.30437828550238,124.74933624267578,3260300.0
2017-06-07,125.14576061783829,125.639257218491,124.87070017669105,125.36419677734375,3159000.0
2017-06-08,125.36418915098436,125.58261295268919,124.08595192960254,124.18302917480469,4041600.0
2017-06-09,124.58754265971575,124.58754265971575,123.60054945108422,123.74617767333984,4705300.0
2017-06-12,123.61669914244969,124.02120403994167,122.75105273645215,123.11510467529297,4473900.0
2017-06-13,123.22030176930095,124.61988550657307,123.0180492846571,124.5794448852539,3753800.0
2017-06-14,124.99203084502604,127.2410774027672,124.55517092608481,126.82038879394531,5999400.0
2017-06-15,126.31074054181617,127.23301148667261,125.33183296922081,126.82850646972656,3972300.0
2017-06-16,126.40778378459468,126.76375007885373,125.72821850165114,126.72329711914062,9105400.0
2017-06-19,126.94173755294834,128.65683447155567,126.52104897771068,128.47885131835938,5196100.0
2017-06-20,128.41410500036378,128.81052419360773,127.4999324423443,127.55655670166016,4201200.0
2017-06-21,127.75079113046144,128.25237345508228,126.55344726369943,126.68289184570312,4071300.0
2017-06-22,126.56151365715414,127.07119385618132,125.77677304845047,125.78485870361328,3347400.0
2017-06-23,125.52600190865601,125.58262619282303,122.08770920744189,122.41130828857422,11422200.0
2017-06-26,122.70254241236653,122.94524787571828,122.26568245394351,122.50028991699219,4128500.0
2017-06-27,122.20905042644823,123.9807843276887,121.95825929787321,123.16368865966797,4567100.0
2017-06-28,123.57625544695367,124.14255987699009,123.26074209703975,123.9645767211914,5087000.0
2017-06-29,123.59248809538884,123.77855697948186,122.58122537496824,123.09899139404297,2855400.0
2017-06-30,123.38208592511361,124.58751502752054,123.18793146451846,124.10210418701172,3640900.0
2017-07-03,124.90307752885622,125.22667665354801,124.3529565479771,124.59564971923828,1658500.0
2017-07-05,124.59561957788009,124.82214137926874,122.53265405412722,123.5277328491211,4432500.0
2017-07-06,122.78344980869986,123.35783998946768,122.33849184468147,123.00997161865234,3408500.0
2017-07-07,123.00188761054407,123.6733674609003,122.88862669268363,123.15560150146484,3775400.0
2017-07-10,123.14747606561097,123.17983102689944,122.16048309542487,122.30609893798828,5081100.0
2017-07-11,122.5245114662427,122.81575543982925,121.75595475232231,121.83686065673828,5642000.0
2017-07-12,122.53265785998208,123.89178871052847,122.23331577101843,123.44683074951172,4275900.0
2017-07-13,123.63289165525619,124.69269258751673,123.45490850004335,124.01311492919922,3288000.0
2017-07-14,123.95650267473103,124.32055467495296,122.82389370859349,123.68144226074219,3588400.0
2017-07-17,123.69761847777818,124.9920393571458,123.55200260971831,124.49854278564453,4166600.0
2017-07-18,124.38530071055601,124.47429231378803,122.95334940200952,123.10706329345703,3783600.0
2017-07-19,123.4144675269231,124.58752945876887,123.4144675269231,124.02122497558594,2808400.0
2017-07-20,123.42255444856576,123.43065244845197,117.79993783550285,118.94873046875,18264100.0
2017-07-21,118.94871644847554,119.2965971007537,118.22061252623466,118.64128875732422,9120200.0
2017-07-24,118.60895648624295,118.67367876752581,116.69969239419346,116.96666717529297,7295900.0
2017-07-25,117.90509079109829,119.24803765557354,117.53294085752654,118.9001693725586,5002400.0
2017-07-26,118.81119811366324,119.12671149072406,118.08309411875724,118.67366790771484,2836000.0
2017-07-27,118.26106963389151,119.62021278131503,118.02646217785764,119.5150375366211,5399000.0
2017-07-28,119.6525361946174,119.95187819415058,119.18332140628566,119.79816436767578,3421100.0
2017-07-31,119.73348730838032,121.33532374969076,119.36133725407906,121.02790832519531,5253300.0
2017-08-01,121.54567700681925,121.66702357916023,120.50204710663101,121.23016357421875,4110600.0
2017-08-02,121.30294550908575,122.04723313039376,121.28676185473888,121.75598907470703,3754200.0
2017-08-03,121.9177621563482,122.99374656371168,121.75596268148716,121.99057006835938,5146600.0
2017-08-04,122.16858174400969,123.57626342773438,121.99869657628263,123.57626342773438,3258600.0
2017-08-07,123.64095699692291,124.96773244402823,123.34971300392377,124.0616455078125,3833600.0
2017-08-08,124.03737620377163,124.7492963631517,123.84320942693597,124.0616455078125,3218900.0
2017-08-09,124.06169563891666,125.85769893072599,124.03742632506899,125.60689544677734,3844900.0
2017-08-10,125.55027977471536,126.1893923240664,124.490478515625,124.490478515625,4433700.0
2017-08-11,124.67652026488682,125.9790267403134,124.57134502419956,125.2994613647461,3650500.0
2017-08-14,126.23789578550786,126.24599378476559,124.23155474685183,124.79785919189453,6662500.0
2017-08-15,124.81406048919348,125.23474914119707,119.94381688436289,121.48902893066406,13528700.0
2017-08-16,122.52455015292342,123.73806503527892,122.2899427072532,123.17176055908203,6043900.0
2017-08-17,122.81576054940645,123.0908208846517,121.0359416787787,121.08448028564453,4460900.0
2017-08-18,121.03595867048502,121.03595867048502,118.89208760288655,119.32086181640625,6989100.0
2017-08-21,119.00535609910357,121.25440253661687,118.8354585958405,120.70426940917969,4222500.0
2017-08-22,120.77706915855765,121.82069872686061,120.77706915855765,121.2786636352539,3268100.0
2017-08-23,120.20269395852331,120.93079794001781,119.27232515493415,120.62338256835938,5235400.0
2017-08-24,121.13306900441196,121.83691612866818,119.71730144409318,119.93573760986328,3736000.0
2017-08-25,120.1460504767089,121.78025385869803,120.05705889787505,121.06832122802734,3048000.0
2017-08-28,122.92092517268362,123.28497703732766,121.69931273074629,122.47596740722656,6845400.0
2017-08-29,122.12608539042948,122.80152355961962,121.2797325806405,121.93890380859375,5368700.0
2017-08-30,122.0691146850586,122.27256320953369,121.4831819411693,122.0691146850586,3641000.0
2017-08-31,122.5655376428477,122.82594531419686,121.94705855806936,121.96332550048828,6083300.0
2017-09-01,122.28069627425725,122.83408271609885,121.87379922665788,122.70387268066406,3383000.0
2017-09-05,123.46071195126056,125.25919001055398,123.45256606281657,124.45352935791016,7488800.0
2017-09-06,126.02417557668838,127.79010757440514,125.44637620682937,127.40762329101562,8126000.0
2017-09-07,128.7177912201141,129.62110302685016,127.59475156376368,128.52247619628906,8273100.0
2017-09-08,129.4664599167429,130.7685350367108,128.18881003625106,129.93032836914062,10088600.0
2017-09-11,128.92126164708324,129.18168172315592,127.13091708537807,128.8805694580078,8847900.0
2017-09-12,129.4421047947565,130.96389599078302,129.1572842723394,130.1338348388672,5794600.0
2017-09-13,130.5244121681895,131.33007265531623,129.84082822502702,130.2233123779297,4713700.0
2017-09-14,130.49188060988814,130.89877763403186,129.66180720373174,129.70249938964844,5290800.0
2017-09-15,130.1907797190075,130.1989256074081,128.81546567069097,128.9049835205078,9124200.0
2017-09-18,129.39328284521838,129.39328284521838,128.3272143884532,128.42486572265625,4010600.0
2017-09-19,128.4167566451188,128.83993320291097,127.89592873457337,128.30282592773438,3713400.0
2017-09-20,128.22952832701404,129.71062697054433,128.05862612092804,129.13282775878906,4599200.0
2017-09-21,129.287492469302,129.84901250574003,129.16542829508296,129.54791259765625,3082100.0
2017-09-22,129.5072122680676,130.28031429711046,129.40141504537777,130.1826629638672,3576500.0
2017-09-25,130.24779308007368,131.37082088123108,130.00365228242492,131.10227966308594,4897700.0
2017-09-26,131.46845967188688,131.83466459002295,130.84996811302074,131.23245239257812,3222600.0
2017-09-27,131.33008497167944,131.58235913501645,130.32097590082003,130.9557342529297,3966200.0
2017-09-28,130.79300254362116,132.20086300824218,130.7441768792722,132.12762451171875,4614100.0
2017-09-29,132.24153676420374,133.1448486812628,131.95670387186064,133.10415649414062,3467400.0
2017-10-02,133.62505370897173,133.66574591725998,132.82753858009966,133.47857666015625,2721400.0
2017-10-03,133.51102543125742,134.5038549840269,133.46219978399162,134.41433715820312,3046400.0
2017-10-04,134.674853791951,135.154989557893,134.20285150055233,134.5120849609375,2746500.0
2017-10-05,134.33302595151576,135.29329722858057,133.67384216287738,135.1875,3504900.0
2017-10-06,135.23631459688448,135.6025319219824,134.8782555785338,134.9677734375,2916300.0
2017-10-09,135.2037309920853,135.60249451156156,134.61779833459437,134.8538055419922,2131800.0
2017-10-10,134.8456933943146,134.92707777947209,133.9830735487059,134.40625,2755400.0
2017-10-11,134.43063601557273,134.98400998821145,133.82842397107356,134.47946166992188,2319300.0
2017-10-12,134.609730678629,134.609730678629,133.8447619785894,133.94241333007812,3397800.0
2017-10-13,134.21087024904844,135.14674055730245,133.74701424622455,133.84466552734375,3259000.0
2017-10-16,133.844683826715,134.00744012333507,132.85998774327282,133.6412353515625,2586700.0
2017-10-17,133.64127022008168,134.21092361563575,131.43588271031408,132.9332733154297,4189200.0
2017-10-18,132.99026611890974,133.65758342088748,132.93330697368884,133.01467895507812,2757900.0
2017-10-19,133.05536255653692,133.55177755574204,132.46129621896853,132.84378051757812,2676100.0
2017-10-20,133.43783839817257,133.58431539643414,132.43687499084245,132.99838256835938,4166500.0
2017-10-23,133.49478728435898,135.30955718466245,133.2587924438894,134.064453125,3995100.0
2017-10-24,134.00748200627214,135.46418049744835,133.99120264626933,135.11424255371094,3686700.0
2017-10-25,135.17936637537784,135.86295058040142,134.58530003654892,135.14682006835938,4189400.0
2017-10-26,135.40721049326862,136.66859393136266,135.179349120679,136.43258666992188,3750500.0
2017-10-27,135.74085451373114,136.51395640330256,135.46416750778133,136.1802978515625,3720400.0
2017-10-30,135.89548564322382,135.89548564322382,134.1783795397513,134.52830505371094,3906300.0
2017-10-31,134.60155135953815,135.36651986959882,134.35742304144532,134.91079711914062,2922400.0
2017-11-01,135.43160647510064,135.6920265356678,134.37367170969245,134.58526611328125,3568300.0
2017-11-02,134.28416158687645,134.28416158687645,130.6383674519009,132.41244506835938,6518900.0
2017-11-03,132.6565622993594,134.26788344292424,132.38800877543193,133.77960205078125,3080900.0
2017-11-06,134.1132373040174,134.17834230616734,132.65653926812033,133.6412353515625,3275500.0
2017-11-07,133.53550297926418,133.78777722408725,132.51012663715628,133.18557739257812,3198100.0
2017-11-08,132.92516077622446,134.01564218094543,132.86820163113512,133.50296020507812,2912900.0
2017-11-09,133.54359930845823,133.57614560449542,132.06248827979311,132.86814880371094,3405200.0
2017-11-10,132.92517840468687,133.9342879620341,132.59151971021916,133.5518035888672,3554900.0
2017-11-13,133.98303761437322,135.61062554089258,133.66565846540237,134.5608367919922,7189300.0
2017-11-14,133.1530321041794,136.83138616824695,132.77054775326334,136.7662811279297,10284000.0
2017-11-15,136.26165276147069,136.26165276147069,134.56082648869244,134.65847778320312,5534500.0
2017-11-16,135.64319921245993,136.52209836026904,135.13865082700974,136.31051635742188,4587900.0
2017-11-17,135.90360155258674,137.06732104260166,135.13863318578834,136.5058135986328,4530100.0
2017-11-20,136.8313496344606,138.9065272270061,136.55466260012477,138.71121215820312,4699900.0
2017-11-21,138.77625279470453,140.67239379882812,138.467007183622,140.67239379882812,6229000.0
2017-11-22,140.69688932554683,140.7375815221108,140.00515923650423,140.0214385986328,4133500.0
2017-11-24,140.06211419269655,140.86777488610892,139.76101432534148,140.24114990234375,1853600.0
2017-11-27,140.68057590067062,142.34072274539835,140.28182475643155,141.73037719726562,4539100.0
2017-11-28,142.3244394261734,143.8543761978502,140.7782357142744,143.69161987304688,6049000.0
2017-11-29,144.41959154725663,145.94090498450026,143.69163353249368,144.97576904296875,4902200.0
2017-11-30,145.6464199487514,147.77299569344981,145.10659197893347,147.07777404785156,9180700.0
2017-12-01,147.4867735418674,147.71578926323383,144.5259060349085,147.5685577392578,4683400.0
2017-12-04,149.83418779726384,152.38608434229906,149.83418779726384,151.23281860351562,6193800.0
2017-12-05,149.44977337920025,151.24101334407266,149.07352612284586,149.5561065673828,6347600.0
2017-12-06,147.4294768404416,148.98351349042065,146.14534170343615,147.87933349609375,6892500.0
2017-12-07,147.2659349606838,149.3352636436466,147.03691923548467,148.86087036132812,5484300.0
2017-12-08,149.26979195767572,150.4148703010743,148.99170328576722,150.01409912109375,5092100.0
2017-12-11,148.74636630526268,149.64607987758436,148.14110331293526,149.0653533935547,6038900.0
2017-12-12,149.4743147079029,149.8505619763917,148.5827882748505,148.69729614257812,5275500.0
2017-12-13,148.8690598380631,150.22680497274953,148.86088516150073,149.70333862304688,5177400.0
2017-12-14,150.16131440291923,150.49666322388134,148.90990292998015,148.9671630859375,3542500.0
2017-12-15,149.67058444476746,149.85052712083032,148.96717556936315,149.33523559570312,8202200.0
2017-12-18,150.08776141507863,151.6990588167152,150.08776141507863,151.0937957763672,5011900.0
2017-12-19,151.51091470788128,152.72142809480445,150.98744844755612,152.1161651611328,4576300.0
2017-12-20,152.9504273047525,153.68654736378434,152.16522175875562,153.2039794921875,5383700.0
2017-12-21,153.67842555930272,154.45544421791286,153.31036540316353,153.83383178710938,5859100.0
2017-12-22,154.14457830045436,154.14457830045436,153.17125548408845,153.87466430664062,3256600.0
2017-12-26,154.20187993347457,155.7477424532006,154.0464737177715,155.69866943359375,2969200.0
2017-12-27,155.8949344273894,156.6228798211283,155.41235406941277,155.55958557128906,5912600.0
2017-12-28,156.1484777555843,156.20572543387337,155.10972006827708,155.22422790527344,3175700.0
2017-12-29,156.00944488754592,156.00944488754592,155.01976013183594,155.01976013183594,4637800.0
2018-01-02,155.57598841287057,155.99312156404852,153.7765611401291,153.7929229736328,4684700.0
2018-01-03,153.7683755956567,154.88074306726767,153.621156545795,154.59446716308594,4530500.0
2018-01-04,155.29785334575473,156.11577011691125,154.1527748583034,155.82131958007812,4047400.0
2018-01-05,156.16483931936227,157.48168578803927,155.8213157815012,157.448974609375,4224800.0
2018-01-08,156.8110117581686,158.44684537761086,156.71286573473648,157.07273864746094,3508500.0
2018-01-09,157.61253837115612,158.24233769581207,156.74554870575378,157.93971252441406,3012300.0
2018-01-10,157.66164274819525,158.03788997920938,156.75375457291662,156.87644958496094,3119500.0
2018-01-11,156.7783049708018,159.27295400503445,156.5492892378645,159.2320556640625,3899200.0
2018-01-12,159.90271527520392,163.10894725007955,159.34653790832581,160.6551971435547,6748400.0
2018-01-16,161.83308164758952,162.72460831190412,160.06637767543282,160.5653076171875,5692700.0
2018-01-17,161.5385689895478,163.43614196777344,160.99874090294014,163.43614196777344,3996100.0
2018-01-18,163.40344532902816,163.77969261293882,161.6694654093874,162.21746826171875,4474600.0
2018-01-19,163.42793619916418,164.67117309570312,162.87175882570273,164.67117309570312,5809600.0
2018-01-22,164.8920198306417,167.2394368814831,164.81839783889893,167.23126220703125,4857700.0
2018-01-23,167.5830118464768,168.7771761451483,166.97774877996895,167.5911865234375,3621700.0
2018-01-24,167.83657378742717,169.39062364867678,167.30493270462446,168.6708526611328,4370700.0
2018-01-25,169.14521356770788,169.1697500757159,166.72417410740573,167.9755859375,3537700.0
2018-01-26,168.1636913707732,169.56232204568494,167.214904930924,169.49688720703125,3778100.0
2018-01-29,169.4968992869946,169.80771167264615,167.4357578843945,167.60751342773438,3632900.0
2018-01-30,164.78570826422134,166.1598025774191,156.6883364661414,165.0637969970703,5979600.0
2018-01-31,166.21707702396643,167.73840299020173,163.77150094693656,164.3195037841797,4547300.0
2018-02-01,163.04349457268242,165.42363491082807,162.17650496012777,163.50152587890625,3553800.0
2018-02-02,162.96993675591082,163.0108350955975,158.21784172616918,158.65133666992188,6179000.0
2018-02-05,155.461459748788,158.9212444870115,147.53584357337164,149.7687530517578,10618500.0
2018-02-06,146.09631076896042,157.00733155703855,143.4789792193576,156.2548370361328,11682700.0
2018-02-07,156.0012885960781,159.10120067095994,155.1751970107438,156.45932006835938,6016800.0
2018-02-08,156.33661837981708,156.33661837981708,147.98568226818043,148.22288513183594,7241800.0
2018-02-09,149.8832953300082,152.13256715624297,143.78162881181777,150.59487915039062,9059200.0
2018-02-12,152.5823629261617,152.95859761923853,150.01410498661966,150.54574584960938,6783700.0
2018-02-13,149.86690118638896,150.4885259809176,147.95297874942818,150.26768493652344,4273800.0
2018-02-14,148.76270628566726,151.36367562653913,148.083833868167,151.06105041503906,6767000.0
2018-02-15,152.73783097827945,153.10589114642522,149.8914707223256,151.53549194335938,5113300.0
2018-02-16,151.36367925513537,153.76018194115147,151.2000983931171,152.9259033203125,7619200.0
2018-02-20,155.32238552085568,156.5819843023604,152.38606738955409,152.71324157714844,8922100.0
2018-02-21,153.1221907698949,153.7519776424652,149.56424813571311,149.7278289794922,7527200.0
2018-02-22,150.26769630509122,152.31248858827564,149.60518560220692,151.6990509033203,5653900.0
2018-02-23,152.29609794571215,154.1036994734896,151.8217047281035,154.05462646484375,4315400.0
2018-02-26,154.7253214901606,155.23242591875766,153.65385246565006,154.1446075439453,4648000.0
2018-02-27,154.47995976808386,154.79077218152267,151.2819141978289,151.2982635498047,4618800.0
2018-02-28,150.83206784921353,152.66419383101157,149.08172607421875,149.08172607421875,6419900.0
2018-03-01,149.47430976361193,150.82386762293436,145.79368380500043,146.9305877685547,6123900.0
2018-03-02,145.36016071723265,146.5624992960546,144.23143164803196,145.96542358398438,5671000.0
2018-03-05,145.47471720201554,149.07354698715613,145.34384748753914,148.6482391357422,5748600.0
2018-03-06,149.47426368824017,149.67874284513243,146.8242093219663,148.56637573242188,5306800.0
2018-03-07,147.0939999661942,148.06463991419943,145.44883730048085,146.89657592773438,4799200.0
2018-03-08,147.60398912618084,148.04817750140438,145.37478830092925,146.3701171875,4750700.0
2018-03-09,147.24207043066875,149.90723868217833,146.35368101349889,149.8414306640625,4477200.0
2018-03-12,150.06352072948292,150.58175103473556,147.69449480174845,147.82611083984375,4993300.0
2018-03-13,147.72735963242633,148.84607060387557,146.30429762331596,146.70736694335938,6128100.0
2018-03-14,147.32433820013117,147.7849817897569,144.68384630385992,145.93417358398438,4531500.0
2018-03-15,146.16449633884477,147.94949653616706,145.36659134743203,146.47708129882812,3936700.0
2018-03-16,146.7731725933543,148.3936587282205,146.3947922313132,147.2091522216797,8410900.0
2018-03-19,146.95414441778533,147.50528493491396,144.77430899055403,145.6791534423828,4744500.0
2018-03-20,146.1233102097328,147.15153661363814,145.72847478507884,146.55105590820312,4148300.0
2018-03-21,146.70736639618775,148.17978126520092,146.15622593042326,146.4359130859375,3494400.0
2018-03-22,145.9423484762468,146.88009050027927,144.01751156664216,144.19024658203125,5255100.0
2018-03-23,144.97173633514714,145.64624649062372,141.12204923125495,141.31947326660156,6021300.0
2018-03-26,143.21960554789717,145.43235086540065,142.73428567832514,145.0868682861328,7323600.0
2018-03-27,145.9094713163333,147.0199485122612,142.80011508518442,143.68849182128906,4713900.0
2018-03-28,144.14915103831532,146.032856686181,143.0633377012579,143.75430297851562,4318600.0
2018-03-29,144.52751898009788,146.94590979416856,144.36300524512296,146.61688232421875,4423500.0
2018-04-02,145.7202747844379,146.16447572298233,140.18430605452565,142.22430419921875,7229300.0
2018-04-03,142.12559078900418,143.90236934411834,141.83768232394246,142.9317169189453,5283300.0
2018-04-04,140.49689231097437,146.28785929527857,140.18430739209722,145.95883178710938,4757300.0
2018-04-05,146.41947809542242,148.0975385014546,145.85189496421302,147.3489990234375,3799900.0
2018-04-06,146.4030089353088,146.8472098439793,142.59446624192674,143.49929809570312,5236900.0
2018-04-09,144.00107287533157,144.23962846880912,141.78832728523693,141.9034881591797,5079800.0
2018-04-10,143.15381359539066,143.28542960746242,141.68139868406826,142.70962524414062,4783000.0
2018-04-11,141.48397063596735,144.00106717507325,141.3194569013605,142.19139099121094,4228400.0
2018-04-12,142.5615600759427,143.3265671955725,142.22429873770167,142.60269165039062,3396700.0
2018-04-13,143.53223921940935,144.37126324658928,141.67319714189279,142.14207458496094,4311200.0
2018-04-16,143.3183353725743,144.44528028070116,142.56979593407164,143.48284912109375,3534200.0
2018-04-17,144.57688739239222,144.97173546070377,143.21141194883114,143.87770080566406,3106500.0
2018-04-18,143.95168474502933,148.27023528738022,143.94346345304518,147.9412078857422,5858900.0
2018-04-19,147.65333432714797,147.81784806677592,144.5851097800886,145.66268920898438,5407300.0
2018-04-20,146.29609565945125,147.15157472637193,145.03754721923036,145.60511779785156,5008600.0
2018-04-23,146.10690599889227,146.73207590339067,144.88126773125543,146.1398162841797,2987700.0
2018-04-24,147.4888441244127,148.06464858079667,143.9928732551439,144.98818969726562,4435400.0
2018-04-25,144.84012975950097,146.47707121142437,143.58158126210907,145.91770935058594,5587300.0
2018-04-26,146.79786995938778,152.94254095894513,146.48528503687075,152.76980590820312,8782500.0
2018-04-27,152.5805743245844,153.85556500140544,151.2479843938164,153.37847900390625,4382400.0
2018-04-30,153.81448611154548,154.48077497494282,152.01303100585938,152.01303100585938,4173200.0
2018-05-01,151.9554653344173,151.9554653344173,149.21626764316252,151.8732147216797,3423900.0
2018-05-02,151.75803767457379,153.921418088485,151.14932295742264,152.9261016845703,3866500.0
2018-05-03,152.07060552791663,152.09528196353767,149.05173357152324,150.6886749267578,4123900.0
2018-05-04,150.32677041703178,153.28806886312265,149.5782182332147,152.20225524902344,3896200.0
2018-05-07,152.50658877802195,152.58885193986794,150.26094503750483,150.9930419921875,3582300.0
2018-05-08,150.90257812505266,152.4243589656724,150.1211281872741,152.21047973632812,4168200.0
2018-05-09,152.20221477001814,153.41141026794668,151.001253117993,153.29624938964844,3392300.0
2018-05-10,152.97547177885124,154.6206346629156,152.90144246145155,153.954345703125,3850100.0
2018-05-11,154.34094392216917,156.94852531583885,154.11062214649837,156.5454559326172,5355100.0
2018-05-14,157.52430034803422,157.64768250782626,156.1752676774046,157.17881774902344,7035900.0
2018-05-15,155.87917243430454,156.0354649056866,153.08240074635904,154.62884521484375,10147000.0
2018-05-16,155.6982254723839,155.6982254723839,152.9178959830778,153.312744140625,5044800.0
2018-05-17,153.20574780374463,153.9707422915034,152.0705817363937,152.448974609375,4227700.0
2018-05-18,152.7944731382376,154.81802861474833,152.6299593921492,154.16818237304688,4697900.0
2018-05-21,154.80980498645079,156.84158189130645,154.64529122950438,156.11770629882812,4147800.0
2018-05-22,156.3397955602678,156.93205508406984,153.42786336123626,153.71575927734375,4585600.0
2018-05-23,153.9049860626126,154.08595497603605,152.16110494704094,153.55126953125,7387400.0
2018-05-24,153.64991522943302,154.1599240368333,151.90604734704763,153.946044921875,3941300.0
2018-05-25,153.58417992546998,154.50546708421012,153.04127318481403,153.6993408203125,2730400.0
2018-05-29,152.62995822271458,153.68286125152622,151.56060005394187,152.1775360107422,4725500.0
2018-05-30,152.88893943062388,155.34568526324045,152.21064018870888,154.7583770751953,3976000.0
2018-05-31,154.81629101702788,154.9817258595997,153.23636113344784,154.31170654296875,4839900.0
2018-06-01,154.85759831948067,156.19763648058372,154.2868375851249,154.97340393066406,3706200.0
2018-06-04,155.69308525706717,158.43933860072548,155.48628857732095,158.2904510498047,4103300.0
2018-06-05,157.5294075611242,159.13415147702437,156.91728497429543,158.7701873779297,4231300.0
2018-06-06,159.7049580207793,160.1350860595703,158.16639010175504,160.1350860595703,4134700.0
2018-06-07,160.33359699779842,163.12121209298192,160.33359699779842,162.2692108154297,4378700.0
2018-06-08,162.02106896707122,164.1965742160858,161.30968783838875,164.0559539794922,4006200.0
2018-06-11,164.53569890806796,165.86746991399787,164.06419646099965,165.13954162597656,4243000.0
2018-06-12,165.3049697276245,166.54574964723673,165.03199663068588,166.52093505859375,4616700.0
2018-06-13,166.51264476377293,166.74425597373084,165.15605941036327,165.6937255859375,5128100.0
2018-06-14,165.65242010577774,166.26454286717134,163.91533543998813,165.1643829345703,4305900.0
2018-06-15,164.5688243749531,166.76087714175796,164.19659280983376,165.88404846191406,7820900.0
2018-06-18,164.56049542679534,166.19005395143535,163.87392907087235,166.00807189941406,3396300.0
2018-06-19,163.95670296152792,165.35463806633396,163.86571190766537,164.7838897705078,5501100.0
2018-06-20,165.4373408195521,165.5448791300824,163.88222577685073,164.67633056640625,3389600.0
2018-06-21,164.78382801020692,166.21485711927497,164.2875110620889,165.6937255859375,4695100.0
2018-06-22,166.09081972802915,166.42996932018139,163.096407772607,163.29493713378906,6785800.0
2018-06-25,163.29493344084236,163.6506176719816,161.35103959990013,162.44293212890625,5127200.0
2018-06-26,162.60834314551303,163.22873309476103,161.79770381261812,162.42636108398438,3270600.0
2018-06-27,162.67453301716512,163.7746927992758,161.30966744302768,161.3179473876953,3771700.0
2018-06-28,161.30145913289027,162.1369134286279,160.0689460038473,161.4751739501953,2994000.0
2018-06-29,162.01281271916352,164.46955860931968,161.29316421743655,161.3841552734375,4106600.0
2018-07-02,160.32533361558416,160.62310871312314,158.9191061161345,160.4907684326172,3822800.0
2018-07-03,160.8382267008789,161.8887576231191,159.98622518325857,160.15992736816406,1608400.0
2018-07-05,160.87956146682308,161.08635816192685,159.75458694058366,160.81338500976562,3040600.0
2018-07-06,160.9539547799521,161.5908919352804,159.6056367116488,160.87123107910156,2552400.0
2018-07-09,161.88044344034674,162.7159101306283,161.3262298359297,162.1947784423828,2575100.0
2018-07-10,162.59183949727137,163.5844611579816,162.44295192800598,163.46038818359375,2842400.0
2018-07-11,163.13778794839635,163.58446328386657,162.08725713807334,162.91444396972656,3309300.0
2018-07-12,163.9484196227703,164.1800309147423,162.9557979969091,163.7416229248047,2709200.0
2018-07-13,164.1634950802058,165.37944804333642,164.1634950802058,164.35374450683594,2308100.0
2018-07-16,164.72592821583618,164.79210465411998,163.69194503364832,164.5108642578125,2530500.0
2018-07-17,164.30407710818363,166.62018947252318,164.30407710818363,166.34722900390625,4662800.0
2018-07-18,166.28107743640808,167.02554043318912,165.5945109464636,166.23971557617188,3787800.0
2018-07-19,166.17349914195105,168.10911256535712,165.89225875500105,167.61280822753906,3691100.0
2018-07-20,167.15787321311598,168.54754067230368,166.9428092363939,167.46392822265625,3564100.0
2018-07-23,167.47224447292908,168.241522135636,167.00900926424288,167.281982421875,2264300.0
2018-07-24,168.35731231409127,168.95288776295615,166.55405132082157,167.0834503173828,5058100.0
2018-07-25,166.5953807086239,167.33157629771182,164.6680469856046,166.26451110839844,4382700.0
2018-07-26,166.7029519318069,167.1909891061783,164.53572659201822,164.9410400390625,4280000.0
2018-07-27,165.61106360134062,165.84267487995518,162.691082782347,163.07159423828125,3871200.0
2018-07-30,162.56698795500898,163.427269121475,162.45944965373414,163.1873779296875,2331100.0
2018-07-31,163.52653024953247,163.807770680238,162.84823114056036,163.3859100341797,2795900.0
2018-08-01,162.83999260419571,163.56792102116486,161.79774178870068,162.37677001953125,3086800.0
2018-08-02,161.38411333140039,161.99622334735366,160.10197155619113,161.8473358154297,3543500.0
2018-08-03,162.15342815430142,162.4594832327379,161.5082234570267,161.83082580566406,2309000.0
2018-08-06,161.8142527396975,162.17821689488085,161.39239208084425,161.87216186523438,2515700.0
2018-08-07,162.4180880144321,163.12118902557992,161.83077999630592,162.9971160888672,3052500.0
2018-08-08,163.3197753954326,164.53574108742802,163.2039697400935,163.79954528808594,2176700.0
2018-08-09,164.6101619004649,165.222284634319,163.81605707335328,163.84915161132812,2466000.0
2018-08-10,163.23703873078398,163.7250759094934,161.83082370680435,162.37677001953125,2873000.0
2018-08-13,162.3767223154249,163.44378741147548,160.47419072574664,160.58999633789062,5294400.0
2018-08-14,161.44200601409875,162.11202513564785,158.2159833466898,159.729736328125,11488000.0
2018-08-15,158.6130548300921,160.62311251729113,158.0671085612722,160.46595764160156,6049300.0
2018-08-16,160.4907664431217,162.20303634208256,160.24260790971462,161.62400817871094,5690100.0
2018-08-17,161.79774297771567,162.11206537855142,161.15253828406748,161.7646484375,3885800.0
2018-08-20,161.99626496051974,164.14695575668063,161.63230073761227,163.72508239746094,2956700.0
2018-08-21,164.46955278291443,166.04948259847507,164.12213584190988,165.6276092529297,4124600.0
2018-08-22,166.09908021773705,168.3738434829599,164.32062136453382,164.5853271484375,5007000.0
2018-08-23,164.93271921947314,166.60363951894544,164.72592259009812,165.5696563720703,3595000.0
2018-08-24,165.72688561108978,167.50533223795492,165.4373651732888,166.51271057128906,3054300.0
2018-08-27,167.77827853304242,167.8775368972506,166.42169286077268,167.07516479492188,2521300.0
2018-08-28,167.33985236616437,167.43911071955986,165.95845225332516,167.06687927246094,3516300.0
2018-08-29,167.2082375051853,167.93989711934904,166.87567187323762,167.68214416503906,2488000.0
2018-08-30,167.11677683457538,167.482606634611,165.53707108340208,165.6700897216797,2825400.0
2018-08-31,165.76986969161445,167.04195160585377,165.6950316422268,166.92555236816406,4023300.0
2018-09-04,166.8590844869089,171.2074440880425,166.70111132911507,170.50904846191406,4612800.0
2018-09-05,170.30110970963437,171.83093158828132,168.90430644341023,169.73573303222656,3667100.0
2018-09-06,170.1016223768156,172.1801895773336,169.44480072354156,171.18247985839844,3490400.0
2018-09-07,170.81660662126072,172.29654507726408,170.79997453564152,171.46511840820312,3672700.0
2018-09-10,173.0448738845393,175.9465454638281,173.0448738845393,175.17332458496094,5586600.0
2018-09-11,177.0939107979137,178.4740823493776,175.846770581027,177.80062866210938,5969500.0
2018-09-12,177.95027708763223,179.11426953365043,175.35622952989667,176.245849609375,5660100.0
2018-09-13,175.79687781951745,175.79687781951745,173.5187639085036,174.142333984375,4701100.0
2018-09-14,174.7576713814576,175.04035356233132,172.56270425445527,173.82647705078125,3622400.0
2018-09-17,173.83467906623795,174.6328415162014,173.15290314893758,173.26930236816406,3074700.0
2018-09-18,173.460568172826,176.03798350461813,173.06979658256083,175.4476776123047,4338500.0
2018-09-19,176.26247684294145,176.81953126151944,175.14836800578544,175.9964141845703,2579100.0
2018-09-20,175.97981823890393,176.7696712455497,175.4393831495176,175.48095703125,4020800.0
2018-09-21,175.68046364313437,176.81120445870826,175.02362944791707,176.5867156982422,9749200.0
2018-09-24,175.863402421552,176.1294524037649,172.90352500749773,172.928466796875,4623700.0
2018-09-25,173.63516857614275,174.01763048338805,171.9390634988434,172.48780822753906,4443300.0
2018-09-26,173.41899956731882,173.884596535,172.29656833792856,172.53768920898438,2965800.0
2018-09-27,172.52108061058175,172.79545300815778,170.99956787124248,171.9723358154297,3218800.0
2018-09-28,171.63973563193684,173.6434770897188,171.56491027124747,172.23004150390625,3966100.0
2018-10-01,173.36911337538493,174.42501623739082,172.4129649793643,172.6042022705078,3670500.0
2018-10-02,172.5127174337912,172.9699919347723,170.16808822850547,170.23460388183594,4428000.0
2018-10-03,171.4069333148675,171.656363864797,169.32004415657426,169.39488220214844,4162500.0
2018-10-04,169.32009336278367,169.41155083478415,164.8470249968033,165.32925415039062,5996200.0
2018-10-05,165.51211350558006,166.0359036815099,161.77069348562662,163.27557373046875,5016600.0
2018-10-08,163.15921462625985,165.17126614271712,162.17812431608886,164.96340942382812,3731800.0
2018-10-09,164.5809215793843,165.6035729231477,162.61044425410628,162.7517852783203,4466800.0
2018-10-10,165.5454322197329,165.65352179057263,160.7564172164962,161.0474090576172,6157900.0
2018-10-11,161.05567848429274,163.5166945164149,156.6989978239614,157.75491333007812,5831400.0
2018-10-12,160.2575330112923,160.9559285539583,158.10414041145503,160.0247344970703,5450200.0
2018-10-15,159.9332782098436,160.70649913351224,158.55310651781247,158.94387817382812,3642800.0
2018-10-16,159.4926195405443,161.3633300161782,158.4782777343863,160.94761657714844,4057400.0
2018-10-17,157.67180163737078,158.5281703556724,152.96592219447294,153.955322265625,8985700.0
2018-10-18,153.19868761493123,154.14651359768672,149.2660426595102,150.02264404296875,9262000.0
2018-10-19,149.93946487528706,150.47989975875643,148.46784897790258,149.53207397460938,7004300.0
2018-10-22,150.33858255849225,150.82079888215952,147.62812338672526,148.61752319335938,4866700.0
2018-10-23,146.13989785779495,149.2328066887109,145.86552548076264,148.43463134765625,7004900.0
2018-10-24,148.47620143295802,151.62730346460532,146.5888590197216,147.13760375976562,6791700.0
2018-10-25,147.5948767288441,150.0725248331307,147.02119025503325,148.8835906982422,5228000.0
2018-10-26,147.06273539098356,147.44518450774544,142.09911776565735,143.19659423828125,9472200.0
2018-10-29,144.4521056557624,146.3228160704588,142.13241763706145,144.0031280517578,5918400.0
2018-10-30,143.9698589962357,146.68861533292545,143.53751353423326,146.53065490722656,5657100.0
2018-10-31,147.97734247697136,148.70069244019692,145.9902328765016,146.23135375976562,6339500.0
2018-11-01,147.02954753460668,150.3718876245588,146.24800412529044,150.03932189941406,5225300.0
2018-11-02,151.71043324920956,152.15939809188407,147.486784027199,149.59860229492188,4730600.0
2018-11-05,150.50486291074415,151.6605455018802,149.0748079896394,151.47763061523438,3885300.0
2018-11-06,151.2614567522657,151.8600850042937,149.69838314891706,151.32797241210938,3338800.0
2018-11-07,152.8078897245081,156.0421387014716,151.36952525410902,155.66799926757812,4673400.0
2018-11-08,155.58485995667016,156.88188339146646,154.41254543423395,156.30819702148438,4054000.0
2018-11-09,156.57429560092493,156.70731424249212,153.78070114296202,154.63706970214844,4761100.0
2018-11-12,154.0052166656953,155.43527209283724,148.84206220048557,149.1829376220703,7590400.0
2018-11-13,147.41197068753195,151.0037277814875,143.7121240524341,148.8253936767578,14274000.0
2018-11-14,151.82684154107045,152.06794972000097,148.95009936199193,149.57366943359375,7561100.0
2018-11-15,148.83370212873123,149.3824468439125,144.34400262731242,147.46185302734375,8663100.0
2018-11-16,144.65996162930162,147.6697227547542,144.2608676085442,147.17918395996094,6834900.0
2018-11-19,146.92139100175555,148.72558509003346,143.25479687724126,144.32733154296875,6203400.0
2018-11-20,140.71901723471393,143.00544144384517,138.84830651815201,140.552734375,8661000.0
2018-11-21,141.34255530184328,142.1157761324722,140.6358374507076,140.76055908203125,5752100.0
2018-11-23,140.83537844276526,141.61692162742546,140.07046734555215,140.38641357421875,2711000.0
2018-11-26,141.5088504532186,143.32967732472193,140.40305119594566,141.1929168701172,6140500.0
2018-11-27,140.60261016382196,144.15280674564335,140.36150193359848,144.019775390625,7084200.0
2018-11-28,144.62196137122498,148.58649014374956,142.70659776987634,148.40248107910156,7133600.0
2018-11-29,147.87553843861474,148.26864750184217,146.3031021857051,146.9220428466797,4329300.0
2018-11-30,146.99737654953032,150.86154247782733,146.46208078127074,150.81973266601562,8942400.0
2018-12-03,153.30379542482768,153.47944509191166,150.0083891771038,152.00738525390625,7610600.0
2018-12-04,151.4386484595841,152.41723535781892,145.99368666300884,146.62098693847656,7059600.0
2018-12-06,145.11545377248743,147.23990494422367,142.5728024457873,147.17300415039062,7571200.0
2018-12-07,146.6628174812134,149.1803781291151,144.06161168705341,144.52162170410156,6226100.0
2018-12-10,145.0234249778382,145.52527018486137,140.2893969522564,143.60154724121094,5373800.0
2018-12-11,145.78458800405485,146.8719110447105,143.22520489698437,144.03651428222656,5229400.0
2018-12-12,145.32457026684793,147.93413544463175,144.53835184470606,145.70932006835938,5912500.0
2018-12-13,145.7929296614311,146.29477493061526,143.91940121638163,145.42491149902344,6102200.0
2018-12-14,144.68051176957147,146.4871393737851,143.81902053248396,144.1033935546875,4265200.0
2018-12-17,143.45102507989472,143.85250645266473,139.62030979463242,140.49017333984375,5631700.0
2018-12-18,141.26797046982819,143.81899330356896,140.93341553792393,142.22146606445312,4462200.0
2018-12-19,142.95756870027904,146.32826161816632,139.48651180864493,140.1472625732422,6996900.0
2018-12-20,139.076631226022,139.93812245433054,135.68920769325422,137.303466796875,7675600.0
2018-12-21,136.17430829314645,140.48177678365082,133.96621237661452,134.22549438476562,13034100.0
2018-12-24,133.95785776639445,134.99498583613752,132.226503243588,132.26832580566406,4547400.0
2018-12-26,133.37234835465054,140.7493896484375,133.3556167813224,140.7493896484375,6141500.0
2018-12-27,139.2104665212321,142.57279926563135,136.634352092621,142.45570373535156,5069300.0
2018-12-28,143.208439975711,144.79759521422878,141.01707558602874,142.37203979492188,4552000.0
2018-12-31,143.41753621158816,144.8979680657502,142.7316819555802,143.7102813720703,4206000.0
2019-01-02,141.94548781391384,144.8477848534854,141.39346060237153,144.20376586914062,4242900.0
2019-01-03,143.72700543880174,143.72700543880174,140.69088143069288,141.0254364013672,4810500.0
2019-01-04,142.3386011531017,146.15259735477656,141.78658663818246,145.2158203125,4762600.0
2019-01-07,145.39145630246495,149.02978971531195,145.39145630246495,148.0762939453125,4928800.0
2019-01-08,149.35597490211515,150.20909383182325,146.88022494224782,148.78721618652344,4722400.0
2019-01-09,148.77043712705807,151.6142042724542,148.12641843199077,150.32614135742188,4922000.0
2019-01-10,148.904316976058,149.91636676822924,147.49079868728106,149.76580810546875,3605300.0
2019-01-11,148.8206968779981,150.76951107739174,148.14321468780292,150.05857849121094,3285100.0
2019-01-14,148.53627735005452,149.90797288030984,147.95915929091606,149.5566864013672,3871400.0
2019-01-15,147.27336798851408,148.7287091211355,146.5373316323668,147.5995635986328,5016100.0
2019-01-16,148.118116510106,148.82068965379932,147.0893477809512,148.0762939453125,4075400.0
2019-01-17,145.54201722522697,146.7548079169952,143.86085715183225,146.26132202148438,6499200.0
2019-01-18,148.02612914942603,150.58551215733758,147.35700632244988,150.20077514648438,6371100.0
2019-01-22,148.45267808319275,149.38108282814056,146.6711415493175,148.1348419189453,6272700.0
2019-01-23,147.6998983272267,148.92940755958045,145.97691607303122,147.95082092285156,4910400.0
2019-01-24,148.04283469047826,148.48612577335737,146.6209569097837,148.28538513183594,3860100.0
2019-01-25,150.36804782641514,151.2797211080896,149.3894609879495,150.88661193847656,4501800.0
2019-01-28,149.6905463841802,150.54367817061066,148.38576410049507,150.40985107421875,4091400.0
2019-01-29,149.68218654978077,150.67749207491488,148.9545096917586,150.29275512695312,3686900.0
2019-01-30,150.9451291670223,154.0648980099187,150.36801104800452,152.3753662109375,5197700.0
2019-01-31,151.80662533915117,154.45801225021935,151.4386072357304,153.5045166015625,5138000.0
2019-02-01,153.92273452647942,154.85949870752228,152.9190567950114,154.2071075439453,4513100.0
2019-02-04,154.1485453843216,155.93006896972656,153.7637957118556,155.93006896972656,3050200.0
2019-02-05,156.31482177442348,156.3984668934692,154.47474401749776,155.89662170410156,4135200.0
2019-02-06,156.147525999497,156.147525999497,153.94778980341087,154.49981689453125,3072500.0
2019-02-07,153.68016318574388,154.66710920485016,152.60119988016166,153.9561767578125,2793400.0
2019-02-08,153.1030305259182,154.38272157156695,152.8270169800496,154.34925842285156,2792300.0
2019-02-11,154.73405311797075,155.08533970706821,152.85215247194137,152.9943389892578,3729200.0
2019-02-12,153.76380167221993,155.90498403036952,153.496160258678,155.16896057128906,3773200.0
2019-02-13,155.82136143100675,157.81198524921447,155.50352526772002,157.58616638183594,4146900.0
2019-02-14,156.82502174688295,158.02106778676176,155.5704215729079,157.00067138671875,2600600.0
2019-02-15,158.8072918593533,161.1073922640733,158.12145037514895,160.91502380371094,4997900.0
2019-02-19,160.3463192815341,161.58418824586772,159.98666048879767,160.86488342285156,3828400.0
2019-02-20,160.91502938591069,160.92338879318916,159.84443818138902,160.46337890625,3970100.0
2019-02-21,160.46341496453692,160.89833396491898,159.42627391852346,160.43832397460938,3094200.0
2019-02-22,160.329546253182,161.0404787208052,160.2709921169024,160.91502380371094,3321600.0
2019-02-25,161.21615487181307,161.77654153105314,158.88260369304004,158.89932250976562,6190700.0
2019-02-26,155.227535866978,157.63637292751613,152.89398453642391,157.4941864013672,13635100.0
2019-02-27,157.15959718618763,157.6614424262131,153.2368908510583,153.6216278076172,8766200.0
2019-02-28,153.56309967049125,154.89297308004635,153.1532589303803,154.8511505126953,8060600.0
2019-03-01,155.41990379312332,156.03883182294385,152.9441533864755,154.87623596191406,5481300.0
2019-03-04,155.7376888734663,155.77115202289406,152.30845627934562,153.7386932373047,5046800.0
2019-03-05,154.09835413751526,154.83437752373436,153.27031347025996,153.89761352539062,3691000.0
2019-03-06,154.34091561737125,154.70893371811238,153.76379748325024,154.2740020751953,4460900.0
2019-03-07,154.22386501551446,154.4162335287502,151.87358199797018,152.65142822265625,4122200.0
2019-03-08,151.79826749459284,152.14955402535006,150.15055818160684,151.58079528808594,3867100.0
2019-03-11,152.2248316130256,153.22850926897237,151.55570892157647,152.5928497314453,3866200.0
2019-03-12,153.42085935751422,154.1234451187243,152.50082693412728,153.89761352539062,3777000.0
2019-03-13,154.40322217274837,154.85823582059325,152.58314186639265,152.63369750976562,4528300.0
2019-03-14,152.75165524274985,153.1392699130894,152.09440620575057,153.02972412109375,4393000.0
2019-03-15,153.61117522407653,153.77127669325517,151.31080306256362,153.55218505859375,8059100.0
2019-03-18,153.80497753863355,154.60547203413196,153.6364544118166,154.55491638183594,4395800.0
2019-03-19,155.20372337021146,156.57721174401505,154.6054515631133,155.15316772460938,4437100.0
2019-03-20,155.296437492068,157.67264321244522,154.56334194278386,156.81317138671875,4772600.0
2019-03-21,156.3075621086607,160.09938976089236,156.3075621086607,160.07411193847656,4755700.0
2019-03-22,159.51799721603854,161.82680390489392,158.97871549730834,159.04612731933594,5173600.0
2019-03-25,159.04613459011873,161.54032068919886,158.84389911479084,159.82977294921875,3845900.0
2019-03-26,160.68076605077437,161.94470829205792,159.0376437086028,159.543212890625,4143300.0
2019-03-27,159.80446869767513,161.45602599603384,158.74276155711593,159.46742248535156,4298400.0
2019-03-28,160.0235894993899,161.27909779819416,159.39161809288055,160.1499786376953,3326100.0
2019-03-29,160.8156277288659,161.81834467747368,160.21735593567388,161.69195556640625,4674100.0
2019-04-01,162.6188165957847,165.0708548204904,162.5008491652404,164.85177612304688,5381400.0
2019-04-02,164.73387009886684,164.73387009886684,163.48678353146377,163.73114013671875,2717800.0
2019-04-03,164.2957008506581,167.50611336909495,163.56261817219345,167.3544464111328,4581500.0
2019-04-04,167.68309827794533,168.93861957214085,166.85732581617197,168.9049072265625,3138400.0
2019-04-05,169.250323206806,171.16309307451178,169.03966612887547,170.261474609375,3615300.0
2019-04-08,169.68007695021495,171.71923613719838,169.57054400120637,171.5170135498047,3040900.0
2019-04-09,170.43000214775628,170.80919518391678,168.91328143306632,169.28402709960938,3721700.0
2019-04-10,169.58740658906547,169.8739100495888,166.85729848900343,168.04539489746094,3587500.0
2019-04-11,168.4414117008812,169.78962228134654,167.7083291086535,169.77276611328125,2465100.0
2019-04-12,170.32042349941162,172.11521262546617,170.32042349941162,171.76974487304688,3097900.0
2019-04-15,172.03101231771473,172.85678452603912,171.39060652320757,172.620849609375,3049900.0
2019-04-16,172.94950079275256,173.57305051565933,172.14057176999484,172.29225158691406,3271400.0
2019-04-17,173.02532054790558,174.28926320618237,173.00847723652106,174.04490661621094,3271900.0
2019-04-18,173.59826854686102,175.0812895773559,172.82305213154643,173.294921875,3162500.0
2019-04-22,171.98887681527935,173.79210100963738,171.89618718044133,172.55343627929688,2593900.0
2019-04-23,172.8567860180957,174.70214423453123,171.41588582550574,173.6235809326172,3702600.0
2019-04-24,173.71628624793948,175.51951063646771,173.19384786010184,174.1881561279297,2750900.0
2019-04-25,173.58986930267156,175.03076950111821,172.7893749068629,174.0027618408203,3292100.0
2019-04-26,173.48032052237176,173.69939925420695,171.34003741545504,171.5675506591797,3560300.0
2019-04-29,171.3148123895593,171.7277050172672,168.81220450981212,170.34579467773438,3785200.0
2019-04-30,169.83172599144672,171.6855055659374,169.1913202940412,171.64337158203125,3415600.0
2019-05-01,171.2221017336833,171.49174901442052,167.3965741550265,167.51454162597656,4644700.0
2019-05-02,167.9358217998192,169.41884297063123,167.51450765223183,169.376708984375,2810000.0
2019-05-03,170.21094560975052,170.4721583700721,168.79533599607635,168.99755859375,3583400.0
2019-05-06,167.46395900535316,168.46667591819715,167.10162213740267,168.21389770507812,2619400.0
2019-05-07,165.7871291838965,166.54548956194566,162.59357336923728,164.1187286376953,4622100.0
2019-05-08,163.88278369460932,165.66915158710177,163.20024396715957,164.4557647705078,3122600.0
2019-05-09,162.88846145066898,164.3799170212216,161.4391398632085,163.95860290527344,2917700.0
2019-05-10,162.80420634197122,164.7253976820958,160.107785713914,163.95860290527344,3863600.0
2019-05-13,160.94204794533835,161.49818585649703,159.37475837774903,160.3859100341797,3325900.0
2019-05-14,160.52070734466804,162.4250428660978,160.10781480731652,161.46444702148438,3663600.0
2019-05-15,160.78193351738503,162.467190428182,160.32691980876538,161.58242797851562,3355800.0
2019-05-16,162.18070713582668,164.27885671286322,161.95319384253585,162.10487365722656,3854000.0
2019-05-17,160.8240999767558,163.89126765926707,160.73141031365137,162.27342224121094,5223800.0
2019-05-20,161.05159742606907,162.50934120434852,160.613426983916,160.89991760253906,4782800.0
2019-05-21,157.68104966784006,162.22281602968576,157.01536606093876,161.32119750976562,8555600.0
2019-05-22,160.5122777875889,161.97002122179788,158.45626257217936,159.18092346191406,5706000.0
2019-05-23,158.7933342967881,162.2396816901164,156.95641038415488,161.78466796875,7754000.0
2019-05-24,162.23967299775572,163.35194870204347,160.4448831767307,163.1244354248047,3799500.0
2019-05-28,163.79012718921447,165.55121761728844,161.23696393693757,161.40548706054688,5165800.0
2019-05-29,160.33531419481145,161.6835246371415,158.43940049262167,160.09095764160156,4569900.0
2019-05-30,160.20893555437704,162.20596067004834,160.1752232194988,161.00942993164062,3029800.0
2019-05-31,159.79608006432068,160.34378348690151,158.97030767324003,159.97303771972656,3681500.0
2019-06-03,159.6949418131518,161.6751108863359,159.04611432943273,159.73707580566406,4620200.0
2019-06-04,161.4307337350125,164.73383517881973,161.29591011914584,164.52317810058594,5118100.0
2019-06-05,164.6250180303603,166.92456401646706,163.83588311281258,166.89910888671875,3704600.0
2019-06-06,166.86515267553054,167.71369148994498,165.43113295521695,167.306396484375,3732900.0
2019-06-07,167.3318737163653,168.87622077748094,166.49182846564275,167.41673278808594,3522300.0
2019-06-10,168.48586598164565,169.5804883098452,167.43368613164438,168.05311584472656,3154500.0
2019-06-11,168.8761975233281,170.4205314241134,166.1778373758273,168.0191650390625,3708500.0
2019-06-12,168.69803539685154,169.86902335232355,167.9937464778124,168.808349609375,2551500.0
2019-06-13,169.66532715413106,171.981834407503,169.241057762424,171.7018280029297,3630900.0
2019-06-14,170.81936216552918,175.22328108376627,170.81936216552918,174.60385131835938,4898000.0
2019-06-17,175.64754386054153,177.16642272158543,174.79900500131185,175.6305694580078,4620500.0
2019-06-18,176.58094298861909,178.33741170640812,175.74088485109138,176.05484008789062,3891300.0
2019-06-19,176.41122636530937,176.9033804649455,174.7141486207747,176.44517517089844,3648200.0
2019-06-20,177.8283060571322,179.60174927631252,177.6076776534319,179.25384521484375,5171500.0
2019-06-21,179.26231590195528,179.88175859553547,177.41250739172546,177.67555236816406,9855000.0
2019-06-24,176.6233789188801,177.5652576801152,174.05230691209616,174.374755859375,4943500.0
2019-06-25,175.05359238091842,175.73242614754113,173.27165536199342,173.72987365722656,3587900.0
2019-06-26,174.23898713504897,175.91910360006725,173.65349318036172,175.15541076660156,3071200.0
2019-06-27,176.16513978660103,176.49606939881684,174.80747253523265,175.6645050048828,2286800.0
2019-06-28,176.30090640535826,177.34460548212917,175.97845752486225,176.47061157226562,11069000.0
2019-07-01,177.9385558583474,180.15324229685024,176.64029273381183,178.4307098388672,4097700.0
2019-07-02,178.39682501241185,178.41378646827667,176.88642678916383,178.3119659423828,3160500.0
2019-07-03,178.0403998988238,180.52661212590968,177.9385664483185,179.97506713867188,2183700.0
2019-07-05,178.16766430669165,180.03444677786072,177.96401036618008,179.43199157714844,2547800.0
2019-07-08,179.02472779316417,181.11213911763954,178.69379815061419,180.66241455078125,2705300.0
2019-07-09,179.83083959346865,181.01880180048164,179.21140983307686,179.89024353027344,2397400.0
2019-07-10,178.8041499668085,179.31327857677675,177.20041167739038,178.82960510253906,3457400.0
2019-07-11,180.1023675219616,181.6551951419497,179.05866838145897,181.62124633789062,3450100.0
2019-07-12,182.43585879127707,185.1936101450987,182.1049291467255,185.1766357421875,4429800.0
2019-07-15,185.78758943676712,186.0845832306318,183.97171670993202,185.57545471191406,3141300.0
2019-07-16,184.38749494732286,185.2784633305794,183.90382158727562,184.35354614257812,2657400.0
2019-07-17,183.90383539354184,184.6250986502484,182.95347595214844,182.95347595214844,3037300.0
2019-07-18,182.86009656641673,183.4795262148198,180.74723046464925,181.9606475830078,3068000.0
2019-07-19,182.15579675120995,182.63097634004146,180.67933478790692,180.77267456054688,3254800.0
2019-07-22,180.73876624311316,180.95938167220007,178.5155987076979,179.2707977294922,2764900.0
2019-07-23,180.3739057406141,181.69762424696106,179.66112328147148,180.80665588378906,2589900.0
2019-07-24,180.89997579248455,182.257630005931,180.7981552870863,182.18975830078125,2207100.0
2019-07-25,181.82489420592862,183.21649732903555,181.2733491614259,182.9025421142578,2335300.0
2019-07-26,182.88556141773122,184.31111329468715,181.67215718252172,184.05654907226562,2675500.0
2019-07-29,183.95473777879494,185.21058464134077,183.58139154829087,185.01541137695312,2407200.0
2019-07-30,184.57415431852635,185.4820840570567,184.01411563064374,184.43838500976562,2172600.0
2019-07-31,183.5813963687461,184.8117751853816,180.03449703057973,181.32427978515625,3426400.0
2019-08-01,181.70609668709557,184.65052733578597,179.90719858847876,180.59451293945312,3431500.0
2019-08-02,179.77144651315626,180.8575752369661,179.10958722669952,180.01751708984375,2884900.0
2019-08-05,177.79432594691283,178.1592043477345,173.16979227884318,173.8995361328125,4553200.0
2019-08-06,173.9589570425651,177.420997344402,173.52620686021407,177.1749267578125,3646800.0
2019-08-07,174.83296210551725,176.920373649875,172.3637235653147,176.41973876953125,3901100.0
2019-08-08,177.9385988711313,179.62719588759603,177.10703440190989,179.52537536621094,2968000.0
2019-08-09,179.42356382212301,180.23816693577254,176.45367740717478,178.2101593017578,2912100.0
2019-08-12,176.58092295755324,177.88766696446353,174.92626200033638,175.656005859375,2005000.0
2019-08-13,175.0620405010743,179.5677795280894,173.76377715253352,176.77609252929688,3876700.0
2019-08-14,173.49227661114716,174.2559564747389,170.9890763909458,171.0569610595703,4582100.0
2019-08-15,172.25339178944185,172.89827667389423,168.90166581952727,171.22665405273438,4199700.0
2019-08-16,172.8897754384214,173.46677559064517,171.12481323237208,172.80491638183594,4093600.0
2019-08-19,175.63056011335456,177.19188137149837,174.2050211205806,176.45364379882812,6413600.0
2019-08-20,181.163023284256,184.85417202907033,180.03446519204306,184.2092742919922,12452600.0
2019-08-21,185.60090125202186,187.4252675699178,183.92927866174148,187.01795959472656,7938600.0
2019-08-22,186.7209684393826,188.93565525980313,186.57671839485556,187.54405212402344,4544600.0
2019-08-23,186.59363511176818,187.41671859906947,183.29282043762706,184.5316925048828,5769300.0
2019-08-26,185.37182375470312,186.2542985611586,183.43714304685213,185.5330352783203,3680200.0
2019-08-27,186.29669156667015,187.02643543470393,184.90508848666093,185.15965270996094,4311700.0
2019-08-28,184.87967456715816,188.45201637320866,184.22629593617975,188.33322143554688,3066700.0
2019-08-29,189.98786276165876,193.2123133108849,189.8690678284193,192.88987731933594,4184200.0
2019-08-30,193.83173383336035,194.5445163463627,192.35528444056666,193.3905029296875,3768300.0
2019-09-03,192.1515934578214,193.15287589534063,189.54658628085062,190.132080078125,4139400.0
2019-09-04,191.19075443142754,191.3614959716797,188.39055148570986,191.3614959716797,3132900.0
2019-09-05,193.19694634639535,195.31416947963177,193.1542577172423,194.7763214111328,3373100.0
2019-09-06,195.24588686326842,197.52531916486575,194.54584278730854,197.3204345703125,3237900.0
2019-09-09,197.63631517174608,199.65962878702024,196.42403350582393,198.805908203125,4449100.0
2019-09-10,198.2766406014242,198.93400921452343,196.1081956674109,198.91693115234375,4210600.0
2019-09-11,198.85714314359964,199.49743362592193,197.22654661561043,198.62664794921875,2978300.0
2019-09-12,199.27545079429018,201.04265859960688,199.01079950597517,199.59986877441406,3366100.0
2019-09-13,200.05237801954559,200.59875875965474,198.34493657836148,199.75357055664062,3805500.0
2019-09-16,198.68636250623499,199.43764069281838,196.87647926772848,197.20089721679688,3120200.0
2019-09-17,193.61525303232747,196.63743068765686,193.3420692651833,196.5349884033203,3732500.0
2019-09-18,196.67161384015813,197.6619328796298,195.5105532830948,197.0643310546875,3341800.0
2019-09-19,197.33750470898784,197.5509348516654,194.60560148806331,194.750732421875,3134000.0
2019-09-20,194.63973232495974,196.39839438791927,191.42973505890666,191.8053741455078,7687700.0
2019-09-23,191.36994825547447,193.91403113762996,191.190661258198,193.1542205810547,2754000.0
2019-09-24,194.76783334963704,196.5606519693311,191.89933137417273,192.4371795654297,4511300.0
2019-09-25,193.44451634348889,195.03243692375807,191.66024370446195,194.733642578125,3716700.0
2019-09-26,196.0825428488379,197.31190260773536,195.50201908866,196.17645263671875,4200600.0
2019-09-27,197.73023239146627,197.84975275663572,195.61300891128886,196.23622131347656,3152000.0
2019-09-30,196.5179206610614,198.5668446157688,196.45815397423488,198.08023071289062,3249200.0
2019-10-01,198.9254148389156,200.20599562640461,196.9704005684486,197.27774047851562,3335400.0
2019-10-02,196.86796249149998,196.86796249149998,191.52366355344068,192.55667114257812,4336100.0
2019-10-03,192.08712263408373,193.63235473632812,189.6284032958101,193.63235473632812,2777700.0
2019-10-04,193.93967810731428,195.68127516558462,193.81162524717996,194.5885009765625,3163100.0
2019-10-07,194.22995675962275,194.75927235640557,192.98353205725337,193.57260131835938,2917600.0
2019-10-08,192.3944759925341,195.3141988973424,192.17251332494374,193.51284790039062,3438500.0
2019-10-09,195.07515126822437,195.9800929928923,193.46161990353062,195.45079040527344,2657600.0
2019-10-10,195.79226013061447,198.26805744454617,195.570297485948,197.73020935058594,2781500.0
2019-10-11,200.04379881810056,202.07564480075516,199.56570438367578,200.3340606689453,3459200.0
2019-10-14,199.95844200799513,201.04267082851115,199.82184358418752,199.92428588867188,2183900.0
2019-10-15,200.35970205174343,202.2122743047573,200.28287031942446,201.15365600585938,2663300.0
2019-10-16,200.98290269477582,201.62319314670634,199.63402257949969,201.39268493652344,2388100.0
2019-10-17,201.785377962616,203.33060998380876,201.05971032669825,202.13540649414062,2250500.0
2019-10-18,202.32324601489026,203.808711494839,201.1707180150921,203.125732421875,3662500.0
2019-10-21,203.40742434104857,204.03064963229826,201.1450704191529,202.07562255859375,2041700.0
2019-10-22,202.58789496835658,203.44161554300052,201.9219939622737,202.5025177001953,2003200.0
2019-10-23,202.0414988349769,202.68178921688096,200.07793905845614,200.34259033203125,2110500.0
2019-10-24,200.46213343052182,201.79393549173548,198.97666791304937,199.6767120361328,2173900.0
2019-10-25,199.33519054893884,200.98286474797933,198.5326912497572,200.09500122070312,2210900.0
2019-10-28,200.58163779500157,202.29762441347268,200.24868730625582,202.16102600097656,2705000.0
2019-10-29,202.19517968676584,202.75863839778415,199.70231714841057,199.89013671875,2558000.0
2019-10-30,199.35227125456078,201.99027752620665,198.81443619237803,201.6829376220703,1956700.0
2019-10-31,202.2121978627827,202.6646685954942,199.10465638299166,200.26571655273438,2824100.0
2019-11-01,201.53780885795234,202.71593431414558,200.6755427979965,202.6220245361328,2197400.0
2019-11-04,203.41593742439352,203.51837969077772,199.66810586722985,200.55596923828125,2542400.0
2019-11-05,200.4023131144423,200.55597651959746,196.58618223222942,198.23385620117188,3624600.0
2019-11-06,198.77177545730555,199.80477012260891,197.9692759823964,199.77915954589844,2631900.0
2019-11-07,199.7705573106591,201.2987109702877,197.8582190809654,198.86561584472656,2832500.0
2019-11-08,198.74616086240212,199.1388650485183,197.74730931065957,198.78030395507812,2088400.0
2019-11-11,196.78258621989178,198.3022077524657,196.5093893918264,197.89242553710938,2309600.0
2019-11-12,198.19122289995718,200.30845926915075,198.06317002658506,199.0193328857422,2991100.0
2019-11-13,198.13997931622714,200.53893173521823,197.08137427823277,200.4535675048828,2399600.0
2019-11-14,200.62428636698976,202.28050596425507,199.80470908240628,201.9475555419922,2282200.0
2019-11-15,202.92082645824152,203.22816635738607,201.7853766371447,202.57933044433594,3524700.0
2019-11-18,203.56115000259936,204.30388278542952,202.12689256394387,203.9111785888672,5747400.0
2019-11-19,196.86792842708581,199.01929444464741,192.42857194877655,192.8212890625,14972200.0
2019-11-20,191.70294066488609,192.0871122841061,188.3051367261925,188.58685302734375,10225400.0
2019-11-21,189.4747401939748,189.79061262765492,186.5379394294341,186.57208251953125,7823700.0
2019-11-22,186.5379838032744,187.07583204412592,185.9489144017217,186.13673400878906,5786500.0
2019-11-25,186.11109265089468,186.56356353125514,185.15492973794315,186.45257568359375,8865400.0
2019-11-26,186.75987482980335,188.63807017962247,186.44400244221552,188.46731567382812,9981400.0
2019-11-27,189.25275189029426,190.7638408044424,188.38196637011612,190.37966918945312,6687500.0
2019-11-29,190.63577833221302,190.66138890347193,188.06607145081864,188.25389099121094,2952900.0
2019-12-02,188.58682284023493,188.8344090403005,185.65003573608993,185.78662109375,4416300.0
2019-12-03,184.78779481625878,184.78779481625878,181.78269508688615,182.69618225097656,6505400.0
2019-12-04,183.43510881205378,184.6895186032695,183.16876485002982,183.95062255859375,4256200.0
2019-12-05,184.17401017884595,184.2942949751733,181.9487348917605,183.00552368164062,4580500.0
2019-12-06,184.04513454383348,185.03318727138776,183.77877746948005,184.1052703857422,4193700.0
2019-12-09,184.11385187728237,187.19832098016877,184.0193414628197,186.03842163085938,5111100.0
2019-12-10,186.0298323638711,186.1758915281378,184.80979718876787,185.49713134765625,4663000.0
2019-12-11,181.312894974352,183.56394412501206,180.95204066768517,182.14630126953125,8284800.0
2019-12-12,182.57592352413272,183.97639245038374,181.0551698079623,182.18069458007812,9915100.0
2019-12-13,182.24942577910693,184.0622977783623,181.00361625015327,183.9334259033203,6869200.0
2019-12-16,184.23415601005388,186.20168763314825,184.12247140673335,185.17926025390625,5850300.0
2019-12-17,185.60023211672555,188.5472158413473,185.471347136225,187.0608367919922,7574400.0
2019-12-18,187.48184058951415,188.66750113094662,186.99210126040003,187.30140686035156,6677400.0
2019-12-19,187.71380678456532,189.6813380457456,187.54197325639805,189.2087860107422,5405000.0
2019-12-20,189.5266768621789,190.36868342916162,188.84792984395582,190.0421905517578,7778200.0
2019-12-23,190.73811175675704,190.73811175675704,188.28085447729023,188.34100341796875,3943700.0
2019-12-24,188.59020366649335,189.91333645682056,188.34963406825204,189.59544372558594,2260700.0
2019-12-26,189.65555291105127,190.00780703528721,188.66748723755055,189.7242889404297,2649200.0
2019-12-27,190.05074598609352,190.55765939338173,188.83071110801848,188.99395751953125,3082800.0
2019-12-30,189.33764799173676,189.44075859129873,186.05558451194705,186.70855712890625,3952400.0
2019-12-31,186.52814884237512,187.7395837542431,185.96108639252998,187.62789916992188,3789900.0
2020-01-02,188.2293194679748,188.81355608261666,187.16393062296822,188.72764587402344,3935700.0
2020-01-03,186.5624904574879,188.7448035943499,186.22741052005478,188.1004180908203,3423200.0
2020-01-06,186.00402416729182,189.0197435377511,185.926687944929,188.98538208007812,5682800.0
2020-01-07,188.5901623547135,189.50089179284925,186.3562873060335,187.7481689453125,5685400.0
2020-01-08,187.9887363667635,191.5715182474672,187.8770386825745,190.55767822265625,4916200.0
2020-01-09,191.28799885112505,193.78821794338322,190.6092518370016,193.47891235351562,4843600.0
2020-01-10,193.10084196911467,193.736640339712,191.62305027209274,192.64547729492188,4226600.0
2020-01-13,192.88608767894098,192.89467476723436,191.32237234568677,191.88943481445312,6060900.0
2020-01-14,191.15056601530173,193.27274392101376,191.00450683317527,191.43409729003906,3915100.0
2020-01-15,190.9787039073974,193.2984894056923,190.84983203362594,192.96340942382812,3444300.0
2020-01-16,194.11465762238592,196.63206348034203,193.65929297440343,196.5977020263672,5390800.0
2020-01-17,197.27650602950175,199.84546136738973,196.67508208536407,199.25262451171875,7979200.0
2020-01-21,198.9261287824984,200.75618807442459,198.52231275930288,200.1461639404297,4873500.0
2020-01-22,200.86785023079497,203.22201007012922,200.0860057568692,200.10317993164062,4030800.0
2020-01-23,199.44168921031132,201.75288819195424,198.16150480399423,200.7476348876953,4617900.0
2020-01-24,201.44353128138403,202.2769245760443,198.09271837610768,199.32994079589844,4467500.0
2020-01-27,196.0650926690222,199.73379904313776,196.0650926690222,198.63404846191406,3595600.0
2020-01-28,199.17530121202205,202.1222850907616,198.77148518343984,200.9280242919922,3621900.0
2020-01-29,201.821545581495,202.66355212507435,200.53277450342657,201.0654754638672,2564000.0
2020-01-30,199.3299352227384,200.44687282660155,198.96049379079992,200.00868225097656,4685700.0
2020-01-31,200.15476035211626,200.3867297235611,195.7987075030584,195.97914123535156,5304700.0
2020-02-03,197.86936224249953,200.64451285554802,197.05314301631586,198.9347381591797,5100900.0
2020-02-04,201.0740795455219,203.07597236252153,201.0740795455219,201.90748596191406,3505100.0
2020-02-05,203.71173058300027,204.75993198993865,202.64634189281782,204.57949829101562,3868600.0
2020-02-06,204.4850021894101,205.69645009669375,204.03822456423077,205.2067108154297,3930300.0
2020-02-07,205.2067232595151,205.7995600632878,203.21343077486196,203.8835906982422,2456100.0
2020-02-10,203.2821679853719,206.72747802734375,202.92130053832943,206.72747802734375,2568000.0
2020-02-11,206.7275020606058,208.30839165691472,206.37523477043263,207.61245727539062,2692400.0
2020-02-12,208.03346879683642,208.17952797191438,205.20675638544986,207.5695037841797,3592100.0
2020-02-13,207.03678785734354,209.29643744122646,206.54704853351242,208.23104858398438,2468100.0
2020-02-14,209.1589910258177,210.67114462246985,208.46305662559675,210.52508544921875,2841600.0
2020-02-18,210.36181947132212,211.4529827350339,208.9184020507136,209.58856201171875,2892600.0
2020-02-19,210.42195850036433,210.92887199132272,208.7895072258429,209.33079528808594,2713300.0
2020-02-20,209.37374423680333,212.32072770776378,208.05059863387902,212.2348175048828,3701800.0
2020-02-21,211.78804988767058,212.52694583967286,209.64009806325203,210.79139709472656,3881100.0
2020-02-24,204.89741613985396,208.87542710177564,204.22725622148175,205.94561767578125,5350100.0
2020-02-25,211.4444045846135,212.1918877011635,203.17907619940988,203.9523468017578,8061500.0
2020-02-26,205.43011744748736,207.09691704848416,201.32323461367983,202.14804077148438,6963000.0
2020-02-27,198.5308949181955,201.75282261259602,192.94622024790124,193.08367919921875,7612800.0
2020-02-28,187.8427312246965,189.93053459514158,182.42988873493655,187.16397094726562,11809600.0
2020-03-02,189.00253805693552,197.6115310363793,187.7223673984829,197.5599822998047,7150800.0
2020-03-03,197.6373749395623,202.61203953013128,193.80543559203292,195.84169006347656,8432500.0
2020-03-04,200.1977067639469,207.3375099845776,199.15810537249885,207.1313018798828,6770000.0
2020-03-05,203.28217307991736,205.86830244814956,200.31798896958088,201.74423217773438,6473900.0
2020-03-06,195.52378667643953,197.86074645964376,190.95293839371442,196.33140563964844,7399900.0
2020-03-09,183.75297746095688,185.73768283810227,178.0652052566621,180.82318115234375,10120500.0
2020-03-10,186.62267726805678,194.02881196297554,181.28715844768692,193.9171142578125,7206600.0
2020-03-11,187.9490751819832,189.54918592049376,182.0675553160671,184.13473510742188,7253900.0
2020-03-12,169.01582811803198,178.67708626869268,159.87351959934634,164.84686279296875,10928700.0
2020-03-13,173.37500810881545,178.01968561768942,164.33650307902292,177.8899383544922,10292300.0
2020-03-16,157.39109976258905,160.96326004269113,141.07854155149084,142.6786651611328,12536600.0
2020-03-17,145.48973568497453,151.17231324219273,134.32349737854977,150.18629455566406,16234400.0
2020-03-18,138.21570125931228,140.40397127675692,121.63500858434202,134.60894775390625,14681900.0
2020-03-19,132.4725709697834,140.90563140379095,122.81995709016142,139.36605834960938,13499100.0
2020-03-20,140.79313719633453,147.22821086834148,131.3048653048689,131.59893798828125,12602400.0
2020-03-23,129.79123509435712,142.65272425540564,126.57369837009422,140.455810546875,12241600.0
2020-03-24,149.97002248996253,160.5913484002838,148.77641637634486,159.76966857910156,14676600.0
2020-03-25,159.5101867056674,165.67713400727112,155.68720253818412,157.20947265625,11497400.0
2020-03-26,158.7058201927843,171.42891784942475,157.84953576810582,168.84278869628906,10170300.0
2020-03-27,163.03050388215556,169.85479450042357,161.30929008394935,164.812255859375,7121700.0
2020-03-30,164.82952311142637,171.42892229669934,162.2693275071764,169.61257934570312,6936700.0
2020-03-31,168.48817848003156,169.0849816251959,160.4010867321944,161.49090576171875,7335400.0
2020-04-01,152.14965056584217,158.0744057912828,151.36256207558478,154.50225830078125,7858200.0
2020-04-02,151.31933276531439,158.03983509513304,150.49765281764556,156.82028198242188,6353900.0
2020-04-03,155.30665995433196,156.85489036300532,151.31069191907082,154.5628204345703,7299800.0
2020-04-06,162.60669209505733,166.42103309305037,160.12434947625505,165.48690795898438,7454000.0
2020-04-07,175.51138354600636,176.54065112337173,165.93662679073935,166.3171844482422,6438800.0
2020-04-08,167.97787067549473,170.192086853658,165.6684985795111,168.50547790527344,6094700.0
2020-04-09,172.81283469595854,178.16674787081075,169.95856606147885,174.3091583251953,7125100.0
2020-04-13,173.3750402741124,173.3750402741124,168.9811987402605,171.9392547607422,4415600.0
2020-04-14,174.61190834149556,181.40159453481937,173.09828226557488,179.1873779296875,5655400.0
2020-04-15,171.83543541629507,174.92323814771112,170.0536838649791,171.6710968017578,5693900.0
2020-04-16,172.2246561780006,174.89729678604698,170.23533006022666,172.85606384277344,7262800.0
2020-04-17,179.18734776887658,181.85133079782804,178.3137741890116,181.13343811035156,6717600.0
2020-04-20,178.28783910001255,182.52598639886943,177.62183999952796,178.21864318847656,4753100.0
2020-04-21,173.634517280782,176.73960959046775,172.56200044276926,173.513427734375,4845000.0
2020-04-22,174.62052266687624,177.9245579215347,173.97182588944253,176.59255981445312,4067700.0
2020-04-23,175.85734525711723,179.01433037278696,174.87997140476386,174.99241638183594,3565500.0
2020-04-24,177.0768819912794,184.16929601088958,176.3157535681922,183.52059936523438,5025200.0
2020-04-27,185.99436122754867,191.09745120305666,185.10348524632798,188.3469696044922,5472800.0
2020-04-28,193.73546158445336,193.93439156947267,187.61176236073948,188.23451232910156,5080700.0
2020-04-29,191.44339683281032,193.89114768012266,190.12871415123263,191.84991455078125,4381100.0
2020-04-30,187.50798289538244,192.10941226595446,187.27446152942758,190.1373748779297,5152700.0
2020-05-01,187.49067147698491,190.0249072262927,186.62574243799608,189.04754638671875,3819300.0
2020-05-04,187.41284729941134,192.58513326817848,186.141413554143,191.87588500976562,4090900.0
2020-05-05,194.55715679285734,197.9390327922044,193.40679948881714,195.13665771484375,4655200.0
2020-05-06,196.65891408515498,197.58439450457254,193.571124236199,193.67491149902344,3321100.0
2020-05-07,195.91509871895482,200.34354497994863,195.8372582622431,198.45799255371094,4501300.0
2020-05-08,201.26899619691682,203.73404937754606,199.92835347057058,202.76531982421875,4365200.0
2020-05-11,200.46464566919894,206.5191501081546,200.01487878692885,204.60765075683594,4378300.0
2020-05-12,206.34609890094336,206.93424423196137,201.4419403076172,201.4419403076172,4399600.0
2020-05-13,201.5630523433563,204.38272938575017,197.6708717663022,199.02017211914062,6237200.0
2020-05-14,195.79400272646447,202.96427259728625,195.64696635825348,202.80857849121094,6434500.0
2020-05-15,201.34685025254575,210.37671265570455,201.26900979680818,207.0034942626953,16176300.0
2020-05-18,212.63416447385285,214.7791981210185,211.0772894711586,212.21035766601562,8314800.0
2020-05-19,207.97218099884626,209.710696782134,205.68012436636428,205.93960571289062,9387000.0
2020-05-20,209.3128646856314,209.54639926309488,203.21511123602036,206.01748657226562,7534200.0
2020-05-21,205.5244540808441,208.60359964853203,203.94163220127552,208.34413146972656,4772700.0
2020-05-22,208.18840707141487,209.60689009949078,206.4239577234255,209.2090301513672,3041800.0
2020-05-26,214.6321430606396,214.69269443036188,209.3733859384063,209.72799682617188,4535200.0
2020-05-27,209.9096503884137,213.9748146156477,208.2576326006156,213.94886779785156,4664800.0
2020-05-28,215.8171262179002,218.16107683466677,211.4146267933984,212.0287322998047,5259300.0
2020-05-29,211.9595312290385,215.98145961629737,211.6741030314056,214.91758728027344,5341600.0
2020-06-01,215.72199506116016,216.04201464205357,212.66013830068042,213.88833618164062,3407800.0
2020-06-02,215.0473357038204,218.5848927091236,213.63749698625188,218.5762481689453,5301000.0
2020-06-03,219.08957118782553,219.98576653391436,217.86273602515357,218.39349365234375,4638100.0
2020-06-04,217.32330069037818,219.4115201975204,215.32208258469765,216.6098175048828,4759400.0
2020-06-05,219.5594427286061,222.61348013566328,217.85406649861855,221.78688049316406,5054300.0
2020-06-08,219.6899238795161,223.4487210887785,219.48979280510315,223.41390991210938,3811900.0
2020-06-09,222.1610476801266,224.73653112499045,220.88200875426406,223.40528869628906,3716100.0
2020-06-10,224.00561891143934,225.60658802746534,221.19520688667183,221.39532470703125,3589800.0
2020-06-11,216.53149113767168,218.0628510750848,207.7261482635408,208.36131286621094,6563700.0
2020-06-12,211.4936601815719,214.38236406330967,206.25569293128413,210.95419311523438,5238500.0
2020-06-15,206.7516584177035,210.75409470327105,203.87165042738138,210.0058135986328,6250900.0
2020-06-16,217.0013652393751,218.95907608034346,211.31965439415742,217.47991943359375,5291600.0
2020-06-17,219.9335787266293,221.54324403586293,217.5930246509007,218.26300048828125,4234000.0
2020-06-18,216.96655304836517,219.04607634035457,215.02624792672393,216.83604431152344,3347800.0
2020-06-19,220.22074286848482,221.26485275789244,214.37371155590907,214.60862731933594,11114600.0
2020-06-22,213.78199652405664,217.57560518056556,213.61667661452148,216.7925262451172,3815200.0
2020-06-23,220.13370603199792,220.51654938413185,217.63654136227373,217.79315185546875,3105300.0
2020-06-24,215.61790943466008,217.77573801077483,211.1978320143483,214.15615844726562,3873000.0
2020-06-25,212.99886901026346,214.3475164484625,210.7366208380217,213.50352478027344,2938400.0
2020-06-26,213.47751098321456,214.13008130827848,209.04002746214886,209.7012939453125,5002700.0
2020-06-29,211.13691402921958,214.47807023308528,209.11829052485825,214.14743041992188,3468300.0
2020-06-30,214.91312400246983,218.95905402225068,214.1213356223985,217.96714782714844,4524600.0
2020-07-01,217.21888258956466,217.81055319765866,214.85222671034052,215.9137420654297,3677300.0
2020-07-02,219.21137038631443,219.52460459434153,215.71359060944098,216.21824645996094,3369800.0
2020-07-06,217.7583349262838,218.82854636602053,214.94792296252848,217.13186645507812,3133800.0
2020-07-07,215.23505893959882,218.20208143095093,214.97404146951234,215.21766662597656,2927800.0
2020-07-08,215.67008422454882,217.34066224917677,214.23443517611705,216.80120849609375,2294000.0
2020-07-09,217.22761562840813,217.96718737317116,214.34760734978013,215.7484588623047,2994700.0
2020-07-10,216.03553338790272,217.81053176091484,214.5998842632801,217.61911010742188,2745300.0
2020-07-13,219.1940284534587,224.36237447196973,216.7316614068238,217.19281005859375,4437500.0
2020-07-14,216.65330717180225,224.64076007550076,216.18346246782136,224.3014373779297,4614200.0
2020-07-15,226.346177418514,227.34677981670959,222.0043919997269,224.3101348876953,4343700.0
2020-07-16,223.40526846107312,226.65941042467185,222.7439887474702,224.55377197265625,2511200.0
2020-07-17,226.2504698207669,226.78992368073986,224.24055544407895,226.5550079345703,3091300.0
2020-07-20,225.3890738306989,227.26847936194648,224.50156128493785,226.37228393554688,2451100.0
2020-07-21,227.63388051037273,229.59159108566314,226.8508015908864,228.32997131347656,2439900.0
2020-07-22,228.47792150793063,231.08820283655294,227.96456936634684,230.7227783203125,2750000.0
2020-07-23,233.01101680812332,233.01101680812332,227.79045607408193,229.5393524169922,2680100.0
2020-07-24,230.60965821790052,232.2193369889471,228.8259500731148,230.84457397460938,2984500.0
2020-07-27,230.65308715817932,233.77671969678926,230.65308715817932,232.680419921875,2412500.0
2020-07-28,233.67229535311301,234.11605151065504,230.28764563234895,230.81838989257812,2227000.0
2020-07-29,230.4007757373622,232.4106898385197,229.85263907144162,230.2789764404297,2874100.0
2020-07-30,229.13043592136435,232.61951960946334,227.57296100716763,231.71461486816406,2347800.0
2020-07-31,230.57482226720018,232.46293721217108,226.7550983150723,231.00115966796875,3640600.0
2020-08-03,232.08013002434967,233.68978232008723,231.15783271586818,231.6015625,2363500.0
2020-08-04,231.99309848341989,233.0894250944297,229.56552951039254,233.07200622558594,2224000.0
2020-08-05,233.52445444716327,233.52445444716327,231.34922025716315,232.732666015625,1959900.0
2020-08-06,231.96698623535946,235.30814286425107,231.90607330347032,234.37713623046875,2203400.0
2020-08-07,235.45602720516794,239.2061552229488,234.75996291433867,236.3522491455078,2846300.0
2020-08-10,237.03096375003142,239.2757940618414,236.491483291496,239.04087829589844,2393100.0
2020-08-11,241.6162959737037,243.07804686144357,238.76239000343313,239.20614624023438,3321300.0
2020-08-12,243.40868642834747,246.21038890351824,240.98111783123113,245.00094604492188,3867900.0
2020-08-13,244.63550985823798,245.9319407727438,243.39996531287363,245.070556640625,2202400.0
2020-08-14,244.61816076518306,245.3664286175814,242.92146739284283,244.1047821044922,2490400.0
2020-08-17,247.45458994394215,251.6484470520245,246.73242401107746,250.79574584960938,5584400.0
2020-08-18,251.37007535214684,252.8318264578028,246.27133879795866,247.97671508789062,6934300.0
2020-08-19,250.11710578182146,250.56086202717893,245.30548910204124,246.1146697998047,4986800.0
2020-08-20,244.09603519165617,245.28805902480528,243.13892704174395,244.21783447265625,3530000.0
2020-08-21,243.60013157990775,246.7150553083637,242.2514969809573,246.4366455078125,5519100.0
2020-08-24,247.96795544893513,249.5863432800097,245.2967883970949,249.49932861328125,4430900.0
2020-08-25,249.95176221486463,250.13450097692436,247.01086834797624,248.95986938476562,2854500.0
2020-08-26,250.35207675896302,254.17177439958127,249.0817208036867,254.00645446777344,4001900.0
2020-08-27,254.25881116630657,254.89398919911326,249.33407707448114,251.1351776123047,3430900.0
2020-08-28,250.85668535951203,251.30912447538617,247.77654656015258,249.09910583496094,3100100.0
2020-08-31,247.9767092021994,249.44716970733487,246.12340533755219,248.0115203857422,4105400.0
2020-09-01,247.13271924204216,249.43846229885878,246.67157063067884,248.7946014404297,3235100.0
2020-09-02,249.15320144381948,251.94343947737997,248.05984881916973,251.20870971679688,3464600.0
2020-09-03,251.2961185419964,251.64601268347607,238.06220279827858,240.2139129638672,5380100.0
2020-09-04,241.01868591682387,242.08579934109198,231.50216535617795,235.8668212890625,5253500.0
2020-09-08,233.63634917497026,237.07387050110466,229.87522639955665,235.51693725585938,5241200.0
2020-09-09,238.31591609294892,244.6836017446228,237.6948991754504,242.3219757080078,4754700.0
2020-09-10,243.1703932138026,245.7682002686375,237.18757050728186,238.5258331298828,3156300.0
2020-09-11,239.6454307290622,243.14415941173272,239.1905789166789,241.70091247558594,3729200.0
2020-09-14,243.64266983668145,247.06267979200615,243.17908942649652,245.47950744628906,3055800.0
2020-09-15,247.57005920266013,250.77139928164252,246.99276574318634,249.79173278808594,4174900.0
2020-09-16,249.8179796772367,250.66642251071198,245.5058026762427,246.33676147460938,3379100.0
2020-09-17,243.08294964513607,247.2901691727586,242.2519908223482,244.87603759765625,3166600.0
2020-09-18,243.5203204461518,244.7623544562838,236.87272913342372,240.70384216308594,6072900.0
2020-09-21,237.79976283128948,238.70068411658153,233.12896470910985,238.21961975097656,3548000.0
2020-09-22,237.6336054631008,239.24301718129695,236.71520001675947,239.05934143066406,2972000.0
2020-09-23,240.90496793501336,241.95457049229506,231.5196189168602,233.14651489257812,4467600.0
2020-09-24,232.41180484269708,235.90180504646443,230.81114812757292,232.403076171875,3095600.0
2020-09-25,231.08230279276165,236.2954014616641,230.84614819784323,234.89590454101562,2457700.0
2020-09-28,237.8522657234215,239.855294942729,236.42652981727068,238.20213317871094,3061100.0
2020-09-29,239.1380671673926,239.5229294049048,237.13503779850103,238.0097198486328,2048900.0
2020-09-30,239.20811585700724,244.8410717888407,238.36840166205678,242.9080047607422,4778800.0
2020-10-01,244.42118206934953,244.9110019377706,241.2810763548291,242.82925415039062,2696900.0
2020-10-02,240.48515300686273,245.85568843298395,239.7504230801549,244.30751037597656,2943600.0
2020-10-05,245.71571474893065,247.02773793882776,244.6486014867538,246.74783325195312,2330700.0
2020-10-06,247.0976651353974,247.53500613563702,241.21104566262835,241.82333374023438,2992500.0
2020-10-07,245.65449384196276,248.40973735070222,244.91100865562188,247.35137939453125,3423700.0
2020-10-08,248.2698007375672,249.2407118924526,245.93441413374237,248.8645782470703,2256200.0
2020-10-09,249.69555465509566,251.27872746619613,248.48848882272398,250.08917236328125,2240100.0
2020-10-12,251.37487406150638,252.19705058793403,250.21153204745585,250.95501708984375,2411900.0
2020-10-13,249.89670660484262,254.3313249191895,249.89670660484262,253.9727020263672,2699900.0
2020-10-14,253.22918411595398,253.92016364890947,249.41555686980485,251.11244201660156,2221000.0
2020-10-15,248.51464877446554,253.87645377453097,247.63996676318376,251.50607299804688,2699400.0
2020-10-16,252.12711269723678,255.97570855848943,251.25243060635304,251.61105346679688,3108600.0
2020-10-19,253.44791645021917,253.75403385798722,247.86743988342522,248.173583984375,2428100.0
2020-10-20,249.40691361534587,253.47418080505358,248.52347598672517,250.19412231445312,2281500.0
2020-10-21,249.62557485433683,251.92596670085092,247.77998146546219,248.85585021972656,2304500.0
2020-10-22,248.34847312175444,249.87916674051328,245.4795170068935,245.9256134033203,2787000.0
2020-10-23,246.99270509813942,247.70119537599385,244.51734011333974,247.53500366210938,1750600.0
2020-10-26,244.59614212836274,246.249277598525,237.91355733747957,241.44728088378906,2911900.0
2020-10-27,242.27820015767625,244.67484739975228,241.51723095817627,242.14700317382812,3014100.0
2020-10-28,236.3828156318294,239.37423988177025,235.0183138176604,235.9192352294922,3255900.0
2020-10-29,235.892993921978,239.40047733147208,233.81124646277235,235.84051513671875,2872500.0
2020-10-30,235.13201558234633,235.83175048702975,229.19291748142533,233.2864227294922,3872800.0
2020-11-02,236.29537263004786,240.34515517226896,234.8696364839254,236.81143188476562,2956400.0
2020-11-03,240.40640618538728,244.49991244397825,239.41801103597413,242.610595703125,3037500.0
2020-11-04,242.07706251611467,251.06879477276863,241.42105084361603,247.2901611328125,3525300.0
2020-11-05,252.2145214377909,252.78305931214223,248.47961278577714,250.02781677246094,2516600.0
2020-11-06,250.79766703318631,250.84139047118143,247.4038954173747,248.61968994140625,2839100.0
2020-11-09,251.89100595980355,252.2758682883068,235.7006288422389,236.13796997070312,7856400.0
2020-11-10,238.60457826231254,241.22862501023096,235.50819562567733,241.03619384765625,4828500.0
2020-11-11,242.56682526500614,246.38918143839422,241.56094627619512,242.94293212890625,2987900.0
2020-11-12,247.535067984028,248.13860085060978,239.52297565457857,241.62220764160156,3818600.0
2020-11-13,241.77965731742987,244.6748531663641,240.76502279645626,242.4356689453125,3939200.0
2020-11-16,244.1937884718962,246.03938193252662,241.76217284157372,244.53492736816406,5360200.0
2020-11-17,238.0010178721574,239.25180693776363,235.63936539466272,238.32464599609375,8532200.0
2020-11-18,236.60149060331568,240.86994320747425,235.28946755006254,236.01544189453125,5122200.0
2020-11-19,236.53153040596885,238.2458997404565,235.02707622051057,236.97760009765625,3929400.0
2020-11-20,237.43243130623017,238.2371237700197,235.1757368766642,235.99794006347656,4111000.0
2020-11-23,236.17293858808347,239.39176253085617,235.77056557535101,237.38873291015625,3294200.0
2020-11-24,239.66287416163476,241.01862061921994,238.4120852758398,239.05934143066406,4773400.0
2020-11-25,239.2080840801911,240.31016543823654,237.22253851531954,239.62791442871094,3001700.0
2020-11-27,240.74747662787152,241.9195473606275,239.97775216022816,241.4034881591797,1625300.0
2020-11-30,240.73001287938618,242.95171292669653,237.84357257570295,242.64556884765625,4624100.0
2020-12-01,243.8001806392734,243.99261179212445,241.01867094021154,241.93710327148438,3942400.0
2020-12-02,240.94327140063635,241.0663806253075,237.07369108586403,238.41925048828125,4168600.0
2020-12-03,238.0059263770668,239.1492024121036,234.93664971227489,235.81610107421875,4168900.0
2020-12-04,235.22688257207454,236.33499999767614,231.13743865964625,232.1663818359375,7732800.0
2020-12-07,231.7354259807013,232.6148773126964,229.53679765071365,230.97911071777344,6379000.0
2020-12-08,230.17002868652344,230.8559997264472,227.54047750660362,230.17002868652344,5338100.0
2020-12-09,232.71159790508617,233.73176464379247,230.636105699208,233.56466674804688,4550100.0
2020-12-10,232.245563919981,233.9956908332272,230.51304321531168,232.8875732421875,4234300.0
2020-12-11,231.61229474015067,233.37119744080937,230.9878917962599,232.65884399414062,3454500.0
2020-12-14,234.05718417252925,236.2206268770194,233.2920389894565,233.56466674804688,4576800.0
2020-12-15,235.26204130977584,236.3613555070086,234.109962178174,235.67538452148438,3754100.0
2020-12-16,236.15907702310673,238.11146015219734,235.26204628115065,237.09129333496094,4669600.0
2020-12-17,239.3515086293665,241.25990323642517,238.5951664300933,240.9433135986328,4247000.0
2020-12-18,241.48852483295582,242.4998884417276,237.7156713100651,237.8476104736328,9817000.0
2020-12-21,236.1854948190495,239.16684831347803,233.82857121912755,238.3225555419922,4339000.0
2020-12-22,237.50465517262808,238.64793131603645,236.1415161678928,237.48707580566406,3140100.0
2020-12-23,237.50459180657387,238.33127809170182,235.86882543731286,237.28472900390625,2337100.0
2020-12-24,236.95937341202634,238.6479049709264,236.9241878432544,238.26097106933594,1093900.0
2020-12-28,239.36027649759956,239.43062079384467,236.78346374415088,236.79226684570312,2633800.0
2020-12-29,237.43427855162105,237.8563980111328,233.11616932220187,234.1011505126953,2572100.0
2020-12-30,234.03083753687326,235.07738702153577,232.98431489094193,233.2833251953125,2511400.0
2020-12-31,233.55589168545512,233.89008747866362,231.8057653218724,233.599853515625,2607900.0
2021-01-04,233.94284734742513,234.32100496261953,229.5895527058524,232.10479736328125,5002000.0
2021-01-05,230.99668607732636,234.40015837894006,230.64491091837255,233.97801208496094,3822600.0
2021-01-06,232.22795136859915,237.2496117117216,230.301950515906,235.31483459472656,3949200.0
2021-01-07,234.76957388805576,236.37895822274712,234.08360283476839,234.16275024414062,3833200.0
2021-01-08,235.12129843856772,238.09384797525212,234.8134851315123,236.6515350341797,3757700.0
2021-01-11,235.2268993235395,240.41565792810783,235.04222201903048,238.5336456298828,3764400.0
2021-01-12,238.42806134692563,244.43472956899828,238.02352120898786,243.018798828125,4030900.0
2021-01-13,244.7601438384006,246.6685653948045,240.91694509297741,241.013671875,3921400.0
2021-01-14,241.409397455807,241.7611726308026,235.40275649754872,235.99197387695312,4641400.0
2021-01-15,236.24700741350227,243.07155810145767,235.69294879936766,242.36798095703125,5131700.0
2021-01-19,244.48745214697678,244.48745214697678,240.1077751767922,240.25729370117188,3615800.0
2021-01-20,240.3100768257534,243.79269659080063,238.77103699246862,241.23348999023438,3498400.0
2021-01-21,242.9220833665726,246.86203556950667,242.4383957990405,245.41091918945312,4397900.0
2021-01-22,245.59562975005574,250.71401698407914,244.37317930600068,249.76422119140625,4501900.0
2021-01-25,249.63220526527616,251.32073638251404,247.49514548937282,250.7139129638672,4025900.0
2021-01-26,251.01298743158392,251.21524404217885,247.74142771002204,248.53292846679688,2472200.0
2021-01-27,246.2376159111928,246.95877257960197,240.1606028498647,241.013671875,4337000.0
2021-01-28,242.87807198360247,248.8495268552727,241.78753414527617,244.5314178466797,3463000.0
2021-01-29,242.56148856702578,243.6608028173889,237.47826054689574,238.17303466796875,4079500.0
2021-02-01,238.53357917607045,239.78238495791106,235.03335343675582,237.51341247558594,3707800.0
2021-02-02,237.4519285918284,242.45601027110294,237.44312548756022,239.35154724121094,4111800.0
2021-02-03,239.1140232819604,242.48230990180733,238.0762503659707,241.11917114257812,2802700.0
2021-02-04,241.18956430362854,245.75391955459497,241.18956430362854,245.2086639404297,2976000.0
2021-02-05,246.50142549613898,247.79422004941435,244.32037649425138,245.24378967285156,2389900.0
2021-02-08,245.97375586807286,246.61576503023338,243.51130276710595,246.27276611328125,3475600.0
2021-02-09,245.9473892246373,246.42230050992427,243.2738493724835,243.40576171875,2507800.0
2021-02-10,244.51384298106973,245.3053437804622,242.94842074628065,245.0942840576172,2410600.0
2021-02-11,244.42586960519463,246.4662028641319,242.737338303035,243.66075134277344,2595300.0
2021-02-12,243.71358064300222,245.11190522276672,243.23866934688635,244.05657958984375,2392200.0
2021-02-16,243.61681497648206,245.04152179866725,241.74357939963713,242.19210815429688,2873500.0
2021-02-17,242.32407337792785,247.82064524279056,242.2009372855646,247.05552673339844,3536400.0
2021-02-18,246.94997553941383,250.36225172373403,246.09690649333376,248.92874145507812,3532000.0
2021-02-19,248.7704050635597,249.685042004401,245.7538933018027,245.92979431152344,4079900.0
2021-02-22,244.6721875464084,244.91843288606202,240.64431159663198,242.59669494628906,3995500.0
2021-02-23,236.9066053936693,237.16165379617598,226.52906351653215,235.02456665039062,12111000.0
2021-02-24,231.49797069635676,234.80468926739567,223.40700816389665,228.63095092773438,14512700.0
2021-02-25,228.43749642815808,229.44886014950765,224.00506736829703,224.47996520996094,6545400.0
2021-02-26,226.69620071668018,228.86844696862562,225.2363080239121,227.19749450683594,7871200.0
2021-03-01,227.61083576935425,230.83843451535037,227.31182548630565,230.08209228515625,4528900.0
2021-03-02,230.13479203119823,231.39240085211713,228.45503695682777,228.91236877441406,3740300.0
2021-03-03,228.02416032147522,229.09709211433136,225.14836387511042,226.33560180664062,4257500.0
2021-03-04,225.13954996999686,225.89586526308895,217.31243817081636,220.68072509765625,7154900.0
2021-03-05,221.8503940564716,223.5565318328475,216.86390648225617,222.95851135253906,6351800.0
2021-03-08,223.58293642327067,231.49801282350336,222.0790819717495,227.80430603027344,5037400.0
2021-03-09,231.05826508576249,235.31480644034966,230.23157866165613,233.01942443847656,6625300.0
2021-03-10,235.32918305749766,237.83361444470478,233.70082868461782,235.6123504638672,3798400.0
2021-03-11,237.7008938107977,239.6301052618745,236.46195191592764,237.92213439941406,4371300.0
2021-03-12,236.68321051600375,242.3115585554023,236.07258428440167,241.68324279785156,4190500.0
2021-03-15,242.9221657980723,247.47971651275662,242.78056858082192,246.49742126464844,4355200.0
2021-03-16,246.49736512447276,250.0194972013644,245.70973584669653,249.63011169433594,4458900.0
2021-03-17,248.79831646909312,251.22310455309005,247.12572474208054,247.8159942626953,5908400.0
2021-03-18,246.93108385162103,252.63024447886724,245.8071912056776,250.5859832763672,4808100.0
2021-03-19,251.0107788911764,255.84266662597656,249.9399548108422,255.84266662597656,13729200.0
2021-03-22,253.54172415865423,256.9311182216096,251.50632146904462,255.70103454589844,5564700.0
2021-03-23,256.2939706402465,259.6745337924816,255.70106090304733,256.6214294433594,4801200.0
2021-03-24,255.9841833301429,262.63908957824884,255.74522624358877,259.07269287109375,4842000.0
2021-03-25,259.3205146994623,263.6125874711872,258.8160796814961,262.99310302734375,5373500.0
2021-03-26,263.1347050446318,269.0285576067131,261.975406512866,268.86041259765625,5865900.0
2021-03-29,268.4090447984049,270.4002098993038,265.4267262794968,267.43560791015625,4642900.0
2021-03-30,266.9489294869104,270.515327238392,265.52415284250344,269.7542724609375,5045400.0
2021-03-31,270.35600621928745,272.5861016872181,269.1524703496797,270.134765625,4744100.0
2021-04-01,271.57716373799053,273.05503526762743,268.9311357969849,272.3470764160156,3923900.0
2021-04-05,274.1967678213072,279.515400895753,274.1082661731324,279.1171569824219,4697200.0
2021-04-06,277.533046705464,279.5950242317702,277.1082820357359,277.6835021972656,3988600.0
2021-04-07,276.8516322042532,278.8870619153788,275.1613507902362,276.5242004394531,3799300.0
2021-04-08,276.7277906704999,278.98443429262363,274.86050571062475,278.2587585449219,4035600.0
2021-04-09,279.090562167454,282.5861741295844,278.5418898508861,282.50653076171875,4607800.0
2021-04-12,281.1702137900447,284.34722510174055,280.80737601814786,283.8870544433594,3556800.0
2021-04-13,283.6569195188705,283.9843511963363,280.5330041803558,283.5418701171875,3635100.0
2021-04-14,282.9312607990846,285.57731617356734,282.55959179448524,283.2055969238281,3440600.0
2021-04-15,283.3738388898404,286.19687146849765,283.2322416468489,285.61279296875,3508200.0
2021-04-16,287.47120074595273,290.8606220737059,286.67473993754516,290.3384704589844,6213100.0
2021-04-19,288.9313994547825,291.002208474503,288.00219962781347,289.25,4494300.0
2021-04-20,288.49771348952163,289.9933019562008,285.099461454891,286.6923828125,4462900.0
2021-04-21,287.5773601123727,290.18800986958934,286.6304709151599,288.4534912109375,3740100.0
2021-04-22,288.6746892721663,288.8782132999733,282.1613532373598,284.4799499511719,4875000.0
2021-04-23,285.1260158794701,288.08178682722934,282.81625014958655,286.6304626464844,3405700.0
2021-04-26,286.4445901892284,286.72778460629945,282.5861675325326,283.1790771484375,2848500.0
2021-04-27,283.63050065334977,285.3738779778918,283.5243094671911,283.71014404296875,3335800.0
2021-04-28,284.9136082259637,285.80740173701764,282.568436649415,282.9312744140625,2713400.0
2021-04-29,284.70124791833643,288.3119096567327,284.14371728175246,287.9136657714844,3261900.0
2021-04-30,287.6570777334699,288.34734747017,284.6128042775325,286.43585205078125,3118700.0
2021-05-03,288.74555861888877,293.4712550494874,288.2145757263348,292.27655029296875,3683700.0
2021-05-04,291.258784643558,294.89599370004635,291.0464023361096,294.4888916015625,3954400.0
2021-05-05,295.79867363183735,295.79867363183735,293.0641431358754,293.85174560546875,3227200.0
2021-05-06,295.2853959667267,298.9491260119246,294.8960103764477,298.7455749511719,3539600.0
2021-05-07,297.9491810536035,300.7191181208941,296.93147953546156,300.2235412597656,2998100.0
2021-05-10,301.28541681663603,305.9226104875786,300.48009790692026,301.8783264160156,4840600.0
2021-05-11,298.71901938874424,299.11726323427445,290.4534745863537,292.62164306640625,5500900.0
2021-05-12,288.95791338784886,290.9756265814043,279.8870487796137,280.5330810546875,5822000.0
2021-05-13,282.3029663343544,289.7543605889767,282.02863018906464,287.98443603515625,5159800.0
2021-05-14,288.75436312080456,289.6658732306525,284.83395951570066,286.4003601074219,3998000.0
2021-05-17,284.0729119381794,285.6923811418905,279.03747404887844,283.1968078613281,4388000.0
2021-05-18,283.1879562943962,287.2233825110387,278.5684516770675,280.31182861328125,7010300.0
2021-05-19,276.10828989184483,278.5419366777505,273.51535634342946,278.2764587402344,5242100.0
2021-05-20,278.66580722170227,282.9313052214149,278.66580722170227,279.5596008300781,3854700.0
2021-05-21,280.53303232938225,282.5507451724846,278.2763894020497,279.44451904296875,3920600.0
2021-05-24,280.3914762675437,282.0728993823402,278.40031091943786,278.6215515136719,2930600.0
2021-05-25,279.2321734496325,280.62157084185986,278.0994227047313,280.31182861328125,3523300.0
2021-05-26,281.2498343026129,284.40915583468814,280.24982269664207,280.8250427246094,2881600.0
2021-05-27,280.7986217220976,283.5508694472325,280.7986217220976,282.0995178222656,3734800.0
2021-05-28,283.5153037058582,284.524173463348,282.17017103610516,282.2232666015625,3194000.0
2021-06-01,283.77207761607826,284.3030605158239,278.9136421482667,279.9224853515625,3549800.0
2021-06-02,280.65193613962134,281.98634050613975,277.92084868716734,278.65032958984375,3380100.0
2021-06-03,276.66648851761767,278.3834155159235,275.5011109468691,277.04901123046875,2652500.0
2021-06-04,277.65392591451814,278.8460175960217,275.1986405675927,276.6753845214844,2638700.0
2021-06-07,276.77327572591116,277.84968773374817,273.8909707485337,275.7413330078125,3974800.0
2021-06-08,276.90669390594513,277.8141062684827,274.86952274569825,276.5775451660156,2913500.0
2021-06-09,277.06686595314346,278.42795746085585,273.01915600316073,273.41058349609375,3603700.0
2021-06-10,273.6863268455613,275.4655326461482,272.343044927116,274.2734680175781,3286300.0
2021-06-11,275.127509564788,276.88002855772424,274.3090900093676,276.4619140625,2785100.0
2021-06-14,274.8250084017783,275.83026398969696,272.4141922231361,275.1719665527344,3393500.0
2021-06-15,274.6648498857869,274.8427812957288,269.98553071923413,272.6187744140625,5270600.0
2021-06-16,272.83229318246043,273.4194343060989,267.9216953509259,269.35394287109375,4492500.0
2021-06-17,269.5941238748142,271.51566922478656,266.90753313055507,269.6564025878906,4481100.0
2021-06-18,266.2136452941753,270.28801428599223,265.4574774634679,269.20269775390625,8792700.0
2021-06-21,271.551364401603,274.6382884506027,271.21331085727206,273.6419372558594,3774200.0
2021-06-22,275.0030075415186,280.1449123155166,274.26462177367824,278.1877746582031,4418400.0
2021-06-23,277.5738209114096,279.03278235088817,276.3372872924306,277.2624816894531,2564500.0
2021-06-24,278.5524785612929,280.0825967607902,277.26257053956306,277.4137878417969,2649200.0
2021-06-25,277.76963385893447,280.6341566237112,277.15580561301596,279.0061950683594,11733500.0
2021-06-28,279.03280122588086,280.4650486190265,276.99560333115306,279.5843505859375,2635400.0
2021-06-29,280.9277277953568,284.93981870474283,280.7231093400267,283.10723876953125,3150100.0
2021-06-30,282.8402913601097,284.930863184707,282.6178906798019,283.6854248046875,3061500.0
2021-07-01,284.5929114527242,286.1764037761385,283.3385679099617,286.04296875,2578000.0
2021-07-02,286.9235846830141,287.4484470674687,285.87385991410497,287.0748291015625,2201600.0
2021-07-06,287.1904794989069,288.0800823593729,281.82617533623755,284.0146179199219,3109500.0
2021-07-07,283.3296011397585,288.60496663833385,283.1161051446948,287.76873779296875,2939900.0
2021-07-08,283.8456034406655,284.9664846321752,280.04698168766726,283.3741149902344,3663000.0
2021-07-09,285.15329203263775,287.6174820403948,284.83302090412724,286.53216552734375,2587400.0
2021-07-12,285.62483691610305,288.23136714656556,285.1444437026041,286.2208557128906,2521800.0
2021-07-13,286.8436186412301,287.5997866872338,281.8529312564306,282.04864501953125,3213800.0
2021-07-14,283.5609809266571,284.7263587861908,282.90268333689863,283.9790954589844,3381600.0
2021-07-15,282.34213877563275,287.30611041503863,282.3243293447188,287.0837097167969,2603900.0
2021-07-16,288.23138462426243,290.2596784671586,285.9184112932506,286.04296875,3623700.0
2021-07-19,282.88477826939743,283.7832857613728,280.1448136625684,283.6676330566406,3752600.0
2021-07-20,283.338496777387,290.1261706043892,283.1338783563242,289.4322814941406,4251700.0
2021-07-21,291.43387541711064,292.20782548998034,289.09421576789265,290.33074951171875,2832600.0
2021-07-22,291.73631612008506,291.76300311555684,289.4144389199588,290.5976257324219,2208100.0
2021-07-23,293.0975012209524,296.638130931101,291.73640971817053,296.095458984375,2786400.0
2021-07-26,293.6312670857151,294.95676686078286,290.7934313596821,294.61871337890625,2752000.0
2021-07-27,295.16133905888097,295.2414000580614,290.0639049228626,291.1314392089844,2910300.0
2021-07-28,290.3841909411907,292.9729114928562,288.8629504332726,289.5835266113281,2376200.0
2021-07-29,290.4464858200891,292.28797061571663,289.51241349400385,291.28271484375,2172400.0
2021-07-30,290.76673654603024,293.66682377093963,290.31303034322104,291.95880126953125,2381200.0
2021-08-02,293.5690121890314,293.5690121890314,290.38424515366773,291.0959167480469,2016400.0
2021-08-03,292.10109834494534,296.2466508428627,291.81641892010845,295.2947692871094,2405900.0
2021-08-04,294.1828105550096,295.2770319898885,293.0263375446394,293.8447570800781,1783700.0
2021-08-05,295.312563926137,298.9065671566312,294.5386137656562,296.3356018066406,2284000.0
2021-08-06,297.7411845420775,298.648569689334,292.78609007697986,293.4266052246094,2656600.0
2021-08-09,292.8839347074315,294.5208005741676,291.1847901300939,292.4658203125,1995300.0
2021-08-10,292.38577727431544,296.45124161893233,291.0335635828939,294.88555908203125,1868100.0
2021-08-11,296.94946322401086,301.17507736989535,296.5936274624841,299.79620361328125,3258600.0
2021-08-12,300.1075343691904,300.83701524004726,295.59724129144803,297.1451416015625,2554200.0
2021-08-13,297.0028890621038,298.72872131264575,294.4408548428826,294.7433166503906,2217000.0
2021-08-16,294.200588794159,298.57744732493984,291.76308535890865,298.06146240234375,3496300.0
2021-08-17,285.5625802067603,287.86664885777,281.6572097701457,285.3401794433594,9322800.0
2021-08-18,284.085834229779,291.6652424289841,283.78337245113437,286.0518493652344,4880600.0
2021-08-19,283.59652213401307,289.28997538559486,282.7157967832534,287.2527770996094,2974700.0
2021-08-20,287.0214654025861,293.28424967629735,286.87022097861217,292.892822265625,2929900.0
2021-08-23,293.5689830999618,294.0404715929388,291.2382276385085,291.5584716796875,2792700.0
2021-08-24,292.46580203984183,292.53695831285313,288.68499043944234,289.03192138671875,2359500.0
2021-08-25,288.3646946616945,290.50864031414966,287.4395003005997,288.12451171875,2586900.0
2021-08-26,287.5285893815685,289.11208169815205,285.56257427552794,285.9895935058594,2952300.0
2021-08-27,285.45583245179586,288.2758589311868,284.3616109213662,287.6798400878906,2985400.0
2021-08-30,289.9304452271702,293.12411594888164,289.3077124218911,290.98907470703125,2926900.0
2021-08-31,290.90013515756436,292.029921016053,287.8932731476458,290.170654296875,4183100.0
2021-09-01,291.0916455285965,291.28835433137635,286.37066154843814,289.37493896484375,3339100.0
2021-09-02,290.61772855020064,293.4342195651266,289.4285531568962,293.0408020019531,3109000.0
2021-09-03,290.88596016595585,295.86624786002267,290.7339740470199,295.36553955078125,2774800.0
2021-09-07,295.98254237671847,297.35055412852194,292.289797460092,294.1227722167969,2555200.0
2021-09-08,294.1226847775267,296.78716212523295,292.942432205045,296.4742126464844,2219500.0
2021-09-09,297.25219144012726,298.3966715971914,295.83945711850413,296.6441650390625,3011900.0
2021-09-10,298.6380619964186,299.7378467185484,296.35805177903325,296.80511474609375,3178600.0
2021-09-13,299.4874463792029,301.45450675909046,297.52035871276144,299.93450927734375,3908700.0
2021-09-14,300.4531057651356,301.75852185495586,297.2253245712429,297.8511962890625,2857200.0
2021-09-15,298.06581807507297,299.23714819081465,295.15098598911607,298.07476806640625,2875500.0
2021-09-16,299.28179178982015,302.0714599472114,298.7900335096399,300.7749938964844,3043800.0
2021-09-17,299.48748435709416,303.6898597605878,299.48748435709416,300.1312561035156,7098400.0
2021-09-20,296.6977863110576,299.88089962856174,293.65776369894104,296.1434326171875,4036600.0
2021-09-21,297.7707961713604,301.293654977459,296.84984743493743,298.8348083496094,3171100.0
2021-09-22,300.2921904298317,303.10868157119063,298.15521642091215,300.36370849609375,2872800.0
2021-09-23,302.0715122738968,303.57363734399877,300.06867884709413,300.3458557128906,2426600.0
2021-09-24,301.1236622586518,302.07143334952985,300.0238777875905,301.75848388671875,2004900.0
2021-09-27,301.20415004892965,307.3467898509486,301.20415004892965,305.26348876953125,2966100.0
2021-09-28,305.227799654791,305.227799654791,297.26113342283884,298.4592590332031,3304100.0
2021-09-29,298.0657767047835,303.00136880133476,298.0657767047835,301.2578125,2424000.0
2021-09-30,302.4291894627931,302.84942980198326,292.94252507440507,293.5058288574219,4255000.0
2021-10-01,293.40742312529824,297.5025352301145,290.2153869558022,294.9363708496094,2814200.0
2021-10-04,293.7203478594462,295.60694034480167,289.8398448637873,291.9052734375,2919900.0
2021-10-05,292.2897887713387,297.01972302971444,291.7801303941447,294.5966491699219,2514300.0
2021-10-06,293.41636221935585,295.6427270059808,290.94856597337144,295.3834228515625,2226800.0
2021-10-07,298.1910328619181,303.30543487682934,297.61877910160524,301.7496643066406,2789500.0
2021-10-08,297.74398249013547,299.89882960176385,295.84843958007224,298.9421081542969,2912200.0
2021-10-11,300.0687526662231,304.7718378369808,299.1746264826447,301.293701171875,2589100.0
2021-10-12,303.2338888734743,304.94164543195797,301.67809116000706,302.0357360839844,2960300.0
2021-10-13,301.60655157153866,304.21738388820455,300.9180571732807,302.46490478515625,2477400.0
2021-10-14,304.4766796984734,307.9101197454779,304.0922121253202,307.6239929199219,2824300.0
2021-10-15,309.8503456171181,313.7934434562821,309.1439786330797,313.31060791015625,3473500.0
2021-10-18,312.04990961893816,318.2640949514729,312.04990961893816,317.4236145019531,3487500.0
2021-10-19,319.14931344842,320.17755281644406,316.8961259151931,320.088134765625,2375600.0
2021-10-20,319.8646246003308,321.5008904510442,318.49661291995324,320.3027648925781,2574800.0
2021-10-21,320.2759314219476,326.22186362899566,320.20438606430935,326.0162048339844,2885400.0
2021-10-22,326.3559130675508,328.17098732821773,323.8076491109455,327.2410888671875,2734700.0
2021-10-25,328.3230069275922,332.31080038272154,327.2410950558492,331.9531555175781,2923400.0
2021-10-26,333.85771822534485,334.4478173696154,330.0040100849364,330.111328125,2989500.0
2021-10-27,330.71029039778705,335.43127331787497,330.2095821552439,332.9009094238281,2840300.0
2021-10-28,333.50894008889577,334.349420565878,331.622347654036,332.2303466796875,2553500.0
2021-10-29,331.1216947412743,335.431388937613,330.8534678355114,332.3824157714844,3820200.0
2021-11-01,333.5090132525127,334.01867164459554,326.0877780277381,327.6793212890625,3380500.0
2021-11-02,327.4288790522484,329.8340796384775,326.30227181193993,328.4034729003906,2367100.0
2021-11-03,327.81335795959404,330.2543040161261,326.5794599463095,329.9056091308594,2378800.0
2021-11-04,331.5239860862021,333.71460536315595,330.2990380208697,332.7757568359375,3210000.0
2021-11-05,334.2331898149754,334.7696707951425,328.65385310897267,329.3959655761719,3090200.0
2021-11-08,331.02328649312415,333.42848730856576,328.9042125098782,329.56585693359375,2357200.0
2021-11-09,330.53154991667435,334.29581250286583,329.67316936361345,331.40777587890625,2183300.0
2021-11-10,329.2617742687741,331.9083785819294,328.78788876047383,329.55682373046875,2161400.0
2021-11-11,331.7206887477691,332.6148145934504,327.0980461195123,328.7074890136719,2387300.0
2021-11-12,330.0397405323274,333.95601625343767,327.87597118272316,333.1781311035156,2793300.0
2021-11-15,334.75181824426824,335.18098122498145,330.19177056828556,331.792236328125,3650600.0
2021-11-16,341.55608072857615,352.6253633128015,338.8737031312313,350.7923889160156,8648200.0
2021-11-17,351.23944160213523,357.1406776014473,349.43331722910693,353.04559326171875,4647000.0
2021-11-18,355.8621179973401,363.4979610338006,354.15433420693574,362.8810119628906,4503700.0
2021-11-19,364.4725777647725,366.6810700278742,361.3252368502933,365.42034912109375,3542000.0
2021-11-22,366.4127837135549,372.45708354258477,365.42926705063127,365.5097351074219,4006400.0
2021-11-23,362.7200622569244,366.3054885254589,360.34168411215717,365.1341857910156,3557000.0
2021-11-24,360.9228032050736,369.0504029911093,360.22538621214306,368.4781494140625,2676300.0
2021-11-26,364.14163352933815,370.29322257968204,359.66205513640307,360.0644226074219,3007800.0
2021-11-29,363.81983960233197,367.3158753028266,363.05090439132425,363.7483215332031,3725500.0
2021-11-30,360.8603060622354,365.1878725918306,357.87392852147775,358.19580078125,7773500.0
2021-12-01,360.99698572864554,368.3322183173598,359.3270465925607,359.5066223144531,3516200.0
2021-12-02,360.7545387223117,368.736204567408,360.02730371722924,366.1055603027344,3705000.0
2021-12-03,367.9731088454287,373.4318657745917,363.12486555582433,366.14154052734375,5237500.0
2021-12-06,371.2680955665504,377.6336631518587,369.20311174374035,373.2253723144531,4624500.0
2021-12-07,374.3925025661076,375.79310541972615,370.8191541886208,373.6562805175781,4204500.0
2021-12-08,373.6562445402146,376.9512694307736,366.56344310045245,369.22998046875,4079400.0
2021-12-09,368.825958554265,372.82128490920064,366.5724397382451,369.310791015625,3822900.0
2021-12-10,370.0739869832668,373.1445289747749,368.3411936594491,372.95599365234375,2625200.0
2021-12-13,372.9559682209605,373.9435797939348,363.17868214702844,363.8340759277344,3766400.0
2021-12-14,362.2270466688195,364.229176337637,357.40570953320724,361.1047668457031,4662800.0
2021-12-15,359.6861848812046,366.2492750049824,358.5818790859992,366.14154052734375,4421400.0
2021-12-16,366.6712117607745,367.0931900166506,357.4415847636216,358.70751953125,4632800.0
2021-12-17,356.4090727215119,357.31588341979926,347.83486740794365,348.337646484375,11097500.0
2021-12-20,345.0246828002969,350.3038906236755,341.9810472574572,349.612548828125,4294800.0
2021-12-21,351.61478224615286,353.52715155829856,344.0820264897722,350.57330322265625,3038200.0
2021-12-22,351.049081047909,355.33169040815994,349.1277250996659,355.2149963378906,3267800.0
2021-12-23,357.5942474946329,358.98586341911323,354.29922210652336,356.4989013671875,2743900.0
2021-12-27,358.2675458573218,363.1247749411189,357.52233690726615,362.8015441894531,2228300.0
2021-12-28,363.6096865327055,365.43226792385235,361.8230257688049,364.7140197753906,2521400.0
2021-12-29,364.8575915000255,370.2355465759721,364.7947372665619,368.86187744140625,2209300.0
2021-12-30,369.76867948464246,371.1962158147001,366.6711769009489,368.0538330078125,1804400.0
2021-12-31,368.0987423006473,373.97051716677277,368.0089818471705,372.6058349609375,2386100.0
2022-01-03,374.00642356482143,375.1466497947918,362.0563923647314,366.8866882324219,3715700.0
2022-01-04,366.88662823674247,371.34878497211173,366.48259667990845,370.657470703125,3266500.0
2022-01-05,371.6990584842826,371.89658081906697,365.243703078557,365.6297607421875,4443200.0
2022-01-06,366.814921288471,367.2728202339184,361.8409693340789,364.301025390625,3315100.0
2022-01-07,362.1461766299315,362.8015978348043,352.7370012140651,353.39239501953125,4520700.0
2022-01-10,347.81686031452614,347.98744899202535,341.98999386548996,347.8707275390625,6440000.0
2022-01-11,348.41850796843437,351.80329401839964,345.05166853167765,347.16156005859375,4385400.0
2022-01-12,348.61597765708177,353.2487513102629,346.90113107503834,349.612548828125,3623300.0
2022-01-13,352.4048141695586,354.0208859840517,346.4342642229214,347.4398498535156,3466300.0
2022-01-14,342.36710057282943,342.97764151435223,333.5415056290165,333.99041748046875,6336200.0
2022-01-18,328.69329260300646,330.47995316427284,323.24349566157264,329.24993896484375,6435200.0
2022-01-19,329.66289250495885,331.02760203524736,322.686812369676,322.9382019042969,5175100.0
2022-01-20,324.41060329103107,324.87748911873746,313.3583964914279,313.8611755371094,5440600.0
2022-01-21,315.7825611055013,323.2973412868179,311.7064337292345,313.4302673339844,7718400.0
2022-01-24,308.65382996442764,327.14900363281384,308.50118787994944,326.6372375488281,8584300.0
2022-01-25,321.5466125841586,324.5812338588276,316.2045502851905,322.30078125,5536700.0
2022-01-26,323.2165260954421,328.51368034879204,318.23361561123244,320.7744445800781,6103300.0
2022-01-27,323.60258626674624,326.9155578774185,317.7487856671027,320.01129150390625,3941000.0
2022-01-28,323.369185091335,329.24991956673705,316.788121802667,329.08831787109375,4551300.0
2022-01-31,327.535078336847,329.86942555455033,325.20073111914365,329.4833679199219,4084600.0
2022-02-01,331.7189633940633,332.8143095356554,325.34440887822086,331.02764892578125,3406800.0
2022-02-02,330.7403684064315,336.387688336537,330.1837219795061,335.5437316894531,3839300.0
2022-02-03,332.3653296621896,334.09812268118304,326.0895512963185,327.5350341796875,4009700.0
2022-02-04,326.3589719190267,327.4094378871336,318.0541012443335,322.9203186035156,3728100.0
2022-02-07,323.4500426279327,324.8326716877455,319.1225249123257,320.8373718261719,2809300.0
2022-02-08,320.8373339514882,325.89208622764227,318.54786686792994,324.5094299316406,3225100.0
2022-02-09,327.98400170815324,329.9143173483759,325.9100309757149,327.1400451660156,2777500.0
2022-02-10,322.17512823313075,325.91007898267975,316.8151184001664,318.80828857421875,4291800.0
2022-02-11,318.44916854955824,320.828396458967,312.94550353306585,314.4987487792969,3308700.0
2022-02-14,312.4426656509187,316.8509835605314,311.39219980549143,315.638916015625,3654300.0
2022-02-15,319.2302365200165,320.9002030795671,315.4773395133118,317.1652526855469,3552500.0
2022-02-16,315.58496520452115,316.8059920319792,310.3955463890259,314.31903076171875,3594900.0
2022-02-17,313.33152852118906,316.3123102017765,311.895032317955,312.3888244628906,3927000.0
2022-02-18,312.7928407887627,314.77702367658264,308.94116908936485,311.4281311035156,5526100.0
2022-02-22,300.85177047853773,302.28829402230167,280.43526626341986,283.8649597167969,19752800.0
2022-02-23,286.6930861055831,287.66272369876106,275.7216787968634,276.9337463378906,11026000.0
2022-02-24,269.34713580576,281.4138896818106,268.70968858952045,281.23431396484375,8416700.0
2022-02-25,281.1804487813048,285.0051869054647,276.1436704567012,284.2958984375,6510600.0
2022-02-28,280.99189910138097,283.78411780190993,278.75632673990236,283.5596618652344,5735100.0
2022-03-01,282.44642007954934,289.4853562340722,281.7012382912552,287.5281066894531,5640900.0
2022-03-02,288.25529695619895,297.3502561160674,287.0162957716197,293.9205627441406,5645600.0
2022-03-03,295.554582374832,296.89233090363695,289.84440946508295,291.21807861328125,3858400.0
2022-03-04,289.2878016863874,293.2831285942718,286.86369384290276,291.12835693359375,3630900.0
2022-03-07,291.12830320321297,295.9226781681837,287.4023131658007,289.79052734375,4670000.0
2022-03-08,287.07919826752953,294.92617055635026,283.6674783331062,284.3767395019531,5092500.0
2022-03-09,289.0374282880236,291.2593957998557,286.2554551692445,286.50836181640625,4443600.0
2022-03-10,283.943105908413,287.46577131383697,278.87593216159553,287.1767272949219,3895200.0
2022-03-11,288.3870946873828,290.6542408497264,285.63221770852687,286.1380310058594,2973300.0
2022-03-14,291.6659515431088,292.6504822651797,285.61421758147213,287.5561828613281,3604200.0
2022-03-15,289.3536346096709,298.2324930103485,289.33555212482617,296.7511901855469,3775300.0
2022-03-16,299.49697189263867,301.6376785989089,292.8581652076238,298.8918151855469,3942400.0
2022-03-17,297.2931024836635,303.8144836425781,296.1188712761913,303.8144836425781,3123200.0
2022-03-18,301.34862321719316,307.7706604003906,300.15633719984396,307.7706604003906,9409600.0
2022-03-21,305.3319132076824,307.725498836452,295.43236169567655,297.50079345703125,4521200.0
2022-03-22,297.4556562489894,299.24405773263317,292.65944352779564,297.82598876953125,4852800.0
2022-03-23,295.26983440764144,296.43502442463523,285.2890203153979,286.3728942871094,5207700.0
2022-03-24,286.46317557202605,288.4954699357063,283.8889305317464,285.2257385253906,4599900.0
2022-03-25,287.66444282265115,287.95345923380165,278.4694208469545,280.619140625,5176500.0
2022-03-28,280.90824762119126,283.93411367925836,279.3095192863381,283.8708801269531,3936600.0
2022-03-29,286.2465029238888,289.9407603949813,282.64257519017156,286.9690856933594,5306100.0
2022-03-30,282.8141143471561,284.7380243873018,276.48240611242085,278.6140441894531,7223800.0
2022-03-31,276.5816789386224,278.162352174798,269.9699695513752,270.36737060546875,11044600.0
2022-04-01,271.4242288875869,274.0165290925578,269.97903613263793,272.67974853515625,5554600.0
2022-04-04,272.31837839341364,276.82557399969227,270.5841694658457,276.01263427734375,4659500.0
2022-04-05,276.62683470614667,279.1920380382074,272.968688980213,275.3622741699219,4376100.0
2022-04-06,269.2474301817686,271.5687689589675,266.44737420144895,269.6539001464844,6499900.0
2022-04-07,268.07316799252044,275.1184437018192,265.1827829214079,273.45648193359375,5241000.0
2022-04-08,272.29131929189253,282.0734453614699,272.128742351202,281.0075988769531,5741900.0
2022-04-11,278.0269193938361,283.7715528801363,276.32882001383064,277.0423889160156,4100600.0
2022-04-12,279.49919840194656,282.9766855118395,275.5791315458926,276.65399169921875,4122600.0
2022-04-13,276.4914310499556,281.5405787381669,276.13918095819776,280.3844299316406,3185300.0
2022-04-14,280.75469148409974,282.0373072194839,274.88361863565575,275.05523681640625,4569200.0
2022-04-18,273.68228395630865,276.65395739792575,269.81640989278327,271.1622314453125,3192400.0
2022-04-19,271.52354115376187,278.31593805395966,270.80095864149894,278.0178527832031,3389700.0
2022-04-20,280.9082397457108,285.5147790937202,279.77918733515725,284.6476745605469,4720800.0
2022-04-21,286.32770969872195,287.5922429667742,279.77016405650824,280.3301696777344,3014200.0
2022-04-22,279.84246066782873,279.84246066782873,270.7739026989537,271.07196044921875,4043200.0
2022-04-25,270.97261344114463,275.63334570010346,267.60351069071294,275.43463134765625,4396900.0
2022-04-26,273.00486354839194,277.8010758194463,270.71966265006427,270.9364318847656,3415200.0
2022-04-27,272.1467965127076,276.77141858710957,270.1777356193408,272.41778564453125,3446200.0
2022-04-28,275.26299150566695,284.1057381469835,273.6913592920337,281.5947265625,4149500.0
2022-04-29,278.33404966677176,281.5586306032349,270.7106840810396,271.33392333984375,4878200.0
2022-05-02,272.7700635676835,278.91212617508893,270.8913321928572,277.2682189941406,4233900.0
2022-05-03,276.11204380679715,279.1017725633796,273.70037558528037,275.4526672363281,3336600.0
2022-05-04,274.6577623482403,285.1986065871744,273.6190397611901,284.8011779785156,4021300.0
2022-05-05,280.9082300436394,281.2333838955656,265.2911699221172,270.1686706542969,4959600.0
2022-05-06,267.63054177663304,268.03701162386784,261.40721993477484,265.8330993652344,4325300.0
2022-05-09,262.1930943484997,271.6409982275092,260.58532464392823,268.28997802734375,5243600.0
2022-05-10,269.5815698863519,271.93904558016567,259.82656838753235,262.9879150390625,4392900.0
2022-05-11,263.2498406587336,264.9479121336419,255.229048850399,255.581298828125,3880500.0
2022-05-12,254.32589553151743,264.8125235275311,253.4768457162181,261.66021728515625,4447700.0
2022-05-13,261.89498982091146,270.4486913863012,260.54012702321353,267.3866882324219,3949100.0
2022-05-16,265.6253904408436,270.584207675445,261.7505021773548,267.3505859375,4267900.0
2022-05-17,276.84357726437986,280.85397256272074,262.75300142410765,271.8305969238281,12425900.0
2022-05-18,264.64987557756854,266.85378800940174,253.97354974930767,257.5865173339844,7799500.0
2022-05-19,257.87562565487224,264.1983205045539,257.387867191192,259.9169616699219,5211500.0
2022-05-20,261.77756913678036,262.3917670016562,252.53739475072533,259.40203857421875,5621800.0
2022-05-23,261.118196562682,262.2472489333557,253.196775053347,258.3542785644531,4305600.0
2022-05-24,256.5207414482261,261.3259957556859,253.49487507664188,260.06146240234375,4241900.0
2022-05-25,258.1555975618391,266.8989736332035,258.02011677282434,265.1647644042969,4612900.0
2022-05-26,268.55192184075094,276.05786076136565,268.2628777811349,273.5107116699219,4170800.0
2022-05-27,274.1701085935421,278.65018159077454,272.4178167537223,278.6140441894531,3899300.0
2022-05-31,276.9339687196887,278.08107599556985,271.72224537797524,273.45648193359375,5966600.0
2022-06-01,274.2653934588008,275.39250551036326,269.98426499912534,270.12969970703125,3080800.0
2022-06-02,271.6022801300047,278.1648744545131,268.9481720920581,278.0194396972656,4086400.0
2022-06-03,275.7106441669468,280.37354270461856,274.41085773221613,277.3013000488281,2956600.0
2022-06-06,277.73762078613856,279.6009495490948,275.6379571159208,276.2196960449219,2562000.0
2022-06-07,268.1937024888035,274.84719629606735,265.957702279059,274.292724609375,3547800.0
2022-06-08,272.483972335958,273.2111184182051,268.7572862520405,270.4388427734375,3003100.0
2022-06-09,270.64787547106795,278.93746178830435,270.27520413695356,272.556640625,4168400.0
2022-06-10,264.9578530539103,269.5025846671849,262.3582798857606,262.90362548828125,4623900.0
2022-06-13,258.4679773050483,260.7040053545375,255.6684346813701,257.37725830078125,4704600.0
2022-06-14,257.4227088515744,260.30408121937336,251.40548796577485,253.29611206054688,3987000.0
2022-06-15,255.41393444366707,257.7681022545401,250.38746203908025,254.25958251953125,4050400.0
2022-06-16,249.88752159410478,250.96914213931163,245.17008821782835,248.56044006347656,6181000.0
2022-06-17,246.32449186312553,251.4327665550608,245.77004783446287,246.07908630371094,10775600.0
2022-06-21,248.76956103323445,248.97862870684784,243.0704766651517,244.6884002685547,5498400.0
2022-06-22,242.13425067474853,247.0243591245512,240.4254269631487,244.48841857910156,4678400.0
2022-06-23,245.41549422418686,250.49650057224173,245.31552344859006,250.3419952392578,3747500.0
2022-06-24,252.2053394254837,257.64991906857904,248.97859104784607,257.2318115234375,10310700.0
2022-06-27,258.55895988420855,259.04979884890577,255.85938718665014,256.95013427734375,2538600.0
2022-06-28,257.94080850492395,259.59509761167305,245.25192451685555,245.55186462402344,4052100.0
2022-06-29,246.85165617946853,251.01464631076584,244.33388458571417,248.9331512451172,2460500.0
2022-06-30,246.07904196217888,251.8144909002017,243.63397419431107,249.29669189453125,4058000.0
2022-07-01,250.62378364960023,255.18668427831798,249.55120588972528,253.66873168945312,2818300.0
2022-07-05,250.4147464872734,257.8953857421875,249.98754054705168,257.8953857421875,3241300.0
2022-07-06,259.0405590736141,259.8859000898411,254.9775686004455,257.7589416503906,2206100.0
2022-07-07,257.08639675530503,260.84034983001675,255.82297568198982,260.5858459472656,3133900.0
2022-07-08,259.94959048647917,261.7674834153432,258.05899404555225,260.3858947753906,1891000.0
2022-07-11,259.21335666540693,263.22181406606944,259.17701877731247,260.3132019042969,2453200.0
2022-07-12,262.6582320094155,266.9030237359176,257.60449244285917,259.1587829589844,2696100.0
2022-07-13,255.98654814972062,263.40355320648524,254.28682302524447,261.03118896484375,2941600.0
2022-07-14,256.1865009506806,263.85800936528375,256.0047006088068,263.12176513671875,2822200.0
2022-07-15,267.9665308751028,268.5482699832447,264.4580104977322,265.7850646972656,2647200.0
2022-07-18,270.1843156876708,271.31140034009803,265.4123471179138,266.3667297363281,2664000.0
2022-07-19,268.53909806291273,272.6929893262666,266.603037998692,272.52935791015625,2614900.0
2022-07-20,273.52928377412826,276.037985175701,271.12058091913525,274.7745361328125,2533400.0
2022-07-21,275.2744388863719,277.4559048261799,271.656822016823,277.2286682128906,1965000.0
2022-07-22,279.64643789623136,282.3823752913123,276.64689829227854,278.6738586425781,2391500.0
2022-07-25,278.86479653904894,279.43743731627956,276.1652241169959,278.27398681640625,1910500.0
2022-07-26,269.95708246705834,273.26566069813424,268.96633421360133,271.0296325683594,2690200.0
2022-07-27,271.0569026834162,272.9656957029182,265.22148223215487,271.69317626953125,3233700.0
2022-07-28,268.1391692390803,273.8109855018101,266.47580964855155,272.34759521484375,3992100.0
2022-07-29,272.6839486707604,273.99283384348774,270.3479495198246,273.5383605957031,3236000.0
2022-08-01,273.26563325494925,280.3645017507629,272.69299263870664,277.9739685058594,3303900.0
2022-08-02,277.5922148291168,277.78308579923896,272.69300833703613,273.3292541503906,3091000.0
2022-08-03,275.7288690789976,280.0190967778619,272.9929318055719,278.473876953125,3329400.0
2022-08-04,276.81054683125205,281.7461191688715,276.7196466426926,279.2010803222656,2718400.0
2022-08-05,277.5740810659229,281.57344003829894,276.77420372367857,281.49163818359375,2029100.0
2022-08-08,283.4639663313059,287.04521680220876,282.17327818039803,283.56396484375,2505100.0
2022-08-09,280.7644998917008,281.7370515727711,275.69256284834825,277.4195556640625,2607000.0
2022-08-10,281.31890689317464,284.48205030722977,280.90986992331807,283.2095031738281,3863400.0
2022-08-11,285.26365700870394,285.97263389769483,281.3915375248424,282.4004821777344,2444100.0
2022-08-12,284.1456849708138,286.25444701031194,281.9369521545622,286.2181091308594,2273800.0
2022-08-15,283.62762153485215,287.00890300338824,281.9096996507256,285.9635925292969,3917300.0
2022-08-16,284.48203986632507,302.6609669466715,284.391139683155,297.57086181640625,10089800.0
2022-08-17,298.2161908467313,299.497808469602,294.56223667475376,296.0983581542969,3162600.0
2022-08-18,295.37124360212584,298.079914128114,292.88073909613684,295.5984802246094,2899600.0
2022-08-19,295.38033213580184,296.6074154042386,290.6537994495433,292.06268310546875,3489100.0
2022-08-22,289.12677513185724,290.62653123789653,283.327692298917,283.78216552734375,3144200.0
2022-08-23,282.8731530190012,283.15492413572406,277.8103435180262,278.9555969238281,3317500.0
2022-08-24,277.2741372182535,281.7552648435804,275.9107173773399,280.0555114746094,2495600.0
2022-08-25,280.53727118739454,281.73705952912144,277.98310591058436,281.5734558105469,2529700.0
2022-08-26,282.046069637736,283.14591480366846,270.8842084482095,270.9569396972656,3315500.0
2022-08-29,269.56625638877995,272.4203338287504,267.4938595842233,269.3390197753906,2711800.0
2022-08-30,271.37494734984165,272.5929318039468,265.11232309996615,266.412109375,2892400.0
2022-08-31,267.1532405142075,267.5740761147802,263.7407392682709,263.86883544921875,4376200.0
2022-09-01,263.8505211321523,268.58957728988645,262.31353447340024,268.3974609375,3742500.0
2022-09-02,270.9041440953284,271.5354112935315,265.4240412353856,267.0525207519531,2753600.0
2022-09-06,268.26017249121276,269.43121366130083,262.8075146604736,264.8934326171875,4110000.0
2022-09-07,265.71688368941045,272.35889978313276,265.5887875052039,272.1484680175781,3016000.0
2022-09-08,270.8035676362248,274.63690415493187,269.46785515394924,274.37158203125,2703200.0
2022-09-09,273.9873913024102,276.74115226071467,272.9352603501462,274.252685546875,2769200.0
2022-09-12,275.1950046021489,277.05220389098486,271.12381849441743,272.2125244140625,3632900.0
2022-09-13,267.15324288524835,269.0470170645484,253.71369746225486,254.27175903320312,4797200.0
2022-09-14,255.616629555379,255.74472573756873,249.91696368420608,252.81710815429688,4194400.0
2022-09-15,254.2351637939225,254.3449445584859,247.51081276613314,248.42568969726562,3896100.0
2022-09-16,246.147616291365,253.0183506753261,246.01039034171623,252.47857666015625,9535100.0
2022-09-19,250.29205159998233,257.29088338360725,250.22803142541494,256.5498352050781,3047200.0
2022-09-20,253.31114167405033,255.04940234511574,248.27016060011408,250.8318328857422,2940700.0
2022-09-21,252.50602294285324,256.28446898522117,248.39823461990295,248.453125,3173500.0
2022-09-22,248.13298900569012,248.13298900569012,245.04985738708262,246.2300567626953,3515800.0
2022-09-23,245.0863460636132,248.20605121300068,243.64998286474275,247.876708984375,3527900.0
2022-09-26,248.32508369803946,250.2737763815096,243.00049229359524,243.88792419433594,4181800.0
2022-09-27,246.43125028221198,250.3926832463579,244.25386651936824,245.81829833984375,3701000.0
2022-09-28,251.7924349679776,259.3676149873221,249.49608489212207,258.16912841796875,5816600.0
2022-09-29,254.8023485805425,255.03106778240797,251.3441153651297,254.6376495361328,4518600.0
2022-09-30,254.1711605348334,257.80322370879065,251.37163886541717,252.45118713378906,4789100.0
2022-10-03,257.08050992859296,261.70978662823967,255.75392673433575,259.5506896972656,3580000.0
2022-10-04,263.02712935359773,266.51280838205383,262.1671427666466,264.9117736816406,3641300.0
2022-10-05,261.88353085265487,267.2446964582864,261.0784346574461,265.1770935058594,2728000.0
2022-10-06,264.9117790411758,268.0315129280485,263.2741414112121,265.671142578125,2641500.0
2022-10-07,263.0545756428781,264.0609458998717,258.37956769969514,260.1178283691406,2406000.0
2022-10-10,259.4225385693328,260.611867587053,256.3668525196501,258.4161682128906,2115400.0
2022-10-11,257.1719326498816,261.8378109767726,256.9889460802661,258.8095703125,2771900.0
2022-10-12,260.20937010900184,260.4106441978835,256.6138817067146,256.6413269042969,2258200.0
2022-10-13,251.28013916941646,260.58442332779896,245.85492484998076,258.7546691894531,3881600.0
2022-10-14,262.24034311015964,262.24034311015964,252.4603062527058,252.89942932128906,2783100.0
2022-10-17,255.7996295990839,259.70614456419815,255.5617526309611,257.3183288574219,3426700.0
2022-10-18,263.438869029416,265.18625970050965,259.1206480511669,260.79486083984375,3166500.0
2022-10-19,258.42529518123536,258.69974710042567,249.77969676896282,252.03944396972656,4323000.0
2022-10-20,251.53627134232374,254.33579258103225,245.06808459283135,246.52273559570312,3959500.0
2022-10-21,245.49809703365685,252.24073622687874,245.18704219617575,252.07606506347656,3429100.0
2022-10-24,253.39345722754842,260.2550340078158,253.39345722754842,259.1480407714844,2937100.0
2022-10-25,261.2065196669098,267.2630004403579,261.2065196669098,265.55218505859375,2791600.0
2022-10-26,265.86330500595784,267.025188933709,261.81040593782825,265.45159912109375,2615000.0
2022-10-27,267.00684875720685,269.2208353851802,264.81114961745925,266.2840881347656,3041500.0
2022-10-28,265.3142574878428,273.6945318678375,265.3142574878428,273.2279357910156,3243100.0
2022-10-31,269.3489263971947,273.804372679786,267.64724075063714,270.9225158691406,4210900.0
2022-11-01,274.80160773734326,276.48497811422095,268.3791810681851,270.8584899902344,3309100.0
2022-11-02,270.0717215653971,274.61866170886856,263.96032153380736,264.1524658203125,4426400.0
2022-11-03,259.43170512377634,261.609117082034,256.6321834402546,257.53790283203125,4823900.0
2022-11-04,261.55413281793886,264.2530025338418,253.87830332665564,259.8524475097656,4401600.0
2022-11-07,262.11223392528274,266.8696050108803,258.763781094392,265.5613098144531,3260200.0
2022-11-08,267.5374710174477,268.37001242727246,263.14607264105314,266.3572998046875,3371800.0
2022-11-09,264.3994768536808,267.60154664256623,261.89272258187134,262.34100341796875,3071400.0
2022-11-10,272.3954721262521,287.94838130214436,271.79164994904363,285.16717529296875,7794000.0
2022-11-11,285.4416374336552,290.638132337457,283.8314449035295,288.1313781738281,4945400.0
2022-11-14,287.600664213575,289.08278811710096,280.2633621560689,280.79400634765625,6394800.0
2022-11-15,278.1774565197924,289.67746537976257,277.43640849490896,285.3775329589844,9290400.0
2022-11-16,279.824258954708,289.4762278198543,278.58919737086694,288.1039123535156,5249500.0
2022-11-17,285.44161965009044,286.97860628590865,280.08958369768527,284.9292907714844,3642100.0
2022-11-18,287.39951185420364,289.1011698957405,283.84978416172805,286.5212097167969,3559300.0
2022-11-21,289.9794905431297,291.69946427115093,287.45444827333375,289.8148193359375,4069000.0
2022-11-22,292.76064592658724,299.00011389365704,292.1934266422774,297.2252502441406,6054700.0
2022-11-23,298.94522472819585,299.91499213820555,293.1631952467499,294.1421203613281,4243400.0
2022-11-25,295.40465284846596,301.0677158864826,294.4989056179054,298.5975646972656,3393500.0
2022-11-28,297.38997543897614,300.81160717556753,290.79371875453313,291.77264404296875,4733700.0
2022-11-29,289.1011170558167,292.7606248666498,288.75345934661493,289.06451416015625,3505600.0
2022-11-30,288.02441195811735,298.38825616383065,286.7082300350473,298.20416259765625,15106500.0
2022-12-01,300.3395710638532,303.4321693061863,298.6184054986249,301.0390930175781,3830100.0
2022-12-02,295.52578532780166,302.3368545873879,294.8354765316601,301.8858337402344,3644100.0
2022-12-05,299.27190245843644,299.6124503431038,294.1084055479596,294.60540771484375,5057300.0
2022-12-06,294.2004268912166,296.05043541867917,289.5063213223241,292.1847229003906,3341500.0
2022-12-07,290.81327253894113,297.1825338547966,289.414256868465,294.6697998046875,4038200.0
2022-12-08,293.1971752789906,298.692034991432,293.1971752789906,298.2962646484375,3483600.0
2022-12-09,295.894014152707,298.61842538690354,294.4673589198956,294.9736022949219,3738800.0
2022-12-12,297.29298744264696,302.2079826879234,295.7190912563263,301.87664794921875,4900200.0
2022-12-13,316.94381614364875,319.6130048065023,303.6990765583451,306.3959045410156,5787700.0
2022-12-14,304.22372509359775,312.0748369843956,302.8247092053323,306.8929138183594,4546000.0
2022-12-15,303.22050156348143,303.75432811168196,297.6335945342691,301.5269470214844,5056900.0
2022-12-16,297.68872967295914,301.83979515341815,293.8322026582886,297.60589599609375,9615000.0
2022-12-19,294.07155513095495,296.28975082669143,290.86851211805254,292.0742492675781,3000600.0
2022-12-20,288.38345476821587,291.66933189587945,286.09161010427226,289.782470703125,2632200.0
2022-12-21,292.73695082240795,294.1543928063213,289.6903901252791,293.94268798828125,2610400.0
2022-12-22,291.2182549227495,291.2182549227495,285.999536337446,290.9605407714844,3064400.0
2022-12-23,289.1473523612923,293.70340186511874,288.14410690113664,293.36285400390625,2064900.0
2022-12-27,293.06832936562876,295.9584078583952,292.23996434993086,294.1175842285156,1610200.0
2022-12-28,295.03801798320103,295.84798493477746,290.38994920760916,290.6016540527344,1568200.0
2022-12-29,293.2892457581904,296.21614885331314,292.31361139314953,294.9091796875,1559100.0
2022-12-30,292.2214974675809,292.84739876207357,288.10725610384054,290.7212219238281,2581600.0
2023-01-03,292.15713431314424,293.81386436527157,286.96599812932953,290.7673034667969,2822400.0
2023-01-04,295.5166125563879,296.84200774699997,291.1998791252082,294.28326416015625,3560900.0
2023-01-05,292.5344322547979,292.7645351750806,288.30056099258394,290.3622741699219,2935100.0
2023-01-06,291.1170905552502,293.47334279513245,284.40727987395843,292.2583923339844,4022500.0
2023-01-09,294.53178692755654,296.87882586913946,291.8257738880604,292.5160827636719,3466300.0
2023-01-10,291.1262345665888,295.20368009646194,288.97247437360517,295.11163330078125,2111300.0
2023-01-11,296.8788232100748,302.8523150605396,296.4830528662333,302.81549072265625,2864800.0
2023-01-12,305.7700324693866,305.7700324693866,300.7077669691359,303.61627197265625,2481800.0
2023-01-13,300.505204034367,305.9356554827647,300.05421129413014,304.84954833984375,2798600.0
2023-01-17,304.0395742993531,308.48517839086486,301.06666258490554,301.4624328613281,3988900.0
2023-01-18,303.7358968513598,307.8961481144687,297.22857862297417,297.9281005859375,2952200.0
2023-01-19,294.84469088029067,295.76510261235956,285.9075008267484,286.1376037597656,5359300.0
2023-01-20,285.3368721078549,290.15060786195687,282.9253976775895,289.9297180175781,3725100.0
2023-01-23,288.5859198802383,292.25835392603665,286.33089976409696,290.37152099609375,3237900.0
2023-01-24,290.0402047494312,292.78304243038747,287.7483880174157,292.4056701660156,2127900.0
2023-01-25,290.23347138504835,292.80142844485385,286.7543155347843,292.0098876953125,2060400.0
2023-01-26,289.147348248263,293.8506669392556,287.6562856940353,288.83441162109375,3555300.0
2023-01-27,287.1868637486683,292.9118259497546,286.5517773948973,291.4851989746094,2761200.0
2023-01-30,290.69358413434935,292.81976077831325,288.72391791062677,289.2301330566406,2643100.0
2023-01-31,290.8409434909993,298.5356014805677,290.0217915168523,298.36993408203125,3526800.0
2023-02-01,296.73157484614427,304.24211044545376,292.3596187790303,301.9779052734375,3076500.0
2023-02-02,306.9113870511238,314.29308104486273,306.2118649554535,312.7467956542969,4776600.0
2023-02-03,306.06450854504527,308.0709993560822,304.0395915227918,305.1164855957031,3389700.0
2023-02-06,302.8063116622263,304.6655617363933,301.3980825338065,303.06402587890625,2229700.0
2023-02-07,298.21342672037207,300.9746621529681,295.19447710428335,299.31793212890625,3865500.0
2023-02-08,297.23776017599437,298.2041812369801,294.1359772043459,295.2588806152344,2777200.0
2023-02-09,297.3850385705435,298.1121717094002,289.7732155101255,290.4359130859375,3063300.0
2023-02-10,288.87125790374625,291.9546431460222,287.85879927495927,291.34716796875,2768800.0
2023-02-13,292.083471575328,297.9280920096981,290.4911490802709,297.78082275390625,2432500.0
2023-02-14,295.09322199603815,297.25619540448133,290.54641341808974,293.08673095703125,3380800.0
2023-02-15,290.7396914903738,295.94001267878133,290.6568577968537,295.1668701171875,2585500.0
2023-02-16,289.92973470872073,297.97412534367044,289.8652991374877,295.673095703125,3169200.0
2023-02-17,293.3168105811304,295.0840135051902,288.0428692154551,292.6449279785156,4985500.0
2023-02-21,281.23178533897715,283.4960183580666,271.54906431047556,271.9816589355469,10891800.0
2023-02-22,273.86850173442485,276.49168080861415,271.6042967210794,272.7179870605469,5922100.0
2023-02-23,273.1689761196715,276.0130446918362,271.17167051923576,275.4884033203125,4354500.0
2023-02-24,269.12841404883824,274.58644947109354,268.76025493380024,273.04937744140625,3713300.0
2023-02-27,275.5344370917362,276.5745068222682,271.5582798365532,272.4510803222656,3238300.0
2023-02-28,271.5214922306966,274.92702726705227,270.88640581532894,272.9389343261719,3949500.0
2023-03-01,268.68658456419354,270.3433143192768,265.686033559531,267.6465148925781,5905100.0
2023-03-02,265.50199043565834,270.70231169303287,264.4066981033563,269.6990661621094,4103700.0
2023-03-03,271.1901328759032,274.8441405767191,270.3801660376035,274.6968994140625,4036700.0
2023-03-06,274.2826735654686,276.2247286775845,273.34386378802793,274.4759521484375,3763200.0
2023-03-07,275.25831845053693,275.25831845053693,267.30597603525376,267.5636901855469,4512400.0
2023-03-08,268.3331765103834,271.132938942078,267.2484839420598,270.2336730957031,4680300.0
2023-03-09,271.6798963547529,272.90364475253347,266.76639970143634,266.9981689453125,3248000.0
2023-03-10,267.51738111462583,271.7819416785824,263.3826249323735,265.43145751953125,4730900.0
2023-03-13,263.280594894648,271.0216937006067,261.9919725436815,265.6260986328125,3892100.0
2023-03-14,268.2033401130782,268.66687857044064,260.87018661468875,264.745361328125,5116000.0
2023-03-15,263.24352804037846,268.0735913357976,262.05687060046324,266.9703674316406,4835500.0
2023-03-16,266.0710708420107,267.0259589192703,264.21691703823365,265.8207702636719,4400200.0
2023-03-17,266.8313005474241,270.66013296388184,265.3850627362302,267.3597412109375,8342000.0
2023-03-20,266.4696629551794,268.69464149251684,265.70945323151346,268.1662292480469,3677800.0
2023-03-21,270.1780984702781,271.5316515369178,266.62740528403276,268.3239440917969,4788200.0
2023-03-22,268.9357356106882,269.9740572161336,261.8528827780334,262.0011901855469,3723400.0
2023-03-23,264.4580111050472,265.2460039720795,259.785534802331,263.2064514160156,6005800.0
2023-03-24,261.9548391809722,264.15200684499655,260.350986004229,262.38128662109375,3851000.0
2023-03-27,263.05810283123327,264.16132674172087,260.4252075054424,260.7589416503906,4269700.0
2023-03-28,260.3232067107039,262.63164764768345,259.5166542585155,260.3417663574219,3633300.0
2023-03-29,260.7404142533123,263.2805962577957,260.7404142533123,262.696533203125,3607500.0
2023-03-30,264.55072021484375,265.2367765400217,263.1508529661539,264.55072021484375,3432800.0
2023-03-31,266.0618277268964,273.99760483855556,265.8486181170172,273.5989685058594,5800600.0
2023-04-03,273.36722152462545,276.24116620960655,273.24669697418767,276.0186767578125,4007600.0
2023-04-04,275.8053752676211,277.937640801573,272.9314312450596,273.4505920410156,2965700.0
2023-04-05,273.48773974037175,274.1459565481151,267.44320733874065,267.6193542480469,4002400.0
2023-04-06,266.30284862113115,268.65763194936335,263.51233800333006,267.56365966796875,3193400.0
2023-04-10,265.2645359042347,271.299815985811,264.82880860001404,269.93701171875,2799900.0
2023-04-11,271.3461813537864,273.5804404173256,270.48400649589814,272.347412109375,2497000.0
2023-04-12,274.6001643880836,276.67680740374,268.4628920969219,269.26019287109375,3341400.0
2023-04-13,269.67742232389344,271.1421914278791,265.4870164843725,270.84552001953125,3505800.0
2023-04-14,270.8455078795365,274.60018626104676,270.13166885907935,270.8825988769531,2653200.0
2023-04-17,270.42838296435406,273.95126438750424,270.2892987751107,273.8585510253906,2621900.0
2023-04-18,274.71144136224643,277.4184901411852,274.34061625046417,277.149658203125,2847800.0
2023-04-19,274.83194490260627,276.53776292025907,273.53401467226706,275.2583923339844,2889300.0
2023-04-20,274.38698787840804,279.33757579067054,273.9512605455161,276.7973937988281,3371800.0
2023-04-21,279.6249559567373,281.08975343804093,277.520501383944,278.1601867675781,3506700.0
2023-04-24,278.12313463791486,279.8845754988587,277.4000156195422,279.6435546875,2515400.0
2023-04-25,279.51373450704784,280.6169584754391,274.5353352052578,274.7207336425781,4529500.0
2023-04-26,273.8863217187294,274.38695116642276,266.1452239469448,267.06304931640625,4037400.0
2023-04-27,266.99819778813225,273.21887704396426,266.81277105614276,272.4957580566406,3133600.0
2023-04-28,272.3473294576752,278.8832375875413,271.9857842333756,278.6236572265625,4063400.0
2023-05-01,277.1775022000645,277.71519443199605,275.6848934613108,275.9908447265625,2970000.0
2023-05-02,276.6768956469124,276.89013356790605,269.82578220706336,272.82025146484375,3413200.0
2023-05-03,273.0797560492278,276.9734901557122,271.1699799919718,271.7076721191406,2743400.0
2023-05-04,271.37395874733534,273.10758807117077,264.5228466880838,264.9122314453125,4422500.0
2023-05-05,266.22870889104644,269.6588767429956,265.2367297319745,268.5000305175781,3806600.0
2023-05-08,267.9252984401514,268.7040398571686,263.6978288665438,266.9333190917969,3736500.0
2023-05-09,265.30169019916383,269.8350829170969,264.92158515865816,269.39007568359375,2570000.0
2023-05-10,270.43759273220127,272.1619704663508,265.0698378881636,267.9530334472656,3571000.0
2023-05-11,267.6842044471447,268.3424494887692,264.23547686875133,266.7107849121094,3859700.0
2023-05-12,266.9981438563347,269.7515633465388,266.4882628845767,269.28802490234375,3438300.0
2023-05-15,268.77811929475246,269.7051960981679,266.0154202354044,267.4987487792969,5353600.0
2023-05-16,261.20397642451314,265.22748769736086,256.8837936855752,261.7416687011719,12362100.0
2023-05-17,261.57479604881803,272.6070077936004,260.70334131830174,271.0680847167969,7956900.0
2023-05-18,271.30907506829806,274.3498864593653,270.33565554707945,273.63604736328125,4547000.0
2023-05-19,274.19232299677185,274.19232299677185,268.8060074889423,269.6681823730469,4470600.0
2023-05-22,269.5291050606528,271.62427983162047,267.0723283891012,269.4642028808594,3736200.0
2023-05-23,268.18486899529506,276.0557447156532,268.18486899529506,273.43212890625,5352200.0
2023-05-24,275.68492536407535,275.82398127703345,269.0192384455096,269.8721618652344,4978200.0
2023-05-25,270.5118319225914,270.5118319225914,265.19967001349175,265.83935546875,5355900.0
2023-05-26,266.0711055538493,271.9116794808561,264.85663691730616,271.4759521484375,4626100.0
2023-05-30,271.893163897131,272.97785652531195,267.87893260394503,271.07733154296875,5193300.0
2023-05-31,270.4050320549631,270.78787350251775,263.2805051686506,264.67181396484375,18288800.0
2023-06-01,265.23201019984776,270.05951631893845,261.43166456956084,269.2845153808594,4305100.0
2023-06-02,271.39482840623293,276.5864837134443,270.52644647620406,276.3343811035156,4515600.0
2023-06-05,276.0355072119049,276.1288880249899,272.0670648702915,273.6824645996094,3028800.0
2023-06-06,272.48724714677934,277.2493833564285,272.328496924935,276.39031982421875,2855400.0
2023-06-07,277.6135868159798,282.17964418802586,277.4268251643135,281.7127685546875,4842700.0
2023-06-08,282.142309252686,285.21435915034004,280.86307447196225,281.1431884765625,3757300.0
2023-06-09,281.040492429039,281.4606634403083,276.48378126796445,277.6509704589844,3485800.0
2023-06-12,278.63135524734037,282.56243986095154,277.93104184013566,280.9283752441406,4456600.0
2023-06-13,282.36632155672174,283.97237455793066,278.8834482574587,280.20001220703125,4043400.0
2023-06-14,281.04981486788057,282.5064647209063,276.0449212181676,279.8546142578125,4176000.0
2023-06-15,280.9097160344017,283.3281282956153,279.73318036836366,282.01153564453125,4109700.0
2023-06-16,284.1778099988073,285.7091755004402,280.2560724260081,280.48016357421875,10809300.0
2023-06-20,279.9105899043321,282.69317876804405,278.4726335582289,281.44195556640625,3371100.0
2023-06-21,282.805215805584,283.4588530310194,280.2934228474698,280.77899169921875,2713300.0
2023-06-22,281.5259800674147,282.76785659555264,279.75185852900717,281.2271728515625,3052000.0
2023-06-23,280.4241848690609,282.29168738657603,279.28500719354366,280.8817138671875,8525900.0
2023-06-26,282.61846329017357,288.7251750820264,281.97417273939107,287.4926452636719,4440100.0
2023-06-27,287.7353826164569,294.56110056585885,287.4926267187098,292.9550476074219,5342500.0
2023-06-28,291.3303867491328,292.2081151940046,285.7839021063582,286.2041015625,4025600.0
2023-06-29,286.4562587110627,287.7168288238111,283.8884423130251,287.4273681640625,3279700.0
2023-06-30,289.070683353753,290.7981287693081,287.8754829600837,290.06048583984375,3230700.0
2023-07-03,289.2574456958212,290.7701180810103,288.4357400802061,289.4815368652344,1483300.0
2023-07-05,289.9297554155447,291.6104962225219,289.4535331720433,290.2098693847656,2496000.0
2023-07-06,286.51219239823286,287.5766823610415,281.56332282330567,282.0115051269531,4828300.0
2023-07-07,281.9835541333772,285.3824226417915,280.9564504702992,282.7492370605469,2951900.0
2023-07-10,283.11335862921914,289.9577419855239,283.11335862921914,289.72430419921875,3246700.0
2023-07-11,292.18011866358694,293.73014921965967,290.15386583243213,292.88043212890625,2913800.0
2023-07-12,295.35481876546896,299.9768982747445,295.0747048237409,296.4846496582031,5300500.0
2023-07-13,297.0263084170443,297.32511568631605,292.70303513220455,293.7581787109375,3235600.0
2023-07-14,293.98222665662036,295.90575186379465,293.4033054674859,295.5322570800781,2942100.0
2023-07-17,294.8039351836242,296.7648184372426,293.3379389348682,295.112060546875,2002500.0
2023-07-18,293.69277938660764,297.23170460129967,291.4517820868112,295.7750549316406,2315600.0
2023-07-19,295.9991971321043,298.74442855867426,295.7097364745123,298.3149108886719,2361400.0
2023-07-20,299.11787265879923,300.15435136639286,296.8208525576138,297.95068359375,2101900.0
2023-07-21,299.79948367493984,300.5651664444369,298.32414092436517,299.2392272949219,3673400.0
2023-07-24,299.7061232360587,304.0854186354284,299.68745847059114,303.57183837890625,2621900.0
2023-07-25,303.53452285948293,305.24327509296074,302.37665194306663,303.5905456542969,2890800.0
2023-07-26,303.1796905686993,309.0343005497295,302.7594911149003,307.75506591796875,3448100.0
2023-07-27,309.7346597270232,311.35005985960237,307.13883205186056,307.8671569824219,2608600.0
2023-07-28,310.00535146650515,310.9391025251392,307.67097381992005,309.4170837402344,2268200.0
2023-07-31,309.6785629282271,311.9382532474186,309.5198411905268,311.7234802246094,2690000.0
2023-08-01,309.78130966905945,312.7786430658214,308.9596040472595,310.0707702636719,2547200.0
2023-08-02,308.16588172952174,310.50025953509515,306.1956805396128,306.73724365234375,2752600.0
2023-08-03,305.9716412813502,310.09883486410763,305.9343117436458,307.9978942871094,2451300.0
2023-08-04,306.4197820789392,307.6896699702296,303.7772503557787,304.80438232421875,3591600.0
2023-08-07,305.5327420509981,307.5870062229777,304.95382082866576,307.3629150390625,2111000.0
2023-08-08,304.9444627942753,306.76528908297945,301.96582260002896,306.0929870605469,3272600.0
2023-08-09,305.6635097348115,308.99700888909166,305.1125998585083,306.4665222167969,2698900.0
2023-08-10,308.7541723384661,310.84576588833926,307.14811914957784,307.57763671875,3075100.0
2023-08-11,306.7559650081701,309.6225883212607,306.5972432457701,309.17437744140625,3108400.0
2023-08-14,309.5011619630529,311.6768181969611,306.6718969925742,308.0912170410156,3974800.0
2023-08-15,309.7813088987729,315.76665754250183,306.75593561732074,310.1361389160156,5860900.0
2023-08-16,310.5843521518727,315.4305236676978,309.7066236521699,310.9671936035156,3753900.0
2023-08-17,311.6581817502931,313.41363886970186,305.39271809183344,305.59814453125,3885100.0
2023-08-18,303.5251355896503,307.101418322797,302.9368678270403,305.6820983886719,3472000.0
2023-08-21,304.97245421808833,306.1489898042487,302.0685017739296,302.5914001464844,3109700.0
2023-08-22,303.7213162055574,304.692425667843,300.69597070269833,302.9836730957031,2582200.0
2023-08-23,303.0209421905501,305.27128609877786,302.610089365224,304.4869384765625,2728000.0
2023-08-24,303.5811697908417,307.2041288176891,300.95733133501307,301.2187805175781,2490000.0
2023-08-25,302.0031312313566,304.72035052997836,299.92088437918426,301.47088623046875,2418100.0
2023-08-28,301.78842022469115,305.7475164693426,301.4802663496001,304.3188781738281,2099900.0
2023-08-29,305.1405781668512,307.98850807355876,305.12188490457106,307.5589904785156,2628200.0
2023-08-30,308.22620980232387,311.6279700903532,308.10404238682054,310.6976623535156,2256200.0
2023-08-31,311.23330832133144,312.54890227052533,309.80492459552335,310.3875427246094,2914700.0
2023-09-01,311.9849995854088,313.3475961450759,311.1768594361597,312.9998779296875,2317400.0
2023-09-05,311.8346451731169,312.2669055207541,307.63412305413146,308.0194091796875,3141400.0
2023-09-06,307.7845018862981,308.79938031095395,305.93326429985007,306.34674072265625,3199700.0
2023-09-07,305.4352057441627,310.0304204500264,304.7492042777072,308.620849609375,2454000.0
2023-09-08,307.7563257061513,309.6263473327845,306.9857533667507,308.89337158203125,2210300.0
2023-09-11,309.4384325589754,309.99286038027236,307.8221233241895,308.5738830566406,2087800.0
2023-09-12,307.12672504629563,308.9497725660775,306.24342023810306,306.6098937988281,2190500.0
2023-09-13,306.38433594072336,308.18857061600465,305.40702542956666,306.2339782714844,2564300.0
2023-09-14,307.65292373853146,310.3874657399941,305.66070633496565,309.75787353515625,2707600.0
2023-09-15,307.58716687064936,309.32564335647606,301.01854707549387,302.0240478515625,7117800.0
2023-09-18,300.8588010068546,302.258965519281,297.8047308791437,298.1336364746094,2740400.0
2023-09-19,296.90264407189744,297.8235454204311,293.5102616845626,295.6434020996094,2776500.0
2023-09-20,296.00987506700204,297.2784945528476,292.0630652616585,292.11944580078125,2320000.0
2023-09-21,290.7475233116507,291.52750203802117,287.89078455044046,288.2666931152344,2766500.0
2023-09-22,287.70286778140775,289.10303259153454,287.0450564506137,287.2987976074219,2289200.0
2023-09-25,286.15232405609885,288.7647278722532,286.15232405609885,288.012939453125,1882300.0
2023-09-26,286.16170182364147,287.3739409340445,283.4459432298997,284.30108642578125,2655500.0
2023-09-27,284.7333368183216,285.8797890245699,281.8202177357765,283.6244812011719,2513900.0
2023-09-28,283.4835289725711,286.4905965019763,282.61897949271776,285.19378662109375,2369600.0
2023-09-29,286.5658104683897,287.24240573020245,281.74507281269837,283.9440002441406,3502600.0
2023-10-02,282.4028911534628,285.15627545800487,280.46708226359397,281.7544860839844,2806800.0
2023-10-03,279.9501812176727,280.3166547390853,272.58282742438513,274.340087890625,3609200.0
2023-10-04,275.6744955716438,276.47325823703824,272.8553534663433,274.76300048828125,2956300.0
2023-10-05,274.3964351452844,275.0260560222357,272.74252964696797,274.1145324707031,2469300.0
2023-10-06,273.2312447271101,276.7833624078282,270.0644132177301,275.16705322265625,2922500.0
2023-10-09,272.7989138319002,277.7136274949842,272.21629584477705,277.5538635253906,1929900.0
2023-10-10,278.8037684572855,282.5438407629198,277.3754134013746,281.1812438964844,3116300.0
2023-10-11,281.66984491416144,282.7129422915538,278.0613468551642,280.08172607421875,2292800.0
2023-10-12,279.7528016862434,279.7528016862434,273.24056344439646,275.35491943359375,2546400.0
2023-10-13,275.2798175223815,276.9619135881387,273.3534153210146,274.3213195800781,2092700.0
2023-10-16,276.6799864991825,280.38246195824837,275.8812238625788,279.4051513671875,2567000.0
2023-10-17,278.80369282882424,280.37299883334504,276.7457172888874,278.0989074707031,2139700.0
2023-10-18,275.3362040648608,275.6462970689563,272.12236954252893,272.7425842285156,2720100.0
2023-10-19,273.4567816612303,273.776280988846,269.15290403888184,269.4817810058594,3028600.0
2023-10-20,268.6266032800283,269.86703251804687,266.51224699250264,269.1434631347656,2885300.0
2023-10-23,268.5890322471479,270.87253012843996,267.18883904324355,267.8842468261719,2590900.0
2023-10-24,269.45355852201993,270.55303641962286,265.0275140168857,266.2303466796875,2705200.0
2023-10-25,264.7644383844291,266.15522552763395,262.3681789846332,263.9938659667969,2962800.0
2023-10-26,263.61801525641556,266.16463263016595,261.00561100801974,261.24053955078125,3108200.0
2023-10-27,262.16140189514425,262.80980679953365,257.7259510089266,259.7933044433594,2907300.0
2023-10-30,260.74238912148627,265.300006785093,260.26312590679885,264.5106506347656,3074400.0
2023-10-31,265.5537556587859,268.194349504098,264.64223200087366,267.52716064453125,3036000.0
2023-11-01,268.37293957512924,269.53817585269815,265.0181534404925,269.3502502441406,2747300.0
2023-11-02,272.7519515531761,276.89609317314853,272.51702308499944,276.77392578125,3628000.0
2023-11-03,276.4450343353157,279.85620045623006,276.435656697007,277.788818359375,3071900.0
2023-11-06,276.98069558879746,278.5688145091282,275.54293434659337,276.8115539550781,2890300.0
2023-11-07,276.849123522146,278.1553397274238,275.86243530842006,276.9994812011719,2629000.0
2023-11-08,277.2438104819289,280.04416842703966,276.3792610142308,278.0801696777344,2454900.0
2023-11-09,274.349490752409,275.0918441021107,270.3368939552883,270.51544189453125,4059100.0
2023-11-10,271.7934584210443,274.01116943359375,269.50055423781646,274.01116943359375,3653500.0
2023-11-13,270.4402809039813,272.45125380886356,269.9234210339716,270.7033996582031,4586700.0
2023-11-14,282.75054088430386,289.65741539404274,282.04575543002085,285.3253479003906,7952800.0
2023-11-15,285.76701652004044,290.305822257908,285.68244570629315,289.6104431152344,3985900.0
2023-11-16,287.43967440825094,289.38488894270245,285.98310074734394,287.9659118652344,3114000.0
2023-11-17,289.9017079098105,290.0990397784446,287.03559228489735,288.745849609375,2770300.0
2023-11-20,288.6707595884289,291.0012607425071,287.30816275295393,289.6104736328125,3459000.0
2023-11-21,287.1484260473187,287.6182830672563,284.1131393745152,286.9322814941406,2977200.0
2023-11-22,288.8586903250195,291.17975629478383,288.00354717299314,290.5595703125,2873500.0
2023-11-24,290.54079348522885,292.6081759402712,289.72324682094325,291.96917724609375,1259900.0
2023-11-27,291.9597282710789,294.02711042406287,291.0763948673307,292.1758728027344,2992600.0
2023-11-28,291.9785595393239,295.6152485123722,290.738158724328,294.45001220703125,3116900.0
2023-11-29,297.10828175406624,297.10828175406624,294.12831206230163,294.23236083984375,3083800.0
2023-11-30,295.6703557810352,296.82450624214886,291.9335493477414,296.5690612792969,4493700.0
2023-12-01,296.89064745618305,302.82223537908243,296.10546037603405,302.3681335449219,3613600.0
2023-12-04,302.3682307626167,307.53351447913036,301.7438513662786,306.5307312011719,3827900.0
2023-12-05,304.6197517312476,306.43613065571066,302.73717306310186,306.0387878417969,3269800.0
2023-12-06,307.4578007503669,310.5891378883802,306.71043370484176,308.50787353515625,3030800.0
2023-12-07,308.50787874621665,309.73772729220855,307.15507132895124,308.5646667480469,2742300.0
2023-12-08,308.403847755546,309.61475741400477,307.51458281741935,308.8484802246094,2889300.0
2023-12-11,312.00812955361454,314.1650628175511,311.0621056857414,313.4460754394531,3520700.0
2023-12-12,312.60417446906257,316.463939705852,312.49065620773956,315.2152099609375,2893400.0
2023-12-13,316.8234500777709,325.2809074346244,313.9948473933339,324.8646545410156,5822700.0
2023-12-14,330.8624325719804,334.01270873603477,329.216360010444,332.8207092285156,7594800.0
2023-12-15,329.42449918030997,335.2520108517407,328.03384265791897,334.89251708984375,11212800.0
2023-12-18,334.61815879641387,335.76286868410403,331.41115227802067,331.87469482421875,4420500.0
2023-12-19,332.4896217128677,333.90865786120565,331.48683847767137,333.06671142578125,4654700.0
2023-12-20,332.0544828830314,335.6209836021469,329.5096755621333,329.8407897949219,3259500.0
2023-12-21,332.87746656341915,333.23696030948355,328.27033421544587,330.1340026855469,2794200.0
2023-12-22,330.20022796714807,332.3760716382675,327.9770657733929,329.7745056152344,2029900.0
2023-12-26,329.62312173663463,331.1935249760248,329.36770566054514,330.45562744140625,1585500.0
2023-12-27,331.02326065662476,331.10839935201477,328.440604748349,329.7177429199219,2764300.0
2023-12-28,329.6893515383369,330.20021256272844,327.13507528673944,328.6108703613281,2859400.0
2023-12-29,327.16349651395643,328.7906590944804,324.50517114553696,327.8446350097656,10325700.0
2024-01-02,325.6309127144784,328.5541234078642,324.69435819368954,326.4539489746094,2833600.0
2024-01-03,323.99429747688646,324.20242390371203,318.42220247299656,320.0020751953125,3309600.0
2024-01-04,321.5819387440731,324.4105702005954,320.2669803665945,320.31427001953125,3652400.0
2024-01-05,319.633155319582,325.2714508237555,319.5858656631314,324.42950439453125,2664300.0
2024-01-08,324.8930080628203,329.651507520673,324.7227306755478,329.1501159667969,2736200.0
2024-01-09,327.1445650898862,330.2664328176976,326.6147939466257,327.5040588378906,2338100.0
2024-01-10,331.6949299330225,337.5981104486744,331.4016648029411,337.5413513183594,4109300.0
2024-01-11,337.81572085961477,341.51467831914937,334.19246149065646,337.28594970703125,3530400.0
2024-01-12,339.1779875110163,339.1779875110163,334.3532592808155,336.51019287109375,1956100.0
2024-01-16,338.73338025018296,340.23755507504865,336.98322992565596,339.0834045410156,3669400.0
2024-01-17,337.380558368716,340.34161823637095,334.9398001754778,336.5007629394531,2646100.0
2024-01-18,336.8980487173523,339.34824731441034,334.9208621012791,338.58197021484375,2510700.0
2024-01-19,339.44290971366996,343.36890400898386,337.04946986232824,342.8486022949219,3234600.0
2024-01-22,339.96318491211156,341.94984116875514,336.49129285521167,337.43731689453125,4003700.0
2024-01-23,336.6426623154247,336.671041881971,330.2191509637288,331.8463134765625,3878400.0
2024-01-24,332.943732718318,333.8235282253003,328.3365998508164,328.5257873535156,3474400.0
2024-01-25,333.55861635359184,333.8329714118169,329.462344919701,332.02606201171875,3064200.0
2024-01-26,332.49908543761705,337.7778871151106,332.0733630523382,336.1223449707031,3177700.0
2024-01-29,335.98040192428493,337.13455230447454,333.95592567268943,336.500732421875,2732000.0
2024-01-30,335.36552699908293,339.5564066276173,334.9303640181313,337.8251953125,2336500.0
2024-01-31,338.6009303019514,339.6037134545904,333.33156957605297,333.90863037109375,3377900.0
2024-02-01,334.3248945587925,340.7011163079101,333.30320128450404,340.6348876953125,2439100.0
2024-02-02,335.06279048294084,340.14293500282537,331.12732697774624,337.94818115234375,3697600.0
2024-02-05,334.5708518675167,336.8507731757971,331.82738803697174,335.9709777832031,2653800.0
2024-02-06,335.69665967261324,338.67662983141446,335.1763290922736,337.0210876464844,2045300.0
2024-02-07,339.13068103286014,344.09730684422345,338.41169358165223,343.1134338378906,3272200.0
2024-02-08,343.2742035411245,345.9136181908359,342.12952275569404,344.0877990722656,2521900.0
2024-02-09,344.47572842790214,344.7595240836203,341.3254522976215,343.5486145019531,2389900.0
2024-02-12,344.56086737467496,348.8179754357078,344.4000305894101,345.7244873046875,3119700.0
2024-02-13,339.12123256585926,340.02940754393325,334.7789857661894,338.2887268066406,3106500.0
2024-02-14,337.8914124036531,339.60371357264285,334.8735934659613,338.8941955566406,2998900.0
2024-02-15,339.52800664729585,342.1201320301433,337.5886690021726,341.59033203125,2662800.0
2024-02-16,341.2119362672346,344.3432734607086,339.7645206728807,342.79180908203125,3899600.0
2024-02-20,336.1317653724612,345.53524568935114,335.4222474141668,342.9999084472656,4830000.0
2024-02-21,341.1268053379413,345.4028236081532,339.57534092393473,344.4757385253906,3277800.0
2024-02-22,347.60702138225224,352.82906287571,347.3326663697172,351.2965087890625,3387500.0
2024-02-23,351.99657489416813,354.0494595469375,350.2653637869168,351.883056640625,3398200.0
2024-02-26,353.3494202229872,354.64546843510954,350.7100052783009,351.5425109863281,2461000.0
2024-02-27,352.54529360489914,355.51579383688073,350.60592715804415,355.28875732421875,2802900.0
2024-02-28,355.28875083781736,359.33773217174263,354.81573886483375,357.22808837890625,2282500.0
2024-02-29,358.3444508317894,361.17305344632337,357.73898159409845,360.0661926269531,4382800.0
2024-03-01,359.82971065768675,364.31388449661,359.3283190425118,363.698974609375,2750900.0
2024-03-04,362.2325813948252,363.77460512373386,359.59316636883835,359.8391418457031,2619000.0
2024-03-05,359.58376111737033,360.4162669328982,356.66999076302267,358.0228271484375,3011600.0
2024-03-06,360.2401802191281,361.467858110459,357.72775488390147,359.2028503417969,2496300.0
2024-03-07,359.61212338349685,361.92470399914754,357.43276316424914,358.35589599609375,2368500.0
2024-03-08,356.88078600724725,358.4225063559133,354.12091373739776,355.3105163574219,2162900.0
2024-03-11,353.6069841058783,354.9583854108367,351.046957039474,353.56890869140625,2833700.0
2024-03-12,354.5111101705215,357.73729740357743,354.4159361514301,356.4430236816406,2843800.0
2024-03-13,357.86097744046276,364.21820616160335,357.62305694302756,360.6779479980469,3761200.0
2024-03-14,359.7358591190083,361.8295715035816,354.18756486444147,357.13775634765625,3877500.0
2024-03-15,356.0432709538285,360.13552104585824,354.53962614843294,355.1962890625,9234900.0
2024-03-18,358.2987543484065,359.35513649278295,353.2072787767917,353.9400634765625,3455600.0
2024-03-19,356.77610525192506,361.12527024020534,355.10113551453713,361.07769775390625,3493800.0
2024-03-20,361.0872060850562,366.2833818005946,358.0513381070712,365.8360900878906,2750400.0
2024-03-21,369.64280744509716,377.6940289968908,369.5286102524948,376.104736328125,4212200.0
2024-03-22,375.6194068584636,377.2658273315529,371.2416634308115,371.4224853515625,2910900.0
2024-03-25,370.2995137523596,371.02277240463206,364.3895759981824,364.9796142578125,2683900.0
2024-03-26,363.93278356485547,365.6934013949772,361.06821092797117,361.5726013183594,2720200.0
2024-03-27,362.44814286747436,367.65384524939265,362.34344273141835,367.24462890625,2536500.0
2024-03-28,368.4246523172344,368.88144108350895,361.37268530757706,365.0652160644531,4108200.0
2024-04-01,363.038168213102,364.6274900831203,350.0667366731182,350.24755859375,4333200.0
2024-04-02,346.88812495460195,349.1340807667387,345.4225263906458,345.4606018066406,4650500.0
2024-04-03,344.50888346448374,344.88955045528604,341.6538374689217,342.5103454589844,4723000.0
2024-04-04,345.08939885277056,347.3639327917049,339.6648288349921,340.3976135253906,4381600.0
2024-04-05,340.39763877505095,341.9679083955428,338.8178430400064,340.5784606933594,3243400.0
2024-04-08,340.7688119177749,345.05138130997057,339.99795175062224,344.5564880371094,4339600.0
2024-04-09,346.06014889820756,346.84053515045923,341.39691265629136,343.9569396972656,3022600.0
2024-04-10,334.868405439167,336.8859670223732,331.8991616719552,333.6217041015625,4805200.0
2024-04-11,334.0785016107037,334.9064604133581,329.0821704496881,330.5858154296875,4104700.0
2024-04-12,329.3961893454768,329.3961893454768,325.008948997721,326.30322265625,3550300.0
2024-04-15,329.20588852498656,329.3581321048353,320.89769324276295,321.6019287109375,4209200.0
2024-04-16,320.54556999792914,321.77321898869013,316.8720620112622,318.6517028808594,4525500.0
2024-04-17,320.5075080993183,320.9547998642604,315.901370053443,316.74835205078125,4273800.0
2024-04-18,319.4320731388587,320.66927722528135,315.32079972713973,316.8054504394531,3717300.0
2024-04-19,318.53747939283534,319.64143401638404,316.5103920521917,319.15606689453125,3076600.0
2024-04-22,321.87784535545444,323.04842451876203,317.5857507996858,319.8697814941406,3112800.0
2024-04-23,321.6685267085523,323.75271268137857,320.0411585664245,322.6202087402344,3697400.0
2024-04-24,320.7835048871308,321.2402937253465,315.7871736679086,316.919677734375,4029200.0
2024-04-25,313.78864215512465,316.82451056121016,311.1048915004539,315.939453125,3787800.0
2024-04-26,315.0067632469232,319.6033748380274,314.99723713251115,318.8991394042969,2465300.0
2024-04-29,318.8134732575214,321.04040567511186,318.00453774065005,320.5264892578125,2427400.0
2024-04-30,319.49872068169446,321.1356150805609,316.77689473150616,318.0711975097656,3089900.0
2024-05-01,316.91962800468417,319.18463578220155,313.51259022476216,315.92987060546875,3267500.0
2024-05-02,319.28935230935565,319.7651933709195,314.9877595683103,319.3179016113281,3213600.0
2024-05-03,324.79006235418314,330.11948786417577,323.924028167544,326.2842102050781,4165100.0
2024-05-06,329.28201427957646,329.64365813289606,323.99066400361323,325.75128173828125,3366100.0
2024-05-07,326.99794427540877,328.84420969729587,323.9335270430732,324.2285461425781,2930700.0
2024-05-08,322.4108625705274,323.99065835097304,321.3164339577039,322.45843505859375,3123200.0
2024-05-09,322.8581564823414,331.1949010768794,322.50603874780165,330.6524353027344,3801400.0
2024-05-10,330.67145454643986,332.90791329148357,328.0448316980143,329.69122314453125,3413700.0
2024-05-13,331.2424836777726,331.93722209620483,323.95259499244384,324.48553466796875,4055600.0
2024-05-14,318.8610208099339,327.616506232039,316.9100844597501,324.0476989746094,5854300.0
2024-05-15,328.5016078941227,333.5074648447299,328.0352929765145,331.822998046875,4151100.0
2024-05-16,331.18536759064114,331.4232881133356,326.11291482573034,326.1700134277344,3101600.0
2024-05-17,328.1019337976727,328.26370349240244,324.13340661688966,327.5784912109375,2739000.0
2024-05-20,324.6473188398985,325.99869115538587,321.2307835921661,321.49725341796875,3237400.0
2024-05-21,322.62022822954555,322.62022822954555,316.2724959158294,319.9079284667969,4275100.0
2024-05-22,318.48993020660447,319.0514191518644,313.03678140140306,314.6165771484375,4024400.0
2024-05-23,314.98774363315465,315.00676681916275,310.24835644425093,311.0953674316406,4021100.0
2024-05-24,310.619523701258,311.71395226939325,308.744708868075,309.391845703125,2736900.0
2024-05-28,309.6678665579355,314.99726332614125,308.80183232234356,312.81793212890625,3807500.0
2024-05-29,310.7526968361756,311.0001434296701,308.12604543762563,310.16265869140625,3506200.0
2024-05-30,312.6543009895458,316.44915271287357,312.1272195659321,315.4525146484375,2921800.0
2024-05-31,316.2862395938313,321.19274986360244,314.3313327524854,320.9052429199219,5557800.0
2024-06-03,319.7360836957874,319.7360836957874,313.2100774341533,314.331298828125,3712800.0
2024-06-04,313.23887454312444,316.0371176777578,311.5426975465252,314.5709228515625,4296800.0
2024-06-05,314.800843701141,316.6790992984184,312.3284481160974,316.4874572753906,2422400.0
2024-06-06,316.0466450972576,318.0015810598297,314.37921606017284,317.2924499511719,2979400.0
2024-06-07,312.1464057436452,315.107542937338,310.4214518647914,313.3921813964844,2583800.0
2024-06-10,313.36345466768637,318.9215715234512,312.88430565443304,318.69158935546875,2691000.0
2024-06-11,319.11318574444044,322.2851493051887,316.54495451158664,321.7197570800781,3250900.0
2024-06-12,332.55813159948616,335.87383426985605,328.7536876233204,329.7886657714844,4793000.0
2024-06-13,331.4752402794711,334.14889962936553,328.76327006963595,333.3726806640625,3380800.0
2024-06-14,330.43069404525505,333.0085177162356,327.4408092991932,332.37603759765625,2589000.0
2024-06-17,330.5073706634524,336.06548668281073,330.03778481457346,334.92510986328125,2680200.0
2024-06-18,338.2312972394356,341.54700019400013,337.4263011685628,339.1129150390625,3655000.0
2024-06-20,337.32085437475314,340.11909705722223,335.0113529703525,338.7008056640625,3661200.0
2024-06-21,340.04244449107193,341.3936481235634,337.36878499508094,340.96240234375,6596400.0
2024-06-24,342.01653223762537,342.77359580611244,336.09425793005653,336.2475891113281,4278900.0
2024-06-25,331.8681558968228,332.5197914745589,320.57940737985103,324.21136474609375,4879600.0
2024-06-26,325.30383119800285,328.30330862001915,323.45432307504393,327.5654296875,3365300.0
2024-06-27,328.5332918413499,330.38282921520755,324.33597114960276,327.2491760253906,2912600.0
2024-06-28,327.11502498098395,330.88112906572627,326.50170022935544,329.8844909667969,6344000.0
2024-07-01,329.5778191423773,330.27735787671645,321.4035394110277,322.170166015625,2643600.0
2024-07-02,321.0297853638618,322.78345759225937,318.66278846317283,321.00103759765625,2995900.0
2024-07-03,322.9463989552093,325.4763195009122,319.6306963414607,319.7265319824219,1733000.0
2024-07-05,318.83530682575224,321.9114643408698,317.8099502323126,320.6273193359375,3437500.0
2024-07-08,321.8731187526541,326.5496174079017,321.0298118810609,325.43798828125,3534500.0
2024-07-09,324.8151338963914,325.1122039506054,321.57608182664075,323.0326843261719,2254300.0
2024-07-10,324.518016004212,329.9323933087562,323.54053342611076,329.82696533203125,3263100.0
2024-07-11,336.15170805174887,339.3620115969892,330.61274782323216,339.03619384765625,4146900.0
2024-07-12,340.19574486024743,348.7725225201891,339.32369028656615,344.7668151855469,4019900.0
2024-07-15,344.1631394408426,346.11804620044785,340.2245196630944,343.511474609375,2884000.0
2024-07-16,345.04472200015874,354.0144050957077,344.50807754302406,353.7268981933594,3210400.0
2024-07-17,351.35037496377765,359.5438107508556,350.1812502931894,356.3814392089844,3991100.0
2024-07-18,354.4743952639449,360.070851615325,350.52621250711,350.8136901855469,2395000.0
2024-07-19,351.1491352504483,352.27035679779,346.85597885227,348.2071533203125,2474500.0
2024-07-22,349.29958747291437,351.9636544874098,346.0221957597197,348.1017150878906,4049300.0
2024-07-23,350.1908477322395,350.1908477322395,344.39315625520425,344.6231384277344,2535700.0
2024-07-24,343.96184742218605,346.37677677107365,335.40425446281796,335.7013244628906,3508100.0
2024-07-25,335.59593091678994,343.86601709593236,334.76218719136705,338.55706787109375,3297600.0
2024-07-26,340.20532934940667,346.5875965447232,340.20532934940667,344.5176696777344,2439000.0
2024-07-29,344.230212375525,347.75677120053297,343.9810747849867,346.587646484375,2142100.0
2024-07-30,347.689631500444,349.4816437932544,344.27809350831825,348.5233459472656,2788800.0
2024-07-31,349.7787512909418,356.95639356864325,347.900495499988,352.8069763183594,3526100.0
2024-08-01,354.560616435828,355.98850013608705,338.99786852266334,343.6264343261719,3759000.0
2024-08-02,340.1286696492598,340.74199434827426,332.2802074389548,340.6078186035156,3764600.0
2024-08-05,336.2475939431682,339.1799833704106,330.8427793941753,335.41387939453125,3827900.0
2024-08-06,334.20642397987814,343.7031605692432,332.79772476491826,339.1512451171875,2831100.0
2024-08-07,340.36823092884543,341.41277209923004,328.0061942373607,328.1211853027344,3429100.0
2024-08-08,327.96785370588196,334.19678986155543,327.10539147177474,333.8134765625,3591100.0
2024-08-09,333.38228971709674,336.8704790671306,330.9961079217724,334.10101318359375,2314800.0
2024-08-12,336.1421571518019,336.84172517465026,327.8624781756418,331.3890075683594,3830200.0
2024-08-13,327.6132897241174,338.6528999567299,325.21754503751646,335.4713439941406,6388600.0
2024-08-14,334.97306147342334,344.690217441926,334.82932261928994,340.8282775878906,4814800.0
2024-08-15,347.344637992455,350.17162840872436,343.2048134175699,345.0543212890625,3575800.0
2024-08-16,344.9584647918761,348.5329261612603,344.9584647918761,346.9613037109375,3308300.0
2024-08-19,347.3829929080065,349.48166767372106,346.9996795924046,347.9292297363281,3634900.0
2024-08-20,345.610113445192,352.3086352972682,345.4663746168061,351.95404052734375,3459400.0
2024-08-21,354.0431558941497,357.32051819651514,353.15191665865825,355.0110168457031,4587600.0
2024-08-22,356.0076505690389,356.92760831463437,349.40496435806585,350.1236877441406,4097300.0
2024-08-23,351.3695005450207,360.6266614791769,349.9608015062376,359.9270935058594,3426200.0
2024-08-26,361.35493480262994,362.7923815553233,357.79965802288194,358.5087890625,2452100.0
2024-08-27,357.9146847650048,358.6717483188096,355.52853227603174,357.61761474609375,1780300.0
2024-08-28,357.4451413189286,359.75464292638657,354.7619187120949,357.1480712890625,2218300.0
2024-08-29,359.24012734584403,359.92467256444496,353.7639421323804,353.8892822265625,2698400.0
2024-08-30,355.9910871637644,357.11911869651084,351.78754484340084,355.27764892578125,3216700.0
2024-09-03,354.69920601662363,356.1261120521105,349.87861330255544,351.652587890625,3598100.0
2024-09-04,351.10305426554,352.7998828528719,347.0923176928752,351.5851135253906,3221300.0
2024-09-05,351.8068215179027,352.0478511338265,344.74946730223854,348.86627197265625,2789200.0
2024-09-06,349.8978734657142,352.3274413165275,346.5234589616382,347.1308288574219,2228800.0
2024-09-09,349.74362457111476,353.0216214750304,347.11157056357894,352.4045715332031,2747600.0
2024-09-10,352.5781158281487,358.227835612311,349.473653357644,357.5625915527344,2787400.0
2024-09-11,356.28998478869704,357.89042505133744,349.1458924976462,357.1962585449219,2937700.0
2024-09-12,358.59422746257616,361.53477703834335,357.2637392612575,360.994873046875,2367700.0
2024-09-13,362.08433932935776,368.2932647858349,362.03614517367214,366.3553771972656,2514700.0
2024-09-16,368.29326688025213,370.2215038796252,365.91189300912396,368.30291748046875,2877800.0
2024-09-17,369.6719238698289,374.02010741983116,367.98471661132106,369.4887390136719,2947600.0
2024-09-18,370.308256667779,378.58040955125244,367.3966295036472,370.23114013671875,3549400.0
2024-09-19,376.8160435899225,377.80908439576046,373.1234829495422,376.333984375,3753500.0
2024-09-20,374.396115725443,377.7705303994311,373.11385109525435,375.8712158203125,6584200.0
2024-09-23,376.8063849956402,378.56108756214263,373.36450463526563,377.8958435058594,2502300.0
2024-09-24,380.5375838994214,386.7175575954968,379.50597004251756,386.2837219238281,4057700.0
2024-09-25,386.2837337440253,386.2837337440253,381.4245681147151,382.68756103515625,2787300.0
2024-09-26,385.1653096076287,385.64736881865207,381.2991853200028,382.4657897949219,2849500.0
2024-09-27,385.3099338915264,389.06036879686195,384.0180186950976,385.1942443847656,2452300.0
2024-09-30,385.8402049998154,390.7668360229373,384.7025228985096,390.6607971191406,3442000.0
2024-10-01,389.52313539761974,395.82847845790826,387.00680030250624,394.3726501464844,3476200.0
2024-10-02,393.071158166132,396.69622403186446,390.42945324064254,396.50341796875,3431300.0
2024-10-03,394.32444647311684,398.15199790062627,392.2033741118168,396.8118591308594,3320700.0
2024-10-04,395.3560612002995,397.04326849354953,385.1171279340145,393.7073974609375,3989000.0
2024-10-07,390.3619432853421,395.10538970351786,386.8428873151682,393.4181823730469,3267800.0
2024-10-08,395.0956992799495,400.38872917908697,393.784512409545,399.31854248046875,3693900.0
2024-10-09,404.92978690725727,404.9587092865624,396.01169040989504,401.14080810546875,3627800.0
2024-10-10,395.0185904825441,399.6078034638441,393.0035865651187,395.2499694824219,3040800.0
2024-10-11,395.82850704511276,398.3159493651064,394.170221972638,397.12042236328125,2717400.0
2024-10-14,396.71550030549804,401.4782481613543,396.5419366102678,400.5141296386719,2088700.0
2024-10-15,402.95332041639364,406.43377391939794,400.128430979433,400.6683349609375,3693000.0
2024-10-16,399.01971786389475,403.7149702392415,399.01971786389475,403.5896301269531,2429000.0
2024-10-17,403.58965999041385,403.9656803551024,399.6849915555296,400.68768310546875,2013800.0
2024-10-18,401.69995095333735,401.7096015531682,398.41230347011106,400.1091613769531,2436600.0
2024-10-21,401.140819024997,401.6132277073615,389.8606200279235,391.8177795410156,3699500.0
2024-10-22,384.2012273708763,388.49156652208535,381.9933877381316,387.4310302734375,4486700.0
2024-10-23,386.1873265991619,389.77384880588534,382.45619249349073,385.30035400390625,3159000.0
2024-10-24,387.8552407730512,389.6967106443123,383.8059312918142,388.2312316894531,2550300.0
2024-10-25,389.0410376684323,389.0410376684323,383.55520173859037,384.5964660644531,1941400.0
2024-10-28,388.9736198254408,391.2778477361557,387.5274420782983,388.4337158203125,2586500.0
2024-10-29,379.80488940238536,384.78936616340224,375.09033525399803,380.89434814453125,3822700.0
2024-10-30,380.8267848278216,383.420265792226,377.876584747264,378.4357604980469,2795600.0
2024-10-31,376.4882580760169,381.47276345280903,376.4882580760169,379.62164306640625,2518600.0
2024-11-01,380.6338975756033,384.4036037039227,377.94402867100996,378.5032043457031,3277800.0
2024-11-04,377.88623868797,386.11016789917477,377.0378097433692,381.3763427734375,2690500.0
2024-11-05,380.79787943824033,385.86915208776793,379.7276926194815,385.7341613769531,2496500.0
2024-11-06,379.9012571543251,379.9012571543251,368.02331032373667,374.4346923828125,7133400.0
2024-11-07,376.9703206928034,385.4160078810892,376.7774852303301,385.10748291015625,4323100.0
2024-11-08,389.50387409344785,391.81775260949064,387.86486087402994,391.335693359375,3448700.0
2024-11-11,393.13856268029883,396.8311527538946,391.26817056719716,393.6399230957031,4071500.0
2024-11-12,399.3860678370321,401.09254690108804,387.758801686034,388.6168518066406,5647100.0
2024-11-13,394.4498079804953,397.9302616547353,392.12627885673027,395.4717712402344,3083100.0
2024-11-14,393.3603287883163,396.7347433735102,389.87987529613093,391.1621398925781,3348100.0
2024-11-15,388.4432999861409,394.23766102281076,388.4432999861409,393.5338439941406,3239500.0
2024-11-18,390.9500513335343,397.73745380462117,389.45567942915085,395.7127990722656,3394300.0
2024-11-19,393.7267233866939,394.47873465058103,385.0303555614813,392.2033996582031,3239400.0
2024-11-20,391.4321109008789,392.10700561973266,385.5702833682904,385.64739990234375,4732200.0
2024-11-21,386.9296573579165,396.6287163536571,386.0137624537359,395.7224426269531,3722200.0
2024-11-22,397.3035980165337,405.06476976858187,396.20451820169444,404.9297790527344,4932500.0
2024-11-25,409.75033814090597,414.8119599649995,409.2297059435396,413.2886657714844,4544200.0
2024-11-26,413.2211817818488,423.60472710296614,409.4611256364972,414.108154296875,2758600.0
2024-11-27,415.39720889114784,416.8510021820099,412.8385185020306,414.0306396484375,2293500.0
2024-11-29,415.3584401130052,417.723279607377,414.36987130568616,415.910888671875,2028700.0
2024-12-02,415.7848758722359,417.1417436775311,410.1247776147903,413.8077087402344,2617100.0
2024-12-03,416.4924445759416,417.4131626687613,410.2798971002718,416.1241455078125,2714000.0
2024-12-04,413.274664482344,415.62010107308663,412.3926930114449,414.7381591796875,1968800.0
2024-12-05,413.4588451700599,416.5215067879125,412.7610231612137,413.40069580078125,2523500.0
2024-12-06,415.4941127845668,422.32692906581985,413.85617006238016,418.08184814453125,3161400.0
2024-12-09,419.0317135787418,422.91816772932174,414.844781588028,415.9593505859375,3426000.0
2024-12-10,413.74955693836995,414.1469306464192,408.42868305796543,409.57232666015625,3354900.0
2024-12-11,412.1310056912737,414.81566653002875,408.283298442463,408.39959716796875,4211200.0
2024-12-12,408.44806272981685,409.72740792056385,400.4521996538981,401.6540222167969,3673600.0
2024-12-13,402.9624144675581,405.25943271652017,401.4213971256597,404.1351623535156,2649500.0
2024-12-16,404.978358868303,405.58895678572225,398.0389153114834,398.05828857421875,2879600.0
2024-12-17,397.37013592713197,397.7578081930247,393.7162797154086,395.88726806640625,3726500.0
2024-12-18,394.4625258065011,398.05823244063043,381.26208925761165,381.68853759765625,4225500.0
2024-12-19,382.58025009869397,382.9679519889604,373.0336973896651,373.15966796875,4576100.0
2024-12-20,371.5604793124492,381.174911821358,371.25032964950054,380.50616455078125,8046400.0
2024-12-23,379.0523894047639,381.126452522717,375.10775637724186,380.3608093261719,2433800.0
2024-12-24,380.05062001664135,383.9371032714844,378.4708266862937,383.9371032714844,1392600.0
2024-12-26,380.42863927253455,383.5882263352681,379.55636916406576,382.96795654296875,1319500.0
2024-12-27,380.0603557942938,383.28776394997544,379.3140562939028,380.7581481933594,1942700.0
2024-12-30,378.4998977655745,379.1589435727315,373.7992939193114,377.43377685546875,2444700.0
2024-12-31,377.9959530933816,379.40126884669303,375.36941194621,377.0073547363281,2179700.0
2025-01-02,380.0506434285736,380.5740172903005,374.4777691968061,376.4936828613281,2415700.0
2025-01-03,377.81179712028165,378.96514213212777,373.9253136983043,377.1914978027344,2231600.0
2025-01-06,378.4708671045945,381.8533501524574,376.07695288244616,377.37567138671875,3274500.0
2025-01-07,378.8585611776984,379.82775679574183,371.29884718796035,372.39404296875,2274300.0
2025-01-08,371.2018587190657,375.7473877625303,368.39119781919896,375.2724914550781,2848500.0
2025-01-10,376.9298164566483,380.8065983641061,372.77195957920026,377.879638671875,5323400.0
2025-01-13,377.9765132108801,383.66568560637165,375.757076990005,377.19146728515625,3512900.0
2025-01-14,378.5580625400051,382.05687363597167,377.6276431521646,380.68060302734375,3405200.0
2025-01-15,394.1233440374601,395.43176387755483,389.3839934242273,393.5805969238281,4584800.0
2025-01-16,393.75502842225126,397.4767354349654,391.477442755934,396.72076416015625,2305900.0
2025-01-17,400.7526667041753,401.6831157470131,395.94546495951926,396.769287109375,3229000.0
2025-01-21,400.2777719593025,407.2753651848872,400.2777719593025,405.5404968261719,3568100.0
2025-01-22,404.68756009943706,404.68756009943706,396.72077208537513,397.4670715332031,3581400.0
2025-01-23,398.8918308557819,401.9157163246169,396.1586922291419,401.6249694824219,3840300.0
2025-01-24,401.33416315884216,402.2258360376368,398.1067551409486,401.7315368652344,2369800.0
2025-01-27,402.1192237718899,413.0614497040375,401.2469537010833,411.7821044921875,3699200.0
2025-01-28,410.2022867325583,410.2022867325583,403.8637695699634,405.9281311035156,2818300.0
2025-01-29,407.27533198641675,408.38990088987794,399.10502106428464,400.684814453125,2384900.0
2025-01-30,403.58270382928123,404.464675288225,398.8433236121273,401.7315368652344,3081300.0
2025-01-31,400.4424990099623,403.55360813767476,397.68028604872313,399.2891540527344,2761000.0
2025-02-03,393.6096448186615,399.2115932425869,388.6570703494416,396.1683349609375,2896200.0
2025-02-04,396.8952513768143,399.8706590282414,393.58058981362177,398.8142395019531,2150800.0
2025-02-05,402.3615268335582,402.3615268335582,395.5674861379464,401.072509765625,2212100.0
2025-02-06,402.1289046748087,404.92019242097416,400.2777377379074,401.4020080566406,2023700.0
2025-02-07,400.47159333331837,401.5280128813987,393.9779716376876,394.8211669921875,2530200.0
2025-02-10,397.9904623240241,402.16769264686224,396.19744469745206,401.23724365234375,2617600.0
2025-02-11,401.2469231015055,403.737762548827,400.02572734900576,403.5342102050781,1441800.0
2025-02-12,395.99394214903106,397.03098858392974,389.73294658728935,394.59832763671875,3387000.0
2025-02-13,396.1199026710198,400.25838657521865,394.9374829237488,399.7253112792969,3067900.0
2025-02-14,402.21613435663727,405.1237208700587,395.97451294162585,396.88555908203125,3004400.0
2025-02-18,395.7322079158124,396.2749550236835,387.8914199557653,390.88623046875,3994000.0
2025-02-19,384.9838612527897,386.3601319611125,380.8357054420368,383.2489929199219,3780000.0
2025-02-20,380.89384253907724,382.59963613331445,379.05237695120775,382.48333740234375,2703500.0
2025-02-21,384.18910669856456,385.565377381464,372.0741624309667,373.4310302734375,5287000.0
2025-02-24,374.19667075700227,374.64249238589593,366.5497339751714,370.6397399902344,5722000.0
2025-02-25,373.14028735361495,388.6571175990162,372.35524132304505,381.1749267578125,6823900.0
2025-02-26,383.06482761027377,386.5830120779802,376.5906086394944,378.45147705078125,3871500.0
2025-02-27,377.89902861481465,383.28775333785126,376.3676831303726,378.2479248046875,2825100.0
2025-02-28,382.270095515439,384.64460670288895,378.25761201760685,384.3829345703125,4263500.0
2025-03-03,384.72215970338345,384.83845842921437,374.56498037000057,377.685791015625,3397600.0
2025-03-04,374.25485163102024,376.009093191168,367.22818397023485,369.92254638671875,4384800.0
2025-03-05,367.3251068707638,375.19496986340494,366.3656127582498,374.4486999511719,2780300.0
2025-03-06,371.68650434435574,375.8152869734509,369.0018432398865,369.9710388183594,4222000.0
2025-03-07,367.80971090749136,368.92427987352903,357.5362321708597,365.19287109375,4573900.0
2025-03-10,365.81316415921793,371.31818768531144,361.1319331737632,363.1091003417969,3710500.0
2025-03-11,362.69238434183353,363.3805049469979,354.46392303271097,356.8190612792969,4013300.0
2025-03-12,360.51165598749105,360.54073066976764,350.606476666098,353.49468994140625,3368000.0
2025-03-13,352.98754357643656,353.07532116180704,336.74803544841626,338.68896484375,7062400.0
2025-03-14,342.00513269428296,342.7269091091514,336.9040912132117,342.64886474609375,5510700.0
2025-03-17,343.08775699274906,346.7842973167033,342.30746224605076,345.3993225097656,3681300.0
2025-03-18,344.8141140257527,345.16525410829615,339.0205556679994,340.9517517089844,3008200.0
2025-03-19,343.32187391496683,345.6919581168102,340.3860722296352,344.7068786621094,2990200.0
2025-03-20,345.9455416789085,352.85097959078325,343.51693919652433,346.75506591796875,3391200.0
2025-03-21,343.4095950231594,344.67756277626523,337.7428367243309,342.4927673339844,8205400.0
2025-03-24,345.8772547393383,355.44539830508603,345.54564061269497,354.8016662597656,4023200.0
2025-03-25,352.61690523533775,354.68463438606045,349.70062966570566,352.0902099609375,2799500.0
2025-03-26,351.5049947158655,355.73799321141286,351.24163221954944,353.20208740234375,3140900.0
2025-03-27,352.9777385697519,356.20613169660567,352.2462290135428,353.78729248046875,3036600.0
2025-03-28,354.20668378500653,354.24570596222026,347.38902425300813,349.3201904296875,2980200.0
2025-03-31,344.7848238392345,359.6490879078926,343.95577375532247,357.4545593261719,4498800.0
2025-04-01,355.16256171866326,358.23489614132666,352.9972920727972,356.5085144042969,2801600.0
2025-04-02,353.6214746994575,363.13109904173626,353.32888277962144,361.7461242675781,3189500.0
2025-04-03,347.00863725519486,351.16362120183425,343.03897145036717,347.13543701171875,5407100.0
2025-04-04,342.0636010295274,356.43045890056493,340.4347898127846,345.1749572753906,7531100.0
2025-04-07,335.8116790398912,345.4871262759476,325.2779521652101,333.0904846191406,6950500.0
2025-04-08,341.74179174674504,345.2725400777632,321.61063274982905,326.97503662109375,4868000.0
2025-04-09,320.4987349812762,347.26223439394323,318.2651840740599,346.6282653808594,6793000.0
2025-04-10,344.1508801985582,346.5307270835551,331.2860626514122,344.9018859863281,5574800.0
2025-04-11,341.67348907013604,345.73093240798914,335.7141387010773,345.1359558105469,3576400.0
2025-04-14,348.97883010052703,350.16875355845775,344.8823942524714,348.3936462402344,2841800.0
2025-04-15,347.7694010975346,352.52909480145286,344.6092892760023,345.3797912597656,2883100.0
2025-04-16,343.16580319163097,345.07747340801166,335.8312104883311,337.46002197265625,2637200.0
2025-04-17,339.9568836174978,348.68624343617654,339.7813284567588,346.306396484375,3232400.0
2025-04-21,345.5553868459223,345.6236384530965,333.3732935083748,338.3475646972656,4015200.0
2025-04-22,342.5025538884173,347.4378029726356,341.78080727011564,345.6919250488281,2802400.0
2025-04-23,352.9972461503005,355.8452398722528,346.1015426160443,347.6328430175781,3283300.0
2025-04-24,347.7108973817202,351.51474135796093,345.86747889792554,350.77349853515625,2749500.0
2025-04-25,348.88131824589044,350.1492562929599,345.9942723062347,348.7642517089844,2811300.0
2025-04-28,349.16414214301295,351.22213789974984,345.7699567518236,348.12054443359375,2413000.0
2025-04-29,347.1159190374289,351.69026461497344,345.9845140508135,350.14923095703125,2836900.0
2025-04-30,347.7109172831304,352.36330790129114,343.6924957364283,351.6025390625,3741500.0
2025-05-01,351.426946862505,353.9335934542849,348.90080406442195,349.46649169921875,3210100.0
2025-05-02,353.15332558857847,357.2010359770328,352.256023787167,355.5331726074219,2283300.0
2025-05-05,353.20211371658644,355.2796058235425,350.86128885889616,352.8119812011719,2563500.0
2025-05-06,349.83711280474967,353.33860153975843,348.32533833879853,350.5198669433594,2299700.0
2025-05-07,351.5927683099113,354.81139849232886,350.8905179363584,353.8067932128906,2657200.0
2025-05-08,355.0357257620628,360.2050479293798,353.3288701717903,355.86474609375,3035800.0
2025-05-09,353.20210408090867,356.55729719930645,352.58763124742273,353.7677917480469,1970700.0
2025-05-12,365.75480622079186,369.3830950891102,364.2722907883831,367.30560302734375,3831400.0
2025-05-13,371.6068680069841,371.6068680069841,363.7553437255154,364.3893127441406,2726800.0
2025-05-14,362.7311754548537,366.52528572407056,361.687548079675,363.6187438964844,2587400.0
2025-05-15,362.926309416229,369.978043051366,362.3605919790818,369.2953186035156,2830500.0
2025-05-16,370.8558445202577,371.77267220136184,368.8271080392272,371.39227294921875,3129100.0
2025-05-19,364.9647760815284,371.76293989724985,364.9355168878103,370.0268249511719,4428200.0
2025-05-20,376.84447490818997,380.141149549978,364.82820358890154,367.7542419433594,6287400.0
2025-05-21,368.66131176466786,369.0026590709993,359.5125610266778,361.69732666015625,3966000.0
2025-05-22,358.92737761712004,360.12706407843257,355.58194751830456,357.1034851074219,2957300.0
2025-05-23,353.4459101272273,355.72821633672027,352.24622375747344,353.76776123046875,3115000.0
2025-05-27,356.8693978182016,361.41448443811316,356.1573844517207,361.2681884765625,3998500.0
2025-05-28,359.72717347630726,361.9997169046307,358.3714280431873,358.98590087890625,2986100.0
2025-05-29,360.87803848931986,361.2194155598496,355.0844805712754,359.210205078125,3034800.0
2025-05-30,358.0007557358253,360.5269281986259,356.1183450030288,359.210205078125,4110400.0
2025-06-02,356.14761607103776,358.9663805367526,352.91922291918604,358.8883361816406,2506900.0
2025-06-03,358.8883433164685,364.33079123351627,357.95201939291223,363.8821105957031,3359500.0
2025-06-04,363.8821002571045,366.1156511012249,362.49712550028585,363.2188720703125,2428800.0
2025-06-05,364.0923218033899,364.65173120952676,360.67704321892677,362.41412353515625,2324100.0
2025-06-06,364.6027027602177,365.7214917141878,359.1656969307718,360.5003967285156,2349700.0
2025-06-09,360.4905826114991,360.5200236362479,357.5855950687872,358.4100036621094,2619700.0
2025-06-10,359.1362367636461,361.69769577581974,355.80925120510926,361.0696105957031,3014900.0
2025-06-11,362.2767882753361,362.2767882753361,352.6295355292694,353.7581481933594,3793500.0
2025-06-12,354.1016149994757,358.28242026576095,351.8443898741185,356.4079284667969,2921900.0
2025-06-13,353.306691331299,356.0448265751668,346.2405455246013,348.06597900390625,3364400.0
2025-06-16,349.2632921763642,350.4704041858453,345.35727969768953,346.9864196777344,3688600.0
2025-06-17,345.3965392117476,347.7028527016895,340.95076467589314,342.2952880859375,4230100.0
2025-06-18,343.5711005108271,344.37586179286234,339.3706779011659,340.57781982421875,4453900.0
2025-06-20,341.02928714645356,344.68012429322914,340.3717608847711,343.11968994140625,8056500.0
2025-06-23,343.4631529313989,350.4311515416792,342.04010020493996,350.32318115234375,3862400.0
2025-06-24,350.0386244809964,354.9848966925327,349.16515743420723,353.7189025878906,4089600.0
2025-06-25,352.443063576592,356.83978004559015,351.67756690946356,355.1321105957031,4159600.0
2025-06-26,356.46681477833783,358.4394533346334,353.89553205431423,356.7416076660156,3187900.0
2025-06-27,356.84956060989396,363.2679739364253,356.2509164211952,361.8841857910156,5503700.0
2025-06-30,362.41411154656055,364.0530750286984,357.9388963458588,359.8232116699219,4600700.0
2025-07-01,357.56596450449473,372.6305739152695,356.20182380791374,366.22198486328125,5152600.0
2025-07-02,366.70289230169385,367.01694987767564,362.5024695610188,364.9363708496094,3011400.0
2025-07-03,364.89711901662236,366.24164249531066,361.48181014543684,364.76953125,2573600.0
2025-07-07,364.10217170860244,365.8588994675863,357.9487576480445,360.8046569824219,3433100.0
2025-07-08,359.21474252629037,363.51331193088265,358.3216581565993,360.667236328125,2531700.0
2025-07-09,360.67705145336043,364.17085948170126,358.0076220659585,364.14141845703125,3384200.0
2025-07-10,362.139335107544,370.9131197687654,361.65845505961516,366.359375,3701700.0
2025-07-11,363.474039714253,364.8872688029179,360.2844655815346,363.189453125,3068900.0
2025-07-14,363.5918446469054,364.3867822893021,359.6367738019539,363.22869873046875,2481100.0
2025-07-15,363.10111035255045,363.8567832470892,351.85416030288985,351.9719543457031,3868700.0
2025-07-16,353.16928947046904,354.2390500043432,345.9068799420687,350.7550354003906,4259800.0
2025-07-17,349.9110138927964,353.6207327845843,348.06596313018207,352.3645324707031,3128900.0
2025-07-18,353.287098137318,353.895566021994,350.33305184861166,352.7178649902344,3361600.0
2025-07-21,354.0132960107651,358.9792153040182,353.1496526640813,357.2715759277344,3503900.0
2025-07-22,357.7034098517231,365.27987681141207,356.95753058128247,364.11199951171875,3095400.0
2025-07-23,364.78915309858843,370.8542438177624,364.6419180241933,369.3526916503906,3238000.0
2025-07-24,368.4988678987928,370.8542397107179,365.3387348164886,366.1532897949219,3088000.0
2025-07-25,367.6941308131501,368.9993895861773,366.1140491929809,368.3614807128906,2221000.0
2025-07-28,366.7912067820303,373.99473379251225,366.0453574942792,370.2163391113281,4062800.0
2025-07-29,369.990604849605,372.66985794264906,367.80205547652065,370.32427978515625,2931600.0
2025-07-30,370.65796668845644,371.49216902935814,362.75764852209244,365.1620788574219,3110700.0
2025-07-31,362.3062029558735,365.8785105141889,360.0195068160506,360.67706298828125,3091600.0
2025-08-01,360.981291665592,367.83149642671856,358.9497710773303,366.71270751953125,3008200.0
2025-08-04,367.87076615381307,374.799500377209,366.74215357269844,373.7395935058594,2844300.0
2025-08-05,374.7602179141427,379.7457843118491,373.8769572382241,378.2442321777344,2931400.0
2025-08-06,378.90178385919126,381.6988011462542,377.3707905978855,379.6083984375,2812800.0
2025-08-07,381.3945731977783,384.17197316094257,376.23236022679686,378.9901428222656,2433000.0
2025-08-08,379.8832130503719,382.0521452530391,379.01959958322414,380.638916015625,2326700.0
2025-08-11,382.7292893417272,384.24063525537156,376.1734647928882,380.3248291015625,2605800.0
2025-08-12,384.142526567281,389.01029925120787,381.7675073026407,388.6373596191406,2911300.0
2025-08-13,392.06244108813485,400.2375816783508,391.3362091805463,399.6094665527344,5187500.0
2025-08-14,393.74068804138307,396.10585368250304,391.93487194456543,392.8770446777344,3600200.0
2025-08-15,394.73189883189394,395.30113194915367,388.0779572364906,391.95452880859375,3841400.0
2025-08-18,389.19673826919353,390.7375550691517,385.21222663694164,387.36151123046875,4407100.0
2025-08-19,393.5640292115498,406.6560018120192,393.5640292115498,399.629150390625,7629300.0
2025-08-20,402.0630076394256,403.525325145005,394.2019541216186,394.2706298828125,4195300.0
2025-08-21,392.4746576979641,396.91060859865297,388.8042034117786,390.3057556152344,2942600.0
2025-08-22,393.41678382937096,406.7933716256393,390.9043832546695,405.11517333984375,5284700.0
2025-08-25,402.73033178908514,403.42715261673095,399.9725793534293,401.2974853515625,3579500.0
2025-08-26,400.4142381115375,401.4349102417933,397.18539922699006,399.9627990722656,3180900.0
2025-08-27,401.18954179915045,404.0356172859075,399.62910761796485,400.6497497558594,2487800.0
2025-08-28,399.4328358644934,401.34659238986166,397.28355113299205,399.8744812011719,4051600.0
2025-08-29,400.14926498861274,401.2974949175692,397.86256888876846,399.20709228515625,2210300.0
2025-09-02,396.174539449676,400.9932534677738,395.2618377386573,398.7556457519531,3328600.0
2025-09-03,397.4111204010863,401.4152494699107,396.06659703667924,400.1296081542969,3025100.0
2025-09-04,403.18924593769094,407.83789066547973,401.89631084380505,406.32781982421875,3873100.0
2025-09-05,411.1640089192477,414.92438214936567,408.62747534026914,413.4932861328125,5855600.0
2025-09-08,413.04912073563105,415.10201589648227,410.33493893868246,414.4703674316406,3742600.0
2025-09-09,412.67408784932866,413.2662790249814,407.37403556142124,409.9302978515625,3516000.0
2025-09-10,410.1079298727741,411.9930561449817,406.3771647705252,407.8477783203125,2897800.0
2025-09-11,410.28563989230383,419.68163380508923,408.8545136744937,417.90509033203125,5316400.0
2025-09-12,414.79607695763343,417.9938972453146,413.4241970242911,417.1845703125,5004200.0
2025-09-15,416.9674202548162,417.7865964303642,412.30889603555926,417.20428466796875,4884700.0
2025-09-16,418.23075486416656,419.0005943408827,414.6184218980082,415.9607238769531,3726700.0
2025-09-17,418.9117936201938,421.1917041257131,410.3941920661106,411.5686950683594,4771700.0
2025-09-18,412.1114848066743,415.9014960996201,410.44349430058867,412.04241943359375,3677200.0
2025-09-19,411.93386807865886,413.12809973465636,409.69344503474707,410.2757568359375,6718400.0
2025-09-22,408.7163229848448,409.476313235193,405.7751558967821,406.6338195800781,2656300.0
2025-09-23,406.63381335149046,408.3412914206909,402.1529371687964,405.5580139160156,2597000.0
2025-09-24,401.49166388995894,405.3013738357197,399.7348491781662,404.4328308105469,3220700.0
2025-09-25,401.35346815629094,405.5086254088792,400.3270054913909,402.14306640625,2554300.0
2025-09-26,402.84383268828935,406.0515023386473,400.5540428167495,404.7486877441406,2316600.0
2025-09-29,404.70916472976575,405.5974664970994,398.5899366220325,401.5014953613281,3008400.0
2025-09-30,401.3337528807513,401.6989289059962,398.2247868505837,399.9125061035156,3211600.0
2025-10-01,399.1229404487115,399.85329250377856,390.16118820719385,391.8489074707031,3787800.0
2025-10-02,390.34868999469086,392.2042081822749,388.6609708432576,389.8650817871094,2964700.0
2025-10-03,388.99657942923284,392.14503304277315,387.51611648067524,389.9144592285156,2951300.0
2025-10-06,389.36173905443553,389.36173905443553,380.69609749904174,384.2590637207031,3653700.0
2025-10-07,384.3775408587119,384.6736213993068,380.4888557850548,381.77191162109375,2505700.0
2025-10-08,381.4264669559456,381.4264669559456,377.99181218023824,378.791259765625,2517600.0
2025-10-09,377.9128236242415,379.3537990801069,372.5436757633763,372.77069091796875,3321400.0
2025-10-10,375.30722512932357,375.30722512932357,369.898589816279,370.85595703125,2992400.0
2025-10-13,374.1326914645144,377.33048143281616,372.2771732932456,374.42877197265625,2925900.0
2025-10-14,373.9353069859447,383.8248182370645,373.08652273122834,382.6700439453125,4399900.0
2025-10-15,384.16040258583604,389.2334399089142,381.69296436330313,383.24249267578125,3690100.0
2025-10-16,384.58478334807444,384.92035132199504,378.9688917102049,382.3443603515625,2783700.0
2025-10-17,383.43988344605526,387.9898248769205,382.1568276730379,386.79559326171875,2657700.0
2025-10-20,386.3119959509989,388.0589313442833,383.03523080961,383.8248291015625,2761100.0
2025-10-21,382.51213050369853,388.5030775786968,380.83426050862636,385.8086242675781,2306900.0
2025-10-22,386.1540805227209,387.9306239889087,383.11420989566517,383.9037780761719,2857000.0
2025-10-23,382.0877603968987,383.6570475410657,376.33367741485665,380.0151062011719,2767300.0
2025-10-24,384.6242697585249,384.6242697585249,380.64676067702317,381.6435852050781,2426800.0
2025-10-27,382.6503259330651,384.21961300495036,377.9128265438863,380.251953125,3065800.0
2025-10-28,379.4130441598107,384.93023226999725,377.8437269846978,380.7257080078125,2372800.0
2025-10-29,378.01153894434077,379.9854895393504,370.3131436718416,373.11614990234375,3852300.0
2025-10-30,372.7904144609822,379.6893919626706,371.2112480318076,374.6064453125,2384300.0
2025-10-31,372.05018530745207,375.97835768265105,370.12560162389786,374.64593505859375,2643500.0
2025-11-03,372.09954541392784,373.5504002236492,368.8129009926782,373.4220886230469,2897600.0
2025-11-04,372.43510536667344,378.68264525770144,371.8429142105345,378.0904541015625,2590000.0
2025-11-05,377.80426576316364,378.42606499215333,365.70393951546953,368.9708251953125,4763000.0
2025-11-06,366.97712121706365,367.8061767596374,362.762717892198,364.262939453125,3622100.0
2025-11-07,364.18398449603706,368.7832927329764,362.78249652123185,366.2763671875,2766400.0
2025-11-10,364.97357612913413,365.8322397538877,358.7161568300282,365.605224609375,3257900.0
2025-11-11,367.1449063175407,371.102686629869,366.07898632155144,369.3656005859375,2407300.0
2025-11-12,367.21402236494566,368.694485293403,364.20375979178726,366.296142578125,3375800.0
2025-11-13,366.8192386411317,368.6549982166067,361.8448747629194,363.2760009765625,3034800.0
2025-11-14,361.14413068076556,362.5456187202767,355.11369601808246,357.6403503417969,3413300.0
2025-11-17,356.42638966289866,359.041868145389,351.46190518176184,353.36676025390625,5127200.0
2025-11-18,335.5518559984552,344.2569548033688,331.63356305511905,332.0974426269531,10168500.0
2025-11-19,336.52895002522865,337.2987895104561,327.05398166236455,330.1432189941406,7595000.0
2025-11-20,331.9789845496473,334.48591014785495,327.8040984697447,328.05084228515625,4025300.0
2025-11-21,330.2123245104722,342.40147516320377,328.6627661021288,338.8483581542969,7441300.0
2025-11-24,337.74293198867053,339.2332440876919,332.1664979052651,332.19610595703125,6132900.0
2025-11-25,334.58460758656526,348.4022609972199,334.4365673240414,346.4974060058594,6316600.0
2025-11-26,345.6979553513615,352.67584736955865,344.4543569171846,350.840087890625,4517300.0
2025-11-28,350.30713888950993,353.16936125909837,348.89577142769195,352.271240234375,2119600.0
2025-12-01,349.43856476675,357.57126106525817,348.283820626028,352.67584228515625,5107100.0
2025-12-02,352.1823417097893,352.8436283360149,346.7243701462065,349.4188232421875,3965300.0
2025-12-03,349.8827020304835,355.77494507202056,349.1424706439592,353.248291015625,4166700.0
2025-12-04,353.9238218895759,355.1357208605984,347.67558643377816,348.83782958984375,4022800.0
2025-12-05,348.3212515511384,353.2582459202786,347.20869456342865,352.25494384765625,5959200.0
2025-12-08,349.61264208251725,349.75169655088473,343.40414957725096,347.586181640625,7273000.0
2025-12-09,345.4504738283618,354.30130457500957,342.6690509362978,342.97698974609375,5063100.0
2025-12-10,341.81475433663815,349.6821387155011,341.7154123979604,348.7980651855469,6316100.0
2025-12-11,353.63573368926075,360.311106054643,351.58941698130747,355.0860290527344,6609800.0
2025-12-12,356.874080453864,358.3641186048678,353.685376983985,357.261474609375,3861200.0
2025-12-15,357.0032259452497,360.26144152603297,353.25824394888167,354.619140625,4387400.0
2025-12-16,354.5297438344372,356.3575203586303,349.4735512632656,350.3377685546875,3497200.0
2025-12-17,349.6324836488424,355.1257563740036,348.6490681781143,354.3807373046875,3875200.0
2025-12-18,361.1256513405999,363.867300898311,352.20527878115774,352.6324157714844,4805200.0
2025-12-19,351.75825446616267,351.75825446616267,342.62931539004643,342.7087707519531,12825600.0
2025-12-22,343.0167246120468,345.58952026482746,341.41743149609056,344.0895690917969,3523700.0
2025-12-23,341.71542634950515,345.19218214085186,339.6691096517906,342.6789855957031,3873400.0
2025-12-24,342.05315731436633,345.9471370551209,341.6160770277029,345.0332336425781,1368600.0
2025-12-26,344.68555177843547,347.725227205995,344.2683580691099,347.45703125,1786900.0
2025-12-29,347.6755698297849,347.99345191206334,342.46043628233815,345.14251708984375,3790000.0
2025-12-30,343.7319531054053,344.675656115401,341.43729664415844,344.0498352050781,2392600.0
2025-12-31,343.2054545136881,344.4074101353893,341.6856168104928,341.81475830078125,2317500.0
2026-01-02,341.1492038747843,346.17559695499574,338.65589391212825,343.5233459472656,3763000.0
2026-01-05,340.42405666784333,345.0431688048036,338.9836743505026,341.8048095703125,4725300.0
2026-01-06,339.2320327970689,348.35105937530454,335.46719442807296,346.9703063964844,4680300.0
2026-01-07,350.9933957525593,356.1191308129272,346.71202173757393,346.7418212890625,4442700.0
2026-01-08,343.01672568657614,360.8276417408881,341.8147700236527,357.1720886230469,5196500.0
2026-01-09,361.0859156869664,372.9962777305898,358.9104575386532,372.1519470214844,7093500.0
2026-01-12,372.1519556576171,373.92013311032497,366.7977371705141,372.449951171875,5859800.0
2026-01-13,373.3737545217122,377.6551283779304,368.3573048794318,377.2180480957031,4785800.0
2026-01-14,374.1883228698991,377.56573667341854,371.48638576410264,373.4532470703125,4959900.0
2026-01-15,373.5227759815251,377.65515234811215,371.9731386334182,376.6419372558594,2990100.0
2026-01-16,376.731329708075,380.22794181533516,375.00289507478516,377.6452331542969,3709000.0
2026-01-20,369.7678700259122,374.8340059690943,368.83411032868275,372.6188049316406,5353700.0
2026-01-21,373.3042223623911,383.3570388141971,372.1916653643805,382.0855407714844,5169800.0
2026-01-22,383.8835298865552,388.00596294559887,378.0028323064579,378.49951171875,4828100.0
2026-01-23,378.96636947208333,381.81730428194743,376.6915694083111,381.2212829589844,3138300.0
2026-01-26,382.4431444008933,384.8470860756858,379.41341213614703,383.9629821777344,3984800.0
2026-01-27,382.39346672460346,383.93316067638693,375.7578071695762,377.83392333984375,3466100.0
2026-01-28,377.68495163731194,378.469713599879,371.16852014855374,372.80755615234375,3371500.0
2026-01-29,372.41020377871445,374.58566195091487,367.69174953292077,369.3407287597656,4744500.0
2026-01-30,369.93674952409896,372.62874334883867,366.1023688423251,372.1022644042969,3755600.0
2026-02-02,371.7545886781475,377.1286634393594,365.79443586104213,375.60882568359375,4757200.0
2026-02-03,374.784336298687,389.178095078329,374.49625376915304,378.56903076171875,5684400.0
2026-02-04,382.0358578035837,387.9364115092612,381.8073743658894,384.6285400390625,5574700.0
2026-02-05,384.1119708975344,384.4298529869508,378.300815894053,379.8305969238281,3759700.0
2026-02-06,378.8074379970947,383.80403150685515,376.58232400440914,382.5921325683594,4685400.0
2026-02-09,381.8073670021955,383.21794981157694,375.6883035805272,378.4696960449219,3639300.0
2026-02-10,381.26102984396755,389.1383576714219,379.40345378102705,387.092041015625,3160800.0
2026-02-11,382.4431478474671,388.82052484623523,379.54252673822134,388.0854187011719,3229900.0
2026-02-12,390.9363505278487,394.98927147987234,386.4165800338773,387.62847900390625,3702200.0
2026-02-13,387.6086111767133,391.38336244489005,384.5291928711457,388.45294189453125,2875900.0
2026-02-17,389.6251243794935,391.383358503058,377.97301500104965,380.49615478515625,3485300.0
2026-02-18,380.20808605237943,382.5623415911367,377.0194127476642,380.97296142578125,2982600.0
2026-02-19,381.1915004841036,381.1915004841036,374.88369628532166,376.0657653808594,2930900.0
2026-02-20,374.94328522543316,382.26433461466456,373.4532470491205,379.7113952636719,3984100.0
2026-02-23,378.4597633654655,381.5888678692561,367.1255357042491,374.486328125,5495700.0
2026-02-24,386.52583103885803,391.7310518043431,379.67166133002365,381.9266052246094,5675800.0
2026-02-25,378.53924859561505,378.9067865045354,368.90365602300443,373.0757751464844,5036900.0
2026-02-26,375.8869530969669,378.9465150897313,372.4499402355274,372.59893798828125,2889400.0
2026-02-27,371.3771017910201,379.65179746829824,369.8672073471929,378.1915588378906,4819500.0
2026-03-02,372.50955747248184,372.61881239151916,366.5494045529221,368.3473815917969,4537600.0
2026-03-03,361.31439841223744,366.3308481037484,357.72835746807624,364.48321533203125,3964700.0
2026-03-04,363.76801338863316,367.1156277743356,359.1091580799838,366.6586608886719,4324400.0
2026-03-05,363.6885307766607,364.54283513606134,356.8145046345245,359.27801513671875,4752200.0
2026-03-06,355.16551806869916,357.0628370370768,350.8742007260305,355.5429992675781,4167400.0
2026-03-09,353.23840507608844,354.1224786686976,343.3445596436474,351.2119445800781,4224500.0
2026-03-10,350.69538620676036,359.23827763224915,348.6887821037957,354.778076171875,3986000.0
2026-03-11,353.09932272941114,353.95362709060527,346.7914880690304,348.510009765625,3197100.0
2026-03-12,346.0400085449219,348.6700134277344,338.70001220703125,338.92999267578125,3893600.0
2026-03-13,341.69000244140625,343.4200134277344,338.0299987792969,339.0299987792969,2531900.0
2026-03-16,342.44000244140625,345.239990234375,340.6499938964844,342.5799865722656,3194400.0
2026-03-17,344.8900146484375,346.7799987792969,340.94000244140625,341.42999267578125,3075900.0
2026-03-18,338.6000061035156,339.79998779296875,330.1400146484375,330.92999267578125,3592200.0
2026-03-19,328.9599914550781,330.2300109863281,324.6300048828125,328.2099914550781,3845400.0
2026-03-20,327.75,330.2300109863281,320.260009765625,320.75,9672200.0
2026-03-23,331.989990234375,334.7200012207031,328.2099914550781,330.8999938964844,5806300.0
2026-03-24,325.8999938964844,332.5199890136719,323.0199890136719,330.9100036621094,4566400.0
2026-03-25,335.0,337.19000244140625,326.989990234375,332.510009765625,4397800.0
2026-03-26,331.44000244140625,334.1199951171875,326.5899963378906,328.42999267578125,3448400.0
2026-03-27,327.5,327.5400085449219,320.739990234375,321.6499938964844,3977400.0
2026-03-30,325.7200012207031,327.989990234375,322.5799865722656,323.5,4066000.0
2026-03-31,328.489990234375,331.44000244140625,323.4100036621094,328.8900146484375,5749100.0
2026-04-01,329.3699951171875,333.0899963378906,327.80999755859375,329.55999755859375,3386200.0
2026-04-02,323.6000061035156,326.29998779296875,318.6600036621094,321.6300048828125,3732300.0
2026-04-06,319.70001220703125,326.67999267578125,318.9200134277344,326.6499938964844,2448300.0
2026-04-07,323.0,324.3800048828125,315.30999755859375,318.7699890136719,4661600.0
2026-04-08,333.260009765625,338.7799987792969,332.25,336.1600036621094,4610600.0
2026-04-09,331.260009765625,340.57000732421875,328.45001220703125,339.5799865722656,3002000.0
2026-04-10,341.0400085449219,341.2300109863281,335.80999755859375,337.3399963378906,3208300.0
2026-04-13,335.5400085449219,341.44000244140625,331.92999267578125,341.1600036621094,3741200.0
2026-04-14,341.0,342.760009765625,338.3399963378906,342.7099914550781,2882500.0
2026-04-15,341.8500061035156,342.2699890136719,336.6199951171875,338.9100036621094,3365200.0
2026-04-16,339.989990234375,341.9800109863281,336.69000244140625,337.1499938964844,2856700.0
2026-04-17,342.8399963378906,352.0199890136719,342.8399963378906,349.3999938964844,4930400.0
2026-04-20,348.3399963378906,351.1700134277344,343.6199951171875,350.989990234375,3260900.0
2026-04-21,352.92999267578125,353.54998779296875,342.9700012207031,343.9200134277344,3081000.0
2026-04-22,343.95001220703125,345.239990234375,337.9200134277344,339.5,2855800.0
2026-04-23,339.5,340.8299865722656,336.8800048828125,340.1600036621094,2712400.0
2026-04-24,337.8800048828125,340.2699890136719,334.67999267578125,335.8900146484375,3255900.0
2026-04-27,334.4800109863281,337.3800048828125,332.1400146484375,332.29998779296875,3282900.0
2026-04-28,334.45001220703125,335.92999267578125,327.3599853515625,329.05999755859375,4279300.0
2026-04-29,325.6600036621094,325.8399963378906,319.04998779296875,322.80999755859375,4150000.0
2026-04-30,322.239990234375,330.1199951171875,322.239990234375,328.79998779296875,4317900.0
2026-05-01,330.1000061035156,330.5199890136719,323.3599853515625,323.8800048828125,3865300.0
2026-05-04,322.0799865722656,322.0799865722656,312.260009765625,312.4200134277344,6396100.0
2026-05-05,313.4100036621094,317.6300048828125,310.3999938964844,315.4200134277344,6391400.0
2026-05-06,321.9599914550781,325.239990234375,319.3500061035156,323.04998779296875,5455900.0
2026-05-07,325.010009765625,327.489990234375,322.42999267578125,322.6400146484375,4411700.0
2026-05-08,322.67999267578125,324.0,316.79998779296875,317.45001220703125,4995500.0
2026-05-11,316.5,317.1199951171875,309.7099914550781,311.3999938964844,4335700.0
2026-05-12,313.2300109863281,314.7799987792969,309.1099853515625,310.4599914550781,4225700.0
2026-05-13,307.6099853515625,307.69000244140625,299.2699890136719,302.54998779296875,6307800.0
2026-05-14,305.05999755859375,305.9800109863281,301.4200134277344,304.3500061035156,5072600.0
2026-05-15,300.30999755859375,302.92999267578125,296.8800048828125,297.510009765625,6121500.0
2026-05-18,299.25,303.7799987792969,297.29998779296875,299.80999755859375,6366100.0
2026-05-19,291.8699951171875,303.19000244140625,289.1000061035156,302.44000244140625,8692500.0
2026-05-20,301.05999755859375,311.010009765625,296.6700134277344,310.5799865722656,5810900.0
2026-05-21,306.3599853515625,313.989990234375,304.3800048828125,313.7799987792969,4516600.0
2026-05-22,314.5,314.9599914550781,311.4599914550781,313.07000732421875,2963800.0
2026-05-26,315.05999755859375,316.7900085449219,308.9599914550781,310.5400085449219,6978200.0
2026-05-27,314.75,321.0,314.510009765625,317.8500061035156,5990100.0
2026-05-28,317.45001220703125,321.8800048828125,315.1600036621094,321.2099914550781,6818900.0
2026-05-29,320.4800109863281,322.1000061035156,317.0,317.1400146484375,6963300.0
2026-06-01,315.1300048828125,315.8900146484375,307.69000244140625,310.69000244140625,4544200.0
2026-06-02,309.9800109863281,312.20001220703125,308.57000732421875,311.5199890136719,4310000.0
2026-06-03,307.94000244140625,313.5199890136719,307.1199951171875,312.9700012207031,4325600.0
2026-06-04,317.8299865722656,320.75,308.1099853515625,309.95001220703125,4558600.0
2026-06-05,310.8299865722656,314.04998779296875,308.6300048828125,310.7799987792969,3946300.0
2026-06-08,308.8800048828125,313.7699890136719,307.07000732421875,309.7099914550781,4381800.0
2026-06-09,311.3500061035156,322.8900146484375,310.2699890136719,321.3299865722656,4875300.0
2026-06-10,323.2699890136719,324.0,318.79998779296875,318.9200134277344,4823800.0
2026-06-11,322.2900085449219,327.0299987792969,318.54998779296875,326.010009765625,4656600.0
2026-06-12,328.5,331.0199890136719,325.2900085449219,328.3900146484375,3649000.0
2026-06-15,333.760009765625,338.0,329.5400085449219,329.82000732421875,4695000.0
2026-06-16,331.9100036621094,338.2699890136719,329.75,337.0899963378906,5131500.0
2026-06-17,336.010009765625,341.1499938964844,326.1700134277344,327.4800109863281,6085400.0
2026-06-18,331.70001220703125,338.0199890136719,330.8999938964844,334.2799987792969,10603700.0
