date,open,high,low,close,volume
2016-06-06,87.44643051143605,88.22984980102747,87.41600572894569,88.0549087524414,6349400.0
2016-06-07,88.23746568020894,88.40479909805167,87.81152448853628,88.02449798583984,6417400.0
2016-06-08,87.86478524610766,88.19184450483297,87.78112432218789,88.0777587890625,5863800.0
2016-06-09,88.06252758329512,89.13497954128613,87.9332265934895,88.99046325683594,7375500.0
2016-06-10,88.79268868507832,89.16538789704222,88.50366197237184,88.99805450439453,6067400.0
2016-06-13,89.08932857153934,89.47723729647954,88.83072662353516,88.83072662353516,7940900.0
2016-06-14,88.57211063672628,89.1273527130678,88.45802496611735,89.08171844482422,6378400.0
2016-06-15,89.47723969921428,89.55329875637945,88.48845454726468,88.54170227050781,6371400.0
2016-06-16,87.99407448453681,88.90679484598999,87.63659050537171,88.71664428710938,6664300.0
2016-06-17,88.70143668870323,88.73946331953017,87.4768665991432,87.8343505859375,10702200.0
2016-06-20,88.68620586441358,89.0969317047922,88.55690489696113,88.64057159423828,5588200.0
2016-06-21,88.98285383663422,89.10455297962748,88.36676788330078,88.36676788330078,5493500.0
2016-06-22,88.64058437320803,89.15018647341171,88.46564330742606,88.5797348022461,5833800.0
2016-06-23,89.1425713587406,89.27947998046875,88.74706078648927,89.27947998046875,6775900.0
2016-06-24,87.52250512703257,89.08174214001379,87.46926319894193,87.94844055175781,13939500.0
2016-06-27,87.46926509458157,88.71665241082603,87.46926509458157,88.64820098876953,10877400.0
2016-06-28,89.11977532990569,90.0325016252466,88.64820559010148,89.92601776123047,10089600.0
2016-06-29,90.38993513473496,90.82348382751651,89.82709130296817,90.76263427734375,8341500.0
2016-06-30,90.6485836341027,92.3447293404939,90.63337414117801,92.26106262207031,11559900.0
2016-07-01,92.26104850369933,92.44359140553732,91.87313975972616,92.2534408569336,7051400.0
2016-07-05,92.30669525905574,93.7290236439785,92.29147996346704,92.99884033203125,9334100.0
2016-07-06,92.74020852939496,93.2954505812258,92.44357419303962,93.28023529052734,9332400.0
2016-07-07,93.24222499401917,93.40955841381322,92.80108010893927,93.18138122558594,6058700.0
2016-07-08,93.55408632177166,93.63014539396654,92.76305920448738,93.43999481201172,6129900.0
2016-07-11,93.33349818629812,93.89634220708939,93.10532100091842,93.5008316040039,6711600.0
2016-07-12,93.28785743537908,93.70618514767602,93.25743265218645,93.49321746826172,6415900.0
2016-07-13,93.31065422133543,93.8582885934975,93.02162754844224,93.55404663085938,5230800.0
2016-07-14,93.53884565142934,94.11689904978984,93.48560373834525,93.69096374511719,5322700.0
2016-07-15,94.13970762151824,94.54283155870012,93.33347135302006,93.55404663085938,7192800.0
2016-07-18,93.55407675713681,93.72141018061912,93.12814135404341,93.66056060791016,6599200.0
2016-07-19,94.90795787072884,95.64574305977888,93.81268865787638,95.26544189453125,11325700.0
2016-07-20,95.71418193568323,95.88912300205332,95.1057036328216,95.1817626953125,7334600.0
2016-07-21,95.2350034780209,95.63812172703255,94.99161099920624,95.18936920166016,5492600.0
2016-07-22,95.16654070539896,95.34147594585963,94.80905677541357,95.09808349609375,5839200.0
2016-07-25,95.1285239336188,95.17415821204344,94.42116360336328,94.99161529541016,4880600.0
2016-07-26,95.09809484600426,95.49361125091208,94.88512715240823,95.18936920166016,5589900.0
2016-07-27,95.15132969704045,95.25021169238497,94.57327042672095,94.90032958984375,4812600.0
2016-07-28,95.0600671818522,95.07527667282874,94.62652415234149,94.66455078125,4320400.0
2016-07-29,94.57328749400685,95.3186803036424,94.57328749400685,95.25022888183594,7020900.0
2016-08-01,95.31106701027043,95.61530907379316,95.1513412325813,95.37952423095703,4615100.0
2016-08-02,95.56966570982405,95.75981625608198,94.67976254604112,94.961181640625,7158700.0
2016-08-03,95.07529362546545,95.07529362546545,94.07890640520989,94.23863220214844,5310600.0
2016-08-04,94.49721001812973,94.61130150185272,94.04084988617169,94.20818328857422,4728200.0
2016-08-05,94.60369911427435,94.60369911427435,94.132129466309,94.4972152709961,5146900.0
2016-08-08,94.3146332649125,94.42872470767416,93.72897236970265,94.04842376708984,5232500.0
2016-08-09,94.24622565904168,94.31467707473574,93.80507497034267,93.88113403320312,3941500.0
2016-08-10,94.00283903354362,94.14735533295884,93.73662937904342,93.8279037475586,4333500.0
2016-08-11,94.20056666129295,94.42114196134575,93.91153995929272,94.13971710205078,4052000.0
2016-08-12,93.91154029161241,94.13971743517791,93.51602395807214,93.72138977050781,4234800.0
2016-08-15,93.64533513262508,93.75942080831369,93.00642633410057,93.02924346923828,6469500.0
2016-08-16,92.87713298046899,93.03685874246108,91.31789618498298,91.52326202392578,11289100.0
2016-08-17,91.65257550402684,92.2838767943938,91.15818285731855,92.26866149902344,10442800.0
2016-08-18,92.1621538733098,92.32948726161676,91.19619177208341,91.81988525390625,8728000.0
2016-08-19,91.81226321319663,91.87351288773628,91.36051108337553,91.81991577148438,7798300.0
2016-08-22,91.80457791496134,91.80457791496134,91.07718201706892,91.21500396728516,6544900.0
2016-08-23,91.62848723759122,91.85053407968921,91.13079644265757,91.45238494873047,5603200.0
2016-08-24,91.48298360121052,91.58251939187426,90.82450168353942,90.8934097290039,6303900.0
2016-08-25,91.00828645438537,91.27627199390956,90.6024789457278,90.78623962402344,5566000.0
2016-08-26,90.99296414792633,91.6820739518726,90.77857572928666,91.14610290527344,6482700.0
2016-08-29,91.3452001251525,91.9807071202401,91.16143357659092,91.81991577148438,5074900.0
2016-08-30,92.39416636498497,92.39416636498497,91.31456571861527,91.47535705566406,3820500.0
2016-08-31,91.52893219959371,91.5901876966187,91.1231247546832,91.37579345703125,5693100.0
2016-09-01,91.26095978438792,91.4140927072562,90.80920773112733,91.1767349243164,4551800.0
2016-09-02,91.39113953811223,91.73569159640837,91.03892907982241,91.36051177978516,5806400.0
2016-09-06,91.71269713524956,91.85817748707154,91.39111452330768,91.68972778320312,5280700.0
2016-09-07,91.75862940842225,91.84285425445354,91.45236361374002,91.58252716064453,4753800.0
2016-09-08,91.39879058682851,91.74334261741207,91.22268245102433,91.47535705566406,4833000.0
2016-09-09,91.13844694466114,91.23798860001077,90.48762327305575,90.52590942382812,7957300.0
2016-09-12,90.16603579762483,91.46002467290838,89.87507508732095,91.23798370361328,7239800.0
2016-09-13,90.6713815105744,90.98531158186874,89.9593023535114,90.05118560791016,7957900.0
2016-09-14,90.23494108946666,90.60246824429441,89.93632783188922,90.24259948730469,6124900.0
2016-09-15,90.20432188416295,91.06953983079094,89.82914213760506,90.8321762084961,5812100.0
2016-09-16,90.7402990904305,91.22267305187539,90.44168580358654,90.54122161865234,12408800.0
2016-09-19,90.62544862000158,90.85515384991642,90.0741607415233,90.0894775390625,5457600.0
2016-09-20,90.47996552608258,90.53356263256198,90.11244417926568,90.31151580810547,5187700.0
2016-09-21,90.31151545020498,91.11547788585641,90.07415767125777,91.04656982421875,6337300.0
2016-09-22,91.30691342514793,91.75865971064003,91.22268855130235,91.46770477294922,5340500.0
2016-09-23,91.42941168355013,91.5748862112481,90.89343475744418,90.97000122070312,4773000.0
2016-09-26,90.83218205768951,90.83984045674613,90.0129086080381,90.18135833740234,5998900.0
2016-09-27,90.6483848918336,91.28389739990234,90.13538335278056,91.28389739990234,5349500.0
2016-09-28,91.1537734871567,91.51363647131751,90.97000695377795,91.41410064697266,5076100.0
2016-09-29,91.02357922611495,91.3221924593078,89.61473790455331,89.79084014892578,6190200.0
2016-09-30,90.18132485172865,90.8244957757871,89.88271165751588,90.44931030273438,7941100.0
2016-10-03,90.34980527416504,91.12313998886769,89.91337000777773,90.97000122070312,6098600.0
2016-10-04,90.99297208906029,91.48301031369132,90.56419521436077,90.9776611328125,5733900.0
2016-10-05,91.28393128145396,91.45238100555119,90.80920986278416,91.25330352783203,5778700.0
2016-10-06,90.73263793945313,91.0006234654598,90.28854430112987,90.92405700683594,4448500.0
2016-10-07,91.24563538020985,91.55190704205992,90.8781140593066,91.29923248291016,4799300.0
2016-10-10,91.50598050542303,92.03429320467991,91.38346948773359,91.72802734375,3657000.0
2016-10-11,91.42940026665214,91.59784412812934,89.6300564756965,90.07415008544922,6394200.0
2016-10-12,90.31917723352866,90.67904603551348,89.9669668303394,90.32683563232422,4685200.0
2016-10-13,89.99758607315307,91.26860559562793,89.79850861482107,90.54887390136719,7387400.0
2016-10-14,90.73263887626985,90.96234409615947,90.01290130615234,90.01290130615234,5640500.0
2016-10-17,89.96695018215831,90.77091249916775,89.96695018215831,90.72496795654297,6956400.0
2016-10-18,89.87507653113359,90.71732508328459,88.17528015537863,88.36669921875,12598300.0
2016-10-19,88.48920348695408,88.73421965192628,87.6393023868467,87.73883819580078,7400900.0
2016-10-20,87.9225888074435,88.58872328217338,87.73882233569827,87.95321655273438,6973000.0
2016-10-21,87.37130851838725,87.4708443178279,86.51374910212533,86.85830688476562,8422000.0
2016-10-24,87.23351873432637,87.43259624824783,86.85833890711297,86.9885025024414,6141900.0
2016-10-25,87.01145354625136,87.40960849028605,86.59032924806978,87.2564697265625,5595000.0
2016-10-26,87.01142266252107,88.22119217913354,86.98079492064733,87.7158432006836,6429200.0
2016-10-27,88.03746309100924,89.23957464215357,87.89198272543143,88.5887451171875,7548700.0
2016-10-28,88.68063785837295,88.74955177004331,87.72354238595844,88.30545806884766,8813300.0
2016-10-31,88.26716913479824,88.99456517592444,87.66994251347477,88.81079864501953,8552500.0
2016-11-01,87.86901490236761,88.77251318112509,87.7694732434918,88.31310272216797,7591900.0
2016-11-02,88.45089982510414,88.63466629368293,87.9225872924639,87.945556640625,6591300.0
2016-11-03,87.96084629789304,88.38962877912864,87.86131053274306,88.07569885253906,6227100.0
2016-11-04,88.08339630448855,88.77250609628042,88.08339630448855,88.13699340820312,7160600.0
2016-11-07,88.73420995837364,89.36972257491111,88.69592381361046,89.32378387451172,6398200.0
2016-11-08,89.18597078381019,90.0205550793453,89.17831238576832,89.62240600585938,6675300.0
2016-11-09,91.88114200833114,93.79533246683803,90.42635609153675,92.11849975585938,16220000.0
2016-11-10,92.47070908802763,92.72338362778243,91.13077578172545,91.5289306640625,11904500.0
2016-11-11,91.49066596114722,91.49066596114722,90.44934565172274,90.70967864990234,8134800.0
2016-11-14,90.79390431434983,91.10782858478971,89.20129608103646,89.27786254882812,10054900.0
2016-11-15,89.12471680580052,89.34676361964056,88.68062317812043,89.06346130371094,7446700.0
2016-11-16,89.31614014723097,89.41567596166007,88.87970489681646,89.0940933227539,6594800.0
2016-11-17,89.33909239658183,89.33909239658183,88.91031562679939,89.25486755371094,5730300.0
2016-11-18,89.27029023064851,89.37051384624615,88.51473980825672,88.93877410888672,7717800.0
2016-11-21,89.00045946015693,89.18548994952985,88.50704090048701,88.6612319946289,5843300.0
2016-11-22,88.34514212125934,88.66124154491655,86.55649817928592,86.91885375976562,11649700.0
2016-11-23,86.54108581122217,87.4508275276363,86.00911645272159,87.17327880859375,7892600.0
2016-11-25,87.5818592741938,88.06757229998323,87.41224557515699,87.99047088623047,3433300.0
2016-11-28,87.72836176376003,87.98278236121622,87.15784766080844,87.21952056884766,9065700.0
2016-11-29,87.08074105393784,87.435391134643,86.47938759171984,86.71839141845703,7799600.0
2016-11-30,86.49483052796742,86.74924528798772,85.80867004394531,85.80867004394531,11178500.0
2016-12-01,85.85490642549608,85.99368075445375,85.57735776758074,85.87032318115234,8143300.0
2016-12-02,86.13245913737539,86.75694070607074,85.9165892559505,86.31748962402344,6167700.0
2016-12-05,86.65669950385158,86.67211625710574,86.14015298066441,86.30205535888672,5451600.0
2016-12-06,86.5333666320746,87.27349452163457,86.23268986075378,86.39459228515625,6530400.0
2016-12-07,86.26352190282756,86.26352190282756,84.28213637977751,85.65445709228516,11761100.0
2016-12-08,85.22273104891148,85.731566438124,84.75244049775263,85.56966400146484,7774900.0
2016-12-09,85.89346138361,86.67984536523474,85.73155309014511,86.54878234863281,7672100.0
2016-12-12,86.88029315567442,88.96961350184279,86.79548629554841,88.93877410888672,9544600.0
2016-12-13,89.0698405558851,89.4090680094846,88.6689401960054,89.3473892211914,7051600.0
2016-12-14,89.52472310122648,90.43446473127769,88.33743277848079,88.65352630615234,9378700.0
2016-12-15,88.91564946716512,89.3705172962981,88.57642201356562,89.3473892211914,6738100.0
2016-12-16,89.74831644797922,89.78686128816524,89.01589390027235,89.3396987915039,11291100.0
2016-12-19,89.4861520265799,89.94102567913079,89.38592842002366,89.44760131835938,6310800.0
2016-12-20,89.41677609573627,89.6249346461837,88.591841448682,89.1700668334961,5715200.0
2016-12-21,89.58639077956175,89.58639077956175,88.4607793169588,88.90023040771484,5907600.0
2016-12-22,88.66124550523985,89.06985726079392,87.79775995322896,89.00047302246094,4602300.0
2016-12-23,88.96962738278101,89.67891588539467,88.89253182936886,89.4013671875,2992500.0
2016-12-27,89.34740084624168,89.43220772067583,88.95420587223002,89.36282348632812,3232600.0
2016-12-28,89.33968820594352,89.55556398986721,88.69978982014275,88.73833465576172,3278300.0
2016-12-29,88.83856944966607,89.33198807822333,88.66895569322187,89.03901672363281,2993600.0
2016-12-30,89.27801677653987,89.42449656554867,88.64582381814631,88.8231430053711,5506700.0
2017-01-03,89.26257411528837,89.432187826426,88.83854571945676,89.30883026123047,5953000.0
2017-01-04,89.0467148843515,89.60952354919553,88.90022922870446,89.16236114501953,5828900.0
2017-01-05,89.43221296704579,90.18005224073731,89.00047313151836,90.09524536132812,6217200.0
2017-01-06,89.94875205680472,90.20317267346442,89.24717488354707,89.66349792480469,5221400.0
2017-01-09,89.70203876152289,89.90249189438143,89.34739453078136,89.6480712890625,5457500.0
2017-01-10,89.45531250376763,90.2031515388441,89.33196082526685,89.5555419921875,5312800.0
2017-01-11,89.49388388230365,89.62494690911113,87.90568727494069,88.45307922363281,8887200.0
2017-01-12,88.09842001699369,88.45307010782632,87.40455423739736,88.3682632446289,6627300.0
2017-01-13,88.61496085360979,88.67663375162668,88.2294773014462,88.35282897949219,4935200.0
2017-01-17,87.84402004056167,88.6997942530548,87.63585556616391,88.56101989746094,6255400.0
2017-01-18,88.56100816995618,88.73832733961424,88.2063639486269,88.42993927001953,5014600.0
2017-01-19,88.4145233453318,88.58413707930544,87.82858659579014,88.0444564819336,5540800.0
2017-01-20,88.2680235182081,88.68434646694584,87.95193005909992,88.00589752197266,7502400.0
2017-01-23,88.28344855184461,88.48389577252239,87.73606259012463,87.82086944580078,7989800.0
2017-01-24,87.04992076232146,87.35059753909181,85.69301666586192,86.1633071899414,12450300.0
2017-01-25,86.29438984518183,86.96513366699219,85.39235930972362,86.96513366699219,9385500.0
2017-01-26,86.34833317097676,86.99594284639265,86.03994509039202,86.2249755859375,10164300.0
2017-01-27,86.34833684511138,87.5356271825733,86.27124129218811,87.41226959228516,8886100.0
2017-01-30,87.42768501477114,87.58187610788892,87.00365068567748,87.21952056884766,6969400.0
2017-01-31,86.95739800240186,87.42768850178554,86.67984931810942,87.31204223632812,8713400.0
2017-02-01,86.71838264188531,87.36599218734227,86.71067132386447,87.2966079711914,7082300.0
2017-02-02,86.98052092686767,87.59729705143071,86.94197021332758,87.55874633789062,7826300.0
2017-02-03,87.50478173177589,87.62813931353065,86.85717207360311,87.61271667480469,7267600.0
2017-02-06,87.47394475206167,87.5741683784953,86.82633507600417,87.42768859863281,6178400.0
2017-02-07,87.58186929049313,87.59729192781231,87.15784087641913,87.4893569946289,5507900.0
2017-02-08,87.35059304891361,87.65126981022793,87.23494678332808,87.42768859863281,5272000.0
2017-02-09,87.42770724729557,88.39141652938213,87.42770724729557,87.95196533203125,5854600.0
2017-02-10,88.13697921427888,89.42449316019504,88.06759498244543,88.84626770019531,6438500.0
2017-02-13,88.87711953517105,89.52473519964855,88.83086337414207,89.3396987915039,5710800.0
2017-02-14,89.00046644391678,89.7405943414986,88.90794825096393,89.70975494384766,5539100.0
2017-02-15,89.35511447226355,90.55782162143879,89.11611060086581,90.35736846923828,5979700.0
2017-02-16,90.20316635375036,91.19000347188296,90.20316635375036,91.03581237792969,7119300.0
2017-02-17,91.12063740515724,91.66802354440621,91.01270244147516,91.6371841430664,8691400.0
2017-02-21,91.28251646133234,92.43125592732942,91.22083767445673,92.25393676757812,8595100.0
2017-02-22,91.96098084299567,92.33875318223414,91.93785276455446,92.14601135253906,5103900.0
2017-02-23,92.14598221506319,93.9808876180339,92.11514870823402,93.82669067382812,9980900.0
2017-02-24,94.2923505826357,95.25467414882728,93.8267105293775,95.24691772460938,10835000.0
2017-02-27,94.7812799476828,95.3633315448286,94.75799883114658,94.9908218383789,5946200.0
2017-02-28,94.68816475360447,95.1848483581304,94.63384016938869,94.84337615966797,8885500.0
2017-03-01,95.06065458586704,96.58174854624812,95.00633001302965,96.12387084960938,9393900.0
2017-03-02,96.0385191865114,96.51192165375205,95.47198632670465,95.94538879394531,6950200.0
2017-03-03,95.94538334024489,96.17820634795834,95.63496055787368,96.0695571899414,5585200.0
2017-03-06,95.46425373821523,96.56627034787165,95.14606259153223,96.00749969482422,6670700.0
2017-03-07,95.13050764117105,96.5895147419227,94.98305268576202,96.10059356689453,6644000.0
2017-03-08,96.0385119975458,96.76025620333445,95.84449480159117,96.31013488769531,7909900.0
2017-03-09,96.68267702037294,97.94766735333198,96.36448588970778,97.74588775634766,8571100.0
2017-03-10,97.81572443273076,98.16495306780772,97.42768998445156,97.9476547241211,7395400.0
2017-03-13,97.65273591032621,98.52192915365471,97.6216924486452,98.31239318847656,7162500.0
2017-03-14,98.45209336576954,99.14279415864023,98.3822440913898,98.59954833984375,7679700.0
2017-03-15,98.5995462227776,100.1128780575998,98.2503117002481,100.08184051513672,8360600.0
2017-03-16,99.6782848165803,99.88005845415837,99.15831418806722,99.69380950927734,7610700.0
2017-03-17,99.68604345922982,100.06632146660492,99.29800902626911,99.38337707519531,13300800.0
2017-03-20,99.36785846629739,99.66276844280317,99.31353980013002,99.39115142822266,5827500.0
2017-03-21,99.63170693406363,99.6860255871667,98.66937744977731,98.75474548339844,7578600.0
2017-03-22,98.59953759226543,99.06517766061162,97.947636759833,97.98644256591797,10272700.0
2017-03-23,97.86225787405262,98.56072085960672,97.52079168628599,97.70704650878906,8508100.0
2017-03-24,97.67604575389922,98.06408025763442,97.1095127732337,97.38114166259766,6490300.0
2017-03-27,97.13277201745196,97.89331611137919,97.12500967173658,97.62945556640625,5004300.0
2017-03-28,97.48975427032894,97.61392218604746,96.83785346976987,97.52079772949219,5287600.0
2017-03-29,97.04737249612954,97.26467073819066,96.51188331324103,96.94647979736328,3971800.0
2017-03-30,96.80680145088718,97.34229071246943,96.44981058347697,96.74472045898438,4711700.0
2017-03-31,96.31790586158927,96.87667638334308,96.25581893229761,96.65937805175781,5657600.0
2017-04-03,96.79908698794148,97.24920249878886,96.44985239254926,96.7680435180664,4956400.0
2017-04-04,96.62833125614928,96.83010488798838,96.40327058592696,96.76026153564453,5358500.0
2017-04-05,96.79128375298096,97.47422203893154,96.55070436424697,96.8533706665039,5646300.0
2017-04-06,96.89219173985931,97.3655941973841,96.62056883495212,97.04740905761719,4324200.0
2017-04-07,97.10169705664482,97.37331985922123,96.87663647138636,96.94647979736328,3615100.0
2017-04-10,96.90772039395408,96.96980140266001,96.41103679869366,96.49639892578125,4594200.0
2017-04-11,96.43430273727789,96.84561821976975,96.19371740302195,96.40325927734375,4161500.0
2017-04-12,96.65161110593327,97.36559299600395,96.51191848214248,97.31903076171875,5556600.0
2017-04-13,97.10949603143264,97.51305516146766,96.97756574393242,97.00084686279297,5396500.0
2017-04-17,97.02409309671904,97.63718799699689,96.95424976524949,97.56734466552734,5367500.0
2017-04-18,95.5961568820482,95.7436118516183,93.86552081914213,94.54070281982422,13485700.0
2017-04-19,94.75799416274369,94.8976867760139,93.9896877502249,94.19146728515625,6993100.0
2017-04-20,94.57175120338788,94.79681188199152,94.17595442922729,94.57951354980469,6330100.0
2017-04-21,94.50965176544968,94.71143129903258,94.32339692264567,94.49413299560547,6021700.0
2017-04-24,95.08396137714216,95.61945082610076,94.79681966643123,95.37110900878906,5679000.0
2017-04-25,95.7203042461803,96.03849523405454,95.46420609213259,95.79015350341797,5090000.0
2017-04-26,96.06955508617774,96.43430836050497,95.82897565882783,95.85225677490234,5021800.0
2017-04-27,95.90659377662267,96.47312074427452,95.76690114114461,96.03076171875,4225200.0
2017-04-28,96.11613207779762,96.15493789117072,95.55736152246541,95.82122802734375,4381800.0
2017-05-01,95.76688217577318,96.06178616074244,95.45645350052764,95.7203140258789,4556400.0
2017-05-02,95.86000984112547,96.03074591426999,95.37108865788547,95.99970245361328,4881600.0
2017-05-03,95.91433617760535,95.99970421574459,95.48750190784396,95.71256256103516,3736500.0
2017-05-04,95.99196718738575,96.19374084472656,95.63497619254893,96.19374084472656,3753700.0
2017-05-05,96.07731743184755,96.07731743184755,95.34781088319308,95.85225677490234,4139800.0
2017-05-08,95.86777285351388,96.07731473417083,95.47197612855558,95.65047454833984,3608600.0
2017-05-09,95.63496286344058,95.82121772154055,95.36333404091478,95.61943817138672,3762500.0
2017-05-10,95.38659444584985,95.50299999907594,94.97527311436141,95.3089828491211,4237400.0
2017-05-11,95.06843325549121,95.61944142343937,94.94425939857791,95.61167907714844,4095900.0
2017-05-12,95.54183236326061,96.31013883285137,95.46422666588678,95.9531478881836,4097100.0
2017-05-15,96.55071797088178,98.84011846104059,96.48863104860908,98.55297088623047,9854600.0
2017-05-16,98.82457729791537,99.62392704590256,98.60727902711503,99.15828704833984,7233800.0
2017-05-17,99.1583162910769,99.25144668642801,98.13390562595688,98.30464172363281,6480800.0
2017-05-18,98.14164836834831,99.23590809163352,97.75361401329984,98.53744506835938,6571300.0
2017-05-19,98.58403398890935,98.86341927386546,98.12615616802552,98.56075286865234,6957200.0
2017-05-22,98.2735775064577,99.06517089744548,98.2735775064577,98.76250457763672,4858200.0
2017-05-23,98.80132069007408,99.45321566415278,98.80132069007408,98.96429443359375,3972500.0
2017-05-24,99.17382601203958,99.33679973859856,98.78579163806067,98.95652770996094,3965200.0
2017-05-25,99.01121905940708,99.69869229354072,98.69092390639429,99.62837982177734,5294300.0
2017-05-26,99.39402099555122,99.73775165993183,99.08153369686018,99.15184020996094,4005200.0
2017-05-30,98.9799613650425,99.51900174891934,98.58154591280199,99.30026245117188,3665400.0
2017-05-31,99.48776958454137,100.62053537209468,99.48776958454137,100.19086456298828,8813500.0
2017-06-01,100.2455442143916,100.60489654541016,100.08929163179387,100.60489654541016,5790900.0
2017-06-02,100.81584776473638,101.66736967303751,100.64397942649568,101.62049865722656,6562600.0
2017-06-05,101.5345446759266,101.96421543768777,101.40173951690923,101.83921813964844,4634700.0
2017-06-06,101.69858573559671,102.59699033887223,101.58140822753352,102.20638275146484,5619100.0
2017-06-07,102.33921711850577,102.71419717176207,102.01110808185639,102.14391326904297,5765200.0
2017-06-08,102.1439039502789,102.65168914439568,101.52674908725699,101.98766326904297,8101700.0
2017-06-09,101.84703748965597,102.886055296069,101.80016647770347,102.75325012207031,5992500.0
2017-06-12,102.75323065849818,102.98759759426657,102.66729651272969,102.97978973388672,8020700.0
2017-06-13,102.92510066674271,103.69068821065115,102.65167058371941,103.13603210449219,5733800.0
2017-06-14,103.5188231327578,104.33910148691747,103.5188231327578,103.7219467163086,7329400.0
2017-06-15,103.12044064228678,104.17508628065275,102.97200779773434,103.93289947509766,5265000.0
2017-06-16,104.46410650696772,105.15157975678507,103.9328739265455,104.9562759399414,12639600.0
2017-06-19,104.80000503106304,105.21404809676478,104.28441210422487,104.73751831054688,7488700.0
2017-06-20,104.60471883426067,105.27656443652906,104.60471883426067,104.8547134399414,5201200.0
2017-06-21,104.9093914871487,105.54999371888384,104.69847195070803,105.39375305175781,5841100.0
2017-06-22,105.815598378714,107.02648434479681,105.67498536194991,106.28433227539062,7311000.0
2017-06-23,105.81562712460524,106.64371356934697,105.71407722504351,106.58121490478516,9007100.0
2017-06-26,106.62025680707778,106.94836579032282,106.40151748491441,106.5108871459961,5561800.0
2017-06-27,106.63587005107925,106.81554620136613,105.45623944295617,105.47185516357422,6120500.0
2017-06-28,106.20621679788853,106.40152062131988,104.34693250469364,104.542236328125,6557900.0
2017-06-29,104.2141264995306,104.47192900432903,103.36260459969374,103.62040710449219,5750000.0
2017-06-30,103.6672707471047,104.05787840773462,103.33916174262352,103.34696960449219,5264400.0
2017-07-03,103.73758267906375,104.15163778770834,103.62821300519548,103.82351684570312,2931000.0
2017-07-05,103.88598359846358,104.72969736077364,103.44850503735394,104.4015884399414,4302700.0
2017-07-06,104.37817124663289,104.6594092167288,103.4407153197795,103.52664947509766,4282200.0
2017-07-07,103.83132460204642,103.90163111558977,102.87824101712863,103.54226684570312,4994100.0
2017-07-10,103.6985155381321,103.80006541374428,102.5188728933873,102.76886749267578,4019600.0
2017-07-11,102.67513107186662,102.95636908383989,101.93297884928178,102.51889038085938,3733100.0
2017-07-12,103.15166941035102,103.81570722498965,102.94074984886363,103.30010223388672,5053200.0
2017-07-13,103.19855096522568,103.2922929913006,102.33140146283252,103.01105499267578,4424400.0
2017-07-14,103.12041554536819,103.90163081465128,102.91730386669823,103.58914947509766,4383100.0
2017-07-17,103.67506985148746,103.84692622112024,102.92509804768318,103.23757934570312,4939400.0
2017-07-18,102.82358282346617,105.42503193287305,102.40173168807175,105.04224395751953,10256000.0
2017-07-19,105.33908549618887,105.78438401213417,105.08910275772948,105.62814331054688,5503300.0
2017-07-20,106.03434476276635,107.08899014048643,105.94841060665289,106.6905746459961,6088600.0
2017-07-21,105.72184254473729,106.45618665733166,105.54216640667588,105.70621490478516,6773500.0
2017-07-24,105.45626165186589,105.58906682747234,103.78446132305542,103.9094467163086,8306700.0
2017-07-25,104.47974869853775,104.56568286673101,102.69075881171462,103.02668762207031,6262900.0
2017-07-26,102.85480081389905,103.30790708114424,102.14389208837304,102.30013275146484,5382200.0
2017-07-27,102.22201039267246,102.45636540879885,101.22205592254136,102.20638275146484,5838100.0
2017-07-28,102.44855161750924,103.1125892458188,101.96420205169095,103.00321960449219,4970900.0
2017-07-31,103.22976276936961,104.35471441989404,103.19851941036457,103.68286895751953,5440800.0
2017-08-01,104.03442660848513,104.17505154289597,103.33914555827056,103.5188217163086,3837600.0
2017-08-02,103.18290083120311,103.5110097713514,102.72979460326573,103.24539947509766,4032100.0
2017-08-03,103.05011970476758,104.21412294749801,102.73762641245051,104.1750717163086,4327300.0
2017-08-04,104.47971919899057,104.6906387083119,103.74537504547914,104.04222869873047,3192800.0
2017-08-07,103.97196595758554,104.27663951968452,103.51885954618663,103.79228973388672,3010800.0
2017-08-08,103.51100548921853,103.74537241402824,102.6516640717153,103.33132934570312,5535800.0
2017-08-09,103.75318987120016,104.22192376417739,103.40945327240327,104.081298828125,6332300.0
2017-08-10,103.93286068565305,104.5656549847446,103.40944795364193,103.971923828125,5607900.0
2017-08-11,104.40157958390292,105.06561714951415,103.70629866103272,103.97972869873047,4270600.0
2017-08-14,104.83907193735995,104.97187708392154,103.80005434560441,104.27659606933594,3041100.0
2017-08-15,104.56565842271792,104.63596492924052,104.05786139468195,104.198486328125,3931800.0
2017-08-16,104.74535967536319,105.44064088737454,104.57349133797605,104.81566619873047,4469900.0
2017-08-17,104.82348462201041,105.26097529241832,103.92509161184823,103.93289947509766,5741400.0
2017-08-18,103.64383034149516,104.51097978391644,103.41728315401538,103.61258697509766,4792800.0
2017-08-21,103.33916853144184,104.40942977735024,103.26886200880566,104.25318908691406,4660000.0
2017-08-22,104.11258112440397,105.30001996600996,103.82352331656467,105.2297134399414,4150300.0
2017-08-23,105.01875692660138,105.06563985321439,103.62819478037355,103.7453842163086,5129900.0
2017-08-24,103.76101784603567,103.96412952481928,103.33134706360973,103.8156967163086,5398400.0
2017-08-25,103.70561136505765,104.21662654621962,103.47761111778867,103.5247802734375,4133300.0
2017-08-28,103.52480217554695,103.87072538512288,103.37543714980033,103.57198333740234,5349200.0
2017-08-29,103.43833241755775,104.13016683411617,103.22605917795723,103.94149017333984,3277900.0
2017-08-30,103.77638837859398,103.77638837859398,102.91158034361472,103.04524230957031,5430800.0
2017-08-31,103.29682584464653,104.16949149855907,103.18676044668588,104.0672836303711,7407100.0
2017-09-01,104.24810984622401,104.28740948945561,102.9430401920219,103.0137939453125,3820800.0
2017-09-05,102.77009703016654,103.13173538718898,101.98391208470703,102.12541961669922,5146600.0
2017-09-06,102.6285355682615,102.9901857737451,102.36910519894487,102.73074340820312,5601900.0
2017-09-07,102.88011615645087,104.18518545785233,102.40054307563345,103.92574310302734,3800200.0
2017-09-08,103.77636844769367,104.0436683358134,102.88797600022062,102.97445678710938,4854400.0
2017-09-11,103.28107227863256,104.82985697854014,103.00591485247281,104.7276611328125,5724200.0
2017-09-12,105.2151096977928,105.25442133572106,103.72135143011177,104.27169036865234,5465200.0
2017-09-13,104.30311141627972,105.15219223989467,103.6584462701171,104.1301498413086,4679500.0
2017-09-14,103.8864532672994,105.71826518990146,103.76853035228898,105.49026489257812,6274500.0
2017-09-15,105.96985277065644,106.48873766111976,105.49027952272444,105.70255279541016,15522000.0
2017-09-18,105.69465463486965,106.74028154385708,105.43521228937132,106.43367004394531,5260800.0
2017-09-19,106.15064969312112,106.75600320720412,105.62390744251928,106.3078842163086,4903800.0
2017-09-20,104.75911161995376,105.5767384323064,104.0436806615036,104.73552703857422,8705500.0
2017-09-21,104.80626475466751,105.20722656925359,103.2889342689056,103.57981872558594,6051800.0
2017-09-22,103.76853727821894,104.08300640338727,103.20248325593342,103.29682159423828,4334900.0
2017-09-25,103.35971342277996,103.58770172939677,102.8565556461723,103.12385559082031,6017400.0
2017-09-26,103.3833158301252,103.72923911047445,102.84871584866158,102.94305419921875,4516200.0
2017-09-27,102.99021549996614,103.06096925747426,101.75589952547901,102.00748443603516,5796100.0
2017-09-28,102.13326145846553,102.41628844195999,101.6458187669752,101.78733825683594,3992700.0
2017-09-29,101.87381462412267,102.57351852561543,101.45713769380825,102.21186828613281,5736900.0
2017-10-02,102.32980832895434,103.24964303243364,102.21974294553529,103.16316223144531,4492900.0
2017-10-03,103.50121824941796,104.09085681596511,103.2732299486931,103.85501098632812,3900800.0
2017-10-04,104.090854636818,104.70407777349098,103.85500881211846,104.47608947753906,3589000.0
2017-10-05,104.47607154085502,104.80626763497267,104.0593946604524,104.71192932128906,3741100.0
2017-10-06,104.56256544430656,104.75911161995376,104.15374604001697,104.73552703857422,2469500.0
2017-10-09,105.08147067515975,105.20726313114658,104.69623577728593,104.91636657714844,3750500.0
2017-10-10,105.00282642434703,105.45095746073231,104.49966869709819,105.27012634277344,4184600.0
2017-10-11,106.04060575757029,107.7702098546275,105.63964384675083,107.43214416503906,8269400.0
2017-10-12,107.18842695439695,108.11613120625006,106.93685407004472,107.57366180419922,5172800.0
2017-10-13,107.39286304060948,108.03752842598541,107.18844728730544,107.25920104980469,4106600.0
2017-10-16,107.27492248663835,107.9117303082279,106.55949138001569,107.0154800415039,5120100.0
2017-10-17,108.23403561040726,110.9463701605509,107.7544625105214,110.68692779541016,11717300.0
2017-10-18,110.68695230411117,111.30804501170078,110.12091028673535,110.60047149658203,6827700.0
2017-10-19,110.62402477325769,112.40865492677692,110.49036285339353,111.66963958740234,9181300.0
2017-10-20,111.93700558198144,112.91186714278192,111.50460150441877,111.95272064208984,5634500.0
2017-10-23,111.74043482522721,113.48576581229382,111.70112319113127,112.9118423461914,6686000.0
2017-10-24,112.72317515683696,112.72317515683696,110.79701289052029,111.35520935058594,6585800.0
2017-10-25,110.9778150607223,112.6052108573695,110.82058054840351,111.92123413085938,6563600.0
2017-10-26,112.03915735932033,113.01403053264268,111.1507769636963,111.48883056640625,5841100.0
2017-10-27,110.85204786124038,112.18855951422269,110.22309767271133,111.46527099609375,5140100.0
2017-10-30,110.91493784091436,111.01714568971657,109.53125710096211,110.06585693359375,6034300.0
2017-10-31,110.08157812153502,110.27025476006982,109.26393936713171,109.60200500488281,4832100.0
2017-11-01,109.93220222180261,110.52969824353542,109.54696742055165,110.05012512207031,5006800.0
2017-11-02,110.15233032520452,110.29383780213267,109.36614568566876,110.01081085205078,3494100.0
2017-11-03,109.85359944066481,110.38034182045286,109.51554573271366,110.12876892089844,2737000.0
2017-11-06,110.0737052753447,110.45108253347628,109.84571701192073,109.87715911865234,4220700.0
2017-11-07,110.12874033129192,110.18376701531676,109.20890578780535,109.88502502441406,4201900.0
2017-11-08,109.83000266578266,111.53602206368076,109.64132601111577,111.10363006591797,4440700.0
2017-11-09,110.74196086614259,111.1743647861348,109.90860712737106,110.34101104736328,3517100.0
2017-11-10,110.1680865657912,110.1680865657912,108.97308223813926,109.71995544433594,4240800.0
2017-11-13,109.28752064857528,110.08157479919663,108.82367459787541,109.87715911865234,4322300.0
2017-11-14,109.72782084659244,110.28600534968879,109.2167935169685,109.66492462158203,4078200.0
2017-11-15,109.46049511144797,109.9322107415284,109.08312980511971,109.3582992553711,4811500.0
2017-11-16,109.60987133794588,109.81427504485401,108.99664822099471,109.1774673461914,4193800.0
2017-11-17,108.72937288131747,109.16963450111065,108.4070341967441,108.49351501464844,4247400.0
2017-11-20,108.61140763245064,108.9337462270475,108.28908103407983,108.43844604492188,4266300.0
2017-11-21,108.84727639573593,109.48408412476091,108.642872679082,108.76079559326172,5660600.0
2017-11-22,108.72934935104954,108.79224556829844,107.39283772413388,107.93529510498047,3917000.0
2017-11-24,108.10040050867792,108.79224691072609,107.95102349039689,108.50135040283203,2606800.0
2017-11-27,108.77029319189356,109.4030949515488,108.74656418200433,109.23699188232422,3933100.0
2017-11-28,109.39518725375056,111.15911201735237,109.35563488144687,110.75570678710938,5052800.0
2017-11-29,110.91390453626938,111.23821709255829,109.90933221127935,110.58959197998047,5851400.0
2017-11-30,110.78732583361426,110.96134659148008,109.53754587698151,110.20989990234375,8941900.0
2017-12-01,110.39974435886884,111.15909669580128,109.63247430675332,110.72404479980469,5990500.0
2017-12-04,111.2303039369374,111.9263870970858,109.89351335423876,109.95679473876953,5916700.0
2017-12-05,110.5737597193865,111.38058218703613,110.10707314356199,110.47884368896484,6745300.0
2017-12-06,111.40433307875281,112.29026045890984,110.89018838671961,111.57835388183594,5591700.0
2017-12-07,110.74779510498047,111.92638827358581,110.15454569716994,110.74779510498047,4713100.0
2017-12-08,110.739902054613,111.34105717782053,110.58170460847327,111.20658874511719,5101300.0
2017-12-11,111.45178030125894,111.66535346065046,110.60541744983134,111.6416244506836,4358600.0
2017-12-12,112.79647827148438,113.56374837619201,112.3535086299416,112.79647827148438,8016700.0
2017-12-13,112.7173896909361,113.45301317757296,112.48800522608848,113.02587890625,6118400.0
2017-12-14,113.52419762600657,113.60329029657241,112.01338640284033,112.0450210571289,5337900.0
2017-12-15,112.70154127129459,113.22360354105116,112.14784435019868,112.68572998046875,12517000.0
2017-12-18,112.76483603461001,113.74567931823304,111.84727413086807,112.16368103027344,5833200.0
2017-12-19,112.2348604193257,112.62245431858949,111.81563186711853,112.1478500366211,6580100.0
2017-12-20,112.52756274288407,112.78068832733977,111.59418930701108,111.657470703125,6289800.0
2017-12-21,111.9975825248023,112.4563635447768,111.54671922204395,111.57835388183594,6284700.0
2017-12-22,111.53087618034556,111.80773070086731,110.77151171270994,110.83479309082031,4665600.0
2017-12-26,111.10373591095654,111.1670052159305,110.48674552542367,110.8110580444336,3271100.0
2017-12-27,111.07205490809497,111.64948067785136,110.89803419890521,111.19071197509766,3753600.0
2017-12-28,111.29356256401455,111.53086469005855,111.00089678138319,111.18282318115234,2485000.0
2017-12-29,111.51506438078009,111.69700288784486,110.40767032325098,110.5184097290039,4452900.0
2018-01-02,110.4709342198977,110.7003186420412,109.72739315482393,110.13079833984375,6842100.0
2018-01-03,110.23362674666382,111.27773920369495,109.869761877438,111.18282318115234,5350500.0
2018-01-04,111.0958296433062,111.64162099502964,110.9139032159615,111.17493438720703,4837600.0
2018-01-05,111.28564594063522,112.17947863036194,110.96133346935731,112.09246826171875,6158800.0
2018-01-08,112.08457151913804,112.3218736661733,111.4675931786595,112.23486328125,5129800.0
2018-01-09,112.61454603359053,115.23275131010618,112.52753564359956,114.01461791992188,8897000.0
2018-01-10,113.54793164302403,114.03044161260884,113.36600521603972,113.8801498413086,6558600.0
2018-01-11,114.00672014049664,114.61578084277248,113.6586785565161,114.52877044677734,4962200.0
2018-01-12,114.68695991192355,115.81808279259273,114.61576082240771,115.2960205078125,5450600.0
2018-01-16,115.81811895164874,117.1153573532759,115.50962969972801,116.1661605834961,8804000.0
2018-01-17,116.94133778590805,117.32102615362723,115.07457888854368,116.26107788085938,10619700.0
2018-01-18,116.22148291580412,116.62490014997819,115.46213059798377,116.21357727050781,5554800.0
2018-01-19,116.64071208480425,116.79099174883854,115.81806640644514,116.56160736083984,8738800.0
2018-01-22,116.28475615403406,117.1785888671875,116.05537175960981,117.1785888671875,7010400.0
2018-01-23,116.24524576595915,116.62492199598972,112.0213009368213,112.18741607666016,17473600.0
2018-01-24,113.50837361852493,113.5558316345323,112.16367752966481,112.37725067138672,13034400.0
2018-01-25,112.56707546430556,114.4259281024493,112.48798279929836,114.22026062011719,7938800.0
2018-01-26,114.29934104668804,115.16944466453697,114.00667531599584,114.95587158203125,8065600.0
2018-01-29,114.57627495911498,114.64746201276343,113.53214989349607,113.65079498291016,8013400.0
2018-01-30,113.42926501926468,113.76149525938953,112.66199493408203,112.66199493408203,8376100.0
2018-01-31,112.77277000436496,112.77277000436496,109.237002355597,109.30818939208984,13137400.0
2018-02-01,108.78611451540415,111.26985141798903,108.36688592230179,110.75570678710938,9393600.0
2018-02-02,109.96473346251508,111.02466969908791,108.66749500604136,108.90478515625,9262500.0
2018-02-05,108.03467677458838,108.36689500434102,96.62055759222638,103.13838958740234,19954100.0
2018-02-06,102.83778826444055,105.19497426387234,101.24788442442605,104.27741241455078,19193500.0
2018-02-07,104.32488031764518,105.54301373192429,103.89774607540664,103.95310974121094,10550400.0
2018-02-08,103.54971743081897,103.81865428614867,99.75291851727305,99.95066833496094,11680200.0
2018-02-09,100.86819719864232,103.55759520221956,99.22292374484556,102.4581069946289,15030900.0
2018-02-12,102.82988389288276,103.87400850739945,100.994766206342,103.04345703125,9963900.0
2018-02-13,102.20501413706727,103.30450256588635,101.80159681180409,102.79826354980469,6339000.0
2018-02-14,102.38693648192334,102.83779974133009,101.55638492337545,102.56886291503906,6259700.0
2018-02-15,102.90901256587232,103.84238593560906,102.3553034065328,103.8028335571289,5606400.0
2018-02-16,103.5892776950168,106.34985763551315,103.49434956790941,105.3215560913086,7970100.0
2018-02-20,105.10006488211997,105.55884588848512,103.35196332531035,103.51806640625,6563500.0
2018-02-21,103.462709281462,104.75202991347608,102.71916801961206,102.75872039794922,6578000.0
2018-02-22,102.90901219381564,103.63673009039246,102.41858442787921,102.75872039794922,5732200.0
2018-02-23,102.90107684633702,104.47516950481351,102.84571318190346,104.4277114868164,5126800.0
2018-02-26,104.84960875770618,106.20291530866334,104.284397897714,105.13619232177734,6684400.0
2018-02-27,105.24766870393306,105.94819704300623,104.76206898464386,104.81778717041016,7158600.0
2018-02-28,105.04066109352424,105.34316935447592,103.38484622074765,103.39281463623047,7985900.0
2018-03-01,102.7798426722592,103.5838630891263,100.71803336996143,101.32304382324219,9424000.0
2018-03-02,101.02851043593076,102.77984924477882,101.02851043593076,102.54899597167969,6910400.0
2018-03-05,102.39775687592277,103.72718282628863,102.03951821606448,103.32118225097656,5799800.0
2018-03-06,103.48834336583036,103.64755377238271,101.83252841434002,102.07135009765625,5546500.0
2018-03-07,101.48226139656299,102.95497887216845,101.31508257894065,102.72411346435547,6391700.0
2018-03-08,102.95501291501711,105.31932521460669,102.95501291501711,105.12826538085938,6423400.0
2018-03-09,105.48644488243664,106.52929901106623,104.73018645006563,106.51337432861328,7557800.0
2018-03-12,106.5134174965146,106.85571935265294,105.33524560395159,105.58202362060547,4942000.0
2018-03-13,106.51341035569725,107.77914973192348,106.23478297990908,106.95124816894531,9152300.0
2018-03-14,107.65973413137712,108.02591688607184,105.00087029014172,105.3352279663086,6770600.0
2018-03-15,105.51830517577065,106.86365552850108,105.45461858633654,105.9242935180664,6147200.0
2018-03-16,106.00389447970144,106.99100615246832,105.16006850899154,106.41783905029297,14233500.0
2018-03-19,106.15514972355231,106.2506735259378,102.97884967752285,103.67938995361328,6017000.0
2018-03-20,104.10928516558444,104.90534944251777,102.99480003666851,104.45159912109375,6214300.0
2018-03-21,104.60284327398189,105.70141588569666,104.01376347104382,104.43567657470703,5158700.0
2018-03-22,103.8625137432679,104.0296804496752,101.17977477410335,101.40267181396484,7560100.0
2018-03-23,101.60168048415187,101.7370160257572,99.4284284305474,99.58763885498047,8452500.0
2018-03-26,100.63048209982561,101.53003249211007,99.67520138096447,101.4106216430664,8358200.0
2018-03-27,101.1877211495194,102.7718932835875,100.61455395261918,101.26732635498047,7789900.0
2018-03-28,101.60168109447243,102.70821602283623,101.26733555706154,101.45838928222656,6868500.0
2018-03-29,101.87236974557084,102.50125532323558,100.95689440342203,102.01565551757812,6119400.0
2018-04-02,101.75292393572455,101.80068584333286,98.34577019394258,99.15775299072266,8916900.0
2018-04-03,99.65132219731034,102.2862989720256,99.2532900757479,102.17485046386719,8035000.0
2018-04-04,101.02057806149577,104.37996487697082,100.61458349888662,103.81476593017578,7717100.0
2018-04-05,103.81474426883203,104.44362969687378,103.09032286853547,104.0535659790039,5621700.0
2018-04-06,103.66348231494119,103.99782782523634,100.63047962078626,101.975830078125,6399300.0
2018-04-09,102.41366703080186,104.39587150480254,101.641489763835,103.07440185546875,6395800.0
2018-04-10,103.68739318847656,104.21279863353583,102.92316598230133,103.68739318847656,6019300.0
2018-04-11,102.80374886671413,103.76699206732864,102.71618130302191,103.1938247680664,4575400.0
2018-04-12,103.56001423872624,104.53121377246379,103.37692282901533,103.83067321777344,4559800.0
2018-04-13,104.35606188294788,104.61876454878872,103.19381485502063,103.9819107055664,4742300.0
2018-04-16,104.61080436073658,105.78101976157032,104.50731212283354,104.88941955566406,6379600.0
2018-04-17,105.16805492822199,105.23969779979032,102.54104031458817,103.91822814941406,11008700.0
2018-04-18,103.24159533346948,103.40876205735367,101.05241820475972,101.67334747314453,9383600.0
2018-04-19,101.60167490695022,102.11116159884332,101.01258908069839,101.53799438476562,5959500.0
2018-04-20,101.89621373387352,102.13503541420734,100.43941484551002,100.8294906616211,7743900.0
2018-04-23,101.00463569131283,101.33898731148841,100.12896618039936,100.96483612060547,7501900.0
2018-04-24,101.05239331457982,101.46634403371314,99.75480475813808,100.4553451538086,6577500.0
2018-04-25,100.23246516990521,100.98076152853052,99.73094074264179,100.90911865234375,5859600.0
2018-04-26,100.79765211589522,102.8674178402005,100.79765211589522,101.9041748046875,8211100.0
2018-04-27,101.68128487332127,102.52510492437514,101.49818743150229,102.11116027832031,4266800.0
2018-04-30,102.58085814709361,102.67638198720111,100.69418334960938,100.69418334960938,8219400.0
2018-05-01,100.5588278200813,100.81356811688346,99.48414238274373,100.31204986572266,5122600.0
2018-05-02,99.92198142986028,100.44738674720162,98.07511262310979,98.31393432617188,7390800.0
2018-05-03,98.15473722437122,98.46520183638374,96.54668382900932,97.9397964477539,7282900.0
2018-05-04,97.59748244283111,99.11796817854514,96.96063464380829,98.86322784423828,6127600.0
2018-05-07,98.82342741927268,99.6990969851103,98.17065489854038,98.38558959960938,6707900.0
2018-05-08,97.80445429503206,98.30597258635397,96.87306057965354,97.60543823242188,5951800.0
2018-05-09,97.9079425936635,98.75177484748221,97.54175375930339,98.3218994140625,6808600.0
2018-05-10,98.88710120350059,100.34390022533103,98.7119660983422,99.78665161132812,4948000.0
2018-05-11,100.12101364649862,101.57781290856845,100.11305737567076,101.29122924804688,5716700.0
2018-05-14,101.37878368466887,101.58576209568014,99.98567121059041,100.35186004638672,6101600.0
2018-05-15,99.93790046797533,100.16875981495824,99.03038776520819,99.61151123046875,5875700.0
2018-05-16,99.85830055138756,100.2244893742241,99.50803034107076,99.78665161132812,3818100.0
2018-05-17,99.89811247754879,99.97771769697175,98.35375178557877,98.59256744384766,6473400.0
2018-05-18,98.536811128914,99.06221633847149,98.13877908778993,98.90299987792969,5433900.0
2018-05-21,99.20552609620833,99.50006597299084,98.17064017232845,98.48906707763672,5558700.0
2018-05-22,98.55275787537133,98.90302202000532,97.72485031566569,97.8442611694336,7172700.0
2018-05-23,97.81239633316143,98.68806561216776,97.70890411505569,98.27410888671875,4940800.0
2018-05-24,98.09102320577949,98.22635265042936,96.76159756448108,97.31884002685547,6923600.0
2018-05-25,97.48725904486619,98.4817040856443,97.14241245074021,97.41508483886719,4594800.0
2018-05-29,96.63718408380525,96.87777703101209,95.12948582110317,95.75502014160156,9821900.0
2018-05-30,96.33241218817807,97.50328490199662,95.86726921297407,97.01408386230469,6423700.0
2018-05-31,96.97399729281216,97.23864827822327,95.8672833336367,95.93144226074219,10337500.0
2018-06-01,96.54095274256419,97.29480498832106,96.21214888376663,97.24668884277344,5741000.0
2018-06-04,97.71985320781734,98.13688022307096,97.0542179340499,97.800048828125,4853000.0
2018-06-05,97.88023264435223,98.28923206859047,96.9579678833538,97.42311096191406,5125400.0
2018-06-06,97.81608762773627,98.47370147705078,97.40708202678047,98.47370147705078,6799300.0
2018-06-07,98.64210252822282,99.03506528852009,98.056662967405,98.90675354003906,7414100.0
2018-06-08,98.93081212522581,100.12574320497811,98.90675405466874,99.4921875,6208100.0
2018-06-11,99.66060928155338,99.71674682419565,98.28122878826723,98.36944580078125,5571400.0
2018-06-12,98.77040055759987,98.78643722848935,97.80001370917194,98.27317810058594,5227300.0
2018-06-13,98.76240202306656,99.5162480999908,98.20904191205803,98.34537506103516,5836900.0
2018-06-14,98.4095321381754,98.76240015807194,97.91230957546053,98.1689453125,5239200.0
2018-06-15,97.92034010722662,98.42558411349324,97.23064679592083,98.329345703125,13173500.0
2018-06-18,97.52737900763063,97.68777024251007,96.43670147855678,97.29480743408203,6787400.0
2018-06-19,96.7654926538323,98.77842856996689,96.69331232919434,98.29724884033203,8572400.0
2018-06-20,98.17696868545336,98.36944550410342,97.56747711532788,97.87222290039062,6277200.0
2018-06-21,97.70378441571701,98.03258818645995,97.12636634964669,97.39903259277344,4417200.0
2018-06-22,97.58350623857369,98.94684994656423,97.5594481677377,98.51378631591797,9501400.0
2018-06-25,98.49775650657912,98.9869577094497,97.4471798832996,98.31330108642578,8170500.0
2018-06-26,98.23311707732665,98.55390569197316,97.51936562196849,98.12084197998047,5496400.0
2018-06-27,97.94436448104724,98.61802088477732,97.39902591365858,97.52734375,5666000.0
2018-06-28,97.66369966010288,98.16894361047363,97.09430289511725,97.84013366699219,5296800.0
2018-06-29,98.03258647378681,98.78643850448978,97.19052357425515,97.3108139038086,7308700.0
2018-07-02,97.3108267380978,97.62359999178284,96.32440919447225,97.50330352783203,5481400.0
2018-07-03,97.55944618851439,99.0110068724771,97.2466790369261,98.40953063964844,4248100.0
2018-07-05,99.1232910126215,100.34228638235946,98.82656662648078,100.24604797363281,7319100.0
2018-07-06,100.37435294281707,100.98384443076631,99.93326794104762,100.8475112915039,7297900.0
2018-07-09,101.2244373873429,101.64947959722609,100.72721485054674,101.08810424804688,6706100.0
2018-07-10,101.34473294068113,102.26699156052415,101.13621947634952,102.15471649169922,5075600.0
2018-07-11,102.178770695378,102.20282876227083,101.0961087369473,101.24046325683594,4827400.0
2018-07-12,102.41936416706248,102.82035440939579,101.9863005791334,102.45946502685547,6199000.0
2018-07-13,100.50267351118967,102.25096476126078,100.50267351118967,100.99187469482422,8250200.0
2018-07-16,101.04800540500587,101.12820101098588,99.57238667566965,99.99742889404297,7314400.0
2018-07-17,103.07700161624606,104.68895375969497,102.29909125801238,103.54214477539062,12858700.0
2018-07-18,103.30155324157312,103.49403007334296,101.98632548381424,102.49156951904297,7152000.0
2018-07-19,102.27499671598133,102.41132983240121,100.9437327747947,100.99987030029297,5984600.0
2018-07-20,100.48663258351579,101.16028303300737,100.34227804169149,100.9277114868164,5835500.0
2018-07-23,100.84750805340059,101.59333877519684,100.60691512951836,101.55323791503906,4631100.0
2018-07-24,102.04244733423941,103.95112973336644,101.9702731223276,103.74262237548828,7158800.0
2018-07-25,103.56619690909658,103.63837112696191,102.37126572679352,103.149169921875,6523000.0
2018-07-26,104.17567872891378,105.23428277347753,104.13559010300645,104.48043060302734,7640600.0
2018-07-27,104.23983578507821,106.07635003739024,104.20776243751688,105.49893188476562,6620400.0
2018-07-30,105.68338001292653,106.25278288171108,105.25833779925475,105.99614715576172,11013100.0
2018-07-31,106.0843634168417,106.37307248798813,105.6753639981613,106.27684020996094,7598900.0
2018-08-01,106.17260054276336,106.62972842417234,105.92399228602535,106.37309265136719,5770400.0
2018-08-02,106.57355872043188,106.66177571614584,105.13001344377797,105.25833129882812,6563300.0
2018-08-03,105.20218320452422,106.42117830188114,104.97763308620368,105.8197021484375,6498700.0
2018-08-06,105.5711102409871,106.28486156364454,105.06586627833035,105.87586212158203,5840000.0
2018-08-07,105.76356006781782,105.99612543937984,105.29841708763136,105.4267349243164,4664600.0
2018-08-08,105.4508190864928,105.6994273084327,104.9696331983691,105.19418334960938,3721500.0
2018-08-09,105.49091276566041,105.63527343383817,104.79320420782173,105.21824645996094,4057800.0
2018-08-10,105.21022886866935,105.56309689749494,104.46439194645782,104.85736083984375,4324000.0
2018-08-13,104.83328849921625,104.97763690750661,104.13558005168464,104.43230438232422,3778000.0
2018-08-14,103.99123732959781,104.63281447461601,103.73461381383025,103.85490417480469,4542800.0
2018-08-15,104.05538308711186,104.84933608017184,103.39776323157568,104.60071563720703,5377300.0
2018-08-16,105.07389926786311,106.56556092560375,104.71301594876233,106.24476623535156,7861500.0
2018-08-17,106.22071854993737,108.2657405409012,106.01221115868434,107.8406982421875,6700900.0
2018-08-20,108.20957430329466,109.96588679696814,107.46374967560583,109.77342224121094,7935000.0
2018-08-21,109.86965234989852,110.21449283019842,108.50630874625429,108.5464096069336,5832100.0
2018-08-22,108.71482461773132,108.81105690125865,107.800581213025,107.95295715332031,4688400.0
2018-08-23,107.95295110006568,108.65868710520147,107.54395168094281,108.35393524169922,5057600.0
2018-08-24,108.35396020257481,109.18800202499743,108.12941001049688,109.0276107788086,4809400.0
2018-08-27,109.39089615077475,109.83492070219503,108.3494679470954,108.92265319824219,4325900.0
2018-08-28,108.80961227943253,108.90648586820572,108.0911044192629,108.4382553100586,6037500.0
2018-08-29,108.43824024724626,108.93877014453413,108.13145750059196,108.87418365478516,4648700.0
2018-08-30,108.74501783402879,109.47160665257645,108.66429395548847,108.94684600830078,4821900.0
2018-08-31,108.66434429179233,108.9872645927674,108.15573311506773,108.73699951171875,6139500.0
2018-09-04,108.73697479648149,108.78541159875638,107.72783368703107,107.9538803100586,4406800.0
2018-09-05,107.76011013026742,109.74610505754201,107.74397274351568,109.6815185546875,6174800.0
2018-09-06,109.3909104961119,110.85214504172303,109.13256442554574,110.4969253540039,6562000.0
2018-09-07,110.42424316667905,111.15890076694322,109.59271197292621,110.86019897460938,6375200.0
2018-09-10,111.02975709693642,111.78863329606553,110.65031899737187,110.77142333984375,4892200.0
2018-09-11,111.11854929760806,112.14384015043727,110.77947935102416,111.82090759277344,7856800.0
2018-09-12,112.13574889735132,113.01572925783691,111.86126548736546,112.50711822509766,6767700.0
2018-09-13,112.93498992919922,113.41130153666694,112.23263171755644,112.93498992919922,6456100.0
2018-09-14,113.02382390336415,113.30638839057023,112.29724710571877,112.61209869384766,4534800.0
2018-09-17,112.48290505688651,113.34672343286908,112.36180073370747,112.99151611328125,5295500.0
2018-09-18,113.24175124619285,113.70191306069108,112.8865317017444,113.459716796875,4581200.0
2018-09-19,113.63732554458144,113.82301632571406,113.0641404546185,113.3951416015625,5049900.0
2018-09-20,113.68578761745526,114.75143404411439,113.43551031676938,114.62226104736328,5019300.0
2018-09-21,114.78372526347789,115.5506822601454,114.38814988479194,115.3488540649414,13283400.0
2018-09-24,114.71918342301592,115.04210369893379,113.2094997206217,113.40325927734375,6708000.0
2018-09-25,113.45165519901452,113.79880607320138,111.73207516887037,111.92583465576172,7982800.0
2018-09-26,112.17610171660642,113.02378254945025,111.37686999534871,111.538330078125,7133300.0
2018-09-27,111.77247051325055,112.68473804830299,111.0620435253764,111.5867919921875,6450500.0
2018-09-28,111.48992699243853,111.86128406323665,110.9328790676229,111.54643249511719,6638500.0
2018-10-01,111.61905021948614,112.9026867832832,111.40915335077278,112.77351379394531,4871800.0
2018-10-02,112.85428321423603,113.61315943456314,112.74125988260981,113.41133117675781,6439100.0
2018-10-03,113.45976082169858,114.04910816667369,112.11963063666249,112.24072265625,5411800.0
2018-10-04,111.85322394873303,112.64438727725552,110.86023236058405,112.49907684326172,4738700.0
2018-10-05,112.86233483370155,113.2256231394096,111.86126250101141,112.2972183227539,4309300.0
2018-10-08,112.13575380787887,112.76545686712353,111.90970718756627,112.53134155273438,5174100.0
2018-10-09,112.00658033386027,112.7170072086884,111.25577303740454,112.37793731689453,4475300.0
2018-10-10,112.49903234994898,113.39514996102135,111.19117736816406,111.19117736816406,7265600.0
2018-10-11,111.33652000095996,111.94200464879819,107.2757372816143,108.05075073242188,11603200.0
2018-10-12,108.50281827348311,108.5108992841222,106.75095125211844,108.07494354248047,6998000.0
2018-10-15,108.08305901473908,109.22944189715143,107.78434485396693,108.13956451416016,6398700.0
2018-10-16,108.78540874917705,111.4011068710578,108.78540874917705,110.24664306640625,9592800.0
2018-10-17,109.9802455307533,113.02381896201507,109.964108140307,112.58787536621094,8261100.0
2018-10-18,112.37794376233522,112.87040508265096,111.17505552644481,112.6201400756836,7583900.0
2018-10-19,111.68363089690855,113.02377287460325,111.33649236458538,112.25682830810547,5924800.0
2018-10-22,111.9016548963382,112.42640341642218,111.52221680263365,111.95816040039062,4864300.0
2018-10-23,111.23963694883201,112.61207870754549,110.96515352453612,112.15997314453125,8282700.0
2018-10-24,111.82897363691097,113.11259804543336,110.73909641843522,110.98129272460938,8279200.0
2018-10-25,110.97321566684144,112.28912706831542,109.0275889893319,111.7885971069336,9720700.0
2018-10-26,111.36076186468335,112.45870808350786,109.25367435350616,110.57766723632812,11371400.0
2018-10-29,110.59381275602857,112.29724368572491,109.97217829427846,111.04590606689453,6783000.0
2018-10-30,111.35263705839525,113.91182920972439,110.60184214508979,113.62926483154297,9646200.0
2018-10-31,113.83111336618204,114.17825198336986,112.70894898247994,113.01573181152344,9968900.0
2018-11-01,113.08029125617605,114.29932894947036,112.90268148382673,113.68577575683594,6913500.0
2018-11-02,114.614194271882,114.6384126693511,112.74930375507027,113.57275390625,7673200.0
2018-11-05,113.83112318746883,115.2358521210804,112.21649732665367,114.79989624023438,5601400.0
2018-11-06,114.25899000800472,115.30849920734273,113.879551971947,115.09860229492188,5798900.0
2018-11-07,115.52647448323718,116.95540936724869,115.42151987012507,116.85853576660156,7173600.0
2018-11-08,116.50329201505319,117.69811134388387,116.25302705279279,117.30253601074219,5497100.0
2018-11-09,117.0926730191403,117.65780197847234,116.55985579710726,117.33486938476562,5343100.0
2018-11-12,117.05231428138967,118.06145551394611,116.84240502110205,117.5609130859375,7013600.0
2018-11-13,118.02106749919136,118.47316072416183,115.78480745573052,116.80201721191406,7432300.0
2018-11-14,117.0765141105841,117.31062941920122,115.89783191777107,116.45487976074219,6433100.0
2018-11-15,115.7767169910264,116.66475356776819,115.02590977611378,116.65668487548828,6657900.0
2018-11-16,116.82624445022589,118.46508850123007,116.69707144162061,117.85960388183594,8494300.0
2018-11-19,118.21481123567959,119.83751790036777,118.16637443708282,119.26432037353516,8714600.0
2018-11-20,119.07862256631685,120.08776343552293,118.15021789409292,118.23094177246094,8937700.0
2018-11-21,118.05334657271561,118.05334657271561,113.6534943033504,114.6303482055664,10275400.0
2018-11-23,114.51731858177213,115.22774542552852,114.31549039415435,114.82408905029297,3404900.0
2018-11-26,115.36841714424365,115.40904230574844,114.32847747442644,114.8565673828125,7590900.0
2018-11-27,114.20668920265958,116.4653108148691,113.4673529289401,116.35968780517578,5962100.0
2018-11-28,116.85525605486447,119.07325192296564,116.47340169699638,118.97576141357422,8411400.0
2018-11-29,118.30953323184694,119.59321188454236,117.67582018010731,118.49640655517578,6900000.0
2018-11-30,118.08203085829294,119.43070712493032,117.88704988282025,119.34945678710938,12517600.0
2018-12-03,118.26890184559835,119.13010086260932,117.75705200085905,118.78887176513672,8827200.0
2018-12-04,118.8782500832753,121.04750031674787,118.4720231692079,118.64263153076172,9803500.0
2018-12-06,117.39955756728622,118.98383977476853,116.01025631022674,118.54512023925781,11572500.0
2018-12-07,118.20391664175023,119.70694884562442,117.09084642272494,118.15515899658203,9444500.0
2018-12-10,118.12268230942796,118.52078921803157,115.67720032045548,118.01705932617188,6848100.0
2018-12-11,118.8538772097873,120.4137996286416,118.44765025420423,119.02449798583984,9857400.0
2018-12-12,119.43075067015229,120.64131172152123,119.43075067015229,119.51200103759766,8869200.0
2018-12-13,119.398253815039,120.72254549953759,119.26825819046702,120.11320495605469,6008300.0
2018-12-14,117.2695734246592,118.11453228232388,105.78147768737448,108.05635070800781,58140200.0
2018-12-17,104.25409754751601,106.95955831062007,103.0435366905627,104.92030334472656,36933100.0
2018-12-18,107.28453941283111,107.89387983464152,104.96904085112652,105.96023559570312,24640100.0
2018-12-19,105.51337974084376,106.71582038989553,103.2547589823356,103.67723846435547,21232100.0
2018-12-20,103.76658792540255,105.41586795051285,102.98663311444777,104.21343994140625,16609600.0
2018-12-21,103.83160118218291,106.10647436869816,103.27913233394524,104.06720733642578,19732900.0
2018-12-24,103.42537604896293,103.99409125610742,98.30691439053905,99.80182647705078,7531900.0
2018-12-26,100.27304824166298,102.98664720380589,99.1274915870969,102.9460220336914,9253000.0
2018-12-27,102.26355287709207,103.51473236083984,99.98867996145427,103.51473236083984,9918700.0
2018-12-28,103.92100015762888,104.60345858201401,102.97855048753613,103.4010238647461,6537200.0
2018-12-31,104.14032471522458,105.25339487882104,103.5228642748587,104.84716796875,7409900.0
2019-01-02,104.09972155464489,104.30283502843632,102.59667688976324,103.79098510742188,7631700.0
2019-01-03,104.10783760729907,104.21346057664874,101.84921685779008,102.1417007446289,8654500.0
2019-01-04,103.27913082726258,104.52217796949974,102.962274336421,103.85597229003906,8831700.0
2019-01-07,103.69349102019989,104.27846502974893,103.0191589811121,103.18977355957031,8404700.0
2019-01-08,104.14031537042102,106.02521401460294,103.77471986210601,105.58649444580078,9351600.0
2019-01-09,105.48088017760456,105.8139892166972,104.26219945639271,104.74966430664062,7403500.0
2019-01-10,103.74223962759946,105.52963571359498,103.74223962759946,105.3833999633789,6224400.0
2019-01-11,104.80657588539785,105.4890343344722,104.24598058899201,105.4159164428711,5300400.0
2019-01-14,104.59533005039094,104.77407091810167,103.66100053334596,104.22159576416016,7374400.0
2019-01-15,104.41657128874466,105.20465250757964,103.70973421443753,105.09902954101562,5194400.0
2019-01-16,105.13968180899207,105.13968180899207,103.91287445529863,104.026611328125,6264200.0
2019-01-17,103.7584926058546,105.22903846178417,103.55537911953859,104.87967681884766,7632000.0
2019-01-18,105.5377352950026,106.57767508479974,105.17213359339677,106.17958068847656,10593000.0
2019-01-22,104.15658095932862,105.21277344240998,103.18976509404806,104.64405822753906,10568100.0
2019-01-23,104.40031959343384,105.05028515202713,103.93722114745867,104.64405822753906,9267800.0
2019-01-24,104.39218923915548,104.56279758828725,101.55672112247416,103.20600128173828,9917000.0
2019-01-25,104.09971603252257,104.35969481871209,103.20601183642307,104.18095397949219,7585100.0
2019-01-28,103.83972936289987,104.92841459669818,103.41725606881442,104.79843139648438,6927700.0
2019-01-29,104.76591006184182,106.0008432504496,104.40030834859348,105.88710021972656,6669300.0
2019-01-30,105.91959623504643,107.39826807784887,105.86273091643301,106.951416015625,7299300.0
2019-01-31,106.94330516555357,109.83563891298647,106.32583230010472,108.1213607788086,17298100.0
2019-02-01,108.88509052188941,109.42943322409377,108.43823833438898,109.03132629394531,9575200.0
2019-02-04,108.83632156655472,108.99067738220509,107.41452735040264,107.95886993408203,7759000.0
2019-02-05,108.47883989439232,108.77132377188322,107.85324696810811,107.95886993408203,6449800.0
2019-02-06,108.12134849683284,108.51945530448837,107.48763555211464,108.05635070800781,5066100.0
2019-02-07,107.60950721254734,107.76387542364589,106.86205117723058,107.28453063964844,6085300.0
2019-02-08,107.20328404666134,107.61764344821793,106.87017498970151,107.56888580322266,4436700.0
2019-02-11,107.49577810876707,107.78826202112022,106.6426989979818,107.2439193725586,4962200.0
2019-02-12,107.30891936702176,109.11256813053282,107.30891936702176,108.99882507324219,6262300.0
2019-02-13,108.92569673454211,109.66502033741413,108.2269859076818,109.23442077636719,7902200.0
2019-02-14,109.11254642895175,109.53502587074506,108.34071780819966,109.12066650390625,3910400.0
2019-02-15,109.83563009167719,110.82682470939028,109.6893819626885,110.80245208740234,6665000.0
2019-02-19,110.60746117103537,110.80245454833076,110.19311419097664,110.24185943603516,5935500.0
2019-02-20,110.46934738125694,111.08680782422061,110.27435400066032,110.77808380126953,6089800.0
2019-02-21,109.6650021970656,110.32308774199407,109.08816698484493,110.0224838256836,6665500.0
2019-02-22,109.91688376816428,111.01370150288471,109.53504183666888,110.98120880126953,5223900.0
2019-02-25,111.51278238210759,112.44512193592536,111.11203523521155,111.39009857177734,6846600.0
2019-02-26,111.58637191946028,112.01165328202441,111.26741401735703,111.31648254394531,5106900.0
2019-02-27,110.83397147578431,111.43099275008153,110.72764800309326,111.12020874023438,4378100.0
2019-02-28,111.18566389915046,112.82134858315203,110.97302938277241,111.7499771118164,10133200.0
2019-03-01,112.22433265017635,113.3611330619221,112.05258025908071,113.14849853515625,5641600.0
2019-03-04,113.55741667766773,114.0154064025821,112.46149843101229,113.25480651855469,8377700.0
2019-03-05,113.524682076458,113.79457151968286,113.15665555543595,113.49197387695312,6568900.0
2019-03-06,114.06447672195867,114.21168235899228,113.35295785106099,113.75369262695312,6236900.0
2019-03-07,113.29572444534465,113.77824854200557,112.6169136493515,113.05855560302734,6100400.0
2019-03-08,112.93582729763698,113.92542185836035,111.5700323103311,112.91129302978516,7046700.0
2019-03-11,112.95218682345931,113.70460015049366,112.46966292013536,113.3202133178711,6150400.0
2019-03-12,113.39384554494202,114.49793779395482,113.27117417473387,113.82730102539062,5552900.0
2019-03-13,114.16258646113968,114.3670470053337,113.6964229096036,114.015380859375,6446900.0
2019-03-14,113.14029648163839,113.51650941620693,112.81316456580002,112.87859344482422,8493600.0
2019-03-15,112.86222711331446,113.07486159939224,111.90535320704151,112.53509521484375,11922500.0
2019-03-18,112.57600967828178,112.68233319150133,111.81542218019432,112.1834487915039,7369600.0
2019-03-19,112.54328105830169,113.53287574674864,112.42878363378811,113.22209167480469,5882500.0
2019-03-20,113.13214883902941,113.2793544915768,111.75816701882611,112.28158569335938,5475700.0
2019-03-21,112.0443765011565,113.5001345551648,112.0034818970882,112.94400787353516,5765100.0
2019-03-22,112.65778690557205,113.18120552523601,111.92990769261304,111.9708023071289,6528800.0
2019-03-25,111.97079617337428,112.05257291864201,111.01392214668508,111.7254409790039,4500300.0
2019-03-26,111.98714908722089,113.90090970622326,111.98714908722089,113.32842254638672,4758600.0
2019-03-27,113.34474450281157,114.07262354237382,112.91947555515091,113.43470764160156,6764900.0
2019-03-28,113.72914531742516,114.05628971658442,113.44290800735399,113.58193969726562,4602100.0
2019-03-29,113.90906918477707,114.39977953339613,113.58193727188608,114.32616424560547,7168400.0
2019-04-01,114.48971714630201,114.73505978660938,113.46741454742208,113.66368865966797,5885200.0
2019-04-02,113.68826907434078,113.68826907434078,111.9708074986036,112.62508392333984,5517800.0
2019-04-03,113.02582552734266,113.0585462141574,111.93809355753565,112.1834487915039,5947000.0
2019-04-04,111.93809366332354,112.05259110871219,110.51505576767684,110.87490844726562,5844600.0
2019-04-05,111.25924374483219,111.70088550673222,110.98118040098771,111.37374114990234,4759700.0
2019-04-08,111.26746163174592,111.64366214942885,110.98121179844759,111.341064453125,4329600.0
2019-04-09,111.22657471550019,111.43920926285466,110.04887957476802,110.87490844726562,5210300.0
2019-04-10,111.13658574804336,111.33287238569758,110.67859607279952,110.883056640625,4194100.0
2019-04-11,111.19384897325153,111.37376280538885,109.93436479330485,110.5804672241211,4485200.0
2019-04-12,110.5886493521429,111.5128152493728,110.20426242918627,111.210205078125,5756800.0
2019-04-15,111.22653589621073,111.87262572413586,111.0629699569255,111.65181732177734,5380900.0
2019-04-16,113.12394862134434,115.07040473536321,112.50238051025569,112.87859344482422,10745700.0
2019-04-17,113.68008218067168,114.62059585448185,112.59235040042174,113.28752136230469,9543700.0
2019-04-18,113.96633374848278,114.69421292346662,111.02209636692815,112.46968078613281,10485300.0
2019-04-22,112.0280497852442,113.26299981061959,111.60278071729007,112.72322082519531,4666500.0
2019-04-23,112.3878772100503,115.19308253472263,112.24884552913097,114.41612243652344,5790500.0
2019-04-24,114.21165441150005,114.61240156861395,113.56556458603191,113.8436279296875,5676300.0
2019-04-25,113.2875393302297,114.30984238967987,112.82954955628169,114.2116928100586,5218100.0
2019-04-26,114.39979179631715,114.92321040061938,113.93361566722972,114.81688690185547,4613600.0
2019-04-29,114.78415002211969,114.84956641194101,114.15440807638268,114.3670425415039,4275200.0
2019-04-30,114.65333845201924,115.68381547694351,113.64739570297752,115.47935485839844,6003700.0
2019-05-01,115.27486252378539,116.41984916018417,114.29345432064527,116.09270477294922,6656300.0
2019-05-02,116.05999864787135,116.2562728044374,114.59605400730914,115.54475402832031,8835600.0
2019-05-03,115.55291442050982,116.20719065073588,115.38117455363516,116.14176177978516,5281600.0
2019-05-06,114.70238745448083,116.32989819325766,114.44067191729145,116.20721435546875,5818900.0
2019-05-07,115.16855962431205,115.62654931939767,113.72914917771925,114.473388671875,6606700.0
2019-05-08,114.6614825678524,115.25032999448224,114.25256143709738,114.32616424560547,4667300.0
2019-05-09,113.6391853379397,113.94179547551475,112.56781391927939,113.45925903320312,5604200.0
2019-05-10,113.21390705580774,113.8845437523408,111.56187454444857,113.72097778320312,4771600.0
2019-05-13,112.7395746888478,112.91131459661409,111.6600167800376,112.20796966552734,5560000.0
2019-05-14,112.07707717423214,112.73135335756697,111.82354811701894,111.89716339111328,7179400.0
2019-05-15,111.96261589665518,112.44515238108754,110.67860985999009,111.9708023071289,6429400.0
2019-05-16,112.36333711319546,113.83545553963081,112.0198448935741,113.03397369384766,6857200.0
2019-05-17,112.0443955241913,113.70461440113411,111.92989810092915,113.36112213134766,6915300.0
2019-05-20,113.36108809357268,113.64733780542038,112.60048849084333,113.20569610595703,4771100.0
2019-05-21,113.77819984426198,114.14623880789786,112.92764946976955,112.96035766601562,4859000.0
2019-05-22,113.14848169418256,113.63917956274952,112.44513685121565,113.4837875366211,5456800.0
2019-05-23,113.27115321914184,114.37524526389342,112.59234264457459,114.32616424560547,6951800.0
2019-05-24,114.86966447918904,114.86966447918904,114.09563032109618,114.33443450927734,5473300.0
2019-05-28,114.4579203319151,115.68484788609271,112.8522182070994,112.86869049072266,11919600.0
2019-05-29,111.89701163879887,111.89701163879887,105.82827638889172,108.14213562011719,23247400.0
2019-05-30,108.23271413737099,109.36906282281934,108.01038231528995,108.78441619873047,7360600.0
2019-05-31,108.29859241222157,108.6938392185452,106.72582248073559,107.99391174316406,7811000.0
2019-06-03,108.28213896897768,109.02322843034918,107.90335181371053,108.23273468017578,8434600.0
2019-06-04,109.18791627181173,110.58775877485128,109.1714439888102,110.11839294433594,6648900.0
2019-06-05,110.91714975973696,111.27123480470499,110.22546452055136,110.65365600585938,6860600.0
2019-06-06,111.08181961526867,113.35451732314844,110.82655575727837,112.54753875732422,9115800.0
2019-06-07,113.29688073233233,114.94375744935905,112.92633598393576,114.08738708496094,6533900.0
2019-06-10,114.12856838710526,114.58144945981623,113.30512997901553,114.47441101074219,4994700.0
2019-06-11,115.01784798804115,115.8248265144056,114.86963513503778,115.1001968383789,8230500.0
2019-06-12,115.52837489611812,117.67754896905493,115.52837489611812,116.66471099853516,9216500.0
2019-06-13,116.69765002397949,116.8870372712853,115.45426300041849,115.86598205566406,7500800.0
2019-06-14,116.29417252904584,116.50827450070605,115.31427906860938,115.35545349121094,6548100.0
2019-06-17,115.28136729427884,115.47899701863663,114.6308565358596,114.82024383544922,5562800.0
2019-06-18,115.7425156366059,116.04718386640359,115.1084644620645,115.47077941894531,7122700.0
2019-06-19,115.28962442739362,116.08013094715582,115.20728811293758,115.65193939208984,6393400.0
2019-06-20,116.31065947772905,117.25760849362612,116.10479990343218,117.10116577148438,7335800.0
2019-06-21,116.48358465154467,117.28230822388247,116.11302737369878,117.0023422241211,11272200.0
2019-06-24,117.27409398819793,118.32809412215364,117.00235781175537,117.80109405517578,5894700.0
2019-06-25,117.97399192411523,119.38206417996612,117.9081153617553,118.7727279663086,7517000.0
2019-06-26,118.45160995244048,118.45160995244048,115.9071759387566,116.80473327636719,7674100.0
2019-06-27,117.11759164623767,117.33992344033683,115.77539615366607,115.84950256347656,5233500.0
2019-06-28,115.89068649737891,116.1871247256348,114.05441042792249,114.68846130371094,12792400.0
2019-07-01,115.44604150696404,115.49544579220299,114.22735640061072,114.75435638427734,5872300.0
2019-07-02,114.6391005535451,115.30608367919922,114.20267918577949,115.30608367919922,4501200.0
2019-07-03,116.1048064863702,117.0764577011001,115.93187890570078,117.04352569580078,3436300.0
2019-07-05,116.71413837727538,116.81294694344757,115.58601946657205,115.75071716308594,4652400.0
2019-07-08,115.38014308152174,116.17064918960845,114.98489630981254,116.08007049560547,4078100.0
2019-07-09,116.48358775812255,117.31525592006612,116.03069417897652,116.44241333007812,4217400.0
2019-07-10,116.7470555258224,116.91998305929498,115.83303871099552,116.27770233154297,4874400.0
2019-07-11,116.05538055976353,116.27771238926839,114.47438074203163,115.3719253540039,5817400.0
2019-07-12,115.38018098899352,115.38018098899352,108.95737172103713,110.58777618408203,17780100.0
2019-07-15,111.48531656271011,112.28405275920774,110.71128251128586,110.92538452148438,10038200.0
2019-07-16,109.45966331042209,110.20076542838284,108.48801200434846,109.1055908203125,10214500.0
2019-07-17,109.09734528585315,109.99489002058641,108.20803041086806,108.57857513427734,8862100.0
2019-07-18,108.80091491154401,109.11381294547137,108.01040855469788,108.75151062011719,6203100.0
2019-07-19,108.89969522526708,109.01497606356152,107.20341464836234,107.3022232055664,8340200.0
2019-07-22,107.04697000231657,107.17048071106653,105.26834040829569,105.92709350585938,12624800.0
2019-07-23,105.90239433592305,106.59407945367325,105.53184963460477,106.09178161621094,5803600.0
2019-07-24,106.12472481589168,106.8740440681359,105.86946097081909,106.86581420898438,6838600.0
2019-07-25,107.09637289015411,108.30682807881026,106.77523248691902,107.9692153930664,8897800.0
2019-07-26,108.11742176407985,108.11742176407985,107.45043893365423,107.64805603027344,4894600.0
2019-07-29,107.87041127952777,109.77255163601795,107.21990058728952,109.53376007080078,7832000.0
2019-07-30,109.0808755505033,109.09734783505588,108.09275207676596,108.75973510742188,5509600.0
2019-07-31,108.39741500869508,108.69385329299007,107.19518958775673,107.22813415527344,8559200.0
2019-08-01,107.26106445865189,107.65632387456336,106.2400090458911,107.2857666015625,7870700.0
2019-08-02,107.75513487002992,108.25743272829567,106.85759015163298,107.92806243896484,6574900.0
2019-08-05,107.79630488702028,108.24919843982397,106.23176466503214,107.17872619628906,9480000.0
2019-08-06,107.32693766563224,108.05156734076454,106.70935898287281,107.68102264404297,7880600.0
2019-08-07,106.51998964647642,107.7963216520905,105.55656824685964,107.21991729736328,6771700.0
2019-08-08,107.85395453875991,108.65269076545731,107.23637575923135,108.43035888671875,5260500.0
2019-08-09,108.5291513777753,109.31964497062167,108.05978559822913,108.72676849365234,4677300.0
2019-08-12,108.28211233328445,109.27023556027424,108.10918480034368,108.63618469238281,6852100.0
2019-08-13,108.94085159101866,110.42304252678314,108.69381767428008,109.86309814453125,5013200.0
2019-08-14,109.13027097988291,109.13850083915524,107.1540241928474,107.26106262207031,7736200.0
2019-08-15,107.18694718721802,107.92804909358128,106.42938556369329,107.49161529541016,7251200.0
2019-08-16,108.25744120915552,108.42212636672232,107.54105386317026,108.16686248779297,5858900.0
2019-08-19,109.10557117714548,109.16321788729998,108.54563918252367,108.89971160888672,4958000.0
2019-08-20,108.66091501533204,109.23731926687822,107.42575766287436,107.5410385131836,7302000.0
2019-08-21,108.44682963226361,109.03147639703748,107.7469145642073,108.30684661865234,6912800.0
2019-08-22,108.36447905099763,108.8009003196334,107.70572593608705,108.09274291992188,7213500.0
2019-08-23,107.92805959831395,108.0845023145923,104.6837045363091,105.17777252197266,15714000.0
2019-08-26,105.70871626868929,106.2562609308836,105.05332477731005,106.02397155761719,8889500.0
2019-08-27,107.74955615404392,109.84016046208352,107.1024625360096,107.55044555664062,20183800.0
2019-08-28,106.07374827172514,106.91164833869313,105.36858227966451,106.75402069091797,9878800.0
2019-08-29,106.88677278012963,107.1854323930843,105.21926399211286,106.3890151977539,6749900.0
2019-08-30,106.41388655142613,107.10246313009155,105.87463975693622,106.4885482788086,7371100.0
2019-09-03,106.18158978790328,107.00290042792348,105.78338125370401,106.80380249023438,5710200.0
2019-09-04,107.42603889785946,107.50899217548205,106.25628755160685,106.90338134765625,4807200.0
2019-09-05,107.76616608411562,107.76616608411562,106.44709127677729,106.67108917236328,4754100.0
2019-09-06,106.91994903777947,107.21030442157915,106.24796816871978,106.3641128540039,6758300.0
2019-09-09,106.18990107328365,106.3226414877427,105.02014990615582,105.31880950927734,7684700.0
2019-09-10,105.64235893521429,107.47579956054688,104.8127503128385,107.47579956054688,8239500.0
2019-09-11,107.73300055625789,108.91104354721624,107.08590669726424,108.81978607177734,6203600.0
2019-09-12,108.97737594301186,109.31751847510762,107.89888233277881,108.2058334350586,5250000.0
2019-09-13,108.95249543794463,109.1516060526896,107.8159357434782,108.49620819091797,5369800.0
2019-09-16,107.9403511334132,108.47130001143762,107.29325758390905,107.46746826171875,5101700.0
2019-09-17,107.51727425448348,108.26391689366964,107.1107615036072,107.5753402709961,4976400.0
2019-09-18,107.76613869623428,108.3136833423686,106.83698123042166,108.18924713134766,4373600.0
2019-09-19,107.54215249265184,108.83633971023403,107.3181546561254,107.94036102294922,4730100.0
2019-09-20,108.67873125220363,109.50833988771663,108.08970355110719,109.21797180175781,12053100.0
2019-09-23,108.69532907359111,109.54982497200564,108.25563750096319,109.29264831542969,5183700.0
2019-09-24,109.59128168767862,110.15540935939654,108.96077116185224,109.13499450683594,7102600.0
2019-09-25,109.09352120626785,109.15159987934202,108.03991483341791,108.67042541503906,4522900.0
2019-09-26,108.75338033322592,108.93589522450131,106.21478022944135,106.89506530761719,7545800.0
2019-09-27,106.69594411528169,107.35132922614912,105.11138892497559,106.68765258789062,6006500.0
2019-09-30,107.07758593779468,108.08140523478804,107.01950726072079,107.33476257324219,6552100.0
2019-10-01,107.86571518752812,108.5128088916473,107.6583130346996,107.84082794189453,7673000.0
2019-10-02,110.13883692851188,111.74827969271715,108.8612452108981,109.50833892822266,12051800.0
2019-10-03,109.20968612029976,109.8152969121817,107.85741992118197,108.83636474609375,6997600.0
2019-10-04,108.96080735014212,110.9352801745617,108.88614560270389,110.88550567626953,7233300.0
2019-10-07,110.41257868452217,111.01820192959227,109.62445323795181,110.47065734863281,5427200.0
2019-10-08,109.88164151715746,110.55362236588448,109.08522445897022,109.37557983398438,7870400.0
2019-10-09,108.79486564801903,108.88612309563301,106.62129527971399,107.20201873779297,7787700.0
2019-10-10,106.97803270343539,107.94867330322252,106.71256451847594,107.06929016113281,5119700.0
2019-10-11,108.79485649289765,110.02267350934659,108.5293883596102,108.95248413085938,7161400.0
2019-10-14,108.97737533630819,108.97737533630819,108.19754130465317,108.44642639160156,5700000.0
2019-10-15,110.33794824417096,111.37495903593948,109.59130553762688,110.20520782470703,10008800.0
2019-10-16,111.91417051764545,113.31621076938859,111.00160885319465,112.13816833496094,12434200.0
2019-10-17,112.7935779990409,114.0628779999908,112.53638872887736,112.96778869628906,8434000.0
2019-10-18,110.59511400292516,111.49109275782958,105.94100952148438,105.94100952148438,25868700.0
2019-10-21,106.74573772228557,107.5753463275653,105.41006736143227,106.20649719238281,13823600.0
2019-10-22,106.82037219792532,108.29707412576091,106.26453609329681,107.1854019165039,7613700.0
2019-10-23,107.56705346706677,108.24732593238694,107.0775874341285,107.76615142822266,6693400.0
2019-10-24,108.19756420144319,108.33030463041574,104.61365490154063,105.77510833740234,12111600.0
2019-10-25,106.04885516617642,107.10246149662643,105.61745520539972,106.48025512695312,6947300.0
2019-10-28,106.70423689702254,107.84910063147152,106.61297945936616,107.16881561279297,7876300.0
2019-10-29,107.6002235375091,107.82422138451346,106.6544703220503,107.11904907226562,4506300.0
2019-10-30,110.58683336596003,110.77763980717496,109.28434173526367,110.20520782470703,9627600.0
2019-10-31,109.82358807407051,110.20520093263485,108.58746673041132,109.54151153564453,7686700.0
2019-11-01,109.54981499228727,110.33794060772082,108.79486815001184,108.84464263916016,5541800.0
2019-11-04,109.34240848071214,109.46684469861243,107.92377230253997,108.0399169921875,6140300.0
2019-11-05,108.28880536142472,109.0686394407065,107.58363301514085,108.19754791259766,6257300.0
2019-11-06,108.19755783216306,109.07694096939737,107.6002385957731,108.64555358886719,5450000.0
2019-11-07,109.28434655855493,109.82359978936852,108.68702730342758,109.03546142578125,5873700.0
2019-11-08,108.92761193957666,110.37112280494914,108.65383958194538,110.33794403076172,5003000.0
2019-11-11,109.73234623632796,109.93974841121995,108.9525120333222,109.49175262451172,4371400.0
2019-11-12,109.50834917683862,109.58301092225045,108.69533618954196,108.96910858154297,5228700.0
2019-11-13,108.71189089400177,109.08522484133285,108.44642275994914,108.9027099609375,5885400.0
2019-11-14,108.70361961135947,108.97739198294013,107.96526842454733,108.64555358886719,4217500.0
2019-11-15,108.8861373242367,111.97228257196096,108.49622023882688,111.94739532470703,10495100.0
2019-11-18,111.35007833423903,112.56960410974223,110.05589081545779,111.85614013671875,9291800.0
2019-11-19,111.9971781088338,112.15480579232482,111.34179278459824,111.84785461425781,5192200.0
2019-11-20,112.08841615490641,113.1088311675209,111.2256287984727,112.77699279785156,7594400.0
2019-11-21,112.7769910640005,113.53193790103731,111.99715698256222,113.1917953491211,6424900.0
2019-11-22,113.36599690960405,115.00863086044852,113.2415606976406,114.54405212402344,9235800.0
2019-11-25,114.49391569545682,114.98677278121737,113.80893025781944,114.59415435791016,6111900.0
2019-11-26,114.00106101278277,114.72781682393659,112.89838471645727,114.58580780029297,10636500.0
2019-11-27,114.57746301522941,115.48799824238688,114.36026223869774,115.07032012939453,5523000.0
2019-11-29,114.9450314871361,115.50471867615995,114.39369327232734,114.85314178466797,3278900.0
2019-12-02,115.04527376890907,115.15387416973604,114.31851784713085,114.74454498291016,4717100.0
2019-12-03,114.36862980489893,114.81971658151807,113.7421126033848,114.57746887207031,5741400.0
2019-12-04,115.69686620632667,116.732712774108,115.31259663789128,116.4319839477539,7257300.0
2019-12-05,116.40690348508829,116.74104090068404,115.23739703745245,116.58232116699219,5472900.0
2019-12-06,116.4987621595965,118.26971293434771,116.4987621595965,117.26728820800781,6640400.0
2019-12-09,117.27567925996037,117.62652740274221,117.00001013066182,117.36756896972656,4241000.0
2019-12-10,117.6181571831032,117.7852258761759,116.87469066438403,116.94152069091797,5310300.0
2019-12-11,117.72673855345808,118.60386507853359,117.47614190045668,117.76850891113281,6631500.0
2019-12-12,118.05259220785413,118.67074788892516,117.5597221624901,118.06929016113281,5012400.0
2019-12-13,117.86875480720497,118.45350154773749,117.20881632776451,118.10265350341797,4257200.0
2019-12-16,118.39503294918833,119.33064057893874,118.19455561508234,118.44515228271484,5353100.0
2019-12-17,119.45597712797188,120.33310398486057,119.05500958496188,119.92377471923828,10722400.0
2019-12-18,120.05739230071849,120.19105234989924,119.23874680590313,119.61465454101562,7849200.0
2019-12-19,120.19940357067604,121.86176700382161,119.9655048534979,121.41902923583984,9414700.0
2019-12-20,122.69712897447081,123.49906382919858,120.95958646052775,122.01213073730469,14532800.0
2019-12-23,121.74482774351301,122.59688196396921,121.41067758659624,122.32957458496094,6558700.0
2019-12-24,121.96198446035558,121.97033343218719,121.34381638872645,121.90350341796875,4238900.0
2019-12-26,121.93697960321732,122.112397316176,121.26034293160721,121.82003021240234,3019300.0
2019-12-27,122.12908159252608,122.42146137957405,121.57774340659125,121.753173828125,3432700.0
2019-12-30,121.77824867119027,122.12909681145332,121.15173140360771,121.37728118896484,2923300.0
2019-12-31,121.21022405235622,121.97038872232056,120.94290387430415,121.85343933105469,4435000.0
2020-01-02,121.85340996145588,121.97872104466268,121.19348414405522,121.93695068359375,5777000.0
2020-01-03,119.87363061673726,121.43574283926573,119.45595246127824,120.52520751953125,5752400.0
2020-01-06,120.29132955615668,120.45839829790131,119.33067473122911,120.37487030029297,7731300.0
2020-01-07,120.29965818968705,121.50257332128415,118.10267975151744,121.10995483398438,7382900.0
2020-01-08,121.01810808341513,121.94535443092498,120.04074237872048,121.09329986572266,6605800.0
2020-01-09,121.76154666725347,121.98709646871197,121.11833140411703,121.45246887207031,6112700.0
2020-01-10,121.7531709112735,122.11236797298871,121.04311301489639,121.17677307128906,5042600.0
2020-01-13,121.52762349862019,121.78658189628764,120.89275733832174,121.7114028930664,4593200.0
2020-01-14,121.16846351739318,122.47161762486495,120.90114331764067,122.39643859863281,7037500.0
2020-01-15,122.29617244017263,123.13152884412607,122.16252510290072,122.80574035644531,4960300.0
2020-01-16,123.14819741743725,124.33440157571754,122.12906193349507,123.79977416992188,6476000.0
2020-01-17,123.9751880396351,124.81054404651113,123.57420797883942,124.61005401611328,9083600.0
2020-01-21,124.11722857314075,125.44544190244748,124.05039854602461,124.6936264038086,9543900.0
2020-01-22,122.5467934137694,124.61847392100884,121.96204642541895,123.84159851074219,10305300.0
2020-01-23,123.66613319154906,124.275952429328,122.59687821516172,124.0754623413086,8671900.0
2020-01-24,124.11722769955709,124.42630541958499,123.5742385130069,123.90003967285156,9051900.0
2020-01-27,123.2317773019582,124.85237072590552,122.79738841337317,124.25926208496094,7587100.0
2020-01-28,124.01700772081867,125.77961010631661,123.75803654859573,124.88577270507812,7336600.0
2020-01-29,124.84404199695376,126.29756707757814,124.57673451170149,125.75457763671875,6288600.0
2020-01-30,125.32854832469057,125.72951591933156,124.50990243456064,125.60421752929688,6470600.0
2020-01-31,125.09460707053789,125.30344614745032,124.16736105918574,124.35948944091797,8651700.0
2020-02-03,124.8189174425578,125.71275466315248,124.668559450228,125.4454345703125,5765200.0
2020-02-04,126.5481173257305,127.60066156560806,126.30585688585023,126.64000701904297,6541400.0
2020-02-05,126.74024299424225,128.66156479309487,126.39774389493971,128.63650512695312,5979900.0
2020-02-06,128.85374654806296,129.0625856834731,127.59236275893618,128.25228881835938,6201200.0
2020-02-07,128.09355033097393,128.19380176897133,126.59826794826068,126.88228607177734,5700300.0
2020-02-10,126.70682986938029,126.89897098435951,126.0469040404152,126.8572006225586,4835600.0
2020-02-11,127.2163940949873,127.291585842713,126.58987692526115,126.9657974243164,3715300.0
2020-02-12,126.86555086073228,127.09944959331881,126.07196496470483,126.21397399902344,5166800.0
2020-02-13,125.43706685694767,126.17217150938517,125.20316818391915,125.37858581542969,5480200.0
2020-02-14,125.77124543893764,125.83807547408843,124.593389969141,125.41204833984375,5716300.0
2020-02-18,125.69605493509923,125.92160468979208,124.51819957301124,124.58502960205078,7230700.0
2020-02-19,124.6435414485949,125.10297729863531,124.1172628064778,124.4179916381836,6115200.0
2020-02-20,124.14230070939668,124.78552863178932,123.13151397420823,123.94181060791016,7464700.0
2020-02-21,123.70794220174385,125.5039663417332,123.24849357307082,125.2449951171875,7776800.0
2020-02-24,123.16006240301817,125.26176995255773,122.1092086282484,122.6640625,10588900.0
2020-02-25,122.73131469296703,123.37022914925682,120.9154363504957,121.60478973388672,10529000.0
2020-02-26,122.19334319796073,122.92473368623723,120.71373213300063,120.78939056396484,10093800.0
2020-02-27,119.84775419474914,121.70566907934668,116.81288836140423,116.95580291748047,12566700.0
2020-02-28,113.79485122534977,115.41736325561159,109.97815605521055,113.05504608154297,19820300.0
2020-03-02,113.30728620701217,117.80494667793229,112.65995651959155,117.71247100830078,11508200.0
2020-03-03,117.6956436994445,118.527924655044,111.89493496252331,113.98822784423828,13662500.0
2020-03-04,115.74523630033099,120.75571292835207,115.29127309704103,120.62120056152344,10560500.0
2020-03-05,118.36817952755021,119.94865498566888,117.56111813130214,119.3853988647461,11339200.0
2020-03-06,116.4177643040149,120.22605681164373,115.51824027221579,119.40219116210938,12239100.0
2020-03-09,114.61033653427965,117.42661741848785,113.40815294720029,114.70281219482422,13848600.0
2020-03-10,117.67042435366403,119.33497343879687,112.84489833892914,119.0743637084961,12698100.0
2020-03-11,116.08993139131215,116.64478534079602,110.54983259325893,110.80204010009766,17763400.0
2020-03-12,107.0273617031525,112.44976504618946,104.66504428224317,105.43006896972656,21539200.0
2020-03-13,108.71714161810846,113.424959150162,104.79114677600627,112.89532470703125,20084200.0
2020-03-16,103.88320788681001,112.44976410624867,102.92482968920413,106.87603759765625,18877900.0
2020-03-17,108.06982380178813,114.98024046832218,107.44771363951612,114.82891082763672,18911800.0
2020-03-18,110.14630185451563,114.05547308518302,108.20432597239805,113.4585952758789,17521100.0
2020-03-19,113.48381808655452,113.48381808655452,106.05217602947933,106.80879211425781,18482300.0
2020-03-20,106.62382405947146,107.13664119118556,99.30987827369287,100.78948211669922,19785100.0
2020-03-23,98.35992887377807,99.671392539646,91.76897603475584,93.43352508544922,20815200.0
2020-03-24,99.83951873064551,100.58772611642122,95.72017058881912,100.1926040649414,17604800.0
2020-03-25,99.96563055323465,104.2110763621675,98.1077152570045,100.3775634765625,13986100.0
2020-03-26,101.36117418677442,106.85083451175615,101.20144232471887,106.4052734375,15066800.0
2020-03-27,102.26908015793161,107.28795829788095,101.36954967551183,103.53851318359375,12133200.0
2020-03-30,107.99415425688466,112.64313066976929,107.1870928546854,111.81925201416016,21754000.0
2020-03-31,113.48381438538021,114.0891072334619,109.330837888522,110.23877716064453,15746100.0
2020-04-01,107.35523233284533,109.48215960961979,105.5057320262336,108.28839111328125,12606100.0
2020-04-02,108.54900618352552,112.65154413451663,106.95171330080073,111.93695831298828,11594500.0
2020-04-03,111.28962423530871,113.31566059974604,110.61707524200688,112.79444122314453,10071200.0
2020-04-06,115.18195751429549,118.51106738481823,113.9461526464941,117.49383544921875,14994400.0
2020-04-07,117.57793243436008,119.40221312202978,115.39215136304598,115.57710266113281,11567100.0
2020-04-08,115.80414849275516,121.16771315942465,115.4258434951833,120.43630981445312,10758200.0
2020-04-09,121.06675781755794,122.25212396153319,117.9310137259556,118.72966003417969,11125400.0
2020-04-13,117.6955965016031,118.94821853952175,115.87971850547733,117.50224304199219,8153200.0
2020-04-14,122.25215159775853,123.93351802792075,121.10041969799592,122.76496887207031,13838000.0
2020-04-15,122.36144987861569,124.34546286619596,120.671668332513,124.13529205322266,11962300.0
2020-04-16,124.68167535256441,126.6740896648335,123.109602478516,125.82500457763672,12181700.0
2020-04-17,127.77545496657336,128.0360647281121,125.76622246216441,127.80067443847656,10920000.0
2020-04-20,126.88428337332535,128.6245034002039,126.17811270784057,127.50639343261719,12226200.0
2020-04-21,126.20333000795797,127.48117178154148,124.9002815979734,125.83342742919922,9951100.0
2020-04-22,128.46482022939108,130.30591881215432,127.5568806751047,128.61614990234375,11515600.0
2020-04-23,129.67534795898112,131.98722612356588,129.21296976050334,130.73460388183594,10665000.0
2020-04-24,130.7850926252967,131.3987877744092,129.16256736588548,130.18820190429688,8653400.0
2020-04-27,130.14614316031722,131.18859477828738,129.46519193053408,129.708984375,8924000.0
2020-04-28,127.15328574473907,128.70855420563052,126.6909075946522,127.27098083496094,8558700.0
2020-04-29,127.26259255361663,127.47276329685998,125.39627532739125,126.30421447753906,9285200.0
2020-04-30,124.8077948658777,126.46392845542483,123.71490447876141,126.13606262207031,14829600.0
2020-05-01,125.78300419189524,125.82504091341723,123.40386942518296,124.6648941040039,7309000.0
2020-05-04,125.06844340714935,125.32905314701553,123.65608895898009,124.64810180664062,7198400.0
2020-05-05,125.26179494187983,126.75820998945757,124.95914848125696,125.68213653564453,6562300.0
2020-05-06,126.10249077470812,126.37151557904235,124.45474591768277,124.4883804321289,6191600.0
2020-05-07,125.57283091180616,125.70734328687566,123.6897089720579,124.076416015625,5570500.0
2020-05-08,125.1945567618086,125.41312980400608,124.32865398028301,125.00960540771484,4712100.0
2020-05-11,124.79941695115721,126.18655191091064,124.52198995920654,125.3542709350586,5887500.0
2020-05-12,126.1865557073099,126.38831146912038,123.60565207981628,123.69812774658203,7039200.0
2020-05-13,122.80698510095552,125.21974142063222,122.74813112837526,123.68970489501953,6970500.0
2020-05-14,122.22690946685313,124.21932421230629,121.27693350503702,124.11844635009766,6871400.0
2020-05-15,124.31180463058627,126.50598801243194,122.45390218201166,126.47236633300781,10340400.0
2020-05-18,128.1957583927403,129.14572148284003,126.48917288763342,126.53961181640625,7388400.0
2020-05-19,126.18653422772354,127.02721729965293,124.75736274319905,125.27859497070312,6107300.0
2020-05-20,125.89228146030173,126.4303180766359,123.80739117548241,124.15206146240234,5713400.0
2020-05-21,124.84144126125727,124.84144126125727,122.58841669415865,123.33662414550781,6487300.0
2020-05-22,122.38006688006236,123.83605350514257,121.94833812537883,122.21075439453125,6140900.0
2020-05-26,123.75145258317092,123.96308034587099,122.15154721382773,122.37163543701172,7072300.0
2020-05-27,122.16843553890371,122.95568432283423,121.0594956254236,122.65093994140625,7950000.0
2020-05-28,123.60750710460022,125.37671152608732,123.42973415831324,124.41168975830078,6189600.0
2020-05-29,125.24974966806461,126.4263992199189,123.02342202376354,125.91848754882812,8504000.0
2020-06-01,124.68258951016621,125.57142857224977,123.59905655037747,124.59794616699219,6141800.0
2020-06-02,124.48788166536461,125.5798878788392,123.69215941163405,125.49523162841797,6078300.0
2020-06-03,125.72380940621774,126.2486420597576,123.97152554671742,125.83384704589844,6339500.0
2020-06-04,124.26776566851403,125.59678066873481,123.2350216449585,124.20850372314453,8170500.0
2020-06-05,125.02120167421648,126.6718954090684,124.0985078579059,124.6910629272461,9725400.0
2020-06-08,123.4889918166404,124.95345179120997,123.37048082881503,124.24238586425781,7555600.0
2020-06-09,125.49524413434132,126.40947747972913,123.29431057136344,123.5567398071289,8247200.0
2020-06-10,124.09847803861953,127.00200363907214,124.09847803861953,125.11428833007812,10137100.0
2020-06-11,125.77460662822669,126.27404502098338,119.14642391142341,119.24800109863281,11913300.0
2020-06-12,120.91558400647433,121.65205709104409,118.74851870411825,120.33148956298828,8687400.0
2020-06-15,119.35802866167727,120.54313867318616,117.99514569007684,119.56965637207031,8649600.0
2020-06-16,121.9737313954833,123.09959224786438,120.85634391734543,122.28694915771484,7579100.0
2020-06-17,122.659402795065,123.09959200277821,121.44889861976496,121.91448211669922,5100100.0
2020-06-18,120.64471538719941,121.99912483357535,120.09447565111914,121.39810943603516,4797400.0
2020-06-19,123.4127852767489,123.48898105399712,121.26265385167456,121.75363159179688,12206900.0
2020-06-22,121.44889458809344,121.6097336923068,120.22991707903276,121.38117218017578,5285600.0
2020-06-23,121.6774515478663,121.96526208320196,120.78013936407521,120.9325180053711,5921600.0
2020-06-24,119.7728253230292,120.36538033718894,117.42798664192858,118.3591537475586,8211200.0
2020-06-25,118.994022270866,118.994022270866,116.42908281619674,118.2321548461914,7421200.0
2020-06-26,118.11364572485819,118.17290767829658,115.98890835980814,116.65764617919922,12849700.0
2020-06-29,117.44490963980267,118.25755275089286,116.8015531837328,117.6988525390625,5309800.0
2020-06-30,118.00358237923824,119.37493844973224,116.68302779905923,119.0447998046875,7738300.0
2020-07-01,119.09556896958334,119.68812375941353,118.56226320037335,118.8331527709961,6174800.0
2020-07-02,119.56962539548698,120.06906356261116,118.7908371730068,119.33260345458984,5152200.0
2020-07-06,120.34843175287159,121.7028541192861,120.10294931878256,121.03410339355469,6156400.0
2020-07-07,119.6881608212248,121.87216022293168,119.55271599397251,120.924072265625,5622600.0
2020-07-08,120.94101281586157,121.38120211752995,119.95059657465652,121.27962493896484,6257400.0
2020-07-09,120.8478952688584,122.26156696671086,119.00250764832947,120.61934661865234,5738600.0
2020-07-10,120.83939363004214,120.9409707732961,119.72199338733945,120.51771545410156,4282400.0
2020-07-13,121.56741442945608,124.13234107633319,121.28806432021715,122.92183685302734,6951900.0
2020-07-14,123.01494593286687,125.61372716675842,122.96414443882927,125.21586608886719,7447100.0
2020-07-15,126.74804148134508,127.15437591093612,125.4782754515111,125.50366973876953,8512800.0
2020-07-16,125.85923368837591,126.41793397917932,124.16621189810948,126.34175109863281,9304700.0
2020-07-17,126.97661844814597,127.46759625615302,125.86769138037556,126.4263916015625,7441100.0
2020-07-20,127.17130874621876,127.247504531865,125.64758678423199,126.63801574707031,6191500.0
2020-07-21,126.63801976739796,128.3902903917645,126.55336352142757,126.75653076171875,5575900.0
2020-07-22,126.91733924153313,127.32367366538126,125.15660840510247,126.98506164550781,5910200.0
2020-07-23,127.1543807140214,127.69614705721261,126.36711902908802,126.64646911621094,6566300.0
2020-07-24,127.3999007385452,127.48455700207437,124.46250664498899,125.38520050048828,5405900.0
2020-07-27,124.75030141048654,126.06239582794377,124.318585521544,124.58946228027344,5675200.0
2020-07-28,124.77570213060007,125.27515338086678,124.22547520948228,124.29319763183594,4842200.0
2020-07-29,123.92071988740655,124.83495313381694,123.64984313850542,124.04769134521484,4489100.0
2020-07-30,124.80950905730896,124.86029762017337,123.70904283392174,124.30159759521484,5922500.0
2020-07-31,124.14925748683815,124.81799523021729,121.86368126993534,123.38739013671875,8259600.0
2020-08-03,123.92071189218973,125.10582181103936,123.71754465607435,124.73336791992188,4078700.0
2020-08-04,124.42862766506904,124.62332153320312,123.43821157491331,124.62332153320312,4162200.0
2020-08-05,126.21478324795534,126.39254330765787,125.11431646940017,125.6222152709961,5467500.0
2020-08-06,125.62219824790544,126.34173759857586,124.01383288570428,124.90267181396484,4837900.0
2020-08-07,124.86878221571409,125.83380384687862,124.564037862887,125.79148864746094,3635100.0
2020-08-10,126.01157296360246,126.13854439147723,125.04655136157274,125.30896759033203,4096600.0
2020-08-11,126.24861659186247,126.32479946167288,123.90377812610602,124.41168975830078,6388400.0
2020-08-12,124.89414788718346,127.17973646809236,124.85183269746072,126.68875885009766,5257300.0
2020-08-13,125.74073297915133,126.2909728560968,124.88576155505929,125.28362274169922,5155500.0
2020-08-14,124.9534722683018,126.41793248286379,124.92807797508686,125.48677825927734,4240200.0
2020-08-17,125.55448240593668,127.1713081444631,125.47828662065098,126.12164306640625,4306900.0
2020-08-18,126.35017476300526,127.06125352455894,125.76609326550847,127.05278015136719,4322600.0
2020-08-19,126.62104546262886,128.31406650705486,126.40095737687464,127.30671691894531,7816300.0
2020-08-20,126.76499365997408,128.31410999060105,126.59569408150372,128.1786651611328,4874700.0
2020-08-21,128.48341129389772,130.0663823947774,127.47606135089062,129.31298828125,6722800.0
2020-08-24,130.15662979372078,130.2929631093771,128.12000379805383,129.6538543701172,5387900.0
2020-08-25,130.19072445370261,130.43785380874132,129.13405987213778,129.57717895507812,3863500.0
2020-08-26,129.40673139124257,130.07992017412542,128.36711352195516,129.78167724609375,8008300.0
2020-08-27,129.88394587594883,130.59974459132246,129.4323100434368,130.36114501953125,5575400.0
2020-08-28,130.1566130208076,130.97466482012797,129.44080144302865,130.9235382080078,5395700.0
2020-08-31,130.3781565680427,131.5711541068018,129.74756472458546,130.7275390625,6362700.0
2020-09-01,131.11955268874758,131.29850886771493,127.88141195015007,129.1170196533203,6307700.0
2020-09-02,128.4949514013465,131.511552278017,127.18265369413363,131.08547973632812,6881900.0
2020-09-03,131.93760243489592,132.48297467562062,126.37309702474083,127.43827819824219,8672800.0
2020-09-04,127.966599254998,128.63127124292316,125.37608445625114,126.62020874023438,7200100.0
2020-09-08,128.03476472647796,128.58013691468912,125.18007425529069,125.48684692382812,8756800.0
2020-09-09,126.24527375293131,128.7591118494173,126.21971044371352,127.56610107421875,6960700.0
2020-09-10,127.18262989289246,127.6342656623464,124.85627789138641,125.18861389160156,6191800.0
2020-09-11,125.30793803050312,126.56910912239762,124.95003865318316,125.93000030517578,3934700.0
2020-09-14,126.21968489310825,127.37008558583513,126.12594844405126,126.41568756103516,4375800.0
2020-09-15,127.35305355895746,128.32449823136756,126.56056503793577,126.8758544921875,3658800.0
2020-09-16,127.3019335402251,127.87286909631064,126.41570851355351,126.45830535888672,4323000.0
2020-09-17,126.15147206305646,126.6542472240331,124.45571274906959,125.41011047363281,5461400.0
2020-09-18,124.84771527553802,127.52344911256236,124.5835524990551,127.12294006347656,12174000.0
2020-09-21,125.75954835748217,126.0577912766851,121.82264300348716,123.64623260498047,7574500.0
2020-09-22,123.2968509343087,123.85926970388576,122.4702693191514,122.88782501220703,5295900.0
2020-09-23,125.67430025042624,125.73395662239855,123.03265940773541,123.08378601074219,8784400.0
2020-09-24,123.1860868272496,123.77406899447142,122.14646882198524,123.27982330322266,5614800.0
2020-09-25,122.70886470044859,124.6261907113931,122.61512824202778,124.12342834472656,5531200.0
2020-09-28,125.03522768688302,126.36457175837025,124.77106482686958,125.35904693603516,5843200.0
2020-09-29,125.77657170163438,126.0492512632683,124.46426149051115,125.31640625,6768600.0
2020-09-30,125.64872075192592,127.59160943191121,125.12891201720298,126.86729431152344,8487700.0
2020-10-01,127.23376216642062,127.52348833278569,124.80515682690131,125.53800201416016,6457800.0
2020-10-02,124.5920895907879,126.4668054398287,124.26827042499735,124.6176528930664,5485600.0
2020-10-05,125.26531136608422,126.44127559283405,124.77106572009806,126.31344604492188,4992800.0
2020-10-06,126.35603314130907,126.63724249283801,124.30236100004193,124.63469696044922,5118200.0
2020-10-07,124.8307092509933,126.31343303351763,124.25124396608909,126.01519012451172,5603100.0
2020-10-08,126.5435184990656,127.69391932286413,126.15152612124778,126.8758544921875,4413500.0
2020-10-09,127.5234476798177,129.0828740231151,127.35302134232698,128.64828491210938,5054100.0
2020-10-12,129.1851420307354,130.49743915069462,128.69089654322713,129.3896484375,7273200.0
2020-10-13,126.96958177485963,127.92397983941791,125.92144725733951,126.42420959472656,11057600.0
2020-10-14,126.81618961648918,126.99513273484969,125.5976158464418,126.20264434814453,7706400.0
2020-10-15,125.67434717599673,126.03224653337689,124.69438557860113,125.42723083496094,5978600.0
2020-10-16,125.77657196749948,126.76505000854615,125.27379667628847,126.20264434814453,6097000.0
2020-10-19,126.56905113813704,126.88434051599363,122.81961966255254,122.98152923583984,7250800.0
2020-10-20,123.27126482560558,124.2000994988087,122.81109937099492,123.17752838134766,5325400.0
2020-10-21,122.81112531823169,123.8507431913959,122.63218216128537,122.64921569824219,5221300.0
2020-10-22,122.84520159691425,124.14898214430028,122.57250901049977,123.6291732788086,5279700.0
2020-10-23,124.31090567853761,125.66581298709933,123.00712498498582,123.76553344726562,4154400.0
2020-10-26,123.07526024910342,123.36499934673672,121.64366330751446,122.68328094482422,6929500.0
2020-10-27,122.4873029211847,122.95597217696486,121.78853791714448,121.98452758789062,4890100.0
2020-10-28,120.51884912455179,120.98753142848713,117.74937814994242,117.90277099609375,8426100.0
2020-10-29,117.59601236096472,118.19251127240042,115.93433217814348,116.90577697753906,7205400.0
2020-10-30,116.47114878259244,117.20399385435783,113.88915099545696,116.83757781982422,7364100.0
2020-11-02,118.43109151317883,118.45665481930497,117.16140396658436,118.18397521972656,7088000.0
2020-11-03,119.31735118837702,120.11836960001021,117.40854163305323,118.02208709716797,6363000.0
2020-11-04,118.86566622120196,121.4646970958228,118.1924646417728,118.7889633178711,10263500.0
2020-11-05,119.76895055415737,120.85969482436941,118.66967651448131,119.09574890136719,8016200.0
2020-11-06,119.64114746876284,122.01863919435517,119.0020387472359,121.21762084960938,5942500.0
2020-11-09,126.48387912652979,126.96109126018445,123.49285478613811,124.4813461303711,12351600.0
2020-11-10,125.47833277404334,126.75655008583325,124.63470466729039,126.35604095458984,7386500.0
2020-11-11,127.11445586120298,127.14001916852772,125.14600318100122,125.947021484375,6382400.0
2020-11-12,125.78508020792312,126.6713049784062,125.05223524278091,126.37306213378906,4710300.0
2020-11-13,127.04628355210734,128.1711210926723,126.46683124529481,127.73651885986328,5893500.0
2020-11-16,128.60570966713001,128.92952889734474,127.65131151832817,128.5460662841797,6266400.0
2020-11-17,127.82172647137735,128.3585818834206,127.07183484854843,127.26783752441406,7297700.0
2020-11-18,126.85879893272484,127.61720732477714,125.58058166503906,125.58058166503906,6661000.0
2020-11-19,125.52092880509873,125.65727509066622,124.06375550882836,125.38458251953125,7987700.0
2020-11-20,125.30789930794192,126.06630768324092,124.52392762806979,124.71991729736328,6354900.0
2020-11-23,125.28628157318926,125.28628157318926,122.73782308946329,123.45001983642578,7318300.0
2020-11-24,123.56157266819562,124.21369847711117,123.22692726594148,123.45001983642578,11034800.0
2020-11-25,123.613056761475,123.70744459933161,122.58337958952916,123.2869873046875,7594600.0
2020-11-27,123.99054119322035,124.12783490019503,122.89221772352015,123.56150817871094,3059000.0
2020-11-30,123.75891515197283,124.29950118225054,122.7549790193531,124.1450424194336,15663200.0
2020-12-01,125.52652099192089,127.96343938462755,125.1575587448774,126.52188110351562,9738200.0
2020-12-02,126.86508107589458,128.46108458277476,126.736363302068,127.1139144897461,7745500.0
2020-12-03,127.02809559715202,128.34952468075554,126.72778032764154,127.85184478759766,7310500.0
2020-12-04,128.52973864343176,128.97593676232214,128.0835536175934,128.94161987304688,6747100.0
2020-12-07,128.15219545266686,128.6327104419477,127.43140987569414,127.82612609863281,6634700.0
2020-12-08,128.70992705282057,130.54618815505214,128.32379989027228,130.03993225097656,8339800.0
2020-12-09,131.13826778509903,131.71317060680943,130.2201306043475,131.3699493408203,8440100.0
2020-12-10,131.12968324332184,131.2669638848905,130.15147520394382,130.6405792236328,7392900.0
2020-12-11,130.02278884785522,131.63595772451376,129.7653663324018,131.24124145507812,5977400.0
2020-12-14,131.49864430727536,131.6959958659563,127.84328703219957,127.91193389892578,8547300.0
2020-12-15,128.70990121766286,129.35345072375117,128.30660914640364,129.19900512695312,7612600.0
2020-12-16,128.88154713282134,129.49935587547873,128.3238093118634,128.42677307128906,8486100.0
2020-12-17,128.78714390404625,132.0477978570306,128.6756042090392,131.8161163330078,9920300.0
2020-12-18,131.84185083934057,133.08605715700193,130.14288362982276,132.5797882080078,17137200.0
2020-12-21,130.4346296065709,131.63593006188856,128.75282729939653,131.30128479003906,7893400.0
2020-12-22,130.76929678109155,132.05639621040567,130.30594674748158,131.04388427734375,4699500.0
2020-12-23,131.11252551081066,131.79898112885664,130.34025803061448,130.3745880126953,4607300.0
2020-12-24,130.29737927840554,131.31846722728724,130.27163833558814,130.82937622070312,2114900.0
2020-12-28,131.55869633372998,132.03062219849613,130.68346527496786,131.4471435546875,3855500.0
2020-12-29,132.23658816192503,132.94019566710202,131.97058972363672,132.2623291015625,5212000.0
2020-12-30,132.77719552013048,134.1844238507632,132.65706675140768,133.90126037597656,5412800.0
2020-12-31,134.31308851305482,135.28270741696457,133.09463619566327,135.04244995117188,5099900.0
2021-01-04,134.92231185410392,135.04244057866282,132.2537258864282,134.28733825683594,11765900.0
2021-01-05,134.0728706211929,136.22661250135238,133.06035858692746,135.86622619628906,9602300.0
2021-01-06,134.9223261688179,137.48793557832317,134.47612810466683,137.14471435546875,8230100.0
2021-01-07,136.43250119314845,138.1743742175416,135.87476350096202,137.60804748535156,7747200.0
2021-01-08,137.72818224309734,138.23445118269026,137.18760951418193,137.32489013671875,8228900.0
2021-01-11,137.77111620003362,138.423254935243,136.23518336015496,136.75001525878906,7066200.0
2021-01-12,136.56123804285238,136.99886020859998,134.9995642808986,135.68601989746094,6903200.0
2021-01-13,135.77178080434746,135.9691454132179,134.50184677833124,135.48004150390625,6643100.0
2021-01-14,137.6767474975992,138.9638470624126,136.95597488363657,137.84835815429688,10030800.0
2021-01-15,137.54803466796875,138.5004888134924,136.52693364520294,137.54803466796875,7630800.0
2021-01-19,139.00671956655216,139.8991026225803,138.2344652506249,139.67601013183594,9057600.0
2021-01-20,140.03640166730702,140.8429859927636,138.83511422070222,139.33279418945312,6839900.0
2021-01-21,138.42324248964977,139.41858930807186,137.34207072292713,138.77503967285156,6818000.0
2021-01-22,139.31563007447738,141.7182180758304,138.89517291899895,140.33673095703125,8137000.0
2021-01-25,141.5895342721191,142.51624757048077,140.43115246895783,142.42185974121094,9924400.0
2021-01-26,145.61383622089824,149.00319520167542,145.34783778520165,146.2831268310547,14205700.0
2021-01-27,145.1161943395326,146.66071657352177,143.68322493420942,144.0522003173828,14207300.0
2021-01-28,144.32673286114047,146.6091921055901,143.98351161683954,145.15048217773438,8944400.0
2021-01-29,140.94595481764605,142.43899477760874,137.7625364230988,139.97634887695312,22505900.0
2021-02-01,141.84691571237403,141.84691571237403,139.5215637361666,139.61595153808594,9971400.0
2021-02-02,140.19089055083288,140.4311480918394,138.30313402427606,138.3632049560547,11443300.0
2021-02-03,138.09720156044116,138.59488161855936,136.92165484138388,137.7196502685547,8601900.0
2021-02-04,138.14861790642715,139.0839066493008,137.0846114152657,138.99810791015625,7758100.0
2021-02-05,141.46078854160575,141.95846848866879,140.60272237626617,141.10897827148438,9495300.0
2021-02-08,141.6066864046812,142.37036492011796,140.61991535534887,141.51229858398438,6035300.0
2021-02-09,141.75254760521474,142.94525921715316,141.55519602580043,142.67068481445312,5544200.0
2021-02-10,144.06074635106637,144.1036522834164,142.18157911438405,143.134033203125,5921300.0
2021-02-11,143.2970628806198,143.62313224341813,142.09577537512874,142.490478515625,4871300.0
2021-02-12,141.06608481125144,143.16835757656122,140.72286355200387,142.93667602539062,4413100.0
2021-02-16,142.93668183304024,143.3399740302208,141.2720311626444,141.64100646972656,5656100.0
2021-02-17,141.55517955206068,142.5162094892479,141.03175865561744,142.14724731445312,6676700.0
2021-02-18,141.54660601833675,142.5762828390383,140.980279184383,142.2158966064453,5189100.0
2021-02-19,142.09578358574964,142.40468797544682,139.78758315899202,139.84764099121094,8190900.0
2021-02-22,139.76129150390625,140.3397792547044,138.39709120028067,139.76129150390625,6447100.0
2021-02-23,139.4245437611253,140.90099231337612,138.49205201886613,138.52659606933594,7042800.0
2021-02-24,140.21888327010396,141.9370874476897,138.94103009301375,140.3829345703125,10286100.0
2021-02-25,140.84919731974728,141.3413380816633,139.86490262121936,140.52972412109375,9719700.0
2021-02-26,139.87352153404458,140.22752558380444,136.39395288566092,136.81703186035156,14417500.0
2021-03-01,139.3986545926427,139.4677295249733,137.36099020032756,137.55958557128906,10551400.0
2021-03-02,137.9567444369717,138.8201612944692,136.9379188689786,137.30055236816406,7610900.0
2021-03-03,136.63570002795458,137.19691564286796,134.7448152466309,134.88296508789062,8499600.0
2021-03-04,134.6844299819063,134.7794063841189,130.78178123830548,132.1632537841797,11033200.0
2021-03-05,132.94892052055593,135.28878593950049,132.21502411586508,134.7793731689453,8331600.0
2021-03-08,135.5564786552411,137.56824198949613,134.67578956359714,135.90184020996094,6546700.0
2021-03-09,135.46150767323252,138.7942981909965,135.46150767323252,136.16087341308594,7461300.0
2021-03-10,137.12784957950626,138.0603280419156,135.8672553734152,137.4127655029297,6635600.0
2021-03-11,137.74952102246445,138.69065541929416,137.21420678137838,137.40415954589844,6305600.0
2021-03-12,137.52506131488798,138.4143797877826,137.4473569453414,137.80136108398438,5474800.0
2021-03-15,137.93083543820984,138.71654789746856,136.8515644253913,138.5093231201172,5524100.0
2021-03-16,138.5439056000359,139.59726228001034,138.35395279511465,139.32960510253906,6369100.0
2021-03-17,138.86334160233557,139.6404115424255,137.74089699744178,138.81153869628906,6001400.0
2021-03-18,138.32802185097208,139.43319438509488,138.11216763454658,138.55250549316406,4801800.0
2021-03-19,138.74245750216326,139.44182305162255,137.68908787776667,138.1812286376953,14891500.0
2021-03-22,136.68752976437895,138.70792218441915,136.4198726285655,138.5784149169922,7544100.0
2021-03-23,138.32800523694834,139.1827793995244,137.17965936252452,138.44888305664062,7178300.0
2021-03-24,138.23303978879983,140.28796288594103,137.9912841303126,139.7958221435547,6370100.0
2021-03-25,140.2534633047299,140.26209273206734,138.69931002860457,139.84765625,6269800.0
2021-03-26,139.95124986105793,142.5501433048894,139.33823120615145,142.40335083007812,7619200.0
2021-03-29,141.45356597872583,144.21649690951276,141.28088526580677,143.36170959472656,8535100.0
2021-03-30,142.48105470982782,143.03364097627946,141.79894800884628,142.472412109375,7236300.0
2021-03-31,142.42925746725575,142.8005204100011,141.3413437426234,141.90257263183594,8281500.0
2021-04-01,140.39161247681056,141.46224114793483,140.0980406777524,140.59019470214844,7229700.0
2021-04-05,141.2895539533244,142.2479473272516,140.44340900259962,141.1082305908203,7387100.0
2021-04-06,141.66942912935812,142.04933462663945,140.73693741094797,141.07366943359375,5074200.0
2021-04-07,141.21185370389884,141.84214442819248,141.0132714818032,141.26365661621094,4608000.0
2021-04-08,141.60034725284686,141.69532362250422,140.6074232584515,140.71102905273438,5039400.0
2021-04-09,139.9771358526839,140.67650139496425,137.95674358060828,139.22596740722656,8418300.0
2021-04-12,139.0877860506083,139.9425732835368,138.44022355815437,139.5626678466797,5022800.0
2021-04-13,135.43559033689505,138.08627366019738,135.15066114763556,137.69773864746094,18424100.0
2021-04-14,136.2730984596768,138.2416880467925,136.02270016697076,138.07763671875,7718300.0
2021-04-15,138.7683580984151,140.21026266643253,138.34527909624282,138.48342895507812,7524600.0
2021-04-16,139.30366646950063,140.31386256715857,138.63020240439533,140.08074951171875,9049400.0
2021-04-19,140.30526323638264,140.83194813613483,138.87198784693268,140.4693145751953,8353500.0
2021-04-20,139.01010262379137,144.8726968071465,139.01010262379137,143.7416229248047,14050700.0
2021-04-21,143.64665612705429,144.11290860066543,142.7141643545275,143.83660888671875,6333200.0
2021-04-22,143.18902935431606,143.568934828808,142.13565987493163,142.61917114257812,7233000.0
2021-04-23,142.057993217341,143.37902012929916,141.6003832765815,142.91278076171875,6015300.0
2021-04-26,142.64508321950953,142.81776392991628,141.39311842599975,141.70394897460938,6027800.0
2021-04-27,141.39314788876894,141.52266832958307,140.27934587606748,140.89236450195312,6217700.0
2021-04-28,140.61608861724744,140.90964722586338,139.57134828403514,139.8562774658203,7448000.0
2021-04-29,139.7872095187684,141.82487420203307,139.70950514931252,141.7730712890625,6394300.0
2021-04-30,141.72988038624982,141.88530228076002,140.3225197829387,140.5038299560547,9079100.0
2021-05-03,141.25502446551067,142.74010273841367,140.84057482560914,142.64512634277344,6594100.0
2021-05-04,142.3170207501751,144.92454368856568,142.1788708730437,144.85546875,10179500.0
2021-05-05,144.6223310591738,145.3994010009565,144.00929926199686,144.25106811523438,7792300.0
2021-05-06,144.00930271002179,144.959066594671,143.5344339423939,144.82955932617188,5529900.0
2021-05-07,145.31303706383804,146.07283482101445,144.90723015019776,145.4857177734375,5316200.0
2021-05-10,146.69451911286308,148.10189280930643,146.11603139814417,147.0139923095703,8357500.0
2021-05-11,147.3420657031863,147.5320184454951,145.29577218567997,145.81382751464844,8217900.0
2021-05-12,145.52025837251242,146.6081719476266,145.01084563400042,145.22669982910156,6758300.0
2021-05-13,144.16471669115444,147.38525794640125,144.16471669115444,146.746337890625,8018600.0
2021-05-14,148.05871037041632,148.1709587712249,146.92763646123592,146.97080993652344,5797700.0
2021-05-17,147.12624417277098,148.41274018132836,147.04853980858425,147.11761474609375,5722600.0
2021-05-18,146.76364174283344,147.9637910402373,146.3751066648408,147.16944885253906,5846000.0
2021-05-19,146.70318102272378,146.91903526594194,145.0885823246576,146.84996032714844,5533800.0
2021-05-20,146.72907707233549,148.153709755212,146.51322283706955,147.70474243164062,4853200.0
2021-05-21,147.9292165013025,149.14663747118894,147.5320389373005,147.60975646972656,6501800.0
2021-05-24,148.478527035274,148.86949925314528,147.4967880011476,148.17445373535156,5195100.0
2021-05-25,148.2787501428099,148.5915200562468,147.47076893295304,147.7661590576172,7444700.0
2021-05-26,147.69662239900248,147.76612828272314,146.2022790412377,146.88864135742188,5726400.0
2021-05-27,147.0536939576799,147.84430842282924,146.28915579711742,146.66273498535156,8114700.0
2021-05-28,147.27962468451156,148.57413386910096,146.9755380501093,147.0450439453125,6400800.0
2021-06-01,147.82693312485347,147.87037595796187,143.6827493327615,143.8130645751953,10448400.0
2021-06-02,143.61325409281534,144.85563701904877,143.4481792689063,144.39517211914062,6806000.0
2021-06-03,144.12580355987777,145.2204911326483,143.96942530243422,144.25611877441406,5808800.0
2021-06-04,145.09890833599226,145.58544956782904,144.10847259931595,144.1953582763672,6510300.0
2021-06-07,144.22143869167638,144.49946228619868,143.03118166275257,143.213623046875,5362800.0
2021-06-08,143.59586526166026,143.92601488868186,140.80701298746592,141.95382690429688,7746800.0
2021-06-09,142.47514098014514,144.03029396052548,142.18843413321363,143.86521911621094,5552600.0
2021-06-10,144.22141938335605,145.59413086951875,144.17797654541624,145.15972900390625,6463100.0
2021-06-11,145.15104751939498,145.15973078433228,142.67495155227644,143.31787109375,7389900.0
2021-06-14,142.91823242189662,143.75228994565987,142.3969448124328,143.67408752441406,4931300.0
2021-06-15,143.5524369168742,144.09978751020347,142.82264496369706,142.90953063964844,5062900.0
2021-06-16,143.17887304622732,144.00423402879935,142.03204563363892,142.85740661621094,6988500.0
2021-06-17,142.648849879357,143.96073840193108,142.04937333866033,143.54371643066406,5874700.0
2021-06-18,141.849600387402,142.64889829398047,140.56376121617697,140.7288360595703,12993000.0
2021-06-21,141.4152048990315,142.70971413759486,140.96342318982087,142.34481811523438,6592300.0
2021-06-22,142.2318584134672,142.51855196609077,141.85826593189475,142.15365600585938,5627800.0
2021-06-23,142.21447837582687,142.21447837582687,141.16322007613036,141.29354858398438,4493400.0
2021-06-24,141.84957473324954,142.65755575923436,141.44123595982984,141.9364471435547,4549200.0
2021-06-25,141.56290564896744,143.16150159884123,141.51946280379687,142.66629028320312,10963800.0
2021-06-28,142.86607086007564,143.41342138849802,142.06677311229973,142.5011749267578,5604000.0
2021-06-29,142.4838093856019,143.03984323341632,141.97121837495425,142.50987243652344,3749500.0
2021-06-30,142.4838047419691,143.32654537934798,142.1970979342832,143.12672424316406,6151700.0
2021-07-01,143.126719244379,144.23009034394354,143.0311503118215,144.18666076660156,6320200.0
2021-07-02,144.23881861382068,147.08849417583386,143.90866890924408,146.8104705810547,9059900.0
2021-07-06,145.88085728866446,146.70621829282516,145.08155933939028,145.9329833984375,6098500.0
2021-07-07,145.50722315521182,147.26221013840726,145.50722315521182,147.18402099609375,6293500.0
2021-07-08,146.56717397722528,147.2274732395716,145.59411812563076,146.89732360839844,5755500.0
2021-07-09,147.14928149724918,148.01808521537788,147.0363460285795,147.47943115234375,6120900.0
2021-07-12,147.4620587284624,148.72182153126727,146.4281801311675,147.24485778808594,7840500.0
2021-07-13,146.80176468156915,147.48811378290702,146.54112091587265,147.06240844726562,4691200.0
2021-07-14,147.69664269927102,148.41775142798295,146.86258523687724,148.06153869628906,6162900.0
2021-07-15,147.0884354340402,147.60970958073116,145.71572431104215,146.2804412841797,6656900.0
2021-07-16,146.25441810904857,146.906020912708,145.9155851814214,146.04591369628906,5834900.0
2021-07-19,144.63841726678365,146.12407723168482,143.63061518238993,144.98594665527344,8219700.0
2021-07-20,145.00334236420593,148.40036825034102,144.95121625966468,146.34999084472656,9902800.0
2021-07-21,147.08844997758806,147.42728284635095,145.5072210854341,147.25352478027344,7585200.0
2021-07-22,147.14059095871121,148.626251076301,146.52373451630115,147.6792449951172,5281900.0
2021-07-23,148.56548173817148,149.5906640792531,148.02682750857923,149.2518310546875,5014900.0
2021-07-26,149.2778899913131,149.5559003411274,148.44383242807965,149.32131958007812,4484900.0
2021-07-27,149.26048815058036,150.05978601644273,148.278735662658,150.00765991210938,7089300.0
2021-07-28,150.06848196529646,150.63321240938967,149.50376477809766,149.59063720703125,5750700.0
2021-07-29,150.0771784880159,150.5984528323007,148.64364421322028,149.59063720703125,4214100.0
2021-07-30,149.90339179958627,150.2856675671384,149.29523183161382,149.60800170898438,5346400.0
2021-08-02,149.84256606142335,150.164019168614,148.82606738524146,149.66880798339844,3721500.0
2021-08-03,150.06847889997115,151.60626536083376,149.81653162724731,151.5106964111328,6033000.0
2021-08-04,151.34559082318333,151.68442371113431,150.52891328379087,150.6157989501953,4793100.0
2021-08-05,151.04152336556442,151.04152336556442,149.79912722360663,150.9025115966797,4291000.0
2021-08-06,151.11972932276126,151.11972932276126,149.8252069377094,150.39862060546875,4581100.0
2021-08-09,150.92857462164127,151.38903950621642,150.24221229844227,150.91989135742188,3950200.0
2021-08-10,150.52893224482,151.2674207316053,150.11191015871069,150.97203063964844,3678300.0
2021-08-11,151.3890363846609,151.58017424868208,150.78955974358453,150.99807739257812,4221300.0
2021-08-12,151.01550660381892,152.29263619411336,150.81567215346132,152.21444702148438,4300400.0
2021-08-13,152.29257541125415,153.1613790009871,152.14488039182643,153.1266326904297,5882100.0
2021-08-16,153.38729048136128,154.55148421668358,152.8660029769733,154.50804138183594,4782800.0
2021-08-17,154.04756016854395,155.95892538720827,154.04756016854395,155.92417907714844,6041900.0
2021-08-18,155.9502632720203,155.9502632720203,153.8912027568181,153.94332885742188,7134100.0
2021-08-19,153.44811033141127,155.8025742693841,152.97027888610745,155.1422882080078,5615000.0
2021-08-20,155.42033329144533,156.31520027179238,154.70792096800497,155.89817810058594,5428700.0
2021-08-23,155.9068820060288,156.37881804410944,155.16400515341022,155.22518920898438,6461700.0
2021-08-24,154.68330938267937,154.87558304689992,153.18882105363193,153.2849578857422,5734800.0
2021-08-25,153.5471453805737,153.73067084038075,151.97400333246026,152.27114868164062,5700300.0
2021-08-26,152.0264621435721,152.69942004774788,151.2398976685291,151.45838928222656,5031600.0
2021-08-27,152.31488516944094,152.31488516944094,150.9777174507683,151.13502502441406,7046100.0
2021-08-30,151.0126352251398,152.3148498484718,151.00390036274203,151.7729949951172,3252700.0
2021-08-31,151.6244429058428,152.4984093483179,150.74172826411444,151.309814453125,7106800.0
2021-09-01,151.10876893464126,151.84291076660156,150.37464043834848,151.84291076660156,5327400.0
2021-09-02,152.3672823922045,153.11015908561942,151.9914832822265,152.88291931152344,4544300.0
2021-09-03,153.0315293886984,153.13640109436543,151.90410521009971,152.9790802001953,4096900.0
2021-09-07,152.3760643775974,152.970355195572,150.03382722660987,150.60191345214844,6859900.0
2021-09-08,149.99009274795296,151.17868745420859,149.51815681172928,150.23480224609375,4661700.0
2021-09-09,149.6143292317612,149.86777365239158,146.56418130589958,146.88755798339844,7114600.0
2021-09-10,147.30704655801634,147.77898256929578,145.83877599999332,145.92617797851562,6699300.0
2021-09-13,146.75641445443222,146.93120504129442,144.31805442888694,144.9036102294922,6273500.0
2021-09-14,145.42801670912635,145.5503714827072,143.7762205979497,144.02967834472656,5259600.0
2021-09-15,144.204453662566,145.04346726066063,143.60141472263373,144.57151794433594,7935300.0
2021-09-16,144.77249706648544,145.48042089714764,143.49651387037693,144.39669799804688,5665400.0
2021-09-17,143.59266449087505,144.12578446260048,142.945924633738,143.98594665527344,13419800.0
2021-09-20,142.87601820901068,144.35302350569577,141.73112439981742,143.1644287109375,7270800.0
2021-09-21,143.86360482302638,145.06093448354363,143.5402415332618,143.79368591308594,6663600.0
2021-09-22,144.51036175494858,145.03473363774614,143.00713835338937,143.26931762695312,5657100.0
2021-09-23,143.68006189844132,144.87740486030154,143.46157031201687,144.08209228515625,4697900.0
2021-09-24,143.98595743005825,144.77252181771536,143.2343458290148,143.64511108398438,4399300.0
2021-09-27,143.3305116215828,143.64514010734968,142.32545544143156,142.60511779785156,5775500.0
2021-09-28,142.54390874456558,143.25181931326435,141.3815319662616,142.2904510498047,7610400.0
2021-09-29,142.45651203366944,143.90729934451127,142.26423837388714,143.34796142578125,5124100.0
2021-09-30,143.889822717831,144.5540323586264,141.06691507486505,141.14556884765625,6972300.0
2021-10-01,141.17179411297803,141.4951574194916,138.62854864179707,140.24539184570312,8568300.0
2021-10-04,139.8259120739421,140.70861348190002,137.79830329221124,139.1529541015625,8620700.0
2021-10-05,139.71222348309257,140.80468112532378,139.0917016746128,139.46751403808594,5129000.0
2021-10-06,139.72101531853053,139.79093423642448,137.94686445094072,139.7559814453125,7312600.0
2021-10-07,139.85210857872391,142.11567837871243,139.85210857872391,141.0057373046875,5309200.0
2021-10-08,140.98824428918905,141.24168863837846,140.05309398439778,140.6473846435547,4343200.0
2021-10-11,140.5862358830849,141.4514674214376,139.78218839396018,140.05311584472656,4101600.0
2021-10-12,139.83462565504706,139.9919332077878,137.5098718029713,137.81576538085938,6686400.0
2021-10-13,137.92937254506828,139.90453164921658,137.86818850087283,139.13543701171875,6901100.0
2021-10-14,139.58117440254827,140.83093990678614,139.48503756870932,139.93075561523438,4579200.0
2021-10-15,140.73480476293088,141.41649747082266,140.19294987606014,140.9707794189453,6918400.0
2021-10-18,140.05313407455805,140.61247211091415,139.13546656637374,139.93951416015625,7465500.0
2021-10-19,140.62122179570434,144.33557987713618,140.4726490727277,143.21690368652344,10081300.0
2021-10-20,143.31300472197944,143.98596257543915,142.68374785509974,143.13821411132812,6003200.0
2021-10-21,143.5926843405804,143.67133811719944,141.82726845211732,142.8061065673828,4524100.0
2021-10-22,142.50894867077204,143.38291500711742,142.42156003853827,143.0857696533203,4304300.0
2021-10-25,143.0857926774398,143.60142969829508,141.32912485955833,143.40042114257812,6715400.0
2021-10-26,143.8199325117253,145.10466439973106,143.3742143746162,144.85995483398438,6939100.0
2021-10-27,144.79873975773967,144.86865866664314,142.72744375718815,143.10325622558594,7018800.0
2021-10-28,143.12950231904796,144.3792680555374,141.86225351797466,142.32545471191406,6278800.0
2021-10-29,141.8884529192796,142.6750173591204,140.3677465551623,142.35165405273438,8526800.0
2021-11-01,142.59636905168747,143.3130146054815,139.31024666787482,142.47401428222656,5846400.0
2021-11-02,143.06831189779922,145.93492092118984,142.43905495747734,144.72010803222656,8450600.0
2021-11-03,144.23942916698795,144.8774343308093,142.83234253076276,144.2569122314453,6717800.0
2021-11-04,144.1519731594362,144.19567413232448,142.1680663441575,143.85482788085938,8224400.0
2021-11-05,142.00208610119122,143.8549043179621,141.75737652578837,142.8323516845703,6215900.0
2021-11-08,143.05080611934983,143.47905443274558,141.59128391153382,142.3428955078125,5578800.0
2021-11-09,142.1157070465573,142.97219056663027,141.60006996151034,142.02830505371094,6112800.0
2021-11-10,142.04574581913033,144.06460589736358,141.88843828165815,143.5664520263672,6225100.0
2021-11-11,142.8847846891094,143.16444702830395,142.0108182086625,142.50897216796875,4118800.0
2021-11-12,146.328192960915,146.4942487163075,143.86361456307975,144.21319580078125,18995200.0
2021-11-15,144.20446207591004,144.60649250454352,142.64880288521744,142.91099548339844,7496200.0
2021-11-16,142.61383942816937,143.6363919137749,142.12442034809786,142.16812133789062,7594700.0
2021-11-17,142.3429187056047,143.2081503360849,141.39903329117269,142.7012481689453,5414500.0
2021-11-18,142.84984230675738,143.7412919989798,141.69621329535698,141.9321746826172,6358700.0
2021-11-19,142.4914869747069,142.6225899462166,141.39029402664337,142.3603973388672,7620700.0
2021-11-22,141.65662380234215,143.0729266807561,140.44264607141082,140.48663330078125,7634500.0
2021-11-23,140.32830712242472,141.6302459979983,139.67733097312848,141.3575439453125,7734000.0
2021-11-24,140.87371071488363,141.29595861998814,140.20515041321656,140.96168518066406,5230900.0
2021-11-26,141.27834332282828,141.7709680073626,139.57174107782302,140.04676818847656,8523100.0
2021-11-29,140.3107016597742,141.12001569494925,139.36063385595523,140.53062438964844,9188500.0
2021-11-30,139.4398317040249,139.8708851761635,137.09986357490075,137.17022705078125,14981700.0
2021-12-01,138.00592744678485,140.82093594324002,137.45171782514768,139.06155395507812,9835800.0
2021-12-02,138.34018915608652,140.12596064867262,137.8915516194676,138.19064331054688,11334700.0
2021-12-03,138.91199247048323,140.46024361361424,138.63048494099513,140.20513916015625,8750500.0
2021-12-06,140.91768778722783,143.84706010265123,140.60099852547887,143.3368377685547,9692000.0
2021-12-07,144.2693463949663,144.5068667602821,142.87064070936955,143.7063446044922,8311300.0
2021-12-08,143.80307833267432,144.77074373115138,143.07293324528135,144.5684051513672,6216400.0
2021-12-09,144.42766523488945,146.0111117556506,143.82068970636576,145.94073486328125,8574200.0
2021-12-10,145.6504244881218,146.63567397188578,144.8410970715814,145.58004760742188,6572200.0
2021-12-13,144.92909072108898,148.8437129451883,144.09338696450902,148.18394470214844,11142300.0
2021-12-14,148.0783496104483,150.40073271708002,147.04911301554495,149.8025360107422,10482400.0
2021-12-15,149.4155430988694,150.6910925467821,149.03726893477258,150.5503387451172,8552200.0
2021-12-16,150.65586858282015,152.63517323763733,150.28639999134987,152.19532775878906,8998600.0
2021-12-17,149.2308004347873,150.23364777046578,147.4890157829292,147.9904327392578,16726200.0
2021-12-20,147.6209555857894,148.23673664716844,146.5125496753071,147.56817626953125,7954500.0
2021-12-21,147.8408536165683,147.87604877019874,146.011094895312,147.09312438964844,7954200.0
2021-12-22,146.96117459913168,147.9376321346695,146.1342629210882,147.72650146484375,4178200.0
2021-12-23,147.68254471460654,148.62380720240188,147.22510158864816,148.00802612304688,3501500.0
2021-12-27,148.79092125960364,149.415507717201,148.40385510819323,149.2571563720703,3704800.0
2021-12-28,149.36272372050027,150.11046641335844,149.18678821130393,149.85536193847656,3187000.0
2021-12-29,149.5474717329937,151.29806167556697,149.46830276360092,150.91099548339844,3662000.0
2021-12-30,151.41238539875738,152.0809590381029,151.08690407835002,151.57952880859375,4231800.0
2021-12-31,151.77304952072254,151.90499776879534,150.45351334793028,150.48870849609375,4409500.0
2022-01-03,149.7322139216632,150.95498389847012,148.75575635579438,150.90219116210938,6012200.0
2022-01-04,150.47994575587893,151.56196196657507,150.0752953981317,150.49754333496094,6748400.0
2022-01-05,151.30684838051462,152.59999519342216,150.97256151314505,151.50038146972656,7016100.0
2022-01-06,151.43879866911254,151.74669588504352,150.2512238855629,150.9813690185547,7301600.0
2022-01-07,150.83185538806336,153.33017511374842,150.54155568836427,153.02227783203125,6986000.0
2022-01-10,152.79355184951595,152.79355184951595,151.44762551795833,152.26573181152344,7698400.0
2022-01-11,152.17774659655038,152.52961761734048,149.6442322932007,150.64707946777344,8341100.0
2022-01-12,149.20437875090272,149.61783456067116,148.0871675145273,149.3627166748047,8116200.0
2022-01-13,148.6677804546262,149.91694007608618,148.1927532161069,148.45664978027344,6159400.0
2022-01-14,148.34230229595946,148.35988645193913,147.0403499103932,147.6473388671875,5847700.0
2022-01-18,146.9963836669922,147.54178783688369,146.03751019592994,146.9963836669922,7815600.0
2022-01-19,147.0843292835482,148.42146333261311,146.31021034821092,146.53892517089844,5926500.0
2022-01-20,147.16350605029828,147.6649363789068,145.0874346889578,145.3689422607422,6011300.0
2022-01-21,146.19586666866084,147.77931333989335,144.68279689648543,145.03466796875,10550300.0
2022-01-24,144.26933143527745,144.4188773022223,139.21990000275548,143.36325073242188,14054600.0
2022-01-25,142.82661078651563,148.14874325684252,142.14045297889186,147.46258544921875,14081200.0
2022-01-26,147.38344002639505,148.86132804472473,146.23104684059618,148.1223907470703,9963200.0
2022-01-27,149.01084089063434,151.22766571524286,148.66776197683927,150.06646728515625,9066700.0
2022-01-28,150.30399469809544,151.16608806172653,148.93167897798352,151.12210083007812,9783100.0
2022-01-31,150.86700072631803,151.85225031324632,150.26881731225984,151.56195068359375,8054800.0
2022-02-01,151.07814432983304,151.2892615891026,149.04604674822315,150.3216094970703,8154700.0
2022-02-02,149.23954731521212,152.17772495534916,149.23954731521212,151.98419189453125,7382800.0
2022-02-03,151.53558778876803,152.7319682511773,150.46236354647348,151.97543334960938,6240400.0
2022-02-04,150.4271593990866,152.16894380210434,149.65302703195908,150.9813690185547,6392200.0
2022-02-07,150.78780132007142,151.07810089111877,149.55622616202064,150.4799041748047,6065700.0
2022-02-08,150.44473825719712,151.35081879096717,149.9696976644721,150.8757781982422,6296100.0
2022-02-09,151.36842241547416,151.5179682604876,150.64706942103712,150.8582000732422,5387500.0
2022-02-10,150.61190110142923,150.62069317908882,148.93168808010887,149.03724670410156,10355300.0
2022-02-11,148.77335904785727,149.6794398344905,147.3834454569487,147.5330047607422,13125300.0
2022-02-14,147.5329671891635,147.7616819915654,144.10216461502694,145.67681884765625,8967600.0
2022-02-15,146.14309272867382,147.8760853405497,146.03752066469227,147.18112182617188,6631400.0
2022-02-16,146.4597458544821,147.64732054065536,145.77358801188825,147.09312438964844,8482400.0
2022-02-17,147.09315047082706,147.3042677379704,145.0786503933641,146.19586181640625,6227600.0
2022-02-18,146.063057919222,146.39949067861843,144.2569743622838,144.62881469726562,6423200.0
2022-02-22,144.81470791959927,144.96521372188786,142.04359633070655,142.663330078125,6868900.0
2022-02-23,142.9909033952369,143.99133943343853,142.406590713478,142.73416137695312,8016900.0
2022-02-24,141.45929313996268,141.76916681862244,137.864823311596,140.00733947753906,12883400.0
2022-02-25,141.65406744164156,147.84258437630473,141.38846336335158,146.96609497070312,11340400.0
2022-02-28,144.19498791646902,146.24011642407925,143.76118096587598,145.7000732421875,9373500.0
2022-03-01,144.3455193006936,145.8594534106371,143.78776547845123,145.19544982910156,8737800.0
2022-03-02,145.55841891501427,148.40920825964088,145.23083467981172,147.0015106201172,6793300.0
2022-03-03,147.58584259733175,149.9231343880369,147.24942334198434,149.1617431640625,7333700.0
2022-03-04,148.41803967034224,150.38349081829105,147.71862869857267,150.04705810546875,6302500.0
2022-03-07,149.00236084521043,153.26968219982348,148.17014111597658,152.4640350341797,11663400.0
2022-03-08,152.31349012920975,153.26965645479365,149.18824916659054,149.37417602539062,11100300.0
2022-03-09,150.51629064400922,150.71106606161598,148.63937862981794,149.94082641601562,7248200.0
2022-03-10,149.23254387256767,150.6402277933568,148.807585492726,150.2064208984375,6171400.0
2022-03-11,149.73717042487485,151.80000889938825,149.63978273692163,149.93194580078125,5188000.0
2022-03-14,151.10946220863457,154.15502666389392,150.81731259760284,152.003662109375,7729500.0
2022-03-15,153.4556080055027,156.27983785038654,152.7650455774401,155.9434051513672,10554400.0
2022-03-16,155.34137495955383,156.66051962402184,152.7738872567287,154.5091552734375,9603300.0
2022-03-17,155.12004136462585,156.56313278756807,154.22584154373158,156.52772521972656,7472100.0
2022-03-18,156.70478274552434,156.70478274552434,153.74775788394243,154.79244995117188,13809500.0
2022-03-21,154.6331017187982,156.84644619487452,154.33209011225566,155.6689453125,7574900.0
2022-03-22,155.66895986346395,156.1470363709437,153.96911276804815,154.9341278076172,8442100.0
2022-03-23,155.13772726415547,155.41217980008116,154.1284427882968,154.3497772216797,5254200.0
2022-03-24,154.9341205024603,155.41219698739872,154.1107628036266,155.1466064453125,5012300.0
2022-03-25,155.5450255382417,157.32454994232265,155.1289156238392,156.6339874267578,4809500.0
2022-03-28,156.39493051121494,157.74949638179515,156.12933995555915,157.43963623046875,5604200.0
2022-03-29,158.13905829260815,158.82962080408097,156.5277502688998,157.35997009277344,5933400.0
2022-03-30,157.9797000512042,159.2368782720849,157.3068345884902,158.99783325195312,6277600.0
2022-03-31,158.99784545014828,159.54676418697778,156.68711276942204,156.908447265625,11490400.0
2022-04-01,156.74909231671518,157.97084954486346,155.46535494545668,157.7583770751953,6525600.0
2022-04-04,157.75836271453855,157.75836271453855,155.39451214036205,156.23558044433594,6860600.0
2022-04-05,156.23555800763287,159.05092564362846,156.07619018358994,157.24484252929688,7446100.0
2022-04-06,158.8207722805158,161.66271300773923,158.1390582851558,161.3351287841797,10330900.0
2022-04-07,160.83934443281416,161.97257593285224,159.56445561797503,160.9190216064453,7385200.0
2022-04-08,160.5383209457071,162.18504995871422,159.74150874053225,161.23773193359375,7144500.0
2022-04-11,162.01683294595261,163.0792357060565,159.00668954079433,159.2191619873047,5932000.0
2022-04-12,158.65254402322327,160.07793853807357,157.7672061508736,159.27227783203125,5957500.0
2022-04-13,159.27227921859918,160.1044989873223,158.6879664847413,159.9451446533203,5643100.0
2022-04-14,159.36081702293976,160.60028464055574,159.12177201483388,159.27227783203125,6188200.0
2022-04-18,159.12178127154522,159.70610754349258,156.4746295251026,157.2891387939453,6318700.0
2022-04-19,159.9982788545352,164.61974413391565,159.3165648357646,162.08767700195312,14380800.0
2022-04-20,161.34399210463883,163.18549665299065,161.0429669360886,162.80479431152344,8044900.0
2022-04-21,162.84017629651154,163.67239599625114,161.62726782431136,162.33554077148438,6969200.0
2022-04-22,161.5476451442934,162.1496685714482,160.58262985178428,160.72427368164062,8003600.0
2022-04-25,161.43249815664828,165.2837231560494,161.220025721382,164.6816864013672,11176500.0
2022-04-26,163.8760499714355,165.1774977594345,163.06152721894313,163.5041961669922,10190000.0
2022-04-27,163.11463880404665,163.62813634180958,160.9012943356801,161.2200164794922,11090100.0
2022-04-28,161.35283794253377,163.3448482875033,161.0606748041694,162.42410278320312,9403900.0
2022-04-29,161.57418044891412,161.61845004950433,159.5379004044332,159.76809692382812,8463100.0
2022-05-02,159.77692343234096,160.60914317573813,156.7313590561571,158.15675354003906,7145400.0
2022-05-03,158.29842429990953,159.91859432998524,157.30683663385497,157.84689331054688,5898700.0
2022-05-04,157.72292708329692,159.80347636204382,156.83758926411662,159.53787231445312,5923000.0
2022-05-05,158.847326922753,159.10408248297892,155.17317998300356,156.49232482910156,7089200.0
2022-05-06,155.05808706102047,156.58971792245006,154.65968768782818,156.1470489501953,6434000.0
2022-05-09,155.33253910709834,158.08594064504788,154.57114793717446,156.99697875976562,7855200.0
2022-05-10,157.79376952501593,158.6348378249308,156.2621387465028,156.78448486328125,8186700.0
2022-05-11,155.78407973305895,157.8734779441588,155.7132510722708,155.93458557128906,6138900.0
2022-05-12,156.23555391524752,157.54585000344824,154.67736433763534,157.4750213623047,6898600.0
2022-05-13,158.20985774560626,158.37807408438385,155.64238360088757,156.57199096679688,7732200.0
2022-05-16,156.5720031996832,158.59057240435934,155.9699664406625,157.6609649658203,5516700.0
2022-05-17,158.22759239710007,159.09521976655415,156.34181832537044,158.31613159179688,5751100.0
2022-05-18,158.3337947651638,158.80302267651103,155.0846069505295,155.37677001953125,8608800.0
2022-05-19,154.68622894040223,154.75705758891252,152.88899420065198,153.99566650390625,6874500.0
2022-05-20,154.80135773953748,156.84648639817547,154.0930846238101,156.68711853027344,7522100.0
2022-05-23,158.24643848391466,160.32251992594723,158.12169521792134,159.88592529296875,7040800.0
2022-05-24,159.71660615163066,161.9352685040272,159.5829575263032,161.63230895996094,6419800.0
2022-05-25,160.8571024777225,161.76595382039352,159.5472917061061,160.0462646484375,6558900.0
2022-05-26,161.27590807689526,161.27590807689526,159.13744843582055,159.9037322998047,6897600.0
2022-05-27,160.17101153849038,161.41845751877364,158.8077412913759,161.3560791015625,5853600.0
2022-05-31,158.60280945985434,160.53633646051426,155.93863377717895,159.96607971191406,16391400.0
2022-06-01,159.62748890470573,160.23339436230486,156.73165102239992,158.34442138671875,5175400.0
2022-06-02,158.3711600422095,158.43352486865976,155.56441654808137,157.84544372558594,8666500.0
2022-06-03,157.7741678111851,159.19980294751866,156.95441095270073,157.1949920654297,4234200.0
2022-06-06,157.89889781869792,159.04831664583432,156.82074918580864,157.17715454101562,5386500.0
2022-06-07,157.69396438016295,159.7611536737501,157.17716705676617,158.90576171875,5447800.0
2022-06-08,158.69192189514965,159.8948002463497,157.53358401933227,157.96127319335938,4333100.0
2022-06-09,157.89891397703974,159.18198154468132,154.71794079252652,154.7803192138672,5509600.0
2022-06-10,153.40812473247541,155.0119761329496,152.0270300932895,153.74671936035156,6647300.0
2022-06-13,151.54588887102292,153.4794160218985,151.54588887102292,152.1963348388672,7997000.0
2022-06-14,152.41907477633086,152.4636288450418,149.03316949419283,149.86183166503906,7116800.0
2022-06-15,151.15380287100882,152.757654011256,150.26277597042613,151.46566772460938,7796100.0
2022-06-16,150.04895065607022,151.66172104660404,149.16684257286542,151.54588317871094,7056700.0
2022-06-17,152.03593866066993,153.43484395591,150.79741169650498,150.99343872070312,12486600.0
2022-06-21,152.1428845056654,154.91397946129214,151.0825600312623,154.15660095214844,8219700.0
2022-06-22,153.25665006294446,158.5315284801033,152.98043385737603,156.58909606933594,10593100.0
2022-06-23,157.71177416924704,160.22447675835895,157.2840850292253,160.0819091796875,10223500.0
2022-06-24,161.07986233238375,162.63915960522982,160.3670380027412,162.42530822753906,9374400.0
2022-06-27,161.846145071864,163.3698072366756,161.72140183467423,162.27383422851562,5908600.0
2022-06-28,162.31837705533167,163.03120133104042,157.09695861005406,157.65830993652344,9245700.0
2022-06-29,157.9078285505161,158.87013947929236,157.20390950635803,157.70289611816406,7097900.0
2022-06-30,157.58706702156604,158.86122935822215,155.95648565661762,158.16622924804688,10777200.0
2022-07-01,158.11276635486053,160.1354018089532,157.43559060982304,159.9571990966797,5498400.0
2022-07-05,159.3423498284525,159.60966063051782,155.58221504177936,158.7275390625,5676400.0
2022-07-06,158.66518478390296,159.88588742601507,158.0771036995013,158.8701171875,5335600.0
2022-07-07,158.47805262648916,159.60074168011673,158.16618775804096,159.04830932617188,5725800.0
2022-07-08,158.8968642548294,160.37597250275397,158.3978912545644,158.85231018066406,3828300.0
2022-07-11,158.33549713681177,159.51165931741826,158.1751188009072,158.9146728515625,3645200.0
2022-07-12,158.5849969784047,159.00378079655442,156.10794276670742,156.68711853027344,4708800.0
2022-07-13,156.51781964720664,157.1148061574236,155.48422497459478,156.32179260253906,5291700.0
2022-07-14,153.72889943783153,156.82966983734497,153.52396701842537,156.53562927246094,5359600.0
2022-07-15,158.34441500443393,159.05722573147577,157.31082041583286,158.8077392578125,5691100.0
2022-07-18,158.37116625719796,158.77212574466705,154.95853073337005,155.24365234375,7605700.0
2022-07-19,157.1148032503782,157.48903298436633,151.36768142785613,152.98043823242188,13256400.0
2022-07-20,153.4348604169501,153.74672533326682,151.26075216695568,152.10723876953125,7455800.0
2022-07-21,151.5191413391221,152.71311423457072,151.26965487129678,152.64183044433594,5729200.0
2022-07-22,152.90024689109953,153.69326042006224,152.41908467137296,153.3635711669922,4257000.0
2022-07-25,153.3635596584666,154.1298434061635,153.007154304372,153.66651916503906,4437300.0
2022-07-26,153.7555942967755,155.91187768764047,153.6932294858781,154.7535400390625,4525500.0
2022-07-27,153.81797319353797,155.1277837824566,152.48143288615088,154.3258514404297,4648500.0
2022-07-28,154.50407935352123,156.90094420529456,152.7576740134588,155.21690368652344,5513000.0
2022-07-29,154.85158514168023,155.79608523595192,154.0674905824273,155.50204467773438,6451400.0
2022-08-01,155.19015820014732,156.07227975218476,154.6288068855788,154.95849609375,5461400.0
2022-08-02,155.938659530764,156.36636235984514,153.88038895129503,154.076416015625,5794200.0
2022-08-03,153.74670309229987,156.16137851540947,153.05170315829847,155.56439208984375,5010000.0
2022-08-04,155.76045538581556,156.00994190248994,152.90026582108567,153.06954956054688,5651600.0
2022-08-05,152.63293561967507,152.83786803327033,151.28747607947832,152.46363830566406,5235500.0
2022-08-08,152.6329367091561,152.79331505242052,150.97562584878793,151.65280151367188,4629800.0
2022-08-09,151.9557342439068,152.4725315206186,151.23400456994477,151.6349639892578,5532500.0
2022-08-10,152.38341329289656,152.5794402844872,151.05577841275834,152.07154846191406,5603400.0
2022-08-11,150.15589128476608,151.4300535166603,148.78370193165503,148.92626953125,9328700.0
2022-08-12,149.2826655667495,149.63908454337164,147.15311146690968,147.28677368164062,14606900.0
2022-08-15,147.9104877098256,148.57875798562299,147.13529854061852,147.9906768798828,10072000.0
2022-08-16,147.78574029776865,149.91529430603245,147.55407816992164,149.3094024658203,7453600.0
2022-08-17,148.27579843687937,150.19150094646488,148.27579843687937,149.31829833984375,7406600.0
2022-08-18,149.40742777681731,149.95987386171612,147.84813024562655,148.5966033935547,8312100.0
2022-08-19,148.8906248293437,151.58151671922676,148.8015166863436,150.8597869873047,8128500.0
2022-08-22,151.50563712686616,151.523581236718,149.95380696464483,150.33055114746094,5462600.0
2022-08-23,149.80131749302137,150.49202201092498,148.724903577846,149.0209197998047,5566300.0
2022-08-24,149.40661177897712,149.43352109716847,148.07007001766124,148.5275421142578,5684300.0
2022-08-25,148.85943955668307,150.01659504057434,147.73817229023118,149.9179229736328,5678700.0
2022-08-26,150.21392346446092,150.24979799080384,147.28964997948657,147.35244750976562,5667100.0
2022-08-29,146.63483913557923,146.9667298438719,145.33417193263773,146.21324157714844,5259200.0
2022-08-30,146.4823460734837,146.69762061058725,145.34313479438495,145.70193481445312,6973300.0
2022-08-31,146.41956829156794,146.70661929621576,144.66142879380845,144.72421264648438,8741700.0
2022-09-01,144.85877590458833,148.45579662342757,144.8497970059184,148.31227111816406,7509600.0
2022-09-02,148.7787203863286,149.08370181585505,145.3252115267316,145.98004150390625,5803700.0
2022-09-06,147.05646468297624,149.10165533182192,146.05181346946503,146.37472534179688,7394600.0
2022-09-07,146.13254101203137,147.48702710397092,145.45978057193992,147.17308044433594,4590600.0
2022-09-08,147.00261562477056,148.38401075755684,146.28500189757855,148.3571014404297,5838400.0
2022-09-09,147.99831399843512,149.08369304772242,147.46010023546413,148.6441650390625,5500600.0
2022-09-12,149.00297273097183,149.4156051287237,148.20463094360744,148.5813751220703,6365300.0
2022-09-13,146.72454088177017,147.50493843891948,144.2487742524526,144.71522521972656,6726400.0
2022-09-14,145.65712562866202,148.3302232946726,145.65712562866202,147.7023162841797,9555700.0
2022-09-15,147.51391745041352,148.96708912147065,147.1999708311646,148.07904052734375,7174500.0
2022-09-16,148.29431782772426,150.36641737380978,147.78301342682346,150.33950805664062,20201500.0
2022-09-19,149.1733853911582,149.28998786816035,147.18201382418522,149.1554412841797,7380900.0
2022-09-20,148.2046153797742,148.81457817017875,147.39730846604022,147.98036193847656,7143400.0
2022-09-21,148.02524091094082,149.62192459355404,146.4285572283276,146.4644317626953,8071200.0
2022-09-22,146.34778436034708,149.94481817228166,146.06074708458576,149.06573486328125,7401100.0
2022-09-23,148.67110103603272,150.23189659149773,147.70232430125427,149.5501708984375,9598600.0
2022-09-26,148.724884463434,149.65777275339718,147.451126563992,148.6351776123047,8735500.0
2022-09-27,149.22723405710408,150.40232008483483,147.4690807776459,147.95347595214844,8686700.0
2022-09-28,149.12851606350762,150.14214584587359,148.09695586341854,149.22718811035156,8660900.0
2022-09-29,149.33483681785611,149.95377846031005,147.01157462177378,147.58566284179688,7008100.0
2022-09-30,148.00726529827634,148.67106038523949,146.50028880334594,146.53616333007812,8985200.0
2022-10-03,147.3704115700542,147.4511532256075,145.04714879156523,146.39266967773438,8657000.0
2022-10-04,146.9757110165997,148.90428513833334,146.14148109689987,148.56341552734375,6236100.0
2022-10-05,148.02518331845485,148.94012730598683,147.29860451592145,148.1059112548828,4539400.0
2022-10-06,147.81891005507822,148.0072889907712,145.03817526220436,145.2355194091797,5890700.0
2022-10-07,145.10991726978233,145.5135707173096,142.7776760593127,143.70159912109375,6363500.0
2022-10-10,144.0873588174229,144.67041242474994,142.7866776071062,143.8900146484375,5315600.0
2022-10-11,143.8541009292327,147.2089375200573,143.8541009292327,145.97105407714844,6212200.0
2022-10-12,146.15946468368696,147.89967404954203,145.7647763301098,145.93521118164062,4341700.0
2022-10-13,144.32055640710493,148.8953324735555,144.1949750167925,148.14183044433594,6465100.0
2022-10-14,147.5049593329689,148.61724774442118,146.75147098572472,147.5229034423828,5684600.0
2022-10-17,148.36606890266168,149.98967528892666,148.01623408735455,149.4335174560547,6710800.0
2022-10-18,148.0072747871688,149.9537930615854,146.25810064078925,148.9132537841797,10883600.0
2022-10-19,148.90428813752163,149.12854158351186,147.0115885058702,147.7292022705078,10044600.0
2022-10-20,148.00723921457947,148.67103418456028,147.40624176449208,148.1059112548828,5659900.0
2022-10-21,147.74717965181668,151.92725442406052,147.4960031433852,151.33523559570312,8487600.0
2022-10-24,152.3219096913637,154.35813482981288,151.81958415827447,153.3714141845703,6855500.0
2022-10-25,152.64484679442458,153.48804201214085,151.16477940151938,153.12924194335938,5661900.0
2022-10-26,153.67640499965475,154.79767220743645,152.9587912492057,154.47474670410156,6123800.0
2022-10-27,154.60032608130763,155.56908889141985,154.0352030359558,154.56443786621094,5390900.0
2022-10-28,155.18342797907206,157.3272909741792,154.8156489399385,156.86083984375,6073900.0
2022-10-31,156.5468882731587,157.12097668992132,155.56016739090379,156.05352783203125,7810000.0
2022-11-01,156.1342341996941,156.64553868265062,152.86910421485197,155.26412963867188,6985000.0
2022-11-02,155.0847116761908,156.02657888144185,152.75247037626863,152.8780517578125,6877300.0
2022-11-03,152.32191299986684,153.81095921054143,151.54151536453435,153.13819885253906,4819900.0
2022-11-04,153.89169378069172,154.73488898892543,151.8106287679413,153.81993103027344,5300900.0
2022-11-07,153.9903499597931,155.94584706668556,153.78404062822227,155.16543579101562,6621000.0
2022-11-08,155.2999870654721,156.6993262547464,154.44781309618318,155.93685913085938,5148400.0
2022-11-09,156.3226047070343,156.97742097349573,154.59136088973582,154.69003295898438,6150000.0
2022-11-10,156.39436162523458,156.77110577904304,154.32224824827148,156.5019989013672,7877500.0
2022-11-11,154.94119972763295,155.28206937333246,149.6398582337603,151.81959533691406,11074700.0
2022-11-14,152.7165965356487,155.41660309467946,152.7165965356487,154.2056427001953,6581500.0
2022-11-15,154.45678469739593,155.18336357386528,152.95877352387495,154.6361846923828,9351000.0
2022-11-16,155.75747947757685,156.96845361200474,155.30000735588027,155.5960235595703,5500900.0
2022-11-17,155.18339090502525,156.96845333478726,155.16544679616354,156.85183715820312,4464100.0
2022-11-18,156.97741915677784,158.448521280239,156.63654952380136,158.0538330078125,6555700.0
2022-11-21,158.79412232657694,159.38997600001298,157.83715272870725,158.86634826660156,5706600.0
2022-11-22,159.2545688642788,159.967791509255,159.19137976796588,159.63375854492188,4707900.0
2022-11-23,159.290691632272,160.1573754949139,158.90247886670133,159.80528259277344,5389200.0
2022-11-25,160.13928561286895,160.80735137130435,159.66982394630426,160.0128936767578,3058600.0
2022-11-28,159.57053425293932,160.49139777031908,159.39899936702952,160.0941619873047,6183100.0
2022-11-29,159.80526334380335,160.0309642481351,157.68368310849888,158.9746856689453,6700500.0
2022-11-30,159.22749165363945,160.70808924028512,157.79203700925632,160.69906616210938,13288000.0
2022-12-01,161.60185045038355,162.46854800013622,160.49140583800153,161.36712646484375,6282600.0
2022-12-02,160.24762647700092,161.56572569129784,159.76011863240205,161.49349975585938,5823900.0
2022-12-05,161.02406811849602,161.92687181645223,160.69905823620414,161.4032440185547,5120600.0
2022-12-06,162.4324058579499,162.50463179182887,158.83021489398325,158.98370361328125,7943500.0
2022-12-07,159.40806356825834,160.59073426788137,159.10109982600773,159.94973754882812,5702600.0
2022-12-08,159.63376584155318,160.2205827693433,159.2004101226363,159.97682189941406,4798500.0
2022-12-09,159.90456624234088,160.5997288585726,158.58648072530298,158.65870666503906,4561000.0
2022-12-12,158.84829761958775,160.5816789543962,158.53232461116758,160.55459594726562,4882400.0
2022-12-13,161.6921491712465,162.68522498191808,160.97892652948826,161.7914581298828,9177500.0
2022-12-14,161.22267743156252,163.44356669564522,161.22267743156252,162.28797912597656,9533600.0
2022-12-15,161.7824033948012,162.36019715145196,159.25455054357045,160.23861694335938,7602400.0
2022-12-16,159.79626593532416,159.79626593532416,157.8642664349304,158.5955352783203,18841800.0
2022-12-19,158.30659511083795,159.04688679819293,157.15100776300008,158.4239501953125,5736000.0
2022-12-20,158.8934621729777,159.29069803252088,158.14413339714707,158.5955352783203,6174700.0
2022-12-21,159.1371983533457,160.86154280234203,158.57745074007394,160.41014099121094,5472000.0
2022-12-22,159.58862497998487,160.25669094789933,158.2976084360423,159.82334899902344,5709100.0
2022-12-23,159.4983301961838,160.265718861902,158.72191845259164,160.22959899902344,3683400.0
2022-12-27,160.79834658267586,161.01502440166016,159.78721097879472,160.18443298339844,3067300.0
2022-12-28,160.48236403118923,161.10530072339253,159.48025147757733,159.48928833007812,2645400.0
2022-12-29,160.29279577012574,160.96989852856697,159.85945386191682,160.30181884765625,2828800.0
2022-12-30,160.23863597416184,160.49141991173792,158.3517657445306,159.4802703857422,4216600.0
2023-01-03,159.0378847536225,161.04210983849646,158.90245594882907,160.87057495117188,6344900.0
2023-01-04,161.50252790640573,162.67617528670237,161.13237514153641,162.62200927734375,9788800.0
2023-01-05,161.61991307081357,162.49563371223428,161.06920229399938,161.42129516601562,6255300.0
2023-01-06,162.62202990601736,163.34426182333314,161.9539502292404,162.73036193847656,5706000.0
2023-01-09,161.87269765731386,162.28797962310009,158.1531372413392,158.51426696777344,7925300.0
2023-01-10,158.6225939551452,159.01982975374918,157.37673432170268,158.1350860595703,5047500.0
2023-01-11,158.5052303724147,158.64064539847212,155.3815239396932,157.88229370117188,6494800.0
2023-01-12,157.3225535713618,157.72882622016337,156.00446800298283,157.08782958984375,4269400.0
2023-01-13,156.35656287396628,157.0968546871608,155.62529413782275,156.57322692871094,6088000.0
2023-01-17,157.08783621501294,157.61146398881252,155.3634779251077,155.60723876953125,6053300.0
2023-01-18,154.96624714547295,155.28223394575525,153.214819566735,153.25994873046875,7047800.0
2023-01-19,152.60090528784283,154.63221357262822,152.31201527292154,153.05230712890625,6939500.0
2023-01-20,153.56692499199892,153.5759480703442,151.20156977478038,152.339111328125,8620600.0
2023-01-23,152.6641352253076,153.14262015961503,151.6259025413683,151.95091247558594,8425400.0
2023-01-24,152.59190926484888,154.3704339360268,149.87446088340073,151.95091247558594,10541800.0
2023-01-25,150.921683502035,153.03424072265625,150.84043448024732,153.03424072265625,7099800.0
2023-01-26,153.07037157621633,153.39538146239934,152.25783997291316,152.47451782226562,6946100.0
2023-01-27,152.15852905137174,152.4564559245044,151.46338012308667,151.878662109375,6058100.0
2023-01-30,151.6077837426457,152.15849442358765,145.42358809016662,146.25416564941406,23259100.0
2023-01-31,145.98334002895896,147.54518640687087,145.39652319656534,147.53616333007812,11612500.0
2023-02-01,147.14797637390743,149.8473505535376,146.61531173458883,148.890380859375,9865300.0
2023-02-02,147.15700367293095,150.0640327003043,146.9945056186301,149.4501190185547,10099000.0
2023-02-03,149.8924836352162,150.17235055276186,147.9604844431988,148.61050415039062,6868500.0
2023-02-06,148.55634847225784,148.82719233171164,147.2472858898705,147.4820098876953,7021000.0
2023-02-07,145.8930615283367,147.95145255326906,145.73054972337405,147.51809692382812,7310800.0
2023-02-08,147.4278509450632,148.56537867852276,147.06672118989948,147.7077178955078,6054700.0
2023-02-09,147.72580222925933,148.78208110817272,145.4146265172067,145.71253967285156,7949500.0
2023-02-10,146.04654665021704,146.9673964315958,145.66737077982165,146.3896026611328,7028000.0
2023-02-13,145.6493253066718,146.9945078041582,145.4868134742634,146.93130493164062,6414700.0
2023-02-14,146.92231801624095,147.12995906505049,146.03756023737532,146.29034423828125,6316000.0
2023-02-15,146.20904147897937,146.23612448514908,143.80758057687214,143.8798065185547,12621800.0
2023-02-16,143.60896297638027,144.13257689697014,142.57073065980316,142.85963439941406,11177000.0
2023-02-17,142.77782132345155,146.49684278858686,142.4140941922239,145.84214782714844,12401900.0
2023-02-21,145.16928001427198,145.80579909965206,143.56892207406366,143.6689453125,9423900.0
2023-02-22,144.12353632932215,144.44179574494058,143.0960265515282,143.46884155273438,9820200.0
2023-02-23,143.40524018699665,144.20541213565494,142.4595635093484,143.4234161376953,9385100.0
2023-02-24,142.4413590781119,142.6232295646219,141.1319831487225,141.8230438232422,8689700.0
2023-02-27,142.25950176493512,142.6686826080249,141.01376941215048,141.51388549804688,7267100.0
2023-02-28,140.92283275451862,141.18653663114833,139.15879451003266,139.3588409423828,9062300.0
2023-03-01,139.13152432431878,139.34067261716277,138.13130598261583,138.7314453125,6767000.0
2023-03-02,137.98583975338514,138.904224861603,137.51300135990328,138.62234497070312,8762500.0
2023-03-03,139.45887538745342,140.14084813225705,138.97694909110717,140.0499267578125,5747200.0
2023-03-06,140.63189449777843,141.60483519153217,140.5500610877452,141.45025634765625,8148200.0
2023-03-07,141.93216516396717,142.07765601367024,139.44070026796496,140.1135711669922,7457700.0
2023-03-08,140.01356313716687,140.2136096085259,138.64961749141318,139.08609008789062,6230500.0
2023-03-09,139.54068889633592,139.6679898895715,137.04012277046303,137.5220489501953,7439400.0
2023-03-10,138.0858447607523,139.56800332984673,137.39478402673294,137.8585205078125,8504300.0
2023-03-13,138.29496755713055,141.76848850979837,137.8221431406183,139.17698669433594,10799600.0
2023-03-14,139.37703488408656,140.0590075941306,138.12220065767903,139.958984375,8421200.0
2023-03-15,138.97692845046888,140.84098978437223,138.69504864444443,140.3499755859375,7757700.0
2023-03-16,139.53162705155532,140.3681786576182,138.75873289774427,140.05902099609375,7605500.0
2023-03-17,140.46823167118478,140.89560247764123,138.48597037721623,138.5587158203125,20540700.0
2023-03-20,138.64051682413498,140.0953975963341,138.55868342282625,139.9317169189453,7129000.0
2023-03-21,140.03174014546863,140.14995319720657,138.3677249450012,139.9317169189453,8376800.0
2023-03-22,139.895353922552,140.08629852939913,137.33112963243184,137.3493194580078,7943500.0
2023-03-23,137.46749659117265,137.93124688297135,136.49455613785165,137.4220428466797,9051500.0
2023-03-24,137.7403081160796,138.9042071867244,137.14927060551378,138.80418395996094,5696200.0
2023-03-27,140.21361025439876,140.52276793891494,139.22247974386434,139.39524841308594,6772300.0
2023-03-28,138.5677763545286,139.5316290038091,137.967636973922,138.0494842529297,6115300.0
2023-03-29,138.43140192409078,139.46800011121266,138.27682307488885,139.4043426513672,6012000.0
2023-03-30,139.64983060501817,139.84987704881158,138.9496680517412,139.513427734375,4555700.0
2023-03-31,139.8407845248258,141.11380869520286,139.34068225676253,140.9410400390625,9890000.0
2023-04-03,140.89557255092805,142.76872221977595,139.97718754210825,142.6232452392578,6841900.0
2023-04-04,142.7323664802243,144.55096067491428,142.38682914330596,144.114501953125,8314500.0
2023-04-05,149.46115075202778,150.6341517092068,147.99718195551444,150.58868408203125,16704200.0
2023-04-06,150.93421492685133,152.0617343337355,149.85214927042188,150.17039489746094,9615400.0
2023-04-10,149.69757505082447,149.88851965796923,148.7973659928271,149.4156951904297,5354000.0
2023-04-11,149.50661300087185,150.28860898593587,149.16107569649412,149.37022399902344,5903800.0
2023-04-12,149.0701612615641,149.88852306030384,148.30635506610406,149.05197143554688,5764100.0
2023-04-13,149.28838442293596,151.2433814238138,148.95194895117677,151.0433349609375,5640600.0
2023-04-14,150.91603410260538,151.05242311164636,149.17927338869967,150.79782104492188,7225100.0
2023-04-17,150.70687643839753,151.16152489816426,149.97943612781674,150.64321899414062,8046400.0
2023-04-18,149.35202620349546,149.7521190872611,145.16925462292616,146.40589904785156,14571500.0
2023-04-19,147.29704109458646,147.9244444339671,146.55141081841236,147.78805541992188,6752000.0
2023-04-20,147.6971131779436,148.9610493972788,146.3604592791764,148.74281311035156,9498800.0
2023-04-21,149.52480248167663,150.00672878679288,147.27883775793651,147.93353271484375,7014200.0
2023-04-24,147.93354499994953,148.95195329536924,147.1879147302512,148.833740234375,5278900.0
2023-04-25,149.40657845319714,150.35225504359119,149.27018946168369,150.19766235351562,6263100.0
2023-04-26,149.2065407409521,149.47933261470132,147.52434962324568,147.869873046875,5518200.0
2023-04-27,148.12445782750066,148.58820812124188,147.42430921205164,148.21539306640625,5739700.0
2023-04-28,148.0426396916712,148.90646905120542,147.8153154457532,148.85191345214844,6024900.0
2023-05-01,148.76100158691406,149.39750674121342,147.52435705508745,148.76100158691406,4893400.0
2023-05-02,149.43383177157662,150.47042956157637,148.72458138235405,150.06124877929688,7541700.0
2023-05-03,150.53410616016237,151.10695377837047,147.76983578509027,148.09718322753906,5937200.0
2023-05-04,147.92443393087785,148.12448038712196,146.6241458400625,147.42433166503906,5128000.0
2023-05-05,148.0699446093299,148.33364855276224,147.02425843650425,147.92445373535156,5194500.0
2023-05-08,147.2969991469206,147.82439297565702,146.70594787990993,147.5879669189453,4994900.0
2023-05-09,147.07879641364931,147.42433372923122,146.20586514920043,146.44229125976562,5520500.0
2023-05-10,146.57868834655378,147.27885099180995,145.54209021743478,146.9878692626953,6756600.0
2023-05-11,147.15153196346336,147.47887943131002,144.93284511192172,146.38772583007812,5867600.0
2023-05-12,146.72417129323043,146.90602792672703,145.49661473627768,146.19677734375,3904200.0
2023-05-15,146.21494449078008,146.42407889312472,144.52365169952415,145.0783233642578,5104500.0
2023-05-16,144.6327880700301,145.71485379084294,144.1508617384571,144.88739013671875,5599200.0
2023-05-17,145.29656408624766,145.54207816551124,143.45979410370606,144.5691375732422,6840700.0
2023-05-18,144.26908841589423,144.51458865530998,143.2688560060672,144.10540771484375,5173000.0
2023-05-19,144.20538675098817,145.42384122234537,143.79620593595257,144.49636840820312,6527100.0
2023-05-22,144.75288328577466,145.79730226422802,143.63517003065476,143.71762084960938,5675900.0
2023-05-23,143.92835220110186,145.0002548235858,143.25954714528487,143.66265869140625,5793000.0
2023-05-24,143.91002251153748,143.96498972510517,142.84727645104803,143.52523803710938,5015100.0
2023-05-25,142.9664264445338,143.1862953680788,140.8317771085474,141.46392822265625,6886100.0
2023-05-26,141.720425785487,142.26095543121772,141.27150351493017,141.408935546875,6845400.0
2023-05-30,141.0607886407252,142.35257422873957,140.46529178469598,141.42724609375,5593100.0
2023-05-31,141.72960037718087,142.63660157747373,140.950874681487,142.05941772460938,11324600.0
2023-06-01,141.58299255371094,142.04107136406643,140.30953402010095,141.58299255371094,7901300.0
2023-06-02,141.7478954171471,144.1207400858233,141.17071169470253,143.8092498779297,7659700.0
2023-06-05,143.60769225764915,145.33922942330005,143.60769225764915,145.0460662841797,6430500.0
2023-06-06,146.20039912955372,146.2278827331148,144.20316873424895,144.9177703857422,5073600.0
2023-06-07,144.8444941244434,145.48580152445962,144.23982687037687,145.22927856445312,6504300.0
2023-06-08,145.21099280296613,146.9700138773663,144.58801228846178,146.82342529296875,5818400.0
2023-06-09,146.96998829139193,147.25399488705904,146.0996414396673,146.5943603515625,6264400.0
2023-06-12,146.5851973899549,146.81423676087672,145.4216734714251,146.4935760498047,6510600.0
2023-06-13,146.33787059650285,147.354806238051,145.8064974344864,147.26319885253906,6066800.0
2023-06-14,148.05108895071115,148.49084072960852,147.48306167436766,148.01443481445312,6699100.0
2023-06-15,148.46334905037708,150.16740282790363,147.89532180489738,150.0024871826172,7138300.0
2023-06-16,150.68962599019173,151.15687539941888,150.13076919170342,150.46058654785156,13426600.0
2023-06-20,150.48803323550473,151.45000145317525,150.0757651363473,150.3689422607422,7995800.0
2023-06-21,149.86507299942932,151.09272091940153,149.0496932341395,150.13992309570312,7177500.0
2023-06-22,150.15821668645614,151.82563013574267,150.05743879688987,151.7340087890625,5485900.0
2023-06-23,152.18292712270386,152.32951568185555,151.19347531761164,151.60574340820312,9450700.0
2023-06-26,151.14769317711713,151.14769317711713,147.80372316953347,149.910888671875,6978800.0
2023-06-27,149.95668142698113,150.1399241454159,148.82065485764312,149.59938049316406,4927500.0
2023-06-28,149.51691171528608,149.51691171528608,148.33507460816162,149.2970428466797,6780400.0
2023-06-29,149.0038649931351,150.5430169631888,148.62823703848125,150.34146118164062,4547500.0
2023-06-30,151.03774290560787,152.02719479383126,150.5705075609422,151.6424102783203,7580000.0
2023-07-03,150.56136038922665,150.60717107234723,149.2970722077374,149.6543731689453,4033700.0
2023-07-05,149.32452256020184,150.17654236273717,149.08631265281846,149.15960693359375,7224600.0
2023-07-06,148.64659864514044,148.756533104456,147.5014014290762,148.0511016845703,6332500.0
2023-07-07,147.0157998520062,147.53800237441533,145.85227587549352,145.89808654785156,7022200.0
2023-07-10,146.06298196835874,146.8600484909482,145.66904095766768,146.1362762451172,5739200.0
2023-07-11,145.78817221159704,146.86007499113296,144.3864521168611,145.33009338378906,6606700.0
2023-07-12,145.61411386931002,145.61411386931002,144.64298889870884,144.8262176513672,6940400.0
2023-07-13,144.75290965251736,145.7881722772557,144.21237999053002,145.4949951171875,6401700.0
2023-07-14,145.8339592522713,146.7959275228485,145.65073052917458,146.4661102294922,5362200.0
2023-07-17,146.35616522389086,146.46609965391997,144.89030758604818,145.73318481445312,5486800.0
2023-07-18,145.73318480436467,147.40058423732717,144.92696170566157,145.72401428222656,6332500.0
2023-07-19,144.67046512038485,146.9608593602258,144.13909197920688,145.43087768554688,7522600.0
2023-07-20,148.36256191979984,154.9588937522787,147.77622162312295,154.2626190185547,21892900.0
2023-07-21,154.0793821529088,156.49805169518936,154.0793821529088,155.92086791992188,12080000.0
2023-07-24,157.12103636502613,159.2465288149136,156.6538009979443,156.7362518310547,15155400.0
2023-07-25,156.1590685493703,158.20209619335034,155.5177609906609,157.93641662597656,13790100.0
2023-07-26,157.57910443489033,159.27400155693147,157.02940429275392,158.23873901367188,14288200.0
2023-07-27,157.74401913448392,159.67711235559827,157.61575762130624,159.12742614746094,12446400.0
2023-07-28,159.41142927754862,160.6574042264824,158.70598398086577,159.85118103027344,14138800.0
2023-07-31,155.46279055569227,155.948352981499,152.73264473105988,153.48388671875,22632700.0
2023-08-01,152.42113730393535,154.91308712478877,152.13713068117252,154.7298583984375,15810300.0
2023-08-02,154.6932123639506,156.88282841232635,154.6932123639506,155.66433715820312,14595600.0
2023-08-03,155.70094851771648,156.95609367128557,155.44442556212266,156.33309936523438,17424800.0
2023-08-04,156.05828676323043,158.2020922544497,153.8137033739048,154.86727905273438,23415100.0
2023-08-07,155.2795541041097,158.80675241845609,155.1604491446418,158.58688354492188,17736400.0
2023-08-08,158.4861133019906,158.99915933761048,157.02025550354298,158.66017150878906,27378700.0
2023-08-09,158.49526472371252,159.6404617231613,157.62491780002256,158.5594024658203,42974400.0
2023-08-10,159.41143348335106,161.2162651991915,157.2493008378469,157.73486328125,48213800.0
2023-08-11,158.01890209073636,159.36565524890833,157.23100578037355,159.2740478515625,45905600.0
2023-08-14,158.97164021876242,160.87724933932,157.35003766309677,158.89834594726562,64036900.0
2023-08-15,158.31206135067762,159.92449395150118,157.70739388307211,158.44032287597656,88958100.0
2023-08-16,158.06467813771843,160.0802221705721,157.69822066972915,157.93641662597656,85832700.0
2023-08-17,158.36700236092724,160.684879956897,158.27538100968553,159.4205780029297,70904200.0
2023-08-18,158.6510108570705,159.40226680367266,156.94695715176786,158.0280303955078,49631700.0
2023-08-21,155.46279048466485,155.6093790605468,152.04552643872125,153.31898498535156,151319500.0
2023-08-22,152.87007877862234,153.76790943620125,151.54165287130039,152.1005096435547,56834800.0
2023-08-23,151.99057483946163,152.54027511634908,149.76431807493077,150.73544311523438,119011400.0
2023-08-24,150.27730369548726,152.69595877679285,150.1215586082935,151.24842834472656,70755100.0
2023-08-25,151.61759290041022,154.82896578971548,151.39611356699265,153.4170684814453,18185500.0
2023-08-28,152.26355354168965,153.38015912994854,150.57481062178547,151.6083526611328,18458000.0
2023-08-29,152.14358682580956,152.89106021414202,150.20569546364288,151.62681579589844,12208600.0
2023-08-30,152.36504937729197,153.02947322284106,151.0454247103712,151.09156799316406,9939100.0
2023-08-31,150.75939478494902,150.94396796351833,148.83072616512604,149.19984436035156,15333000.0
2023-09-01,148.95986542151877,149.93804096027702,147.65870101726796,148.09242248535156,8610100.0
2023-09-05,148.16627543422962,149.46744007137488,147.90788992796797,148.27700805664062,9019800.0
2023-09-06,147.50183783239794,147.64949070252914,145.20405164514958,145.81309509277344,9753800.0
2023-09-07,146.85587009356587,148.627662243622,146.70821722748977,147.6771697998047,9931800.0
2023-09-08,147.271148779857,148.27700764651877,146.9020306522053,148.16627502441406,6957000.0
2023-09-11,148.62768627413794,150.13187016846487,148.06477195204266,150.10418701171875,6309300.0
2023-09-12,149.69813423538966,151.27613034226545,149.0613935294403,150.95315551757812,6045800.0
2023-09-13,151.11925615947445,152.21740155398814,150.41792611299877,151.33151245117188,7397500.0
2023-09-14,151.96824381926422,152.51271206172365,150.82396918572084,151.10081481933594,7758400.0
2023-09-15,151.32228607224374,152.09745669334788,148.76611409477715,148.98757934570312,13392100.0
2023-09-18,149.6058593357706,150.5563519161591,148.34161493060336,149.92884826660156,5789000.0
2023-09-19,149.72584605142137,150.27953740109714,148.92300626725185,149.67970275878906,5550800.0
2023-09-20,149.67046074063634,150.91624499789265,149.1813728788984,150.3348846435547,3837400.0
2023-09-21,150.021110527304,150.87931639380625,149.11674729993024,149.1813507080078,4526700.0
2023-09-22,148.84915117611325,148.94142366266837,147.88019854108865,148.11090087890625,4976700.0
2023-09-25,147.71411285000588,147.98172139022915,146.47753750699772,147.88943481445312,6722500.0
2023-09-26,147.47417623514903,147.72333872979553,146.5975100721541,146.7451629638672,4904800.0
2023-09-27,146.33912070661768,146.50521964471406,143.2753866483768,144.9825897216797,10211600.0
2023-09-28,145.34247727522077,145.76697578542198,144.1612823959048,144.7703399658203,7861900.0
2023-09-29,145.2225163596926,145.43477266814625,143.35845143825748,143.72756958007812,7680700.0
2023-10-02,143.42303638398994,143.42303638398994,141.48514507735214,143.1738739013672,7259700.0
2023-10-03,142.740170240741,143.49688080836418,142.0111569132837,143.34922790527344,5740800.0
2023-10-04,143.56146310976445,143.89366097140424,142.638653722666,143.51531982421875,4955200.0
2023-10-05,144.2074294895545,145.8407919961642,144.02287042496604,145.01026916503906,5993300.0
2023-10-06,144.95490865359398,146.08073729786977,144.50272695844893,145.4716796875,5802200.0
2023-10-09,145.04716380590355,146.61595093248098,144.9641143455891,146.30218505859375,4414100.0
2023-10-10,146.15455326980933,146.9758530500481,145.71159463167,146.13609313964844,5273500.0
2023-10-11,146.2283929083387,146.7728471091222,143.99518162876836,144.12437438964844,6922900.0
2023-10-12,143.88443165364313,144.4750290723172,143.10005215748788,144.26278686523438,5792400.0
2023-10-13,144.63191381902962,145.2132882489435,144.00441018371953,144.74266052246094,5359800.0
2023-10-16,145.63778557392808,146.03458685518225,144.7334222279441,145.3701629638672,6408100.0
2023-10-17,143.93978070399422,146.6805252616832,142.6755365564436,144.04129028320312,12244400.0
2023-10-18,143.41384136211636,143.91215234370821,140.31320058510917,140.94070434570312,9097300.0
2023-10-19,139.96251279872126,141.2913607091103,138.55983843987116,140.56234741210938,7733800.0
2023-10-20,140.94992445885612,141.99268959187506,140.5715691941985,141.18984985351562,7207000.0
2023-10-23,141.0606631952307,141.6512607223004,139.53803312603776,139.70413208007812,5874000.0
2023-10-24,139.11351296321092,140.23011850002774,138.54137565792408,139.55645751953125,6155300.0
2023-10-25,139.5656952149681,140.42390117652567,138.63364873259917,139.87022399902344,5880800.0
2023-10-26,140.23935671094742,140.23935671094742,137.38787881936253,137.4986114501953,7612500.0
2023-10-27,137.02797205356876,137.1848479609137,133.7612189118209,134.36105346679688,11385800.0
2023-10-30,134.81323614049222,135.87447551142782,134.73018666512797,135.68067932128906,8205300.0
2023-10-31,136.15130647378314,137.07411596727238,135.32078356202499,136.88955688476562,7576900.0
2023-11-01,137.67392908875854,138.19992309581636,137.0002822063692,137.2125244140625,5733000.0
2023-11-02,136.3081617448707,138.79050682180304,136.15127177971547,138.6428680419922,5349100.0
2023-11-03,139.53801859361317,140.51619432585903,138.559828780413,139.65797424316406,4926800.0
2023-11-06,140.06401504321343,140.66383554411863,139.68565979509563,139.9901885986328,4851400.0
2023-11-07,140.20243045612656,140.4977362336696,139.0489186643887,139.25193786621094,4840400.0
2023-11-08,139.66720943174383,140.110154004595,138.73516291853014,138.74440002441406,5460000.0
2023-11-09,138.88281245714222,138.88281245714222,135.89290498028367,136.04055786132812,6973600.0
2023-11-10,136.80649163807996,137.03719398485583,134.39795857450193,135.88368225097656,6930700.0
2023-11-13,135.88370287377467,136.48352343404395,135.33001152509848,136.234375,5889300.0
2023-11-14,136.24357905393015,137.07410188033649,135.62529844654694,136.2620391845703,6713600.0
2023-11-15,135.97595521767107,137.8861631357628,135.90212878437467,137.31402587890625,6729100.0
2023-11-16,137.96002629472497,138.5783069971003,137.1664095267144,138.5137176513672,6875600.0
2023-11-17,138.9289441837892,139.1504094059764,137.56319035014212,138.22760009765625,7023300.0
2023-11-20,137.58578362720917,139.90197082982192,137.24160023008594,139.44618225097656,8851700.0
2023-11-21,139.6228929126875,140.72981793740365,139.16709023636054,140.57168579101562,5916300.0
2023-11-22,141.04612272728355,141.42749364853472,139.89267049923347,140.29266357421875,4633500.0
2023-11-24,140.32986618034144,142.02282151613446,140.32986618034144,141.8553924560547,3351400.0
2023-11-27,141.66001600952114,141.68793504099534,140.43216056684685,140.72052001953125,6449700.0
2023-11-28,140.8321712564343,141.213556383817,140.3112619086507,141.04612731933594,5909000.0
2023-11-29,140.76706043448613,141.5763292758066,140.52521372852186,141.49261474609375,5190000.0
2023-11-30,141.63213723564098,144.31111570351098,141.3158728869937,143.8646240234375,12481900.0
2023-12-01,145.52039262930538,147.39939934276723,144.6180980992315,147.32498168945312,10342900.0
2023-12-04,146.97147447840834,148.8504808478784,146.97147447840834,147.79005432128906,8920300.0
2023-12-05,147.7156583560199,148.48772551316588,147.176141034386,147.4831085205078,7268200.0
2023-12-06,147.45520774951947,147.58543509325543,145.26923355782728,145.6878204345703,6642900.0
2023-12-07,145.6506057942117,145.6506057942117,143.91113767270502,144.55296325683594,6532400.0
2023-12-08,144.57157197080724,144.97156504630047,143.10185538913524,143.64137268066406,6254700.0
2023-12-11,143.71580022735657,144.6273916202541,143.5762760017095,144.23670959472656,6090400.0
2023-12-12,144.18088143782714,144.47855200603632,142.92510679297988,144.24600219726562,5324400.0
2023-12-13,142.9344411834119,145.05529464983687,141.17636491009338,144.91575622558594,10764600.0
2023-12-14,145.5482903253058,146.1901301341092,144.2274089797274,145.9203643798828,9240700.0
2023-12-15,144.63669464590205,145.7529309700853,143.02743963320867,144.32972717285156,21727800.0
2023-12-18,144.37625281779938,145.52039408732057,143.95765173949897,144.59019470214844,7231400.0
2023-12-19,144.45993648456613,145.57617266948728,144.12506420971846,145.53897094726562,6651500.0
2023-12-20,145.61342803151655,145.72506162673048,142.42285045987597,142.57168579101562,7008300.0
2023-12-21,142.96235032512453,144.30183975337047,142.59957312111766,144.03207397460938,4598600.0
2023-12-22,144.41343182184693,145.60408571199852,144.19948997116558,144.60877990722656,3798900.0
2023-12-26,144.18087597020207,145.4366505674279,144.04135176771626,145.24130249023438,4170000.0
2023-12-27,144.64600088966495,145.5948082137926,144.5715832374083,145.43667602539062,5288100.0
2023-12-28,145.11108696505923,146.2645391763136,145.1017900820423,145.65060424804688,4377500.0
2023-12-29,145.58551289809517,145.94829012105032,145.09250831802072,145.79946899414062,4313700.0
2024-01-02,145.97617172886905,150.35741674892128,145.84594439248295,148.80398559570312,9622100.0
2024-01-03,149.4272244029367,150.17138672858567,148.6458603481774,149.73419189453125,8232000.0
2024-01-04,150.3109217322553,150.67369894038455,149.2225901078676,149.41793823242188,6766600.0
2024-01-05,149.2969807901956,150.07834475980238,148.33887669071515,149.8830108642578,5602500.0
2024-01-08,149.85511753717293,150.37602689027173,148.46911542761583,150.25509643554688,6569800.0
2024-01-09,150.34812927246094,151.88295256116447,149.39002505330632,150.34812927246094,6357000.0
2024-01-10,150.5248514894969,151.2689995446182,149.94811829494927,150.57135009765625,4945100.0
2024-01-11,150.75739182761063,150.8783080724234,149.55742690579322,149.90159606933594,4946000.0
2024-01-12,150.5434564983361,151.1294866195393,150.40393227600933,151.05506896972656,4496900.0
2024-01-16,150.2922942919069,150.92482294643483,148.99930375441303,149.31558227539062,6923200.0
2024-01-17,149.064428249543,150.0411402905449,148.71094799626076,149.2318572998047,5072100.0
2024-01-18,148.83191092449175,150.10627961979324,148.5435513680703,149.95745849609375,5368500.0
2024-01-19,149.90161828696782,150.6178757545537,149.09234940141056,150.39462280273438,7071300.0
2024-01-22,150.69229126395592,152.16200790668972,150.07835630046293,151.12948608398438,6824200.0
2024-01-23,148.51562714638357,149.30628805379786,145.95757901106663,148.6551513671875,9149800.0
2024-01-24,148.59933789471532,149.39001297570994,147.12032441699657,147.86448669433594,7247900.0
2024-01-25,147.90168284669565,148.47840184788285,147.4086783727038,148.42259216308594,5478900.0
2024-01-26,149.23188466937822,149.52025840946305,148.23657868050336,148.36680603027344,5591900.0
2024-01-29,147.91098158315486,148.89700473720933,147.8644829743843,148.23655700683594,6483200.0
2024-01-30,148.22724611349625,148.60861699291223,147.0924019699544,147.68772888183594,7200500.0
2024-01-31,149.20398446239662,149.40862947464444,147.59474340582693,147.80868530273438,8256800.0
2024-02-01,147.12032894017108,147.4272964212755,146.0878071196254,147.30636596679688,8012000.0
2024-02-02,146.94356879450305,147.25983311608718,145.05526555355027,145.67849731445312,8295900.0
2024-02-05,145.67853864063028,145.9389933550812,144.49718134698094,144.92507934570312,9121600.0
2024-02-06,144.95295752458105,147.65052979666757,144.73901566144133,147.0272979736328,9229900.0
2024-02-07,146.78546704042355,148.24587270656457,146.68314453945447,146.95289611816406,8690300.0
2024-02-08,146.35757454748378,146.35757454748378,144.46927084475453,145.48318481445312,9755000.0
2024-02-09,145.36225036183663,146.22732890842636,144.80412509752935,145.8180389404297,6529200.0
2024-02-12,145.65061308911504,147.35287956970245,145.43667121702282,146.83197021484375,6701500.0
2024-02-13,146.6366102355169,147.39006936233184,144.87853420837732,145.54827880859375,8621000.0
2024-02-14,145.43666959037284,145.5389920834839,144.03205953096523,144.86924743652344,9098800.0
2024-02-15,145.09249046000224,147.41798883213715,145.00877592509713,146.89707946777344,7462500.0
2024-02-16,146.77525952283972,147.39384167739834,145.90359827996195,146.7283935546875,8541000.0
2024-02-20,146.73773332332692,148.65912324292157,146.625266462184,147.9561767578125,9501700.0
2024-02-21,148.10616457250282,148.73412847827512,147.2720018557026,148.72474670410156,7472500.0
2024-02-22,149.0059059924075,150.6554962347666,147.87182700226853,150.38368225097656,8065000.0
2024-02-23,150.7867293240931,152.07077380843506,150.1118994764793,151.68649291992188,6726000.0
2024-02-26,151.64900590493738,151.8458229309602,150.49617756235105,150.70236206054688,5465400.0
2024-02-27,150.28061541970808,150.93669608938748,149.6245347500287,150.88046264648438,5078600.0
2024-02-28,150.89919111890325,151.47092154551248,150.23372876603648,151.41468811035156,6071100.0
2024-02-29,151.83643841833552,152.01452048002633,150.84294302309473,151.25534057617188,9849100.0
2024-03-01,151.67709865052777,152.37067762178523,150.9835196792703,151.9488983154297,5670100.0
2024-03-04,151.19910870395717,151.47090838411273,148.34045681930098,149.81195068359375,8532900.0
2024-03-05,150.54302196906784,151.12413414992423,149.2121116089498,149.93380737304688,8298200.0
2024-03-06,149.4558191885232,150.83358130368302,149.23087113835194,149.3433380126953,5773700.0
2024-03-07,149.96191209431234,150.29932696858384,148.31233620980856,148.90280151367188,5188700.0
2024-03-08,148.90279510323666,150.32743721121523,148.4903975744943,149.51202392578125,5284000.0
2024-03-11,149.48394957826284,151.1991410762858,148.91221907892188,151.11477661132812,4620800.0
2024-03-12,151.4428018998386,152.8768116746517,151.02103684280246,152.530029296875,8018700.0
2024-03-13,152.33321316466566,152.4737967638668,149.78385902159346,150.99293518066406,6260000.0
2024-03-14,150.8429713411989,151.40532004520753,148.73413152282458,149.2215118408203,6988300.0
2024-03-15,148.14363664662227,149.20274733467747,147.24387309163274,148.256103515625,13165500.0
2024-03-18,148.6216269576442,148.73409380963164,146.6814879519708,146.9251708984375,6602300.0
2024-03-19,146.84083098328549,147.0189130456524,145.8942015430246,146.40969848632812,7840600.0
2024-03-20,145.931696863652,146.62527592224217,145.47244761669967,145.98793029785156,5982300.0
2024-03-21,145.828596043976,147.1032729788338,145.3693468015055,145.9785614013672,5915800.0
2024-03-22,145.92231194090823,146.55027571684477,145.3786983061836,145.4911651611328,7248600.0
2024-03-25,145.65051182190209,146.19412550831592,145.1818808130781,145.4818115234375,7498100.0
2024-03-26,145.84734909182365,146.4284469900114,145.05067062370867,145.997314453125,6864100.0
2024-03-27,146.20350421881622,148.2935944699733,145.68800725961162,148.04991149902344,8461600.0
2024-03-28,148.27487040272433,149.15589911869424,148.19052024093628,148.2655029296875,6181500.0
2024-04-01,147.8249616374133,148.2279774268488,146.9345656106402,147.88119506835938,4364700.0
2024-04-02,146.74713739290414,147.92808251878685,146.16602515191119,147.8343505859375,6102300.0
2024-04-03,147.89058058021774,148.13427787935558,144.57267903631634,144.58204650878906,8098200.0
2024-04-04,145.56615316830576,145.7442352294922,142.848099196516,142.9324493408203,6947400.0
2024-04-05,142.49196127994895,143.41047416809104,142.09831289931662,142.82937622070312,6783000.0
2024-04-08,142.4544574506997,143.43857111588372,142.05142735131946,142.0795440673828,5935400.0
2024-04-09,142.04206148134256,142.96057425322957,141.47033107913583,142.73562622070312,6135300.0
2024-04-10,142.0233088255903,142.29512281271698,140.36435109157443,140.77674865722656,6809500.0
2024-04-11,141.3391213454812,141.40472225283392,139.08031635112707,139.45521545410156,8374400.0
2024-04-12,138.77102307401648,139.71766694002804,137.91811113781276,138.26490783691406,7100200.0
2024-04-15,139.06158398043533,140.11132733881993,138.12432180777972,138.3305206298828,8502300.0
2024-04-16,135.91236139515735,137.07457145724345,134.394001487798,135.3874969482422,12774900.0
2024-04-17,135.90300524460912,136.2872861400709,134.5345962784584,135.68743896484375,9378100.0
2024-04-18,135.88422940374656,136.65279104425244,134.1503034294895,136.5965576171875,9887700.0
2024-04-19,136.9808719357147,138.83666148533058,135.47187914315123,138.63046264648438,9750800.0
2024-04-22,139.1927806907934,140.8423710374486,138.05870162895172,139.76451110839844,10118700.0
2024-04-23,140.45807658727483,141.04855619304044,138.9022183158342,140.17689514160156,10110400.0
2024-04-24,138.84600096152445,139.64267943291833,137.64630666914402,139.21153259277344,9756300.0
2024-04-25,139.99881702665232,140.19564833461345,137.14954690721729,137.6088104248047,7642700.0
2024-04-26,137.49634580564492,137.9462276046352,136.79339923782314,136.9714813232422,6183000.0
2024-04-29,136.97148003134143,137.98372479563554,136.83089643969683,137.60882568359375,6149600.0
2024-04-30,137.6650297341116,137.6650297341116,135.46245859194738,135.51869201660156,8817700.0
2024-05-01,139.40834437288882,142.32322954214956,138.35860128811714,141.69525146484375,14470900.0
2024-05-02,142.50133449202787,142.77314853103326,139.78327991088858,140.51434326171875,8459800.0
2024-05-03,140.48618814400163,140.48618814400163,138.5460634129008,139.90509033203125,6532700.0
2024-05-06,140.46745404440725,140.63616864439848,138.6304284981774,139.25839233398438,5042800.0
2024-05-07,140.00821432613523,140.3362474738052,139.13655315347378,139.38961791992188,7333500.0
2024-05-08,139.7645269407872,140.3362574231573,139.3708785547843,139.60519409179688,7735100.0
2024-05-09,139.63328755198117,140.68303070794119,139.5489374050642,140.44871520996094,6546200.0
2024-05-10,140.58930925964492,140.67365941284453,139.8301292778803,140.5049591064453,5710600.0
2024-05-13,140.62681127612325,142.46385144264272,140.31752734185142,141.7327880859375,5628500.0
2024-05-14,142.32321990910873,142.66063475254015,141.24536018355894,141.88270568847656,8254200.0
2024-05-15,142.29513270549742,143.35422910748133,141.8077524302532,143.091796875,5548000.0
2024-05-16,143.40107491978455,144.69450095631962,142.7731111444836,144.60076904296875,7591000.0
2024-05-17,145.14440069808447,145.14440069808447,144.06655506813604,144.93820190429688,6521800.0
2024-05-20,144.65474546816156,144.9287422240118,142.9162320875925,142.92568969726562,7742300.0
2024-05-21,143.40756048032412,144.17287722038984,142.47216534408338,142.89735412597656,5492400.0
2024-05-22,142.51939590227053,145.58067697371396,142.02809040039074,145.0326690673828,6609800.0
2024-05-23,144.32403540141064,144.40906737951684,141.13993527312553,141.44227600097656,8000400.0
2024-05-24,141.28166823517878,141.5462218027961,138.6644621372273,138.86288452148438,9520600.0
2024-05-28,138.69282104933504,138.69282104933504,136.19844827417495,136.415771484375,10499800.0
2024-05-29,135.88666270373184,137.39839546116585,135.78272990526975,136.4724578857422,8263800.0
2024-05-30,136.6425013254654,137.5778963709587,136.07560703308636,137.26609802246094,8490300.0
2024-05-31,137.54012373467683,139.34475400263702,137.18108055289417,138.57943725585938,14621200.0
2024-06-03,139.1274323922783,140.68640973883723,138.67391406880276,139.5904083251953,7329200.0
2024-06-04,139.3447547953747,140.12897235015208,138.12591967636683,139.64710998535156,8876400.0
2024-06-05,139.8077370739801,139.82663787847764,137.80468430992832,137.91806030273438,5891300.0
2024-06-06,137.4739513125612,138.89120854258763,136.6802907238471,138.34320068359375,5016300.0
2024-06-07,138.58886818192175,140.11951595708103,138.26762663565026,138.96681213378906,5111600.0
2024-06-10,138.4471598366527,139.42034216666593,137.5684671068129,139.01406860351562,5749900.0
2024-06-11,138.71170402540372,139.04240318653248,137.4172802097796,138.66445922851562,5661200.0
2024-06-12,138.9479085960436,139.08964298161092,136.79367857262332,137.38893127441406,6180500.0
2024-06-13,137.06769854599622,137.94639124123458,135.9433386668164,137.42672729492188,6840400.0
2024-06-14,137.13381974346592,137.91803720223157,136.5102230533023,137.51174926757812,4075300.0
2024-06-17,137.02046191546927,138.35267303549813,136.75590833013808,137.89915466308594,6666600.0
2024-06-18,137.90858882971713,138.31486233202213,137.2471905617347,137.6156768798828,6156600.0
2024-06-20,137.25668037657567,139.91167401198217,137.01101316210898,139.6282196044922,8749700.0
2024-06-21,139.7321163317987,140.85647606040752,139.24079644680023,140.544677734375,15172300.0
2024-06-24,140.78089587677053,141.46118055383735,139.99667841801053,140.89427185058594,6914700.0
2024-06-25,140.95095857476184,140.96985937592416,138.83453019136965,139.07073974609375,5912500.0
2024-06-26,138.1353665555218,139.07076173024683,137.73853617090526,138.72117614746094,5267800.0
2024-06-27,138.7022847212,139.23139193646253,136.85039505069076,137.7574462890625,5739200.0
2024-06-28,137.98415905523692,138.95735562736982,137.61567274815212,138.09754943847656,10495700.0
2024-07-01,138.01255124821412,140.4974664229094,137.5873624368836,138.3621368408203,5144400.0
2024-07-02,138.35266098656112,139.0329456944789,137.70073469047043,137.9747314453125,5492000.0
2024-07-03,138.13535048076363,138.56052481358333,136.75589469720754,137.6534881591797,3246200.0
2024-07-05,137.7290904469724,138.4660632073046,136.52914170454886,138.39991760253906,4888500.0
2024-07-08,138.32431231536555,139.09908659094592,137.23775410819414,137.45506286621094,5260200.0
2024-07-09,137.634595079415,139.01406535745593,137.1716191167181,138.9384765625,5890400.0
2024-07-10,139.13688219440405,141.2249811708162,138.58887425300588,141.1871795654297,6093200.0
2024-07-11,141.32891527672635,142.27375358095603,140.4407649640163,141.44229125976562,6350400.0
2024-07-12,141.7257569735555,142.557219361269,141.00768499504173,141.6123809814453,5336400.0
2024-07-15,141.8013512392268,141.96197203993665,140.65809041205773,141.0076904296875,6711400.0
2024-07-16,141.43285928849704,142.7461840588951,140.93209610089062,142.68003845214844,6469600.0
2024-07-17,143.19024414827746,148.8025858355016,143.0674105584686,147.94277954101562,13801400.0
2024-07-18,147.01683435973635,148.40574771124963,146.09088251400266,146.8467559814453,10166200.0
2024-07-19,147.8766417193638,147.8766417193638,145.61847868916126,146.15704345703125,7398000.0
2024-07-22,146.2326357316353,146.55387731111685,145.11771897972588,145.73187255859375,6840600.0
2024-07-23,144.8531579130485,145.03267949733635,143.20914849291427,143.9461212158203,6261900.0
2024-07-24,144.33348241955167,147.78215059962474,143.92720890199382,147.65931701660156,7168200.0
2024-07-25,147.84830686859425,151.7221500249499,147.39478847928925,150.83399963378906,10019600.0
2024-07-26,150.93790316843095,152.66695881271127,150.67334962453867,151.77880859375,8356900.0
2024-07-29,151.1458090579513,151.17415305828249,149.33172095130283,149.81358337402344,5625000.0
2024-07-30,149.79467883105306,152.6386517414491,149.62461483330878,152.4307861328125,6545700.0
2024-07-31,151.03242275602994,151.50484195211752,149.03881317185684,149.1427459716797,8293200.0
2024-08-01,149.73798157329176,151.93945671621148,149.0104664051373,151.8922119140625,7213400.0
2024-08-02,152.96931146138263,155.75659591551775,152.11896277790655,155.08575439453125,11280400.0
2024-08-05,154.75507731722712,156.63531094919458,151.72215408515618,152.35519409179688,12032200.0
2024-08-06,152.16620835174064,152.57248189320478,150.17259899804276,150.20094299316406,7607100.0
2024-08-07,150.10646740360127,151.7599345530308,149.46398423145442,150.1348114013672,5993000.0
2024-08-08,149.82304135257223,151.83553746646925,149.31282051117975,151.38201904296875,5094800.0
2024-08-09,151.28749907820514,152.05281576966155,150.55052638146287,151.75991821289062,4579200.0
2024-08-12,152.09063084276278,152.7803588036995,149.9553013550368,151.06076049804688,7605400.0
2024-08-13,151.4292394730899,151.52371465352024,147.8105070278646,149.65293884277344,9711400.0
2024-08-14,149.12383692010434,150.7489600181391,148.7175489370512,149.73797607421875,5141200.0
2024-08-15,149.63401590346092,150.70168764570374,149.13325282828725,150.31430053710938,7237800.0
2024-08-16,150.36156874176774,151.1174422765287,149.45451761663693,150.5977783203125,5012800.0
2024-08-19,150.66390316455121,151.4481061702371,150.35210483378003,150.82452392578125,4408400.0
2024-08-20,151.1741397829281,152.05283255021345,150.86234138957508,151.3253173828125,7275100.0
2024-08-21,151.552040591605,152.57246757145037,151.4670086142229,152.5252227783203,5019400.0
2024-08-22,153.06381679303217,153.52679278706455,151.9205560154414,153.39451599121094,6552100.0
2024-08-23,153.5362182171324,155.16134118793613,152.78034472095356,155.07630920410156,7093400.0
2024-08-26,155.11409977978255,156.5691588147038,154.51884704576128,155.5298309326172,6870600.0
2024-08-27,155.6536132148326,156.1676921512138,154.37792347974198,155.1300048828125,4388700.0
2024-08-28,155.17758905358738,157.0816085511774,154.90151261810382,156.05343627929688,5187000.0
2024-08-29,156.7293691328652,156.8150465236416,155.52031268801767,156.3485565185547,7390100.0
2024-08-30,156.24384257926062,158.01458137530793,155.94872186767216,157.9003448486328,7971000.0
2024-09-03,157.3100826353102,159.75673992618982,156.86263692961177,159.137939453125,6956500.0
2024-09-04,159.7567553681756,160.7468536525992,158.0716940269558,159.32835388183594,6939100.0
2024-09-05,159.17604670633676,159.33788664039133,156.9197879721694,157.07211303710938,4600400.0
2024-09-06,157.25295968554767,157.9764963748187,156.24383169947552,156.49136352539062,6016900.0
2024-09-09,156.92927289755343,159.3759447593043,156.57703396279356,158.6143341064453,7538200.0
2024-09-10,159.46161810254986,160.37555376811744,158.74761085731456,159.34738159179688,6559600.0
2024-09-11,158.78570901332097,158.78570901332097,156.21528544465426,156.91026306152344,5920200.0
2024-09-12,156.3200049687657,157.1768224976273,154.90151967540524,156.7388916015625,4540900.0
2024-09-13,156.83409370267964,157.79561833447815,155.9582464632509,157.57666015625,3693400.0
2024-09-16,158.3763339779608,159.22362202832144,157.8241666098078,158.97610473632812,5187800.0
2024-09-17,158.26209158915472,159.67106182281475,157.9669563913851,159.05226135253906,5066500.0
2024-09-18,158.63339728124967,160.2708552958487,157.78610914213294,158.17642211914062,4722800.0
2024-09-19,158.25258584666614,158.38586663832984,156.52945042354372,156.91026306152344,4956100.0
2024-09-20,156.4152021683899,156.95784016286686,155.70119486804106,156.28192138671875,11839000.0
2024-09-23,156.51041913385743,156.60562593287366,154.91104950131415,155.38705444335938,4671600.0
2024-09-24,154.9776545160053,155.6440729351497,153.79717177092394,154.9681396484375,6041600.0
2024-09-25,155.17759415081042,155.4822442531595,152.66428891249598,152.8927764892578,5420000.0
2024-09-26,152.550061441908,153.78766260823832,152.3406181157407,153.64486694335938,6122000.0
2024-09-27,154.2255695338506,155.58693641565057,153.59723965308982,153.65435791015625,7553800.0
2024-09-30,153.81622409891565,154.39693610782652,152.968921465942,154.28269958496094,6010000.0
2024-10-01,154.63493654036563,154.93958663273983,153.44492435424627,154.216064453125,4408000.0
2024-10-02,153.7590893742848,154.33981590239725,152.94036040885604,153.43540954589844,4684400.0
2024-10-03,153.0641079223439,153.69243776768076,152.5309848510936,152.79754638671875,4791200.0
2024-10-04,151.969340773568,152.7975847151269,151.16012657038854,152.59765625,5331100.0
2024-10-07,152.55954784801622,153.14027432104118,151.57897906141065,151.8740997314453,4266000.0
2024-10-08,151.83605967119266,152.5595819441583,151.3219662056104,152.02645874023438,4766300.0
2024-10-09,152.24540556534606,153.48302121140156,151.85507806074483,152.94036865234375,6047200.0
2024-10-10,153.6162819063308,153.64484103449072,152.3215481658604,152.80706787109375,4793900.0
2024-10-11,154.39695106409133,154.8539262528527,153.46398547510927,153.71151733398438,5253500.0
2024-10-14,153.65437401878577,154.35886649166352,153.17836912464267,153.84478759765625,5964000.0
2024-10-15,152.32156190483983,158.74762779770026,151.3695521429346,156.2248077392578,10548000.0
2024-10-16,156.12960236680277,157.07209726917264,154.8348684978223,156.3961639404297,5982100.0
2024-10-17,156.37712843009723,157.08162092926554,155.7773721191262,156.57705688476562,4798000.0
2024-10-18,156.97690361828535,157.35770174775803,156.0629677704264,157.19586181640625,5908000.0
2024-10-21,157.17681323865557,157.31960888846243,154.5206979401226,155.0157470703125,6082700.0
2024-10-22,154.53022643136677,155.87254911125356,154.13036956121294,155.60598754882812,5680300.0
2024-10-23,155.00624146956926,158.03362563859264,154.62542883645787,157.9003448486328,7441600.0
2024-10-24,157.08160436281852,157.56712409221257,155.5012647355925,155.8154296875,5386300.0
2024-10-25,155.82494793759003,156.0534355057139,152.90228557706573,153.15933227539062,6400400.0
2024-10-28,153.3973418350404,154.19702657083684,153.27357591407792,153.84478759765625,4842500.0
2024-10-29,153.71148970536208,154.38740844498867,152.37866743415043,152.4072265625,5216900.0
2024-10-30,151.79797824318976,153.54015813313737,151.39813582154056,152.90231323242188,5820500.0
2024-10-31,152.31204411339957,153.14980280976587,151.8074801113953,152.1882781982422,8613900.0
2024-11-01,152.87374454783378,153.33070521167198,152.2073405533786,152.44534301757812,5256400.0
2024-11-04,152.03596809759836,152.58813554636393,150.48420194097307,150.6460418701172,4644000.0
2024-11-05,150.10337350564672,150.9792207205984,148.84672820646063,150.75074768066406,6547100.0
2024-11-06,152.2263326677526,153.1307534293918,149.79871975413067,150.30328369140625,8926600.0
2024-11-07,150.8649829938127,151.1315445559476,148.9990375323527,149.20848083496094,7522800.0
2024-11-08,149.4655460726702,149.54170860366003,147.95185390135575,148.00897216796875,8926100.0
2024-11-11,148.15176154756742,150.01770716134166,147.4758427193067,147.59959411621094,7146800.0
2024-11-12,147.1140714790717,147.5995912417409,145.05772684920825,145.3147735595703,7181400.0
2024-11-13,145.18150903483783,146.1430337995548,144.15333660472038,145.88600158691406,7161900.0
2024-11-14,145.82885660864952,146.21918411948394,143.52499459764084,144.58172607421875,7716400.0
2024-11-15,143.65827607550634,147.0188695791105,143.65827607550634,146.60951232910156,11328500.0
2024-11-18,145.26717091073542,147.87568297459592,145.0196535939596,147.34255981445312,7510600.0
2024-11-19,146.5618922831719,146.59998080650726,144.75307964065624,145.65748596191406,8233700.0
2024-11-20,145.6860445113977,145.89548780936272,144.52459150505186,145.76220703125,9061300.0
2024-11-21,146.24773832050025,148.5706445169231,145.47661271996174,148.0375213623047,10141100.0
2024-11-22,148.4183059066828,149.57975889879177,146.71421494123626,147.7233428955078,8266000.0
2024-11-25,147.72335062200878,149.50360419948817,147.6947914917349,148.3040771484375,12256200.0
2024-11-26,148.8990560099227,148.9854208555014,146.9797591228953,148.28488159179688,5683500.0
2024-11-27,148.39044524651356,150.30974215604897,148.36165696431638,149.12936401367188,4140400.0
2024-11-29,148.63994331083506,149.38846790760743,147.9489952764186,148.75509643554688,5687800.0
2024-12-02,148.50560351417397,148.7455156361678,147.7186847253588,148.5535888671875,6946500.0
2024-12-03,148.55359616010614,148.55359616010614,146.1640660362323,146.21205139160156,8674400.0
2024-12-04,145.1852196096116,145.4443288126812,143.7073673168849,144.3983154296875,10333100.0
2024-12-05,143.9472757418836,144.31194685954674,142.93964188307558,143.4866485595703,7898100.0
2024-12-06,143.36189937523835,143.9952709461681,142.392659590446,143.28512573242188,8389600.0
2024-12-09,143.26591220444993,144.80135559825806,142.45021979898652,143.56341552734375,8410300.0
2024-12-10,143.8800945363958,144.74378698400625,142.34466570132315,143.20834350585938,9398700.0
2024-12-11,142.50781685165936,142.50781685165936,140.46376065143724,140.72286987304688,13446700.0
2024-12-12,141.2602588935812,141.80726557741076,140.11827481449086,140.33900451660156,6176300.0
2024-12-13,139.7823895344471,141.0011324600985,139.18739756883383,140.70364379882812,8324900.0
2024-12-16,140.80923392261204,141.30825529093318,137.7287701398216,138.0454559326172,8732400.0
2024-12-17,138.0358476209154,140.74206363319422,137.91110326335962,140.5021514892578,10343000.0
2024-12-18,139.80158471760046,140.81882441516754,138.83234501612696,138.90911865234375,9336100.0
2024-12-19,138.32373198524482,139.3601541057871,137.58479855203828,137.7863311767578,9516700.0
2024-12-20,137.27772745735842,139.60007518190608,136.9898299648943,138.6404266357422,17702800.0
2024-12-23,138.79398282539262,139.465733922206,137.66158985384234,139.4081573486328,8720800.0
2024-12-24,139.1490602113779,139.9647674560547,138.50609734550144,139.9647674560547,3164100.0
2024-12-26,139.6384450191473,140.46374329746843,139.2353944148147,139.70562744140625,4656300.0
2024-12-27,139.0242923753235,140.68449504863244,138.84195679268808,139.19703674316406,5588300.0
2024-12-30,138.99548779121798,139.03388193204813,137.1817526784633,137.55601501464844,6268700.0
2024-12-31,137.95906448886848,138.83234814707063,137.52722558809984,138.78436279296875,5811400.0
2025-01-02,139.36975418661507,139.8879726013951,137.97826672401828,138.20858764648438,6051300.0
2025-01-03,138.25656622629964,138.73639047561466,137.82471268745692,138.37171936035156,5878800.0
2025-01-06,137.71915733581497,138.9763092291661,137.1625594228921,137.8631134033203,7910500.0
2025-01-07,137.9590585903311,141.24105459615257,137.79592010781911,140.3293914794922,8422000.0
2025-01-08,139.61927487028785,139.71523094085825,135.7326952568487,136.52920532226562,11175600.0
2025-01-10,135.31044214184166,137.87270194863527,135.00334758490075,136.32766723632812,8821500.0
2025-01-13,137.2105450304511,139.2162216206704,136.56758226169026,138.6404266357422,10376400.0
2025-01-14,138.6691912978836,138.96667995362418,137.09536853600423,138.9091033935547,8681700.0
2025-01-15,139.4465315164206,140.15667673050484,138.43889758820282,139.12025451660156,7434600.0
2025-01-16,138.4964817621477,142.09516372064633,138.24696377479086,141.80726623535156,8964000.0
2025-01-17,141.49058160401492,142.39265356509358,140.69407156695766,141.0971221923828,10773100.0
2025-01-21,141.60574686831652,142.8532929927474,141.11633134761914,142.17193603515625,11111700.0
2025-01-22,138.1893692659406,139.60005358197623,136.37563438004804,139.4081268310547,16834700.0
2025-01-23,139.57127934974673,141.94161230204338,138.96669611257198,140.7228546142578,10506400.0
2025-01-24,140.88599350869654,141.67291230495127,140.4733516836415,140.89559936523438,9887300.0
2025-01-27,142.4598157014795,147.25805816123344,142.02797680871643,146.7206573486328,15152300.0
2025-01-28,146.4999326712666,146.79742134133608,144.23516179332339,144.3119354248047,10320600.0
2025-01-29,144.4271071010561,145.7514267888298,143.94728282497286,145.05087280273438,7156400.0
2025-01-30,145.78020743033787,147.92021948940214,145.25239782570569,146.7014617919922,8911000.0
2025-01-31,146.46153396583924,146.99893472637385,145.92413320530463,146.010498046875,8457800.0
2025-02-03,145.86656501508298,146.31760095993073,144.69579272970026,145.74180603027344,6687500.0
2025-02-04,145.25240689040908,147.95860822011167,144.85894746575843,147.2964630126953,9645000.0
2025-02-05,147.61313905660595,148.4864080614376,147.12370895084118,148.44802856445312,8947000.0
2025-02-06,148.5440076663823,148.59199302736056,147.19091420248404,147.31565856933594,7418100.0
2025-02-07,147.33481983773098,148.25608875817147,146.63428059553448,146.9413604736328,6204900.0
2025-02-10,147.41159113932193,148.14091865097276,146.14484822411143,148.01617431640625,6936200.0
2025-02-11,147.89144652135172,150.07944416071115,147.72830801631162,149.82994079589844,7554500.0
2025-02-12,149.00463149164224,149.3788938329671,148.04498296075036,148.99502563476562,7746000.0
2025-02-13,148.99503343196258,151.7492348170456,148.54399742739386,150.9047393798828,10704700.0
2025-02-14,150.94311989787084,151.11586425803483,149.76275623520567,149.84912109375,6411800.0
2025-02-18,149.1042619190336,150.37146199599803,148.23367072791967,149.92649841308594,9670700.0
2025-02-19,149.93616706059515,153.12835937587795,149.69433453307806,152.73175048828125,7974700.0
2025-02-20,151.82247990187116,154.72447065409662,151.82247990187116,154.46328735351562,7224000.0
2025-02-21,154.65675858755915,158.16815721035397,154.0763545578589,156.99769592285156,12546900.0
2025-02-24,157.36525792585152,159.48371326496002,156.7558499830282,158.39064025878906,10201900.0
2025-02-25,158.73888654710618,160.99275285054702,158.58411017768495,160.6638641357422,12303700.0
2025-02-26,159.68685749979707,159.73522695770862,157.24918147186014,157.752197265625,11396400.0
2025-02-27,157.00734397615628,158.5937647275845,156.4462907547592,158.38095092773438,8364600.0
2025-02-28,158.942003842658,160.51875660388393,157.38460181600456,159.62881469726562,12037200.0
2025-03-03,159.57078889788036,161.86335664243504,159.4546992422602,161.8149871826172,9191500.0
2025-03-04,162.58884873827094,164.43645281445598,159.91902291424782,160.0157470703125,11999700.0
2025-03-05,159.13548341667513,161.02178908560785,158.1875039682792,159.72555541992188,8744800.0
2025-03-06,159.609482937494,160.45105548787242,158.16815562635495,160.41236877441406,8037900.0
2025-03-07,159.73523004513686,162.9564411685286,159.31927041140122,161.2442626953125,9637600.0
2025-03-10,162.00845388047253,164.34939113713583,161.59250898937893,162.2212677001953,17559000.0
2025-03-11,161.73759456237744,161.8343334793595,159.65784068984107,160.44137573242188,9890300.0
2025-03-12,158.38094929263139,158.8452783567575,156.92995417787986,157.5297088623047,8010700.0
2025-03-13,158.09075873979484,159.16449579270065,157.34592515447991,157.66514587402344,5286700.0
2025-03-14,156.82355243685853,157.81990126760087,155.83688635378243,157.4910125732422,6235800.0
2025-03-17,157.10408991917342,158.15847621815908,156.44629775557772,157.52003479003906,6669800.0
2025-03-18,158.10042194908135,159.4740288159661,157.64577565564176,158.8839569091797,7348800.0
2025-03-19,158.61312528460667,158.9903834512878,156.91062954066115,157.66514587402344,5936400.0
2025-03-20,157.67481735458355,157.86828043609006,156.63976699007893,157.6941680908203,7485900.0
2025-03-21,157.67481799117763,158.76790580851875,157.17180216900024,158.28424072265625,17047100.0
2025-03-24,157.52004189842918,159.0194066192989,157.19115318193283,157.95533752441406,8046400.0
2025-03-25,158.17783162138625,158.8259410562263,155.31452785823248,155.75950622558594,7456200.0
2025-03-26,155.94331240569394,157.1814939155619,155.39192709130742,156.4366455078125,7223500.0
2025-03-27,157.04606649795912,158.7098756505802,156.04971755613565,157.8005828857422,6752500.0
2025-03-28,158.24552839235523,159.145153065683,157.58775100565197,158.3616180419922,5760300.0
2025-03-31,159.00003597141426,161.18621133616944,158.86461035450523,160.42201232910156,12481400.0
2025-04-01,155.47897263911065,156.52369098418785,148.1272722719447,148.24334716796875,23303100.0
2025-04-02,148.97850699856625,150.70035343748125,148.436804491081,150.28440856933594,10356900.0
2025-04-03,153.56365877809012,155.40158012864245,152.3351453749852,154.5987091064453,13249300.0
2025-04-04,153.96026564233253,154.59870706483335,147.93378835947183,148.23367309570312,16601700.0
2025-04-07,146.33769065119634,147.72098031570252,142.58444528599443,145.69924926757812,18083000.0
2025-04-08,148.57224503032552,148.57224503032552,143.16487263997396,145.0995330810547,12018400.0
2025-04-09,137.55432304650589,148.1852850600972,136.87719499856985,146.03781127929688,18773700.0
2025-04-10,145.45742872051707,146.26031450956327,140.38862822332476,143.8323211669922,13830500.0
2025-04-11,144.45140861090906,147.3727497065952,143.34865286436727,146.7729949951172,9943900.0
2025-04-14,146.63758406137615,149.6169629011498,146.23130714144625,149.3170928955078,10685300.0
2025-04-15,150.61332133248166,151.19372540339688,147.13094118785625,148.6012725830078,10847700.0
2025-04-16,150.29408394503258,150.54559923607638,147.26635054679667,148.8817901611328,7986900.0
2025-04-17,149.12362468264067,154.23112687247226,149.12362468264067,152.3254852294922,10981100.0
2025-04-21,152.79947337039977,153.06064187730914,150.410166775653,151.79344177246094,6285400.0
2025-04-22,152.40286566048607,153.53464014675,151.15500152107364,152.59632873535156,7136300.0
2025-04-23,151.3775090905925,151.96758110604011,149.28807230537265,150.30377197265625,9099400.0
2025-04-24,150.7100259077062,150.8067500572832,148.42712638163798,149.86843872070312,8310400.0
2025-04-25,149.27839144986115,149.83942993133576,147.4694740854792,149.52989196777344,8643600.0
2025-04-28,150.41984337911984,150.71971337404963,148.7947357574537,150.27474975585938,5815200.0
2025-04-29,150.37145843491794,151.89017375000978,149.2493519962841,150.81643676757812,5246700.0
2025-04-30,153.03163792568353,153.03163792568353,149.95553490953938,151.20338439941406,9598200.0
2025-05-01,149.9361701349967,150.02322630421926,148.3497493123669,149.413818359375,7325800.0
2025-05-02,150.97122232750266,151.59998101560734,149.97485870190687,151.0195770263672,5974500.0
2025-05-05,151.5516120563787,151.66768695049498,149.67498921330326,149.93617248535156,5464100.0
2025-05-06,149.76204860164506,150.80675208874706,148.66896089867484,149.42347717285156,8644200.0
2025-05-07,149.68467834443936,152.7801319885972,149.45251378601978,152.16104125976562,7853100.0
2025-05-08,150.72939184579346,151.89985306765084,149.72336021877442,150.57461547851562,7606100.0
2025-05-09,150.34246448123574,150.96155524587235,148.78506220078125,149.18167114257812,6520400.0
2025-05-12,147.05352818556858,150.28440722654932,146.2409596713147,149.10426330566406,9023800.0
2025-05-13,146.74399107394777,146.74399107394777,143.24226040914402,143.5904998779297,10549600.0
2025-05-14,143.81296028436105,143.958068651586,141.3462656443927,141.57843017578125,10216000.0
2025-05-15,143.16487253592385,144.7609614945403,142.51676305986737,144.72227478027344,7945800.0
2025-05-16,144.78030623991705,146.55052224019147,144.34501061106303,146.38607788085938,8051200.0
2025-05-19,146.92778992020104,147.67263833969156,146.1152360590958,147.50819396972656,12639900.0
2025-05-20,147.35340274928245,149.00752903136188,147.15025692431985,148.63995361328125,7351500.0
2025-05-21,148.18532667019926,149.38480676041598,148.00153155694642,148.17564392089844,7032200.0
2025-05-22,147.66293903016444,148.31106320890513,146.42475763964194,147.62425231933594,7535300.0
2025-05-23,148.0015188949979,148.46583325276845,147.23733454032794,147.9434814453125,6727300.0
2025-05-27,148.80202058666853,150.2849567928587,148.22639171638167,149.51422119140625,6990700.0
2025-05-28,149.5435037079232,149.89472861030907,148.22640660226955,148.71421813964844,8459300.0
2025-05-29,148.05078976999448,150.28495988254767,147.8654190187034,149.836181640625,6810600.0
2025-05-30,150.14837399962022,151.9142641375451,149.48495750417268,151.42645263671875,15529700.0
2025-06-02,150.71424498435448,151.7484030381292,148.58739387554635,151.61181640625,6669300.0
2025-06-03,151.02644218444954,151.86547855329525,150.32399243905195,150.65570068359375,8209800.0
2025-06-04,151.15327722947063,151.15327722947063,149.3971675880687,149.48497009277344,6983900.0
2025-06-05,149.9337320877222,150.33374108147183,148.91909074097882,149.9142303466797,5295400.0
2025-06-06,150.2459335321907,152.22644691962358,150.2459335321907,151.25082397460938,5391500.0
2025-06-09,151.0752267540242,152.1874363730245,150.6849686238681,151.44595336914062,5319000.0
2025-06-10,151.64107558271036,153.60208733818877,151.2410814671241,152.63621520996094,6791600.0
2025-06-11,152.48987597049666,152.7825658442017,150.95814073397457,151.4752197265625,6016000.0
2025-06-12,152.43135033586668,152.86061197193177,151.38742652912393,152.8411102294922,7075500.0
2025-06-13,152.16791179270558,153.82646782042488,152.16791179270558,153.27037048339844,6587500.0
2025-06-16,152.6069476236472,152.68499924993841,150.68496912584888,151.4362030029297,7024000.0
2025-06-17,151.19229575906564,151.49473650368915,148.3922625451089,148.66543579101562,6407100.0
2025-06-18,148.8508064155057,148.92884315413448,147.03614706246643,147.05564880371094,8325200.0
2025-06-20,147.5727166798693,147.70930329241878,145.4068326188529,146.1385498046875,22605500.0
2025-06-23,146.08980042037933,147.73859086491296,146.08980042037933,147.63128662109375,7397900.0
2025-06-24,147.80687455609248,148.99713572696209,147.29954646191248,148.4800567626953,9544200.0
2025-06-25,147.68981633757784,149.33862160994235,147.0556524476084,148.56787109375,7153700.0
2025-06-26,148.97762559532833,149.4849537116276,147.83614849877387,148.304443359375,7156900.0
2025-06-27,148.30444402383372,149.59227350478832,147.32882104256214,148.6947021484375,10010800.0
2025-06-30,148.45081416766254,149.24106649516696,147.8264159804024,149.02642822265625,9039300.0
2025-07-01,149.27032317180044,153.90453255131712,149.08495241472764,152.119140625,10896700.0
2025-07-02,152.1971903268143,152.4898802086541,151.28986806861928,151.76791381835938,5544000.0
2025-07-03,151.64107656777378,152.47036207700722,151.10449582432045,152.20693969726562,3482500.0
2025-07-07,152.2167025917727,152.53865996388424,151.11424385273855,151.4849853515625,6270900.0
2025-07-08,150.71424574694203,152.9386651269875,150.45083823994491,151.9923095703125,6438200.0
2025-07-09,151.99230678299833,152.8703764506989,151.28987189039452,152.47036743164062,6147400.0
2025-07-10,152.29475604694676,155.3582116672941,152.0215827982655,153.8459930419922,6732900.0
2025-07-11,153.2605965614863,153.34839904894577,151.39715326456326,153.07522583007812,7872000.0
2025-07-14,153.0459768826626,153.631356643652,151.72889475067498,152.99720764160156,10185600.0
2025-07-15,152.54841441792806,153.3581833025349,151.02644490443114,151.38742065429688,6873200.0
2025-07-16,156.39235146040332,162.07046891059173,155.90454001784863,160.7631378173828,22134800.0
2025-07-17,159.20215592676115,160.68510707307274,158.34361779938138,159.0070343017578,11295700.0
2025-07-18,159.93386176463872,161.0753537073861,159.37776442874932,159.70947265625,9792600.0
2025-07-21,159.7777643654309,160.89972473070313,158.81189234808585,160.35337829589844,8254000.0
2025-07-22,160.97779647556757,163.96320050104055,160.69487235317746,163.83636474609375,9288000.0
2025-07-23,164.490032770855,164.9973459784646,162.52902114423384,164.97784423828125,10617600.0
2025-07-24,165.36810074328554,165.84616137902782,164.76321923886425,165.4266357421875,6636900.0
2025-07-25,165.61200757880374,165.73884333513735,163.3583207853967,164.19735717773438,6254900.0
2025-07-28,163.76808146723806,163.84613309560726,161.0265831506335,162.16806030273438,8014600.0
2025-07-29,162.60707869014607,164.66564375316304,162.31438882166105,164.01197814941406,7663400.0
2025-07-30,163.61196997244835,164.499790452766,162.71439862163524,163.1826934814453,6189200.0
2025-07-31,161.88511520296575,162.99733970029322,160.2265591012451,160.72413635253906,11036200.0
2025-08-01,161.44608338903257,163.53391592972537,160.77290116417123,163.25099182128906,8927800.0
2025-08-04,162.9583017254687,167.01689680960575,162.57780936675738,166.87054443359375,12679100.0
2025-08-05,166.38274434466635,167.3778839997418,165.51444044678632,166.577880859375,7934400.0
2025-08-06,165.76810208205814,167.9827555011224,165.54369808088197,166.4315185546875,8957200.0
2025-08-07,166.99737743981552,167.43640478699228,165.77784876053298,167.34860229492188,9315900.0
2025-08-08,166.85103452522807,169.71936826748328,166.23638732708073,169.10472106933594,7686800.0
2025-08-11,169.17301943585167,170.34377892586957,168.83156032361754,169.58279418945312,7256800.0
2025-08-12,169.75840703822468,170.49987518097336,167.6217902229204,168.56814575195312,7916700.0
2025-08-13,168.78276906344786,170.28522184479246,168.49007920331394,170.16815185546875,5878700.0
2025-08-14,170.0608217350643,171.43645356792672,168.50958492957625,170.46083068847656,8241700.0
2025-08-15,171.2901365456328,172.94869266139256,170.69500592262676,172.33404541015625,9477600.0
2025-08-18,172.19747327439327,173.24139711357495,171.80722999790723,171.9535675048828,9284000.0
2025-08-19,171.74866850719522,173.8365011577051,171.69013350835883,173.4657745361328,9274200.0
2025-08-20,174.14869947915005,176.20726453345222,173.6608879960152,174.48040771484375,9030000.0
2025-08-21,174.19749541661915,175.69019746528133,173.81700302944694,174.56822204589844,8859600.0
2025-08-22,175.6511661348864,176.74387406623362,173.14382265519245,174.91944885253906,9524000.0
2025-08-25,175.14385527414382,175.86580680839708,173.94382819611357,174.0609130859375,6229100.0
2025-08-26,173.70710234835255,174.11004745781355,172.74397805899144,173.4515838623047,9145000.0
2025-08-27,173.92332314064308,174.63092897274024,173.12727032855804,173.7464141845703,5951100.0
2025-08-28,173.33364882246966,173.4515931267191,171.62361386987305,172.4294891357422,6424700.0
2025-08-29,172.94051986330464,174.35573137148032,172.4294679306645,174.11985778808594,6942300.0
2025-09-02,174.4146983239466,176.1149106462827,173.84468173694643,174.99453735351562,9049000.0
2025-09-03,174.6112568259705,175.22057819566584,173.4908835031877,174.93557739257812,7111700.0
2025-09-04,174.93558453686083,175.82008430293442,174.493334653824,175.6824951171875,7854800.0
2025-09-05,174.93557956719528,176.41957824245722,173.5203679848044,175.35816955566406,9733800.0
2025-09-08,174.30659126581332,176.36060646744886,173.65795015074036,175.06333923339844,8382500.0
2025-09-09,174.935586890376,175.02403386895398,173.41226838733596,173.9134979248047,6005700.0
2025-09-10,173.26485563285135,173.56951633226447,171.3287695795717,172.7636260986328,6891600.0
2025-09-11,172.7243150128704,175.7709518877805,172.60638571317708,175.42697143554688,5792500.0
2025-09-12,174.65057191045906,175.72180299819078,173.6776102367026,174.99453735351562,7220200.0
2025-09-15,174.69970438163585,175.90853967831688,173.8839917409838,174.3459014892578,4768100.0
2025-09-16,174.51297957224742,174.5621067802972,172.626020906526,173.42208862304688,7959300.0
2025-09-17,173.66779837849663,175.43679789881932,173.5498540800044,174.14935302734375,6714900.0
2025-09-18,173.5596932002785,173.9724607587581,170.87668157601635,171.1616973876953,8200900.0
2025-09-19,171.6825620861038,174.1100400871322,170.34597506932738,173.15673828125,25621000.0
2025-09-22,173.0584546641959,173.5989889374499,171.12236871932896,171.21083068847656,7193900.0
2025-09-23,171.87911622148897,173.92330901529326,171.82015157295257,173.54002380371094,8350400.0
2025-09-24,173.1076132585804,173.90366608360205,172.71450556595894,173.6481475830078,6676800.0
2025-09-25,174.14935263823506,175.32869064784728,172.8815676520236,174.67022705078125,8475000.0
2025-09-26,175.52525887309972,176.81270373725064,174.26729633437998,176.61614990234375,8634400.0
2025-09-29,176.73407855455278,178.73895165698912,176.70459622922994,178.49325561523438,8597100.0
2025-09-30,178.57188582113764,182.78803842940496,177.95274197359174,182.22784423828125,11569000.0
2025-10-01,182.79785791373442,183.34821465646485,180.7438425717239,182.8470001220703,13063800.0
2025-10-02,181.019021152065,183.3776971939459,180.92073673527972,182.7781982421875,7728100.0
2025-10-03,183.83960944789652,186.51278366279104,183.69219781682014,185.3924102783203,8675100.0
2025-10-06,184.7634204923522,186.6503642638064,184.14426167812178,184.92066955566406,5806100.0
2025-10-07,180.60625698475295,185.9722503293924,179.7905442976322,185.6381072998047,8776800.0
2025-10-08,185.6184262544334,186.9451907741919,185.02876479817024,186.42431640625,5751200.0
2025-10-09,186.7289813736248,188.79283400829777,186.46362546434503,187.79039001464844,7484800.0
2025-10-10,188.704369361487,188.76334900411925,186.5815671056796,187.43658447265625,9598000.0
2025-10-13,186.56192359331942,188.0066175446105,186.0213892924798,187.61349487304688,7979500.0
2025-10-14,189.59871697072126,191.05323331805099,182.6799231328508,187.56436157226562,13613300.0
2025-10-15,188.18352118721785,190.2375516361476,186.0410587522667,187.8788604736328,9473000.0
2025-10-16,188.04591430941218,189.72648179210694,187.1515771402817,188.81248474121094,10611800.0
2025-10-17,189.18596410164966,190.26703275209798,188.3800738356614,189.89356994628906,7764400.0
2025-10-20,190.16871977405776,191.13184397504045,189.01886419821113,190.3849334716797,8034700.0
2025-10-21,189.68715019476815,190.2178619966558,188.46850753106088,188.5766143798828,6716000.0
2025-10-22,188.6945733628713,190.119607506236,188.47835963120522,189.61839294433594,6343100.0
2025-10-23,189.24491059611512,190.6601221495905,188.24246657972077,189.15646362304688,8882500.0
2025-10-24,188.89109994038998,188.99920679061546,186.15896135770447,187.12208557128906,6903400.0
2025-10-27,186.71915829526654,187.51521102429962,186.26707100677734,187.02381896972656,7126000.0
2025-10-28,186.00172668504106,186.2474227276328,183.40717707511635,183.7118377685547,8329500.0
2025-10-29,183.4857816157027,183.87890423867273,181.48090872488723,183.38751220703125,10551100.0
2025-10-30,183.85924801939953,186.1196544091771,183.69217652484616,185.7953338623047,7072500.0
2025-10-31,184.23272445795735,186.23759753765293,183.54476355197036,185.61843872070312,8791700.0
2025-11-03,185.7462092852839,185.77569161087956,182.32612455131903,183.05337524414062,7542600.0
2025-11-04,183.6135688219617,184.58653055172488,182.4243933744734,183.64305114746094,7209400.0
2025-11-05,183.42683281749487,184.59634835321097,182.2081750751503,182.7978515625,5049400.0
2025-11-06,183.5447683915115,184.29169396716964,182.17869897867467,183.75115966796875,6767400.0
2025-11-07,184.50791850471418,185.10741749059588,182.50303025851102,183.35806274414062,6959200.0
2025-11-10,182.79786822386598,185.17620427972008,181.93301329588363,185.1663818359375,5323800.0
2025-11-11,186.1294782325719,190.58148896123765,185.7953352409857,190.4930419921875,7465600.0
2025-11-12,190.0311447751098,192.18344447353272,189.74614396849537,191.0434112548828,8803000.0
2025-11-13,190.86652189255162,192.62569897367158,190.11959631943768,191.88861083984375,8631600.0
2025-11-14,191.64291792168322,193.78538026750178,190.2178838389208,192.55690002441406,8824800.0
2025-11-17,193.56918366728473,196.83201943079428,192.5274198129824,196.14407348632812,13257000.0
2025-11-18,195.58387723766617,196.85167724696106,195.11214502299904,196.5568389892578,12468600.0
2025-11-19,196.55683769104098,199.97692246795802,195.94751629294967,199.02362060546875,14690800.0
2025-11-20,198.52238842306767,200.98917111824514,198.09979845771855,199.573974609375,10612600.0
2025-11-21,200.44865859984768,203.3773511207127,199.49535679003293,200.38967895507812,13189100.0
2025-11-24,200.20297413908787,202.57147264227206,199.50519076522252,202.502685546875,14803900.0
2025-11-25,202.92794482022794,205.44007432722765,202.92794482022794,204.40159606933594,10275300.0
2025-11-26,204.22358194574548,205.52908584700302,203.6796156988426,205.28182983398438,6729000.0
2025-11-28,204.72798848496785,205.18294621066644,202.38400619964904,204.64886474609375,5638300.0
2025-12-01,204.23346843115957,205.42029428513683,203.08619689941406,203.08619689941406,8473700.0
2025-12-02,202.98731188517345,203.3532459732576,200.870800913071,203.1653289794922,8393600.0
2025-12-03,203.64004506291835,204.7477622566812,202.74004465032948,203.07630920410156,8363300.0
2025-12-04,202.34442494855622,202.6114656652222,199.49604597225286,200.25758361816406,9049900.0
2025-12-05,200.7521013377821,201.21694385760424,198.6059209186059,199.713623046875,7785300.0
2025-12-08,200.4356216823513,201.02902706966685,198.78395329612633,199.4070281982422,7785700.0
2025-12-09,200.69276157197945,203.28399979452115,197.7158045675227,197.7652587890625,7509400.0
2025-12-10,198.38833529328133,204.53018143025886,197.98283180120782,204.2730255126953,11599800.0
2025-12-11,205.61809939160463,208.9214512752855,205.54887555375637,207.70494079589844,9009000.0
2025-12-12,207.9719714336103,209.94013468251453,206.66646756392336,209.25770568847656,6922700.0
2025-12-15,208.04122593814026,212.82809897096232,206.71592217177204,211.8192901611328,8467000.0
2025-12-16,211.65115682105406,212.37314018651233,206.51811934148523,207.00274658203125,9949800.0
2025-12-17,207.09175353970042,209.1983796799915,206.17196838010346,208.0214385986328,8457600.0
2025-12-18,207.4972566705998,208.7434215885478,205.47963908004408,206.0236053466797,7499900.0
2025-12-19,205.2818453000544,206.9434136802042,203.76863959367918,204.1049041748047,24803900.0
2025-12-22,203.86753830110726,205.79613223753498,203.24444830191146,205.0444793701172,8187800.0
2025-12-23,202.76972468229533,204.263145636555,201.0488173198817,203.52137756347656,7047300.0
2025-12-24,203.73895852778904,205.65766763921368,203.31368542129266,205.49942016601562,2376500.0
2025-12-26,205.25215052295067,205.75654733256223,204.44115868643942,205.35105895996094,2316700.0
2025-12-29,205.71700283150668,207.17086939536102,205.10381274843945,205.28182983398438,4348900.0
2025-12-30,205.23236714396373,205.41039931347132,204.25324303125262,204.6389617919922,3937400.0
2025-12-31,204.6389735094918,205.2224940876339,204.1048920616966,204.67852783203125,4083800.0
2026-01-02,204.54996091774888,205.11369677781147,201.44441091836137,205.0741424560547,6325500.0
2026-01-05,203.61038001401067,203.6796189425871,198.70482908872975,202.0675048828125,9477000.0
2026-01-06,202.3543344281176,204.4411758573138,201.87959200016542,202.542236328125,8107900.0
2026-01-07,203.00708135778572,205.9741536581461,202.7796100403249,205.21261596679688,7545900.0
2026-01-08,204.6587403592623,206.68624268930276,202.72026166352438,203.49169921875,6557800.0
2026-01-09,203.6499578336023,204.43128023925763,201.77080297238516,202.14663696289062,6154300.0
2026-01-12,203.29389293263304,207.59613841994204,201.6125550953637,207.41812133789062,11794300.0
2026-01-13,207.6060372129626,212.0368606301377,206.56755896593322,211.3049774169922,11379600.0
2026-01-14,212.37313538945378,216.45780964823578,211.7994996150229,216.15121459960938,11858800.0
2026-01-15,215.83471521828713,217.33803600690493,213.5401872590057,217.16001892089844,8492100.0
2026-01-16,216.63582865534352,217.6940916687404,215.74571301652978,216.260009765625,10021500.0
2026-01-20,214.70723940497442,216.32923833406923,212.14567059407463,215.81495666503906,14057100.0
2026-01-21,208.68408811532706,216.2797860692503,208.18957605818176,215.6171417236328,14762900.0
2026-01-22,216.3687986995512,219.731474480514,215.7061543876507,216.0918731689453,13160000.0
2026-01-23,217.38749032599776,218.78201786558222,215.44899653785455,217.7237548828125,6950600.0
2026-01-26,217.79299511138254,219.59301105490832,217.58529341839787,219.05894470214844,6856700.0
2026-01-27,219.56334137834915,223.0249255892691,218.27760708174557,221.9765625,8154100.0
2026-01-28,223.91504676014566,226.0612423044947,223.5985669004937,225.22056579589844,9026500.0
2026-01-29,226.29859362973275,227.47553468029685,224.58758622487807,224.79527282714844,9645300.0
2026-01-30,225.7546309332309,225.9920021451608,222.8567976243886,224.75572204589844,11045500.0
2026-02-02,225.8139792081263,228.65247341332187,224.75571622672862,228.21730041503906,8187500.0
2026-02-03,228.95907459996246,232.61846067897852,227.9502658124434,230.54151916503906,9346600.0
2026-02-04,232.42065065293195,233.2415424215143,230.3832635341583,231.89646911621094,8641400.0
2026-02-05,232.4206527224898,236.95038470140014,232.41076791481981,235.18002319335938,10267500.0
2026-02-06,236.3372023941143,238.29546586018128,235.36794792342116,237.35589599609375,8274000.0
2026-02-09,237.61302018969775,238.097647391114,234.43824645354294,236.02069091796875,9378500.0
2026-02-10,237.3459856469766,237.86028237497558,235.26904421116984,235.73388671875,6723300.0
2026-02-11,236.7130182930035,238.61194270447737,234.79430917447928,238.21633911132812,6803900.0
2026-02-12,237.84050942813226,243.64609111049592,237.04928713623855,241.8658447265625,10254300.0
2026-02-13,241.90539516837612,242.26144443944952,239.9471317231273,240.7779083251953,13268500.0
2026-02-17,241.450447727279,241.80649699124882,239.21524370129245,240.6592254638672,12703000.0
2026-02-18,240.5702180251247,242.3801338676713,240.15482973047114,242.30101013183594,8129700.0
2026-02-19,241.93504723210512,244.24937487280008,241.58889788520008,244.19992065429688,7553900.0
2026-02-20,243.76475689710122,244.170260376332,237.6426956610537,239.8284454345703,13565800.0
2026-02-23,240.95592795431625,244.10101710886994,239.93723441623308,243.14166259765625,9622700.0
2026-02-24,243.94705977412517,245.83618923451164,243.14167872556501,244.87173461914062,7246300.0
2026-02-25,243.4598567160501,245.83618975331572,242.32637600311875,243.76808166503906,7698200.0
2026-02-26,243.70842620154187,244.0663682763732,240.6360989093031,242.0778045654297,7172600.0
2026-02-27,242.63459590951953,247.51652337921405,241.11334590987298,247.00942993164062,16428600.0
2026-03-02,247.76508953624906,250.27068397455253,245.45834842794568,247.13868713378906,9042400.0
2026-03-03,245.0506999866165,246.46257832712044,242.96270213047706,245.3390350341797,6178700.0
2026-03-04,244.34476266176227,245.1600810545075,241.78945104558642,243.8973388671875,5768000.0
2026-03-05,241.24261118820294,241.61049061943945,234.58091062648668,238.259765625,9375400.0
2026-03-06,236.75838349957985,239.41311415382512,234.08376296078876,239.0253448486328,7179800.0
2026-03-09,239.49265390312758,242.6942425341329,238.66739818305737,241.20281982421875,7844000.0
2026-03-10,240.91449571542952,243.59905368087047,239.44296282285708,242.31643676757812,7214100.0
2026-03-11,241.4812160284302,242.2965343871637,239.97985597145382,241.6005401611328,6933200.0
2026-03-12,240.07928999023173,243.00246573676242,238.92591946160707,240.6559600830078,7710200.0
2026-03-13,242.81356702435843,244.1856656028509,240.11905664901153,240.13894653320312,6415300.0
2026-03-16,242.52521416415624,243.65869480615754,240.28808012034816,241.7993927001953,7571500.0
2026-03-17,242.1871663459089,242.7439617349266,235.86353339492615,236.74844360351562,7281800.0
2026-03-18,236.50980988406457,237.74272479331552,234.07382247775118,235.92318725585938,6811500.0
2026-03-19,236.97712235314108,237.8918597954365,234.9587314976836,236.24136352539062,7511500.0
2026-03-20,235.47576703036307,236.92741000247076,233.1590885516746,234.02410888671875,17156600.0
2026-03-23,236.04249575836326,236.94729584714173,232.9105141237134,234.07382202148438,7313700.0
2026-03-24,232.8011393317389,234.65050408093313,230.9120099861425,233.9246826171875,9046200.0
2026-03-25,235.44593740287846,240.07929431329362,234.38204857588565,238.5580291748047,6456400.0
2026-03-26,238.62764275887116,240.26820173422362,237.5637539025668,237.8719940185547,5171400.0
2026-03-27,239.8108319839459,241.2923021698431,237.7626138844777,239.07505798339844,7617600.0
2026-03-30,242.09769065335334,242.8135747917876,239.13471984701397,241.10340881347656,7241300.0
2026-03-31,241.6204206888047,243.92716180378,241.2624786251546,243.04225158691406,7554200.0
2026-04-01,244.1956233482748,245.78646517225613,242.34625853888824,242.7240753173828,6314600.0
2026-04-02,243.70842400047428,245.7964219467219,240.48694535608743,241.65025329589844,6878700.0
2026-04-06,241.26247293527413,242.12750841875737,239.12477313181626,239.5920867919922,4442400.0
2026-04-07,239.4031807823271,239.4031807823271,234.66045214638598,237.04673767089844,6241100.0
2026-04-08,235.28685476163636,239.95003903356442,232.56251704958862,239.9202117919922,8771100.0
2026-04-09,239.92020790715435,242.80361913705298,239.164544008795,239.93014526367188,6216500.0
2026-04-10,240.61620179277648,240.87470960567668,236.54959276728223,237.09645080566406,7354500.0
2026-04-13,236.35073374880298,237.02683809159646,233.83518683278206,236.59930419921875,7663600.0
2026-04-14,233.66616015209323,240.8051113590548,231.9162296473752,238.72706604003906,10318700.0
2026-04-15,238.56797895805093,239.0452299768987,235.3962175694789,237.30523681640625,6463500.0
2026-04-16,236.06238904969683,236.7782731773554,230.79269234336317,233.1988525390625,8668900.0
2026-04-17,233.01989048398582,234.19313576204675,230.71314935408492,232.84091186523438,8946300.0
2026-04-20,233.46731645339545,233.91474024714643,228.2175095512339,229.37088012695312,7810500.0
2026-04-21,228.03853688190875,228.3765890527153,223.41511740932572,224.8667755126953,11681200.0
2026-04-22,224.88665810207786,226.179227521564,222.50038776728556,224.80712890625,9003400.0
2026-04-23,225.95054827447007,230.06687448765834,225.73180505581692,229.3311004638672,7097600.0
2026-04-24,227.72036189515308,228.67487910891896,225.72186091736185,226.19911193847656,6067500.0
2026-04-27,224.47901697917217,226.60677952616038,223.0671385761741,224.0514678955078,7897800.0
2026-04-28,226.42780279148377,229.70893595019464,225.0755788606257,226.48745727539062,7179800.0
2026-04-29,224.2304350257485,227.4021963844683,223.57420539879897,226.0499725341797,7071100.0
2026-04-30,226.64654568129225,229.83819710946466,226.5073468285346,228.5356903076172,8157200.0
2026-05-01,227.75018650912293,228.4561332620675,225.72185831412563,225.89088439941406,6863600.0
2026-05-04,224.22049078306688,225.7715831872257,222.30153412698715,222.91798400878906,8215200.0
2026-05-05,224.10118043151417,225.23466110768987,223.61397687442042,224.26026916503906,5556700.0
2026-05-06,223.9619889745702,225.0457525608476,221.67513766216507,223.33558654785156,7982300.0
2026-05-07,223.49466434064516,223.49466434064516,219.36840089217355,221.23764038085938,7269700.0
2026-05-08,221.6651903038654,222.09272420205565,219.65673678916983,220.05445861816406,5550600.0
2026-05-11,220.05446192273791,222.003245813697,219.1098820469021,220.163818359375,6223200.0
2026-05-12,221.7248410111843,226.34824530446224,220.38255451492364,222.97763061523438,8632500.0
2026-05-13,224.52872968620946,229.4802489417275,224.15089773666944,229.1024169921875,7464500.0
2026-05-14,229.67910846360988,230.43475721152035,227.84963349190846,229.48025512695312,6974400.0
2026-05-15,229.4504169649123,230.81257818629632,225.14517491785094,225.41363525390625,12167000.0
2026-05-18,225.41363810532903,228.38653103757844,224.5684924896482,227.61099243164062,10141600.0
2026-05-19,227.6308781704825,229.52996005341413,226.73601544578764,228.684814453125,9677900.0
2026-05-20,230.36515581180683,230.67338074656544,227.8595613935984,228.0087127685547,7353800.0
2026-05-21,228.00871482343763,230.5640112181241,226.04997841934332,230.40492248535156,5239000.0
2026-05-22,231.667665991262,234.15337056198368,231.3892682930641,233.0,5462300.0
2026-05-26,233.0,233.24000549316406,229.0800018310547,230.17999267578125,6619600.0
2026-05-27,229.97999572753906,232.88999938964844,229.02000427246094,231.2899932861328,5835500.0
2026-05-28,230.02999877929688,231.8699951171875,229.72999572753906,230.8000030517578,7193400.0
2026-05-29,231.22999572753906,231.5,224.58999633789062,225.3300018310547,13897700.0
2026-06-01,223.1999969482422,224.44000244140625,220.83999633789062,223.50999450683594,8041000.0
2026-06-02,222.5800018310547,225.5,221.1699981689453,222.88999938964844,5662800.0
2026-06-03,222.4499969482422,224.92999267578125,222.0,223.24000549316406,6503700.0
2026-06-04,227.08999633789062,228.6699981689453,225.89999389648438,228.1699981689453,7274800.0
2026-06-05,230.0,235.22000122070312,229.0,232.77000427246094,8034900.0
2026-06-08,232.77000427246094,234.9499969482422,230.55999755859375,232.16000366210938,7559800.0
2026-06-09,232.3800048828125,237.7100067138672,230.41000366210938,237.0,8354500.0
2026-06-10,238.85000610351562,240.92999267578125,237.0500030517578,238.49000549316406,8350800.0
2026-06-11,240.0,241.60000610351562,238.13999938964844,238.3300018310547,7399000.0
2026-06-12,240.0,240.91000366210938,237.52000427246094,240.8699951171875,6459400.0
2026-06-15,239.0,239.5,233.5800018310547,235.66000366210938,7732000.0
2026-06-16,236.3699951171875,236.3699951171875,231.02000427246094,235.17999267578125,7718100.0
2026-06-17,234.02999877929688,235.42999267578125,230.6999969482422,234.1999969482422,8548000.0
2026-06-18,231.77999877929688,232.75,227.60000610351562,228.38999938964844,18988000.0
