date,open,high,low,close,volume
2016-06-06,32.95939207383432,33.24446953554378,32.95208361079644,33.1640625,10310600.0
2016-06-07,33.14943824533655,33.2444649823666,33.03979458423267,33.12751007080078,9812600.0
2016-06-08,33.06902905527041,33.376034606479834,33.032478385286275,33.29562759399414,7915400.0
2016-06-09,33.13481699377526,33.47837043314186,33.120197283185774,33.44913101196289,8042900.0
2016-06-10,33.34680327030162,33.63188071937307,33.30294691716774,33.61726379394531,12357000.0
2016-06-13,33.49940491667241,33.63935304758268,33.2121413370201,33.23423767089844,10613500.0
2016-06-14,33.035368703515545,33.241611496051526,32.73337323889007,33.17531967163086,11298200.0
2016-06-15,33.234244785013544,33.39629209429844,33.05746845652918,33.153221130371094,8360400.0
2016-06-16,33.05009670903244,33.396287619827476,32.93961222098481,33.37419128417969,11305400.0
2016-06-17,33.271061385558724,33.307892350179905,32.689169795972575,32.99116516113281,20805400.0
2016-06-20,33.21213094226198,33.374178166141405,33.11637550907799,33.131107330322266,10712400.0
2016-06-21,33.26370018444064,33.352088326738134,33.145848391441184,33.24160385131836,7919400.0
2016-06-22,33.329995841758944,33.38892314996637,33.005904076044246,33.04273223876953,10738900.0
2016-06-23,33.16795722584426,33.27107723235954,33.02800904697489,33.20478820800781,9655300.0
2016-06-24,32.55659104409671,32.821758293973055,32.2766919681374,32.35771560668945,26003700.0
2016-06-27,32.166214495895815,32.32826182246355,31.90841448527385,32.24723815917969,15779500.0
2016-06-28,32.45348194089458,32.5492346277913,32.166215450776015,32.5418701171875,16509800.0
2016-06-29,32.69654737977415,32.932251036615675,32.58606287114738,32.733375549316406,12250900.0
2016-06-30,32.79229728471247,33.38892364501953,32.77020094871142,33.38892364501953,16056500.0
2016-07-01,33.38892043747224,33.44784493108397,33.19740951116505,33.23423767089844,11799700.0
2016-07-05,33.263698587151104,33.63935028123333,33.25633407973344,33.46257400512695,12339100.0
2016-07-06,33.51413451918425,33.55096267647445,33.086920027154804,33.344722747802734,10902600.0
2016-07-07,33.45521105818648,33.5288701910265,33.12375479473653,33.21214294433594,9741100.0
2016-07-08,33.36682342523743,33.528870710186,33.197411631795134,33.425750732421875,11127100.0
2016-07-11,33.403660830610924,33.71302365931722,33.22688447975827,33.56570816040039,10937800.0
2016-07-12,33.61726320240966,33.66882319795006,33.27843957177017,33.57307052612305,9739000.0
2016-07-13,33.59518151883075,33.70566606755081,33.462597812518474,33.69093704223633,8028400.0
2016-07-14,33.68354308420666,33.83822301598636,33.573058622853175,33.65407943725586,7621200.0
2016-07-15,33.79403741603217,33.80876924258553,33.469942851475544,33.609893798828125,10621000.0
2016-07-18,33.65408646867958,33.66145378686057,33.499406504582254,33.609893798828125,7958300.0
2016-07-19,33.484674678028895,33.66881829523294,33.46257834310317,33.609893798828125,7761100.0
2016-07-20,33.69827489090058,33.71300671436864,33.43310768809142,33.5214958190918,8478200.0
2016-07-21,33.39628653949826,33.521502850530055,33.33735923326546,33.47731018066406,8045100.0
2016-07-22,33.514123701729474,33.76455902420063,33.48466006148407,33.75719451904297,8836100.0
2016-07-25,33.74248732106248,33.757219151935104,33.492051815846686,33.56570816040039,9134300.0
2016-07-26,33.53623634238635,33.624627306124765,33.020636436289415,33.057464599609375,15819900.0
2016-07-27,32.33562007171746,32.45347187348564,31.74635825306796,31.96733283996582,37461100.0
2016-07-28,31.87157115604606,32.180931021665096,31.834743002016367,32.15147018432617,13077800.0
2016-07-29,32.20303726868719,32.225133604019746,32.026258156600754,32.13674545288086,16530500.0
2016-08-01,32.180941972836756,32.28406477294383,31.98943382082734,32.00416564941406,12349700.0
2016-08-02,31.930503827033142,32.09991843665955,31.901042982140897,32.063087463378906,12825200.0
2016-08-03,32.158843460891624,32.1883071160733,31.945236175537683,32.14411163330078,12119100.0
2016-08-04,32.085182256125364,32.26195854072961,31.967330463119744,32.0483512878418,11244100.0
2016-08-05,32.15148333737108,32.22513967556297,31.97470419197766,32.02626419067383,10398200.0
2016-08-08,31.989427331704654,32.05571914199298,31.834747377634702,31.99679183959961,8680300.0
2016-08-09,32.040979079277605,32.14409902214742,31.952590958218856,32.018882751464844,7281300.0
2016-08-10,32.14411324432758,32.18094141024605,32.04099325583226,32.12201690673828,8412100.0
2016-08-11,32.203024218055816,32.313508659752216,32.129365113784026,32.225120544433594,11303300.0
2016-08-12,32.34298544495374,32.54922540111118,32.254597293716074,32.431373596191406,10928900.0
2016-08-15,32.482913956556196,32.65232845795073,32.41662218073437,32.586036682128906,10390600.0
2016-08-16,32.593421370763494,32.593421370763494,32.284061431884766,32.284061431884766,9706100.0
2016-08-17,32.41664497649759,32.46084046139324,32.24723316577766,32.45347595214844,11208500.0
2016-08-18,32.41664503656901,32.600788675928726,32.40928052731056,32.48293685913086,9144300.0
2016-08-19,32.44610489427157,32.45347221247637,32.21776860647798,32.35034942626953,9385900.0
2016-08-22,32.36507844170271,32.37244575926759,32.21039849054058,32.21776580810547,8687500.0
2016-08-23,32.298789978027344,32.39454544763018,32.21776914508043,32.298789978027344,8421100.0
2016-08-24,32.27669364266079,32.365081793935666,32.158841837691405,32.298789978027344,11508900.0
2016-08-25,32.29878999173621,32.36508180767267,32.13674551596493,32.16620635986328,9815700.0
2016-08-26,32.203036211154036,32.35034885494494,31.90104079568896,31.908405303955078,11824900.0
2016-08-29,31.92313818533069,32.12201363279138,31.915773676821182,32.07045364379883,9544600.0
2016-08-30,32.01151838850099,32.063078364691954,31.761083014227154,31.84947395324707,9720100.0
2016-08-31,31.989421844482425,32.01151817418549,31.731621965253538,31.989421844482422,10217900.0
2016-09-01,31.82736865400076,31.97468404738254,31.820004148745014,31.93048858642578,8457800.0
2016-09-02,32.05572781156879,32.28406695538551,32.01889964251685,32.15884780883789,9026000.0
2016-09-06,32.21777616935634,32.261968849724546,31.967340677969148,32.25460433959961,8600400.0
2016-09-07,32.20303894366413,32.26196344421868,32.06308798645558,32.14411163330078,8656600.0
2016-09-08,32.16620629672138,32.21040177719515,32.0041618212682,32.13674545288086,10020400.0
2016-09-09,31.989430339973747,31.989430339973747,31.135004043579098,31.1350040435791,23624200.0
2016-09-12,31.201289713064202,31.842108606658822,31.186557888982836,31.812644958496094,15932300.0
2016-09-13,31.76067439145439,31.76067439145439,31.344821665583428,31.39680290222168,12962700.0
2016-09-14,31.389366296218547,31.49332872998556,31.181441428684522,31.270551681518555,9823900.0
2016-09-15,31.196294512389706,31.4784803183784,31.099759573911737,31.45620346069336,10158500.0
2016-09-16,31.31511973020797,31.381953158626334,31.16660351840286,31.292842864990234,16354000.0
2016-09-19,31.307684829290466,31.46362850042198,31.248278930520275,31.26312828063965,7659900.0
2016-09-20,31.419075985443516,31.582444337879025,31.367094759746173,31.44135284423828,8407200.0
2016-09-21,31.396795199779472,31.641851969039593,31.26312838614018,31.582443237304688,13654700.0
2016-09-22,31.716117740826853,31.938894873318755,31.701265554292068,31.901765823364258,9288300.0
2016-09-23,31.790373103602505,31.8869080500176,31.671558464906326,31.738391876220703,8852700.0
2016-09-26,31.716112482838135,31.723539991256636,31.19629737135686,31.226001739501953,15036000.0
2016-09-27,31.329955248225588,31.65669753898359,31.18886378897514,31.62699317932129,11920400.0
2016-09-28,31.65670829731234,31.75324324987612,31.21115124924909,31.300264358520508,15523800.0
2016-09-29,31.203716912545406,31.478475165822463,31.07747479654433,31.21114158630371,12671700.0
2016-09-30,31.344809021546485,31.56016139090065,31.233421916295704,31.426494598388672,14375700.0
2016-10-03,31.419069277464818,31.419069277464818,31.107179157105023,31.21114158630371,11152800.0
2016-10-04,31.441356865456925,31.441356865456925,31.025504173928,31.07006072998047,13682700.0
2016-10-05,31.136891261681427,31.240853716736478,30.94381570278109,31.047780990600586,9607300.0
2016-10-06,30.951243419201823,31.144316146635532,30.876985331596043,30.973520278930664,9722900.0
2016-10-07,31.06264137159646,31.14432415586298,30.869565761746017,30.988380432128906,8122800.0
2016-10-10,31.12947196796947,31.18145604197935,30.891842627203687,30.988380432128906,8983600.0
2016-10-11,30.936394598384073,30.966098969761486,30.74332184996042,30.8472843170166,12249100.0
2016-10-12,30.914119822232358,31.070063533339276,30.817582025124047,31.0255069732666,12216300.0
2016-10-13,30.92897547734766,31.10719607209437,30.825010158852585,31.010658264160156,17655600.0
2016-10-14,31.077482052290183,31.122038603533962,30.906686188335623,30.943815231323242,9893800.0
2016-10-17,30.988368211189382,31.084905978042826,30.86955358766363,30.891830444335938,10792500.0
2016-10-18,31.04778272068301,31.18887422715345,30.988373981475707,31.166597366333008,11297300.0
2016-10-19,31.136891467831138,31.277982967373635,31.047781196160322,31.226001739501953,16367400.0
2016-10-20,31.166600506018884,31.270562977340113,31.107191760826815,31.13689613342285,10620500.0
2016-10-21,31.077480292089795,31.31510955306872,30.9512409865291,31.28540802001953,14401500.0
2016-10-24,31.42650530374855,31.760672398861672,31.374524070371482,31.60472869873047,13439200.0
2016-10-25,31.664126622265982,31.842349972296656,31.508182961466673,31.589868545532227,16484700.0
2016-10-26,31.93146622891726,31.95374308956905,31.493336695256417,31.515613555908203,16886200.0
2016-10-27,31.656708251079515,31.671560435936392,31.11461625124418,31.277984619140625,14537000.0
2016-10-28,31.381947500239146,31.53789402694051,31.26313285255908,31.359670639038086,13398400.0
2016-10-31,31.27798456810562,31.493336999032067,31.27798456810562,31.485912322998047,13327500.0
2016-11-01,31.485912374372322,31.508189235275335,31.122040927290314,31.277984619140625,12223400.0
2016-11-02,31.263130783301087,31.441354159407183,31.19629737135686,31.226001739501953,12034300.0
2016-11-03,31.35223588258513,31.35223588258513,31.159160371704367,31.21114158630371,11258000.0
2016-11-04,31.077488137657287,31.21858249450846,30.95867347717285,30.95867347717285,14464200.0
2016-11-07,31.21857303072857,31.560164721973607,31.21857303072857,31.530460357666016,14038500.0
2016-11-08,31.46363021849914,31.916611906509456,31.46363021849914,31.84235382080078,12036600.0
2016-11-09,31.01065769447282,31.426510462517776,30.966103962987262,31.389381408691406,21351000.0
2016-11-10,31.084916014160854,31.381951252494392,30.334896159381316,30.401729583740234,33245500.0
2016-11-11,30.409147646984458,30.54281445417891,30.171518397030784,30.46855354309082,13421000.0
2016-11-14,30.542827294953113,30.758176945735315,30.334899489253843,30.572528839111328,19514200.0
2016-11-15,30.57993569250894,30.832417060273137,30.572508186912806,30.773008346557617,16554000.0
2016-11-16,30.743319999373327,30.928968060159967,30.56509661460173,30.639354705810547,12681400.0
2016-11-17,30.654216982683042,30.66906917236741,30.44629199263296,30.535402297973633,12398800.0
2016-11-18,30.468569688866072,30.5948118882315,30.372034702442306,30.379459381103516,16345300.0
2016-11-21,30.37945023041798,30.7136173248291,30.24578339265353,30.7136173248291,12307000.0
2016-11-22,30.780455198810028,30.966103296712664,30.624511476435455,30.721046447753906,12743500.0
2016-11-23,30.609663246395474,30.67649668359236,30.468568860776745,30.535402297973633,9281300.0
2016-11-25,30.735888930637703,30.87698325346277,30.62450180672579,30.83985137939453,7402300.0
2016-11-28,30.82499815373975,31.03292587698503,30.646777628402855,31.00322151184082,19424400.0
2016-11-29,31.09309261694539,31.09309261694539,30.808521126695425,30.816011428833008,11421900.0
2016-11-30,30.70367033451162,30.85344490748586,30.216903686523438,30.216903686523438,22410400.0
2016-12-01,30.186959403106826,30.24686753483194,29.864944982034007,30.082115173339844,20409900.0
2016-12-02,30.179473947500707,30.32176113953391,30.09709775352646,30.224407196044922,11176300.0
2016-12-05,30.209422796166052,30.47152621318993,30.186957605196287,30.419105529785156,15977800.0
2016-12-06,30.516457311214793,30.531435056381664,30.26932880103067,30.38166046142578,11303500.0
2016-12-07,30.35920560349415,30.92085838317871,30.336737549741407,30.92085838317871,13726500.0
2016-12-08,30.75610579910354,30.860947193596658,30.591353403920788,30.68870735168457,13077100.0
2016-12-09,31.078117643083843,31.617305176582054,30.920855564718032,31.452552795410156,28125800.0
2016-12-12,31.452546624430045,31.4600340690536,31.242863894415322,31.377660751342773,17561900.0
2016-12-13,31.2428687864944,31.422596052731144,31.108071908460154,31.2728214263916,18986000.0
2016-12-14,31.370172908933004,31.44506164460332,30.74861211479182,30.86094093322754,17937900.0
2016-12-15,30.77855889032241,31.310258813819022,30.77855889032241,31.115550994873047,14265300.0
2016-12-16,31.16049099431307,31.27281981574741,31.063137063699376,31.257844924926758,19675200.0
2016-12-19,31.22039537879201,31.30277155198008,31.13802206231684,31.20541763305664,8687300.0
2016-12-20,31.227882963840816,31.242860708273433,31.033175142929466,31.197927474975586,10603500.0
2016-12-21,31.15300222713216,31.32524490390191,31.093094090758086,31.130537033081055,9693600.0
2016-12-22,31.130528739154478,31.167971671501743,30.763584002753603,31.115550994873047,11894100.0
2016-12-23,31.16797190027516,31.22039257728862,30.96577663606066,31.15299415588379,6436600.0
2016-12-27,31.12304709668414,31.272818853990554,31.10806934961087,31.160490036010742,6999200.0
2016-12-28,31.07062580972451,31.205419817352237,30.995737075805664,30.995737075805664,8988000.0
2016-12-29,30.988244681004034,31.22039257728862,30.988244681004034,31.15299415588379,6875300.0
2016-12-30,31.220388863831708,31.332720505049547,30.96577295288861,31.04814910888672,11470200.0
2017-01-03,31.078115829725416,31.31026663903896,30.913363458166558,31.302776336669922,14711000.0
2017-01-04,31.36267707781217,31.43007549353754,31.14550408750682,31.19043731689453,9959400.0
2017-01-05,31.19792712542935,31.347701711364756,31.10057321606444,31.26532554626465,8968300.0
2017-01-06,31.22788942985897,31.310265612938768,31.10807030630106,31.257844924926758,10246600.0
2017-01-09,30.875909462960696,31.138015674490344,30.860931720297945,30.943307876586914,14822500.0
2017-01-10,31.03317554911966,31.03317554911966,30.59883238173934,30.73362922668457,19706800.0
2017-01-11,30.591339087800815,30.793534335434483,30.576364201350092,30.741113662719727,9266200.0
2017-01-12,30.711167263512834,30.7336353132618,30.55390519883633,30.666236877441406,8541200.0
2017-01-13,30.70366936914819,30.733624854143674,30.471518645501625,30.613805770874023,8123500.0
2017-01-17,30.583863390043938,30.92834304495318,30.553907892213523,30.86843490600586,12469400.0
2017-01-18,30.8909028826509,30.98825683100941,30.808526684556295,30.92085838317871,10390500.0
2017-01-19,30.808521270751953,30.920852949634973,30.726145087132842,30.808521270751953,10987100.0
2017-01-20,30.905864948286194,31.033171475851095,30.801023606359262,30.943307876586914,14695400.0
2017-01-23,30.93583026560806,31.07811458105638,30.860941528493246,31.025693893432617,11628900.0
2017-01-24,31.05564635498419,31.430081433846453,31.05564635498419,31.377660751342773,17040100.0
2017-01-25,31.407616839799562,31.63976764263567,31.37766420129914,31.54241371154785,12538200.0
2017-01-26,31.475010256682907,31.534921237556887,31.295283027486583,31.310260772705078,8976800.0
2017-01-27,31.385157715721853,31.415113216728052,31.01820997018044,31.040678024291992,12967400.0
2017-01-30,30.928337839495853,31.06313470033195,30.860939409077805,30.988248825073242,11626200.0
2017-01-31,30.995740155347658,31.22040066599886,30.973274961296553,31.130537033081055,12678000.0
2017-02-01,31.09309195166393,31.197933325640882,30.890896648974152,30.89838409423828,11136100.0
2017-02-02,31.010714678887357,31.07062566574481,30.890895561885536,31.00322723388672,9459700.0
2017-02-03,31.138025868667686,31.295287933043603,31.048159383270093,31.108070373535156,11882400.0
2017-02-06,31.10057882619355,31.205420198246536,31.00322775598043,31.123046875,15742800.0
2017-02-07,31.227886148455276,31.437568878470003,31.20541810115874,31.377660751342773,13315200.0
2017-02-08,31.385153109554604,31.564883232500325,31.332732418844056,31.467529296875,14219700.0
2017-02-09,31.467526242056874,31.467526242056874,30.493995550452645,30.89089584350586,27240300.0
2017-02-10,30.718664009667734,30.853460909585515,30.366694009136435,30.389162063598633,28847300.0
2017-02-13,30.531437198059955,30.576370436712473,30.329241909193108,30.419105529785156,23617100.0
2017-02-14,30.239382446187555,30.40413196380541,30.11956331668667,30.35171127319336,32177800.0
2017-02-15,30.2693202022032,30.426585053423537,30.25434531800315,30.284297943115234,26600800.0
2017-02-16,30.366687789099565,30.913362723806248,30.329244848283842,30.85345458984375,22214800.0
2017-02-17,30.80104297509197,30.973282838955345,30.74113196676691,30.87592887878418,15065100.0
2017-02-21,30.853444168383078,31.078104594106446,30.853444168383078,31.04814910888672,17072600.0
2017-02-22,31.085595734478957,31.21290513344926,31.0032224253954,31.15299415588379,11186800.0
2017-02-23,31.20541491883557,31.45254341690475,31.167971986110356,31.197927474975586,12856800.0
2017-02-24,31.227889793736043,31.385151859604537,31.153001055193947,31.287797927856445,13215300.0
2017-02-27,31.26532861599811,31.26532861599811,31.14550950682807,31.20541763305664,12186400.0
2017-02-28,31.21289995308964,31.50495877846712,31.182944469278574,31.422582626342773,15946800.0
2017-03-01,31.460035044650205,31.714651020440872,31.362683977960415,31.57236671447754,14662000.0
2017-03-02,31.512458830208207,31.871916177048867,31.50496852858127,31.80451774597168,15507600.0
2017-03-03,31.80452999299881,31.819507745307142,31.63977757432127,31.8120174407959,11740000.0
2017-03-06,31.70716041131929,31.774558835146955,31.542408073804392,31.58734130859375,16307800.0
2017-03-07,31.452555806184314,31.63228595345943,31.415112858710184,31.445068359375,11273700.0
2017-03-08,31.452555806184314,31.475021003326038,31.25785076529057,31.445068359375,14636000.0
2017-03-09,31.51993551309904,31.534913254525936,31.392626139326477,31.47500228881836,14496400.0
2017-03-10,31.624786458107664,31.75209587057342,31.564878330904268,31.669719696044922,16369700.0
2017-03-13,31.669721518799943,31.820818101397894,31.609284614917325,31.752824783325195,12831500.0
2017-03-14,31.71504063603204,31.8056974021708,31.60172039884025,31.707487106323242,9844500.0
2017-03-15,31.715045501632478,31.941688892713454,31.707491970764845,31.820812225341797,22757800.0
2017-03-16,31.752826512435774,32.02479979953696,31.654616178037497,31.91903305053711,16004200.0
2017-03-17,31.941694791090733,31.994578162710873,31.737714836872637,31.752824783325195,37526500.0
2017-03-20,31.80570630535101,31.987022770309995,31.783042827953928,31.866146087646484,11484200.0
2017-03-21,31.964347162479125,32.20610043606105,31.888797463280806,32.107887268066406,17187300.0
2017-03-22,32.15322139710309,32.25898810823037,31.919021621087875,32.017234802246094,11605500.0
2017-03-23,31.88880333556166,32.02478993723404,31.775483088785933,31.858583450317383,11503300.0
2017-03-24,31.90391547452114,31.91902541818348,31.66216213977782,31.820812225341797,13804400.0
2017-03-27,31.813267974237714,31.987028054148936,31.76793813002821,31.9719181060791,12387400.0
2017-03-28,31.911479203850167,32.153232594021716,31.911479203850167,32.05501937866211,14123800.0
2017-03-29,32.11545578342271,32.1305657303133,31.949252131481614,32.047462463378906,9580100.0
2017-03-30,31.99458636471493,32.19856637122452,31.926593029211734,32.18345642089844,11999900.0
2017-03-31,32.14567192177662,32.221221647403446,32.05501513295178,32.06256866455078,11551800.0
2017-04-03,32.16833481215317,32.206108229930315,31.934135010851623,32.03990173339844,11240000.0
2017-04-04,32.11545194801524,32.251438571862565,32.00968521434006,32.2438850402832,10946200.0
2017-04-05,32.22122546270695,32.37987558241795,32.130565781219765,32.16078567504883,10142800.0
2017-04-06,32.168337696062,32.30432143586531,32.08523444034581,32.236328125,14597800.0
2017-04-07,32.213673003675076,32.28922274752418,32.11545977763527,32.191009521484375,11028800.0
2017-04-10,32.281658030637445,32.33454139676832,32.153227822013115,32.25143814086914,9426900.0
2017-04-11,32.24388878595268,32.29677215893356,32.12301209314957,32.22877883911133,8909400.0
2017-04-12,32.13810603256734,32.478072462347214,32.11543968263119,32.4402961730957,13417200.0
2017-04-13,32.38743658397479,32.546089622201436,32.319443248142896,32.32699966430664,9891900.0
2017-04-17,32.32698735182465,32.53852081298828,32.31943093853894,32.53852081298828,11318100.0
2017-04-18,32.5687436201182,32.931373678284224,32.55363367412034,32.848270416259766,13181600.0
2017-04-19,33.04468964486898,33.0824630606839,32.62917342512418,32.659393310546875,13893100.0
2017-04-20,32.636737908053924,32.71228475836545,32.523414750659036,32.55363464355469,10838300.0
2017-04-21,32.47052750305322,32.56118428899088,32.40253419311816,32.53852081298828,13833800.0
2017-04-24,32.66695706198113,32.810497227097,32.59896374546781,32.697174072265625,16703800.0
2017-04-25,32.37231444542069,32.81049419623589,32.349650969318965,32.56874084472656,18745100.0
2017-04-26,32.5309636212611,32.81049036090758,32.47052384948514,32.66695022583008,13626600.0
2017-04-27,32.614071268700116,32.697174532489164,32.42520126260778,32.493194580078125,10386200.0
2017-04-28,32.455421639954515,32.636738116559194,32.37231837492436,32.59896469116211,10337800.0
2017-05-01,32.59896827629534,32.8633851650823,32.56119196481611,32.651851654052734,13208200.0
2017-05-02,32.651854633014615,32.81805831458931,32.60652478426068,32.7802848815918,11823900.0
2017-05-03,32.734950518052905,32.85582720548885,32.59896388444652,32.727394104003906,10389000.0
2017-05-04,32.802947863463984,33.09758755296738,32.78784079603853,32.9842643737793,10193100.0
2017-05-05,33.08247723616335,33.12025066816377,32.908717143418905,33.006927490234375,8133000.0
2017-05-08,32.93136899624705,33.173122333986306,32.89359557758663,33.15801239013672,14284300.0
2017-05-09,33.15801673966121,33.15801673966121,32.77272320770036,32.870933532714844,8694400.0
2017-05-10,32.84827407142702,32.95404082325362,32.75761726727963,32.91626739501953,7597700.0
2017-05-11,32.855822298902,32.99936244319398,32.810492467160095,32.99180603027344,6860100.0
2017-05-12,32.969150839200985,32.99937073462197,32.83316419173439,32.93137741088867,7275800.0
2017-05-15,32.833152365455874,33.05979573562218,32.833152365455874,33.037132263183594,8493000.0
2017-05-16,33.14290611861952,33.324222582977924,33.06735927292786,33.1277961730957,10454100.0
2017-05-17,33.12779264621432,33.3695459850028,33.022025920735246,33.188232421875,14538800.0
2017-05-18,33.142898768017865,33.210892066831434,32.96913875592247,33.09001541137695,13832200.0
2017-05-19,33.1277891939079,33.241112320498516,33.059795894338905,33.165565490722656,11796800.0
2017-05-22,33.158023406566244,33.407333240024606,33.09758649301541,33.377113342285156,12857900.0
2017-05-23,33.429977015567815,33.694393760095544,33.39975713564283,33.535743713378906,11996100.0
2017-05-24,33.62641049612968,34.06459023989562,33.62641049612968,34.01926040649414,12738300.0
2017-05-25,33.99660398695929,34.35923408365552,33.973940506518225,34.30635070800781,16704200.0
2017-05-26,34.261024608327666,34.41967763453199,34.24591754100168,34.29124450683594,11341400.0
2017-05-30,34.11746937764109,34.34411275271443,34.07969596211668,34.321449279785156,13093500.0
2017-05-31,34.321457048887034,34.52543699720457,34.27612721084063,34.35167694091797,14148000.0
2017-06-01,34.336570038947286,34.59343338012695,34.17036349996992,34.59343338012695,11049300.0
2017-06-02,34.62365649511962,34.668983459472656,34.45744994068369,34.668983459472656,9923700.0
2017-06-05,34.585869124431454,34.74452209472656,34.51787581771273,34.74452209472656,10015200.0
2017-06-06,34.6765320945872,34.79740877562145,34.585872422365966,34.736968994140625,9836700.0
2017-06-07,34.374339626089245,34.52543620083117,34.261016474550935,34.381893157958984,12776300.0
2017-06-08,34.38189078794023,34.38189078794023,34.01926076271296,34.094810485839844,12879000.0
2017-06-09,34.0419377808571,34.26102484171409,33.973944449714395,34.23836135864258,9358800.0
2017-06-12,34.23835423046183,34.3592309182245,34.147697435121714,34.24591064453125,11228500.0
2017-06-13,34.2763786788999,34.36016584724035,34.12403863697587,34.29922866821289,10023400.0
2017-06-14,34.41347615686931,34.63436901929869,34.39824186577308,34.504878997802734,11497500.0
2017-06-15,34.41348211445205,34.535353558676036,34.30684496396162,34.466800689697266,9908700.0
2017-06-16,34.51249694824219,34.54296262421876,34.283985491732764,34.51249694824219,27025300.0
2017-06-19,34.5429773319453,34.56583023071289,34.352552974204386,34.56583023071289,7624700.0
2017-06-20,34.542962072123956,34.93904490992753,34.52011208909577,34.741004943847656,14920900.0
2017-06-21,34.74863165882239,34.794334545019865,34.405867276453165,34.44395446777344,9515800.0
2017-06-22,34.40585757575431,34.489644724003604,34.299220443671175,34.329689025878906,7446300.0
2017-06-23,34.31446065800618,34.565822146143134,34.299226364272634,34.466800689697266,9544800.0
2017-06-26,34.52011756553358,34.664838990411106,34.50488327255,34.603904724121094,7747100.0
2017-06-27,34.535345977177535,34.5810488483451,34.27636885184893,34.314453125,11432200.0
2017-06-28,34.46680775659605,34.657232108842436,34.45157345973894,34.52012634277344,9218800.0
2017-06-29,34.375397324243025,34.45918448571544,34.009782996981556,34.146888732910156,9283500.0
2017-06-30,34.19259322483036,34.367783264850665,34.16212463378906,34.16212463378906,9352800.0
2017-07-03,34.36016266965502,34.48203411079481,34.09356689453125,34.09356689453125,6434500.0
2017-07-05,34.11642079459625,34.268760826929615,34.07071791320291,34.1392707824707,6853600.0
2017-07-06,34.063105553717556,34.16212411462984,33.73557546911299,33.81936264038086,13113000.0
2017-07-07,33.87268187226945,33.91076615840209,33.69749183154349,33.811744689941406,9566000.0
2017-07-10,33.857449138373205,33.956470611401286,33.689874784886435,33.80413055419922,9672000.0
2017-07-11,33.75842601610661,33.880297474785365,33.62893886248003,33.76604461669922,10300700.0
2017-07-12,33.96409347852377,34.10119926839218,33.84983768508492,33.90315628051758,7737400.0
2017-07-13,33.887907923234366,33.91837360134159,33.79650217198048,33.84220504760742,6371900.0
2017-07-14,33.91076708745446,34.06310714180346,33.895532791455075,34.03263854980469,8558700.0
2017-07-17,34.017394475364114,34.116415918073564,33.97931019913556,34.07071304321289,7189200.0
2017-07-18,34.10881160023202,34.162130190404405,33.986940121888686,34.0250244140625,9037200.0
2017-07-19,34.02501438484528,34.15450442684202,33.93361152944101,34.146888732910156,6986900.0
2017-07-20,34.200207957661824,34.2611422272085,34.085952207000695,34.1392707824707,7430300.0
2017-07-21,34.108804342219,34.32969725772662,34.02501717387855,34.29922866821289,8545600.0
2017-07-24,34.306850554563106,34.31446624984871,34.14689480276127,34.154510498046875,9103600.0
2017-07-25,34.291597036366575,34.49725556153591,34.23065988566013,34.459171295166016,14096300.0
2017-07-26,33.933609156506904,34.87811494845091,33.75080345848173,34.840030670166016,13608900.0
2017-07-27,34.885727976024796,35.36559798154848,34.809559425275495,35.12947082519531,15195200.0
2017-07-28,35.03808056299329,35.12948343783789,34.83242191535919,35.04569625854492,11945300.0
2017-07-31,35.03806633462268,35.09900349687019,34.8781106421887,34.916194915771484,13622900.0
2017-08-01,35.015221276148935,35.083774140496764,34.7714784041665,34.80956268310547,10306800.0
2017-08-02,34.73339999721251,35.038080117009706,34.56582854640452,34.72578430175781,10187900.0
2017-08-03,34.771496510281985,35.000005208548394,34.756262209644795,34.78672790527344,14261400.0
2017-08-04,34.786717535545385,34.85527041515464,34.6343803858758,34.657230377197266,9523600.0
2017-08-07,34.67245975190622,34.85526546782034,34.65722545797263,34.76386260986328,6226300.0
2017-08-08,34.76385175706624,34.90095745402155,34.69529890858859,34.73338317871094,5747900.0
2017-08-09,34.70293430974876,34.77910288687558,34.52774425784111,34.72578430175781,9635300.0
2017-08-10,34.702924943825046,34.916199226735806,34.62675348161107,34.840030670166016,8901600.0
2017-08-11,34.931442946774176,34.96191153988289,34.71055000520346,34.72578430175781,8357600.0
2017-08-14,34.78671309893329,34.99237171153188,34.74862881637307,34.88573455810547,8421200.0
2017-08-15,34.885735002614354,35.22849936131279,34.885735002614354,35.182796478271484,9638100.0
2017-08-16,35.15233776750616,35.29705923404157,35.129484868630485,35.19042205810547,8087300.0
2017-08-17,35.12947462812095,35.28943325104107,34.9238160320616,34.931434631347656,8477000.0
2017-08-18,34.88574940659232,34.961920909778286,34.756262209644795,34.78672790527344,10879800.0
2017-08-21,34.78671581112835,34.885737278020876,34.70293154522132,34.794334411621094,9429700.0
2017-08-22,34.8095546245992,34.84763889472155,34.68768321682154,34.73338317871094,10536700.0
2017-08-23,34.75624359819875,34.77909358409585,34.61151927246599,34.68769073486328,6528400.0
2017-08-24,34.68769409582824,34.7410126718504,34.51250407380621,34.58867263793945,7534400.0
2017-08-25,34.7334060262488,34.85527751419318,34.702940333496805,34.71055603027344,8807100.0
2017-08-28,34.756237735517516,34.80193769960304,34.56581347011133,34.59627914428711,8024000.0
2017-08-29,34.581052533093626,34.71053965673341,34.46679679582221,34.619136810302734,7762200.0
2017-08-30,34.550598186539766,34.68770396550582,34.49727959534689,34.573448181152344,7134900.0
2017-08-31,34.58105204060529,34.771476329582974,34.53534916521879,34.69530487060547,14264600.0
2017-09-01,34.76386150871366,34.8857329506776,34.68769294710284,34.87049865722656,7391200.0
2017-09-05,34.84765137337414,34.98475711942587,34.77148280585411,34.97713851928711,9916700.0
2017-09-06,35.02284080071852,35.06854368383111,34.87811936266215,35.007606506347656,9238900.0
2017-09-07,35.045680404144505,35.28180753845301,35.007596132325375,35.251338958740234,9418400.0
2017-09-08,35.18279152003756,35.31989724419493,35.053304394802346,35.266578674316406,10534900.0
2017-09-11,35.30466067327928,35.48746926223789,35.205642138835486,35.43415069580078,10430300.0
2017-09-12,35.41892013043129,35.609344432207806,35.380835851204836,35.58649444580078,8567600.0
2017-09-13,35.556023216348976,35.7845317803609,35.533173231640994,35.70074462890625,10218000.0
2017-09-14,35.62397193128486,35.677714756319595,35.27080102978825,35.40132141113281,13768800.0
2017-09-15,35.547196826068365,35.5932633630307,35.316869998785705,35.4550666809082,16141400.0
2017-09-18,35.432032433656744,35.50113076995344,35.24776922727745,35.40132141113281,8535300.0
2017-09-19,35.424351010870595,35.46273832225634,35.232411525177746,35.301509857177734,7297900.0
2017-09-20,35.132605151232774,35.43203323446209,34.97137667248464,35.1479606628418,11026600.0
2017-09-21,35.09423107254876,35.15565314215046,34.825516839955014,34.85622787475586,7555300.0
2017-09-22,34.89460864260464,35.032805344457714,34.83318658455219,34.92531967163086,8024800.0
2017-09-25,34.932995871627455,35.132611702237334,34.81783097746777,35.0788688659668,9215300.0
2017-09-26,35.078866449329226,35.2170631412943,34.97906000528257,34.98673629760742,6480100.0
2017-09-27,34.90997260812105,34.933004421083794,34.07311590154226,34.27273178100586,14816200.0
2017-09-28,34.295736398353284,34.54909785509705,34.280383821062735,34.47999954223633,8789500.0
2017-09-29,34.44162364311363,34.633563139182016,34.387880818515626,34.556785583496094,10082200.0
2017-10-02,34.5874969012727,34.756404596460534,34.357170089775664,34.39555740356445,10707800.0
2017-10-03,34.441629595095755,34.74873108461792,34.36485202614163,34.69498825073242,12038100.0
2017-10-04,34.63356964105285,34.97906138458907,34.50304923626591,34.9329948425293,14060300.0
2017-10-05,34.940665964070284,35.12492917627429,34.932989672578806,34.94834518432617,10215300.0
2017-10-06,34.8485420990653,34.948351479018065,34.76408823362564,34.92531967163086,5437900.0
2017-10-09,34.97138490877028,35.048162484897645,34.81015639205041,34.86389923095703,5268300.0
2017-10-10,35.009772653615826,35.24010245600371,34.95602981406268,35.21706771850586,6310400.0
2017-10-11,35.224737658065415,35.39364242553711,35.217058438001416,35.39364242553711,6638200.0
2017-10-12,35.301512052312184,35.424353213643606,35.27080102978825,35.40132141113281,7710200.0
2017-10-13,35.50880950964867,35.608618875351475,35.43203487680929,35.4550666809082,7126000.0
2017-10-16,35.40900197043547,35.89269038281412,35.39364645732261,35.79288101196289,12708600.0
2017-10-17,35.7237788914604,35.80055644890956,35.554874122600935,35.716102600097656,7699400.0
2017-10-18,35.63165776913558,35.731467154697604,35.50114028158646,35.62398147583008,6272200.0
2017-10-19,35.60093636402476,35.92339623542541,35.56254905115342,35.76984405517578,7515500.0
2017-10-20,35.762179550191526,35.76985584378996,35.53184973952554,35.60862731933594,9646800.0
2017-10-23,35.60862376374539,35.815918815386844,35.493458869911834,35.562557220458984,7153600.0
2017-10-24,35.5164858014268,35.539520534290226,35.27848268236601,35.4550666809082,9539500.0
2017-10-25,35.60094513376138,35.90037034818655,35.26313259700875,35.355262756347656,11994200.0
2017-10-26,35.56255614264239,35.892692370943706,35.485781501590154,35.49345779418945,10569100.0
2017-10-27,35.41669109445585,35.57024333975545,35.247783331749744,35.37062454223633,9988000.0
2017-10-30,35.316866751112386,35.370609574910766,35.1786700816982,35.209381103515625,7201900.0
2017-10-31,35.25544332625636,35.44738281194922,35.194024213792,35.301509857177734,6560500.0
2017-11-01,35.124923695642124,35.38596149708816,35.03279356829762,35.16331100463867,7067600.0
2017-11-02,35.1710114826635,35.278497184328685,35.12494492676455,35.224754333496094,8317800.0
2017-11-03,35.29383850097656,35.43971147614312,35.2554482554592,35.29383850097656,4730400.0
2017-11-06,35.24777420966065,35.255450501994545,34.8715714524758,34.90996170043945,7451300.0
2017-11-07,34.863898281863925,35.2784883953702,34.787123636591645,35.270809173583984,9868000.0
2017-11-08,35.301514486464924,35.462742972686335,35.2170606330829,35.4550666809082,7586900.0
2017-11-09,35.40900393177309,35.616298977131926,35.33222929072085,35.49345779418945,6532400.0
2017-11-10,35.47042271552114,35.80823520525893,35.42435617788049,35.73146057128906,8022900.0
2017-11-13,35.777526342977225,35.94643406243915,35.7314627313165,35.869659423828125,7653600.0
2017-11-14,35.8619776732403,36.453151720894795,35.792879331858224,36.414764404296875,17200700.0
2017-11-15,36.33029877976961,36.43778440292505,35.91570886580131,35.938743591308594,12419100.0
2017-11-16,36.04624012596345,36.06927192967908,35.70842471805702,35.7391357421875,12506400.0
2017-11-17,35.57790759167072,35.60861861608868,34.74105121325068,35.09421920776367,19720700.0
2017-11-20,35.0481547984136,35.22473879163194,34.87156787643084,34.902278900146484,19160900.0
2017-11-21,34.97905589267133,35.27848104713627,34.96370038106232,35.1479606628418,10280800.0
2017-11-22,35.23241808024654,35.263129106574645,34.96370392178734,35.19403076171875,8434400.0
2017-11-24,35.23243062842973,35.355271848727895,35.20939881486311,35.224754333496094,2996300.0
2017-11-27,35.22473390677553,35.309187745899564,35.17099108710825,35.240089416503906,5649200.0
2017-11-28,35.30918911525272,35.43203026907966,35.14795772123401,35.18634796142578,8432800.0
2017-11-29,35.14028988865103,35.17867720931843,34.71034428238764,34.9329948425293,16502100.0
2017-11-30,34.9407289773435,35.48256631169246,34.85558273087461,35.428382873535156,17147600.0
2017-12-01,35.45161187206114,35.62190440519804,34.99492067637489,35.58320236206055,12468800.0
2017-12-04,35.59868335967314,35.9005634265543,35.42839082849849,35.784454345703125,17523600.0
2017-12-05,35.79993136678233,35.94700029210048,35.65286244146418,35.80767059326172,13670800.0
2017-12-06,35.88507377499218,35.977959246668455,35.807666754615354,35.95473861694336,8154000.0
2017-12-07,35.8308874699831,35.85410809785011,35.38967782385582,35.436119079589844,9106500.0
2017-12-08,35.37421056896457,35.397431206118696,34.87107511026158,35.072330474853516,13238600.0
2017-12-11,35.072313855875834,35.149717911563,34.770430952034815,35.08779525756836,9698700.0
2017-12-12,35.02587999142894,35.234874546815924,34.87881106109423,35.05684280395508,13999300.0
2017-12-13,35.18068278140467,35.645113048358446,35.1419807512878,35.52900695800781,12418700.0
2017-12-14,35.459345318759574,35.73800173238272,35.451603140372995,35.629634857177734,9029000.0
2017-12-15,35.830889837901864,35.93151453382591,35.637376718819795,35.753482818603516,21181600.0
2017-12-18,35.76122152290267,35.90055119132867,35.53674561790794,35.55222702026367,10156800.0
2017-12-19,35.637381658152954,35.90055965469201,35.53675399550606,35.70704650878906,8253200.0
2017-12-20,35.768974945817384,35.83863980768313,35.57546176872107,35.66835021972656,7311000.0
2017-12-21,35.714783974566075,35.77670959553453,35.265835033649324,35.29679489135742,9657100.0
2017-12-22,35.36646276536172,35.39742557849586,35.25809587216859,35.289058685302734,5406300.0
2017-12-26,35.37420432769274,35.49805262529158,35.304539475744875,35.4593505859375,6100400.0
2017-12-27,35.52900639311787,35.55996624505375,35.38967672469187,35.55222702026367,5660600.0
2017-12-28,35.536763179763035,35.59868881978889,35.32776857384133,35.38969421386719,6538900.0
2017-12-29,35.37421623917829,35.745761257084375,35.366474057034665,35.513545989990234,8371500.0
2018-01-02,35.53674954544339,35.559970175155556,35.22712736966037,35.25035095214844,10872200.0
2018-01-03,35.21165191978563,35.36646006809698,35.09554285577597,35.17294692993164,12635600.0
2018-01-04,35.265842457033,35.77671712645622,35.180696186666346,35.66835021972656,12709400.0
2018-01-05,35.62190434120938,35.76123405847535,35.443872580875436,35.660606384277344,13113100.0
2018-01-08,35.56771657125089,35.68382268635564,35.51353312698009,35.60641860961914,7068600.0
2018-01-09,35.60642258710081,35.885082018922375,35.55997836420502,35.784454345703125,9962400.0
2018-01-10,35.78445469376081,35.80767532904626,35.55223948257639,35.660606384277344,10700700.0
2018-01-11,35.78444760827555,35.78444760827555,35.498049002948896,35.63737869262695,7583200.0
2018-01-12,35.82314360543467,35.908289840638815,35.629630508252724,35.72251892089844,14570100.0
2018-01-16,35.72252476779495,36.08632744215519,35.71478258908618,36.01666259765625,16459300.0
2018-01-17,36.05536371335969,36.38046431758879,36.03214013250354,36.24113464355469,12143100.0
2018-01-18,36.18695474465574,36.43465131096393,36.07858786599291,36.28758239746094,11952900.0
2018-01-19,36.37273452173246,36.573986907078876,36.27984607977893,36.50432205200195,16187400.0
2018-01-22,36.48882104779416,36.767480318441066,36.450119027487624,36.67459487915039,9577400.0
2018-01-23,36.54301259582397,36.92229956586071,36.48108994011369,36.72878646850586,11463700.0
2018-01-24,36.7907158385348,37.11581943686575,36.7520138025558,37.02293395996094,15964500.0
2018-01-25,36.92231090006965,37.15452609762451,36.92231090006965,37.030677795410156,11755000.0
2018-01-26,36.98422656985643,37.63443077152514,36.95326671474907,37.56476593017578,16671200.0
2018-01-29,37.3170715496161,37.510584681011466,36.829420584498536,36.922306060791016,11662600.0
2018-01-30,36.94552293225753,37.278365720611035,36.6900871602512,36.69782638549805,12404800.0
2018-01-31,36.72878752324115,37.077111699037765,36.66686191297703,36.837154388427734,10960100.0
2018-02-01,36.697823664262955,36.945520192655124,36.46560853799224,36.72878646850586,10279400.0
2018-02-02,36.65138619972721,36.69783041463474,36.09407038471731,36.17147445678711,12912300.0
2018-02-05,36.10955325032671,36.31854484392414,34.37567420973232,34.74721908569336,23261500.0
2018-02-06,33.9576894606118,34.631117402659,33.624846579676266,34.57693099975586,25184300.0
2018-02-07,34.50725691480652,35.21938369526871,34.27503883591399,34.49177551269531,18041600.0
2018-02-08,34.53823589971284,34.53823589971284,33.338454622808385,33.36167526245117,23295300.0
2018-02-09,33.56291942954331,33.640323504330205,32.65727640010048,33.3848876953125,22853100.0
2018-02-12,33.71773753258028,34.23635143743794,33.570665626062535,34.035099029541016,14689000.0
2018-02-13,33.99638495324323,34.37567198383038,33.81835322958836,34.205379486083984,13163200.0
2018-02-14,34.07378520193978,34.20537268565467,33.77190525433463,34.13570785522461,13457900.0
2018-02-15,34.25182810298968,34.70078003557057,34.151200436587686,34.66207504272461,13467300.0
2018-02-16,35.273570341657084,35.327753777597664,34.615626932221055,34.81687927246094,17202300.0
2018-02-20,34.63885781516453,34.7007834475859,34.01187407439323,34.05057907104492,14137300.0
2018-02-21,34.143460427496976,34.25956654504583,33.53970034846925,33.54743957519531,12792900.0
2018-02-22,33.61710653680992,33.91898659527126,33.454556190373275,33.686771392822266,12377800.0
2018-02-23,33.73320811727113,34.10475294916957,33.60935688719581,34.089271545410156,8277200.0
2018-02-26,34.23634261927676,34.3601909044164,33.91124197807622,34.0815315246582,12713300.0
2018-02-27,34.17441374001741,34.29826200264082,33.764163970947266,33.764163970947266,12774400.0
2018-02-28,33.926728086779036,33.98865076154646,33.45455551147461,33.45455551147461,11929400.0
2018-03-01,33.3616723809381,33.779661575068744,33.14493855558602,33.61711120605469,17746800.0
2018-03-02,33.47776246198391,33.90349064262172,33.47002323809241,33.84156799316406,14050100.0
2018-03-05,33.725470828920656,34.011869458055685,33.671287384294466,33.973167419433594,11992700.0
2018-03-06,34.019601274334995,34.09700532800023,33.740941956699565,34.004119873046875,10010500.0
2018-03-07,33.74094792761992,33.996383712138325,33.64806245622922,33.91897964477539,10881700.0
2018-03-08,33.98090321925709,34.41437069488751,33.903496203768995,34.40663146972656,12361100.0
2018-03-09,34.499521987836644,34.69303512573242,34.3601922923296,34.69303512573242,9778600.0
2018-03-12,34.79365132104431,34.90201817011905,34.313739723952544,34.46854782104492,11857700.0
2018-03-13,34.57692341626989,34.70077464971195,34.367931841776226,34.49951934814453,11342100.0
2018-03-14,34.655697367493374,34.694741044520704,34.1481206296133,34.187164306640625,15321200.0
2018-03-15,34.26526465530033,34.3589701033244,34.007570949680996,34.10127639770508,12456700.0
2018-03-16,34.12469255412997,34.374575643664215,33.929471204253765,33.937278747558594,26603300.0
2018-03-19,33.93729040019253,34.13251181709954,33.718643366486255,33.78111267089844,12380300.0
2018-03-20,33.82795974979603,33.952901311115504,33.585884171496275,33.70301818847656,13559800.0
2018-03-21,33.67959518094282,33.92947832290435,33.41409397025344,33.57807922363281,13054000.0
2018-03-22,33.48436390227341,33.86699604716847,33.343804304071625,33.390655517578125,12274100.0
2018-03-23,33.43751424636702,33.703015414675036,33.023645917091,33.05488204956055,13475200.0
2018-03-26,33.273525441079116,33.42970310779063,32.99240623676662,33.335994720458984,11276100.0
2018-03-27,33.34380129904574,33.8201417857071,33.21104925544527,33.49216842651367,11627000.0
2018-03-28,33.57808162289833,34.124702152062795,33.57808162289833,33.827964782714844,16277400.0
2018-03-29,33.9997658585149,34.29650029515756,33.80454442337714,33.91386795043945,10450500.0
2018-04-02,33.92165944296872,33.96851363761036,33.16420265873064,33.320377349853516,14207900.0
2018-04-03,33.56245769515983,33.999754637935304,33.45313420417639,33.874813079833984,15484600.0
2018-04-04,33.68739573133155,34.671313004999945,33.663970122524674,34.54637145996094,13563300.0
2018-04-05,34.57760964764211,34.83530329741139,34.312108453414,34.67131805419922,11707800.0
2018-04-06,34.57761666400201,34.7650305363037,34.13251206848325,34.2964973449707,11495100.0
2018-04-09,34.382390090735576,34.60104007211262,34.18716870166014,34.22621536254883,11913400.0
2018-04-10,34.4136312614305,34.49952916180229,34.1403224682861,34.35116195678711,10379500.0
2018-04-11,34.21060229778644,34.468293020059384,34.17155563118658,34.35116195678711,8424300.0
2018-04-12,34.4214357283314,34.67912640525242,34.31991977495432,34.382389068603516,8476400.0
2018-04-13,34.50733046150323,34.89777322608669,34.468286780813266,34.7572135925293,10774200.0
2018-04-16,34.86654325728251,35.05395413326928,34.67132185713835,34.88996887207031,8962100.0
2018-04-17,35.100811966897986,35.16328127239802,34.86654685829854,35.04615020751953,8406400.0
2018-04-18,35.06176145113159,35.11642319986592,34.616656937813794,34.7572135925293,7429000.0
2018-04-19,34.62445786524875,34.72597379871522,34.37457478197847,34.60103225708008,10370400.0
2018-04-20,34.60103015190442,34.679117493609944,34.0309842166989,34.15592575073242,14690700.0
2018-04-23,34.15592339927061,34.35114471893557,34.01536381080457,34.34333419799805,11878500.0
2018-04-24,34.34334184878561,34.43704726902442,33.367235033010076,33.63273620605469,18523900.0
2018-04-25,33.375044457316505,33.49217548404984,32.726908123127714,33.13296890258789,20774700.0
2018-04-26,33.109538166705455,33.65615549784532,33.00021172163645,33.38284683227539,13561000.0
2018-04-27,33.36723726012101,33.84357789462769,33.351619192565174,33.820152282714844,9777900.0
2018-04-30,33.96851528377341,34.11688243906674,33.5546469703268,33.74205780029297,16037700.0
2018-05-01,33.54683846670319,33.57026705598981,32.937748764400204,33.257911682128906,11514200.0
2018-05-02,33.10954490895449,33.25791207492785,32.75033533111945,32.84404373168945,13736400.0
2018-05-03,32.96898590498148,33.109545529629784,32.42236547344274,32.7112922668457,18352200.0
2018-05-04,32.63319987435571,33.187627764439746,32.617581809711496,33.078304290771484,10946200.0
2018-05-07,33.062694736610325,33.179828762172136,32.76595738967123,32.906517028808594,9336000.0
2018-05-08,32.77376434127893,32.86746976420983,32.55511438265124,32.64882278442383,15062200.0
2018-05-09,32.773774550849,32.976803526919774,32.53950645228085,32.625404357910156,9295200.0
2018-05-10,32.789380794745696,33.078307572222826,32.75033413984101,32.937747955322266,7924200.0
2018-05-11,32.98460737213047,33.164210693507755,32.82842966432873,32.906517028808594,6331900.0
2018-05-14,32.99241159729647,33.04707334270063,32.71910287027567,32.828426361083984,10715500.0
2018-05-15,32.62539966129152,32.73472316950283,32.3677089603423,32.578548431396484,16449700.0
2018-05-16,32.594151812481044,32.75032648020756,32.43797416591369,32.44578170776367,11590500.0
2018-05-17,32.804998484145635,33.07049967281238,32.695674990960825,33.031455993652344,14857400.0
2018-05-18,33.03145337364212,33.093925638416394,32.85966060319598,32.937747955322266,11950200.0
2018-05-21,33.0392679848898,33.20325323195371,33.00803184863708,33.11735534667969,9110200.0
2018-05-22,33.18763010600615,33.26571745589546,32.9611726209491,32.992408752441406,8222900.0
2018-05-23,32.99242024628908,33.14859797931812,32.742537064979615,33.109554290771484,8971400.0
2018-05-24,33.10954563267001,33.16420737810983,32.945557417508844,33.04707336425781,9269600.0
2018-05-25,33.062700077210025,33.25011395261337,32.953376557742445,33.109554290771484,8806500.0
2018-05-29,32.89089670841196,33.46094277084686,32.87527864081681,33.32819366455078,14826900.0
2018-05-30,33.39847287859552,33.79672316916254,33.343811132416555,33.67959213256836,10114200.0
2018-05-31,33.73425693206928,33.74206447701219,33.32819608167128,33.57807922363281,15571300.0
2018-06-01,33.65615775324319,33.82795348530885,33.609306538200734,33.671775817871094,10664700.0
2018-06-04,33.85918887502334,34.0387921460595,33.80452713944022,33.9607048034668,11727600.0
2018-06-05,33.968515784581726,33.99975191631709,33.65616042491105,33.663970947265625,9975900.0
2018-06-06,33.6249263750615,33.937278747558594,33.609308309610434,33.937278747558594,9202900.0
2018-06-07,33.83577409355063,34.14812654269776,33.83577409355063,33.921669006347656,11948100.0
2018-06-08,34.02318603287949,34.35896708588988,34.01537848741418,34.319923400878906,12078800.0
2018-06-11,34.31991250245556,34.554177516971855,34.27305830801579,34.460472106933594,7526100.0
2018-06-12,34.460475950713395,34.686930468661544,34.42143227374589,34.67912292480469,8243300.0
2018-06-13,34.63227227390241,34.76502436380493,34.4760975500292,34.4995231628418,16745000.0
2018-06-14,34.468007313574404,34.546790128142455,34.286804435770506,34.334075927734375,12696200.0
2018-06-15,34.3183101369201,34.78313583891735,34.23164725945724,34.759498596191406,21562500.0
2018-06-18,34.57042492810738,34.63345057422322,34.19226203529777,34.3104362487793,12161900.0
2018-06-19,34.11348296309185,34.468011684348134,34.03470013853361,34.34983444213867,12936400.0
2018-06-20,34.36558935858583,34.49164367285088,34.058332155400514,34.081966400146484,10893700.0
2018-06-21,34.08984384739652,34.11347809031365,33.8456123175567,33.94803237915039,10465200.0
2018-06-22,33.99531764914807,34.20015484998723,33.9401690564078,34.074100494384766,14924400.0
2018-06-25,34.00318149473076,34.468007313574404,34.00318149473076,34.334075927734375,12092400.0
2018-06-26,34.31831068426482,34.53890491741875,34.09771344573987,34.137107849121094,13974700.0
2018-06-27,34.13711781750542,34.35771211507512,33.869252025297115,33.93227767944336,15332600.0
2018-06-28,34.06621834326705,34.41286701825243,34.011066753359934,34.24742126464844,12668900.0
2018-06-29,34.32619785803153,34.743752209422105,34.12136072490745,34.55467224121094,11485600.0
2018-07-02,34.49162892458162,34.791008919963744,34.33406335315268,34.467994689941406,9232500.0
2018-07-03,34.71224544454618,34.924962690753844,34.65709686279297,34.65709686279297,8214300.0
2018-07-05,34.791031586274464,35.19282886378166,34.76739733623656,35.18495178222656,11653000.0
2018-07-06,35.192823699694884,35.405540934940255,35.12192095998524,35.169189453125,8733900.0
2018-07-09,35.0904035017567,35.24009205898512,34.93283485945884,34.980106353759766,7373100.0
2018-07-10,35.06677131405084,35.45281439313996,35.05889423321618,35.42918014526367,10606100.0
2018-07-11,35.44491828137066,35.45279535797599,35.16917251425287,35.287349700927734,7715600.0
2018-07-12,35.31887882418116,35.421295889838404,35.0510130267469,35.19282150268555,6331600.0
2018-07-13,35.2164486303449,35.279474267604314,35.03524579083882,35.247962951660156,5585900.0
2018-07-16,35.24008560180664,35.295234165700016,35.0825169883807,35.24008560180664,5831400.0
2018-07-17,35.25584118669204,35.76005832280433,35.20069262526546,35.64976119995117,11592200.0
2018-07-18,35.60250041515721,35.681286244707294,35.32675752516217,35.5473518371582,7351600.0
2018-07-19,35.44493069338419,35.79157928745055,35.38977911635123,35.53947067260742,10097500.0
2018-07-20,35.46856376313898,35.67340087890625,35.37402378704421,35.67340087890625,8588400.0
2018-07-23,35.67339583561589,35.73642448101623,35.27159873998805,35.41341018676758,9055700.0
2018-07-24,35.279479469077266,35.665522448678125,35.145548091797735,35.65764236450195,13786100.0
2018-07-25,36.24064821878302,36.697596964989614,36.04368817411573,36.311553955078125,21330600.0
2018-07-26,36.5242732617333,36.70547615258997,36.39821894612117,36.42973327636719,12673100.0
2018-07-27,36.492752673343595,36.634564129759475,36.287915572615894,36.406089782714844,10516900.0
2018-07-30,36.31943204423788,36.58729783264736,36.28004063528363,36.421852111816406,8967900.0
2018-07-31,36.55578518868314,36.76849939042937,36.48487945297715,36.73698806762695,12438800.0
2018-08-01,36.59518409960994,36.62669843424573,36.374586762531756,36.54791259765625,9904100.0
2018-08-02,36.61880533348082,36.73698254367837,36.38245391845703,36.38245391845703,12009700.0
2018-08-03,36.42185350862613,36.83940786922407,36.35094776764044,36.72911071777344,11462800.0
2018-08-06,36.7133521676803,36.92606938261363,36.673960758701206,36.75274658203125,10056100.0
2018-08-07,36.65032442450969,36.72123015877761,36.343067244472614,36.63456726074219,8632900.0
2018-08-08,36.62668378069136,36.681832341554056,36.33518080999295,36.35881805419922,6810000.0
2018-08-09,36.437605130508736,36.5715365067885,36.30367375422898,36.516387939453125,8924100.0
2018-08-10,36.40610131473898,36.57154706450709,36.217021316538975,36.30368423461914,7535400.0
2018-08-13,36.28003511541124,36.343063764445944,36.00429228931289,36.106712341308594,8143400.0
2018-08-14,36.16973741713826,36.3194259481886,36.13822309311565,36.15398025512695,6846100.0
2018-08-15,36.059452647790714,36.358832817875175,35.96491264869071,36.30368423461914,9686400.0
2018-08-16,36.32730044282792,36.540017589196374,36.21700333108965,36.413963317871094,10600700.0
2018-08-17,36.469116085596795,36.815764620433406,36.42972468476533,36.71334457397461,8885700.0
2018-08-20,36.776373979214284,36.92606250761414,36.7054682541046,36.815765380859375,6392000.0
2018-08-21,36.81576036854204,36.831517528129055,36.40608323539213,36.413963317871094,13986300.0
2018-08-22,36.50850776713385,36.54002209018982,36.17761338578865,36.18549346923828,7159100.0
2018-08-23,36.15398389524263,36.30367544673583,35.99641526463637,36.004295349121094,13144900.0
2018-08-24,35.964895801388245,36.08306999356294,35.90974724396585,35.94913864135742,10952900.0
2018-08-27,36.28004095483123,36.28004095483123,35.89400093615884,35.99641799926758,9581200.0
2018-08-28,35.96490960611126,36.027935265055255,35.67340654170738,35.74431228637695,8476800.0
2018-08-29,35.6497666033156,35.783697985545246,35.62613236065664,35.71279525756836,12410900.0
2018-08-30,35.67339583561589,35.70491015831606,35.36613870271733,35.41341018676758,9716500.0
2018-08-31,35.45281578067605,35.50796436479397,34.97223268590063,35.114044189453125,19834100.0
2018-09-04,35.13766717059235,35.37402160430258,35.066761441553574,35.26372146606445,11138500.0
2018-09-05,35.18493996810824,35.783697142545584,35.18493996810824,35.7521858215332,10554900.0
2018-09-06,35.767944410249875,36.240647303362444,35.68915859114998,36.059444427490234,11439400.0
2018-09-07,35.92552229244726,36.09884814821941,35.67341359607289,36.02006530761719,10208100.0
2018-09-10,36.169744669423125,36.484881962093695,36.08308176367012,36.28792190551758,8568900.0
2018-09-11,36.31942670600062,36.358821114536525,36.14610393100258,36.25640106201172,9278300.0
2018-09-12,36.36670461587515,36.47700176636427,36.25640746538604,36.42973327636719,13216400.0
2018-09-13,36.55684828092362,36.644248319396326,36.31848646841117,36.41383361816406,8294800.0
2018-09-14,36.485337720995915,36.57273775536496,36.23903183970287,36.540958404541016,7612900.0
2018-09-17,36.54890100975828,36.8111011022856,36.47739216915397,36.80315399169922,8527300.0
2018-09-18,36.85877444326219,36.9700097524482,36.4932861328125,36.4932861328125,9847400.0
2018-09-19,36.548906561329225,36.63630660544724,36.4456153245593,36.51712417602539,7119000.0
2018-09-20,36.72371281433826,37.0892012138813,36.6680951461876,37.05741882324219,9736700.0
2018-09-21,37.057417104325545,37.09714357531392,36.85083763662472,37.00974655151367,19240300.0
2018-09-24,36.938243223509055,36.970022586498,36.42178993050589,36.60453414916992,10778900.0
2018-09-25,36.59658530199802,36.69192944042473,36.23904099422847,36.29465866088867,7919100.0
2018-09-26,36.36616390465662,36.60452574247839,36.2072550024637,36.429725646972656,10162600.0
2018-09-27,36.33437600788131,36.69192022585958,36.29464954609145,36.556846618652344,10826900.0
2018-09-28,36.5489092682611,36.69987106323242,36.52507399298544,36.69987106323242,9071900.0
2018-10-01,36.68398153719557,36.82699925722224,36.58863740082294,36.73165512084961,9364700.0
2018-10-02,36.771387857999244,36.99386158869455,36.59659075001803,36.954132080078125,7462700.0
2018-10-03,36.91439341721892,36.98590226581357,36.38999620450314,36.445613861083984,10542300.0
2018-10-04,36.27876385690375,36.46945514572229,36.096019680209224,36.429725646972656,9582300.0
2018-10-05,36.501245697903165,36.67604584702757,36.30261026696586,36.453575134277344,8734100.0
2018-10-08,36.540974115894336,37.00975384012257,36.52508291818232,36.9302978515625,9808100.0
2018-10-09,36.850843453543625,36.985914082412144,36.72371690775258,36.858787536621094,10824500.0
2018-10-10,36.78727357885143,37.105091414854485,36.286711547974065,36.29465866088867,13917000.0
2018-10-11,36.39000227192683,36.52507591109798,35.35709886628973,35.46833419799805,17677900.0
2018-10-12,35.341213130070535,35.659031010554465,35.15846890961985,35.5001220703125,12420100.0
2018-10-15,35.46832336798476,35.96888523876446,35.428596908924206,35.6828498840332,11608500.0
2018-10-16,35.770260339220705,36.23109285433363,35.643133814610025,36.14369583129883,10442500.0
2018-10-17,36.08012739994806,36.540962899330886,36.04040093333043,36.43767166137695,11055800.0
2018-10-18,36.46945431142036,36.612472017028686,36.11985412840661,36.239036560058594,12716900.0
2018-10-19,36.41383312831263,36.9382303211596,36.41383312831263,36.81110382080078,13989200.0
2018-10-22,36.84289263689412,36.91440150114858,36.39795128680913,36.52507781982422,14283600.0
2018-10-23,36.24698736889357,36.91440244196675,36.11191675015691,36.8349494934082,17483900.0
2018-10-24,36.81111431217497,37.65332648048675,36.739605445909284,37.128929138183594,21626000.0
2018-10-25,37.06537046089376,37.13687933309297,36.644261310860195,36.954132080078125,14220200.0
2018-10-26,36.84289206351061,36.93029212189871,36.09602407253739,36.485347747802734,21458000.0
2018-10-29,36.668084684126164,36.99384651789242,36.58862873019858,36.914390563964844,20932200.0
2018-10-30,37.041520852704345,37.9314094422176,36.58068839646983,37.84400939941406,20895400.0
2018-10-31,37.74072169322202,38.20155722348295,37.518251040508645,38.04264831542969,25309400.0
2018-11-01,37.98702940451557,38.25717363005226,37.58181155074291,37.93141174316406,16494500.0
2018-11-02,37.99497134279894,38.13798904418945,37.69304474753729,38.13798904418945,17584900.0
2018-11-05,38.13798204624316,38.75772328459557,38.0744172879842,38.686214447021484,16543500.0
2018-11-06,38.6544434470922,39.03582298620968,38.61471394913266,39.01993179321289,14373400.0
2018-11-07,39.24239647012302,39.36952296384436,38.95636110151633,39.226505279541016,12239700.0
2018-11-08,39.02789564398162,39.22653111065835,39.01200444293508,39.19475173950195,9762800.0
2018-11-09,39.24241390665593,39.63968475492082,39.21857862565957,39.47283172607422,12398100.0
2018-11-12,39.41721883778233,39.91778101606122,39.36160115474427,39.62379837036133,13918300.0
2018-11-13,39.57611063094,39.7270724149803,39.39336646154331,39.61583709716797,13872900.0
2018-11-14,39.607893440341584,39.679402298163645,39.40131397937529,39.53638458251953,12106800.0
2018-11-15,39.456927783670956,39.528436634498405,39.147057107063695,39.52049255371094,12080100.0
2018-11-16,39.456929650312624,39.92570924326197,39.433094375887556,39.862144470214844,13405800.0
2018-11-19,39.97338401100472,40.33092526174726,39.92571042980258,40.13228988647461,13575800.0
2018-11-20,40.378601483285514,40.39449267805868,39.09938909793296,39.23446273803711,16255300.0
2018-11-21,39.11527687585288,39.282129859992686,38.60677081127333,38.7180061340332,13559200.0
2018-11-23,38.733898720955835,39.115278283111465,38.57498981232382,38.94842529296875,4792500.0
2018-11-26,38.940470381387506,39.115270448966676,38.67032620009912,38.8292350769043,9341900.0
2018-11-27,38.83718171855334,39.25828766070503,38.717999304655656,39.226505279541016,9180700.0
2018-11-28,39.099387564255665,39.504605437737915,39.099387564255665,39.49665832519531,11368700.0
2018-11-29,39.4646272128884,39.58475210020196,39.21637359296446,39.22438049316406,11564300.0
2018-11-30,39.24039404005038,40.433623692772294,39.23238714052585,40.361549377441406,25538200.0
2018-12-03,39.937109748971636,40.00918406315472,39.1523022472572,39.79296112060547,14877200.0
2018-12-04,40.01719313428065,40.44963595493274,39.64080471797555,39.704872131347656,19059900.0
2018-12-06,39.64881322053905,39.744914344483405,38.96811372789711,39.544708251953125,17674900.0
2018-12-07,39.69685711957821,39.784948274290244,39.14428949670547,39.312461853027344,15565700.0
2018-12-10,39.60076668800379,39.60076668800379,38.81595915256009,39.432594299316406,12331100.0
2018-12-11,39.71288072602402,40.04922549587986,39.38454285573031,39.6728401184082,18083600.0
2018-12-12,40.00118167904617,40.05723914586044,39.392553389487176,39.41658020019531,12316900.0
2018-12-13,39.01616861265099,39.72890189224139,38.89604372186262,39.61678695678711,13766200.0
2018-12-14,39.4245774533517,39.65681721898366,39.25640509406045,39.51266860961914,13835900.0
2018-12-17,39.51267340952891,39.66482893571849,38.45558551571114,38.70384216308594,18482700.0
2018-12-18,38.92807876239395,39.104261126924314,38.31945044214524,38.695838928222656,14765700.0
2018-12-19,38.631766013499224,39.0481919658995,38.13525274234867,38.3594856262207,17903800.0
2018-12-20,38.28741281889339,38.543676363460015,37.71882521541517,38.071189880371094,21130000.0
2018-12-21,37.846958190541244,39.04018783996074,37.82293443713161,38.09521484375,32477700.0
2018-12-24,38.13525357481397,38.33545965645082,36.70178035201995,36.805885314941406,10733700.0
2018-12-26,36.74181883091905,37.60670746498522,36.565636511706494,37.59069061279297,14342600.0
2018-12-27,37.43053012397395,38.079195869128526,36.861942534090915,38.06317901611328,16966500.0
2018-12-28,38.351475910564965,38.447573972877045,37.662766511706664,37.79890823364258,13218200.0
2018-12-31,38.03115102949897,38.071191637391216,37.60671203211404,37.91903305053711,10576300.0
2019-01-02,37.59070190837523,37.81493485154401,37.28639078998699,37.58269500732422,11603700.0
2019-01-03,37.49460490008368,37.93505778823721,37.262365049181625,37.35045623779297,14714400.0
2019-01-04,37.438539108064916,38.09521484375,37.35044793902624,38.09521484375,13013700.0
2019-01-07,38.095219417572785,38.239368065142514,37.558668494321026,37.59870910644531,13135500.0
2019-01-08,37.838943126382254,38.09520662379841,37.670770778997,38.02313232421875,15420700.0
2019-01-09,37.702813782099774,37.86297621632444,37.182276706161765,37.29439163208008,18032500.0
2019-01-10,37.36646347431056,37.710818183908444,37.11019993064269,37.694801330566406,15976600.0
2019-01-11,37.87098920391097,37.92704667135954,37.61472562274526,37.91102981567383,11088600.0
2019-01-14,37.83894656106873,37.95907142290599,37.630733596106566,37.75886535644531,11514300.0
2019-01-15,37.55065403051322,38.11923859715964,37.486589669786696,38.09521484375,11342900.0
2019-01-16,37.95908259209126,38.01514006280258,37.526636628115575,37.574684143066406,16907800.0
2019-01-17,37.57468771810452,37.75087010276184,37.542657056724096,37.686805725097656,12044600.0
2019-01-18,37.838957180684766,38.191318856782146,37.73484914153438,38.127254486083984,12760700.0
2019-01-22,38.19932661986085,38.27140094207371,37.806921297834606,38.2153434753418,11700400.0
2019-01-23,38.29541310496181,38.671801457565884,38.15927445694018,38.655784606933594,12058300.0
2019-01-24,38.52766638352618,38.52766638352618,37.94306487725731,38.19131851196289,10272000.0
2019-01-25,38.3434731190119,38.46359494604411,37.830945991908074,37.93505096435547,12066500.0
2019-01-28,37.81493838806482,37.87900276717367,37.590705423925364,37.77489471435547,9966900.0
2019-01-29,37.798910444577615,38.14326516414877,37.742852983708126,37.959075927734375,11998600.0
2019-01-30,37.838957806547505,38.35148500022207,37.790907236551874,38.32746124267578,12952500.0
2019-01-31,38.31945296485713,39.06422003043519,38.01514183960181,38.54368591308594,32181500.0
2019-02-01,38.823966428156616,39.0642131364505,38.75990206489948,39.00014877319336,19130100.0
2019-02-04,39.00014854377865,39.600766838431596,38.87201676311546,39.44060134887695,15105700.0
2019-02-05,39.5046765568984,39.6167915052247,39.32048422190152,39.44861602783203,12651900.0
2019-02-06,39.408575411273105,39.528700315853115,39.25641984638788,39.44861602783203,8689100.0
2019-02-07,39.37653037008327,39.608770156189806,39.240391701960206,39.57673645019531,10047800.0
2019-02-08,39.53670007729376,39.64080810546875,39.32848707584645,39.64080810546875,9813300.0
2019-02-11,39.696867198685666,39.94512387455223,39.6247928769762,39.72890090942383,9369300.0
2019-02-12,39.79295990958899,39.88105107478771,39.60877068003818,39.76893615722656,10983300.0
2019-02-13,39.72889824126197,39.99316869984662,39.68885763297977,39.873046875,12748800.0
2019-02-14,37.39850585880416,37.60671889075886,36.437515819613935,36.50959014892578,58905400.0
2019-02-15,36.757833885431424,37.046128046086025,36.19725630572706,36.22929000854492,35701600.0
2019-02-19,36.29335740043781,36.50958033022344,35.85290464194218,35.90095520019531,25511300.0
2019-02-20,35.96502433162127,36.22929785474945,35.87693315724521,36.11717987060547,27464000.0
2019-02-21,36.03709772246106,36.7658477986525,36.00506401353113,36.725807189941406,23121200.0
2019-02-22,36.64573272560562,36.79789135629572,36.19727290016979,36.26133728027344,24728400.0
2019-02-25,36.38945249619022,36.49356050313573,35.9089591724298,35.98904037475586,23774400.0
2019-02-26,36.11717912854894,36.1492128376462,35.76481749318697,35.788841247558594,20463200.0
2019-02-27,35.71676000998441,36.05310778053834,35.572611401875875,35.98904037475586,17827500.0
2019-02-28,36.1331896340672,36.52559486430182,36.125182735651116,36.30937194824219,22533900.0
2019-03-01,36.413485907707674,36.5496245873435,36.19726295631317,36.34141159057617,16291600.0
2019-03-04,36.46152752101834,36.57364242845193,36.27733830810572,36.5576286315918,15973800.0
2019-03-05,36.55762941210613,36.597670014915565,36.35742334315682,36.51758575439453,13062300.0
2019-03-06,36.57364785260371,36.669748977429705,36.38945861237442,36.39746856689453,14232100.0
2019-03-07,36.42951276971531,36.46154343231541,36.14121542199032,36.26133728027344,12084000.0
2019-03-08,36.157226568225354,36.23730779442865,35.72478061496044,35.90896987915039,15579100.0
2019-03-11,36.149216545019954,37.03012530612267,36.1171828326374,36.98207473754883,22126900.0
2019-03-12,36.79788660595515,37.03813334641072,36.7578459916964,36.877967834472656,19348500.0
2019-03-13,36.94202862111893,37.11020100371963,36.76584628416439,37.014102935791016,16222500.0
2019-03-14,37.030257510148516,37.24836803470274,36.86061701824117,36.91716384887695,18504100.0
2019-03-15,36.93332401442013,37.078731044521895,36.46478956596522,36.59403991699219,47254500.0
2019-03-18,36.699052337514914,36.901006179089805,36.64250550839963,36.68289566040039,24006400.0
2019-03-19,36.79598963962969,36.90908329884686,36.62634915080394,36.80406951904297,14987000.0
2019-03-20,36.6748209624142,37.07872866868938,36.49710058555033,36.77983474731445,13376100.0
2019-03-21,36.77983236669106,36.96562952976312,36.707128861004506,36.763675689697266,20043000.0
2019-03-22,36.723288260324395,37.24836951604872,36.723288260324395,37.102962493896484,19055900.0
2019-03-25,37.04642678378337,37.32108423235914,36.989879933921195,37.183753967285156,11668200.0
2019-03-26,37.296835632125386,37.79768340010927,37.296835632125386,37.676509857177734,11434900.0
2019-03-27,37.68458843999509,37.894619081401025,37.42608776677035,37.65227508544922,11543600.0
2019-03-28,37.7088129699573,37.90268688810017,37.54724931712467,37.62803268432617,11121100.0
2019-03-29,37.700730682211756,37.89460766953027,37.54724691669681,37.854217529296875,16045600.0
2019-04-01,37.95924899750713,38.10465294210589,37.63612158789101,37.74113845825195,11522700.0
2019-04-02,37.76538311290767,37.91079018211416,37.61997604370117,37.61997604370117,8495000.0
2019-04-03,37.49879419168468,37.63612442969093,37.19182651909958,37.3049201965332,12854500.0
2019-04-04,37.43416661887821,37.5957303189025,37.24836944240022,37.54726028442383,7814900.0
2019-04-05,37.55534124893868,37.62804476197083,37.32107403121607,37.5391845703125,7677600.0
2019-04-08,37.595732557914296,37.619966035811224,37.37762201212764,37.60380935668945,9421300.0
2019-04-09,37.523027329822064,37.74113786565254,37.37762030593508,37.70074462890625,8641800.0
2019-04-10,37.838073553896045,37.96732389495645,37.61188622743313,37.676509857177734,8059900.0
2019-04-11,37.74114262513735,37.76537610498413,37.59573558291328,37.733062744140625,7352400.0
2019-04-12,37.70073997831979,37.91077368983502,37.6199596779345,37.75728988647461,10690000.0
2019-04-15,37.87039012428865,37.999640476320835,37.724983093056004,37.96732711791992,10261300.0
2019-04-16,38.00772124082811,38.048111402257796,37.724987029248545,37.92694091796875,10804600.0
2019-04-17,38.12888452364867,38.41161865897722,38.08849437311188,38.19350814819336,11849300.0
2019-04-18,38.23390537192105,38.43585922725998,38.18543533727404,38.35507583618164,12167000.0
2019-04-22,38.29045867919922,38.46009920679034,37.983487904340194,38.29045867919922,9834700.0
2019-04-23,38.84784146033919,39.35676600881765,38.41162041878622,38.94477844238281,25327800.0
2019-04-24,38.79937376688202,38.96093746773921,38.710513577332,38.75898361206055,15997300.0
2019-04-25,38.56510516724742,38.68627561767024,38.34699465860121,38.6458854675293,11444400.0
2019-04-26,38.767064811951926,39.138659179476015,38.758984931769746,38.985172271728516,10154300.0
2019-04-29,38.91245660092994,39.138646951793795,38.863989661264455,39.114410400390625,9731500.0
2019-04-30,39.203279700107295,39.72836093368437,39.090186039108204,39.63142395019531,17912900.0
2019-05-01,39.54255345819287,39.64757029385063,39.2194261553553,39.251739501953125,10551200.0
2019-05-02,39.20327691100974,39.39715394576571,38.99324628146412,39.09018325805664,8724600.0
2019-05-03,39.25982187879905,39.550635876379474,39.19519825798717,39.35676193237305,7076900.0
2019-05-06,39.04172961173948,39.267916994705836,38.98517968442591,39.154823303222656,8657800.0
2019-05-07,38.96093219256272,39.00940222072859,38.58933788800368,38.7751350402832,12487500.0
2019-05-08,38.81553635117263,38.96094339591164,38.62973914546651,38.65397262573242,9281400.0
2019-05-09,38.61358305343395,38.75899010038971,38.023878065923064,38.29045867919922,11450500.0
2019-05-10,38.298524417653496,39.017479563526756,38.29044762029835,38.928619384765625,9653800.0
2019-05-13,38.702435208090655,38.88015557997714,38.557028191378286,38.815528869628906,11911500.0
2019-05-14,39.20328443591633,39.841459407584885,39.057877402331805,39.33253479003906,16844200.0
2019-05-15,39.316371667580206,39.88992290898205,39.25982483951638,39.72835922241211,11422500.0
2019-05-16,39.80105930755153,40.11610677442973,39.75258928127383,40.051483154296875,17771300.0
2019-05-17,39.80107275172975,40.027260120953414,39.72028934731287,39.74452590942383,11257000.0
2019-05-20,39.61525978525132,39.69604007596256,39.389069424432826,39.46177291870117,13850500.0
2019-05-21,39.582950202186815,39.6071836753916,39.13865239786419,39.259822845458984,10587400.0
2019-05-22,39.40522317748769,40.15649153537328,39.35675623928238,40.10802459716797,16050400.0
2019-05-23,39.98685058124968,40.309977879180835,39.95453723514251,40.26958465576172,12199400.0
2019-05-24,40.24536606283123,40.301912898635,40.01109883931765,40.07572555541992,6887600.0
2019-05-28,40.06765369186581,40.12420053898349,39.60719903300927,39.66374588012695,18614000.0
2019-05-29,39.37292687630214,39.60719101770792,39.106346295347784,39.26791000366211,12534600.0
2019-05-30,39.3567708940978,39.833382147198854,39.316377655125514,39.784912109375,9087200.0
2019-05-31,39.58295615349944,39.83338004669338,39.405235772421726,39.68797302246094,11368600.0
2019-06-03,39.712195054907895,40.374603271484375,39.59910142011246,40.374603271484375,14167200.0
2019-06-04,40.39076614379883,40.61695344810141,40.0837954582661,40.39076614379883,12010600.0
2019-06-05,40.3988481455086,41.311680440793715,40.14034745541267,41.02086639404297,15837600.0
2019-06-06,41.12588235051927,41.63480692104892,40.86738166615496,41.52171325683594,15190400.0
2019-06-07,41.57825708052407,42.15988203747435,41.562100403723925,41.59441375732422,15293600.0
2019-06-10,41.634808360566986,41.634808360566986,41.2712907976201,41.505558013916016,9737400.0
2019-06-11,41.56209734196185,41.675190989660585,41.343986843583956,41.46516036987305,9915600.0
2019-06-12,41.60249775506097,42.11949917585883,41.57826427645218,41.71559143066406,11088100.0
2019-06-13,41.89469226702402,42.09008279640259,41.3410893903497,41.626033782958984,10353600.0
2019-06-14,41.56091343488482,41.9516914901602,41.56091343488482,41.772586822509766,8694300.0
2019-06-17,41.723730930731406,41.910978521257455,41.202693616984604,41.414363861083984,12322400.0
2019-06-18,41.723726422925786,41.76443187635933,41.13755795547623,41.22711181640625,9221100.0
2019-06-19,41.145708101201954,41.71559386576031,41.08871983530888,41.617897033691406,9414100.0
2019-06-20,41.92725107937251,42.16334702497567,41.805131630094564,42.05751037597656,10656600.0
2019-06-21,41.95168518233552,42.244769456131095,41.85399145961281,41.96796798706055,21264400.0
2019-06-24,42.12264130753304,42.49713639466983,42.09007570718377,42.26918029785156,10780000.0
2019-06-25,42.334321818514,42.41573273360636,42.04123755517776,42.13893127441406,11519900.0
2019-06-26,41.943546929332626,42.04124065577397,41.59347437848796,41.617897033691406,12405100.0
2019-06-27,41.75629191577544,41.84584577646494,41.495773287748,41.5853271484375,12374900.0
2019-06-28,41.74001491976763,41.845851597635146,41.12942371808401,41.45507049560547,16339900.0
2019-07-01,41.57719115399076,42.0331003821668,41.34109513731241,42.00867462158203,14976400.0
2019-07-02,42.155221604941424,42.37503484168901,41.96797398229598,42.31804656982422,8569200.0
2019-07-03,42.33431861377558,42.60298020337171,42.33431861377558,42.41572952270508,7253700.0
2019-07-05,42.24476996754832,42.43201756571178,41.91098023071302,42.42387771606445,8916300.0
2019-07-08,42.49714882680928,42.60298550609262,42.24477000871131,42.33432388305664,9495100.0
2019-07-09,42.106366912368195,42.30989729673869,41.87027092114789,42.00053024291992,10584900.0
2019-07-10,42.17149566922498,42.3098979476523,42.057519149124396,42.18777847290039,7620900.0
2019-07-11,42.32618449363938,42.38317275872835,42.05752286768208,42.36688995361328,10376500.0
2019-07-12,42.53783583993056,42.5704014356846,42.26103448727343,42.43199920654297,7347400.0
2019-07-15,42.56227139197008,42.57041434619121,42.22848169832665,42.440155029296875,5876100.0
2019-07-16,42.301757272610544,42.71696102464027,42.17964089690512,42.448299407958984,7132500.0
2019-07-17,42.513431087975114,42.545993591807154,42.342463191126505,42.480865478515625,8264200.0
2019-07-18,42.366896160910045,42.47272975122267,42.06566888058894,42.3587532043457,11911800.0
2019-07-19,42.448290964086475,42.45643391755681,41.82141708882284,41.83769989013672,10355500.0
2019-07-22,41.94354616721372,41.94354616721372,41.62603923282782,41.699310302734375,12090700.0
2019-07-23,43.351967581182905,44.48359590940643,42.9530467008145,44.23122024536133,33417900.0
2019-07-24,44.060264017106874,44.6301498086071,43.65320318112496,43.78346252441406,15633400.0
2019-07-25,43.661326684258,43.79972581612861,42.92047641707225,43.20541763305664,19135000.0
2019-07-26,43.42524806617579,44.21494704467275,43.30312857886865,44.10096740722656,11451900.0
2019-07-29,44.10096101271253,44.2067976793242,43.881150936435645,43.95442199707031,12283900.0
2019-07-30,43.930006611362415,44.20680811626363,43.61249964219322,43.734619140625,8127100.0
2019-07-31,43.56363064419018,43.56363064419018,42.36687441074086,42.847206115722656,16865500.0
2019-08-01,42.96934451029631,43.3112772565552,42.342470396844995,42.3587532043457,19527200.0
2019-08-02,42.2610413383909,42.928620631442314,42.2610413383909,42.60297393798828,13102300.0
2019-08-05,42.651821753279144,42.87163491479858,41.84584326666805,42.049373626708984,19986500.0
2019-08-06,42.22848450222451,42.95305219466099,42.016814262826834,42.554134368896484,19903100.0
2019-08-07,42.55413244727805,43.46594768490649,42.14707168513339,43.29498291015625,17937000.0
2019-08-08,43.31940802345143,43.78345707021299,43.02632376115416,43.71018600463867,10799000.0
2019-08-09,43.79159507249127,43.88114893202378,43.21356956812488,43.4903678894043,9260900.0
2019-08-12,43.3763997834509,43.50665912101935,43.140306869227054,43.31127166748047,6588600.0
2019-08-13,43.0670321471456,43.645057714507246,43.04260638830302,43.555503845214844,8581200.0
2019-08-14,43.42524588063549,43.93814335363333,43.12402176089973,43.14030456542969,17088900.0
2019-08-15,43.49851144791861,43.962560448648624,43.33568652883525,43.85672378540039,12393200.0
2019-08-16,43.94628366417324,44.361487419975084,43.92186100993576,44.296356201171875,14288700.0
2019-08-19,44.320769265302964,44.59757067406756,44.21493571608913,44.52429962158203,10936200.0
2019-08-20,44.46730861274367,44.516157013247074,43.83229493433237,43.86486053466797,8176700.0
2019-08-21,44.16609530820428,44.29635463557942,43.840445436952756,44.043975830078125,10886500.0
2019-08-22,44.06025352990997,44.4835970712425,44.043970727670995,44.361480712890625,7467900.0
2019-08-23,44.30448856258629,44.540584532403,43.46594444879989,43.75088882446289,14160400.0
2019-08-26,43.96255721521229,44.402183532714844,43.742744056461014,44.402183532714844,9226900.0
2019-08-27,44.53245376699585,44.7359841744267,44.29635774902545,44.548736572265625,13537000.0
2019-08-28,44.49988233381602,44.89880324665933,44.30449180177238,44.86623764038086,10046400.0
2019-08-29,44.98834756253672,45.05347876576596,44.451027558402245,44.8173828125,9262800.0
2019-08-30,44.906955061261066,44.95580348369485,44.6220136944673,44.809261322021484,8746700.0
2019-09-03,44.760397367120056,45.04534174066223,44.67084350988186,45.02091598510742,12991400.0
2019-09-04,45.061631747759535,45.52568083633383,45.02092628668993,45.403564453125,10718100.0
2019-09-05,45.387256350221875,45.40353914669976,44.80108809952187,44.874359130859375,13677000.0
2019-09-06,45.13490447287809,45.13490447287809,44.5813014862999,44.96393966674805,9093500.0
2019-09-09,44.80109913283595,44.841807686869004,44.25563929181138,44.38589859008789,10814900.0
2019-09-10,44.14981335229655,44.320778140455914,43.8404462792267,44.28821563720703,12038200.0
2019-09-11,44.19865762437376,44.613858228947784,43.93813898902788,44.58943557739258,9740400.0
2019-09-12,44.85809468599767,45.02906256614603,44.76040097278943,44.86623764038086,12357900.0
2019-09-13,44.67761340694845,44.931837372218155,44.341383325569964,44.497196197509766,11486100.0
2019-09-16,44.36600386415,44.56282300822731,43.98057119651377,44.25119400024414,11172000.0
2019-09-17,44.36598767830876,44.85803379482402,44.25117785628845,44.48080062866211,11347400.0
2019-09-18,44.44799400555238,44.5218007617593,44.13636513175283,44.47259521484375,9700400.0
2019-09-19,44.47259657629872,44.77602297073483,44.3905904572618,44.710418701171875,7560300.0
2019-09-20,44.84983493734378,44.84983493734378,44.20197901372148,44.21017837524414,19211500.0
2019-09-23,44.21018327697352,44.57921715307519,44.18558206134461,44.398799896240234,6485300.0
2019-09-24,44.48899953345479,44.7842265746709,44.31678480218972,44.53000259399414,10093000.0
2019-09-25,44.644821203406096,44.677624909628356,44.28398981996206,44.42340087890625,10248400.0
2019-09-26,44.66942439683887,44.759633022460086,44.390599157797645,44.603816986083984,10031200.0
2019-09-27,44.743237949076565,44.808842241438015,44.28399538921044,44.5382194519043,7939900.0
2019-09-30,44.40699832353209,44.84163644431705,44.40699832353209,44.64481735229492,9808700.0
2019-10-01,44.71862075757511,44.92363919585973,44.292182030543124,44.81703186035156,14261500.0
2019-10-02,44.45619925460442,44.644815850265914,43.38190459547445,43.529518127441406,14343600.0
2019-10-03,43.87394579488081,44.267580821005005,43.31629539245493,44.15277099609375,13817500.0
2019-10-04,44.28398133526152,44.72682189941406,44.19377272460086,44.72682189941406,9295400.0
2019-10-07,44.55460828079929,44.57920949220051,44.095365855200306,44.177371978759766,5964900.0
2019-10-08,44.1855738024339,44.341386686182695,43.83294184544129,43.939552307128906,13301900.0
2019-10-09,44.33318597524047,44.34138533588996,43.906747269809046,44.144569396972656,7135000.0
2019-10-10,43.91494885731962,44.18557469747013,43.75913597041464,44.005157470703125,8942900.0
2019-10-11,43.996958110541925,44.03796117253533,43.62792429593507,43.709930419921875,8981700.0
2019-10-14,43.86574643516317,44.02155932207135,43.644326146399045,43.709930419921875,7306300.0
2019-10-15,43.816544463792766,44.02156291884389,43.68533277769338,43.88214874267578,9564300.0
2019-10-16,43.84114501762828,43.93135363702668,43.57052228776636,43.86574935913086,10454800.0
2019-10-17,44.029757564948355,44.382389520135725,43.93955208218698,44.11176681518555,13190300.0
2019-10-18,45.1040660996941,45.42389443150398,44.653026064363914,44.923648834228516,18122400.0
2019-10-21,44.6530124252013,44.74322103038008,44.02155531728269,44.47259521484375,12778900.0
2019-10-22,44.47260919638051,44.628422118099174,44.07077471940413,44.160980224609375,9533400.0
2019-10-23,44.3331928758978,44.82523592811268,44.2921866812687,44.808834075927734,8556600.0
2019-10-24,44.751437012528406,44.95645550832644,44.685832720606705,44.78424072265625,11051400.0
2019-10-25,44.73503422469772,44.743236716225645,44.013368258602526,44.078975677490234,9782400.0
2019-10-28,44.07076487278296,44.242979610152474,43.76733533170361,43.93135070800781,8866100.0
2019-10-29,43.78374615642832,44.005166490573075,43.6771356707289,43.800148010253906,7999700.0
2019-10-30,43.89034986575176,44.32498797585638,43.59512279913984,44.234779357910156,8620900.0
2019-10-31,44.25117629670713,44.66941563742139,44.160967688775315,44.63661193847656,13982000.0
2019-11-01,44.80063410999963,44.89084273163397,44.16097439674406,44.20198059082031,9889500.0
2019-11-04,44.251180340935676,44.283984042878515,43.43930905201616,43.57872009277344,17515100.0
2019-11-05,43.37370166838632,43.37370166838632,42.742244483191136,42.98826599121094,19284000.0
2019-11-06,43.0784759376792,43.299896240234375,42.980067957099116,43.299896240234375,13288900.0
2019-11-07,43.36550799429408,43.46391598474121,42.61103839197641,42.88166427612305,11725500.0
2019-11-08,43.02106609605355,43.13587591497433,42.71763969914392,42.81604766845703,7141800.0
2019-11-11,42.91446034256916,42.947260914656496,42.463417282621364,42.51262283325195,8198300.0
2019-11-12,42.57003269631301,42.57003269631301,42.29940995720017,42.4060173034668,12656900.0
2019-11-13,42.791451606107316,43.01287190994881,42.611034367051296,42.98006820678711,12257900.0
2019-11-14,43.078467443313365,43.19327725274041,42.93085393738354,43.16047668457031,8660300.0
2019-11-15,43.16868949457349,43.2014932012969,42.95547165753863,43.19329071044922,8982400.0
2019-11-18,43.2014969381052,43.824751778091525,43.19329444654803,43.488521575927734,13782000.0
2019-11-19,43.58692304228042,43.7181347231029,43.357300254591145,43.529518127441406,12679500.0
2019-11-20,43.54592176776213,43.791946434378694,43.47211499344388,43.64433288574219,11970300.0
2019-11-21,43.554122711017925,43.74273932127807,43.28349683868805,43.43111038208008,7856100.0
2019-11-22,43.43111664836323,43.619733285837164,43.258901865669706,43.488521575927734,9113300.0
2019-11-25,43.69353531639863,43.78374394371356,43.27529901415093,43.64433288574219,10963500.0
2019-11-26,43.71813690705437,44.23478116641457,43.64433013738386,44.20198059082031,13219800.0
2019-11-27,44.2265791060682,44.36599014675431,43.95595325767771,44.24298095703125,9595200.0
2019-11-29,44.366900588835534,44.39168555792197,43.97032532495243,44.119041442871094,7222300.0
2019-12-02,44.05295995294203,44.408226013183594,43.66464515414284,44.408226013183594,13173800.0
2019-12-03,44.37518109226914,44.48258792597116,44.1190612256662,44.44953918457031,14498300.0
2019-12-04,44.44953098892536,44.870894484841145,44.38343667001165,44.8543701171875,13624000.0
2019-12-05,44.78827195651038,44.85436942610658,44.47431843103087,44.77174758911133,14068100.0
2019-12-06,44.87089362589709,45.02787038805048,44.755223054535804,44.96177291870117,7843500.0
2019-12-09,44.862629100762845,45.03613022729263,44.6312942653898,44.672603607177734,13887200.0
2019-12-10,44.64782554396613,44.67261052253547,44.39170254251166,44.42475128173828,8993900.0
2019-12-11,44.56519586603876,44.73870014064416,44.33386103549914,44.57345962524414,8879100.0
2019-12-12,44.62302380913736,44.98655352639569,44.56519010897359,44.730430603027344,11233300.0
2019-12-13,44.56519755770776,45.06917973054339,44.48257887272194,44.96177291870117,13072200.0
2019-12-16,45.184847150203865,45.30051772156515,44.920463576208256,44.96177291870117,9538100.0
2019-12-17,44.945251703064656,45.09396785739978,44.854369258559764,44.96177291870117,9230000.0
2019-12-18,45.05265954573803,45.23442445162223,44.52389234865791,44.5404167175293,15132100.0
2019-12-19,44.647819366147665,44.89567857264914,44.54867316218643,44.879154205322266,13385900.0
2019-12-20,45.39139915834974,45.60621279218051,45.003087538534196,45.41618728637695,23832800.0
2019-12-23,45.44097337791478,45.63926264849414,45.30878158142889,45.366615295410156,9300800.0
2019-12-24,45.27573595626774,45.44097650115766,45.14354415069606,45.201377868652344,3359300.0
2019-12-26,45.374874802455025,45.457496643066406,45.267471137211665,45.457496643066406,6228500.0
2019-12-27,45.44922894102621,45.81275870478291,45.440968333532055,45.73013687133789,6895500.0
2019-12-30,45.58968915933196,45.76319029981591,45.49054610072699,45.66404724121094,6431700.0
2019-12-31,45.606208848721394,45.754924997221735,45.42444396684305,45.73013687133789,7982600.0
2020-01-02,45.70536059261641,45.796243050846,45.24268769240269,45.432716369628906,11867700.0
2020-01-03,44.8791596467385,45.432714988352245,44.68913412699086,45.184852600097656,11354500.0
2020-01-06,45.15180992754465,45.366620439302615,45.044403095814964,45.168331146240234,14698300.0
2020-01-07,44.98656392703182,45.11049196244838,44.738704704497685,44.82132339477539,9973900.0
2020-01-08,44.837855404403115,45.14354839256781,44.738712328833785,44.90394973754883,10676000.0
2020-01-09,45.440977692982216,45.77145879142989,45.308785883943415,45.721885681152344,15398000.0
2020-01-10,45.837539692261714,46.209330031176236,45.81275472023422,45.878849029541016,13040100.0
2020-01-13,45.8788587755423,46.45719907540999,45.787976323201526,46.37458038330078,14302900.0
2020-01-14,46.4654553793194,46.50676471874509,46.12671375330787,46.26716613769531,16345300.0
2020-01-15,46.26716834083882,47.076843408599416,46.26716834083882,46.84550857543945,17735400.0
2020-01-16,46.96944134907202,47.052063191912794,46.77115522965626,46.94465637207031,10234100.0
2020-01-17,46.985974258747405,47.217312309053135,46.92814053409638,47.04380798339844,14264300.0
2020-01-21,46.9694458791038,47.299926978938494,46.73811100024032,47.233829498291016,11968900.0
2020-01-22,47.29991876635036,47.622136049307514,47.24208505667604,47.59735107421875,12869600.0
2020-01-23,47.40733097178892,47.7956426163975,47.29166353927993,47.77912139892578,12858900.0
2020-01-24,47.79563809659872,47.812162464208974,47.473420807451,47.65518569946289,8594300.0
2020-01-27,47.26687022618894,47.79563737492961,47.200775908446765,47.48994445800781,14359900.0
2020-01-28,47.46516479849499,47.71302403326261,47.068589392526555,47.10163497924805,15240200.0
2020-01-29,47.09337437049297,47.308184866837934,46.812466397302686,47.10163497924805,13163600.0
2020-01-30,47.86173826215255,48.72924712448483,47.72128270540675,48.630104064941406,20225600.0
2020-01-31,48.72099458561346,48.81187705178969,48.04351112173811,48.25006103515625,17685200.0
2020-02-03,48.53922178419988,48.72098668708505,48.34919627286587,48.39876937866211,12333600.0
2020-02-04,48.53921690631813,49.11755714235058,48.431810097070496,48.61357498168945,15417900.0
2020-02-05,48.663153928823036,48.81187009743223,48.365721591604654,48.62184143066406,11414900.0
2020-02-06,48.72925836321733,49.026690762147325,48.61359090845606,48.73752212524414,9347000.0
2020-02-07,48.6466282756124,49.01015492722591,48.62184014703121,48.902748107910156,8757800.0
2020-02-10,49.01015524960865,49.43977937799665,48.985370272565454,49.365421295166016,7984900.0
2020-02-11,49.34063359020707,49.40672790923509,49.01015253996434,49.23322677612305,7431200.0
2020-02-12,49.142344514477436,49.381943119219166,49.01015272422353,49.084510803222656,9179100.0
2020-02-13,49.05971894045031,49.439769890116104,48.91926341019094,49.2497444152832,8173200.0
2020-02-14,49.26627514438005,49.62980177557753,49.25801138475008,49.53065872192383,9965500.0
2020-02-18,49.415000451517045,49.514143523530336,49.11756808377574,49.18366241455078,10075700.0
2020-02-19,49.16714051596765,49.57197973723712,49.13409492476937,49.381954193115234,6265700.0
2020-02-20,49.307584657102076,49.45630081394481,48.836651211000365,49.340633392333984,7597200.0
2020-02-21,49.16712875748627,49.67937469482422,49.101034439194784,49.67937469482422,10842400.0
2020-02-24,48.83665503371936,49.406731578439036,48.39050652826861,48.45660400390625,14415500.0
2020-02-25,48.497903648622014,48.911003333615895,47.605606816218994,47.77084732055664,15915100.0
2020-02-26,47.90304128266217,48.3078803792039,47.4899415787913,47.58908462524414,15837800.0
2020-02-27,47.21729659658262,47.82868238278634,45.34182359523772,45.38313293457031,23754000.0
2020-02-28,44.47432457665812,44.523894534004214,42.61537553534949,44.193416595458984,40890600.0
2020-03-02,44.556937518100426,46.234121427967196,44.366912018849085,46.201072692871094,25698600.0
2020-03-03,46.89508675718488,47.498215223865074,45.969744110394046,46.316749572753906,27099200.0
2020-03-04,46.60590195986964,48.74575825332957,46.60590195986964,48.67966079711914,20526100.0
2020-03-05,47.754324643924434,48.0600175391555,46.42414310692629,46.87855529785156,17948500.0
2020-03-06,45.39139342445303,46.19280784257663,44.59824276519493,45.65577697753906,22353900.0
2020-03-09,43.00367933142168,44.26776659160976,42.53274591250674,42.846702575683594,27898300.0
2020-03-10,43.970331898343275,44.44952589861879,42.276620652366404,44.333858489990234,27457400.0
2020-03-11,43.25154312914265,43.49940550374026,42.251842477495764,43.1358757019043,22653900.0
2020-03-12,40.10373372565763,41.252150790962126,38.57526240750206,38.96357727050781,31913100.0
2020-03-13,41.26387542265289,41.30555023114484,38.84688595917048,40.3970947265625,33697200.0
2020-03-16,35.20473819111077,39.90537015182912,34.31294860968477,37.72174072265625,28682300.0
2020-03-17,38.23847818403495,39.58865892450764,37.813419223571834,39.321956634521484,32106700.0
2020-03-18,37.28834002462221,37.630052432909935,34.66298634629224,37.3800163269043,35408300.0
2020-03-19,36.97163360395974,37.22166655530018,34.20459549319705,34.86301803588867,41956900.0
2020-03-20,34.96303448807026,35.063047043915674,31.262534949029835,31.920957565307617,51513500.0
2020-03-23,32.30433867219788,32.41268745222888,30.229061640011505,31.30420684814453,44978500.0
2020-03-24,34.3546119825791,34.50463237214556,32.36267847364136,32.87941360473633,49096200.0
2020-03-25,33.86288847757058,36.21320431961359,33.262806754719776,34.679664611816406,42511700.0
2020-03-26,35.70479564855207,37.730067917767485,35.37975250053947,36.913291931152344,37821700.0
2020-03-27,36.3882215422843,36.696595411979345,35.338081866904204,35.67979431152344,23297900.0
2020-03-30,35.87148351043773,37.97176587438055,35.87148351043773,37.505035400390625,23446000.0
2020-03-31,37.56338796838473,37.930102839308596,36.721609422654545,36.87996292114258,25373900.0
2020-04-01,35.404758089357735,36.37989080219471,34.83801499696432,35.10471725463867,21936400.0
2020-04-02,35.18806466059966,36.82994988323095,34.88802381766632,36.62992477416992,17621900.0
2020-04-03,36.32156108357614,36.954978346062646,36.096530388137566,36.52992248535156,14207100.0
2020-04-06,37.83007610811757,39.18025640581209,37.24666384784379,38.89688491821289,22850000.0
2020-04-07,40.42209983549476,40.50544309950136,38.738539831959336,38.76354217529297,21279600.0
2020-04-08,38.87189231346814,40.08038875963102,38.613526278459815,39.8553581237793,18937100.0
2020-04-09,40.37209087901402,41.4472361241042,40.29708067169745,40.83882141113281,19165300.0
2020-04-13,40.297081102638835,40.53878101539271,38.75520848828255,39.113590240478516,19586000.0
2020-04-14,39.95536826973592,41.047182804635405,39.11358987915017,40.77214431762695,21801900.0
2020-04-15,39.76367926678966,40.338758627508184,39.51364628268425,39.680335998535156,12893200.0
2020-04-16,39.50530804224941,39.880355879508954,38.9719003856716,39.255271911621094,17606800.0
2020-04-17,40.25540686403586,40.25540686403586,39.48030249012517,40.055381774902344,19844600.0
2020-04-20,39.83035144055451,40.00537418959202,38.59685278456307,38.780208587646484,18957900.0
2020-04-21,38.238473313309136,39.08858794660771,36.88828956547756,37.82175064086914,26863700.0
2020-04-22,38.3801665627792,38.46351302456196,37.921772150672524,38.07179260253906,15811600.0
2020-04-23,38.296806205647876,38.4218210735703,37.48003032039222,37.56337356567383,17668200.0
2020-04-24,37.92176331378038,38.13012465066929,37.60505319149358,37.86342239379883,15175000.0
2020-04-27,38.338488583959546,39.155264698357655,38.09678865375775,38.98857498168945,19175500.0
2020-04-28,39.92203094361633,40.00537420146612,38.81354717403345,38.95523452758789,17246700.0
2020-04-29,39.39695638013658,39.88868919271711,39.071913249324936,39.27193832397461,15780000.0
2020-04-30,39.17192023666585,39.17192023666585,38.08844222769006,38.246795654296875,20801100.0
2020-05-01,38.021773352311804,38.66352660903546,37.68006090957235,38.005104064941406,14290400.0
2020-05-04,37.77173976481913,37.905090882196816,37.17165814694886,37.62171936035156,22544200.0
2020-05-05,37.80508610159193,38.421833953848726,37.63006332022247,37.83842468261719,13370500.0
2020-05-06,37.838417344645976,38.0301093793534,37.27167429449297,37.29667663574219,11892900.0
2020-05-07,37.63005500166384,37.705065202717755,37.088314307458795,37.17165756225586,16466000.0
2020-05-08,37.57172040167916,38.521847655144576,37.40503068473005,38.43016815185547,13985100.0
2020-05-11,38.08011973208347,38.43016845840303,37.93843553811879,37.95510482788086,10874600.0
2020-05-12,38.00510106036959,38.21346236701491,37.338345514972815,37.35501480102539,13424400.0
2020-05-13,37.263335235833665,37.32167614721934,36.271536562935935,36.62158203125,15854800.0
2020-05-14,36.15485236537286,36.72159533532888,36.029834318134526,36.42155456542969,18000800.0
2020-05-15,36.638264027574074,37.24667887119289,36.00484683592809,36.05485153198242,31579400.0
2020-05-18,37.3550158153932,37.83007935309748,36.77993973799889,37.48003387451172,26118500.0
2020-05-19,37.5133754953985,37.780080944413854,36.87995839975937,37.12165832519531,17839900.0
2020-05-20,37.671719671980846,38.480159268104984,37.52169929757827,38.246795654296875,22295900.0
2020-05-21,38.40516301691201,38.413496071450204,37.53004286134298,37.646724700927734,13193500.0
2020-05-22,37.68840121311394,37.763411424710775,37.213337599447954,37.53004455566406,13008400.0
2020-05-26,39.10524429097131,39.11358052276986,38.280135386003984,38.41348648071289,22223100.0
2020-05-27,39.1719223584609,39.2469325497252,38.480161352429946,38.94689178466797,18447600.0
2020-05-28,39.42196720029584,39.5553183385299,39.02191378559364,39.246944427490234,16230600.0
2020-05-29,38.90522766113281,39.33028337399331,38.45516642680411,38.90522766113281,51125000.0
2020-06-01,38.888562412305674,39.363626038101984,38.830221488389775,39.16360092163086,17010700.0
2020-06-02,39.30528310961556,39.40529566275048,38.80521716459921,39.08858871459961,15255100.0
2020-06-03,39.3969637344662,40.10539104005131,39.271945654966785,39.922035217285156,15508300.0
2020-06-04,39.9553632864088,40.2304017391138,39.488635991163335,39.93869400024414,13604700.0
2020-06-05,40.455431753505614,41.24720534860213,40.38875460980261,40.91382598876953,20504800.0
2020-06-08,41.288879029276124,41.64726074616846,41.23053811530215,41.547245025634766,19896700.0
2020-06-09,41.33055428590991,41.33055428590991,40.5721191583054,40.83882141113281,16713700.0
2020-06-10,40.97217121472028,41.0638507072963,40.480438355819246,40.52210998535156,15716600.0
2020-06-11,39.847026294759466,39.93870261943794,37.888427668832584,37.95510482788086,26070400.0
2020-06-12,38.8633970420627,38.89703849397755,37.854175942195496,38.35037612915039,21822700.0
2020-06-15,37.48412419986092,39.065236921772964,37.40002379040575,38.939083099365234,15622300.0
2020-06-16,39.998773930078,40.108103841786466,38.846578207583875,39.33436965942383,18803500.0
2020-06-17,39.3427766494131,39.578263605467555,39.056830723524115,39.17457580566406,12602800.0
2020-06-18,38.93909384228979,39.56144795192454,38.74566028059644,39.5193977355957,9380800.0
2020-06-19,40.17537759363824,40.19219831658154,38.70359802246094,38.70359802246094,30464600.0
2020-06-22,38.71202075450431,38.81294512859685,38.165361498520106,38.4681282043457,20876200.0
2020-06-23,38.686780753197105,38.930676445310866,38.33355516452903,38.38401412963867,14675300.0
2020-06-24,38.15694073896664,38.21581167284441,37.42525684061059,37.55141067504883,17631800.0
2020-06-25,37.40002868467292,37.82894596218352,37.02997913490455,37.786895751953125,13829700.0
2020-06-26,37.77848390352766,37.85417556547005,36.59265000524712,36.64311218261719,21955100.0
2020-06-29,37.00475512842871,37.4841346541162,36.626296763879154,37.30752182006836,17603900.0
2020-06-30,37.21500350392065,37.70279492030439,37.038390697943925,37.57664108276367,23679800.0
2020-07-01,37.78689027319856,38.29149913925033,37.60186552514128,37.69437789916992,14316500.0
2020-07-02,38.0896670579194,38.20740894425689,37.67756724751239,37.744850158691406,15111900.0
2020-07-06,37.96351197528429,38.07284509829989,37.51777393193515,38.03920364379883,15146000.0
2020-07-07,37.84576421778454,38.26627270909326,37.677560179616016,38.022377014160156,13043600.0
2020-07-08,37.96350731709709,37.997148767470286,37.40002746035987,37.90463638305664,13851200.0
2020-07-09,37.88781698663487,37.88781698663487,36.861778380070504,36.92905807495117,16087100.0
2020-07-10,36.903820590453904,38.056012786459256,36.88699986832375,37.9719123840332,15627800.0
2020-07-13,38.29150256011069,38.41765639200634,37.812123132067555,38.0560188293457,16705300.0
2020-07-14,37.77008169929937,38.636328374347244,37.5682361630166,38.577457427978516,17080100.0
2020-07-15,38.939089727379155,39.68759440690177,38.85498930360884,39.023193359375,23738000.0
2020-07-16,38.905459343454005,39.26709704336075,38.63633406095035,38.812950134277344,13306100.0
2020-07-17,39.082060589194974,39.45210691018672,38.79611468399333,39.37641525268555,13899800.0
2020-07-20,39.29232047428521,39.38483286986249,38.56063327738802,38.7877082824707,16633200.0
2020-07-21,39.965135824114114,40.360414915906105,39.46893557143565,39.69601058959961,25681500.0
2020-07-22,40.30995174359135,40.806151984110876,39.5530350349257,40.77251052856445,29831200.0
2020-07-23,40.764096742666936,40.848197162937815,40.394047193734124,40.60430145263672,15935000.0
2020-07-24,40.70522645859199,41.04163135328732,40.42768929244854,40.78091812133789,16196800.0
2020-07-27,40.52020602841783,40.79774001611138,40.52020602841783,40.77251052856445,17346500.0
2020-07-28,40.654761412049844,41.445316227438326,40.4529159228947,40.520198822021484,13872700.0
2020-07-29,40.48656033853235,40.78932699033337,40.21743513875932,40.38563919067383,13758100.0
2020-07-30,40.091283978671754,40.562254713881096,39.696008119699826,40.10810470581055,17276500.0
2020-07-31,39.89784177916451,40.17537890444684,39.30072053220702,39.72964096069336,14849200.0
2020-08-03,39.6455374467536,39.830562197424946,38.88021217110162,38.939083099365234,14137500.0
2020-08-04,38.93068112439701,39.4100605999062,38.871810185876626,39.267086029052734,11717200.0
2020-08-05,39.44370057819324,39.75487598562817,39.368008916036054,39.712825775146484,10498700.0
2020-08-06,39.24185058315462,39.97353442807902,39.191388411419304,39.93148422241211,10745000.0
2020-08-07,39.923084755328105,40.436105725237965,39.70441850181286,40.200618743896484,11669700.0
2020-08-10,40.41928104213822,40.604302613669724,40.08287293498472,40.13333511352539,11888000.0
2020-08-11,40.75568598297438,40.91548127773807,40.11651442859604,40.3099479675293,16531600.0
2020-08-12,40.621131796482715,40.94912800471663,40.46974843757073,40.730464935302734,9562200.0
2020-08-13,40.587483536766804,40.98276259750057,40.41928268458067,40.68840789794922,9882900.0
2020-08-14,40.65476772429898,40.949122433118525,40.394051262040435,40.74728012084961,10075800.0
2020-08-17,40.63793396723034,40.999571469672084,40.53701284345406,40.5454216003418,9102400.0
2020-08-18,40.537016725770656,40.789321163487436,40.33517125066224,40.72203826904297,9829000.0
2020-08-19,40.46973674280631,40.68840295725717,39.71282337520199,39.83897399902344,17371000.0
2020-08-20,39.754875304805886,40.0324092558124,39.60349198308403,39.8221549987793,11308700.0
2020-08-21,39.81374877043231,39.94831137515644,39.50257334855004,39.76328659057617,14734100.0
2020-08-24,39.88943979597431,40.35199854177648,39.67918552895283,40.343589782714844,9257700.0
2020-08-25,40.36882445616677,40.41087467333009,40.07446972779759,40.29313278198242,7827800.0
2020-08-26,40.166971728270376,40.52020054727523,39.92307922911444,40.503379821777344,10124200.0
2020-08-27,40.57907658698882,41.0584560951926,40.537026372067146,40.562255859375,10931600.0
2020-08-28,40.99958270290927,41.9247002088129,40.814557918438325,41.90788269042969,16420300.0
2020-08-31,41.882653629860854,42.10972864644045,41.50419526889485,41.65557861328125,18510800.0
2020-09-01,41.47055580589821,41.504194052822825,41.06686796877113,41.310760498046875,12588400.0
2020-09-02,41.512606561195014,43.19464084190324,41.512606561195014,43.051666259765625,26332600.0
2020-09-03,43.228273721898034,43.850624485692144,42.13494908975001,42.45453643798828,22289400.0
2020-09-04,42.841402970502436,43.28714414280018,42.286331902859594,42.925506591796875,21019500.0
2020-09-08,42.83300196151598,42.92551435756397,41.512605346455466,41.89106369018555,17776700.0
2020-09-09,41.71444359007656,42.690023220882736,41.67239338003478,42.21064376831055,15252300.0
2020-09-10,42.34520842206257,42.62274559662386,42.008803517163905,42.05085372924805,15439500.0
2020-09-11,42.387258312071346,43.06007127405774,42.13495064412934,42.94232940673828,18272300.0
2020-09-14,43.21362316942445,43.43405615397096,42.87449201791283,42.993186950683594,10911700.0
2020-09-15,43.239065399903204,43.561239733947666,43.103413559388954,43.281455993652344,12838400.0
2020-09-16,43.196690861881805,43.62060342532678,43.018648361442004,43.061038970947266,15353900.0
2020-09-17,42.577767226672435,42.92537530396749,42.340374057015715,42.857547760009766,13287100.0
2020-09-18,43.02711676943161,43.37472487406313,42.5692905142987,42.772769927978516,23816600.0
2020-09-21,42.17928470968475,42.40819779872514,41.21276493431092,41.619720458984375,17514800.0
2020-09-22,41.636682323093616,42.42515975713425,41.60276855009941,42.10298538208008,13034600.0
2020-09-23,42.16231666507347,42.32340217359896,40.839709134325695,40.87362289428711,17121200.0
2020-09-24,40.8736383133322,41.628201969055084,40.32255405994359,41.2890739440918,16788100.0
2020-09-25,40.86516471013679,41.33994462936874,40.67864217946959,41.306034088134766,12603400.0
2020-09-28,41.80625207386188,42.14538013463872,41.66212014153004,41.78081512451172,11215700.0
2020-09-29,41.87407231455323,42.0182042328492,41.467116740733786,41.47559356689453,12426600.0
2020-09-30,41.77232788431361,42.06906526779566,41.45015355782246,41.85710906982422,15755900.0
2020-10-01,41.916458883523184,42.10298138307976,41.1958090639193,41.69602584838867,17577300.0
2020-10-02,41.339939758279876,42.0351591358865,41.16189730954666,41.848636627197266,13610100.0
2020-10-05,41.90797973461412,42.00971780409731,41.64515288473806,41.8655891418457,10628700.0
2020-10-06,42.00972360837712,42.162332350784574,41.39929187294267,41.492549896240234,10077400.0
2020-10-07,41.560377507402094,42.18776613012215,41.501030022393316,42.01820373535156,10135600.0
2020-10-08,42.14537371503454,42.849069912946746,42.00124503885217,42.78124237060547,12143900.0
2020-10-09,42.959289458977885,43.43407260407336,42.8999419701154,43.07798767089844,11407800.0
2020-10-12,43.10341625086528,43.688414243200036,43.09493942526414,43.315372467041016,11386500.0
2020-10-13,43.23059196277922,43.23059196277922,42.30646271616667,42.57776641845703,14365300.0
2020-10-14,42.43363347573529,42.80667848296151,42.09450547321483,42.49298095703125,10582100.0
2020-10-15,41.882553690058124,42.50146551348012,41.79776925481131,42.38277053833008,9961700.0
2020-10-16,42.3827612204817,42.68797541768239,42.281019920553334,42.41667175292969,13569800.0
2020-10-19,42.41668466651538,42.79820657191252,41.93342466441093,42.06907653808594,9930400.0
2020-10-20,42.29798911429538,42.91690098177798,42.213207907208464,42.603206634521484,10970700.0
2020-10-21,42.35733359065828,42.75581235082956,42.19624801498259,42.38277053833008,12517400.0
2020-10-22,43.3831943426771,43.4086312864451,42.71341519509326,42.9677619934082,20189200.0
2020-10-23,43.23906689424975,43.39167562437683,42.78972076342841,42.83211135864258,13491300.0
2020-10-26,42.679505913115385,42.82363459477466,41.71298603739093,42.2216796875,14696400.0
2020-10-27,42.23016077613166,42.63711635296847,42.00972448397292,42.30646514892578,13892100.0
2020-10-28,41.543424713734645,41.670599756536596,40.509077185919445,40.661685943603516,19886200.0
2020-10-29,40.4666811255894,41.10254978545258,40.10211616853222,40.71255111694336,15369900.0
2020-10-30,40.53451135632235,40.79733501660925,40.1614663145802,40.74646759033203,15804000.0
2020-11-02,41.33146295212539,41.50102857517829,40.89907368582599,41.22124481201172,15156100.0
2020-11-03,41.72994164934143,42.35733024970479,41.543419140705986,41.84015655517578,15285100.0
2020-11-04,41.907978210762096,42.56928048964903,41.611240837978166,41.68754196166992,12930800.0
2020-11-05,42.18776181479895,42.569283632398204,41.83167694116966,41.91645812988281,12452400.0
2020-11-06,42.09450764370256,42.382768239515656,41.75537638950057,41.92494201660156,9294900.0
2020-11-09,44.51080861133263,45.155154131993555,44.14624363444703,44.57015609741211,33442000.0
2020-11-10,44.57015761093612,46.01993750730174,44.46841952194438,45.76559066772461,29706700.0
2020-11-11,45.72319385155378,46.03688813658444,45.21450024154758,45.426456451416016,17399900.0
2020-11-12,44.97712056705924,45.112772452662625,44.60407869019894,44.943206787109375,15024400.0
2020-11-13,45.14666518741583,45.358621362004634,44.84144777853682,45.31623077392578,12447900.0
2020-11-16,46.206456274358985,46.30819435507648,45.172108878779476,45.65536880493164,14908200.0
2020-11-17,45.49428883963349,45.570593218110716,44.960158190292944,45.51124572753906,14248400.0
2020-11-18,45.570592527398965,45.799505659361,44.56168196877721,44.60407257080078,15278200.0
2020-11-19,44.50233726128979,45.12972597253107,44.04451096874346,45.044944763183594,17189500.0
2020-11-20,45.095807098148924,45.146677758525236,44.58711343116767,44.654937744140625,15645600.0
2020-11-23,44.89232326812398,45.07884252263316,44.256454675754505,44.66341018676758,13191900.0
2020-11-24,45.05340736038742,45.4349291503396,44.951669294465106,45.12123489379883,13827600.0
2020-11-25,44.99406881315782,45.172111272396506,44.75667886750624,44.87537384033203,10194800.0
2020-11-27,45.02798607938526,45.09581039732018,44.60407358115598,44.68037796020508,8499300.0
2020-11-30,44.50947899910262,44.594924957459256,43.64646308530486,44.09078598022461,43203600.0
2020-12-01,44.552200869560316,44.71455274977377,44.25313676320019,44.46675491333008,18968800.0
2020-12-02,44.34712329741408,44.543651577915526,44.124958625853246,44.52656173706055,14913100.0
2020-12-03,44.3471415673094,45.23579084099209,44.3471415673094,45.09907531738281,17318900.0
2020-12-04,45.09906221603023,46.03043746866335,45.0819723730993,46.01334762573242,18122400.0
2020-12-07,45.93643282533313,45.95352266374871,45.03069420618113,45.27849197387695,16210900.0
2020-12-08,45.235774463255616,45.69719041071321,45.10760553977563,45.44084930419922,12485800.0
2020-12-09,45.60319955742028,45.79972785482769,45.28704562329133,45.56902313232422,11508400.0
2020-12-10,45.62883648941047,45.722825733977004,45.26995631545452,45.329769134521484,12097300.0
2020-12-11,45.116153686955236,45.74846485999932,45.09906384340763,45.58611297607422,10638100.0
2020-12-14,45.84245024420292,46.004798843338975,45.440847132143276,45.51774978637695,22292000.0
2020-12-15,45.96208353897581,46.32950703055209,45.799731653199906,46.00480651855469,16193700.0
2020-12-16,45.79973445686479,45.97062964519619,45.23578261705942,45.338321685791016,15679600.0
2020-12-17,45.543382917936896,45.8937165073228,45.41521400058333,45.51774978637695,12677300.0
2020-12-18,45.3554130702495,46.00481089648823,44.9623531458778,45.91936492919922,35480100.0
2020-12-21,45.01361248426469,45.28704342911009,44.41548107008263,45.12469482421875,14926600.0
2020-12-22,45.12469644990273,45.44085038010377,44.76581628464271,45.08197021484375,9689500.0
2020-12-23,45.24432536284048,45.620292137895895,45.23577881138789,45.35540771484375,7040300.0
2020-12-24,45.30414410901315,45.75701360858991,45.30414410901315,45.663021087646484,3265500.0
2020-12-28,46.01334112111308,46.5174800078687,45.91080533757658,46.278228759765625,9020500.0
2020-12-29,46.52602491361038,46.560204593432516,46.15860150440658,46.252593994140625,8320600.0
2020-12-30,46.18424657144978,46.67984227830328,46.167156727121615,46.51749038696289,8142700.0
2020-12-31,46.526024462327236,46.93617083755361,46.37221916417313,46.85926818847656,8495000.0
2021-01-04,46.37222558814821,46.67983622706991,44.45820564572101,45.08197021484375,25611100.0
2021-01-05,44.71455602286188,44.962350617889754,44.45821161629827,44.58638381958008,20323800.0
2021-01-06,44.406939337007216,44.44966231247176,42.885975985947596,43.16795349121094,38724500.0
2021-01-07,42.800535482990476,42.945794269970364,42.31348632968044,42.689453125,53225700.0
2021-01-08,42.749258922876315,43.6891806459988,42.586910318312,43.64645767211914,29674000.0
2021-01-11,43.25340438165334,43.458479250678295,42.68090927403086,42.894527435302734,19304400.0
2021-01-12,42.7578141256792,43.03978841798732,42.51855955634136,42.817626953125,18538700.0
2021-01-13,42.706550012936766,43.03125058854838,42.68091687207836,42.860355377197266,18864100.0
2021-01-14,42.860341156010016,42.877430997430174,42.057138166586434,42.06568145751953,34303600.0
2021-01-15,42.00587631745011,42.02296616199284,41.467557622794885,41.61281967163086,24366800.0
2021-01-19,41.647001563562505,41.90334272615315,41.219765206059854,41.450469970703125,29114500.0
2021-01-20,41.476104175633985,41.715355480127734,41.27957585272061,41.59572982788086,23115800.0
2021-01-21,41.68118065272378,41.94606838470584,41.40774962725099,41.82644271850586,19702500.0
2021-01-22,41.70680727361932,41.81788636072973,41.43337631225586,41.43337631225586,15400300.0
2021-01-25,41.37355698030493,41.73243712609606,41.21975492874178,41.68116760253906,16604200.0
2021-01-26,41.792258091416336,42.21095113324007,41.53591694274374,42.11695861816406,12922600.0
2021-01-27,41.775162827381024,42.14258628798236,41.21121106964127,41.467552185058594,21242400.0
2021-01-28,41.604269837547555,42.29639381893328,41.53591372432358,41.99732971191406,17498900.0
2021-01-29,41.89479013178538,41.97169279542751,41.10867691193628,41.14285659790039,18670300.0
2021-02-01,41.24539672426877,41.60427368588748,41.16849405255696,41.424835205078125,12183600.0
2021-02-02,41.69825691339917,42.16821613158922,41.55299815449931,41.8349723815918,13319800.0
2021-02-03,41.82643564331432,41.9460612892789,41.58718109183076,41.672630310058594,12274100.0
2021-02-04,41.834981638264324,41.92897415461049,41.57009719353015,41.87770462036133,20597400.0
2021-02-05,42.29639217237975,42.53564344868133,42.09986387262428,42.424564361572266,12742000.0
2021-02-08,42.689453126044754,42.86889160157295,42.287853194084676,42.6552734375,17833200.0
2021-02-09,42.59545407930333,42.74071610356191,42.407472340247644,42.46728515625,14592900.0
2021-02-10,43.073959856211026,43.219221880433636,42.32202312151245,42.3818359375,22965400.0
2021-02-11,42.561286851571914,43.227774522205294,42.552740299122675,42.979976654052734,21928600.0
2021-02-12,43.2106699414523,43.449921175567795,43.056864645362744,43.31320571899414,13137100.0
2021-02-16,43.25340986298303,43.33885909405309,42.86035317872537,42.954345703125,15093400.0
2021-02-17,42.723638239474255,43.142331328425264,42.629645713818626,42.834720611572266,12794300.0
2021-02-18,42.86034016585685,43.44992501323892,42.74925782896902,43.381568908691406,12747100.0
2021-02-19,43.398668642216755,43.43284833205854,42.69800129823339,42.817626953125,15968800.0
2021-02-22,42.59545680303519,43.47556577680513,42.44165147789304,43.26194763183594,14370900.0
2021-02-23,43.57809992453632,44.01387948957788,43.0825042823772,43.18504333496094,16222300.0
2021-02-24,43.056860858945065,43.49264357939398,42.83469948388233,43.330291748046875,14442000.0
2021-02-25,43.12523324308773,43.36448452846325,42.70654023412626,42.86888885498047,14211100.0
2021-02-26,42.89451803899505,42.9030613293705,41.84351730691215,41.8606071472168,23638400.0
2021-03-01,42.24512372463772,43.09959631561825,42.21094729825973,42.63818359375,13901200.0
2021-03-02,42.58691296812565,43.20213426084541,42.46728732999773,42.80907440185547,11755100.0
2021-03-03,42.48437771747324,43.202134815001614,42.475831166323516,42.706539154052734,15410700.0
2021-03-04,42.988512825033034,43.65500033471366,42.39892471149655,42.67235565185547,22036400.0
2021-03-05,42.76636270915042,43.53538952795656,42.63819374571942,43.39867401123047,21310800.0
2021-03-08,43.97971449088502,44.85127710695456,43.71482675889023,44.12497329711914,25084900.0
2021-03-09,44.19332397885316,44.33003946466834,43.4242973339213,43.45847702026367,23082700.0
2021-03-10,43.73191718549539,44.11643058879617,43.33886048859014,43.954078674316406,21331600.0
2021-03-11,43.928436299616074,43.945526142787486,43.41575404269087,43.47556686401367,17417700.0
2021-03-12,43.587576039851655,43.66511880487816,43.251558486965216,43.38941192626953,17598600.0
2021-03-15,43.51003210086888,44.044213752924534,43.48418560878583,43.966670989990234,13411900.0
2021-03-16,44.11314663109627,44.38885353049743,43.97529318139569,44.13037872314453,14214200.0
2021-03-17,44.15622411315922,44.4750095913628,44.07006694175893,44.14760971069336,17502700.0
2021-03-18,43.9925171635219,44.10452081115972,43.501414134079496,43.57033920288086,18007300.0
2021-03-19,43.47556586189825,44.009750775347435,43.22570549464154,43.777122497558594,67845700.0
2021-03-22,43.3549409398647,44.00974713879701,43.3549409398647,43.940818786621094,17911400.0
2021-03-23,43.93220827859907,44.500854087696915,43.79435484871732,44.27684020996094,16936700.0
2021-03-24,44.08729071223798,44.70763279287478,44.070061909273655,44.38884735107422,14997400.0
2021-03-25,44.54392287007245,44.85409384075015,44.08728081360392,44.81962966918945,17091900.0
2021-03-26,44.923028222879516,45.758766479956,44.59562509845497,45.698455810546875,17126700.0
2021-03-29,45.431361640992826,46.47387835764698,45.414129552285544,46.39633560180664,17514100.0
2021-03-30,46.310177655075876,46.34464183190261,45.60367846355183,45.79322814941406,14871800.0
2021-03-31,45.689834182429465,45.81045551084586,45.23319535722893,45.414127349853516,15826500.0
2021-04-01,45.62952360611645,45.793226797869494,45.198731268551114,45.2418098449707,15834700.0
2021-04-05,45.103954669311804,45.853535673853976,45.05226169429826,45.50028610229492,16368700.0
2021-04-06,45.69845438837905,46.22402159403258,45.57783305331461,45.82769012451172,15614300.0
2021-04-07,45.90522766113281,46.09477732992951,45.7673742529219,45.90522766113281,10062700.0
2021-04-08,45.81045833973899,45.99139363022142,45.63814402375177,45.76737976074219,9695600.0
2021-04-09,45.81045503619982,45.90522987516921,45.50028731777907,45.81907272338867,10828200.0
2021-04-12,45.94831685137109,46.13786326371999,45.75014946418923,45.965545654296875,8565300.0
2021-04-13,45.69845279486159,45.913848967589985,45.50028871035363,45.74153137207031,11071700.0
2021-04-14,45.6467573430081,45.827689342517374,45.36243609901993,45.73291778564453,9787600.0
2021-04-15,45.77599706551781,46.2326359150958,45.76737937777961,45.94831466674805,13078100.0
2021-04-16,46.30156656923433,46.35325955149066,45.99139552895621,46.24987030029297,17974100.0
2021-04-19,46.52558517456055,46.835756268260646,45.92247507977542,46.52558517456055,19352900.0
2021-04-20,46.38772159729145,47.03391013925594,46.361875107352034,46.67204284667969,14419200.0
2021-04-21,46.732354420683045,47.16314676005013,46.732354420683045,47.05113983154297,13866500.0
2021-04-22,46.93052430853501,47.27515625065499,46.80128527606182,46.9046745300293,12558900.0
2021-04-23,46.87020462885917,47.03390452340451,46.672037274035226,46.93051528930664,9020500.0
2021-04-26,46.93052029772578,46.96498118831307,46.16371043018746,46.232635498046875,11684600.0
2021-04-27,46.14647564552499,46.26709697224552,45.93969388065789,46.1637077331543,9852400.0
2021-04-28,46.508342648174434,46.56865331545418,46.04308611200083,46.172325134277344,10868100.0
2021-04-29,46.12924921538235,46.83574846140896,46.03447436513987,46.74958801269531,15391000.0
2021-04-30,46.74097484525848,46.75820693545618,46.25848617977819,46.50834655761719,14912600.0
2021-05-03,46.75820069751936,47.21483952344106,46.66342585741831,46.93913269042969,10417900.0
2021-05-04,47.01667613658846,47.059754713628934,46.47387686316116,46.64619445800781,14151000.0
2021-05-05,46.64620653618045,46.73236699925581,46.275724761670396,46.52558517456055,9665900.0
2021-05-06,46.628962191312574,47.05114013273613,46.56865152634989,46.99082946777344,11572700.0
2021-05-07,46.90467422215657,47.1889987770573,46.66343153558754,46.96498489379883,10637500.0
2021-05-10,47.28377341203195,47.81795505270931,47.24069483058274,47.30961990356445,15545800.0
2021-05-11,47.41300532790667,47.507780171453156,46.56865271027808,46.8012809753418,12986700.0
2021-05-12,46.835750207754664,47.00806782492203,46.42218989856408,46.56004333496094,15836500.0
2021-05-13,46.49973161065643,47.19761317871258,46.37911026737192,46.96498489379883,15475800.0
2021-05-14,47.30099685099703,47.473311145279034,47.12006158330575,47.15452575683594,11725300.0
2021-05-17,47.24930964891378,47.404395172846776,46.956370691116476,47.07699203491211,12119800.0
2021-05-18,46.86158672164108,47.008057815384724,46.61172639428601,46.81850814819336,13232500.0
2021-05-19,46.6289642678857,46.680660534449416,46.189557505491194,46.67204284667969,15126100.0
2021-05-20,46.62895971331008,47.21483753039924,46.62895971331008,47.085601806640625,10948400.0
2021-05-21,47.21484657492963,47.49055344911754,46.715129097970994,47.05976104736328,16033200.0
2021-05-24,47.06837591977582,47.326850688026425,46.947754580371196,47.21484375,10326100.0
2021-05-25,47.23207283805409,47.23207283805409,46.8271269786268,47.20622634887695,11916500.0
2021-05-26,47.36992725043154,47.430237917564746,47.03390973735086,47.41300582885742,16064300.0
2021-05-27,47.56808786368504,47.87825886437609,47.197606200269,47.80933380126953,59109600.0
2021-05-28,47.688709272135455,47.99888027336635,47.559473546079,47.63701629638672,17011600.0
2021-06-01,47.68009897684518,47.947191425719744,47.47331719599311,47.62840270996094,13304000.0
2021-06-02,47.81794738769531,47.869643649158725,47.61116562852624,47.81794738769531,11328500.0
2021-06-03,47.54225132514017,48.024740014596155,47.473322960924186,47.93857955932617,17364300.0
2021-06-04,48.162593101585024,48.66231059172886,48.05920055602262,48.45553207397461,18935100.0
2021-06-07,48.515835200993465,48.54168169002034,48.085042854893416,48.283206939697266,14010800.0
2021-06-08,48.46413883057357,48.46413883057357,47.8610288900117,47.94718933105469,10968300.0
2021-06-09,48.033348485318335,48.17981631116257,47.80072021484375,47.80072021484375,9838800.0
2021-06-10,48.171207427978516,48.35213945240037,48.04196838957132,48.171207427978516,12444400.0
2021-06-11,48.24013266126719,48.42967907549669,47.955808109895344,48.386600494384766,11825800.0
2021-06-14,48.34319464798315,48.36055658094348,47.9178388805304,48.22166442871094,9710800.0
2021-06-15,48.421323295005976,48.430005917498896,47.90915784578111,48.100135803222656,11154200.0
2021-06-16,48.126179429857046,48.14354136425201,47.43171861131049,47.457759857177734,15211700.0
2021-06-17,47.45776096181215,47.87444077408918,47.440402338463535,47.70082473754883,10658400.0
2021-06-18,47.3188657729816,47.41435475255318,46.63308760519076,46.676490783691406,31445600.0
2021-06-21,47.067125629879065,47.2494209649677,46.87614767229084,47.188655853271484,14404300.0
2021-06-22,47.17129240377386,47.61401010496863,47.101844671809914,47.36227035522461,13072800.0
2021-06-23,47.362272078911644,47.396992634707104,46.97163685102307,46.980316162109375,12339200.0
2021-06-24,47.10184787511278,47.24074003703634,46.87614935378088,47.214698791503906,11488400.0
2021-06-25,47.084486243264024,47.28414350630358,46.88482566877434,47.1539306640625,18880300.0
2021-06-28,47.09316929080023,47.197337585988514,46.87615007747857,47.10184860229492,10556900.0
2021-06-29,46.98900457871992,47.171299937062805,46.633093174190684,46.75462341308594,12300900.0
2021-06-30,46.70252892399688,47.03239901928447,46.65912574838141,46.97163391113281,14614200.0
2021-07-01,47.17129698533272,47.29282721662325,46.754620487429264,46.841426849365234,13214700.0
2021-07-02,46.87614414514381,47.26677934197667,46.87614414514381,47.03239822387695,10604600.0
2021-07-06,46.867461621312,46.95426796512305,46.48550576106398,46.77197265625,15278200.0
2021-07-07,46.633085917998464,47.20601646324896,46.633085917998464,47.1539306640625,14377700.0
2021-07-08,46.88482300593222,47.023715151090876,46.65044520153008,46.98899459838867,11943900.0
2021-07-09,47.0931677657095,47.32754890588062,47.03240265286332,47.27546310424805,10847000.0
2021-07-12,47.15392783210111,47.3969882574733,47.110524657777496,47.29281997680664,15107600.0
2021-07-13,47.700820125399474,48.00464567638062,47.5272041056459,47.7615852355957,15170800.0
2021-07-14,47.76158783086856,48.916128298782574,47.7095020286772,48.8380012512207,22002700.0
2021-07-15,48.820642349174456,49.02029962258974,48.53417540593711,48.99425506591797,15068200.0
2021-07-16,49.01161999973426,49.20259797358167,48.83800396091393,48.959537506103516,14860500.0
2021-07-19,48.68175093999485,48.91612877350474,47.88311852256172,48.37792205810547,19527000.0
2021-07-20,48.37792345012005,48.89877155772415,48.195628102611316,48.4647331237793,16257900.0
2021-07-21,49.76683901923854,49.96649626374212,48.985568661224654,49.08973693847656,20918200.0
2021-07-22,49.15050753740906,49.25467913775624,48.65570402583566,49.02029800415039,13402700.0
2021-07-23,49.12446497645187,49.76684324890882,49.00293475742085,49.48905563354492,12144000.0
2021-07-26,49.3848882967488,49.58454556205915,49.09842467659054,49.53246307373047,8681100.0
2021-07-27,49.575860429308094,49.949133671929815,49.410923738435834,49.70606994628906,12794400.0
2021-07-28,49.47169600884506,49.619267468547264,49.159187845416795,49.254676818847656,9858000.0
2021-07-29,49.541146572178334,49.69740067327235,49.358851224718805,49.52378463745117,9599100.0
2021-07-30,49.61058409301072,49.697390437316955,49.39356492079536,49.506412506103516,11727000.0
2021-08-02,49.65399740598194,49.68872127537598,49.228638284530994,49.37621307373047,9778000.0
2021-08-03,49.48038218817798,49.48038218817798,49.26336296805439,49.41093444824219,8825500.0
2021-08-04,49.26335937957925,49.43697540532156,48.620981077767766,48.6991081237793,11888400.0
2021-08-05,48.99425514041038,49.1244679896163,48.86404560265478,49.04634094238281,9806800.0
2021-08-06,49.13313807701373,49.25467159213365,48.99424594261209,49.16786193847656,10409300.0
2021-08-09,49.30676135137985,49.37620908455716,48.98557386406023,49.176551818847656,8859900.0
2021-08-10,49.34148656284761,49.62795019138658,49.18523247038989,49.3067626953125,10906900.0
2021-08-11,49.384882892601745,49.636625930142905,49.22862882181411,49.24599075317383,8370700.0
2021-08-12,49.24599509465247,49.46301428860641,49.24599509465247,49.34148406982422,6169200.0
2021-08-13,49.315443972629126,49.740799748254844,49.280720106041265,49.68003463745117,7714200.0
2021-08-16,49.653988530782726,49.905731571717105,49.50641376796091,49.89704895019531,7972000.0
2021-08-17,49.87969235254243,49.96650201979419,49.489057128535,49.72343826293945,10346400.0
2021-08-18,49.64531276353936,49.68003663152098,48.97689320641957,49.04634094238281,13873700.0
2021-08-19,48.6643915382949,49.463020685838934,48.56890255077321,49.35885238647461,9223700.0
2021-08-20,49.341477934341036,49.50641130911496,49.115779457732,49.16786193847656,10543600.0
2021-08-23,49.19391233933325,49.2633600751909,48.94217257547504,48.99425506591797,8912800.0
2021-08-24,49.16787632647858,49.16787632647858,48.52550125868632,48.62098693847656,12067200.0
2021-08-25,48.66438968873137,48.75987536117345,48.37792273705392,48.67306900024414,11270700.0
2021-08-26,48.56889734594861,48.59493859013638,48.186941436793695,48.21298599243164,10331500.0
2021-08-27,48.31715480539156,48.43000571718117,48.13485947119695,48.308475494384766,8844100.0
2021-08-30,48.34319181879317,48.785912804747,48.29978864465748,48.768550872802734,10034700.0
2021-08-31,48.75119203458874,49.06370020651722,48.612299881670545,48.881404876708984,14185700.0
2021-09-01,48.9421639137674,49.30675452814447,48.855354259308776,49.211265563964844,9518900.0
2021-09-02,49.28071975708008,49.50641826540265,48.96821158290255,49.28071975708008,11653200.0
2021-09-03,49.011609646992376,49.28071461589326,48.82931433489007,49.24599075317383,13220400.0
2021-09-07,49.13314403080833,49.21127107284204,48.18694021571122,48.32583236694336,20035300.0
2021-09-08,48.27375048825033,49.028976363127086,48.27375048825033,48.976890563964844,12040100.0
2021-09-09,48.76855273141209,48.976889299783245,48.43868263479938,48.49076843261719,12545400.0
2021-09-10,48.62098287272618,48.72515447888747,48.195627070977274,48.27375411987305,10573700.0
2021-09-13,48.3866053600171,48.95953595192159,48.3866053600171,48.67306900024414,20274300.0
2021-09-14,48.90921005626134,48.9616889522922,48.58559853850928,48.708045959472656,13918900.0
2021-09-15,48.69931070919842,48.97919153677889,48.47190545151264,48.874237060546875,15746000.0
2021-09-16,48.734293762119826,48.97044382199586,47.94712689586639,48.41067886352539,17430400.0
2021-09-17,48.122043490336736,48.270728681380014,47.55353383136024,47.6147575378418,33370200.0
2021-09-20,47.32614423628162,47.579787278271816,46.993784503206285,47.282413482666016,27542500.0
2021-09-21,47.57103634536428,47.94712681007437,47.177452912941796,47.27366256713867,16418200.0
2021-09-22,47.67598810268336,47.71972218769729,47.282408029095954,47.343631744384766,12719700.0
2021-09-23,47.457331428956856,47.772198159671454,47.229929532575355,47.264915466308594,13836200.0
2021-09-24,47.229933871029395,47.43984615626871,47.10748642815754,47.133724212646484,9682200.0
2021-09-27,47.09873338991245,47.448586050205144,46.853838529572904,46.888824462890625,12429500.0
2021-09-28,46.75763077080187,46.75763077080187,45.856764638338205,46.040435791015625,19926100.0
2021-09-29,46.04042792813319,46.49523499264415,45.97045940706171,46.320308685302734,13941500.0
2021-09-30,46.503995239295456,46.64393900076337,45.85677202472092,45.89175796508789,17672000.0
2021-10-01,46.16288283481257,46.530228473495804,45.97921168369213,46.37279510498047,16277400.0
2021-10-04,46.40778133461709,46.81885438929546,45.830526758536365,46.3465576171875,18973400.0
2021-10-05,46.372794993737,46.76637841408118,46.294078309668166,46.42527389526367,17173100.0
2021-10-06,46.154127150740926,47.028755286999555,45.92672196690641,46.97627639770508,21284500.0
2021-10-07,47.22118294304938,47.47482261197928,47.06374958360757,47.12497329711914,13774400.0
2021-10-08,47.229930177364395,47.57103469481459,47.14246867827954,47.33488464355469,13786800.0
2021-10-11,47.41359834258951,47.57103170018557,47.2386720189892,47.43109130859375,12378500.0
2021-10-12,47.59726948097087,47.95587027939467,47.42234649381268,47.43109130859375,19474400.0
2021-10-13,47.37861136154359,47.60601657812151,47.04625502414823,47.43983840942383,12143300.0
2021-10-14,47.57102753510405,47.93837311614596,47.50105901365529,47.76344680786133,13704000.0
2021-10-15,47.7896863255944,47.99959857046381,47.483567777286865,47.64974594116211,17867000.0
2021-10-18,47.5360495781251,47.57103551293766,47.10748355421961,47.177452087402344,15861800.0
2021-10-19,47.26492010176126,47.40486051397644,47.02877003056517,47.36112976074219,11068500.0
2021-10-20,47.387365206349834,47.89464792442435,47.32614148755536,47.780948638916016,12474800.0
2021-10-21,47.754705973905956,47.81592969071939,47.41360145553328,47.536048889160156,14388300.0
2021-10-22,47.571037178707215,47.69348461839646,47.29115636329108,47.62351608276367,12828600.0
2021-10-25,47.562286885404504,47.641003564202535,47.24742017021238,47.43109130859375,11855000.0
2021-10-26,47.509810884914465,47.73721612039646,47.43109420131567,47.64100646972656,12086700.0
2021-10-27,48.95295157244595,49.049161228226474,48.34071103820463,48.55936813354492,24019800.0
2021-10-28,48.76053238306258,49.07539913497235,48.64682975899683,49.01417541503906,15928000.0
2021-10-29,48.86548504923654,49.39026406184234,48.78676836416779,49.302799224853516,24463700.0
2021-11-01,49.32029177032794,49.32903992217317,48.89172575029732,49.127872467041016,11651100.0
2021-11-02,49.39025761115938,49.41649539060801,48.95294349265842,49.06664276123047,11498900.0
2021-11-03,48.97918323327744,49.26781216453717,48.78676394577096,49.232826232910156,10788300.0
2021-11-04,49.0753936640056,49.530200773123816,49.00542179962951,49.50395965576172,10820200.0
2021-11-05,49.7138786315918,49.99375945403957,49.49522153052682,49.7138786315918,12886700.0
2021-11-08,49.63516077055664,49.757608210432934,49.09289210691481,49.267818450927734,12828000.0
2021-11-09,49.337781126851,49.43399077145348,49.05790034424857,49.407752990722656,10155800.0
2021-11-10,49.45148768120088,49.783844051770515,49.232830593827096,49.60892105102539,8813600.0
2021-11-11,49.70512429805947,49.748855042610394,49.47771908808753,49.626407623291016,7257700.0
2021-11-12,49.63515800434125,49.845070272746646,49.46023167007713,49.51271057128906,10162500.0
2021-11-15,49.44273717625585,49.5739327570133,49.2153352842441,49.521453857421875,10289200.0
2021-11-16,49.521461158752516,49.80134199162068,49.145370664002925,49.17161178588867,13756500.0
2021-11-17,49.0141771764918,49.02292199260689,48.673072628478565,48.900474548339844,13288700.0
2021-11-18,48.83049945907261,48.917960954260344,48.22700379837383,48.46315383911133,15380100.0
2021-11-19,48.48939053493065,48.53312461798769,48.01709380047031,48.218257904052734,15813700.0
2021-11-22,48.19201775775215,48.996677524733705,48.17452812790752,48.51563262939453,16905600.0
2021-11-23,48.68181774041931,49.07540119684268,48.54187732662908,48.874237060546875,13835900.0
2021-11-24,48.725535234757444,48.83923783265912,48.130787803883344,48.48064041137695,12598900.0
2021-11-26,47.74595522595787,47.88589560934944,46.86258218138149,46.9937744140625,14754300.0
2021-11-29,47.273654099825,47.86840154974936,47.16869964879183,47.73720932006836,22712500.0
2021-11-30,47.24362389601962,47.27006850995461,46.22118736484999,46.230003356933594,30485200.0
2021-12-01,46.697145585863886,47.173108243220604,46.08015732954765,46.09778594970703,18719600.0
2021-12-02,46.36220603860844,47.014451500229,46.2828789333075,46.77647018432617,17074200.0
2021-12-03,47.00564700239586,47.252440989435755,46.6971511562801,47.19074249267578,21064400.0
2021-12-06,47.86942448809014,48.697949476901556,47.719582895141734,48.39826965332031,26624100.0
2021-12-07,48.495229971424216,48.84779232748396,48.34538836430403,48.662696838378906,23832700.0
2021-12-08,48.5833684655118,48.7860925715332,47.913497652672234,48.47760009765625,18026300.0
2021-12-09,48.25725795516653,48.59219511621266,48.116232312986554,48.35421371459961,13846400.0
2021-12-10,48.69795603595197,49.64106550377154,48.539301792550916,49.60580825805664,23153600.0
2021-12-13,50.22279413313048,51.06013518484563,50.205165511142006,50.91029357910156,31362800.0
2021-12-14,50.59299045924541,51.271673939745774,50.59299045924541,50.945552825927734,24806600.0
2021-12-15,51.06013639966684,51.34218763356121,50.81334241058824,51.174720764160156,24923800.0
2021-12-16,51.10420844654145,51.897479677032166,51.033697316228974,51.69475555419922,24696900.0
2021-12-17,51.55372425460227,51.93272784264179,50.85740884699007,50.88385009765625,51874400.0
2021-12-20,50.416697457602794,50.92791396331389,50.240414628548336,50.71637725830078,20879500.0
2021-12-21,50.77807231912235,51.09538071755474,50.70755784733067,50.919097900390625,15864900.0
2021-12-22,50.866215288758745,51.28929205953048,50.67230720360209,51.280479431152344,12447400.0
2021-12-23,51.58016124977189,51.65948835754145,51.068941363631325,51.315738677978516,11027300.0
2021-12-27,51.12183706969858,51.73000943819741,51.12183706969858,51.69475555419922,9860000.0
2021-12-28,51.474395572242415,51.950354881313224,51.386252468847374,51.8974723815918,8979900.0
2021-12-29,51.95916748046875,52.09137708345613,51.703557540784956,51.95916748046875,9996000.0
2021-12-30,52.056131150006,52.20596939538539,51.791705179051505,51.80933380126953,7703900.0
2021-12-31,51.782891021293885,52.311736222968015,51.73882114820701,52.18833923339844,10021300.0
2022-01-03,51.84458146553642,52.27647422428046,51.45676193535126,52.26765823364258,20187300.0
2022-01-04,52.646675081261975,53.360619153618345,52.52327808754219,53.14026641845703,26141600.0
2022-01-05,52.96397867542459,53.94234526732144,52.92872143409313,53.58096694946289,22507300.0
2022-01-06,53.29891586303711,53.871830905538815,53.272471250821376,53.29891586303711,17902300.0
2022-01-07,53.13144099213206,53.51926388903629,52.937532905995255,53.175514221191406,12307900.0
2022-01-10,53.369428796417125,53.60741014054897,53.043307708080455,53.2636604309082,20954300.0
2022-01-11,53.263663339403195,53.316549206203376,52.743630750640385,53.28129196166992,19369600.0
2022-01-12,53.35180641316515,53.492832037771414,53.052126540587324,53.36062240600586,15753800.0
2022-01-13,53.36062044030644,53.80132592125582,53.22840745109523,53.67792892456055,14318000.0
2022-01-14,53.71318190622181,54.16270337214292,53.20196530530446,54.10981750488281,19729600.0
2022-01-18,53.81895454397171,53.933535548151035,53.28129331924291,53.67792892456055,21976700.0
2022-01-19,53.46638764987116,53.92472174355463,53.37824790052722,53.76606750488281,18654700.0
2022-01-20,53.766068070023145,54.15388767845514,53.51927407941332,53.54571533203125,23002400.0
2022-01-21,53.836581794966186,54.03048991526838,53.23722208716105,53.28129196166992,26643200.0
2022-01-24,52.796509439960744,53.19314161893586,51.62423143595925,52.84939193725586,30185100.0
2022-01-25,52.32054973194193,52.92872202123607,51.73000270119344,52.72599792480469,19027100.0
2022-01-26,52.699563286130235,53.19315128290722,52.18834330396429,52.5320930480957,19190200.0
2022-01-27,52.77888835959874,53.704369179938794,52.44395125885006,52.57616424560547,18893800.0
2022-01-28,52.346991696763034,53.669108018569744,51.950356127757885,53.625038146972656,19101500.0
2022-01-31,53.14907096050063,53.88945617246737,53.01686135691235,53.774871826171875,22045300.0
2022-02-01,53.686738783185305,53.88946289047848,53.02568059588834,53.37824630737305,20841700.0
2022-02-02,53.431129434777475,54.0040478820553,53.37824693105795,53.924720764160156,20225600.0
2022-02-03,53.713179143696046,54.45356443567914,53.40468667300132,54.30372619628906,19440500.0
2022-02-04,54.19794678306691,54.3654136098378,53.38704717030535,53.730796813964844,17403700.0
2022-02-07,54.1009947159365,54.40067451617245,53.642660706027684,54.29490280151367,17846400.0
2022-02-08,54.49763415187631,54.9383395743085,54.41830704134589,54.6474723815918,18771700.0
2022-02-09,54.797310962527774,54.929523935031064,53.67792214121302,53.80131912231445,23595600.0
2022-02-10,53.20195847077252,54.911894278059876,53.060932871844855,54.10099792480469,23561500.0
2022-02-11,54.444754207134075,54.62984969771375,53.016869424737244,53.14026641845703,22781400.0
2022-02-14,53.025678541513216,53.580968338777495,52.25003602368708,53.484012603759766,23641300.0
2022-02-15,53.73081456814673,54.45357133012574,53.43995068213868,53.686744689941406,13408700.0
2022-02-16,53.64267167912876,54.11863440550992,53.37824906302233,53.67792892456055,15484700.0
2022-02-17,53.36943512753782,54.89427574691706,53.24603812608643,54.75325012207031,21468700.0
2022-02-18,54.753234086475175,55.37022227535073,54.63865311143688,55.12342834472656,21975000.0
2022-02-22,55.02648865939371,55.21158416129554,54.400687660211666,54.8942756652832,21731400.0
2022-02-23,54.85901306590369,54.93834017730479,54.06574195189268,54.286094665527344,19248500.0
2022-02-24,52.85820441021711,53.431119387446614,52.1971463395033,53.334163665771484,27207400.0
2022-02-25,53.71317668435114,55.440744528089375,53.69554806364492,55.396671295166016,21487800.0
2022-02-28,54.3389838480063,54.94715616437108,54.1274437505705,54.85901641845703,25879100.0
2022-03-01,54.7708747740627,55.30853598052922,54.215584945479065,54.621036529541016,15871100.0
2022-03-02,54.85020258204359,55.423121039947446,54.45356698521138,55.026485443115234,17319100.0
2022-03-03,55.18513786523747,55.54651620549615,54.90308664173391,55.06174087524414,21262800.0
2022-03-04,54.171516570737,55.167511892868724,53.94235120150324,55.14988327026367,17163000.0
2022-03-07,54.65628739732891,54.70917326076376,53.51926991316287,53.836578369140625,29151400.0
2022-03-08,54.162692936359726,54.242020040807596,51.641857575366586,51.703556060791016,30242100.0
2022-03-09,52.72600099007189,52.743629611958035,51.70356445688638,51.967987060546875,23022700.0
2022-03-10,51.54490888377415,51.70356311431387,50.681126607677704,51.01606369018555,20887300.0
2022-03-11,51.08657254891101,51.87102767496262,50.99843280799206,51.05131530761719,19855600.0
2022-03-14,51.48652134983763,52.436850157355614,51.48652134983763,51.99277114868164,17799400.0
2022-03-15,52.472374051289115,53.19177983256689,52.383556222205975,52.95197677612305,18607200.0
2022-03-16,53.09407428028181,53.236179398327984,52.05493123982912,52.80986404418945,17347300.0
2022-03-17,52.809878559524826,53.413826324235615,52.605602607939446,53.36941909790039,15586200.0
2022-03-18,53.55592435349395,53.55592435349395,53.031911021150044,53.378292083740234,30197800.0
2022-03-21,53.73355313284994,54.26644651944192,53.51151365709437,53.80460739135742,17440100.0
2022-03-22,54.115465299273374,54.133228865212295,53.342768815226,54.000003814697266,17559500.0
2022-03-23,53.95559498286481,54.15987090298246,53.28947652628623,53.64474105834961,15529200.0
2022-03-24,53.857900109506474,54.1954010952263,53.698031399852546,54.159873962402344,13151300.0
2022-03-25,54.28421276863206,54.719411653378806,54.2220419833902,54.64835739135742,12259800.0
2022-03-28,54.64835846842386,55.01250309832616,54.3641481908442,54.9947395324707,11485200.0
2022-03-29,55.252304405484686,55.53651467406357,54.834872479289636,55.2078971862793,14720600.0
2022-03-30,55.074671813328806,55.25230407714844,54.67500345480166,55.25230407714844,13641000.0
2022-03-31,55.261187914021,55.63421262122574,55.065792083740234,55.065792083740234,16822900.0
2022-04-01,55.35888681297753,55.90954379494596,55.14572741360545,55.8384895324707,12644900.0
2022-04-04,55.598678383808036,55.76743053859046,54.81710193869604,55.54539108276367,11505800.0
2022-04-05,55.42105980270878,56.16711264810096,55.394412759193955,55.48323059082031,15721200.0
2022-04-06,55.74968379212673,56.18487935951167,55.33224840507837,56.04277420043945,19267400.0
2022-04-07,56.06941121592737,56.549013924458635,55.69638312256567,56.3447380065918,13960800.0
2022-04-08,56.38026664494458,56.87763632004477,56.09605637004553,56.691123962402344,12703500.0
2022-04-11,56.762173355303595,57.10855779509469,56.522370306857596,56.67335891723633,12720100.0
2022-04-12,57.179605026110764,57.5615132066016,56.74440953823751,57.339473724365234,18089900.0
2022-04-13,57.232904250567394,57.614812465363286,57.046391881868175,57.49047088623047,11883000.0
2022-04-14,57.69473668088432,58.23651354488407,57.570395116304745,57.748023986816406,16388400.0
2022-04-18,57.52598951106557,57.89013753620719,57.001979554231696,57.23290252685547,11679400.0
2022-04-19,57.28618495683184,57.95230338656244,57.23289765080766,57.79243469238281,11993800.0
2022-04-20,58.12106182140674,58.83158415736861,58.085534688192475,58.58290100097656,14827100.0
2022-04-21,58.60066292700402,59.506581029851894,58.369739968981136,58.804935455322266,15120400.0
2022-04-22,58.68946982063514,58.92038597286968,57.89012643492155,57.95229721069336,14902200.0
2022-04-25,59.50658894341799,59.68421784176106,57.53487700171251,58.56514358520508,25082000.0
2022-04-26,58.192105820593476,58.94704549791664,57.76579379981376,57.77467727661133,21982600.0
2022-04-27,57.73026813435928,58.867109253443296,57.73026813435928,58.22763442993164,16971000.0
2022-04-28,57.42829743339817,58.86710900409739,57.28618890606082,58.78717803955078,22010600.0
2022-04-29,58.502961430547124,58.64506316640051,57.27729923126422,57.383880615234375,20137100.0
2022-05-02,57.97894873758014,58.00559239137254,55.58092503076287,56.3447380065918,24970300.0
2022-05-03,56.59342203540342,56.78881446801904,55.66085353715794,56.025001525878906,21686300.0
2022-05-04,55.95395262008642,57.83684997304997,55.90066192170125,57.75691223144531,19780200.0
2022-05-05,57.4549393485534,57.75690979584052,56.85099167787183,57.29507064819336,20155200.0
2022-05-06,57.019741548095524,58.0055974815701,56.90428344616086,57.49934768676758,18984000.0
2022-05-09,57.2595390553226,58.04999901880749,56.87763089956307,57.383880615234375,20055300.0
2022-05-10,57.286185778432426,58.014475001005415,56.708881775831436,56.850990295410156,21322200.0
2022-05-11,57.13519859301474,57.907891619295135,56.80657773487387,57.117431640625,19648400.0
2022-05-12,56.98421672418976,57.31283082551899,56.140462614914455,57.29507064819336,22574700.0
2022-05-13,57.561520097241214,58.440801430952455,56.94869566066109,58.369747161865234,16167000.0
2022-05-16,58.12106182140674,58.955925735564634,58.12106182140674,58.58290100097656,13223200.0
2022-05-17,58.707241135890655,58.707241135890655,57.7391521900061,58.423030853271484,21300600.0
2022-05-18,58.10329077158497,58.19210521030703,54.14210717483686,54.35526657104492,31437300.0
2022-05-19,54.14210914170108,54.14210914170108,52.98750445610179,53.28947830200195,31493900.0
2022-05-20,53.724678443497446,54.390796937704174,52.9875056836428,54.159873962402344,29133800.0
2022-05-23,54.75493113529908,56.04275726802135,54.70164044622758,55.8296012878418,19406900.0
2022-05-24,55.84737474336381,57.01086291711962,55.73191325728329,56.85987091064453,16154200.0
2022-05-25,56.842095586418466,57.25953081005816,56.48683113378218,56.904266357421875,15360500.0
2022-05-26,56.90427934565874,57.81908094612655,56.80658142948185,57.108558654785156,16159800.0
2022-05-27,57.07302786402724,57.579277589886615,56.96644647791218,57.44605255126953,17709000.0
2022-05-31,56.913173299015604,57.126329348045076,55.99836814209666,56.29146194458008,43159000.0
2022-06-01,56.32697866976722,56.55790164681516,55.1812574259893,56.0161247253418,15408300.0
2022-06-02,56.11382016573519,56.611189842874026,55.16349141988618,56.6023063659668,14586000.0
2022-06-03,56.46021209618335,56.51350280372364,55.78521340761168,55.92731857299805,13539900.0
2022-06-06,56.24704476559604,56.63783304504884,55.651977175553704,55.8384895324707,15112800.0
2022-06-07,55.40329458058942,56.282569065062184,55.26118944228807,56.17599105834961,17886300.0
2022-06-08,55.94507240808345,56.140464858958644,55.56316420729702,55.85625457763672,10211500.0
2022-06-09,55.8384855615445,56.264800941917734,54.87039332651357,54.88815689086914,13382200.0
2022-06-10,54.186514035807306,54.96809396599593,53.69802784995954,54.541778564453125,14967600.0
2022-06-13,53.95559332317283,55.323357325074184,53.88453906372434,54.47960662841797,23064200.0
2022-06-14,54.327526551801554,54.470658381607024,52.475757010710545,52.98566436767578,24620000.0
2022-06-15,53.674491431219224,54.24701879381373,52.75308042032695,53.37928009033203,19684700.0
2022-06-16,52.45786567494405,53.245092453686915,52.108982049288706,52.842533111572266,15053800.0
2022-06-17,53.40611307531068,53.790780489500925,52.89620574255278,53.16457748413086,34781900.0
2022-06-21,53.21825503508946,54.461713430279,52.78885613869916,54.300689697265625,17705000.0
2022-06-22,54.21122823010036,54.97161881154432,53.96074839328824,54.7032470703125,15207100.0
2022-06-23,54.83743389417287,55.383125061577246,54.77481393193289,55.35628890991211,17190900.0
2022-06-24,55.56204234090247,56.41188909819801,55.56204234090247,56.39399719238281,18147100.0
2022-06-27,56.34032611548517,56.617645559664446,56.02722626926049,56.277706146240234,12142100.0
2022-06-28,56.42978927428021,57.038097098489274,55.562050483994945,55.71412658691406,13150100.0
2022-06-29,55.94671215162629,56.45661954507067,55.84830837174541,56.11668014526367,11795500.0
2022-06-30,55.74990682508121,56.456621806596786,55.60677497930245,56.277706146240234,15514200.0
2022-07-01,56.46555734661298,57.655339991326805,56.19718560372905,57.59272003173828,15143200.0
2022-07-05,57.41381472197654,57.41381472197654,55.83936105916361,56.60869598388672,15921200.0
2022-07-06,56.894958836944085,57.33329860043797,56.52818328660886,56.72499084472656,13450500.0
2022-07-07,56.590805992464915,56.87707309655483,56.08984623850543,56.277706146240234,14828400.0
2022-07-08,56.38504807009759,56.73393169311075,56.25086389876362,56.48345184326172,11311500.0
2022-07-11,56.34926638072773,56.76971420297836,55.991435106972524,56.304534912109375,12702100.0
2022-07-12,56.35821104023456,56.760770373028336,55.88408749968408,56.0629997253418,14731100.0
2022-07-13,55.75885698852593,56.35822055321915,55.445753715710744,55.803585052490234,13145300.0
2022-07-14,54.86427328850811,55.687280453989466,54.83743372439407,55.62466049194336,14433000.0
2022-07-15,56.1345743560791,56.331381923919544,55.52626315778354,55.91093063354492,21968400.0
2022-07-18,55.92882240997935,55.964606224508856,55.02529986203734,55.150543212890625,10780800.0
2022-07-19,55.54415909182207,56.04512229512814,55.40102723552499,55.93777084350586,10998200.0
2022-07-20,55.82147234205178,55.98249608902658,54.703253772800196,55.016353607177734,11010500.0
2022-07-21,54.80164994034946,55.356288765213755,54.381202111056076,54.891109466552734,11959600.0
2022-07-22,54.90900670319684,55.34734648029159,54.85533098226322,55.096866607666016,11644700.0
2022-07-25,55.061074851752146,55.732005910252454,54.84637882404987,55.633602142333984,14941700.0
2022-07-26,56.13457031275931,57.073873197239294,55.93776275909473,56.54607391357422,20118000.0
2022-07-27,56.25086471475187,56.52818072038411,55.275778040439285,56.367156982421875,12142900.0
2022-07-28,56.28665781609782,57.47644421371262,56.25982165789181,57.30647277832031,10837000.0
2022-07-29,56.99336166165723,57.51221670163132,56.921797449696896,57.40486526489258,13734200.0
2022-08-01,57.333296728167,58.18314689909862,57.279624423183776,57.71796417236328,12831500.0
2022-08-02,57.78057982418902,57.789527482706504,56.742876663263104,56.93073654174805,15241900.0
2022-08-03,56.85022927953042,57.34224474933115,56.63553323317801,57.18122100830078,11317000.0
2022-08-04,56.93074441220751,57.01125628733607,56.28664941117904,56.95758056640625,11795600.0
2022-08-05,56.921805819482806,56.921805819482806,56.0630112619565,56.69816207885742,10445400.0
2022-08-08,56.80551020499651,57.08282967230432,56.13457898210285,56.33138656616211,9165200.0
2022-08-09,56.519238341515745,56.635534025560794,56.224027007985754,56.4029426574707,7910900.0
2022-08-10,56.921797730019236,57.06492956717694,56.447670746751946,56.93968963623047,8857300.0
2022-08-11,56.97547105296453,57.24384623839059,56.42978326017774,56.555023193359375,8507800.0
2022-08-12,56.74287755119872,57.038085448790035,56.438721994949894,56.984413146972656,9489300.0
2022-08-15,56.930742150121155,57.870048460142705,56.86812218445734,57.700077056884766,9863300.0
2022-08-16,57.76269834936549,58.3531210320987,57.548002294310024,58.17420196533203,9569600.0
2022-08-17,57.99528390151849,58.34416751535861,57.93266394070267,58.040008544921875,8144000.0
2022-08-18,58.11158585638709,58.460469528414585,57.88794212687895,58.34417724609375,6532000.0
2022-08-19,58.33522228781484,58.56781364842295,58.111578586285844,58.2994384765625,8921100.0
2022-08-22,58.004225155658084,58.07579277569894,57.2438413741816,57.431697845458984,9087900.0
2022-08-23,57.09176019414861,57.58377903600319,56.966520275324484,57.49431610107422,8443800.0
2022-08-24,57.46748148651411,57.77164045826154,57.297516920746666,57.574832916259766,6844700.0
2022-08-25,57.5748377592363,57.887937591001396,57.16333414819297,57.85215377807617,7913900.0
2022-08-26,57.90582123714753,57.96844119087741,56.340312156305934,56.456607818603516,10089500.0
2022-08-29,56.0808963321193,56.38505191878193,55.83041646517322,56.11668014526367,9115900.0
2022-08-30,56.277703291202066,56.277703291202066,55.45469607285944,55.59782791137695,8456800.0
2022-08-31,55.803579102034675,55.93776327961923,55.1952679418946,55.2042121887207,14633600.0
2022-09-01,55.08791852289916,55.499422117127025,54.82849100859077,55.46363830566406,14939700.0
2022-09-02,55.81251784407917,56.15245720298978,54.47960338386402,54.7032470703125,11809800.0
2022-09-06,54.828487234058926,55.43679833692335,54.56011549162623,54.73008346557617,12181800.0
2022-09-07,54.855324825702965,55.90197908497961,54.855324825702965,55.7409553527832,13290700.0
2022-09-08,55.535211113841626,55.73201527019913,54.873224190096195,55.57099151611328,17193500.0
2022-09-09,55.615713233929675,56.25086393038277,55.33839723216437,55.749900817871094,11855900.0
2022-09-12,55.84831066423794,56.188250077998966,55.705178818317364,55.91093063354492,13026900.0
2022-09-13,55.64255420686522,55.66044611267915,53.924968786580536,54.094940185546875,18532800.0
2022-09-14,54.247015113267295,54.64063020774426,54.0680994714625,54.381202697753906,12881600.0
2022-09-15,54.426256463577545,54.426256463577545,53.48911482250334,53.64229965209961,11451900.0
2022-09-16,53.75945209915003,53.88560514140556,53.26384938854078,53.65132141113281,20493500.0
2022-09-19,53.51614822994368,54.15592625045644,53.37197285296317,54.05680847167969,12596200.0
2022-09-20,53.77747318268255,54.09285578086921,53.453077688883404,53.97571563720703,11984600.0
2022-09-21,54.19197544259629,54.69659102252977,53.516152662509214,53.52516555786133,14165300.0
2022-09-22,53.6603248408702,53.822522573379615,53.34494227066425,53.39900588989258,11657600.0
2022-09-23,53.128670937758976,53.25482395030333,52.263618762530406,52.80427551269531,14824000.0
2022-09-26,52.70516701080153,52.777252986039294,51.984286633949544,52.146484375,18670100.0
2022-09-27,52.335717736890565,52.59703326607577,50.740775563487325,50.80385208129883,23829300.0
2022-09-28,51.05615455256271,51.58780190621054,50.38033182016694,51.344505310058594,21480100.0
2022-09-29,51.44363038469454,51.62385048099538,50.46143446913804,50.975059509277344,14570700.0
2022-09-30,51.245385110829,51.47967225433197,50.46143168814925,50.479454040527344,16124600.0
2022-10-03,50.785826891503504,51.227362491523266,50.51549848206516,51.04714584350586,16277600.0
2022-10-04,51.317475847608385,52.092419832848236,50.8759367964558,51.16428756713867,18861400.0
2022-10-05,50.91197993295656,51.04714585641602,50.01989240043099,50.677696228027344,14324900.0
2022-10-06,50.461429340686095,50.551537660972485,49.443188821871864,49.587364196777344,17192800.0
2022-10-07,49.551326899010085,49.641435226512044,48.884513588293586,49.118797302246094,11479800.0
2022-10-10,49.19989544094462,49.52429091499153,48.67726096185639,49.01066589355469,10239100.0
2022-10-11,49.07374400412111,49.75857967990049,48.87550499263754,49.091766357421875,14303900.0
2022-10-12,49.76758415355241,50.49747392077803,49.59637697046041,49.686485290527344,18377400.0
2022-10-13,49.09176360611359,50.533520852660864,48.89352116832793,50.34428787231445,16220700.0
2022-10-14,50.72275092893257,50.88494866384226,49.50626791710988,49.54231262207031,15997900.0
2022-10-17,50.12802713914928,50.6596745073529,50.07396008160895,50.182090759277344,13721400.0
2022-10-18,50.740773834667,51.16428709162698,50.55154085026754,50.857913970947266,11823100.0
2022-10-19,50.74077435514095,50.94802625693072,50.21813643439187,50.42538833618164,10182300.0
2022-10-20,50.25417521828478,50.38933769270098,49.52428548175437,49.63241958618164,16905100.0
2022-10-21,49.56033602329938,50.56055426393739,49.55132656557475,50.42538833618164,15034100.0
2022-10-24,51.03813158550903,52.02032741558478,50.975055072905164,51.87615203857422,17416700.0
2022-10-25,53.20076591799508,53.26384243088339,52.03835000206104,53.119667053222656,28829900.0
2022-10-26,53.17372980811122,53.86757487602926,53.038567327293165,53.51614761352539,15831400.0
2022-10-27,53.85856442981367,53.921640940519424,53.507137173763844,53.64229965209961,16026100.0
2022-10-28,53.6783481186308,54.88581823845826,53.58823979342176,54.75065231323242,12888900.0
2022-10-31,54.52538419837685,54.57945126203364,53.76846249424501,53.930660247802734,14016400.0
2022-11-01,54.092851840760574,54.32713898584455,53.49812795791917,53.741424560546875,10659500.0
2022-11-02,53.74142759453972,54.27307499235262,52.95747412231137,52.9935188293457,14549200.0
2022-11-03,52.36274691856023,53.1647226939577,52.35373402366124,52.96648025512695,9194000.0
2022-11-04,53.435050594319605,53.69636954529723,52.76824074948067,53.39900588989258,9725900.0
2022-11-07,53.39900687147219,53.858568267833896,53.38098795633966,53.60626220703125,8849700.0
2022-11-08,53.84055305879204,53.876597768664006,53.110663152241926,53.705387115478516,10081600.0
2022-11-09,53.69637305689786,53.74142722167196,52.939451401490686,52.95747375488281,10115200.0
2022-11-10,54.291091676359535,55.00295909759278,53.77746668570064,54.85878372192383,16804800.0
2022-11-11,55.30032607751971,55.37241549288753,54.255053616574074,55.255271911621094,18972100.0
2022-11-14,55.25527259709466,55.61571280358015,54.70560282903994,54.72362518310547,16361000.0
2022-11-15,55.0840667696829,55.37241756713069,54.065826082650766,54.63351821899414,13295800.0
2022-11-16,54.77768992400258,54.99395128879938,54.32714140369477,54.534393310546875,14199500.0
2022-11-17,54.23703364498837,54.732639803879316,54.18297001850039,54.705604553222656,11212600.0
2022-11-18,54.957900883316924,55.3003152268904,54.78669027411834,55.09306335449219,10415600.0
2022-11-21,55.336372412414704,56.0572494002282,55.14714284762852,55.94010925292969,15399400.0
2022-11-22,56.29152949839003,56.31856130784589,55.913066978946965,56.18339538574219,12319600.0
2022-11-23,56.3095540599915,56.57988247739396,56.138343426953824,56.435707092285156,8990400.0
2022-11-25,56.525809869327794,56.59789927351072,56.21042731955743,56.48976516723633,5165500.0
2022-11-28,56.48977403062653,56.859223691501676,56.372633886567655,56.49878692626953,12267500.0
2022-11-29,56.336581812408866,56.38163597249517,55.849988633687865,56.300537109375,10969600.0
2022-11-30,56.273309832507834,57.78881606682727,56.03736455755869,57.72529220581055,30433900.0
2022-12-01,57.725300901939605,58.17904481286598,57.56195281706281,57.888648986816406,12001400.0
2022-12-02,57.72529255992887,58.551102758212224,57.53472097570963,58.39683151245117,13643500.0
2022-12-05,57.54378939566292,57.89770901080833,57.40766486901136,57.59823989868164,9185100.0
2022-12-06,57.643622715880674,57.970318862150236,57.38045043563118,57.571022033691406,10099500.0
2022-12-07,57.580095834652866,57.825117931524346,57.398597600475,57.66176986694336,12307600.0
2022-12-08,57.7162204401938,57.94309238132946,57.489348499058146,57.906795501708984,9946200.0
2022-12-09,57.72529121702518,57.93401296561787,57.253397213419255,57.298770904541016,13914900.0
2022-12-12,57.44397571173896,58.08829466571618,57.18080342502933,58.05199432373047,11647900.0
2022-12-13,58.61463247563719,58.71445668547493,57.897719759312885,58.07014465332031,17521600.0
2022-12-14,58.251642901953375,58.66908645055561,57.68899798501177,58.07014465332031,12826700.0
2022-12-15,57.70713906114939,57.979384660296276,56.70890404368061,57.27154541015625,12212300.0
2022-12-16,56.944854736328125,57.29877439514545,56.56371155353745,56.944854736328125,33631500.0
2022-12-19,57.01745786503189,57.54379896793978,56.69076171615544,57.02653121948242,10919700.0
2022-12-20,57.00837891963374,57.307851532182774,56.94485505547927,56.98115539550781,10286500.0
2022-12-21,57.23525089426745,58.12459191666676,57.23525089426745,57.8977165222168,10411300.0
2022-12-22,57.552871420279025,57.70714613784855,56.854108899435126,57.48027420043945,9666700.0
2022-12-23,57.62546725857634,57.961236728419394,57.35322164892547,57.915863037109375,6463300.0
2022-12-27,58.01568757774994,58.342383695977,57.816039180657675,58.26978302001953,7320700.0
2022-12-28,58.49664729181959,58.66907214378028,57.616386712561024,57.68898391723633,7159400.0
2022-12-29,57.89771563721233,58.21533841515443,57.806968250252254,58.03384017944336,7169300.0
2022-12-30,58.006611172658666,58.006611172658666,57.325995408801674,57.72529220581055,7650200.0
2023-01-03,57.679926147309665,57.679926147309665,56.427592006776685,57.12635803222656,12180500.0
2023-01-04,57.30785778488387,57.47120587104381,56.72706266643113,57.0991325378418,13387900.0
2023-01-05,56.8087250970161,56.99022331806986,56.33683456878322,56.44573211669922,9814700.0
2023-01-06,57.090050879793786,57.77974000632576,56.79058173991504,57.53472137451172,9990000.0
2023-01-09,57.44396766265376,57.825114276514846,56.7905789074201,56.81780242919922,9442600.0
2023-01-10,56.80873431485067,56.926708696946825,56.19164234021239,56.38221740722656,10134600.0
2023-01-11,56.60908456161815,56.77243262706121,55.728820371373956,56.273311614990234,10823000.0
2023-01-12,56.36406163478766,56.4275854968826,55.32952621005196,55.54732131958008,13907300.0
2023-01-13,55.08450927701055,55.77419847086256,54.984685066710256,55.74697494506836,13986400.0
2023-01-17,56.01921631430847,56.609084714646414,55.86494506419015,55.97384262084961,18327800.0
2023-01-18,55.81957044304182,55.89217112530466,54.158869646876624,54.2768440246582,19679400.0
2023-01-19,54.20424089548163,55.03005457909129,54.18609072573527,54.195167541503906,14894500.0
2023-01-20,54.19516590802338,54.53093538373355,53.90477012441607,54.5218620300293,14237700.0
2023-01-23,54.70335174577326,54.96652398216914,54.494630011945986,54.65797805786133,12613400.0
2023-01-24,54.52186643690853,56.12811673028255,54.26776750937079,54.94838333129883,10103300.0
2023-01-25,54.63076251613534,55.30230150360539,54.34944007113027,55.29322814941406,11265800.0
2023-01-26,55.18433380126953,55.44750262962342,54.96653520830331,55.18433380126953,11884800.0
2023-01-27,55.21155165192388,55.32044920631761,54.785031326344715,54.8939323425293,14087000.0
2023-01-30,54.93930480206555,55.511019546145064,54.86670412623852,55.030052185058594,15632000.0
2023-01-31,55.338602161185406,55.66529830260191,54.912081814137075,55.64714813232422,14344400.0
2023-02-01,55.483798415492124,55.88309522617286,55.01190438764547,55.65622329711914,12535400.0
2023-02-02,55.175251718090095,55.374900120769404,54.36758821531053,54.7033576965332,16947200.0
2023-02-03,54.76688109532265,54.83040495713006,53.75049584461342,54.29499053955078,15404400.0
2023-02-06,54.258695646417124,54.75781323719274,54.1951717782343,54.603538513183594,11330900.0
2023-02-07,54.149794183133444,54.66706540269778,54.03182326419651,54.51279067993164,14922700.0
2023-02-08,54.376662315385744,54.376662315385744,54.07719316904798,54.195167541503906,11012000.0
2023-02-09,54.58538673025134,54.739657978130225,54.08626572407643,54.10441589355469,12515300.0
2023-02-10,54.19516674094597,54.35851480445942,53.432876931813496,54.10441589355469,14420700.0
2023-02-13,54.35852046632369,55.13895706443213,54.20424574058502,54.99375915527344,16191800.0
2023-02-14,54.63983178532469,55.266000493233264,54.049966876840244,54.07719039916992,20505700.0
2023-02-15,54.35851282314267,54.38573634547235,53.750494284050795,54.07719039916992,13171400.0
2023-02-16,53.75049791467272,54.28591581466305,53.496402457657304,53.741424560546875,16538300.0
2023-02-17,53.99552502754266,54.657990717507644,53.88662745897355,54.55816650390625,16814700.0
2023-02-21,54.44018992777123,54.6579850422955,54.195167827588236,54.267765045166016,14278300.0
2023-02-22,54.313136014918136,54.775956668204564,54.22238863204942,54.43111038208008,12409600.0
2023-02-23,54.45834413485277,54.83041401337489,54.276849335020636,54.53094482421875,12222800.0
2023-02-24,54.1588716110425,54.36759338743122,53.895699320981905,54.30406951904297,9736200.0
2023-02-27,54.6126076716402,54.7215052215705,54.21331434736862,54.285911560058594,8849800.0
2023-02-28,54.17701777849734,54.17701777849734,53.66882340715649,54.00459289550781,16082200.0
2023-03-01,53.65975601466963,53.70512971352173,52.97006332966907,53.41473388671875,13275800.0
2023-03-02,53.396577381618336,54.24961458895209,53.36027704212561,54.195167541503906,11758300.0
2023-03-03,54.0408985846783,54.15887296969799,53.732352589713074,53.94107437133789,13101800.0
2023-03-06,53.7777204516168,54.79410918460206,53.74142357398875,54.77595901489258,16282700.0
2023-03-07,54.893936868231314,54.9665340898821,54.22239439355815,54.45833969116211,13961200.0
2023-03-08,54.485565185546875,54.74873746312669,54.20424273760386,54.485565185546875,10851600.0
2023-03-09,54.93931320372947,54.93931320372947,53.79587661712744,53.959224700927734,13900900.0
2023-03-10,54.17701992098402,54.57631328881956,53.532704442729724,53.73234939575195,13745800.0
2023-03-13,53.80494997532295,55.238778832103364,53.768649634191526,54.2768440246582,21956000.0
2023-03-14,54.44926268248653,54.86670619888911,53.85939428537657,54.47648620605469,19496900.0
2023-03-15,53.931997415825656,54.884858863730386,53.75957598907048,54.83948516845703,21089900.0
2023-03-16,54.94921723901887,55.177829392037204,54.59258283844542,55.14125061035156,15658300.0
2023-03-17,55.15040290744989,55.186978204675555,54.53772045834878,54.88521194458008,27351200.0
2023-03-20,55.01323221720764,55.41558837890625,54.83948822454469,55.41558837890625,12904100.0
2023-03-21,55.3881542453898,55.55275528084507,54.7571859350411,55.159542083740234,13716500.0
2023-03-22,55.23269105805428,55.66247948302454,54.894342599837096,54.91263198852539,10494200.0
2023-03-23,54.94921646814475,55.22355035024923,54.61087146316071,54.793758392333984,15479000.0
2023-03-24,55.095529334645406,55.79965519038663,54.78461666442648,55.68992233276367,12975600.0
2023-03-27,55.90938418185674,56.22029683057595,55.735640211939455,56.101417541503906,12777400.0
2023-03-28,56.13800344711075,56.45806257549535,56.02827058314639,56.165435791015625,10925700.0
2023-03-29,56.43977254523643,56.65009531893354,56.32089324241814,56.56779479980469,9441000.0
2023-03-30,56.58607535402174,56.7781087058823,56.38489556349491,56.55863952636719,9870700.0
2023-03-31,56.75068717565359,56.92443117161821,56.576939691344045,56.72325134277344,14440900.0
2023-04-03,56.97014515214233,57.171324953596475,56.567789037578486,57.06159210205078,12300700.0
2023-04-04,57.05244893131106,57.37250804180954,56.76897209121615,56.887847900390625,11433400.0
2023-04-05,57.18046663729768,57.62854796105851,57.15303429710527,57.4273681640625,12789600.0
2023-04-06,57.482244317654086,57.64684535836204,57.04330937188116,57.46395492553711,9644200.0
2023-04-10,57.14389529485068,57.3267822265625,56.71410333096974,57.3267822265625,7952600.0
2023-04-11,57.29020741336703,57.34507209800254,57.061595258466674,57.2261962890625,9913000.0
2023-04-12,57.134748855258316,57.63769489415506,56.979294265634344,57.3267822265625,9593700.0
2023-04-13,57.39079101966108,57.75657184491941,57.13474653498693,57.74742889404297,9871400.0
2023-04-14,57.655982971191406,57.74742992330814,57.409081432993034,57.655982971191406,8946000.0
2023-04-17,57.90288062651491,58.094913980565785,57.73827961208721,58.03090286254883,9452400.0
2023-04-18,58.0766388158258,58.158939343197154,57.78401549369324,58.12236404418945,9035700.0
2023-04-19,58.277811730921826,58.369258688434435,58.00347783507348,58.23208999633789,9769500.0
2023-04-20,58.186358658287865,58.524703624379946,58.01261121186272,58.48812484741211,10706400.0
2023-04-21,58.52471316217603,58.77161122608559,58.34182273587528,58.570438385009766,12931100.0
2023-04-24,59.210546829539226,59.43001253999043,58.17721893515982,58.47898864746094,15532300.0
2023-04-25,58.68016983641895,58.68016983641895,58.186370202757466,58.38754653930664,12818900.0
2023-04-26,58.12235521037261,58.3143885822709,57.966897131923076,58.11320877075195,13179600.0
2023-04-27,58.094921304241346,58.305244074003234,57.71085454772262,58.23208999633789,13795800.0
2023-04-28,58.16807740011058,58.67102693285653,58.04919810252112,58.66188049316406,13687600.0
2023-05-01,58.66188449415344,59.15568762088639,58.57958048468639,58.79905319213867,9091500.0
2023-05-02,58.65273506422306,58.65273506422306,57.85716572615678,58.53385925292969,10948400.0
2023-05-03,58.54299620998922,58.6893113345694,58.14064357077197,58.204654693603516,11084600.0
2023-05-04,58.28695852003006,58.46070250782777,58.07663226066341,58.26866912841797,11938300.0
2023-05-05,58.19550370947577,58.7167390908818,58.1863607590758,58.542991638183594,9039000.0
2023-05-08,58.35096311993057,58.57957176864984,58.16807271261077,58.4515495300293,7240700.0
2023-05-09,58.195508206581756,58.29609811047614,57.866306153234525,57.966896057128906,9067700.0
2023-05-10,57.9028885869665,58.19551187765777,57.601122344591964,58.06748962402344,10134000.0
2023-05-11,58.140642069241444,58.46069767513348,57.619403172247374,58.39668655395508,9581500.0
2023-05-12,58.39668540714069,58.69845510535076,58.25037377755701,58.62529754638672,8740800.0
2023-05-15,58.725892809531175,58.75332515247603,58.259522049400346,58.469844818115234,8150000.0
2023-05-16,58.43326481870328,58.43326481870328,57.756571344343605,57.811439514160156,9129600.0
2023-05-17,57.9760410377433,57.99432693949619,57.36335867868727,57.74742889404297,11583000.0
2023-05-18,57.61940152209812,57.64683735063491,57.217045416450475,57.4273681640625,13595100.0
2023-05-19,57.64684065052236,57.70170533404781,57.25362747298196,57.45480728149414,14251400.0
2023-05-22,57.41823069606885,57.49138477301524,56.18372294436686,56.24773406982422,15055400.0
2023-05-23,56.24773073141515,56.394042364968776,55.93681807407065,56.14714431762695,13932700.0
2023-05-24,56.12885515210363,56.174576883707594,55.52531922523561,55.671630859375,11090100.0
2023-05-25,55.29671235341122,55.53446747343707,55.00408905722025,55.241844177246094,14463600.0
2023-05-26,55.278415119275984,55.452159086633394,54.967502475137636,55.10466766357422,12570300.0
2023-05-30,54.94921364440469,55.0498035432876,54.42797824868815,54.665733337402344,15634200.0
2023-05-31,54.793754841383475,55.12295687391249,54.29080884206162,54.555999755859375,59432200.0
2023-06-01,54.81204086226862,55.02236359493787,54.656586294430355,54.86690902709961,13402700.0
2023-06-02,55.11381844531633,56.073988793408994,54.94007446426831,55.927677154541016,15259800.0
2023-06-05,55.78136560259533,56.183721738023095,55.3698630275302,55.55275344848633,12915600.0
2023-06-06,55.735644820767725,55.77222360325222,54.976650781765514,55.15039825439453,10943500.0
2023-06-07,54.87605930251712,55.1961184075733,54.70231532320863,55.06809616088867,16817900.0
2023-06-08,54.98579931857855,55.241843829045536,54.84863062320276,55.205265045166016,15585900.0
2023-06-09,55.11380913415294,55.47958642535458,55.022362195094495,55.29669952392578,12581500.0
2023-06-12,55.40643995620529,55.46130812716034,54.88520454133817,55.0589485168457,14208900.0
2023-06-13,55.058957891180945,55.47960347508851,54.90350327952407,55.27842712402344,13397800.0
2023-06-14,55.534460097590014,55.85451918352711,55.4155808091937,55.65333938598633,14099700.0
2023-06-15,55.84684622389509,56.48261997100728,55.598064275482876,56.418121337890625,15271400.0
2023-06-16,56.759037292770174,57.28424240213373,56.648468721038775,56.82353591918945,26738000.0
2023-06-20,56.749826796663015,57.09074862240405,56.42733365270686,56.44575881958008,13971800.0
2023-06-21,56.49182554139837,56.86960468563592,56.187757600594104,56.602394104003906,13948700.0
2023-06-22,56.952533666858535,57.219740741463994,56.74982170034078,56.98938751220703,15193400.0
2023-06-23,57.072319877535044,57.09996465763762,56.37204754504214,56.39047622680664,25112100.0
2023-06-26,56.39968511686506,56.47339983909582,55.64412678855685,56.40890121459961,12856100.0
2023-06-27,56.40890821619345,56.537905481197285,56.18776753696414,56.28912353515625,9068500.0
2023-06-28,56.09562910035973,56.243055052052824,55.653351245280426,55.763919830322266,11173200.0
2023-06-29,55.48748686875485,55.60726801697449,55.07285035400253,55.30320358276367,17142300.0
2023-06-30,55.28477962427197,55.60727276611557,55.16499495091079,55.487491607666016,19739200.0
2023-07-03,55.469060700649905,55.86526855325474,55.31241867024471,55.81919860839844,9694500.0
2023-07-05,55.54277357469039,56.29833194070316,55.43220500073798,56.23383331298828,14716600.0
2023-07-06,55.95740832106066,56.224618921521134,55.7454837632542,55.8007698059082,12603900.0
2023-07-07,55.570412868405896,55.74548005279041,55.03599170305645,55.06363296508789,14574000.0
2023-07-10,55.257134467636895,55.422989076022,54.49236004953766,54.64900207519531,15480600.0
2023-07-11,54.78721654821041,54.879359957849964,54.21594146809188,54.84250259399414,15967700.0
2023-07-12,55.05442468226421,55.33084786889997,54.77800149562845,55.137351989746094,14241300.0
2023-07-13,55.39534473359788,55.70862527246518,55.26634748493101,55.607269287109375,11269800.0
2023-07-14,55.41377598655972,56.24304907350292,55.36770604059878,56.114051818847656,11634200.0
2023-07-17,55.98505065444266,56.29833120564381,55.736272245025795,56.031124114990234,10014300.0
2023-07-18,56.1693366284628,56.436547246760966,55.662560172494636,55.80998611450195,11152900.0
2023-07-19,55.994266327109145,56.93410797357232,55.9113390196297,56.795894622802734,12936000.0
2023-07-20,56.8327551517647,57.5053862321724,56.82353905324706,57.48695755004883,11563000.0
2023-07-21,57.55145251517856,57.75416449071756,57.34874405455106,57.533023834228516,12815100.0
2023-07-24,57.51459527474083,57.873949281658355,57.496170108663364,57.55145263671875,10251100.0
2023-07-25,57.40402587697034,57.48695318277058,57.173672640293155,57.35795593261719,13422700.0
2023-07-26,56.998608753887176,58.20565753458728,56.56554351902806,58.095088958740234,17145500.0
2023-07-27,58.095086301014646,58.297798276553635,57.47774130628988,57.533023834228516,11517100.0
2023-07-28,57.671245070233084,57.83709970655201,57.33032321331616,57.569889068603516,9721800.0
2023-07-31,57.54224940510451,57.54224940510451,56.878830841333006,57.063114166259766,15577900.0
2023-08-01,57.21052796821685,57.45930987677473,56.777462773885205,56.91567611694336,9281600.0
2023-08-02,56.722188537454564,57.6712428527453,56.722188537454564,57.09075164794922,11059400.0
2023-08-03,57.007819183047644,57.238172424389255,56.69453863422658,56.795894622802734,8037400.0
2023-08-04,56.83275180081979,57.02624767934093,55.85605279532837,55.93898010253906,9359300.0
2023-08-07,56.012693039271525,56.510256866658025,55.96662309560494,56.381256103515625,6982600.0
2023-08-08,56.38126256353594,56.528688509107546,55.856057412755106,56.13248062133789,7956100.0
2023-08-09,56.123268874959884,56.78668739738724,55.97584292718845,56.26148223876953,7904100.0
2023-08-10,56.52868466748446,56.87882258251398,56.01269565050575,56.132476806640625,7870300.0
2023-08-11,56.05876665567303,56.390475895662895,55.920553300706715,56.362831115722656,8483900.0
2023-08-14,56.501047303081755,56.64847324881085,55.975842151739855,56.09562683105469,7176300.0
2023-08-15,55.920550560513625,56.11404995096703,55.62569869828453,55.71784210205078,7187400.0
2023-08-16,55.782333001155145,56.04032746614448,55.65333576866048,55.727046966552734,8372300.0
2023-08-17,55.81919864083761,56.22461907668471,55.69941397221243,55.846839904785156,12873500.0
2023-08-18,55.782342735957755,56.28911917273111,55.62570070137016,56.16012191772461,11083800.0
2023-08-21,56.07718850241267,56.14168712289249,55.57962470307298,55.68098068237305,8648500.0
2023-08-22,55.598059512807566,55.819200175201125,55.26635027667302,55.340065002441406,9411500.0
2023-08-23,55.46905926773076,55.690196403293,55.432201906833264,55.5335578918457,7749500.0
2023-08-24,55.533557213498895,56.09561965813032,55.367702606397444,55.386131286621094,8955100.0
2023-08-25,55.662555572681825,55.80998150250623,55.29398899066509,55.644126892089844,7629200.0
2023-08-28,55.79155370801013,55.95740832106066,55.62569909495959,55.8007698059082,6254300.0
2023-08-29,55.80076944072969,55.86526806594819,55.422990272345004,55.7454833984375,8189600.0
2023-08-30,55.87448444150768,55.96662785158249,55.551991293525084,55.71784591674805,9447900.0
2023-08-31,55.561201200145426,55.717843232269765,55.10971081472254,55.12813949584961,14663500.0
2023-09-01,55.284775730730615,55.40456039565572,54.47393136917138,54.64900207519531,11262300.0
2023-09-05,54.59371761771441,54.658216243411616,54.05929641632442,54.197509765625,12474600.0
2023-09-06,54.0132262290112,54.206725620145505,53.828942935741686,54.16065216064453,13923500.0
2023-09-07,54.31730019431249,54.51079609192413,53.71838030371052,53.74602508544922,17628600.0
2023-09-08,53.718372678240236,53.819728662100054,53.45116208713913,53.74601745605469,14312300.0
2023-09-11,53.81051837323627,54.35415216127606,53.65387634198167,54.2527961730957,14767400.0
2023-09-12,54.35414564724272,54.36335822919526,53.61701255424001,53.71836853027344,12292700.0
2023-09-13,53.810520114072084,54.068514626941976,53.75523406920927,53.847373962402344,12641400.0
2023-09-14,54.08883898186006,54.413890674254354,54.04239998911995,54.293155670166016,12311600.0
2023-09-15,54.24672752280381,54.460333455532066,53.63377028977545,53.81022644042969,55727500.0
2023-09-18,53.84737442122125,54.19100103691546,53.52232269594268,54.14456558227539,13617400.0
2023-09-19,54.10741521972587,54.228150234730485,53.79164917165093,54.033119201660156,11998900.0
2023-09-20,54.144568840638286,54.6367946092793,53.940252119366804,54.27458953857422,14766600.0
2023-09-21,54.20957827688078,54.25601373353345,53.32729042928702,53.43873977661133,15941800.0
2023-09-22,53.72664188629205,53.838091233933234,53.40159014600091,53.49446105957031,14644100.0
2023-09-25,53.308712218093106,53.39229744642676,52.69575505791229,52.93722152709961,12358800.0
2023-09-26,52.68647015317586,52.84435494974627,52.379993319406836,52.50072479248047,11194700.0
2023-09-27,52.39856801640628,52.50072814845898,51.711314743539894,51.96207046508789,13766300.0
2023-09-28,52.22210857814421,52.30569381340575,51.729886383158494,51.83204650878906,12484800.0
2023-09-29,52.138528609078826,52.25926363727312,51.655592039100085,51.989933013916016,12271600.0
2023-10-02,51.92491738677403,52.017788295765484,51.15407892231032,51.52556610107422,11792500.0
2023-10-03,51.228375580659865,51.479131289425816,50.87545974504874,50.96833419799805,13604200.0
2023-10-04,50.97762200143875,51.339823526076394,50.81045152194472,51.1169319152832,12100500.0
2023-10-05,50.8383138415371,51.033344879818124,48.51650564448257,48.64652633666992,29878100.0
2023-10-06,48.33075800092665,49.49166204470679,47.87568205693371,49.352352142333984,30298900.0
2023-10-09,49.18518545707197,49.36164515268028,48.39577206374486,49.11088943481445,15704700.0
2023-10-10,50.27179902695203,50.4575444169637,49.742426968237886,50.178924560546875,20909700.0
2023-10-11,50.35537230566322,50.411093429462554,49.24090377330503,49.88172149658203,21138900.0
2023-10-12,49.928159792529506,49.993173678663254,48.69295972635237,49.045875549316406,19330400.0
2023-10-13,48.98086803966511,49.61239661963409,48.887993584670994,49.120174407958984,14494600.0
2023-10-16,49.24090484037471,49.74241622222351,49.07373437975845,49.621681213378906,12816800.0
2023-10-17,49.5102363615071,50.24392501615791,49.41736191340083,50.216064453125,16457200.0
2023-10-18,50.24392996406295,50.64328127325222,50.07675948380706,50.19749450683594,12809500.0
2023-10-19,50.29965240428097,50.85688495185145,50.02103613049574,50.47610855102539,16202200.0
2023-10-20,50.64328158283877,51.098357569161344,50.55969634219986,50.6804313659668,15686400.0
2023-10-23,50.503973333172034,50.977620650655766,50.19749294795454,50.22535705566406,21212700.0
2023-10-24,51.68344921993855,52.16638218237456,51.35839396342443,51.67416000366211,25290800.0
2023-10-25,51.78560460384919,52.2128199727535,51.59986279618405,52.11994552612305,16701000.0
2023-10-26,52.352134697580766,52.59360475462377,51.74846664057017,51.8041877746582,16228400.0
2023-10-27,51.59057911297688,52.13852600706877,51.17265291531387,51.302677154541016,13626500.0
2023-10-30,51.47912625036293,52.268539537770216,51.46983703457822,52.14780807495117,15014300.0
2023-10-31,52.53787328728869,52.677183190100074,52.14781122789361,52.46357727050781,16639400.0
2023-11-01,52.75147807130771,52.825777629287145,52.24996668334029,52.417137145996094,14110800.0
2023-11-02,52.47285855264279,53.07653002390732,52.3428378770591,53.02080535888672,13087200.0
2023-11-03,53.30871602351663,53.485172165796016,52.658609039269244,52.69575881958008,13958700.0
2023-11-06,52.732906916366915,53.197268558230796,52.69576067754441,52.909366607666016,12673200.0
2023-11-07,52.86293058344371,53.30872090237673,52.686474425014914,53.104400634765625,10449300.0
2023-11-08,53.234411260602464,53.373721151755106,52.86292057939388,53.02080535888672,13744000.0
2023-11-09,52.96508657640162,53.06724670222022,52.35212936428812,52.6214599609375,12021100.0
2023-11-10,52.816495248333766,52.87221992402989,52.06423161182712,52.677188873291016,11678900.0
2023-11-13,52.5843059921758,53.03009269795487,52.56573110325195,52.87221145629883,12798200.0
2023-11-14,52.955801941153965,53.16012219679824,52.76077090229252,53.03009796142578,12697100.0
2023-11-15,53.215836966567466,53.252986743662746,52.70503993129944,53.13225173950195,10201900.0
2023-11-16,53.16940899894737,53.4294503896136,52.76077202178641,53.0765380859375,16010400.0
2023-11-17,53.11368151978123,53.252991424735356,52.65860911015411,53.17869186401367,14475800.0
2023-11-20,52.98366434946561,53.47589011493572,52.90007910950263,53.308719635009766,13051000.0
2023-11-21,53.364438291271014,53.90309948889198,53.24370681687855,53.8938102722168,13891600.0
2023-11-22,54.107412576522904,54.36745748404461,53.986681110214214,54.25600814819336,11320600.0
2023-11-24,54.293160767191374,54.56249136205861,54.18171496830765,54.395320892333984,4816000.0
2023-11-27,54.367466684064894,54.506773063255444,54.116710950163714,54.29316711425781,16246500.0
2023-11-28,54.23744301474417,54.63679432363,54.20029323187147,54.40461349487305,13739600.0
2023-11-29,54.404610781199736,54.48819247429687,53.95882049455967,54.07955551147461,11263600.0
2023-11-30,54.257416416604855,54.72547557182955,53.9204132534818,54.70675277709961,22727500.0
2023-12-01,54.54761154719263,54.940779503090745,54.51952914205927,54.89397430419922,15371200.0
2023-12-04,54.847172044028916,55.19353481959369,54.70675286882289,54.82844924926758,14942200.0
2023-12-05,54.80972325869966,55.07183879906713,54.68802688535076,54.912696838378906,11891500.0
2023-12-06,54.81909103107051,54.97822943407572,54.491447470929344,54.85653305053711,14868500.0
2023-12-07,54.922059223138056,55.128006392896374,54.659947240542344,54.98759078979492,11587900.0
2023-12-08,54.98758305059861,54.99694266108488,54.64121675548004,54.86588668823242,11178700.0
2023-12-11,55.071844804035166,55.315234006264085,54.76292403131308,55.268428802490234,14524800.0
2023-12-12,55.418209519257644,55.62415313720703,55.13737471586611,55.62415313720703,12899000.0
2023-12-13,55.65222998877253,56.18581709899613,55.47436523802621,56.101566314697266,16196800.0
2023-12-14,56.1390114129418,56.20453940338117,55.015668822397714,55.2684211730957,22478300.0
2023-12-15,55.07184341026236,55.390120216272784,54.10763909608425,54.85653305053711,65177400.0
2023-12-18,55.04375908552094,55.68968304208536,54.87525749433093,55.24970626831055,16717700.0
2023-12-19,55.23098059309301,55.41820497032204,54.89397742828235,55.071842193603516,14612200.0
2023-12-20,54.76292381809278,54.9220622245059,53.89233346145783,53.929779052734375,17701000.0
2023-12-21,54.15444762743119,54.36039481669288,53.79872520908062,54.28550720214844,11725100.0
2023-12-22,54.40719320261518,54.72547355930355,54.31358280341594,54.594417572021484,9029400.0
2023-12-26,54.3510288403009,54.959503582136065,54.3510288403009,54.819087982177734,6422500.0
2023-12-27,54.89397518013282,55.015671555998885,54.66930879346544,54.959503173828125,8560100.0
2023-12-28,54.90334165199967,55.10928525694849,54.7910048809279,54.996952056884766,8400100.0
2023-12-29,54.98758225568266,55.21224861417977,54.88460868678508,55.165443420410156,9244300.0
2024-01-02,55.04375510078853,56.054764574739494,54.92205872240379,55.99859619140625,16322600.0
2024-01-03,56.10156771083754,56.35432007002412,55.942425749420316,56.1296501159668,14830600.0
2024-01-04,56.21389992237928,56.41048389687251,55.848814378032486,55.94242477416992,12912900.0
2024-01-05,55.979877386814266,56.120296569651515,55.31523420620202,55.85818099975586,10412800.0
2024-01-08,55.867541772654825,56.335600933906285,55.62414900903958,56.27007293701172,11554600.0
2024-01-09,56.15773938710044,56.298154991993215,55.811373038814054,56.16709899902344,10493700.0
2024-01-10,56.37304713599464,56.55090833363868,56.148377164910755,56.35432434082031,12258000.0
2024-01-11,56.40113720517337,56.41049681852799,55.87690958210164,55.9892463684082,13754200.0
2024-01-12,56.24199020796124,56.597712597349364,56.0454026473954,56.53218460083008,13218000.0
2024-01-16,56.53218674508542,56.569632336233305,56.026681977613244,56.15774154663086,11826900.0
2024-01-17,56.03604135447363,56.363681327241366,55.998595765869354,56.157737731933594,8982100.0
2024-01-18,55.87690250930631,56.38240727067443,55.72712371753148,56.31687927246094,10397700.0
2024-01-19,56.41048502675572,56.42920782055976,55.830092702861606,56.007957458496094,14392600.0
2024-01-22,55.94242569816207,56.2326236445936,55.64286814036528,55.764564514160156,14314300.0
2024-01-23,55.727122416121745,56.16709916900148,55.66159441943855,56.02667999267578,14481600.0
2024-01-24,55.97987709763206,55.9892402809772,55.128009534640135,55.146732330322266,16370500.0
2024-01-25,55.24033721011297,55.39011598957425,54.91269724598135,55.38075637817383,14899700.0
2024-01-26,55.465005982912956,55.68967593282131,55.35267279346263,55.57733917236328,13025100.0
2024-01-29,55.549263017252095,55.970516988843094,55.39012104086967,55.91434860229492,14547100.0
2024-01-30,56.02668136889191,56.18582334403733,55.652236174505646,56.073490142822266,22061500.0
2024-01-31,56.260711198577795,56.588354762471226,55.502457623326556,55.68968200683594,22837000.0
2024-02-01,55.76457256362109,57.112581768287995,55.56798855750455,57.08449935913086,15870900.0
2024-02-02,56.934719424810666,56.98152462947658,56.382409439333216,56.672607421875,17544900.0
2024-02-05,56.522820598632435,56.522820598632435,56.05476147641688,56.20454025268555,12759600.0
2024-02-06,56.12965800756942,56.21390880581026,55.86754600015712,56.11093521118164,12775200.0
2024-02-07,56.23262533813427,56.363681327241366,56.11092896067431,56.157737731933594,10259900.0
2024-02-08,56.064126087423084,56.13901726774007,55.614789718545204,56.00796127319336,12874800.0
2024-02-09,55.67096389005273,55.77393748818734,55.25906949751428,55.75521469116211,15235300.0
2024-02-12,55.84881921092697,55.942429615165004,55.19353566823664,55.88626480102539,13516800.0
2024-02-13,55.69904345258456,56.784940627475294,55.03440026170494,55.558624267578125,24195700.0
2024-02-14,55.390116087291815,55.78328761595117,55.26842328383269,55.5024528503418,15872500.0
2024-02-15,55.62414601128425,55.78328797445727,55.35267442635493,55.60542678833008,13695800.0
2024-02-16,55.55862374415413,55.81137613217959,55.19353815178676,55.5960693359375,13947100.0
2024-02-20,55.79265156530768,56.95343987668884,55.708400771973494,56.822383880615234,18339300.0
2024-02-21,57.0938627038088,57.36533432544577,56.944083902868016,57.3278923034668,14373000.0
2024-02-22,57.09385829558459,57.337247489193146,56.635158744427514,57.24363708496094,12982800.0
2024-02-23,57.187469831112864,57.6836114111728,57.103219037234,57.290443420410156,13612900.0
2024-02-26,57.32788261401361,57.355965018503476,56.784932320491535,56.83173751831055,10336100.0
2024-02-27,56.672606466594104,56.89727287360675,56.279434897809736,56.485382080078125,9931100.0
2024-02-28,56.5134598910719,56.62579665644826,56.22326550803597,56.54154586791992,8076500.0
2024-02-29,56.494734883669395,56.7662100328488,56.073484528538,56.18581771850586,18152700.0
2024-03-01,56.07348961508078,56.07348961508078,55.549262062664134,55.72712326049805,10927600.0
2024-03-04,55.44628461450491,56.12029091054462,55.43692500306338,55.989234924316406,10150200.0
2024-03-05,56.082843721640266,56.27006808419594,55.624144211929256,55.71775817871094,12310000.0
2024-03-06,55.71775957474619,56.16709591353352,55.58670358897586,55.74584197998047,12378800.0
2024-03-07,55.876901437536745,55.951792617491726,55.45565104881803,55.64287185668945,13686900.0
2024-03-08,55.51181102279893,55.97051053250994,55.20289385993861,55.71775817871094,13239000.0
2024-03-11,55.96115605173984,56.4385784290417,55.77393523108086,56.39177322387695,14114300.0
2024-03-12,56.466653151657965,56.8691842890968,56.363679571707415,56.635154724121094,12684600.0
2024-03-13,56.99088307686508,57.29980025879452,56.915991898816785,57.21554946899414,13909500.0
2024-03-14,57.16365167427488,57.37124254099744,56.9938023108657,57.08816146850586,13996600.0
2024-03-15,56.635236138890384,57.04098703255395,56.27666482830065,56.50313186645508,36849900.0
2024-03-18,56.51256570974556,56.993806810589795,56.42764102133607,56.73903274536133,15856700.0
2024-03-19,56.8428311733727,56.94662481730987,56.67298179300789,56.83339309692383,15030600.0
2024-03-20,56.78621479338504,57.3806876380616,56.76734223963339,57.32406997680664,15258800.0
2024-03-21,57.144788740186705,57.55053966555447,56.918321684336796,57.05986404418945,13067100.0
2024-03-22,57.107038566496705,57.36181263189419,57.02211387803088,57.078731536865234,11502800.0
2024-03-25,57.06929154130966,57.286320493518666,56.72959279887076,56.993804931640625,13144700.0
2024-03-26,57.08817041854172,57.28632684039483,56.97493869170734,57.12591552734375,13277400.0
2024-03-27,57.36181627354931,57.96572360783626,57.27689157969198,57.588279724121094,12551200.0
2024-03-28,57.692075144374805,57.805306866073394,57.55997086913119,57.729820251464844,13683500.0
2024-04-01,57.72981769799751,57.84304941468771,57.21083509696511,57.25801467895508,11668700.0
2024-04-02,57.04098897508642,57.305197528954665,56.72016275985858,56.75790786743164,13017300.0
2024-04-03,56.6635502313817,56.98437647567166,56.40877613154215,56.45595932006836,13672900.0
2024-04-04,56.70128688255753,56.7579045405985,55.83316745711943,55.95583724975586,14320700.0
2024-04-05,55.90865952008658,56.31441041722761,55.58783331303487,56.153995513916016,10157800.0
2024-04-08,56.050201993014404,56.116254129943016,55.738810262146835,55.92753219604492,10284500.0
2024-04-09,56.12568674499666,56.37102633079708,55.79542607130923,56.35215377807617,10779100.0
2024-04-10,55.97471101350907,56.04076314953363,55.38023818971657,55.597267150878906,11861900.0
2024-04-11,55.814302956476084,56.02189385337704,55.47460418027424,55.719940185546875,11109000.0
2024-04-12,55.625576527794905,55.68219058621466,54.8518198664398,54.99335861206055,12250900.0
2024-04-15,55.304747799417015,55.4934697178417,54.76689267162794,54.86125183105469,12425000.0
2024-04-16,54.965050448811674,55.087720238809155,54.66309681156502,54.7857666015625,11236800.0
2024-04-17,54.99335922489964,55.2575713655645,54.82350984860488,55.21038818359375,13805100.0
2024-04-18,55.31418678051702,55.653885541433496,55.238700166741964,55.587833404541016,11125900.0
2024-04-19,55.76711715573386,56.95606281667847,55.67275798880177,56.77677536010742,21207900.0
2024-04-22,56.74847091234041,57.21083949031976,56.35215807370523,57.13534927368164,15624500.0
2024-04-23,57.11647101179273,57.25801335405885,56.739030765035224,57.22026824951172,13689100.0
2024-04-24,56.918317757139185,58.17331555588824,56.465387276262,58.07895278930664,19548300.0
2024-04-25,58.380902119510615,59.06029959029568,57.90909912025903,58.258235931396484,19048500.0
2024-04-26,58.0789484879553,58.437519775266445,57.890226568340424,58.258235931396484,10994300.0
2024-04-29,58.428081674620586,58.55075146225366,58.060075911292586,58.541316986083984,13409300.0
2024-04-30,58.63567802239431,59.28676848564434,58.0034637112301,58.28654479980469,19349200.0
2024-05-01,58.31485309396373,59.04143018346385,57.758125381207606,58.437522888183594,16729800.0
2024-05-02,58.673420652270195,58.88101512160076,58.239362761461905,58.494136810302734,10991300.0
2024-05-03,58.494144232876785,58.81497045365724,58.16387993525394,58.66399002075195,11628700.0
2024-05-06,58.78665220772374,58.862142414397695,58.409211973067485,58.833831787109375,9310700.0
2024-05-07,59.220712054560074,59.277329711436685,58.73947456960839,59.08860778808594,9807000.0
2024-05-08,59.305641174316406,59.41887649653613,58.95650792973449,59.305641174316406,10484400.0
2024-05-09,59.26790171696096,59.58872794187328,59.21128405389231,59.333953857421875,9113700.0
2024-05-10,59.371690130287185,59.78687909036308,59.24902393714782,59.6925163269043,8371700.0
2024-05-13,59.673650107047294,60.03221782590021,59.61703244637874,59.994476318359375,10137600.0
2024-05-14,59.99447613806691,60.1643219204191,59.258460949873644,59.541542053222656,10852200.0
2024-05-15,59.50380259658926,59.815190741133684,59.44718493413952,59.569854736328125,9838900.0
2024-05-16,59.67365126230337,60.136016234880735,59.513236353756,59.74913787841797,10228000.0
2024-05-17,59.76800591971181,59.79631294867109,59.39056206892194,59.475486755371094,11539000.0
2024-05-20,59.38112635099935,59.456612959836356,58.93763037552896,59.04142761230469,11000900.0
2024-05-21,59.2773304099056,59.42830723045091,58.91875911127123,59.36225509643555,9796200.0
2024-05-22,59.17353128358613,59.466050438875556,59.12635170359008,59.44717788696289,7419400.0
2024-05-23,58.965937165499746,59.33394290860917,58.55074824542059,58.58849334716797,9834300.0
2024-05-24,58.711168851615156,58.89988717960753,58.47526734205331,58.50357437133789,8203100.0
2024-05-28,58.3054179463115,58.626244143183506,57.9374121674583,58.33372497558594,12347000.0
2024-05-29,58.003464359664605,58.3903426916082,57.626020504298054,58.22049331665039,11861800.0
2024-05-30,58.36203019021001,58.57906273980376,58.126128688067574,58.47526550292969,9433800.0
2024-05-31,58.49414180936657,59.47548938559056,58.21105710896948,59.38113021850586,19816600.0
2024-06-03,59.17353193007251,59.53210322118812,58.92819595166999,59.381126403808594,9369000.0
2024-06-04,59.63590104307771,60.36247810871038,59.39056146269718,60.33416748046875,11895600.0
2024-06-05,60.38135190730872,60.45683851851144,59.77744101983007,60.3152961730957,9632500.0
2024-06-06,60.31529319914025,60.73048213878339,60.23980659165953,60.532325744628906,8658500.0
2024-06-07,60.475708203913385,60.59838159769239,60.211503261718995,60.30586242675781,9523100.0
2024-06-10,60.33417074898016,60.38135393208186,59.79631557767859,60.003910064697266,15685300.0
2024-06-11,60.00390874107404,60.06052639980425,59.51323316412646,59.966163635253906,8396000.0
2024-06-12,60.09827251120441,60.09827251120441,59.15466639082365,59.333953857421875,9569600.0
2024-06-13,59.31508196512076,59.48493135665083,58.92820359542931,59.43775177001953,9668900.0
2024-06-14,59.31888141820082,59.613666735662974,59.043111465895876,59.48053741455078,8179200.0
2024-06-17,59.309368108168535,59.81336232788645,59.128693125251885,59.54710006713867,10532700.0
2024-06-18,59.46151514935973,59.737285086487354,59.37593150085466,59.556610107421875,10651700.0
2024-06-20,59.337894081690195,59.6612096674062,58.909975861257024,59.12868881225586,13306300.0
2024-06-21,59.12869167280697,60.003543519126225,59.12869167280697,59.68973922729492,28278100.0
2024-06-24,59.898947456382146,60.91643634818161,59.82287148643345,60.83085632324219,13212500.0
2024-06-25,60.80232094124771,60.92594256833585,60.393421705688276,60.70722961425781,10235300.0
2024-06-26,60.28882448979375,60.96398236300316,60.127164876101766,60.90692901611328,9402500.0
2024-06-27,60.9069328448563,61.116130881604306,60.49802994393129,60.773799896240234,8494100.0
2024-06-28,60.764286050543724,60.91643072138383,60.40293248166917,60.526554107666016,17358800.0
2024-07-01,60.88790516173479,61.144659727536535,60.022561018946256,60.17470932006836,10033400.0
2024-07-02,60.155689248275735,60.26980319269345,59.775320316054724,60.051090240478516,8878200.0
2024-07-03,60.08913038819107,60.545575327367246,59.841890739783864,60.22226333618164,9154200.0
2024-07-05,60.22226129127119,60.65968722302403,59.90845336577342,60.63115692138672,11735500.0
2024-07-08,60.46950027676044,60.46950027676044,59.75630441107802,59.87041473388672,11235100.0
2024-07-09,59.96551245617768,60.127168451981944,59.518575198950955,59.61366653442383,11657500.0
2024-07-10,59.64218920745938,59.77531851109187,59.233289987730195,59.74679183959961,11930400.0
2024-07-11,59.566117928160665,60.34587844857706,59.33789728328363,60.003543853759766,11431600.0
2024-07-12,60.345876230395014,60.963980740261825,60.27931157579417,60.574100494384766,9201500.0
2024-07-15,60.65968579742061,60.802322792247736,60.24127523992359,60.29833221435547,8207500.0
2024-07-16,60.31735113802213,61.15416499707197,60.279313155110316,61.116127014160156,9025100.0
2024-07-17,61.306321353776,62.18117325888399,61.249268002791894,62.010005950927734,12508200.0
2024-07-18,61.620117023414046,62.58054876374168,61.54404106724874,61.9909782409668,11128200.0
2024-07-19,62.41889809682471,62.41889809682471,61.63913761744342,62.08607482910156,13775700.0
2024-07-22,62.048043263981654,62.08608124922671,61.163680058294865,61.59159469604492,11794200.0
2024-07-23,62.219203595715214,62.79927010942379,61.6676637539918,61.77226638793945,11810300.0
2024-07-24,61.89588579886101,62.73270688955901,61.64864979933952,62.5805549621582,13244600.0
2024-07-25,62.79927788991022,63.60756513464555,62.62811058178947,62.82780456542969,16328600.0
2024-07-26,62.827792260370664,63.81675792970857,62.77073892050584,63.75970458984375,13530100.0
2024-07-29,63.59804862877735,63.74068924972549,63.132096038349886,63.550506591796875,12140200.0
2024-07-30,63.217692177815984,64.50144343636052,63.10357821405482,64.35880279541016,13258000.0
2024-07-31,64.18762721135562,64.29222985091513,63.34130204037653,63.46492004394531,15576800.0
2024-08-01,63.71217109602271,64.76770167517806,63.42688981597909,64.62506103515625,16495900.0
2024-08-02,65.16707324653773,66.25113022960412,64.36829747164775,65.92781829833984,22514800.0
2024-08-05,65.6045115621973,66.13703610151985,64.40634767248028,64.75818634033203,25484300.0
2024-08-06,64.80573892360286,65.46187425221164,64.44438167233575,64.71064758300781,12969100.0
2024-08-07,64.71064064182833,65.78518645979938,64.50143536195706,65.10051727294922,13365300.0
2024-08-08,64.66308881789237,65.48088728628362,64.52044820038168,65.35726928710938,15240900.0
2024-08-09,65.32873826456945,65.41432554088294,64.90082364801253,65.30972290039062,12080400.0
2024-08-12,65.09099613573507,65.1765833986708,64.50142562329894,64.82473754882812,11012300.0
2024-08-13,64.73916731544651,65.24315789604358,64.6726026586696,65.10051727294922,9877600.0
2024-08-14,64.88180684865935,65.50941542272714,64.78670826485826,65.21463012695312,14328000.0
2024-08-15,65.25266229424702,65.53793625521703,65.13854835685738,65.28118896484375,11285100.0
2024-08-16,65.46185994482022,65.89929307495937,65.27167730519659,65.7851791381836,12651200.0
2024-08-19,65.94684752515286,66.01341218705552,65.47138358156127,65.59500885009766,9843900.0
2024-08-20,65.60450344294838,65.98487599395969,65.39529817714201,65.9753646850586,11957400.0
2024-08-21,66.07047160983106,66.68856892142178,65.92783097830863,66.15605163574219,8792400.0
2024-08-22,66.48886215141697,66.48886215141697,65.4143164766238,65.92781829833984,12509200.0
2024-08-23,65.99440355911447,66.4223182500326,65.55697755695233,66.36526489257812,11834700.0
2024-08-26,66.40329187360597,67.43979972221273,66.30820054194535,67.36372375488281,12912200.0
2024-08-27,67.82016572542489,68.0198596790433,67.56341842934489,67.9913330078125,16988400.0
2024-08-28,68.09594325350196,68.28612591964209,67.80115794448363,68.22907257080078,13272600.0
2024-08-29,68.3717178836253,68.67601452330607,67.73459792788806,68.51435852050781,17201700.0
2024-08-30,68.65699508553092,69.0088410388199,68.25760708774635,68.91374969482422,18624200.0
2024-09-03,68.88521749591374,69.69350473759884,68.70453887830034,69.42724609375,14755800.0
2024-09-04,69.70299738688206,69.92170667648918,68.38120857664123,68.99930572509766,18140800.0
2024-09-05,69.056378015756,69.11343136097179,67.49685703649658,67.67752838134766,23866100.0
2024-09-06,67.50636145637993,68.15299264067347,67.41127012883744,67.64900207519531,17485700.0
2024-09-09,67.7345947137727,68.76159128958507,67.49686274858396,68.32416534423828,12939300.0
2024-09-10,68.43827495891237,68.86618956711182,68.01035309570958,68.03888702392578,10277600.0
2024-09-11,67.85820808489922,67.86771939425762,67.10697425565877,67.59194946289062,11418200.0
2024-09-12,67.51587204253866,67.87722198533139,67.19256008135619,67.73458862304688,12337800.0
2024-09-13,67.82554032497306,68.42873659534432,67.48086613371328,68.37129211425781,11073800.0
2024-09-16,68.71596974484186,69.1659710151846,68.57235853493765,69.03192901611328,10786500.0
2024-09-17,68.84044844994098,69.27129672616734,68.6681076785021,68.74470520019531,12974400.0
2024-09-18,68.83086511743569,69.30001210805048,68.23724534021015,68.69682312011719,10719700.0
2024-09-19,68.51490147777433,68.87873599419747,67.59575328135998,67.61490631103516,13635600.0
2024-09-20,67.41384366364292,68.7446943478156,67.38511411898706,68.59149932861328,48578500.0
2024-09-23,68.50534020589392,69.12767495238171,68.1510821632579,68.67768096923828,11613000.0
2024-09-24,68.18938847908547,68.76385531898224,67.59576860517156,68.29470825195312,13330600.0
2024-09-25,68.65852230643387,68.8595852963889,68.2755420521068,68.40958404541016,12329100.0
2024-09-26,67.84468739613759,68.56277256561005,67.82553436763054,68.36170959472656,10815200.0
2024-09-27,68.49576852766032,69.12767983472598,68.4191710041548,68.7351303100586,11175700.0
2024-09-30,68.93618127254393,69.12766774307141,68.63937505180414,68.80213928222656,18015300.0
2024-10-01,69.03193497643822,69.65427705714109,68.58193366724166,68.65853118896484,13294500.0
2024-10-02,68.35213131829677,68.3904300695834,67.41383747836389,67.9883041381836,11155500.0
2024-10-03,67.84469317937642,67.96915865632161,67.21277467009921,67.51915740966797,9374800.0
2024-10-04,66.98298852839054,67.2893712637822,66.75320330303194,67.18405151367188,12684800.0
2024-10-07,67.06916339223666,67.1170313580506,65.93937567171011,66.07341766357422,14512000.0
2024-10-08,66.10214878602338,66.48512908769857,65.92980801550662,66.23619079589844,13549700.0
2024-10-09,66.24575379888533,66.77234521462125,66.13085754039777,66.60958099365234,9037700.0
2024-10-10,66.85852073947815,66.93511824686054,66.05426152144383,66.3031997680664,8635200.0
2024-10-11,66.50426886688844,66.6287343492843,66.06384411601724,66.60958862304688,8786300.0
2024-10-14,66.60958605663836,67.47128979894264,66.51384281965807,67.34681701660156,7659300.0
2024-10-15,67.46171328382238,68.17979851828582,67.17448357288146,67.34681701660156,10358700.0
2024-10-16,67.10745410420505,67.69149733578637,66.99256514372388,67.56703186035156,7937300.0
2024-10-17,67.62447693699615,67.68192872248403,66.61916200021663,66.92554473876953,14674600.0
2024-10-18,66.8968214452399,67.5478856675077,66.64788319135323,67.44256591796875,15087500.0
2024-10-21,67.02129639292757,67.33725568620363,66.36065556239426,66.49469757080078,11981200.0
2024-10-22,66.06384930160003,66.78193462009568,65.75746652456489,66.49469757080078,18603300.0
2024-10-23,64.13938188192455,65.77661561523163,63.74683235287622,65.11598205566406,24655200.0
2024-10-24,64.77130041122084,65.14470421103374,64.1010830311075,64.43619537353516,17568800.0
2024-10-25,64.21596805494282,64.81915701698648,63.947884071812304,64.07234954833984,11138100.0
2024-10-28,64.11064924124214,64.53192825217373,63.76596774225099,63.83298873901367,10761400.0
2024-10-29,63.469153505777406,63.51702146614453,62.73191532967292,62.77021408081055,16525900.0
2024-10-30,62.72236061912618,63.708529948474876,62.540443335356066,63.11491012573242,14177800.0
2024-10-31,63.00958055443841,63.18192129520046,62.482989122200216,62.53085708618164,13383700.0
2024-11-01,62.68406186780175,62.86597915159701,62.128740804973155,62.24363708496094,12163100.0
2024-11-04,62.310648488152935,62.63617694084964,61.89894601255741,62.33937072753906,10984500.0
2024-11-05,61.88938206492866,62.68406493809961,61.88938206492866,62.588321685791016,8780200.0
2024-11-06,61.678735440752895,62.10001446820037,60.49150317809492,60.989376068115234,22899300.0
2024-11-07,61.55426914650303,61.65001238655022,60.89362837211775,60.95107650756836,14856100.0
2024-11-08,61.19043934380518,61.50639496345322,61.027675102368136,61.20001220703125,14719300.0
2024-11-11,61.2670338677255,61.391502997810505,60.55852149536131,60.663841247558594,13980900.0
2024-11-12,60.970224752716305,61.03724574997762,60.4340531222553,60.510650634765625,15021000.0
2024-11-13,60.367032080524254,60.568095072160105,59.83086410282865,60.31916046142578,13177600.0
2024-11-14,60.42447726797958,60.42447726797958,59.773413053355355,59.8883056640625,15910800.0
2024-11-15,59.83086293958822,59.96490493140606,58.777669078045996,59.11277770996094,26284300.0
2024-11-18,59.21809606148427,59.495756570737186,58.94043920460184,59.2276725769043,16062100.0
2024-11-19,59.26596813869299,59.95532746458,59.0074570218465,59.926605224609375,16254800.0
2024-11-20,60.03192507653268,60.32873129638855,59.3808608520413,60.30958557128906,18904900.0
2024-11-21,60.462778190289086,61.09469305039166,60.27128806399762,61.046817779541016,17292300.0
2024-11-22,61.506398797247826,61.73619135744348,60.94150852243536,61.200016021728516,19562200.0
2024-11-25,61.582989783553266,61.9563935233273,61.12341566903366,61.64043426513672,36805300.0
2024-11-26,61.573411055207835,61.88937030204171,61.33404931755924,61.80320358276367,14473300.0
2024-11-27,62.19575444236716,62.329796434106306,61.51596796862132,61.68830871582031,13263400.0
2024-11-29,61.760658757937414,61.98254503700041,61.51948521996691,61.818546295166016,10648400.0
2024-12-02,61.78960971320668,61.92466837416371,61.11430904827652,61.403724670410156,16500100.0
2024-12-03,61.471255208293464,61.81855101761734,60.80560368039851,61.27831268310547,24874500.0
2024-12-04,61.046772125603134,61.11430144768324,59.71547662167643,60.01453399658203,28137700.0
2024-12-05,60.26536590501053,60.89242447930745,59.908420963872366,60.69948196411133,21040400.0
2024-12-06,60.612657781638276,61.12395228582416,60.30394756921931,60.3232421875,15581100.0
2024-12-09,60.47759771867213,60.70912946663961,59.7154805084388,60.39077377319336,22348300.0
2024-12-10,60.487246616144425,60.81524777768933,59.60936169554958,60.68983459472656,14949400.0
2024-12-11,60.776659034024135,61.38442665478462,60.19783518191949,60.42936325073242,32819000.0
2024-12-12,61.307254389133405,61.664195678088426,60.98890234224722,61.58702087402344,17542100.0
2024-12-13,61.32654528382393,61.58701713185267,60.88278006721458,60.892425537109375,13429000.0
2024-12-16,60.998539228834424,61.60630682563735,60.14959442314947,60.34253692626953,24559700.0
2024-12-17,60.24606632413663,61.307244550217234,60.12065314757624,61.162540435791016,21902400.0
2024-12-18,60.59336482087323,61.39407126102835,60.57407020206473,60.63195037841797,20946100.0
2024-12-19,60.48724808409744,60.940658759536575,60.19783615337467,60.246070861816406,21300600.0
2024-12-20,60.26536975270176,60.83454818483017,60.082072695530115,60.34254455566406,42458100.0
2024-12-23,60.29430330805429,60.54512599058402,59.35853454309018,60.17853927612305,13010800.0
2024-12-24,60.00489372264743,60.62230682373047,59.82159667821365,60.62230682373047,5019100.0
2024-12-26,60.41007018864285,60.52583790610538,60.19783673343967,60.36183547973633,7943800.0
2024-12-27,60.24607467651367,60.728429151617746,60.01454290923177,60.24607467651367,8542800.0
2024-12-30,60.1399538800838,60.1399538800838,59.50324614368546,59.84089279174805,8972200.0
2024-12-31,59.83125038240616,60.2267809104004,59.619013232725905,60.06277847290039,9256700.0
2025-01-02,60.14959649194429,60.53548151145659,59.445359459395775,59.657596588134766,12991000.0
2025-01-03,59.715481884191696,59.88912977914982,59.44536089199441,59.57077407836914,10403200.0
2025-01-06,59.329595858522346,59.39712518541894,58.51924025569086,58.66394805908203,17924200.0
2025-01-07,58.95335818263295,59.54183116765185,58.48064922874282,58.69288635253906,17799600.0
2025-01-08,58.837596703854324,59.59006845894154,58.779712845742864,59.53218460083008,14412400.0
2025-01-10,59.406775631904296,59.474304960275106,58.58677086157361,58.914772033691406,22425000.0
2025-01-13,58.972658920210286,59.66724685912604,58.56747924910957,59.474308013916016,18016200.0
2025-01-14,59.483953545422764,59.87948406662688,59.13665773557085,59.85054397583008,16658300.0
2025-01-15,60.13030327326165,60.41006603772529,59.50324106034658,59.590065002441406,16187200.0
2025-01-16,59.25241339469822,60.10135817864814,59.15594398564412,60.053123474121094,12585500.0
2025-01-17,60.1110096902729,60.554774877479346,59.97594736018762,60.496891021728516,17948900.0
2025-01-21,60.68019227167805,60.99854430023249,60.10136471419436,60.21712875366211,19817100.0
2025-01-22,59.92771736810332,60.09171979892951,59.48395214598716,59.59971618652344,18191900.0
2025-01-23,59.61900760386993,59.79265549538217,59.20418249415427,59.35853576660156,16528400.0
2025-01-24,59.54183670009506,59.821599494644936,59.27171569559952,59.73477554321289,19244600.0
2025-01-27,60.65124646937623,61.91501643146541,60.26536512405684,61.6159553527832,20742900.0
2025-01-28,61.26866139300868,61.779959618910745,60.082069872641995,60.15924835205078,14956000.0
2025-01-29,60.3521914187807,61.123957819517535,60.34254226873072,60.61266326904297,11325600.0
2025-01-30,61.5966618055826,62.021136076915845,60.99854331788041,61.789608001708984,13201000.0
2025-01-31,61.45196035046087,61.67384296554483,61.15289925357072,61.239723205566406,12096800.0
2025-02-03,60.950308656836604,61.38442839828151,60.22677698111924,61.11430740356445,12067900.0
2025-02-04,61.36513021365277,61.384424832159674,60.14959500822344,60.45830154418945,15678000.0
2025-02-05,60.50654418008612,61.056427965900404,60.38113099101914,60.892425537109375,10686800.0
2025-02-06,61.374777460659885,61.49054517505463,60.68983504414969,61.12395477294922,13423400.0
2025-02-07,61.19148655280146,61.664191858610955,61.03713327415944,61.58701705932617,13184700.0
2025-02-10,61.83783779962454,62.36843062822857,61.41336721681364,62.2719612121582,16154300.0
2025-02-11,65.11785552612521,65.28185428471909,64.06632628086939,65.21432495117188,30589100.0
2025-02-12,64.51008775110223,66.3912671899937,64.51008775110223,66.28514862060547,26033800.0
2025-02-13,66.5649248301554,67.15339794282788,66.333396717674,67.04727935791016,24393100.0
2025-02-14,66.91221184471048,67.55856506013052,66.33338795985455,66.43950653076172,20779100.0
2025-02-18,66.13079710709069,66.92185809953664,66.00538024136549,66.61315155029297,15569100.0
2025-02-19,66.76750999822421,67.65504052496836,66.72892075443373,67.59716033935547,16032300.0
2025-02-20,67.24985870281061,67.5971545068133,66.97009222957817,67.5682144165039,13398000.0
2025-02-21,67.83832134569062,69.07314741066321,67.65502432162178,68.83197021484375,21662300.0
2025-02-24,68.33997789459565,69.19857562400996,67.84798163365159,68.09880065917969,21418400.0
2025-02-25,68.35927702465378,69.23715834494554,68.23386751036787,68.967041015625,21555600.0
2025-02-26,68.7547909122914,68.76444006084749,68.04090848215989,68.30138397216797,14531200.0
2025-02-27,68.22421918516824,69.01528024209426,67.93480355159848,68.36892700195312,16789500.0
2025-02-28,68.92845038554972,69.04421810727406,68.06986002315978,68.6969223022461,22167400.0
2025-03-03,67.7611497329903,69.80633521013272,67.2691535030397,69.76774597167969,21717600.0
2025-03-04,69.52656342054729,70.0860962949973,67.41384877813942,67.7129135131836,25411900.0
2025-03-05,67.4331559914327,68.24350796351726,67.37526845046588,67.60680389404297,23933600.0
2025-03-06,67.92516526661575,68.04092563790137,66.99903813545667,67.97339630126953,21694000.0
2025-03-07,67.19196870119997,69.2853850092421,67.19196870119997,68.90914916992188,28393300.0
2025-03-10,69.42044747960743,70.6359826829876,68.80303440871627,68.9284439086914,25251200.0
2025-03-11,69.3432727769641,69.49762973315383,68.11809571782342,68.53292083740234,28076400.0
2025-03-12,67.88656583115964,68.2338616131692,67.27879453257063,67.47174072265625,18923300.0
2025-03-13,67.77080415371312,67.77080415371312,66.83503528884287,67.16304016113281,15746600.0
2025-03-14,66.57994205689799,67.30881309741233,66.45359966462134,67.21163177490234,14205100.0
2025-03-17,67.28936370389881,68.19316397412464,67.13387509083283,68.14457702636719,15634800.0
2025-03-18,68.13486035711614,68.21260837508463,67.34768206494762,67.42542266845703,12657600.0
2025-03-19,66.61881673587217,67.4254283937956,66.60909637918594,67.3282470703125,14780000.0
2025-03-20,67.35739919740189,67.84331321825046,67.14359584191499,67.74613189697266,16295300.0
2025-03-21,67.74612213450506,67.99879946498325,66.25922663128911,66.73542022705078,47479500.0
2025-03-24,66.86176957291268,67.13388022744218,66.40500922518423,67.00753784179688,12575400.0
2025-03-25,67.00753817706658,67.13388056334404,66.66739985720285,66.8714828491211,12513900.0
2025-03-26,66.97837696430793,68.36809115530883,66.9589436687057,68.0473861694336,14478200.0
2025-03-27,68.20288716939255,68.99006545175256,68.09598549963268,68.74710845947266,11663400.0
2025-03-28,68.81514202588295,69.31077640871374,67.57120330497868,68.38754272460938,17412900.0
2025-03-31,68.73739909508515,69.91331010917577,68.50415503194864,69.60232543945312,24016900.0
2025-04-01,69.66062619989512,69.88414988577485,69.1844325910576,69.84527587890625,15309100.0
2025-04-02,69.93274459910334,70.32147729649685,69.04838494163114,69.32049560546875,14606500.0
2025-04-03,70.43809345331466,71.86667431927378,70.28259742154668,71.11837005615234,24959600.0
2025-04-04,70.37978789668131,70.95317032039885,67.82388271103628,67.9599380493164,26517300.0
2025-04-07,64.36418178014435,67.42543452789074,64.18925241617652,66.44389343261719,34258400.0
2025-04-08,67.01725779581007,68.008526505031,65.85106716497752,66.49246978759766,22774400.0
2025-04-09,66.00655292541789,68.48471717649981,65.38458362736247,67.97936248779297,27918700.0
2025-04-10,68.21260651908835,69.20386777060864,67.03669558353181,68.76654815673828,22450200.0
2025-04-11,68.91232392878273,69.82583716572168,68.55274491580596,69.41767120361328,19988200.0
2025-04-14,69.29133927982875,70.61302595134595,68.93176025106948,70.408935546875,13930200.0
2025-04-15,70.57415504730234,70.58386798930708,69.69950832700631,69.83556365966797,14965500.0
2025-04-16,70.32147258945783,70.6227368879041,69.37879827107677,69.66062927246094,15276200.0
2025-04-17,69.87442647737342,71.36132195645031,69.69949716133742,70.94343566894531,20754500.0
2025-04-21,71.31273294536997,71.40020131717795,69.79668370231492,70.71991729736328,16037200.0
2025-04-22,70.94343810656396,72.2845579659487,70.86569009355244,71.81808471679688,15613500.0
2025-04-23,71.22527262523387,71.866675228242,70.34090561590055,71.23499298095703,16353900.0
2025-04-24,70.96288088245699,71.361333941526,70.26317091525561,70.47696685791016,16893900.0
2025-04-25,70.60331362770769,70.86570395487178,69.1261307493868,69.88416290283203,16316000.0
2025-04-28,70.04936335569735,70.22429269061813,69.30105165069102,69.76753234863281,15997500.0
2025-04-29,69.18443572688525,70.66161098255212,68.3000687130724,70.31175231933594,16244100.0
2025-04-30,71.28358437760598,71.4099267665119,69.67035370649332,70.5061264038086,21074700.0
2025-05-01,69.97161317332831,70.010487181493,69.22330890591992,69.2816162109375,18034200.0
2025-05-02,69.48570167374963,69.79668633571112,69.09696899268297,69.63147735595703,12629600.0
2025-05-05,69.6509153142261,69.77725770734105,69.00951264983667,69.68006896972656,11932700.0
2025-05-06,69.66062703026569,69.87443036336217,69.15527976386753,69.69950103759766,12705500.0
2025-05-07,69.69950064113837,70.64217492381513,69.65090627863512,70.36034393310547,15018200.0
2025-05-08,70.16597488635264,70.42837258443403,69.12611927847414,69.16499328613281,14371100.0
2025-05-09,68.99006262018167,69.14555864779908,68.47499500400173,68.5333023071289,11228900.0
2025-05-12,68.17374121727974,68.34867056805899,66.7645860542081,67.57120513916016,21539000.0
2025-05-13,67.62950665848516,67.72669538961772,66.92979672976142,67.01725769042969,14389100.0
2025-05-14,66.9395060931253,67.38654605749409,66.6479621586894,67.21162414550781,16286800.0
2025-05-15,67.73641050073138,69.70922762323923,67.63922918094534,69.59260559082031,19817100.0
2025-05-16,69.83555570578352,70.22428836102497,69.41766939892922,69.97161102294922,18441200.0
2025-05-19,70.0007686570331,70.13682398193924,69.62175633558613,69.9035873413086,13282800.0
2025-05-20,69.77725843140577,70.09795605969845,69.41767937609607,69.67035675048828,12137800.0
2025-05-21,69.67035517877366,70.04936752458184,69.5634535002678,69.82584381103516,12094400.0
2025-05-22,69.8161179845868,69.96189366335177,68.96091203800273,69.1358413696289,11101800.0
2025-05-23,69.52457636233079,69.95218305712636,68.69852404103328,69.74809265136719,12822100.0
2025-05-27,69.71893849035054,70.18541919168487,69.54400915415756,69.7578125,10666100.0
2025-05-28,69.68006215053438,69.87443219228179,69.0483799046175,69.14556121826172,8710900.0
2025-05-29,68.99978901505891,69.64119906343514,68.47500099760362,69.47598266601562,10291100.0
2025-05-30,69.59260820492239,70.42838093250339,69.59260820492239,70.06880187988281,28019500.0
2025-06-02,70.00076467456206,70.01048502991924,69.34964174034637,69.97161102294922,10202700.0
2025-06-03,69.68978199524805,69.7578096557461,68.484717403086,69.15528106689453,20139800.0
2025-06-04,69.25246569692254,69.82584066080437,68.68880367467787,69.35936737060547,13565900.0
2025-06-05,69.36907590311796,69.44682391802918,68.83457498313567,68.91232299804688,13531400.0
2025-06-06,69.07753737056977,69.4662700610649,68.94148204106538,69.33992767333984,9524000.0
2025-06-09,69.33992666876738,69.8064073734952,69.08724931143733,69.74809265136719,12281300.0
2025-06-10,69.87443269754522,70.64217768546634,69.7383773745677,70.31175231933594,12265000.0
2025-06-11,70.23400496451144,70.32147333836998,69.73837803232969,70.03964233398438,12718500.0
2025-06-12,70.21457722919266,70.36035292086493,69.58288750825263,70.2048568725586,12806900.0
2025-06-13,70.24399430143994,70.3516560348676,69.22611376804707,69.50994110107422,17467200.0
2025-06-16,69.68611838433925,70.09719387647019,68.74653112708066,69.02057647705078,15045900.0
2025-06-17,68.88356004385851,68.96186085585245,68.10057432544833,68.13972473144531,15437000.0
2025-06-18,68.51163750002343,68.51163750002343,67.6209826282787,67.73843383789062,16227600.0
2025-06-20,67.62098141231331,68.0809893077183,67.31757512690822,67.37629699707031,40859400.0
2025-06-23,67.66992288441301,68.32567534066796,67.50353927023059,68.25716400146484,21822800.0
2025-06-24,68.45291483075584,68.85419339136055,68.20823041396552,68.71717071533203,15216100.0
2025-06-25,68.44312225954339,68.53120506134917,67.95375344815446,68.14949798583984,12540400.0
2025-06-26,68.2180177920547,68.43334129055276,67.67971651298595,67.99291229248047,14454100.0
2025-06-27,68.11034641001726,69.05972308248386,67.99290267630202,68.8346176147461,23470700.0
2025-06-30,68.63886935517024,69.28483979452102,68.59971895273907,69.24568939208984,15429000.0
2025-07-01,69.48059144778411,70.909547680422,69.39250863368437,70.14613342285156,21729300.0
2025-07-02,70.16570451647361,70.30272719009658,69.23589926868839,69.40229034423828,13050200.0
2025-07-03,69.52952522923222,69.88187138910547,68.95206611887157,69.83293151855469,9440500.0
2025-07-07,69.85250635649176,69.85250635649176,69.29462621394387,69.50016021728516,16984700.0
2025-07-08,69.17717556958539,69.17717556958539,68.39418248344073,68.74652862548828,17115500.0
2025-07-09,68.66824276113972,68.75632557264653,67.50354247226325,68.00270080566406,33704100.0
2025-07-10,67.81673202566533,68.36482271500559,67.68949882054723,68.2865219116211,14608400.0
2025-07-11,68.0907827411925,68.66824187773241,67.7775869701259,68.38440704345703,12916700.0
2025-07-14,68.31589754022755,68.58994291388822,67.79716026331114,67.99291229248047,13983200.0
2025-07-15,68.03205842271167,68.07120882608505,67.67971225952715,67.88524627685547,12639800.0
2025-07-16,67.87545809582865,68.02227024446775,67.32736737256381,67.79715728759766,13178300.0
2025-07-17,68.32568179829877,69.18697582074205,68.03206494561037,69.08909606933594,20464700.0
2025-07-18,68.94228147592177,69.19674788493967,68.3452509205307,68.36482238769531,14928000.0
2025-07-21,68.69759799565308,69.11845548355008,68.44312411601926,68.58014678955078,17811700.0
2025-07-22,67.97332966851361,68.76611227608329,67.22949439955143,68.17887115478516,22339900.0
2025-07-23,68.17887540689327,68.25716875202022,67.14140831181439,67.68950653076172,21030000.0
2025-07-24,67.78737707224651,68.0712119091771,67.5231137043011,67.63077545166016,12511400.0
2025-07-25,67.66013700904526,67.75801675639724,67.28821935750724,67.69928741455078,12574800.0
2025-07-28,67.2784310943358,67.43503271916275,66.61288912317423,66.64225006103516,13668800.0
2025-07-29,66.88693513372442,67.94397370980064,66.70098003644962,67.90482330322266,16223400.0
2025-07-30,67.64056946944446,67.85589297864585,67.07289975740015,67.28822326660156,10448200.0
2025-07-31,66.7009689229213,67.19033772284418,66.29968292274043,66.44649505615234,17193400.0
2025-08-01,67.14140774856898,67.57205474544854,66.8184225009093,67.39588165283203,16107500.0
2025-08-04,67.2588489636535,67.61119509648745,66.85756296402445,67.49374389648438,10701500.0
2025-08-05,67.43502836812817,68.01248002127222,67.28821622111963,67.58184051513672,11993400.0
2025-08-06,67.65034402866685,68.31588587989334,67.17075723944144,68.03205108642578,10783000.0
2025-08-07,67.98312589693586,69.21633760132404,67.8558926726074,68.93250274658203,15790800.0
2025-08-08,68.86398506351819,69.36314338056019,68.5899397026876,68.84440612792969,9232700.0
2025-08-11,68.80526043229668,69.35335113198164,68.47248574521956,69.24568939208984,10909400.0
2025-08-12,69.3142047148319,69.5490996757487,68.72696357895181,69.20654296875,11061100.0
2025-08-13,69.18696596947754,69.26525930540726,68.73674755238554,68.96185302734375,10356500.0
2025-08-14,68.8835594172792,68.96186022856091,67.91461114599129,68.07121276855469,10722400.0
2025-08-15,68.25716127578782,68.893342238513,68.0907776682495,68.43333435058594,12381100.0
2025-08-18,68.49206636640483,68.5605777055523,67.58184002220209,67.6601333618164,14094900.0
2025-08-19,67.82652364666885,68.72696051265652,67.76779430867775,68.63887023925781,13862200.0
2025-08-20,69.23590486078876,70.18528165269629,68.91292708526277,69.1967544555664,17530800.0
2025-08-21,69.09887869376463,69.4022924521529,68.83462280580157,69.15760803222656,8840400.0
2025-08-22,69.45122429902263,69.50994616983786,68.43333622422861,68.63887023925781,12999600.0
2025-08-25,68.61930446299671,68.73675568154502,67.25885958364546,67.46439361572266,13634600.0
2025-08-26,67.57205254149822,67.61120294604456,67.12183408997969,67.26864624023438,17964200.0
2025-08-27,67.35672664570008,67.40566651643006,67.01416995211788,67.36651611328125,11562700.0
2025-08-28,67.41545740247174,67.43503634021468,66.82821621219061,66.9065170288086,16209900.0
2025-08-29,67.2099136818364,67.66992157926052,66.97501873298128,67.52310943603516,14601100.0
2025-09-02,67.49374912492912,67.86566675298677,66.80863573977665,67.59162139892578,24770100.0
2025-09-03,67.20013168155029,67.63077117658871,65.93755919729338,67.52310943603516,33581500.0
2025-09-04,67.64056607021101,67.98312278709975,66.6618283264281,66.7988510131836,16736000.0
2025-09-05,66.56395452137663,67.1218347238721,66.42693183775853,66.5150146484375,23978000.0
2025-09-08,66.41713432335962,66.43670578985848,65.73202098826998,65.99627685546875,21671700.0
2025-09-09,65.84947508431085,66.6618292145964,65.84947508431085,66.41714477539062,14120600.0
2025-09-10,66.3486297863127,66.64224661692424,65.78096012641724,66.37799072265625,16041900.0
2025-09-11,66.47586016526085,66.7205445805928,66.14309294465377,66.18224334716797,15128700.0
2025-09-12,66.16265664628392,66.28010784004034,65.51669374856081,65.585205078125,18712400.0
2025-09-15,65.76273776142062,65.86136063784639,65.19071454393074,65.29920196533203,15986100.0
2025-09-16,65.43727617985725,65.5950788033392,65.15126456812864,65.32878875732422,18555900.0
2025-09-17,65.49645173259015,66.20654091946702,65.49645173259015,66.11778259277344,17372300.0
2025-09-18,65.88108790831691,66.11778431009039,65.43727368999332,65.54576110839844,17722900.0
2025-09-19,65.57534653512263,65.81205045887388,65.1414043904644,65.51617431640625,31192900.0
2025-09-22,65.24989428934073,65.67397190552722,65.17099297842284,65.29920196533203,13298700.0
2025-09-23,65.43727948453775,65.84164308429878,64.99347275135752,65.79232788085938,15072800.0
2025-09-24,65.49645317150102,65.86135855518165,65.05263895495459,65.53589630126953,14759300.0
2025-09-25,65.83177688913361,65.99943653751667,65.04277880053517,65.07237243652344,14395000.0
2025-09-26,65.16112345066303,65.41754892931603,64.59896482113618,64.7666244506836,17821600.0
2025-09-29,64.76662549347947,65.19071060850801,64.45102779330306,65.13153839111328,14818500.0
2025-09-30,65.16112339196218,65.7232820209826,65.0526359789545,65.40768432617188,13815000.0
2025-10-01,65.59508373039955,65.9106814766258,65.3781088690358,65.86136627197266,14877500.0
2025-10-02,65.61479709901629,65.73314906072945,64.95401557611417,65.19071197509766,14350700.0
2025-10-03,65.19070960159803,66.06846592679501,65.13153738511724,65.73314666748047,12249200.0
2025-10-06,65.57534644511189,65.5852109896987,64.93428648694055,65.19071197509766,14333300.0
2025-10-07,65.30906479198343,66.3347592335997,64.96388097135366,65.87122344970703,13328300.0
2025-10-08,65.75287115491213,65.95012442602238,65.15126184580093,65.21044158935547,12606700.0
2025-10-09,65.37809942615047,65.88108584807726,65.21043979365578,65.45700073242188,12705200.0
2025-10-10,65.60493162373471,66.47283094843326,65.46685809924954,66.11778259277344,17991700.0
2025-10-13,65.31892959687319,65.88108825683594,65.09209021415984,65.88108825683594,13690000.0
2025-10-14,65.95012627989851,66.64049393708356,65.83177431390544,66.5813217163086,14245600.0
2025-10-15,66.34461539240733,66.7884296055482,65.9994315762597,66.15723419189453,11193700.0
2025-10-16,66.25586122497546,67.17306829373106,66.23613965900412,66.66021728515625,15707200.0
2025-10-17,67.06457785058872,67.55769974654893,66.86733210198184,67.49852752685547,15541800.0
2025-10-20,67.48866298209222,67.69577327546236,66.98567654136878,67.49852752685547,17786800.0
2025-10-21,69.59922021744404,70.40793978078695,69.26390095860451,70.24028015136719,33651300.0
2025-10-22,70.37835166142955,70.6347771325596,69.5400460138439,69.8359146118164,18293000.0
2025-10-23,69.83592498246709,69.95427695389681,68.7609227919769,68.97789764404297,13989400.0
2025-10-24,68.94830612669669,69.08637965365122,68.69188063759134,68.75105285644531,15688200.0
2025-10-27,68.82009012667474,69.15541692634982,68.2973821244347,69.09623718261719,13800000.0
2025-10-28,69.08638257300535,69.92468831477971,68.98775217149043,69.19486999511719,12730500.0
2025-10-29,68.95816192440434,69.06664934000864,67.22237832362102,67.40975952148438,19789600.0
2025-10-30,67.50838190233834,68.33683056780497,67.44920968496311,68.03109741210938,14751700.0
2025-10-31,67.60701041471879,68.11985384139034,66.96595048804747,67.95219421386719,16742700.0
2025-11-03,67.85358023828566,67.94233857350869,66.72926284546644,67.03499603271484,15660400.0
2025-11-04,67.52811876480722,67.7845442770236,67.22238557391618,67.71550750732422,12743800.0
2025-11-05,67.71550399520694,67.88316363800342,67.24210365293334,67.56756591796875,12850100.0
2025-11-06,67.36045312639443,68.18889428915611,66.98567567467023,68.10999298095703,15906700.0
2025-11-07,68.84968006122529,69.89510364822623,68.45518854478772,69.57950592041016,25108300.0
2025-11-10,69.04692498969492,69.68798491300726,68.48476636990094,69.5499038696289,15318000.0
2025-11-11,70.0035852182334,70.76298960075499,69.68798751681052,70.62491607666016,16160200.0
2025-11-12,70.50656180536356,70.90106080031896,70.35862374169997,70.52629089355469,13612600.0
2025-11-13,70.43753001467769,70.68409096336345,70.02330942675196,70.09234619140625,14002800.0
2025-11-14,70.42766749682228,70.65449933821884,69.62880496881755,70.18110656738281,13172000.0
2025-11-17,70.22055371797686,70.54601596935099,69.64853804747902,69.70771026611328,14772300.0
2025-11-18,70.01344078110789,70.3586245841611,69.59922021744404,70.24028015136719,12838900.0
2025-11-19,70.2205561215168,70.46711707352274,69.83592163834295,70.13179779052734,12401500.0
2025-11-20,69.97399746827853,70.49671302423548,69.63867817426731,70.23042297363281,15396500.0
2025-11-21,70.69395352394994,72.18318371905687,70.50656480038654,71.94647979736328,26492500.0
2025-11-24,72.15359682866546,72.15359682866546,70.5854653433073,71.5914306640625,39818600.0
2025-11-25,71.79855665058835,71.92676564471869,71.14763208551841,71.61116790771484,17451200.0
2025-11-26,71.60130196172281,72.08455934108582,71.39419165628154,71.87744903564453,11795100.0
2025-11-28,71.99579141661845,72.22263078252136,71.75909503113373,72.11414337158203,7423000.0
2025-12-01,72.10421133140312,72.41209948647666,71.4387885961326,71.45864868164062,14388100.0
2025-12-02,71.30968127493234,71.30968127493234,69.94903426863456,70.18739318847656,19871300.0
2025-12-03,70.39595293656652,70.91240606452158,70.12780011891927,70.32643127441406,17001700.0
2025-12-04,70.34630479357043,70.8528165554436,69.88944703605885,69.9688949584961,17710000.0
2025-12-05,69.83977942102938,70.22711547713843,69.39285553391673,69.52196502685547,13978200.0
2025-12-08,69.36305991939378,69.8993731757553,69.01545158025951,69.770263671875,17775100.0
2025-12-09,69.88944525515491,70.14766425675974,69.35313201157877,69.6113510131836,13010600.0
2025-12-10,69.90930085487662,70.04834417829325,69.3034659840072,69.73052978515625,29789400.0
2025-12-11,70.06821488455212,70.20725821401018,68.32023185770241,68.63804626464844,23124200.0
2025-12-12,68.63804686333886,70.1377371610525,68.56852519800343,70.03841400146484,18444500.0
2025-12-15,69.94903070779256,70.83295225211576,69.83978129649032,70.48534393310547,18660100.0
2025-12-16,70.81309172997051,70.81309172997051,69.83978086545567,69.88944244384766,17370000.0
2025-12-17,70.08807760331685,70.43568594002258,69.82985102006683,70.18739318847656,13672700.0
2025-12-18,69.79011964606116,70.3165066169278,69.6908040660593,69.87950897216797,15524800.0
2025-12-19,69.58155822753906,70.2867087322392,69.55176430973803,69.58155822753906,36911100.0
2025-12-22,69.45244313832298,69.7404636160554,69.18429032238885,69.73052978515625,12828500.0
2025-12-23,69.72060108345215,69.78019649593845,69.21408932972548,69.39286041259766,9471000.0
2025-12-24,69.4226529601902,69.6808795364193,69.27367579785445,69.63121795654297,4515300.0
2025-12-26,69.4723083337571,69.68088091151913,69.2538170789519,69.39286041259766,5711400.0
2025-12-29,69.52196669599822,69.93909667762388,69.37298953761962,69.68087768554688,9686900.0
2025-12-30,69.5219700322782,69.76032895074673,69.32333886310334,69.59149169921875,8610900.0
2025-12-31,69.59149008611978,69.68087941428185,69.40278517567238,69.43258666992188,8127800.0
2026-01-02,69.37299029651919,69.39285795907664,68.50893640759851,68.64797973632812,12151300.0
2026-01-05,68.44933934945448,68.44933934945448,67.45616840969817,67.47603607177734,21186600.0
2026-01-06,67.54556144153736,67.78392035851859,67.12842386520353,67.37671661376953,21019900.0
2026-01-07,67.52568975903986,67.60514525240197,66.81060547336676,67.07876586914062,20223400.0
2026-01-08,67.07876611541012,68.98565249934397,66.98937679072635,68.89627075195312,19237000.0
2026-01-09,68.95586167858788,70.17746532214409,68.6479810984765,70.02848815917969,19638600.0
2026-01-12,70.41582459834873,70.48534626445026,69.76032810885432,70.0185546875,20582500.0
2026-01-13,69.93910195246318,70.75350189208984,69.79012478284864,70.75350189208984,18324800.0
2026-01-14,70.68398038672039,71.22029365219691,70.32643820973604,70.95214080810547,16739100.0
2026-01-15,71.1011082117878,71.11104204342422,69.88944595741485,69.99869537353516,15464100.0
2026-01-16,69.80999194766135,70.25691587601656,69.56169919250988,69.95896911621094,20027500.0
2026-01-20,69.52196819026295,71.28981131187702,69.31340319496735,71.26001739501953,22152200.0
2026-01-21,71.48844796633642,71.74666695642603,70.34629986394845,71.51824188232422,21660600.0
2026-01-22,71.33947604638877,71.54804105090786,70.95213995552565,71.37920379638672,13962800.0
2026-01-23,71.52817364575755,72.56107241755649,71.28981472220197,72.3823013305664,18307100.0
2026-01-26,72.36243796649697,72.79943562096643,72.0446235570537,72.06448364257812,14017400.0
2026-01-27,71.945309084889,73.05765574645625,71.77646425750685,73.0477294921875,13239200.0
2026-01-28,72.71004282868971,73.11724654682519,72.07441404008694,72.56106567382812,14633700.0
2026-01-29,72.68025035356126,73.58403197699185,72.64052260632465,72.92854309082031,20862100.0
2026-01-30,73.20663148749496,74.3885073697265,73.03779424068851,74.29911804199219,26420500.0
2026-02-02,74.49776022315152,75.18304307339208,73.89192529565193,74.8155746459961,19301500.0
2026-02-03,74.75597426936693,76.97074882770865,74.6169309421842,76.36491394042969,27007100.0
2026-02-04,76.74231422161792,77.5765817407765,76.5536168979823,76.82176971435547,28607300.0
2026-02-05,77.28856367891764,78.32146238491974,77.06013102447868,77.9738540649414,21633500.0
2026-02-06,77.96392362110011,78.65914029126262,77.72556470237203,78.49030303955078,18512400.0
2026-02-09,78.13276246065818,78.5697601349517,77.01048193393314,77.43754577636719,23415600.0
2026-02-10,76.10669034423498,76.9806856661471,75.49092917902598,76.28546142578125,28848200.0
2026-02-11,76.35498469774771,78.51017155318033,76.057037940434,78.06324005126953,22649700.0
2026-02-12,78.44065016759795,79.86088502338698,78.2519452498483,78.46051025390625,26043500.0
2026-02-13,77.91425990780563,78.85777687982574,77.59644549910142,78.14269256591797,16711900.0
2026-02-17,78.45057072162511,79.09613335049202,78.20227798569883,79.01667785644531,16260200.0
2026-02-18,78.95709264488532,79.29476713985075,78.38105165986912,78.94715881347656,16304900.0
2026-02-19,78.91736375043509,79.12592874323063,78.05330228545945,78.37112426757812,14924700.0
2026-02-20,78.78825753094516,79.29476928710938,78.35125986464499,79.29476928710938,17175100.0
2026-02-23,78.97695084795251,80.29787003398283,78.9570907629016,80.00984954833984,17157700.0
2026-02-24,79.98999112867887,80.5362306178216,79.30470073211256,80.16876220703125,16448500.0
2026-02-25,79.85094952483807,80.13897002270433,79.01668194872664,79.92047119140625,18086900.0
2026-02-26,80.19855672232113,80.33760005348906,79.47353857212269,79.95026397705078,12843200.0
2026-02-27,80.38726009322967,81.44001888827108,80.26807684995791,81.00302124023438,28483500.0
2026-03-02,80.6951451106633,80.844122278634,79.60265850770072,79.67218017578125,18137200.0
2026-03-03,79.3146327643425,79.53313158596052,78.02350749694136,78.79817962646484,20549300.0
2026-03-04,78.74852625669348,78.92729733242406,77.21904207039694,77.566650390625,21011800.0
2026-03-05,77.14952231057237,77.18925005919229,75.97758024681086,76.50395965576172,23165700.0
2026-03-06,76.27553421413596,76.66287028974227,75.82860272723335,76.5138931274414,15516000.0
2026-03-09,76.09676518555752,77.53686011292403,76.00737585485076,77.26870727539062,18554100.0
2026-03-10,76.95088983578943,77.87453913793452,76.57348001896666,77.34815216064453,17243900.0
2026-03-11,77.1793166426866,77.1793166426866,76.07689623875925,77.09986114501953,11546800.0
2026-03-12,76.89129691652921,77.62624891136876,76.37485133110869,77.08000183105469,16842200.0
2026-03-13,77.47000122070312,78.05000305175781,77.19000244140625,77.33999633789062,11974500.0
2026-03-16,78.0,78.43000030517578,77.73999786376953,77.81999969482422,11761200.0
2026-03-17,78.0,78.30000305175781,77.44999694824219,77.58000183105469,14900100.0
2026-03-18,77.08000183105469,77.12999725341797,75.8499984741211,75.97000122070312,13134600.0
2026-03-19,76.0,76.44999694824219,75.52999877929688,75.55000305175781,13023300.0
2026-03-20,75.56999969482422,76.05000305175781,74.38999938964844,74.75,33298700.0
2026-03-23,75.33999633789062,75.44999694824219,74.55000305175781,75.11000061035156,15054900.0
2026-03-24,74.86000061035156,75.69000244140625,74.62999725341797,74.66999816894531,15653700.0
2026-03-25,74.58999633789062,75.6500015258789,74.06999969482422,75.25,14787900.0
2026-03-26,75.19000244140625,75.75,74.6500015258789,74.69000244140625,11202100.0
2026-03-27,74.81999969482422,76.05000305175781,74.69999694824219,75.70999908447266,17461000.0
2026-03-30,75.93000030517578,77.0,75.72000122070312,76.2699966430664,18502800.0
2026-03-31,76.52999877929688,77.0199966430664,75.51000213623047,76.05000305175781,18301800.0
2026-04-01,76.1500015258789,76.36000061035156,75.26000213623047,76.08000183105469,15834300.0
2026-04-02,76.58000183105469,76.95999908447266,76.12000274658203,76.72000122070312,14573400.0
2026-04-06,76.63999938964844,77.27999877929688,76.22000122070312,77.22000122070312,8259900.0
2026-04-07,77.19999694824219,77.5999984741211,75.62999725341797,75.91000366210938,12769200.0
2026-04-08,75.80999755859375,77.37000274658203,75.31999969482422,77.29000091552734,12331300.0
2026-04-09,76.6500015258789,78.29000091552734,76.37000274658203,78.18000030517578,14311000.0
2026-04-10,77.9800033569336,78.16999816894531,77.30999755859375,77.47000122070312,11081400.0
2026-04-13,77.31999969482422,77.44999694824219,75.83000183105469,76.41000366210938,12696200.0
2026-04-14,75.97000122070312,76.62000274658203,75.80000305175781,75.9000015258789,12397600.0
2026-04-15,75.73999786376953,75.73999786376953,74.72000122070312,75.30999755859375,16212100.0
2026-04-16,75.02999877929688,75.83999633789062,74.9000015258789,75.18000030517578,11501900.0
2026-04-17,74.94999694824219,76.05999755859375,74.80000305175781,75.73999786376953,15033900.0
2026-04-20,75.81999969482422,76.22000122070312,75.36000061035156,75.4800033569336,10141800.0
2026-04-21,75.4800033569336,75.52999877929688,74.62000274658203,74.69999694824219,11806900.0
2026-04-22,74.9000015258789,75.37999725341797,74.55000305175781,74.62999725341797,9352300.0
2026-04-23,75.44000244140625,76.66000366210938,75.16000366210938,76.27999877929688,12060300.0
2026-04-24,76.70999908447266,77.01000213623047,76.16999816894531,76.62999725341797,12008700.0
2026-04-27,76.70999908447266,76.70999908447266,75.4000015258789,75.44000244140625,15812200.0
2026-04-28,79.5199966430664,80.31999969482422,78.08000183105469,78.3499984741211,30710700.0
2026-04-29,78.37000274658203,79.27999877929688,78.19000244140625,78.87000274658203,18294700.0
2026-04-30,78.80000305175781,79.12000274658203,78.33000183105469,78.76000213623047,15142200.0
2026-05-01,79.29000091552734,79.63999938964844,78.04000091552734,78.58000183105469,12610400.0
2026-05-04,78.05999755859375,78.7699966430664,77.7300033569336,78.19000244140625,12672400.0
2026-05-05,78.19000244140625,78.77999877929688,77.73999786376953,78.4800033569336,11637500.0
2026-05-06,78.77999877929688,79.33000183105469,78.56999969482422,79.2300033569336,14060300.0
2026-05-07,78.79000091552734,79.1500015258789,78.0999984741211,78.43000030517578,16531400.0
2026-05-08,78.56999969482422,79.19999694824219,78.12000274658203,78.41999816894531,12447200.0
2026-05-11,78.16000366210938,78.7300033569336,77.83999633789062,78.66000366210938,10967900.0
2026-05-12,79.0,80.31999969482422,78.27999877929688,80.02999877929688,19883100.0
2026-05-13,79.87000274658203,81.02999877929688,79.83999633789062,80.26000213623047,12357000.0
2026-05-14,80.7300033569336,80.91999816894531,79.91000366210938,80.44999694824219,10642000.0
2026-05-15,81.36000061035156,81.36000061035156,80.44999694824219,80.81999969482422,17527200.0
2026-05-18,80.87000274658203,81.38999938964844,80.38999938964844,81.19999694824219,12375500.0
2026-05-19,81.41000366210938,82.66000366210938,81.26000213623047,81.91999816894531,16595200.0
2026-05-20,82.16999816894531,82.4000015258789,81.5199966430664,81.55000305175781,16999700.0
2026-05-21,81.79000091552734,81.80000305175781,80.72000122070312,81.16999816894531,15708400.0
2026-05-22,81.18000030517578,81.68000030517578,80.91999816894531,81.4800033569336,8240200.0
2026-05-26,80.83999633789062,81.5999984741211,80.23999786376953,80.45999908447266,13004200.0
2026-05-27,81.0999984741211,82.51000213623047,80.80000305175781,81.62000274658203,13209600.0
2026-05-28,81.31999969482422,81.76000213623047,80.33999633789062,80.41000366210938,14691400.0
2026-05-29,80.04000091552734,80.33000183105469,78.91000366210938,79.01000213623047,32477000.0
2026-06-01,78.58000183105469,79.19999694824219,78.43000030517578,78.63999938964844,12776300.0
2026-06-02,78.87999725341797,79.19999694824219,78.25,78.41000366210938,12520500.0
2026-06-03,78.29000091552734,79.02999877929688,78.11000061035156,78.76000213623047,14948800.0
2026-06-04,79.26822055124178,79.52655480787077,76.31727149881779,76.32720947265625,19361600.0
2026-06-05,77.01278234173839,80.222057932939,76.98297600195211,78.97014617919922,25708100.0
2026-06-08,78.80123435242527,79.41725986290979,78.59258238446752,79.0297622680664,12828900.0
2026-06-09,79.03969616429994,81.235518281949,78.87078093951726,80.81820678710938,20591600.0
2026-06-10,82.14961350503755,83.3121062121698,81.59320829419526,83.05377197265625,20880500.0
2026-06-11,83.38166256276116,83.50089550771385,81.96083551900014,82.00057983398438,14264500.0
2026-06-12,82.17942298796885,82.35826860978896,81.34481513977678,82.09000396728516,11757700.0
2026-06-15,81.08000183105469,81.19999694824219,80.25,80.91000366210938,20055200.0
2026-06-16,81.1500015258789,81.38999938964844,79.83999633789062,80.27999877929688,17565100.0
2026-06-17,79.94999694824219,80.33000183105469,78.98999786376953,79.93000030517578,17055400.0
2026-06-18,79.87000274658203,80.01000213623047,78.73999786376953,79.38999938964844,46852900.0
