date,open,high,low,close,volume
2016-06-06,93.75142999028249,95.1842336408406,93.69208317006196,94.6585922241211,1137600.0
2016-06-07,94.76881261400527,95.44706758028381,94.76881261400527,94.83663940429688,1101100.0
2016-06-08,95.15883149220151,96.46446843453619,94.62470993465021,96.37120819091797,1450200.0
2016-06-09,95.98118521060046,96.25248589273667,95.39619048698984,96.17618560791016,1765800.0
2016-06-10,95.7607414386116,96.71029696161993,95.27748694661581,96.42204284667969,1847200.0
2016-06-13,96.19315825078885,97.04945382727408,95.56577651106372,95.70142364501953,1283800.0
2016-06-14,95.29446613216152,95.90489434399399,94.91294526560667,95.33685302734375,1212800.0
2016-06-15,95.4385844402168,95.98118580786571,94.81967631894804,94.95532989501953,1454900.0
2016-06-16,94.2940251260432,95.1757538743215,93.34446959674703,95.05706024169922,1159100.0
2016-06-17,95.16727369469803,95.64204822411499,94.37032519033284,95.04010009765625,1579200.0
2016-06-20,96.09988926497083,96.90531790141627,95.34533395890584,95.48098754882812,1401500.0
2016-06-21,95.743820852887,95.743820852887,94.53144422428224,94.82817840576172,1393900.0
2016-06-22,95.15883829376995,95.76078670212667,94.7094969796671,95.68448638916016,1075300.0
2016-06-23,96.82053465716533,97.67683018648161,96.65097413198085,97.66835021972656,1383300.0
2016-06-24,95.0740345495253,95.45554895684843,93.07318934900199,93.50557708740234,1903400.0
2016-06-27,92.36948122186597,92.64078187932364,90.13124918076078,90.72472381591797,1761100.0
2016-06-28,91.5640692944238,92.62383861496112,90.74168726675587,91.97102355957031,1345600.0
2016-06-29,93.2342534408102,93.85315501320804,93.02229960702398,93.8107681274414,1315800.0
2016-06-30,94.10750216785048,95.28596496582031,93.43772727712442,95.28596496582031,1322200.0
2016-07-01,95.39620246707707,96.60010545929423,94.97229469373394,96.13380432128906,1436400.0
2016-07-05,95.29445396161454,95.77770848954312,94.07359769387146,94.51446533203125,1087400.0
2016-07-06,96.22706873386439,96.23554870082944,93.36145439003245,94.81121826171875,1389200.0
2016-07-07,95.0825064549657,95.76075495140684,94.38729802683025,94.8196792602539,716200.0
2016-07-08,95.26055222363662,97.47335124549078,94.86207789481182,97.27835083007812,1024000.0
2016-07-11,97.4224701831816,97.92267816163883,96.82899552545352,96.95616912841797,988300.0
2016-07-12,97.70225881261851,99.47419661473896,97.58356515716383,99.1859359741211,1344400.0
2016-07-13,99.58441406191248,99.76245455181329,98.63485831412218,99.66072082519531,880900.0
2016-07-14,100.12699726123168,100.65264513685446,99.9065634465101,100.33895111083984,940400.0
2016-07-15,100.7459294054707,101.00027020474415,99.33007890439076,100.88157653808594,988100.0
2016-07-18,100.64417827628573,100.89004555004294,100.24570395220746,100.60179138183594,579500.0
2016-07-19,100.39829810359657,100.53395167237308,99.80482991099481,100.19482421875,603400.0
2016-07-20,100.10158053160336,100.72048872175586,99.83027981758347,100.2711410522461,480900.0
2016-07-21,100.16940940552293,100.27114313269166,99.491154372241,99.77093505859375,660900.0
2016-07-22,99.74551592907298,100.11855042937913,99.43182179924433,99.78790283203125,571900.0
2016-07-25,99.67764266848992,99.87264302984477,99.27068848616199,99.82176971435547,587800.0
2016-07-26,99.87267856702421,100.53397368883469,99.60985133704136,100.37288665771484,857700.0
2016-07-27,100.44070263688472,100.72048330237863,99.8981012380402,100.33048248291016,986400.0
2016-07-28,97.778563391665,99.43180103312935,97.25291545186454,99.28767395019531,1575800.0
2016-07-29,98.76202710829533,99.05876124361082,97.93964502733594,98.8044204711914,1256300.0
2016-08-01,99.14353913216324,99.16897256030626,97.72768243845738,98.26181030273438,1506100.0
2016-08-02,98.21096059191191,98.51617473965042,97.49031859187598,98.38900756835938,1052900.0
2016-08-03,98.59245824680725,99.16049303894007,98.33811102760109,98.83832550048828,1156600.0
2016-08-04,98.72809902611286,99.1265732921156,98.55005857140658,98.91461944580078,1051400.0
2016-08-05,99.38939972381958,99.52504682093092,98.8298384689005,98.94853210449219,846000.0
2016-08-08,99.25375138719438,99.67765909901607,98.7281034959409,99.03331756591797,884000.0
2016-08-09,98.88071964235215,99.32158732552898,97.94812388407354,99.1265869140625,597200.0
2016-08-10,99.30462531810734,99.52505915508944,98.75355042813031,98.76202392578125,576300.0
2016-08-11,98.98244407757669,99.36395840532369,98.6094032463091,99.17744445800781,649700.0
2016-08-12,98.96551323571242,99.99984278626464,98.64333918295736,98.99942016601562,612200.0
2016-08-15,99.09269862059617,100.2372550125816,99.09269862059617,100.06768798828125,551400.0
2016-08-16,104.30673217550917,105.97692962127137,102.66196815792513,102.8145751953125,5935800.0
2016-08-17,102.55173910579586,102.57717253016119,100.94936868760512,102.11087799072266,2264800.0
2016-08-18,102.11089539816952,103.35718515107304,101.99220175201857,103.34022521972656,1073500.0
2016-08-19,102.88240819566977,104.06935117277044,102.25502654555383,103.90826416015625,2162200.0
2016-08-22,103.54368747292477,104.0015085430132,103.26391332035784,103.79803466796875,875400.0
2016-08-23,104.21347675002859,104.56955769752649,103.47588142568564,103.81500244140625,708000.0
2016-08-24,102.77220076272496,103.68784309804533,102.62807367336507,103.50979614257812,795700.0
2016-08-25,103.42497697767888,104.34061896856915,103.3062833642283,104.315185546875,967300.0
2016-08-26,104.60347389712328,104.7476074478193,102.89088943587326,103.2808837890625,1006600.0
2016-08-29,103.34871264056117,104.08630799937512,103.34871264056117,103.64544677734375,727700.0
2016-08-30,103.80652355343918,104.2049978413698,103.4758760524581,103.87434387207031,654000.0
2016-08-31,103.73022032011573,103.83196050399164,102.92479821980044,103.46739959716797,844600.0
2016-09-01,103.66238691074022,104.2812950035694,103.38261274250615,104.15412139892578,1224300.0
2016-09-02,104.31519996371459,104.8493212980602,104.19650633386001,104.65432739257812,489600.0
2016-09-06,104.748181203917,105.2258581117637,103.91224010732549,104.20226287841797,787200.0
2016-09-07,103.9463632036018,104.50933864251449,103.55398480487843,104.27050018310547,731300.0
2016-09-08,104.29607964651082,104.42403066899948,102.69244548718314,102.84598541259766,1032100.0
2016-09-09,102.56449243622697,102.56449243622697,100.1505126953125,100.1505126953125,1373500.0
2016-09-12,99.01603764435933,101.76269302904875,98.61512742874987,101.10588073730469,4768200.0
2016-09-13,100.14197291556886,102.41947615955476,98.96483143514477,100.65377044677734,3575700.0
2016-09-14,100.85850542311238,100.97792465057513,99.28046005347468,99.664306640625,1676300.0
2016-09-15,99.28898409048121,101.25940769733377,99.15250126528069,100.8329086303711,1438900.0
2016-09-16,100.4405232034925,100.80731263559032,99.84342715489554,100.38081359863281,1597700.0
2016-09-19,100.80731849667238,101.25940646087496,100.46611794569672,100.49170684814453,846800.0
2016-09-20,101.2167565553132,101.50677278234761,100.28698525246386,100.32110595703125,777900.0
2016-09-21,100.7902532592909,101.00350277294933,100.07373150931207,100.65377044677734,1558300.0
2016-09-22,101.5067773475631,101.69443797719423,100.55994890377642,100.96939086914062,1247200.0
2016-09-23,100.6026098676321,100.88409432787442,99.45958889466881,99.664306640625,1558200.0
2016-09-26,99.5960584966167,100.14197675186693,99.26338976319418,99.31456756591797,1477400.0
2016-09-27,99.31459535269661,100.08229514763941,99.24635392473265,99.8008041381836,965400.0
2016-09-28,101.12292743842508,101.9332730309248,100.42346925618413,100.95232391357422,2086300.0
2016-09-29,101.15705408859827,102.22330184570649,101.00352065912014,101.38736724853516,1648500.0
2016-09-30,101.95033232097529,103.35778051891857,101.49824435915586,103.06776428222656,1698300.0
2016-10-03,102.66684453694995,103.69897138362198,102.21475661735114,103.41748046875,1708300.0
2016-10-04,103.4686674895336,104.06576352959267,102.52183912039794,102.6668472290039,1346300.0
2016-10-05,103.29806397247475,103.4857245873101,102.44506591075678,102.6668472290039,918100.0
2016-10-06,102.44509775145488,103.2298546502576,102.3086214032487,103.08484649658203,913200.0
2016-10-07,103.34925235218279,103.34925235218279,100.92673437740045,101.37882232666016,1126100.0
2016-10-10,102.41945434234597,102.41945434234597,101.25937671453309,101.31055450439453,733700.0
2016-10-11,100.9608419960323,101.0120197926029,99.22925712824036,99.91165161132812,1095800.0
2016-10-12,99.79224929408045,100.38935188912336,99.61312046792536,100.0652084350586,636700.0
2016-10-13,99.19515906742673,100.06521434699208,97.94978250639495,99.8860855102539,669500.0
2016-10-14,100.4917399847013,100.65381176412527,99.95435333251953,99.95435333251953,464300.0
2016-10-17,99.74961458252335,100.09080866646968,99.57048573609352,99.86903381347656,638300.0
2016-10-18,100.98644069159835,101.3788190217088,100.45757954691446,101.07173919677734,726200.0
2016-10-19,101.2849908452944,102.36830205822933,100.83290290125815,102.25740814208984,849800.0
2016-10-20,101.72004847853867,102.40244972975698,101.33620184214126,102.16360473632812,673000.0
2016-10-21,101.42147366274025,102.4791894665099,100.73907259122886,102.25740814208984,683400.0
2016-10-24,102.41948214945126,103.00805292408525,101.7712017678152,101.98445129394531,617300.0
2016-10-25,101.93329007456505,101.93329007456505,100.93528369178838,101.10588073730469,599000.0
2016-10-26,100.73056497624647,101.46414402652233,100.2699516264086,101.14000701904297,920200.0
2016-10-27,100.85849020725517,100.85849020725517,97.83887625154661,99.42545318603516,2052800.0
2016-10-28,99.57048138123014,100.85850395987197,99.33163642190993,100.17610931396484,1123000.0
2016-10-31,100.53436801865138,100.74761756790053,99.63019201235008,99.85196685791016,1258000.0
2016-11-01,99.93728626343665,100.19318185463946,98.16304819650996,98.93074798583984,866200.0
2016-11-02,98.73451317496922,99.00747225993344,97.77062782978325,98.09476470947266,957200.0
2016-11-03,98.28246413329646,98.60660114105663,97.80478717283714,97.95832061767578,759300.0
2016-11-04,98.24833586758488,98.43599651844137,97.60858719849777,97.66829681396484,855400.0
2016-11-07,98.91366710232658,100.2272850662659,98.64923975190086,100.2102279663086,1459300.0
2016-11-08,100.2102127608251,101.00350119959154,99.5875213271845,100.52581787109375,763900.0
2016-11-09,98.65775170153724,101.8308987916481,98.36772899775147,101.23380279541016,1798800.0
2016-11-10,101.41296343528987,103.77577227910197,101.41296343528987,102.55598449707031,1554600.0
2016-11-11,102.14651545122351,102.64125587709044,99.8263597375041,100.52581787109375,1379000.0
2016-11-14,101.01205075306547,101.2338321192782,98.67483738067952,99.62166595458984,1613400.0
2016-11-15,99.39135038180369,99.91167982003986,98.86249564697087,99.86903381347656,1075600.0
2016-11-16,99.93727325936626,100.13345920297418,99.45105803284086,99.92874145507812,605600.0
2016-11-17,100.19316622866026,100.49171429243279,98.96484675729934,99.19515991210938,1035300.0
2016-11-18,99.161042036396,99.39134868992541,98.55541408748249,98.7601318359375,1041200.0
2016-11-21,99.34015632812152,99.90313818873034,99.26338962414337,99.57899475097656,1158200.0
2016-11-22,100.15903510217663,100.1675669053569,99.16102888943367,99.65576934814453,1112500.0
2016-11-23,99.28045164584361,101.25940704345703,99.03308140765952,101.25940704345703,1215500.0
2016-11-25,101.37030321166154,101.7456245030928,101.24235868763708,101.57502746582031,352000.0
2016-11-28,101.31057498554794,101.56647700230343,101.06321127930524,101.24234008789062,749900.0
2016-11-29,100.78173306047827,105.72911844227686,99.92020310390188,104.21931457519531,3835600.0
2016-11-30,104.54344018098128,104.62021339048978,102.4024197354273,102.61566925048828,2108200.0
2016-12-01,102.8545179473057,103.23836450964077,101.6773763414739,102.12947082519531,1840600.0
2016-12-02,102.02713004615555,102.70953130844559,101.58356727330882,102.00154113769531,934600.0
2016-12-05,102.5937959574073,103.03157253515042,101.62382682332333,102.79981231689453,1946900.0
2016-12-06,102.6452948076144,103.1603225657448,102.0272588782846,102.16459655761719,996000.0
2016-12-07,102.76547203625529,105.18610849487396,102.49079011715436,104.94576263427734,2813600.0
2016-12-08,105.27197175959165,106.10460337750446,104.6711069574562,105.5466537475586,1267300.0
2016-12-09,105.60672240791692,106.79129360215214,104.23331269982846,106.37068176269531,1376500.0
2016-12-12,106.71403384331357,106.85137808603646,105.62389174967001,105.99299621582031,872800.0
2016-12-13,106.56810699770894,106.57669264983068,105.45220798349752,106.20758819580078,830500.0
2016-12-14,106.14751304433628,106.61103352538248,105.02302825813098,105.220458984375,995200.0
2016-12-15,105.10029973908934,106.51662487491383,105.03162760370984,105.9500961303711,908200.0
2016-12-16,106.40502625584423,106.41361190908785,104.82560660361843,105.14320373535156,1735000.0
2016-12-19,104.99728600086496,105.59815078142158,104.84277697887397,105.58098602294922,793500.0
2016-12-20,104.5680828840727,104.67109106977571,99.97574102499348,101.62383270263672,4678100.0
2016-12-21,101.87273897067212,101.95857582966613,100.52507998277534,101.74398040771484,2194300.0
2016-12-22,101.19464524927446,101.19464524927446,99.68389121809372,100.59378051757812,1732100.0
2016-12-23,100.34483192281914,100.9714469581326,99.82121851033348,100.9371109008789,936000.0
2016-12-27,101.2547435184036,101.8813652821165,101.01439759772528,101.76119232177734,703600.0
2016-12-28,102.00152670247428,102.51655455265069,100.77404027593772,100.84271240234375,747300.0
2016-12-29,100.98003217441774,101.28905013943577,100.64526380380376,100.78260803222656,574800.0
2016-12-30,100.62811658066569,100.77403993708703,99.94999406978873,100.59378051757812,984800.0
2017-01-03,101.26327083790059,101.47786622187547,99.67526630627268,100.34480285644531,2364200.0
2017-01-04,100.7482955866251,100.78263165177785,99.95857918598158,100.30193328857422,1564800.0
2017-01-05,99.778294065448,99.90705263938527,98.71390251550383,99.28901672363281,1756500.0
2017-01-06,99.33194554155338,99.9156454427756,98.83408251278927,99.74396514892578,1907500.0
2017-01-09,99.97573858344145,100.62811064576036,99.54654764356161,100.0444107055664,1143700.0
2017-01-10,100.25042356760667,100.40493257261322,99.30620478098194,99.44354248046875,928300.0
2017-01-11,99.38345988362744,100.4306868973956,98.79975990295016,100.36201477050781,995100.0
2017-01-12,100.43069106632713,100.90280377211026,100.02725049028241,100.6452865600586,1102600.0
2017-01-13,100.62811773167692,100.98005092171474,100.19892676157478,100.49935913085938,1088300.0
2017-01-17,100.1045041180803,100.6195319718698,99.88132298016222,100.36201477050781,1424300.0
2017-01-18,100.1817333074782,100.53367296864468,99.97572352107487,100.08731079101562,1386400.0
2017-01-19,100.01009714199223,100.3448656264907,99.4178114160632,99.65815734863281,1965400.0
2017-01-20,99.7268308753597,100.76547241210938,99.46931363034201,100.76547241210938,1295500.0
2017-01-23,100.6109395795032,100.93712233696964,99.99290357678024,100.15599822998047,1750400.0
2017-01-24,100.60233745032501,101.48647614487575,100.43066372165605,101.02294921875,3539800.0
2017-01-25,101.19464448527631,103.16892552983215,100.67103098777936,102.63672637939453,3917600.0
2017-01-26,100.03581274370615,102.79980310425405,99.32335429942911,102.57662200927734,1980500.0
2017-01-27,103.392093330665,103.86420597740862,102.57663317603578,103.17749786376953,1739300.0
2017-01-30,102.45646144932891,102.60238479679823,101.16888863273942,102.40496063232422,1649800.0
2017-01-31,101.94143762594501,102.04443926398942,101.34056635863759,101.66675567626953,1356800.0
2017-02-01,100.70536130278848,101.68391611627412,100.55085230334686,101.24613952636719,1324400.0
2017-02-02,100.32770498190352,100.72255999151525,100.0358581896003,100.10453033447266,1705100.0
2017-02-03,100.35342994117946,101.0830532381674,100.26758651299986,100.83412170410156,1120900.0
2017-02-06,100.48221257914373,100.52513430630181,99.6324160826899,99.95001983642578,1448000.0
2017-02-07,99.45212858962908,100.20750231260855,99.17744664046072,99.82981872558594,1582800.0
2017-02-08,99.53796547081903,100.11307977861934,99.16886098766145,99.82981872558594,891600.0
2017-02-09,99.82980656272332,100.20749010373048,99.22893536973294,99.36627960205078,1030400.0
2017-02-10,99.74397265654146,100.07016196494122,99.3662890795112,99.76972961425781,1247500.0
2017-02-13,100.4049319564654,101.24614255161217,100.08732829564147,100.8083724975586,1059300.0
2017-02-14,100.25040388088814,100.93710534133928,99.46927335649046,100.7053451538086,767600.0
2017-02-15,100.36199667697935,101.06586947834695,100.18173728809738,100.9371109008789,884700.0
2017-02-16,101.03156759423065,101.48651559502481,100.53371096798912,100.85989379882812,1810700.0
2017-02-17,100.99723038678229,101.21182588916902,100.66245537803877,100.79121398925781,906000.0
2017-02-21,100.68819951844495,102.10452441470372,100.46501839067938,101.55516052246094,1600600.0
2017-02-22,101.13454557273592,101.7525815297571,100.90278536331974,101.10879516601562,861700.0
2017-02-23,101.29763049685756,101.69248530953702,100.99719819905067,101.34054565429688,853800.0
2017-02-24,100.5251020108166,101.4950711729698,100.28475613339343,101.38348388671875,833400.0
2017-02-27,101.2890493273329,102.75688137493329,101.1173755921141,101.73540496826172,1737000.0
2017-02-28,101.34914990600693,102.25045351377709,100.73111389484272,101.89851379394531,1616100.0
2017-03-01,102.81697916861059,103.53802334364889,102.42212429494381,103.3148422241211,1283100.0
2017-03-02,103.28908976531055,103.53802128812382,101.87275840051353,101.9585952758789,1064600.0
2017-03-03,101.99141960722137,102.01734198389354,101.42110754242512,101.6198501586914,1076300.0
2017-03-06,101.2483072169915,102.24204033649117,101.22238483353286,101.73221588134766,1203300.0
2017-03-07,101.64579440639044,102.86419911350151,101.34335562569048,102.6481704711914,1676500.0
2017-03-08,102.13835928038063,103.35676422408162,102.10380049245084,102.45808410644531,2717000.0
2017-03-09,102.09511109436504,102.57037002811353,100.76437421306461,101.09273529052734,1728800.0
2017-03-10,101.55938505778236,101.68900356271061,100.99770926487399,101.05819702148438,1407300.0
2017-03-13,101.39518275559914,101.39518275559914,100.22862960854499,100.85943603515625,1580600.0
2017-03-14,100.60019336006927,101.26556511677758,100.42737312315954,100.79894256591797,1455800.0
2017-03-15,101.36062803515591,102.78641160933054,100.84215408890685,102.50125885009766,1606300.0
2017-03-16,102.56173743207596,102.99379462022331,101.13594739265575,101.205078125,1567400.0
2017-03-17,101.7235750831355,102.38030404649356,101.58531357814583,102.2420425415039,2297100.0
2017-03-20,102.32844585465595,102.57903987121728,101.94823992665859,102.17290496826172,643400.0
2017-03-21,102.20747098975257,102.51855276451194,100.75575823843249,101.05819702148438,1047100.0
2017-03-22,100.88537934422398,101.51618590171266,100.47924442822499,101.16189575195312,1103500.0
2017-03-23,101.05819306040453,102.09513446651549,100.64342177209677,101.65443420410156,781100.0
2017-03-24,101.568007261392,102.069195195111,100.3668887740559,100.59156036376953,850600.0
2017-03-27,100.06445682892496,102.15561223411326,99.95211773012609,101.87045288085938,1309200.0
2017-03-28,102.44944295497824,103.1753027753262,101.74086912157819,102.6395492553711,2120500.0
2017-03-29,102.56173368965746,103.35671730459944,102.21608663321813,102.29385375976562,1306000.0
2017-03-30,102.06920700382494,103.34809277055705,102.00007626165822,102.48397827148438,1732200.0
2017-03-31,102.16426012613657,103.23576025903895,102.04327803100959,102.48397827148438,1469700.0
2017-04-03,102.61358568223856,103.04564288511115,101.19643858423007,101.96549987792969,1825500.0
2017-04-04,102.36301938606023,103.3308301554919,102.02601520412817,103.06295013427734,1006400.0
2017-04-05,103.69373918811176,103.69373918811176,101.87910007085388,102.07784271240234,1440000.0
2017-04-06,102.29389003472933,103.47772948022394,102.13834913380794,103.14936828613281,1238600.0
2017-04-07,102.95922626126846,103.26166496564653,102.36298524930218,102.69998931884766,1076500.0
2017-04-10,102.54446210488467,103.63324817806566,101.96550699486653,103.3221664428711,686500.0
2017-04-11,103.02836918737799,103.29624255829764,102.51853823164534,102.98516082763672,1019400.0
2017-04-12,102.56174508650429,103.07156944208624,102.00871237181507,102.16425323486328,904000.0
2017-04-13,101.97416049266849,102.67409117264049,101.44705008664708,101.50753784179688,818600.0
2017-04-17,101.75811878863182,102.69135737788076,101.47295943982269,102.00871276855469,660900.0
2017-04-18,102.00873449267311,102.57904671907694,101.62852194662295,102.2420425415039,1498300.0
2017-04-19,103.0024406286743,103.17526747566184,101.83588743035638,102.10376739501953,1120300.0
2017-04-20,102.59628161510793,103.73691209260326,102.2333486415704,103.46039581298828,1034700.0
2017-04-21,103.4431430553117,103.75422479385817,102.8901103184891,103.330810546875,853900.0
2017-04-24,104.9380791115242,106.3897919029249,104.64427671939714,106.29473876953125,1896700.0
2017-04-25,106.75271173225987,107.7982895410971,106.41570758695988,107.75508117675781,1672900.0
2017-04-26,107.59954397258778,108.8006692970322,107.24526042504527,108.109375,1536000.0
2017-04-27,106.45889079066616,108.85249135589576,103.71100675179547,108.4290771484375,1653700.0
2017-04-28,108.11800002911407,108.59325901077766,107.2452426074607,107.99702453613281,1521100.0
2017-05-01,108.35131344531338,108.4463665649353,107.59089508100818,107.97974395751953,939300.0
2017-05-02,108.39452631267386,108.55006718827914,107.5908995541583,108.5068588256836,1291900.0
2017-05-03,108.34267154802718,108.75744940080615,108.04887578817274,108.4722900390625,1000200.0
2017-05-04,108.69696573498263,109.18951074528806,108.38588398187704,109.15494537353516,1459700.0
2017-05-05,109.41419729485284,111.92876745078577,109.16360325995377,111.88555908203125,2035500.0
2017-05-08,110.94366828002251,111.72136611303345,110.88318711695544,111.54854583740234,1005500.0
2017-05-09,111.5658235001846,111.8423332835044,111.05599911022497,111.14240264892578,861300.0
2017-05-10,111.0991921762201,111.65222485205959,110.77946088955888,111.6176528930664,830400.0
2017-05-11,111.46214229225771,111.7645744782767,110.60666412767218,111.54854583740234,898500.0
2017-05-12,111.20288920849657,112.30031823736844,111.15104445183711,112.09292602539062,1110800.0
2017-05-15,112.30033196476482,112.71510325408143,111.85098870988925,112.4817886352539,2034700.0
2017-05-16,112.61140067928675,113.83844160761576,112.61140067928675,113.22491455078125,1764800.0
2017-05-17,113.22491690046199,113.22491690046199,111.30658174000445,111.31523132324219,1341600.0
2017-05-18,107.54767721501692,111.12511688902609,106.19966086340193,110.92636108398438,2094600.0
2017-05-19,111.27205502202521,111.98062222863227,110.95232361293657,111.66954040527344,1080900.0
2017-05-22,112.29166245263013,112.50769105034021,111.6522262420254,112.17933654785156,689000.0
2017-05-23,112.46449423829164,112.74965359878146,111.75592722144407,112.3089599609375,801100.0
2017-05-24,112.35215230513548,115.51480082853634,111.82504202034555,114.2964096069336,2260700.0
2017-05-25,115.03956480536772,115.10004596251895,113.74339308690391,114.00261688232422,1323900.0
2017-05-26,113.92486943613473,114.25323721421442,113.53602049044937,114.0372085571289,957200.0
2017-05-30,113.75203251988455,113.76066891818213,113.19036336770108,113.70882415771484,1721600.0
2017-05-31,113.78661024171889,114.39150104211578,113.42368367268662,114.313720703125,1020100.0
2017-06-01,114.49517121729613,119.84404208042284,114.14088110791552,115.86911010742188,2287500.0
2017-06-02,116.28389653347307,119.12682748434058,115.92960641808202,118.0553207397461,2348600.0
2017-06-05,118.201327041189,118.55767245996161,115.78515391702888,115.95897674560547,1766700.0
2017-06-06,115.42013667649158,116.5934508649681,115.09855047780535,115.84600067138672,1082800.0
2017-06-07,116.94976443629524,117.51470512424049,115.3245006697968,115.66345977783203,1729200.0
2017-06-08,115.66349429140078,115.87208967467804,114.52493933907586,115.57657623291016,1549700.0
2017-06-09,116.08066836624897,118.40123723157755,116.06328210269781,118.3664779663086,1837200.0
2017-06-12,118.41862690062196,119.07047255328592,117.08017632902545,117.30614471435547,1388400.0
2017-06-13,117.15838953365957,118.55768533771511,117.12361700706822,118.44469451904297,1013200.0
2017-06-14,118.43597346978108,118.60110976833576,117.12358284137031,117.497314453125,870500.0
2017-06-15,116.55867235449594,117.44518598698326,116.27185873040206,117.21051788330078,1176800.0
2017-06-16,117.62771998255973,118.21873361546879,117.01064684580984,118.20134735107422,1816900.0
2017-06-19,118.63590977925523,119.0357142847805,118.21873227136693,118.60115051269531,1263200.0
2017-06-20,118.10573741476011,118.64459222996264,116.95849599177515,117.12361907958984,1461200.0
2017-06-21,117.41914833756253,117.56689844351892,115.40276586650664,115.47229766845703,1059200.0
2017-06-22,115.4722752200047,115.94159821463688,114.9768662006066,115.13331604003906,1975200.0
2017-06-23,115.15067764662574,116.29791875554274,114.9768415818485,115.42010498046875,1878800.0
2017-06-26,115.72434761779202,115.75912015232042,114.9160652247956,115.48969268798828,768600.0
2017-06-27,115.86336463257071,115.86336463257071,114.7508826881484,114.9247055053711,833800.0
2017-06-28,115.86335577823567,116.55866025582183,115.29842834997622,116.1501693725586,1133400.0
2017-06-29,116.24581337910854,116.28927241030873,113.94263060567677,114.43802642822266,978300.0
2017-06-30,114.67271242466711,115.76780856734926,114.1512304928167,115.202880859375,1502300.0
2017-07-03,114.97686412108024,117.17576876273559,114.97686412108024,116.61951446533203,903000.0
2017-07-05,116.65427558870734,116.93238944839545,114.889948104792,115.2984390258789,1071600.0
2017-07-06,115.11594278308536,115.85470651454709,115.0116517195695,115.09855651855469,1598900.0
2017-07-07,115.1854587927039,115.82861787385029,114.5683857356954,115.6460952758789,1187700.0
2017-07-10,115.28975760555983,116.54130332783627,115.15070728451049,115.88945770263672,737700.0
2017-07-11,115.84598922404963,116.02851181942115,115.09853910432764,115.55918884277344,657000.0
2017-07-12,116.80203637066317,116.88025465758383,116.15887728948456,116.306640625,1252700.0
2017-07-13,116.27190638932407,116.6456382085141,115.84602902834862,116.09808349609375,870700.0
2017-07-14,116.51523155082717,117.05408636177039,116.07198129619645,116.73251342773438,1078300.0
2017-07-17,116.89767480948913,117.25402034676765,116.5413292722106,116.93243408203125,1190900.0
2017-07-18,116.69774688433412,116.88895598503365,115.99375576895521,116.60214233398438,848400.0
2017-07-19,116.60212945838065,117.94057975364856,116.41960687811041,117.87104797363281,726500.0
2017-07-20,117.82760348457685,118.11440384521387,117.01930813728816,117.51471710205078,925700.0
2017-07-21,117.41914868581843,117.60165806237373,116.83682150048612,117.10626220703125,813900.0
2017-07-24,117.1670615689374,117.8276068742904,116.81071615545291,117.52340698242188,917100.0
2017-07-25,118.52290874337922,118.71411784756978,117.61902201052335,118.07965850830078,1009800.0
2017-07-26,117.62769610295919,118.02750053186578,116.7933412470787,117.35826873779297,1141200.0
2017-07-27,117.33220736866903,117.82761638768307,114.5510021426671,115.34191131591797,1812900.0
2017-07-28,115.34191601797403,115.90684358656455,113.7687841077018,114.95079803466797,1486900.0
2017-07-31,115.12461351927641,115.12461351927641,112.51723149412004,113.12561798095703,2094700.0
2017-08-01,113.95999277706663,114.9594973523329,112.93442869975836,113.6036605834961,1783300.0
2017-08-02,113.55147950915148,113.85567937710495,112.99523855259152,113.5080337524414,963400.0
2017-08-03,113.56022495747796,113.6992885680236,112.93445197185835,113.26472473144531,698700.0
2017-08-04,113.26469143199614,113.60365059440089,112.65629163018544,113.11692810058594,1143600.0
2017-08-07,113.32552259042363,113.4558863973416,112.8909588849213,113.17777252197266,521900.0
2017-08-08,113.06478858477182,113.06478858477182,111.4742837345716,111.75241088867188,1137200.0
2017-08-09,111.65681411141495,112.08269137259595,111.16141168778444,111.99577331542969,1357700.0
2017-08-10,111.67420365825953,112.05660864026594,110.88329440502916,110.91806030273438,1130500.0
2017-08-11,110.97018539658625,111.67418309135766,110.69206489708266,110.7615966796875,583000.0
2017-08-14,111.70895309667179,113.99476259553131,111.70895309667179,113.90784454345703,1648600.0
2017-08-15,113.6992707091391,114.4467076592905,113.56020712043633,114.26419830322266,1030100.0
2017-08-16,114.41193180178114,116.59343682814428,114.37717254056287,116.10672760009766,1771000.0
2017-08-17,116.08935637874528,116.30663823472541,114.36847453086355,114.54229736328125,980200.0
2017-08-18,114.533630393518,115.14201704163774,113.85571194820822,114.98558044433594,935100.0
2017-08-21,114.39454780361378,114.76827949372165,113.8383067802933,114.03821563720703,1034100.0
2017-08-22,114.79434943709718,115.75908138874476,114.77696317565503,115.37666320800781,910500.0
2017-08-23,115.27238135624923,115.95898622690757,114.45539940712447,115.05509948730469,826800.0
2017-08-24,115.3592896344086,115.57657150992227,114.55969392393824,114.85519409179688,624200.0
2017-08-25,115.0463923560227,115.57656061276236,114.79435123939719,115.08985137939453,527600.0
2017-08-28,115.24631495486607,115.48096983776021,114.30765563778886,114.79436492919922,479000.0
2017-08-29,113.1169236408208,113.98605102419039,112.76059149263114,113.75139617919922,576400.0
2017-08-30,113.75142682336119,113.87310415933904,112.93444474100914,113.54283142089844,1885800.0
2017-08-31,113.54281043001033,114.4293241492917,113.40374685407745,114.32501983642578,1149400.0
2017-09-01,113.98605068546307,114.71612776431587,113.57755975554673,113.88175964355469,901200.0
2017-09-05,113.64711332771043,113.7774904169253,112.83883107428063,113.24732208251953,819100.0
2017-09-06,113.77745995201748,114.54228297092094,113.62101013921722,114.52490997314453,1671900.0
2017-09-07,115.58989620758696,115.93964672050296,115.10025883112245,115.6248779296875,1376300.0
2017-09-08,115.31885597071341,115.9483935964109,115.10026688794676,115.81724548339844,807000.0
2017-09-11,115.84344616694852,118.08179568065411,115.84344616694852,118.04681396484375,2149700.0
2017-09-12,117.45224465022063,118.7900082807648,117.07626462755817,117.88068389892578,1418500.0
2017-09-13,117.55720091361896,117.81951046981604,116.85771321096615,117.29489135742188,858400.0
2017-09-14,116.90138757820546,117.64459547064384,116.32430945054364,117.24238586425781,1314400.0
2017-09-15,117.32987236844738,117.89819861874373,116.65661429133803,117.3561019897461,1840100.0
2017-09-18,117.73207354814052,118.0206127357072,117.02384706121259,117.81077575683594,1030800.0
2017-09-19,118.09926837138251,119.4195410953935,117.74077921835776,119.35832977294922,2031900.0
2017-09-20,119.6119340036648,121.29069635123693,119.48952466607987,120.65242004394531,1681400.0
2017-09-21,120.74859741418965,121.48305342541762,120.50377874378032,121.1595458984375,923200.0
2017-09-22,121.08088706708904,121.08088706708904,120.00543228391459,120.31146240234375,922000.0
2017-09-25,119.3321338257134,120.50378130658098,119.17475610922477,120.39884948730469,1645300.0
2017-09-26,121.09832833966114,122.96944999117247,120.59120016511481,121.03711700439453,1490300.0
2017-09-27,121.7190917109217,122.4010882512048,120.0665595799877,121.28191375732422,1480600.0
2017-09-28,120.7660459001464,123.34540676167886,120.73107753061586,123.33665466308594,1453000.0
2017-09-29,123.50281396016446,124.05366263864931,121.89400174490152,122.18254089355469,1304300.0
2017-10-02,122.0513802559459,123.51155352689649,121.74536358715524,123.45035552978516,920200.0
2017-10-03,123.29298673073997,124.73568274387162,122.84706978574623,124.58704376220703,1006300.0
2017-10-04,124.5957400539176,125.00668847440707,124.00118432991613,124.46459197998047,739200.0
2017-10-05,124.64819928349245,124.79683821449282,123.94871175872643,124.46459197998047,803300.0
2017-10-06,124.21978353011035,124.49083179954205,123.72139412506553,124.12360382080078,1190400.0
2017-10-09,123.98370564846114,124.04490364177003,122.96071054644548,123.17054748535156,579900.0
2017-10-10,123.4853154884909,124.08862336742943,122.71589114779509,122.95195770263672,879600.0
2017-10-11,123.11810469189328,123.51156234650094,122.33992814242731,123.44161224365234,781700.0
2017-10-12,122.87331788450211,124.14113214124833,122.71594011847164,124.04495239257812,880800.0
2017-10-13,124.40342976194654,124.91929684523515,124.04494042951069,124.34223175048828,648700.0
2017-10-16,123.85255717401085,124.1935555770151,122.73338224406781,123.53778839111328,746600.0
2017-10-17,123.79133937516983,124.00992840217607,123.03939258860373,123.66893005371094,633000.0
2017-10-18,123.48532117786085,123.48532117786085,122.32242584228516,122.32242584228516,937300.0
2017-10-19,122.26122813005156,123.05689546807221,122.00765736264789,122.76835632324219,881000.0
2017-10-20,123.38914641820746,125.15534973144531,122.97819792441027,125.15534973144531,1185000.0
2017-10-23,125.61874348789145,125.87231423667784,124.54328918457031,124.54328918457031,1225500.0
2017-10-24,125.6100031208637,126.41440914847463,124.69192652858945,124.98920440673828,1076000.0
2017-10-25,125.01543246152839,125.85482019468218,124.54328603398997,125.57501983642578,1424900.0
2017-10-26,126.46686820995163,131.0747286814921,125.28648211553521,130.80368041992188,2803700.0
2017-10-27,130.4976968127836,130.95236589076657,129.26485104794028,129.52716064453125,2127100.0
2017-10-30,130.02552555342572,130.71626112988722,128.26806092869623,128.923828125,1727100.0
2017-10-31,129.27352482574904,129.31723194734906,127.74340200460644,127.76087951660156,1533000.0
2017-11-01,129.93803980297153,130.09541747186225,128.52158741650229,129.33473205566406,1317700.0
2017-11-02,129.02876542177708,129.41347098630126,128.09319777805612,129.31729125976562,1233600.0
2017-11-03,129.06369373476196,129.37846243828218,128.07566715450957,128.96751403808594,1011800.0
2017-11-06,128.967559578809,129.41347650725123,128.65279076413833,128.9413299560547,615900.0
2017-11-07,129.40474617498157,130.23538208007812,129.02002722736978,130.23538208007812,864000.0
2017-11-08,130.32277601654917,131.19713209402803,130.00800729499215,131.12718200683594,1759900.0
2017-11-09,130.41894656737963,131.3719914229699,129.7107203289756,129.80690002441406,1908200.0
2017-11-10,129.79817508566273,129.97304365715613,129.05498032141162,129.6495361328125,1283200.0
2017-11-13,127.99699613484152,129.90309947754602,127.42866997456514,129.53585815429688,1455900.0
2017-11-14,129.23858498400085,129.25607584327415,128.11941013960643,129.08120727539062,1056100.0
2017-11-15,128.71397194197496,128.9675293497075,127.54232458655979,127.80463409423828,1943800.0
2017-11-16,128.96752336962894,130.3490075938364,128.3379859170378,130.31402587890625,1779900.0
2017-11-17,130.37524882477447,132.41250029846836,130.31403748900078,131.7130126953125,2930700.0
2017-11-20,131.71302533274974,132.18517183875147,131.5206658898852,131.91412353515625,1497800.0
2017-11-21,132.34258580695288,133.14699209741875,131.84419625283147,132.33384704589844,2127900.0
2017-11-22,132.7360222357552,133.33059143261443,132.19392562166826,132.65733337402344,2341000.0
2017-11-24,133.82023931728298,134.5197270513968,133.56666850962756,133.67160034179688,807800.0
2017-11-27,134.14372577357224,134.5809038708691,132.78847100362864,132.9720916748047,1253100.0
2017-11-28,133.19068568189843,136.74930858873512,132.7185258479348,136.71434020996094,2641100.0
2017-11-29,136.63564049386636,136.63564049386636,134.93938741333886,135.67384338378906,1301700.0
2017-11-30,136.22474232861592,136.3733813293046,133.98639187322172,134.58094787597656,3178300.0
2017-12-01,134.41478586445757,134.53719520878684,132.49120473573282,132.78848266601562,2270100.0
2017-12-04,134.04751183291455,134.96558827115408,133.77646361645438,134.0912322998047,2300600.0
2017-12-05,133.99512031248022,134.42355975789812,133.52297371970178,133.8464813232422,1308100.0
2017-12-06,133.36129842899405,133.6249517843049,132.04297800984457,132.1748046875,1421200.0
2017-12-07,132.38576435565378,133.00976195519993,132.07815083881755,132.67579650878906,1647000.0
2017-12-08,133.66893664482475,133.87108882247884,132.85158418869753,133.07130432128906,1424900.0
2017-12-11,133.677718181333,134.24898509406864,133.39647000785325,133.81832885742188,3109400.0
2017-12-12,133.51951790118224,134.21384097468888,132.54396005395702,133.009765625,1508000.0
2017-12-13,133.8974653665553,133.8974653665553,132.500035014277,132.94827270507812,1183600.0
2017-12-14,133.07129533433374,133.19433806384922,130.73347006288802,131.07623291015625,2503200.0
2017-12-15,131.53322994028468,131.78809932858272,130.75981097885742,131.48049926757812,3631100.0
2017-12-18,132.28904638813484,134.8641588383159,132.27146502982743,134.75869750976562,2350000.0
2017-12-19,135.54094072209887,135.79581014561342,134.74995370090784,135.4969940185547,1811200.0
2017-12-20,135.89247129338943,136.02431138827038,135.11906572814897,135.35635375976562,987300.0
2017-12-21,135.76072850415392,135.96286734843952,135.0400397565982,135.435546875,1363300.0
2017-12-22,135.71667655504154,135.88366593589095,134.7762817306516,135.20692443847656,509500.0
2017-12-26,135.1453737118735,135.1453737118735,133.87978443774543,134.12586975097656,1960800.0
2017-12-27,134.5302152308608,135.62881561625431,134.2489670950884,135.51455688476562,1574900.0
2017-12-28,135.7167319779915,136.59561252188004,135.11030225700395,136.48135375976562,905800.0
2017-12-29,136.35829582972892,136.8856294615782,135.48821277102434,135.94522094726562,1924300.0
2018-01-02,136.01553285714377,137.41296295696117,134.74115889386684,137.2723388671875,1067600.0
2018-01-03,137.13170504287064,138.59064969674108,136.82409154465867,138.4236602783203,1427900.0
2018-01-04,140.08473023947445,141.79854413939498,139.62770872927928,140.594482421875,1896800.0
2018-01-05,142.17645025456557,142.67740498285727,141.11299933771895,141.82489013671875,1699500.0
2018-01-08,141.596428132331,142.07101766893445,141.02516121096468,141.77220153808594,936700.0
2018-01-09,142.6774660821246,144.56706732179265,142.343500590464,143.15206909179688,3366400.0
2018-01-10,142.9937891899334,143.40686390863556,141.93913575499764,142.92347717285156,2416800.0
2018-01-11,144.23305766154752,145.96445305855096,143.52995068534585,143.96939086914062,2007100.0
2018-01-12,144.18907722175433,145.12068804770453,143.47718643628852,144.26817321777344,2644400.0
2018-01-16,144.57581438723963,145.21739327361146,140.8142076450315,142.4665069580078,2754100.0
2018-01-17,143.7408849539401,144.33851715910774,141.9040282278426,143.6617889404297,1751900.0
2018-01-18,143.2399330462312,144.58461907183198,141.85130031567482,141.93919372558594,1746700.0
2018-01-19,142.5544128840208,142.68625300399353,141.75462841906975,142.27317810058594,1678800.0
2018-01-22,142.0006879298772,142.11493324273425,140.27807674525417,141.16574096679688,1523400.0
2018-01-23,140.32201725993826,141.33272413511042,139.31129697411842,139.944091796875,1775300.0
2018-01-24,139.8298590764128,142.41375585618002,139.72438432269348,141.38546752929688,3701100.0
2018-01-25,146.12262532584927,146.72905484317602,142.202826926481,143.56509399414062,3391800.0
2018-01-26,143.86395827380866,146.1051063412814,142.53684007065095,145.62171936035156,1870000.0
2018-01-29,145.19106642360578,146.00843232128787,141.24490127588652,143.10812377929688,2982800.0
2018-01-30,142.9938261384109,143.2047622441607,141.20091617681086,141.25364685058594,2007700.0
2018-01-31,141.87764531951976,142.66864566338188,140.65600219651614,141.93038940429688,3570500.0
2018-02-01,140.48020426202226,141.41181510386505,139.68042008246013,140.47142028808594,1520800.0
2018-02-02,137.73816042302565,138.2918594591424,136.182538099578,136.2704315185547,2086200.0
2018-02-05,135.36516665411958,137.84360247616323,131.85842893466364,132.11331176757812,2593900.0
2018-02-06,131.96391991925066,137.44813982380347,130.0919133151928,136.4989471435547,3718100.0
2018-02-07,135.83971237527115,136.03306707904042,131.8320210801384,131.84080505371094,2248000.0
2018-02-08,131.72664067703718,132.37700379774998,126.60276470074359,126.62034606933594,2054300.0
2018-02-09,127.69253454893727,132.3857663392221,127.17399830252508,131.3750457763672,3116200.0
2018-02-12,132.59670364792512,136.20890322743907,132.27152213740155,135.1278839111328,3099700.0
2018-02-13,134.23136184462837,135.74303677874724,133.66009511015244,135.19813537597656,1402800.0
2018-02-14,133.80951517849448,137.31625212824693,133.58979512073012,136.2879638671875,1622000.0
2018-02-15,137.34265558458276,137.37780490289634,134.5741740419145,136.92958068847656,1634200.0
2018-02-16,135.8309715173872,136.34072376998108,134.64447758678847,135.00482177734375,1589400.0
2018-02-20,133.80952370426957,135.57606825341844,133.2734061927395,134.9960174560547,2590500.0
2018-02-21,134.88173683147397,136.87679851420688,134.2401580810547,134.2401580810547,1834100.0
2018-02-22,135.23337539486894,136.19136559514342,134.5917962085971,135.05760192871094,1627100.0
2018-02-23,135.62000087624662,136.87680652985196,134.0731765593799,136.77133178710938,1593400.0
2018-02-26,136.613185022529,137.08777458474412,135.0487788287783,136.95594787597656,1018600.0
2018-02-27,136.13853624626063,136.50767772791713,134.95205603458453,135.34754943847656,1239400.0
2018-02-28,135.47938775574363,135.7870012133667,131.53322394083693,131.61231994628906,1541700.0
2018-03-01,131.1377149459427,131.90233639590267,128.83503980097672,130.0039520263672,1918000.0
2018-03-02,129.40633345456072,131.81445676822247,128.88778391249667,131.33106994628906,1420600.0
2018-03-05,130.786152140089,134.8377901421254,130.52248541464445,134.2401580810547,1852900.0
2018-03-06,135.25197845241087,136.67466087324573,134.11207157326044,135.77333068847656,1470000.0
2018-03-07,134.80127793198645,137.67315039684843,134.58919634206845,137.05459594726562,1821700.0
2018-03-08,137.6201822572832,139.6967596102255,137.3550835465832,139.51119995117188,2190900.0
2018-03-09,139.57304786881033,141.54359111946354,138.86612247219398,141.4640655517578,1340300.0
2018-03-12,143.72617633404136,144.4507783733804,141.49053499175176,142.3653564453125,1787800.0
2018-03-13,143.0457812313431,143.14298362057613,140.56271795050003,141.71145629882812,1678500.0
2018-03-14,142.21513735997692,142.4802359965305,139.1576915875487,139.21070861816406,1611600.0
2018-03-15,139.25490105762816,139.99716649096774,137.45225450759236,137.55828857421875,1491600.0
2018-03-16,136.65693481909392,137.26665756323698,135.3314552826004,136.36534118652344,2276000.0
2018-03-19,132.77774240682746,134.5892344013059,131.26670278723057,132.17686462402344,2058400.0
2018-03-20,133.06048626283234,133.5553298446254,132.43308662510992,132.74237060546875,837700.0
2018-03-21,133.07818063903198,135.0929089067021,132.5391516342225,134.0590362548828,826700.0
2018-03-22,132.60101553882822,133.14004460538766,128.92501447781555,129.09291076660156,1351300.0
2018-03-23,129.76447108637802,130.3830255976165,125.60245879740725,125.96475982666016,1232100.0
2018-03-26,128.12972477054637,129.41986448372538,126.954464297737,129.11058044433594,1068200.0
2018-03-27,129.17243228815522,130.02957706362804,126.49496388097036,127.34327697753906,856500.0
2018-03-28,127.64369218527767,127.9706530127911,124.91320724418992,125.62013244628906,1236200.0
2018-03-29,124.29467951020477,128.44784742696396,123.9412100913123,127.51117706298828,1461000.0
2018-04-02,127.26372045113509,128.00598580285006,124.25046021007135,125.56710815429688,2028000.0
2018-04-03,125.45224873847141,127.4581453235074,124.94855993093611,126.92794799804688,1079000.0
2018-04-04,124.7011440885275,128.39482173716394,123.71145674924672,128.14739990234375,1132800.0
2018-04-05,129.01333227662766,130.63041881290638,128.42128641090935,129.64073181152344,988100.0
2018-04-06,128.4743720231229,129.47290471664962,125.77922635706483,126.52149200439453,1188600.0
2018-04-09,127.29025976092173,128.96036394807604,126.19452482176237,127.20188903808594,1231700.0
2018-04-10,129.14589716048275,130.94855706299077,128.20922701741404,129.62307739257812,1089400.0
2018-04-11,128.34180555781387,128.72176999116002,127.33444137116646,127.7762680053711,890700.0
2018-04-12,128.49202810811073,130.48907968904132,127.94415389965928,129.8263397216797,1001200.0
2018-04-13,130.20630682138395,130.56859439264085,128.84547331746958,129.48170471191406,716500.0
2018-04-16,130.78072504075317,133.60841369628906,129.90590317460234,133.60841369628906,2211500.0
2018-04-17,134.27113241066345,137.10766577804216,133.17541081611543,136.8955841064453,2268500.0
2018-04-18,136.79835775531038,136.9132369927588,135.23428772423313,135.41986083984375,971000.0
2018-04-19,135.06637260950478,135.06637260950478,132.91908871006908,133.92645263671875,839000.0
2018-04-20,133.661385247218,133.749755965283,132.23870298063406,133.14886474609375,974700.0
2018-04-23,132.1414564571879,133.19300562700863,131.74381532563967,132.86605834960938,865900.0
2018-04-24,133.14001636028365,133.6437051197862,128.04133399106402,129.70260620117188,1221000.0
2018-04-25,134.70410150669528,135.34916459385752,131.2931994750415,132.3270721435547,2062400.0
2018-04-26,133.8204694133701,138.4508044739948,132.6187002827196,137.84109497070312,3037100.0
2018-04-27,137.8498990398504,138.04430382230277,134.12088146150444,135.4021759033203,1734000.0
2018-04-30,135.95007134773505,135.95007134773505,134.2711219166445,134.77481079101562,1411300.0
2018-05-01,134.35946856045592,135.5347289065153,133.4846470592148,135.4640350341797,985100.0
2018-05-02,135.98539825591877,136.10027749326093,133.24606778445013,133.6437225341797,1591800.0
2018-05-03,133.7144280607215,136.27701731844704,132.9544856593268,135.0575714111328,1537900.0
2018-05-04,133.97953052965752,137.15185663313363,133.72327696426996,136.58631896972656,1066500.0
2018-05-07,137.71734949521414,138.7777305837108,136.65695492324036,137.19598388671875,897100.0
2018-05-08,136.48023707733955,136.96624904483943,135.48171810790677,136.0825958251953,1041200.0
2018-05-09,136.94853511629015,138.10611836316755,135.41098755993823,137.4168701171875,1365000.0
2018-05-10,137.93827261874688,139.60837666016317,137.74386783225583,138.77774047851562,1250200.0
2018-05-11,138.67168468338994,140.4920215290434,138.30939713325577,139.29025268554688,1166100.0
2018-05-14,139.83814933756437,140.30648455682532,139.07820688081407,140.01487731933594,1150300.0
2018-05-15,139.55534753750968,140.19157893903287,138.84843574335343,140.12973022460938,1344600.0
2018-05-16,140.02368771154786,141.21661140488567,139.7320805464713,140.5008544921875,1273400.0
2018-05-17,140.5096925979325,141.5347335614328,140.07671115282554,141.26080322265625,1520500.0
2018-05-18,140.73951161676172,141.70269079767237,140.6246323348881,140.97808837890625,1882500.0
2018-05-21,141.87054434804548,142.49793065947347,141.38453232149442,141.7998504638672,746800.0
2018-05-22,142.02077416954006,142.87791903802773,140.56275146686514,140.68646240234375,1044300.0
2018-05-23,139.84698840474883,140.4743882791826,138.8219606629352,140.20928955078125,1375900.0
2018-05-24,140.65994632740816,140.73948538344766,138.5126749674479,139.1754150390625,1282400.0
2018-05-25,138.61868397448,139.13120448844782,137.45226867096753,138.79542541503906,1094600.0
2018-05-29,137.77923630045692,138.3359422563242,135.41988334406255,135.472900390625,1318000.0
2018-05-30,136.49789959861758,138.43310210399395,136.1532754184462,138.2828826904297,1223300.0
2018-05-31,138.56572410917525,138.86616310852335,137.3727997940633,138.0797119140625,2504700.0
2018-06-01,139.2637627627919,140.08555384372667,138.3889411587667,139.44049072265625,1025200.0
2018-06-04,140.05906443562046,140.43019724702205,138.97217452483855,139.20191955566406,641200.0
2018-06-05,140.38598529542014,141.5877542357776,140.23576586331023,140.95152282714844,1179300.0
2018-06-06,141.23133722825662,144.3668494799183,140.20096698681397,144.1359100341797,1555000.0
2018-06-07,142.91013126582698,143.24766963297478,141.45340599427718,141.91529846191406,1227000.0
2018-06-08,141.23130483314,142.1994910285088,140.6805959061553,141.9685516357422,1079700.0
2018-06-11,142.0929615762169,143.22991735527765,141.42677591409932,142.62591552734375,1289000.0
2018-06-12,142.99890558253054,144.71321598070455,142.51924455827944,143.30978393554688,1179000.0
2018-06-13,143.8960964619426,144.12703593499964,142.30613938436483,142.53707885742188,1048700.0
2018-06-14,143.7628300485024,144.4201243721984,143.1588148403303,143.49635314941406,1169000.0
2018-06-15,143.07886360979197,143.07886360979197,141.2579541008031,142.35049438476562,2856700.0
2018-06-18,140.63618974947406,140.93819056382844,139.96112671381525,140.7605438232422,972900.0
2018-06-19,138.83310537247195,138.8952756578546,137.50961154266372,137.9537353515625,1141300.0
2018-06-20,138.13130786376988,138.3089681346326,136.98547501672945,137.69607543945312,1173600.0
2018-06-21,137.92707855549364,138.91303387867862,137.79384684435323,138.45114135742188,2217100.0
2018-06-22,139.29495827032545,141.2135622778029,139.1972505180426,140.46743774414062,1341000.0
2018-06-25,139.9877662957081,139.9877662957081,136.17717815906386,137.50067138671875,1434500.0
2018-06-26,137.68723343035506,137.9626015270329,136.3637533937159,136.95887756347656,1026100.0
2018-06-27,137.95372687499386,139.68580691255477,137.70501864157907,138.15802001953125,1399300.0
2018-06-28,138.45999101832896,139.17946915006286,137.10097375759202,139.1705780029297,1349500.0
2018-06-29,139.7479473726763,141.91527292280884,139.58805581306132,140.47630310058594,1391000.0
2018-07-02,139.45485642682502,140.9648744544884,139.05514776561722,140.59181213378906,1291900.0
2018-07-03,140.96487078442235,141.64882513135476,139.49926788029086,139.61473083496094,640000.0
2018-07-05,143.8961056344029,144.93535365977704,143.070041904073,143.78952026367188,1547900.0
2018-07-06,143.88718794709192,147.004931154525,143.46971062327313,145.7080841064453,1642500.0
2018-07-09,146.63190521524965,147.7066771463395,146.39207458496094,146.39207458496094,1293700.0
2018-07-10,146.65852961762025,148.07973088740033,146.23217465811814,147.86654663085938,2150100.0
2018-07-11,144.9441985770232,146.1788754263377,144.44678222098295,145.72586059570312,1518200.0
2018-07-12,146.2677163443472,147.60008761389335,144.86428364732882,147.35137939453125,1913100.0
2018-07-13,146.69406674495426,148.97686928741317,146.39206585287533,148.15968322753906,1501800.0
2018-07-16,149.25220301883365,149.70520429375924,148.1063698864552,148.37283325195312,1399500.0
2018-07-17,148.38170554712556,148.77253650497073,147.7155201108651,148.2129364013672,1854200.0
2018-07-18,147.6533728891459,148.38174231901195,145.8946466965734,146.5874786376953,1641300.0
2018-07-19,145.62813108188968,146.85391660008833,144.50894444804123,146.79173278808594,1553400.0
2018-07-20,144.9442021664677,147.7599583116029,144.91755582913274,147.0760040283203,1326500.0
2018-07-23,146.04562275966111,146.39203867239317,143.67400404117592,143.80723571777344,1745200.0
2018-07-24,144.44674941005897,145.67253483299314,144.26022509570225,145.08628845214844,1685100.0
2018-07-25,146.4098101015223,147.44905785879644,144.7487919194148,147.28028869628906,1562100.0
2018-07-26,144.5800114459393,148.6837094823727,144.17141173954133,147.8487548828125,2223000.0
2018-07-27,147.91094621115514,149.16336462054113,147.06711397534582,147.83099365234375,1470800.0
2018-07-30,147.8310099101698,149.0923331592606,146.56082261984943,146.86282348632812,1268200.0
2018-07-31,147.25364655884567,149.19003285548246,147.07599979719674,148.78143310546875,1673600.0
2018-08-01,148.86133889820135,149.16333968097385,146.24989006858667,146.9871368408203,1447600.0
2018-08-02,145.76140830848212,146.13447060169028,144.70439170093556,145.6015167236328,1597600.0
2018-08-03,145.63277760973466,146.78440698345037,145.56135672748354,146.59693908691406,1050100.0
2018-08-06,137.71415252951616,141.7672022605206,137.0535332397718,141.01730346679688,3928400.0
2018-08-07,141.91896101812878,142.69564090851063,139.6871097265587,140.18704223632812,2552900.0
2018-08-08,140.52626684324673,141.01727677792553,139.70494732621006,140.2048797607422,1740900.0
2018-08-09,140.1602838028069,141.27620962926238,139.4818058042929,140.294189453125,1003300.0
2018-08-10,139.11575942199718,139.11575942199718,137.5981032345437,138.1873016357422,1303700.0
2018-08-13,138.81220479172347,139.26749747565535,137.11598991841728,137.7677001953125,1337500.0
2018-08-14,138.66939170742629,139.10683948228862,137.9373379154697,138.67831420898438,1612000.0
2018-08-15,137.5980938734951,138.1248074848248,136.1607811627872,138.04446411132812,1352200.0
2018-08-16,138.99968966083117,139.21395227946044,137.7766395654017,137.95518493652344,1102400.0
2018-08-17,137.62486469194582,139.49068887705224,137.62486469194582,139.30320739746094,1662800.0
2018-08-20,139.83884305305023,141.67788593104,139.83884305305023,141.31185913085938,1161100.0
2018-08-21,141.53505918187236,142.16891086928445,141.0172817294528,141.3386688232422,935200.0
2018-08-22,140.97261208710466,141.2672179957769,138.31223641078046,138.39259338378906,1229200.0
2018-08-23,138.37477143830395,139.03540428333406,137.56237434957876,138.28549194335938,840400.0
2018-08-24,138.7407915140386,139.72279779973027,137.94625308757213,139.45498657226562,708000.0
2018-08-27,140.1334644467142,141.2672485913155,140.05312107843966,141.09762573242188,674200.0
2018-08-28,141.49935360939006,142.0350032990377,140.67803407483117,141.36544799804688,1078100.0
2018-08-29,141.5350682567703,142.5349468471903,140.86551290362357,142.39210510253906,685700.0
2018-08-30,142.0082443886386,142.25821065033534,140.39237256690936,140.95480346679688,805700.0
2018-08-31,141.18690848304834,141.99930562955453,140.57092896381792,141.22262573242188,1057800.0
2018-09-04,140.93694105063614,141.0440791757239,138.4819046290441,139.42820739746094,1577700.0
2018-09-05,139.15144284823216,140.1245402444645,138.85683687933292,139.39248657226562,1736100.0
2018-09-06,139.74066324267517,140.77624544654174,138.6693774141166,139.8656463623047,897600.0
2018-09-07,139.571022710294,139.59780383095793,137.9908821025748,138.4015350341797,1225600.0
2018-09-10,139.08898924007124,139.68712381186802,138.67832256727164,139.15147399902344,645300.0
2018-09-11,138.8836561052117,140.55307660110867,137.98197941723916,140.231689453125,1247500.0
2018-09-12,140.12457931962606,140.77627618412103,139.65141423971068,139.80319213867188,799700.0
2018-09-13,141.1155066375471,142.24035483742085,140.4191564694654,142.11537170410156,867900.0
2018-09-14,142.5528127040666,142.90099461589472,140.01743266520617,140.15135192871094,1675500.0
2018-09-17,140.3031044187052,142.01716459498533,140.1334815391223,141.07086181640625,1529500.0
2018-09-18,141.57076925198834,142.07070167873795,140.97263483983176,141.20474243164062,1104600.0
2018-09-19,145.2935108973583,148.76627076654788,145.2935108973583,146.73974609375,2689100.0
2018-09-20,147.63250334168725,148.80199130599203,146.34695474448074,148.38241577148438,1624200.0
2018-09-21,149.06090082220632,149.9357828062808,147.97175618764516,148.6413116455078,2323000.0
2018-09-24,148.18601299447815,149.3108612153588,146.338033465024,146.40945434570312,1609000.0
2018-09-25,146.17733735954408,147.13256263054166,145.4095799689776,145.5702667236328,1273900.0
2018-09-26,145.2577995051044,146.65047237858755,144.53466832343796,145.14173889160156,1309300.0
2018-09-27,145.51671365185504,146.2219727120089,144.57041082237313,144.9185791015625,1314300.0
2018-09-28,143.4633922152515,144.7489406842345,142.93667860208555,143.49017333984375,1302400.0
2018-10-01,147.81996990085625,150.96242019589226,147.56106753398055,150.757080078125,2329700.0
2018-10-02,148.42700772607978,151.10522881287244,147.68603159074405,150.89990234375,1652300.0
2018-10-03,151.54266387102814,151.54266387102814,149.24831479249994,149.59649658203125,950500.0
2018-10-04,148.9269544633964,149.08764119072475,145.85592542339884,148.0431365966797,1720100.0
2018-10-05,146.543330755566,147.96279833997755,146.09696055695366,146.62368774414062,1538700.0
2018-10-08,145.954147625794,147.22183748703918,145.40063925889515,146.68618774414062,1109000.0
2018-10-09,145.4274060609567,146.17731835158503,143.73120474573165,143.8918914794922,1510400.0
2018-10-10,143.9186850688807,144.2668532780384,140.9994201630892,141.06190490722656,2222200.0
2018-10-11,140.99049777989973,141.2404776472207,137.27670772770347,137.71414184570312,1977000.0
2018-10-12,139.99957213193372,140.85659538588234,138.66938387932174,139.48178100585938,1840700.0
2018-10-15,139.81207632615278,142.2046140892558,139.25858163035917,139.97276306152344,2161500.0
2018-10-16,140.80303323066747,143.58837924109602,140.35666297914295,143.43661499023438,1297500.0
2018-10-17,144.3561077481025,144.84711765100775,142.02605495625784,142.65097045898438,1540700.0
2018-10-18,149.15904182127187,149.55184970875047,142.3742105080518,144.0525665283203,3739600.0
2018-10-19,144.14188733697273,145.57026396580235,142.20462846162462,142.70457458496094,3012000.0
2018-10-22,147.50748477005533,150.82847997429351,143.30268533416674,148.9805145263672,7591100.0
2018-10-23,147.15930684789575,148.1413266205121,144.2668370124364,146.56117248535156,4959200.0
2018-10-24,144.39187565730148,146.40946459469663,143.53483865129778,143.9365692138672,5610900.0
2018-10-25,145.30242634824984,148.51629732000978,145.0078203739937,147.3021697998047,5105400.0
2018-10-26,146.1505748050145,149.18588750384808,145.90953102026316,147.24864196777344,35352000.0
2018-10-29,148.3913360728744,151.0159954828964,146.93616460981627,147.73963928222656,14032500.0
2018-10-30,148.29311711683948,149.6857900432648,145.28458615085307,146.85580444335938,57375600.0
2018-10-31,144.3918380832733,147.8378165932393,144.00795262541348,147.7217559814453,18032200.0
2018-11-01,146.99863991534832,147.73067997169917,144.57038489822872,144.6239471435547,11423500.0
2018-11-02,143.42770199299375,144.45434819067228,138.76759516851814,142.69564819335938,6835100.0
2018-11-05,140.74050225462497,144.79355082798648,140.56195691980258,144.61500549316406,4477400.0
2018-11-06,144.4721776423422,148.5073679828629,144.3293359119205,147.7753143310547,2510600.0
2018-11-07,146.8915538559173,148.95379638671875,146.61480640890488,148.95379638671875,7626300.0
2018-11-08,146.85578183015187,148.3287979011743,145.45417299685576,147.56997680664062,4010000.0
2018-11-09,145.50771786737266,146.35581826163573,143.3294297829862,144.1953887939453,3249100.0
2018-11-12,142.89198831136378,144.8917311804677,141.86534257275923,142.14208984375,1990800.0
2018-11-13,143.03490257514292,143.1331045877816,139.74068752279413,140.0977783203125,2507100.0
2018-11-14,141.22261302838587,141.26725277501743,136.5892879440742,136.91067504882812,2338700.0
2018-11-15,139.34785853352483,139.53534002844208,136.19648572257185,138.53546142578125,2759400.0
2018-11-16,137.24991481746218,141.46365062033118,136.94637272682974,141.12440490722656,2726800.0
2018-11-19,141.59756662835716,144.1329462962929,141.44580238296717,142.39210510253906,2464700.0
2018-11-20,140.59770330496244,143.00809988006282,140.37451818463578,140.9369354248047,2151600.0
2018-11-21,142.1599984650793,143.9454794191249,141.5440053563914,141.99929809570312,2070900.0
2018-11-23,140.0352682590117,141.06191433298721,139.28536954643107,139.4371337890625,963600.0
2018-11-26,140.1959430132745,141.24938374317068,140.05311490557196,140.4459228515625,2678200.0
2018-11-27,138.96401557356913,139.8478201162312,135.26806975497271,136.18759155273438,2525900.0
2018-11-28,137.06243898879868,139.69602056862288,135.42872234506387,139.52639770507812,1808800.0
2018-11-29,138.83007174244858,142.69563978363215,138.68724361373984,142.2224884033203,2901300.0
2018-11-30,140.1781247392127,143.38306003900374,140.10670386067616,141.99038696289062,3944100.0
2018-12-03,144.89175765872116,146.78436279107748,142.76703132339836,146.7218780517578,3177200.0
2018-12-04,146.3648139979067,146.66834252295476,143.24022199712493,143.5794677734375,2746100.0
2018-12-06,141.52612437019138,141.96357203878162,136.5892714020957,139.2496337890625,4785400.0
2018-12-07,139.46391657973987,141.51722237436937,136.0179378387765,136.33932495117188,2518700.0
2018-12-10,139.29430947962638,140.64234283086196,137.58024922686894,140.07992553710938,2540400.0
2018-12-11,143.87402868906253,145.03459379277533,139.84776125506616,140.57089233398438,2552900.0
2018-12-12,144.31153545120713,144.7489833186244,142.35644466942628,143.32952880859375,2402600.0
2018-12-13,143.19555951243177,143.9990340726544,140.42807235292156,141.13333129882812,2456700.0
2018-12-14,140.4995224951966,141.47260649725376,139.31217584134393,140.0977783203125,2360800.0
2018-12-17,141.0715608967618,143.0908433389517,139.63562123799483,141.19720458984375,3148600.0
2018-12-18,142.17539511281012,142.59720176619555,140.56895018384472,141.44845581054688,2147000.0
2018-12-19,141.25995479642486,142.2471645707823,139.29453229059743,139.8509521484375,2618700.0
2018-12-20,138.63939487130583,140.3625136676455,136.80858542961084,138.2534942626953,3398900.0
2018-12-21,140.01250595561592,141.33177114320262,137.33808326321918,137.40988159179688,5452000.0
2018-12-24,137.04193059181495,137.67913224699566,132.9405517578125,132.9405517578125,2086800.0
2018-12-26,133.49691080461886,137.10469669903839,130.98402503888326,137.07777404785156,2591500.0
2018-12-27,136.45857078135595,140.37149047851562,135.15725866545216,140.37149047851562,2867000.0
2018-12-28,140.99078418450196,142.3010663751882,139.1420075373416,140.2817840576172,1586100.0
2018-12-31,140.20994802965743,140.9009949603163,138.154773937501,140.0394287109375,1853900.0
2019-01-02,137.78678886674885,141.94202569546255,137.77781921251724,141.08045959472656,1716400.0
2019-01-03,138.26247102539944,138.5227416905611,136.35087980729745,136.67396545410156,1775500.0
2019-01-04,138.05608246392526,141.4574451332355,137.6342757518978,140.5689697265625,1801300.0
2019-01-07,139.80612710071938,141.8343790056207,139.24072368942944,140.44332885742188,1830200.0
2019-01-08,140.0842672091527,142.3009903760807,139.28552984455177,141.9330291748047,2207300.0
2019-01-09,140.65866020219323,143.17154662188645,140.29968229686392,142.21127319335938,2099900.0
2019-01-10,142.42665964890622,145.370322401087,142.11255739382955,145.253662109375,2093900.0
2019-01-11,144.09593208709646,144.27542104517903,143.02795429943004,143.78182983398438,1380400.0
2019-01-14,142.13050853121462,143.14464109160303,141.52921293606911,141.81640625,2004800.0
2019-01-15,140.75739832294252,141.68177955116758,140.48815801409043,141.10740661621094,2110700.0
2019-01-16,141.37662043556747,142.17535786255428,140.97276689502417,141.11636352539062,1382100.0
2019-01-17,140.362538589306,141.48436199137572,140.19203293526343,141.1343536376953,2176500.0
2019-01-18,142.48049809487273,144.89466350800822,141.80740425972175,144.30233764648438,2494800.0
2019-01-22,145.0382452538171,145.1908115308239,143.31512685605296,144.34719848632812,1699100.0
2019-01-23,144.10490155991118,144.5715700671631,141.31380539398123,142.633056640625,1569500.0
2019-01-24,141.44842718495562,141.7176674594147,140.38941909051763,141.2330322265625,2528000.0
2019-01-25,142.41766334064934,143.69205251487512,142.372787685714,142.55227661132812,1242700.0
2019-01-28,141.6010393549667,142.14848973588454,140.79333196403448,141.98695373535156,1422500.0
2019-01-29,143.20750717465836,145.38832548372974,143.0100651432855,144.6883087158203,1558300.0
2019-01-30,145.19978064468464,146.9588050388096,144.63439119532077,146.2139129638672,1113500.0
2019-01-31,144.65234243140236,146.66265423416544,143.26129282734874,146.29469299316406,1645900.0
2019-02-01,147.10239044670928,148.8883236655604,146.6985369582022,148.76268005371094,1324300.0
2019-02-04,148.51141512663523,148.69988741976886,146.48316403251962,146.7344512939453,2106500.0
2019-02-05,148.3140202985801,148.96917501141638,147.00373826117354,148.07171630859375,2358600.0
2019-02-06,147.13832588406487,147.7396214666145,146.32163532057916,146.6626739501953,1124800.0
2019-02-07,145.16393519406552,145.60369485808036,143.08182457358546,144.21263122558594,1361000.0
2019-02-08,143.6562365742995,145.03831709977504,142.76774743312163,144.6883087158203,1557900.0
2019-02-11,144.54469147469274,145.0472661397896,144.1587908190407,144.80496215820312,1128400.0
2019-02-12,147.29988822387233,150.36919507225252,147.08449322439358,150.3512420654297,1772000.0
2019-02-13,149.95634312601626,151.21279328981424,149.6871028270502,150.21661376953125,1599300.0
2019-02-14,149.56147794332915,150.4140746127059,148.9153066223974,149.42686462402344,1104100.0
2019-02-15,153.05257703489954,153.20515704117187,150.56662667960939,151.25765991210938,2573600.0
2019-02-19,150.77301301451257,151.47302947940682,150.3781291226997,150.64736938476562,2221200.0
2019-02-20,150.4050400737262,153.47434595649023,150.4050400737262,152.837158203125,2574800.0
2019-02-21,153.4474556572961,154.63210749032768,153.05257171295224,153.8243865966797,1736500.0
2019-02-22,154.57823751358347,155.92442509414286,153.95898903546566,155.7090301513672,1075700.0
2019-02-25,156.05907718852316,157.0642264498805,155.6103478833984,156.71421813964844,1526800.0
2019-02-26,155.96935252110836,156.9565626388516,155.66421982803647,156.07705688476562,1739200.0
2019-02-27,155.61932685719884,157.16295685478218,154.9282935457064,156.60653686523438,1451800.0
2019-02-28,156.88469526716744,156.9923858893082,155.3500491251499,155.47569274902344,1698300.0
2019-03-01,158.27577410436967,158.60782935150633,150.64737721600986,151.1140594482422,3033500.0
2019-03-04,151.08715808806775,151.58973270402683,149.04095361215929,151.40126037597656,1738100.0
2019-03-05,151.08712448805122,152.51408003262492,151.08712448805122,151.1678924560547,1205900.0
2019-03-06,151.52689975942837,152.28076166212065,150.96151017947457,151.78717041015625,986800.0
2019-03-07,152.78404266549103,152.78404266549103,150.49264894088063,151.0790252685547,1450100.0
2019-03-08,152.23375210510682,152.92839293197312,151.3406424705644,152.874267578125,1558400.0
2019-03-11,152.8922538139843,154.5431454323879,152.83812847655227,154.51608276367188,1188800.0
2019-03-12,154.96718999597033,155.97756662510716,154.6153614365138,155.454345703125,1309200.0
2019-03-13,156.9788888772,158.3320774338869,156.64510677146123,157.3217010498047,1538500.0
2019-03-14,157.19541124848,157.36681734268416,156.22111379090896,157.15933227539062,1033200.0
2019-03-15,159.02670448430416,159.64015706886698,157.35776656760788,159.16201782226562,3661400.0
2019-03-18,157.64647158757577,157.82689398081564,156.45565901456953,157.46604919433594,1220400.0
2019-03-19,158.18775457896805,158.58467834309184,155.72494138894044,156.5909881591797,1251600.0
2019-03-20,158.187763604536,159.55898490141053,157.2946541122707,159.3424835205078,1536400.0
2019-03-21,157.276610073124,158.62078248265527,156.69925010658085,157.9622344970703,1146300.0
2019-03-22,155.25582803310874,155.85122049339785,152.6306391190048,153.2350616455078,1384000.0
2019-03-25,154.23642161370748,155.0934382177588,152.9644211589304,153.36135864257812,1349700.0
2019-03-26,154.16428011990538,154.53415500808708,153.08173189395552,154.24546813964844,1408100.0
2019-03-27,152.87424034471468,153.40649124987067,152.17959964159346,152.89227294921875,1821400.0
2019-03-28,154.22741835846375,156.83456112530396,154.01991953287677,156.69923400878906,1892500.0
2019-03-29,158.18776243282971,158.86435677383352,156.86163642323447,158.7109832763672,2158100.0
2019-04-01,159.5318651720903,160.7407100009434,158.77408307925782,159.2973175048828,1791900.0
2019-04-02,159.97396655491337,160.74076521031415,159.39660660511578,160.596435546875,1179700.0
2019-04-03,163.42005616445135,166.46924526959134,162.9509607370029,164.8544464111328,2379600.0
2019-04-04,165.60323529007414,166.02722174062987,164.5657823885763,165.9009246826172,1471400.0
2019-04-05,166.52338288634385,167.2811651853458,165.9730856480659,166.55044555664062,1403400.0
2019-04-08,167.70516769730085,167.72321406619741,166.12644766983436,166.74891662597656,1138500.0
2019-04-09,166.93835774376112,166.93835774376112,164.86346595270993,164.998779296875,1388200.0
2019-04-10,165.44087525513595,165.62129768970527,162.22029281375822,163.30284118652344,2443700.0
2019-04-11,163.8982232170527,164.0155039863256,162.17517324848507,162.24734497070312,1916400.0
2019-04-12,163.10431804168977,163.40202115395837,162.50891181715252,162.6983642578125,1914500.0
2019-04-15,162.50889587402344,162.77050622652703,161.60677032486925,162.50889587402344,1448000.0
2019-04-16,162.454844123553,162.99611143899347,161.3001239988603,162.94198608398438,1749700.0
2019-04-17,162.9600006028491,164.06059515739412,161.8413596783788,162.30145263671875,1663300.0
2019-04-18,162.49089038099817,163.09531299912413,162.0849365348356,162.7434844970703,1547300.0
2019-04-22,162.24733511134667,163.104351891916,161.32716291566865,161.3903045654297,1002100.0
2019-04-23,161.16474562789034,162.13002670328527,161.074541319992,161.7781982421875,1796500.0
2019-04-24,161.48951937950423,161.94058223726364,160.13633080622594,160.23556518554688,1780200.0
2019-04-25,158.9725927998162,159.45071832212872,157.79982663051638,159.02671813964844,2229900.0
2019-04-26,158.26896988705133,160.81295776367188,158.20581446676826,160.81295776367188,1483900.0
2019-04-29,159.48682417246638,160.81295028323638,159.2161974276955,159.76649475097656,1195400.0
2019-04-30,160.4611375579529,162.88785855436006,160.02812095831152,162.61721801757812,1404200.0
2019-05-01,162.28343385725915,163.46521662936723,160.58743269495784,160.84002685546875,1018300.0
2019-05-02,160.51522310254103,162.82467651367188,159.91983058770467,162.82467651367188,1691000.0
2019-05-03,162.0939692286683,163.70878223972608,161.69704540994994,163.2487030029297,1248900.0
2019-05-06,160.424979584983,161.77816783724475,160.40693322065687,161.1466827392578,1407000.0
2019-05-07,159.29735272722021,159.5589631152064,155.986553164617,157.4840850830078,2049600.0
2019-05-08,157.35777525693953,160.15437036222548,157.18638294117224,159.26126098632812,1264600.0
2019-05-09,156.24818727381802,157.61040605442906,154.80479423947557,156.38351440429688,1999500.0
2019-05-10,157.53822889994416,164.38536024619106,157.2134630694917,163.8170166015625,2511800.0
2019-05-13,162.14806146641945,163.29375107561654,160.4159819537959,162.9960479736328,2328500.0
2019-05-14,162.66231861788881,164.51167946358632,162.18419299273006,163.21261596679688,2029300.0
2019-05-15,161.0925855629089,164.52065205542678,160.86705414811982,163.158447265625,1184200.0
2019-05-16,166.97443502568098,170.47468698971363,166.44218419021894,169.28387451171875,1866600.0
2019-05-17,169.77103515708,170.9077085666272,168.59826901147667,170.5017547607422,1737900.0
2019-05-20,167.79541625172274,168.85090189565787,166.57754078891753,167.12783813476562,1383700.0
2019-05-21,168.4810081100624,169.09446080715514,167.9307108258331,168.94110107421875,1051500.0
2019-05-22,169.4823814384929,171.151319790804,168.85991239070822,169.81617736816406,1334800.0
2019-05-23,167.6961431870458,168.7335822196042,166.41512636501847,166.96542358398438,1318500.0
2019-05-24,169.03129632522212,169.73495330463433,167.66007510476808,169.4733428955078,1025300.0
2019-05-28,168.6433928989901,169.40117523874912,165.74756313336906,166.2707977294922,1483100.0
2019-05-29,163.69975374185827,165.20630217617403,163.4742222918347,165.09803771972656,1405400.0
2019-05-30,165.0168462339829,166.1805962002457,164.88153287295097,165.45889282226562,1042000.0
2019-05-31,163.43299435512887,164.43915475676624,163.04321352787557,163.65960693359375,1757200.0
2019-06-03,164.49350620550695,169.87782219097858,164.24876079762242,169.75997924804688,2882600.0
2019-06-04,170.24040785167898,173.44924926757812,168.30966452230464,173.44924926757812,3115200.0
2019-06-05,173.44925222333507,174.76360225404616,172.66970449394333,174.71827697753906,3708800.0
2019-06-06,176.13233832433428,179.53152661631646,175.57034361941967,178.88795471191406,3468200.0
2019-06-07,181.42602491624407,182.29622330395878,179.14178008224448,181.33538818359375,3613300.0
2019-06-10,181.3987927897513,183.1029234338747,179.685602623747,181.6707305908203,1197400.0
2019-06-11,182.37776665388523,182.93977514984923,181.0362243102474,182.00611877441406,1720000.0
2019-06-12,182.72225036447657,183.35676279859328,182.16931513660333,182.82196044921875,1956300.0
2019-06-13,184.4444764309036,184.81612431954312,182.77661144022684,183.77371215820312,2855100.0
2019-06-14,183.70121097611826,184.21788042630138,182.58626721010936,183.7465362548828,1524000.0
2019-06-17,183.94594495983108,184.56233833005393,182.23275451854508,182.4321746826172,1757200.0
2019-06-18,185.0789509288598,185.60469357886996,183.74648217839209,184.93392944335938,2006900.0
2019-06-19,183.3204647375025,183.5289443781022,180.51046402473656,181.82481384277344,1944700.0
2019-06-20,184.5985650211562,184.65296364773988,182.64970275751676,183.41111755371094,1703300.0
2019-06-21,183.68304873445356,184.00031180375407,183.1301136171187,183.22076416015625,3770300.0
2019-06-24,183.54712636280175,184.7980183724251,183.13015313870469,184.35386657714844,1092500.0
2019-06-25,185.2059179660646,185.2059179660646,183.74653253988396,183.82810974121094,1118800.0
2019-06-26,183.14828878822763,183.38396089068803,181.79767284051022,181.8339385986328,1369900.0
2019-06-27,180.1116583196074,181.2447211095286,179.89411911599555,180.864013671875,1532100.0
2019-06-28,180.92744514348186,182.84911492574864,180.49233913776305,182.0151824951172,6440600.0
2019-07-01,184.027486510826,184.1815813541128,182.65873813171632,184.0093536376953,1113300.0
2019-07-02,183.1120031258558,184.88865163472056,182.67691089501793,184.49887084960938,1722400.0
2019-07-03,183.10297700390106,184.56236267089844,182.84011247913838,184.56236267089844,939500.0
2019-07-05,182.28718518689857,184.16353036598406,181.380734765942,183.4927520751953,1741300.0
2019-07-08,182.2418230277626,184.58952582352384,182.0877281471373,182.80381774902344,1277100.0
2019-07-09,183.48364627730075,183.65587402686188,181.93362419391502,182.16929626464844,1160700.0
2019-07-10,183.17551342510552,183.69218300293247,182.61351855731635,182.89451599121094,1062000.0
2019-07-11,182.59537135367924,184.06381658019296,182.22372336900943,183.8372039794922,1225200.0
2019-07-12,184.69826968835517,185.5684678809377,183.9912397080892,184.89768981933594,1027600.0
2019-07-15,185.08810922148356,185.91298240425746,184.6530169026513,184.97933959960938,869000.0
2019-07-16,185.03369750495798,186.3208552248682,183.5108538634773,183.63775634765625,1073700.0
2019-07-17,184.49885507269659,184.77986623390157,182.88537493295127,182.9397735595703,986700.0
2019-07-18,183.8280780540487,184.62574471508148,182.93976085294537,184.58949279785156,1013800.0
2019-07-19,184.00035151313887,185.46879657420422,183.6740288516428,184.35386657714844,1228300.0
2019-07-22,185.45062008273186,185.8132084165315,184.1634626182372,184.5351104736328,653400.0
2019-07-23,185.66820493556702,187.4720458984375,185.08807733329374,187.4720458984375,1064800.0
2019-07-24,184.9702234138653,185.08806636449955,183.28422550852935,183.78277587890625,1102800.0
2019-07-25,181.6435173644309,181.90638178214473,178.14461976460723,181.19029235839844,2084900.0
2019-07-26,180.77338134200605,182.33247700463474,180.673685084521,182.16026306152344,1191200.0
2019-07-29,181.08155822753906,181.48039852392859,180.61020025623034,181.08155822753906,1468200.0
2019-07-30,177.4919941095024,179.28676145739556,177.43760931582852,178.11744689941406,2466300.0
2019-07-31,177.58264106223967,177.8364459818062,171.31000807762376,173.38577270507812,4160900.0
2019-08-01,171.87205488053687,175.39814625984576,171.46415498108328,172.6062774658203,3762800.0
2019-08-02,171.1196901816444,171.36443564064427,168.44566450580908,170.14979553222656,2556900.0
2019-08-05,172.22553230864202,175.02646001456287,171.51850228251308,172.79660034179688,3074800.0
2019-08-06,172.49747301320323,172.52466541225317,168.50908389944584,171.10153198242188,2352000.0
2019-08-07,169.5514860512615,173.50360885590513,169.16170533417667,172.9325408935547,2078900.0
2019-08-08,172.66064141056873,175.33466690756256,172.2255491591505,174.5913848876953,1927100.0
2019-08-09,172.16207957689366,174.76360105211876,171.9717327807384,174.01124572753906,1600200.0
2019-08-12,174.96299172155227,176.4314363697937,174.04746832319873,174.21969604492188,1891100.0
2019-08-13,174.1562913115202,177.3107343151406,173.5852232268361,174.854248046875,1678700.0
2019-08-14,171.1378083232309,172.51561656277633,168.13746023754953,168.27342224121094,2441100.0
2019-08-15,168.33686334669756,169.95034350627483,167.75673580428025,169.1798553466797,1508300.0
2019-08-16,169.21609762604305,171.4369114308198,169.10732804032793,171.1287078857422,1198900.0
2019-08-19,171.5366204038161,172.52464768465998,170.69361462589305,171.4187774658203,1232100.0
2019-08-20,170.62111458775186,171.31908510353927,168.87167236832659,170.1316375732422,1364200.0
2019-08-21,171.60004331919967,172.1801707525326,170.9655311001369,171.0833740234375,1074700.0
2019-08-22,170.91121175842522,171.3191116389177,169.15269591271596,169.62405395507812,1446700.0
2019-08-23,168.27341239972495,169.8325078300794,164.61135972484513,167.0225067138672,2119700.0
2019-08-26,167.91993412035086,168.09216190682127,166.63277623111838,167.6208038330078,1226800.0
2019-08-27,168.69039925206417,168.96232326553516,167.12223034060364,167.45762634277344,1477100.0
2019-08-28,167.4122717378201,168.53626101349997,166.6599164925626,167.66607666015625,1122700.0
2019-08-29,170.53956922631136,170.81150709906214,169.56967453881308,170.10447692871094,1458900.0
2019-08-30,171.66628396516236,172.3402043530949,170.67362815157446,172.0396728515625,1686800.0
2019-09-03,170.54610970817015,171.33841108754942,169.57165794151533,170.50967407226562,1370200.0
2019-09-04,171.24737214975593,172.03057173403687,169.8540075480659,170.81024169921875,1210400.0
2019-09-05,171.84840224105534,172.5769621162855,170.39129638671875,170.39129638671875,1911200.0
2019-09-06,171.68447275471678,173.30551107957248,171.18358700352584,172.5951690673828,1066700.0
2019-09-09,171.30200181431664,171.6116352614211,168.50615714042615,168.6700897216797,2862300.0
2019-09-10,167.66834523440403,169.1345672607422,166.89424759525824,169.1345672607422,1788900.0
2019-09-11,169.08899025932058,170.96502252384582,168.57900252482327,170.85574340820312,1292100.0
2019-09-12,173.62428989843374,175.41836319501797,172.41307572808634,174.46214294433594,1640200.0
2019-09-13,175.29995163972353,176.4110023378714,174.83548759120947,174.99942016601562,1717100.0
2019-09-16,174.4894716926733,174.67160823091575,170.9832842729659,171.6845245361328,1263900.0
2019-09-17,173.34199471059154,175.94658765064696,172.8046870293391,175.07232666015625,1186700.0
2019-09-18,176.17426295987525,176.37461733319694,173.94305896184161,175.45481872558594,1694800.0
2019-09-19,178.21418378112597,178.60577656966998,176.60224723469875,176.8936767578125,1601500.0
2019-09-20,178.03206469543443,178.72418903635847,175.85550060518062,176.77529907226562,2475500.0
2019-09-23,175.44563035464634,176.67507587407462,175.35456906558048,176.23794555664062,859600.0
2019-09-24,175.9191775463495,176.5293423129057,173.80636965727192,174.41653442382812,1539800.0
2019-09-25,173.61518368936993,175.6460330342227,173.33286999208278,175.08140563964844,852100.0
2019-09-26,175.80087501053427,175.9557056694586,174.38019046145965,175.12696838378906,1345600.0
2019-09-27,174.99948000680843,175.5367877210523,173.56057756314192,174.44395446777344,873900.0
2019-09-30,175.32730242519892,176.89370159152736,175.01765503938873,176.42013549804688,1027200.0
2019-10-01,176.61134438372844,176.6933176199483,171.62073205345413,171.71180725097656,1127500.0
2019-10-02,169.32582620190288,169.38958163932818,165.8014345145554,167.66836547851562,1996200.0
2019-10-03,167.44070440220213,168.46068031173309,166.00180187489696,168.1510467529297,955600.0
2019-10-04,169.07988419226308,170.6462829936781,167.76847925190418,169.55343627929688,1498100.0
2019-10-07,169.38955231742554,173.34197186976186,169.23473557692859,171.73915100097656,2744100.0
2019-10-08,170.7009870754003,170.71008903954885,167.29497650649787,167.66836547851562,1526600.0
2019-10-09,169.4897355525566,171.24737322470617,169.0981288098947,170.65542602539062,1266600.0
2019-10-10,173.24175425627615,174.90833016241342,171.7573287280866,174.15245056152344,1486200.0
2019-10-11,175.47295588051165,178.98824414367186,175.17243833101307,176.9027557373047,1609600.0
2019-10-14,176.9483319525115,177.86813041086876,175.27265373493708,175.33639526367188,1213700.0
2019-10-15,178.30525072870694,180.34521576669843,177.48562948722486,177.74972534179688,1519300.0
2019-10-16,180.1357428696163,180.4817980372105,178.62398357625517,179.2705841064453,1570400.0
2019-10-17,180.09936729656138,181.2104183384953,178.9974321147909,179.0793914794922,958900.0
2019-10-18,179.29795245558577,179.6258037899923,177.53119881440205,178.30528259277344,1022800.0
2019-10-21,178.44184826684008,178.54202542299524,176.97562656100038,177.5584716796875,927900.0
2019-10-22,175.83728518072724,176.38369475328525,174.30730780608744,174.37106323242188,1429700.0
2019-10-23,176.45654080925115,177.46741443410505,175.91923323376693,176.4019012451172,1227900.0
2019-10-24,176.9574374904102,177.25796900769856,175.48211358383648,175.7553253173828,996600.0
2019-10-25,177.03027480426246,177.99561077668332,176.71152550191619,177.58580017089844,1025000.0
2019-10-28,178.77884262574906,179.30704830740734,178.2050993360617,179.19776916503906,1216700.0
2019-10-29,180.10843599382525,183.33229522636918,179.5073730178193,181.32876586914062,1080100.0
2019-10-30,180.19951577046461,181.73859511097783,178.7697294615988,181.40164184570312,1110400.0
2019-10-31,181.39250826439465,181.45626368463704,179.3616591163297,180.6366424560547,1303500.0
2019-11-01,181.11933566356373,182.184848967487,180.66398738516267,181.04647827148438,812200.0
2019-11-04,183.27765188161715,183.49622402186958,182.2485604950997,182.83140563964844,1086100.0
2019-11-05,182.99535884835018,183.48712884920099,181.18306779178002,182.42161560058594,1132900.0
2019-11-06,183.15015402002717,183.59640025975315,182.23945761773896,183.1592559814453,1084500.0
2019-11-07,183.63282068270172,184.61637445764404,183.08639728680348,184.50709533691406,1098200.0
2019-11-08,185.4178071082019,186.19189077110278,184.2430008784386,184.8713836669922,966000.0
2019-11-11,184.66192151924847,185.16280734180125,183.57819052939553,184.2247772216797,881600.0
2019-11-12,186.90221971130893,189.16075680580133,185.94598570476674,187.3848876953125,1681200.0
2019-11-13,188.69632973695778,190.05327265196271,188.28651905270692,189.26097106933594,1388200.0
2019-11-14,188.5961385652326,190.30825246572113,188.27740312162905,190.00772094726562,1003000.0
2019-11-15,191.24624305720027,191.54677453525363,189.72538174423266,190.98214721679688,1772000.0
2019-11-18,189.78004264905377,191.20984282095378,188.95130550086176,190.4357452392578,1115900.0
2019-11-19,191.42837936389395,191.70159106149623,188.90574645996094,188.90574645996094,1463700.0
2019-11-20,188.53234466679902,189.15161145684587,187.2027220056364,187.76734924316406,1234900.0
2019-11-21,188.72361712650294,189.25182272295794,187.63078419072087,187.84024047851562,1369500.0
2019-11-22,187.06614224641828,187.68540909976716,186.38311997786508,186.6107940673828,936700.0
2019-11-25,186.45599517011823,187.56704594481675,186.00064694757376,187.548828125,1418800.0
2019-11-26,186.79293168562685,187.58523307516444,186.3649032830638,186.82025146484375,1547400.0
2019-11-27,185.74565519355303,187.70364701459116,185.6090423875416,187.6034698486328,1074000.0
2019-11-29,187.04796094000312,188.3502642122377,186.83850462767566,187.79473876953125,847600.0
2019-12-02,185.5219853679487,186.1896227976171,182.75995839437923,183.4916229248047,1718600.0
2019-12-03,183.4733652935076,185.25678835974335,182.55878793078745,184.7812042236328,1230600.0
2019-12-04,186.84812418013496,187.5066208785501,185.35735888298115,185.43052673339844,1384500.0
2019-12-05,185.81463635617789,186.6286094547415,184.97322705976802,186.3450927734375,868700.0
2019-12-06,188.0370800818213,188.3937646357423,187.1225028712197,187.97305297851562,912300.0
2019-12-09,189.1894171861691,189.3174574204138,187.28709516643443,187.7901153564453,1038300.0
2019-12-10,187.2139786591217,188.1651469074707,186.41830083923455,186.52804565429688,1135900.0
2019-12-11,187.89991276395506,188.73218149729706,187.38775168354238,188.0736846923828,1159200.0
2019-12-12,189.39978205364253,192.28984924894877,189.19857396059334,191.988037109375,1333000.0
2019-12-13,193.07640977287252,193.56113461392596,190.57961771070302,191.1923828125,1527900.0
2019-12-16,193.06727396906086,193.1312871234013,191.89661613932404,192.07952880859375,1797200.0
2019-12-17,192.40880203443464,192.53684231498704,190.88145941807977,191.75030517578125,1433000.0
2019-12-18,191.43934164886727,191.44848239863714,189.26264304412766,190.53390502929688,1427300.0
2019-12-19,190.17719148950084,191.5581980832444,189.9211109814602,191.51246643066406,1205200.0
2019-12-20,194.92385476296823,195.6646601064322,192.9940961973074,193.99098205566406,3034100.0
2019-12-23,193.96355518188915,194.17390405309325,193.0672733366638,193.68003845214844,967400.0
2019-12-24,193.49711372308687,194.26535525682525,192.67398583236042,193.54283142089844,399900.0
2019-12-26,193.61601548763397,194.57632446289062,193.06727746987474,194.57632446289062,481000.0
2019-12-27,195.85670898253122,195.95731303643532,193.97268211427343,194.12815856933594,825500.0
2019-12-30,194.63118492456843,194.71349352887967,193.2227420812129,193.4239501953125,807500.0
2019-12-31,193.6526170936045,194.73181169022362,193.21360990873353,194.71351623535156,1040000.0
2020-01-02,195.33544891665903,196.1311268140005,192.48197180452902,192.73805236816406,2604100.0
2020-01-03,189.68336099180598,191.19242218491155,187.6438571487726,187.72616577148438,2899300.0
2020-01-06,187.12250253489512,188.7230126505712,186.74752252994065,186.93043518066406,2395300.0
2020-01-07,187.31457502985873,189.08885722897324,186.80241397348382,187.33287048339844,2589200.0
2020-01-08,187.73527973444382,190.40584368271257,187.57980327350444,189.67417907714844,1327300.0
2020-01-09,190.30523207321642,191.8234336273312,190.05829231312762,191.00946044921875,1086100.0
2020-01-10,192.7380197392982,193.734905618638,191.0826231509346,191.21981811523438,1217600.0
2020-01-13,191.86914934764488,193.82634404537436,191.44845164033023,193.70745849609375,1225700.0
2020-01-14,193.2227522467145,194.0001345872325,191.27469811014524,192.024658203125,2107300.0
2020-01-15,192.96666262533142,193.963548497271,192.38133373255263,193.3782196044922,1078200.0
2020-01-16,194.6952155520727,194.86898746787745,193.689174963383,194.85983276367188,1302600.0
2020-01-17,194.97875114403593,196.10367739818324,194.65864348338226,195.81101989746094,1903700.0
2020-01-21,193.61604218665047,194.56721054381063,193.1404580080704,193.6434783935547,1384500.0
2020-01-22,193.1587102571698,193.8446431870286,192.472777327311,193.04896545410156,966900.0
2020-01-23,190.61617897073268,191.74110502290438,189.79306507018572,191.7136688232422,1400700.0
2020-01-24,192.06126477402657,194.1647957030967,190.98207008005213,192.0521240234375,1541600.0
2020-01-27,187.6895692900261,188.67731452585767,186.6560923945523,187.3786163330078,1947800.0
2020-01-28,187.88160420834294,191.0826246930539,187.65295988800645,190.12232971191406,1229400.0
2020-01-29,190.35097923143985,191.5490732698728,189.92112678103905,190.4424285888672,982700.0
2020-01-30,188.83277755365577,190.75339547907828,187.90905949818924,190.4424285888672,1381300.0
2020-01-31,188.0644883411057,188.71383024916972,185.63170997305983,185.77804565429688,1909700.0
2020-02-03,186.3634354862824,192.1069802810037,186.189663552294,191.54908752441406,2911500.0
2020-02-04,192.80202258058085,196.49692238478613,192.6282506749662,195.26223754882812,2369400.0
2020-02-05,198.573039564069,198.573039564069,195.0427702606685,198.2255096435547,2970400.0
2020-02-06,198.27122661352132,198.84741483602323,196.69816633865597,198.23464965820312,2234200.0
2020-02-07,196.432893393729,197.26516200981516,194.55800730931034,195.86585998535156,995300.0
2020-02-10,196.53350925078516,197.30175080931443,195.82928084446252,197.03652954101562,1435600.0
2020-02-11,198.99371880088495,200.1460811065837,197.53038962557815,197.74989318847656,1385500.0
2020-02-12,198.57301134336586,198.8473873139788,197.10054138826288,198.64617919921875,1238000.0
2020-02-13,203.31051257711331,208.3864187838924,202.2495996850884,202.35934448242188,2231800.0
2020-02-14,202.70689798392914,204.04218688854348,202.32277721953514,203.62147521972656,1280300.0
2020-02-18,204.9018692470497,205.40488949688887,203.83181560030482,204.4537353515625,1524700.0
2020-02-19,203.96903826027886,204.45376312451228,202.91726596677162,203.47515869140625,1590100.0
2020-02-20,201.6185865980161,203.36543279480665,199.40531094754243,202.3045196533203,1534700.0
2020-02-21,201.19787323394033,201.48138997533482,199.59736289543616,199.68881225585938,1660100.0
2020-02-24,193.11294686486906,194.1830143402772,191.69536354042194,192.564208984375,2020400.0
2020-02-25,191.31128101463293,191.78686513826264,183.69286406380695,184.4245147705078,2743100.0
2020-02-26,185.93356037156045,189.2443255981354,185.27506362572854,186.03416442871094,2711200.0
2020-02-27,182.7965944781263,185.99761562338787,178.25114333542732,178.296875,3685500.0
2020-02-28,174.51047723951615,176.35792713272613,170.06563138893986,174.69338989257812,5555300.0
2020-03-02,174.95863430674086,181.36067518812982,173.23008382697952,181.22348022460938,3489600.0
2020-03-03,181.10459191355162,184.5982697703138,175.9097858492072,178.69924926757812,4063300.0
2020-03-04,181.45211300121733,188.17426108127523,180.51009959072493,187.97305297851562,2755600.0
2020-03-05,181.69987697189015,183.29872395649366,179.2464617532418,180.56964111328125,3204300.0
2020-03-06,176.54493363860848,177.03194033689374,170.69164143789283,173.85260009765625,4466800.0
2020-03-09,160.8596186921184,165.74808185644966,158.3418888253956,159.086181640625,4822700.0
2020-03-10,162.1643784612029,163.02813024810794,153.9311991745621,161.91629028320312,5604100.0
2020-03-11,159.3893793578118,162.32980082550242,158.54399504112993,159.8120574951172,4315300.0
2020-03-12,150.14543826426177,156.16412318209265,144.26459417386965,145.2018585205078,6340400.0
2020-03-13,159.31589068953613,162.780068453338,148.26173267510347,162.18280029296875,6386900.0
2020-03-16,136.65623628760628,150.3659644912812,134.80928710788342,145.5050811767578,7079300.0
2020-03-17,144.04404768593594,152.2037305872734,143.03328512377612,150.5865020751953,4956600.0
2020-03-18,140.9474080702414,147.16824749018227,137.50159815847036,144.7332000732422,4723900.0
2020-03-19,139.18316445968912,145.92776014990497,136.73893309913544,141.51712036132812,4296100.0
2020-03-20,141.59982123222423,145.12832722470583,136.04057842461623,139.02694702148438,4699900.0
2020-03-23,137.6302269199025,142.7575932203466,134.8919608527096,137.83238220214844,4434000.0
2020-03-24,146.36878938074452,153.30635516067179,144.26455459445006,151.44102478027344,3423100.0
2020-03-25,149.84223727608966,161.22719554559592,148.25255980592055,151.89134216308594,3258400.0
2020-03-26,155.5392497813402,160.80444275243008,155.006296231408,160.06015014648438,2726000.0
2020-03-27,153.75663958508738,157.1840680346023,152.72749547652325,153.7658233642578,2301600.0
2020-03-30,158.28674509709543,162.90872443069904,156.98193321172602,162.45848083496094,2480500.0
2020-03-31,158.69103771114098,162.87195675359294,156.77057625466657,158.96670532226562,3142300.0
2020-04-01,152.18534080373067,154.8409111153046,147.22338007614425,147.82064819335938,3822000.0
2020-04-02,147.15904960759184,153.2144968784623,146.47908542551443,150.77944946289062,3369800.0
2020-04-03,150.00759871296498,152.3048054313871,148.17901711752762,148.97845458984375,2665700.0
2020-04-06,155.85170848357234,162.68819859289638,155.76901239863014,161.6498565673828,3604000.0
2020-04-07,166.81396925488394,170.40680419373717,164.14921487249825,165.34376525878906,3097600.0
2020-04-08,165.94099951138097,172.22615290847205,164.2502589521112,171.77590942382812,2495400.0
2020-04-09,168.44037433901485,174.63364837445138,168.38524362403174,174.10987854003906,3206800.0
2020-04-13,171.3256766407009,173.23695433955902,168.85387993390341,171.0132598876953,2087700.0
2020-04-14,173.43914064739258,175.42393099945335,172.50187619985724,174.4407196044922,2372800.0
2020-04-15,167.37444894566298,168.56899905110686,164.77402369763487,166.45556640625,2025500.0
2020-04-16,167.0436804184075,168.7987497462841,164.3697424085171,168.27499389648438,1806700.0
2020-04-17,172.58454491320344,173.5769258301368,170.88460641351668,173.2553253173828,2634400.0
2020-04-20,169.8738116564078,174.22013619065638,169.45113353736548,169.99327087402344,1598100.0
2020-04-21,166.93344317923516,167.8523260154864,162.27471449038194,164.36976623535156,2010000.0
2020-04-22,166.2075134172406,168.05446266505797,165.41727370513726,166.86911010742188,1376400.0
2020-04-23,166.06965971754994,170.19544792098577,165.7204938400002,166.5934295654297,1249900.0
2020-04-24,167.2734049095979,167.93500159256843,164.34218079767635,166.74964904785156,1187700.0
2020-04-27,167.8247111610548,170.56297727968558,167.1814961695691,169.6073455810547,1542000.0
2020-04-28,172.71322031943214,172.85104713346027,170.43438083988076,171.7208251953125,1896700.0
2020-04-29,172.75913986911232,174.77149532436897,172.44672310080858,173.3839874267578,1282300.0
2020-04-30,170.3424623285123,171.08675499749873,168.28416023937294,169.06521606445312,2104400.0
2020-05-01,169.30410521752765,170.0851609721282,165.19669920942778,165.70208740234375,1169200.0
2020-05-04,164.9210549969592,168.35768117430428,164.12163157382423,167.84310913085938,1828000.0
2020-05-05,168.1555639502232,170.0392766238189,167.1080380471126,167.24586486816406,1171900.0
2020-05-06,167.6133761773905,168.1371319614097,164.29620947515028,164.4340362548828,1336100.0
2020-05-07,163.588696346286,170.8202991677205,163.05574266392193,169.8003387451172,2295100.0
2020-05-08,169.9106042597302,173.12669372558594,169.7635796619564,173.12669372558594,1841400.0
2020-05-11,169.5982029388864,172.18026133022084,169.48792747000218,171.7024383544922,1894700.0
2020-05-12,170.03005399082693,171.3624451645968,168.14635561336306,168.2382354736328,1741100.0
2020-05-13,167.8155512785028,167.87986577629158,163.2946500961337,164.27784729003906,1857300.0
2020-05-14,159.70180910432936,164.81079445031148,158.74616328619598,164.709716796875,2442300.0
2020-05-15,163.57030877338474,167.87987099551768,163.48761269321224,167.77879333496094,2829400.0
2020-05-18,172.66724963420555,177.96919266009033,172.4558965203695,176.6551971435547,2105200.0
2020-05-19,175.9200849925791,176.6551939353993,174.45906490713492,174.8174285888672,1774400.0
2020-05-20,177.16055928325187,181.332279910754,177.031916286484,180.091796875,2300400.0
2020-05-21,179.53128687029502,179.93559745765074,176.89408427405587,177.95999145507812,1891600.0
2020-05-22,176.81138629731976,177.07787010021787,174.9093066268287,175.38711547851562,1676000.0
2020-05-26,178.2632430476846,179.18212574380667,176.7103290478723,177.3443603515625,2214300.0
2020-05-27,178.9064599679193,178.95240690740468,175.97522189382357,177.4638214111328,1603400.0
2020-05-28,181.83770121403398,185.5499812399894,180.7717938919439,183.81329345703125,1740200.0
2020-05-29,185.19163350884384,186.64347001667068,182.8392957821002,185.92674255371094,2354700.0
2020-06-01,186.06452895432213,189.2162893090205,185.84399209906718,188.5730743408203,1658300.0
2020-06-02,189.28676701910342,191.16089230941986,188.74207355952512,190.4223175048828,1675100.0
2020-06-03,194.79836759841396,197.24488174619083,192.87807868234208,196.54324340820312,2155300.0
2020-06-04,196.93098239236716,197.79880671544655,194.4844683642326,196.2385711669922,1951500.0
2020-06-05,203.13493726828807,207.09553637517277,202.61793926998584,204.28895568847656,3525600.0
2020-06-08,203.60579976016496,204.94447258170422,198.31578253769106,199.81138610839844,2970400.0
2020-06-09,198.7958918880009,200.93774340845013,197.30028806393105,197.7803497314453,2499400.0
2020-06-10,199.903701064606,199.94986462239135,195.70307087465835,196.97711181640625,1750200.0
2020-06-11,193.2934833519479,193.78278608209908,183.43355578534704,183.82130432128906,2925000.0
2020-06-12,188.8805657883829,189.1483060446457,183.08277633720698,186.43405151367188,1711900.0
2020-06-15,183.1011976269222,188.80665847406658,182.1133510039946,187.63418579101562,2142100.0
2020-06-16,192.13951365489362,193.579726893618,188.91750211335213,192.2872314453125,1878100.0
2020-06-17,193.9489942139591,194.13363438255845,190.9577727689392,191.5486297607422,1577400.0
2020-06-18,192.9241779997609,194.0597281423293,191.10544390423263,192.17637634277344,1563800.0
2020-06-19,195.46305655623613,195.49075187581158,189.50832336611307,192.07485961914062,4635000.0
2020-06-22,192.77649473812042,194.5213702788204,191.77942098812886,193.84742736816406,1510800.0
2020-06-23,198.34348276496465,198.67584068747337,195.94313251319386,196.06314086914062,2044300.0
2020-06-24,192.94268830123153,194.02284805093407,189.07441559064927,190.2469024658203,2068500.0
2020-06-25,189.90530002400868,193.31196522148508,188.35430577089426,193.08116149902344,1163300.0
2020-06-26,192.8226526179551,193.05345632863987,188.8805212950602,190.93930053710938,2794600.0
2020-06-29,193.80123586609756,195.93385965424582,192.22254655490627,195.0568084716797,1406100.0
2020-06-30,193.54280826656992,197.17105084614036,193.3673951479173,195.82315063476562,1697400.0
2020-07-01,195.30610146975667,199.0912738469432,194.5490585420351,198.2788543701172,2126100.0
2020-07-02,201.74090819904714,204.98138717460054,201.74090819904714,204.2705078125,2837900.0
2020-07-06,207.7233536299346,208.26804704298357,204.60288274307518,207.4002227783203,2860700.0
2020-07-07,205.63685005694154,208.53574368962504,205.30449219707992,207.28939819335938,2171600.0
2020-07-08,208.93278322651233,210.0221842457285,201.8517259066072,204.51058959960938,3063600.0
2020-07-09,208.3326960343864,208.95124838132105,203.3565678493025,204.90756225585938,2312400.0
2020-07-10,206.9940179295452,209.1912598016974,205.97847590958395,208.60040283203125,1448300.0
2020-07-13,210.41916606702387,213.16111580859572,208.44348648396252,208.4804229736328,1498000.0
2020-07-14,208.39728193054262,215.93071840736528,208.17571938466816,215.2290802001953,2554800.0
2020-07-15,222.24551790514823,222.66096179079935,217.50943506929954,219.38356018066406,2616100.0
2020-07-16,226.34460259566012,226.66773345587129,219.23585045529146,220.54681396484375,3216400.0
2020-07-17,222.79024032696188,224.9597870250083,222.47633653515382,223.97195434570312,1900900.0
2020-07-20,223.93499668825362,225.1536470788894,221.42385111404136,221.86700439453125,1966500.0
2020-07-21,224.98743704793455,227.1016067639451,224.35041660151336,225.264404296875,1686900.0
2020-07-22,225.772222771626,227.43401252799356,223.75037974197397,226.50155639648438,1390500.0
2020-07-23,226.68617516711424,229.18809368727918,225.81836501414543,227.09239196777344,1068900.0
2020-07-24,224.33201243762701,226.05841993753964,223.90732734966545,225.32908630371094,1304400.0
2020-07-27,227.1570443257727,229.76974435993478,226.4184695383923,227.90484619140625,1469200.0
2020-07-28,228.13563878316504,228.5787779990804,224.87669125198627,224.9874725341797,1677400.0
2020-07-29,225.91993713378906,226.76005203399822,224.93209037318297,225.91993713378906,1967900.0
2020-07-30,222.26397559602555,224.32274077137333,218.84808346140676,223.43646240234375,1855500.0
2020-07-31,227.88631152784689,228.12635636388876,222.91018489412687,226.28915405273438,3184700.0
2020-08-03,228.58804448290647,229.05887907152078,225.3475507484084,225.5506591796875,2577700.0
2020-08-04,223.83348232056744,226.64929099351642,223.44573369649402,225.12599182128906,2435500.0
2020-08-05,228.4956940493305,232.05930422506026,227.81250993312509,229.20657348632812,2166600.0
2020-08-06,228.4680014294747,228.95730421877735,225.8829967902214,227.72019958496094,1938800.0
2020-08-07,225.98452843630307,226.80618908415545,224.9782276370388,226.4738311767578,1750100.0
2020-08-10,224.23964648154268,225.2551884157504,223.14101859466524,224.65509033203125,1159100.0
2020-08-11,228.56953643855445,229.1788616262933,225.71680590569645,226.04916381835938,1506500.0
2020-08-12,228.87420931570702,231.72693997673778,228.36643830311058,229.53892517089844,1323300.0
2020-08-13,228.2279410886665,230.72984535371612,228.2279410886665,230.10206604003906,1147700.0
2020-08-14,228.85573789129086,230.38827798540387,228.3941304475562,229.4188995361328,979300.0
2020-08-17,230.47135949628426,231.3391837276991,228.4864531613902,229.35426330566406,973500.0
2020-08-18,230.5637200586072,231.03455463904757,227.1201179526129,227.92332458496094,1013400.0
2020-08-19,229.20658657005583,230.17596511454335,227.66481924700005,228.25567626953125,1626100.0
2020-08-20,225.5690845738412,226.8338844025102,225.07054066917448,226.4738311767578,1905400.0
2020-08-21,221.97775707337422,226.122982291257,221.79311694052802,225.54136657714844,1781100.0
2020-08-24,231.52383167284694,231.61615879777443,229.53892527117904,229.79742431640625,1363000.0
2020-08-25,231.20992137467303,232.07774555791383,230.12052056364516,230.8775634765625,1064400.0
2020-08-26,230.536011011426,234.7274006796943,229.9174445991838,233.4626007080078,844900.0
2020-08-27,234.27506931621474,234.5058731016691,230.93303501072214,231.66236877441406,1084000.0
2020-08-28,232.19778997921378,234.57045919295257,231.49615167959203,234.09962463378906,959900.0
2020-08-31,232.33624569614858,233.81338096040412,230.03743571591323,230.5636749267578,2297600.0
2020-09-01,230.77602192474689,237.31237080040856,229.46505850125877,237.21083068847656,2285800.0
2020-09-02,238.5665559316905,241.3929429597432,236.91705245782333,241.1520233154297,2912700.0
2020-09-03,240.12340348872237,240.1419553491368,229.22555708859016,232.08901977539062,3305100.0
2020-09-04,232.6913975736529,233.48834993953378,225.63930026375058,229.5406494140625,2924700.0
2020-09-08,225.77829472538969,227.91894203660976,224.15659050293345,225.23155212402344,1849300.0
2020-09-09,227.8262809299633,234.98957616888316,227.8262809299633,232.7377166748047,1854800.0
2020-09-10,234.74861683797602,235.94403816631342,228.89194174374478,229.16067504882812,1095400.0
2020-09-11,231.5793038540013,232.99713522999488,230.47655711500047,231.8295135498047,1382400.0
2020-09-14,233.30300442739042,235.04518268076026,232.20951919356148,232.8303985595703,1524900.0
2020-09-15,233.6180830948525,235.62899463898069,232.329987160498,232.3485107421875,1401100.0
2020-09-16,231.95001664335143,233.42344721682346,230.22637634264208,230.5970458984375,1635000.0
2020-09-17,228.845607642065,232.16315250747,227.87258237632307,232.03341674804688,1506400.0
2020-09-18,231.04185885327834,232.2372801511319,227.27023190754701,228.05792236328125,2460200.0
2020-09-21,221.7471948535192,222.97042996382154,217.6512350444129,220.9595184326172,2180300.0
2020-09-22,220.40348480032466,221.1818993771042,218.8559174369162,220.764892578125,2209100.0
2020-09-23,220.6722598256296,220.8946559381299,215.79787097128693,216.05734252929688,1753500.0
2020-09-24,216.2982630197491,218.21649994701147,214.7136202188475,217.308349609375,1391200.0
2020-09-25,212.33203926256726,216.53919682438885,211.72042175063066,215.6866455078125,2227300.0
2020-09-28,220.46835425488715,221.38576636174017,219.06904626946522,219.67140197753906,1182300.0
2020-09-29,220.32937501920813,221.74720679331233,218.94861869051832,219.0968780517578,1178100.0
2020-09-30,218.73545234040805,222.42368114983253,218.62425429353794,220.6722412109375,2121000.0
2020-10-01,219.33781046422794,220.8946396978286,215.07503951294123,215.64031982421875,2480100.0
2020-10-02,212.46179352768232,217.7531748813981,212.34131954480196,215.13064575195312,2458600.0
2020-10-05,217.24350021396597,219.30074907602528,217.06744133994368,217.85511779785156,2728300.0
2020-10-06,218.81885482953655,220.37568397379928,214.78775613648745,215.06576538085938,1988400.0
2020-10-07,217.4381202565465,222.414431401728,217.17864868987925,221.43214416503906,1791300.0
2020-10-08,221.35795437738096,222.75726228394595,219.7084508958487,220.320068359375,1537800.0
2020-10-09,221.62673274212096,223.6376442527229,221.31166217698816,222.34954833984375,1849800.0
2020-10-12,224.01758092315904,225.0276675339011,222.34953955579633,222.6460723876953,1453300.0
2020-10-13,221.3394443824588,221.56184046274507,217.65121579615445,218.67984008789062,1668300.0
2020-10-14,219.15245853688205,219.26365657626314,216.9376746983395,217.64195251464844,1077000.0
2020-10-15,212.28575728531507,213.79626373791152,211.28493222532552,212.76763916015625,2389200.0
2020-10-16,214.15762369546846,217.243482598193,213.65720420736204,215.99246215820312,1836100.0
2020-10-19,216.76157305753685,217.23417880257438,212.61000102766204,213.0177459716797,1130000.0
2020-10-20,214.52830461472377,216.97476074105285,214.04642282222503,216.1407470703125,1415100.0
2020-10-21,215.43646044769164,218.33699892639757,213.80549436919736,213.9815673828125,1360300.0
2020-10-22,212.83246025844804,216.91915828883282,211.7111755441662,216.10366821289062,1466600.0
2020-10-23,219.0690815828303,219.56022519035267,216.62262533663105,217.09524536132812,1323700.0
2020-10-26,214.19469675936463,214.5190432653974,209.69099181978936,211.275634765625,1252300.0
2020-10-27,209.82995066922498,211.79453878475067,208.67159070446496,208.94033813476562,1566400.0
2020-10-28,201.88830083037453,204.33475722198452,200.2943959240077,201.00794982910156,2297200.0
2020-10-29,199.87734898009566,205.34480285222588,198.44097966585,203.7230987548828,2239900.0
2020-10-30,203.06519284077,204.70542079850466,201.3508139889651,204.1864776611328,2480600.0
2020-11-02,208.6160253155739,213.3328785988939,207.62447637878154,211.82237243652344,2182600.0
2020-11-03,215.58472605964877,218.11458069603813,214.8526486583991,216.9284210205078,1595900.0
2020-11-04,216.48360657768143,221.01511079953815,215.0750367131375,218.04043579101562,2347200.0
2020-11-05,231.48672144357394,234.7857292623018,230.15228813709072,231.44964599609375,2917800.0
2020-11-06,234.94322771184946,235.0637016870529,231.23647539310122,231.96856689453125,1725000.0
2020-11-09,248.95475385144672,250.00191593535848,238.33491608239032,238.7611846923828,3184300.0
2020-11-10,243.26487493376376,245.099699066877,240.67013157622256,242.82933044433594,1935000.0
2020-11-11,243.34831764440253,243.57998968551863,238.05693614378887,240.58677673339844,1841200.0
2020-11-12,238.21444638245478,240.68871611155367,235.52705648467008,236.37034606933594,1669700.0
2020-11-13,238.70559059625816,239.66007823328184,237.0560868658597,238.21444702148438,1196700.0
2020-11-16,239.43764720267092,240.08631182702382,234.27598831495064,236.73171997070312,1720900.0
2020-11-17,235.18416581171536,236.00891765207425,232.60797403440841,233.65513610839844,1947400.0
2020-11-18,234.5354809674495,235.7401782901999,231.85735300247882,231.9500274658203,1180100.0
2020-11-19,231.6719983291123,234.7207956054633,230.5692373546439,234.51693725585938,1205300.0
2020-11-20,234.82273835925787,235.86990034557488,232.96936232125222,233.5902557373047,1345600.0
2020-11-23,235.3324393008028,236.50007535219368,232.69138670960646,233.65513610839844,1231300.0
2020-11-24,234.8783770338186,238.87238642704577,234.15554729154667,237.38043212890625,1982100.0
2020-11-25,237.1394700617266,237.25066810462826,234.48914163151437,234.76715087890625,1172000.0
2020-11-27,239.29867946366358,240.13269310185945,238.34419184700937,238.55731201171875,1082000.0
2020-11-30,242.17138196547117,242.3474549619753,236.5834681498992,237.62136840820312,3384300.0
2020-12-01,241.6709637263346,242.09723227425508,238.57582929873857,239.9195098876953,1802900.0
2020-12-02,238.61081834299958,239.05729951403768,233.2345650965474,233.46710205078125,2060200.0
2020-12-03,234.96463104130422,235.0762442330567,228.59311307742962,229.00238037109375,2463800.0
2020-12-04,227.70949077348072,233.1136474609375,227.67229110471524,233.1136474609375,3030900.0
2020-12-07,235.72735503023142,236.87144706686811,231.8114406590581,232.3323211669922,1771300.0
2020-12-08,230.67665920195753,232.59276143897605,229.35585100161396,231.83004760742188,1397500.0
2020-12-09,233.4485087497281,234.23914011745393,231.1045463331137,233.5973358154297,1450300.0
2020-12-10,233.33686811066414,234.7785999801498,231.97884613344402,233.4205780029297,1245900.0
2020-12-11,230.9835853779108,232.4997307056577,230.14644391282343,231.9788360595703,1328900.0
2020-12-14,233.41130159000386,233.94147847927437,230.27670790624728,230.3046112060547,1814300.0
2020-12-15,232.12770790066665,235.31812258139274,231.88587455586378,234.08102416992188,1365800.0
2020-12-16,234.21124323359555,234.49029044119874,232.06260386303285,232.65789794921875,1355000.0
2020-12-17,237.99690551518586,239.24330012145293,237.28070195075202,238.70382690429688,1538600.0
2020-12-18,239.16894629114947,240.65718868437637,235.80180106988317,239.67123413085938,3525700.0
2020-12-21,232.53695004918268,237.2155923487379,230.21158054869085,236.41566467285156,1716200.0
2020-12-22,235.32740528651465,236.89935741878347,234.11821024685176,235.75527954101562,1162300.0
2020-12-23,238.2852477806725,239.77348988281562,237.09465977612945,237.28070068359375,1036700.0
2020-12-24,237.00165746169804,239.02938700480902,236.97375416369948,238.69451904296875,276400.0
2020-12-28,243.7265852118163,245.02878623191754,241.5407325785107,241.8569793701172,1257000.0
2020-12-29,244.74977504290302,244.88929152426633,240.56411028686892,241.29893493652344,881100.0
2020-12-30,242.76859859176358,244.09870325803138,242.26631078456717,243.48480224609375,924900.0
2020-12-31,244.12661439859374,245.40091250341112,242.4058350746132,245.10328674316406,909300.0
2021-01-04,248.07972986090527,248.6192315202849,239.39215218237644,240.7315673828125,1741300.0
2021-01-05,239.56883733671597,244.85206941590718,239.56883733671597,244.50791931152344,1620000.0
2021-01-06,243.14062734844566,255.39996844432343,243.13134517290152,252.53512573242188,2586600.0
2021-01-07,250.26555215378008,254.63725794726588,250.20974555946808,251.80960083007812,1757800.0
2021-01-08,253.028123717917,253.35368114930245,249.2145117771022,251.51197814941406,1879300.0
2021-01-11,245.78224355936507,250.29346602929238,245.7357475240922,248.84243774414062,1913200.0
2021-01-12,246.4985385292432,248.8983079570131,245.2521435752688,247.99606323242188,1785200.0
2021-01-13,248.02388221459015,249.77256445832032,247.61461494963817,249.02845764160156,1518800.0
2021-01-14,248.51695970149962,248.6099801876086,245.131235416895,245.270751953125,1903400.0
2021-01-15,243.61501530400827,243.61501530400827,238.9549657119333,240.0618438720703,1955300.0
2021-01-19,244.69400562425403,245.19626503346515,240.23858940348052,240.9455108642578,1643100.0
2021-01-20,239.44790146286388,242.48950242925372,239.31769555319508,239.4199981689453,1773300.0
2021-01-21,239.16886959998303,239.73624604083145,235.32735526673804,235.5133819580078,1559800.0
2021-01-22,233.6438071083561,236.7784003702831,233.6438071083561,233.91354370117188,1582000.0
2021-01-25,231.1789618855083,235.83901213070186,228.81639237176273,235.4390411376953,1990700.0
2021-01-26,236.75982691694065,239.66189785305832,236.49009028598735,237.97833251953125,1544600.0
2021-01-27,233.0578402566214,233.2438669858256,223.97960245791714,225.9422149658203,2681600.0
2021-01-28,229.71859741974723,233.65311853898808,228.88147009835257,232.10906982421875,2110400.0
2021-01-29,230.2952808735252,231.90444671989889,227.04907426922287,228.2582550048828,1647300.0
2021-02-01,230.90918953179894,233.65312268160713,228.7605504015862,232.93690490722656,1629200.0
2021-02-02,233.23458467602612,235.92271152491395,232.7695107285166,234.6298065185547,1526000.0
2021-02-03,234.880950854671,235.78319544992738,232.36024380966052,232.65789794921875,2365700.0
2021-02-04,232.48116770118048,234.78793051225702,230.0348741897631,231.7742462158203,2712300.0
2021-02-05,237.234215217788,241.5407901708524,234.5925986940503,239.39215087890625,2806400.0
2021-02-08,241.01990457910978,241.81984648487838,237.7736976899399,239.36424255371094,1770400.0
2021-02-09,239.87585822027597,240.04327803152864,237.14120690010543,237.764404296875,1389500.0
2021-02-10,236.43425863434263,237.2899928604347,233.8019388010184,235.0669403076172,1585200.0
2021-02-11,236.397065516705,237.39233050825058,234.20191606833643,235.42971801757812,1204000.0
2021-02-12,234.42513376728948,235.98778935074895,233.37406227939493,235.02972412109375,1478200.0
2021-02-16,234.9088811644751,236.75986660829415,232.3974843931629,232.66722106933594,2248900.0
2021-02-17,231.50446098151767,232.80666208713794,229.96972295039893,231.86721801757812,1653200.0
2021-02-18,230.5278267844267,233.69033781248433,229.26282521178948,232.47183227539062,2168500.0
2021-02-19,232.09974845146917,234.36931105172494,231.74628779286064,233.35545349121094,1962400.0
2021-02-22,232.62993641672278,234.39721130094802,231.8114019307606,233.5321807861328,2034700.0
2021-02-23,233.93217163635282,241.09432104874745,232.7322872195681,240.5734405517578,3013500.0
2021-02-24,239.9781364404585,241.2338416687722,236.71332271694405,236.82493591308594,2155900.0
2021-02-25,235.28086666157844,236.29472428613232,229.6534700278713,229.74649047851562,2104700.0
2021-02-26,229.54188029877312,230.87199907568822,227.12349026416172,227.20721435546875,2599300.0
2021-03-01,230.14645496861533,234.88091788500063,229.9883315515194,233.92286682128906,1517300.0
2021-03-02,235.4762285616618,239.03868226853817,235.32740150223478,236.266845703125,1671200.0
2021-03-03,233.05784232765868,233.66244694410716,230.17439251704587,230.2581024169922,1782800.0
2021-03-04,231.20155861362753,233.22865743725936,226.5027967647464,229.25852966308594,2369400.0
2021-03-05,230.061925330484,231.9395573283661,225.95168059975083,231.33236694335938,2136300.0
2021-03-08,232.12637927239814,239.79573856316645,231.50050199106542,236.97459411621094,2450500.0
2021-03-09,244.00870909060617,247.4557163327605,241.02877569147626,245.06430053710938,2812100.0
2021-03-10,246.72709562792144,249.42679627048264,246.5122598935778,248.1470184326172,2192800.0
2021-03-11,251.1362597582098,252.2198744917922,249.64161776334012,249.7630615234375,1567200.0
2021-03-12,248.84767194842186,250.87475692033004,247.9321967465699,250.81871032714844,1139100.0
2021-03-15,247.64259576134134,251.29511720241226,247.25959172958446,251.2857666015625,1680400.0
2021-03-16,250.44501082203325,253.8266210259125,250.44501082203325,252.95787048339844,1599500.0
2021-03-17,251.93033967282662,253.88270528724772,250.734631547461,251.79954528808594,1670400.0
2021-03-18,249.94060237296029,252.6776487962499,248.99710389962215,250.25820922851562,1941900.0
2021-03-19,250.35161666510177,253.051317558468,246.7271185491294,251.39785766601562,3845200.0
2021-03-22,250.83736950334418,253.76125682443794,250.00599274400312,252.5561981201172,1347400.0
2021-03-23,252.39738095879514,254.52723667249268,249.38942408605394,250.239501953125,1539600.0
2021-03-24,249.2305851823049,253.31283441786132,249.11849202396914,252.0050048828125,1482100.0
2021-03-25,252.13579533634916,256.09657224516206,251.01480675449605,255.37728881835938,1847900.0
2021-03-26,256.89066106780075,263.3176028950567,256.3581899465933,262.86920166015625,2235600.0
2021-03-29,261.68274910046694,264.59728479894454,259.4781461311571,262.4954528808594,2449600.0
2021-03-30,261.8042343371402,262.3180041509405,260.34696625691356,260.8700866699219,1364100.0
2021-03-31,259.74909557823355,264.59732420529457,259.74909557823355,261.692138671875,2218400.0
2021-04-01,260.7486542203577,262.89718254496984,258.9177326954232,262.3460388183594,1594900.0
2021-04-05,263.95282783343646,268.0817740869496,263.95282783343646,266.6058044433594,1400000.0
2021-04-06,265.7650576558941,266.4376452338642,263.775318216569,265.4007263183594,1615800.0
2021-04-07,264.8215713896867,265.69035057758913,261.98178238152553,262.822509765625,3015900.0
2021-04-08,264.42922012429415,265.4287650953245,263.35495587401357,263.61651611328125,2003800.0
2021-04-09,265.1018485812314,266.4470238787538,263.17750612937385,266.0453186035156,1599000.0
2021-04-12,264.38251979337315,267.51192085814336,264.38251979337315,266.6338195800781,1479900.0
2021-04-13,266.6618057184661,268.8383859158014,266.3909233997355,267.4371643066406,1543600.0
2021-04-14,266.08267604072273,267.65203762142716,265.41008843357355,266.2788391113281,1325400.0
2021-04-15,268.10043671176567,269.7818914621865,267.73610536134726,269.0065612792969,1449100.0
2021-04-16,269.8192983773391,271.5007818414573,269.5203641826603,270.86553955078125,1304400.0
2021-04-19,270.89352320366464,271.0243175851697,268.12845357739656,269.4549560546875,1675600.0
2021-04-20,268.2405159179688,268.8944307344554,266.87666820955775,267.01678466796875,1603200.0
2021-04-21,268.7450121826202,273.2289107086405,268.55817119906453,272.7431640625,1176400.0
2021-04-22,271.538101656063,272.5936933323819,269.1934098390003,269.6885070800781,930300.0
2021-04-23,269.3802141187329,273.16353006058927,268.8944674938616,272.39752197265625,1290600.0
2021-04-26,272.7991263701867,272.81779905960036,269.7537960283101,270.45440673828125,906300.0
2021-04-27,269.55769134710044,271.6968978267128,268.6982913213219,271.0990295410156,1199800.0
2021-04-28,269.4362006004588,271.42593966178634,268.053680319667,268.2311706542969,1366300.0
2021-04-29,269.37090165685953,270.286376953125,267.10092887510643,270.286376953125,1290400.0
2021-04-30,269.3428034013706,269.62306482611905,266.60575738467884,267.01678466796875,1932700.0
2021-05-03,268.41805112633637,270.51053327610964,268.20318684891345,269.6885070800781,974900.0
2021-05-04,265.5595079688026,267.04479939618244,263.38295636347794,264.3638000488281,2301700.0
2021-05-05,268.65156589176513,273.4904447170964,267.8575345498031,272.4068298339844,1763500.0
2021-05-06,275.55490437746005,276.9747986473011,272.3881299266595,276.8813781738281,2532800.0
2021-05-07,278.8431048014882,281.0944043114565,277.3764859845829,279.2447814941406,1883600.0
2021-05-10,282.20599210843244,283.85942307676265,281.1877746582031,281.1877746582031,1695700.0
2021-05-11,278.35728128749184,281.12234989508903,276.7878918272542,278.9457702636719,1634800.0
2021-05-12,275.51756250634276,278.1611883145144,273.97622429264953,274.62078857421875,1776000.0
2021-05-13,275.18127387352035,279.11405703014816,274.4806629535232,278.3293762207031,1569300.0
2021-05-14,279.8426382257092,281.9631432789464,279.29149449402007,281.3372802734375,1210600.0
2021-05-17,282.2901376379785,283.2429581705323,279.310203752096,281.06640625,1143000.0
2021-05-18,281.4680027463692,281.9350765325479,278.1984862431184,278.3759765625,1305900.0
2021-05-19,275.27467148714345,276.96547675291737,272.34146216998374,276.5731506347656,1882400.0
2021-05-20,277.9183304643486,281.010357505893,277.9183304643486,278.49749755859375,1272900.0
2021-05-21,280.0014452341777,282.140651623273,278.6936440494638,278.90850830078125,1923500.0
2021-05-24,281.318601406487,283.112177707729,280.7581070306034,281.4306945800781,1058300.0
2021-05-25,282.4956326645409,282.7571929017847,280.44984675226925,281.4120178222656,1330300.0
2021-05-26,281.27191253770883,281.7296358440978,277.8716008104506,280.02947998046875,1411600.0
2021-05-27,280.9355570197342,281.8416813866189,280.0294326528494,280.9729309082031,1710900.0
2021-05-28,282.66375440552326,283.03740779092243,280.2443152382508,280.8048095703125,1430900.0
2021-06-01,285.0738725565967,285.5782918002221,281.4306736384129,282.3554992675781,1418200.0
2021-06-02,283.3960024161842,283.4522462334496,280.5930806255442,281.1180419921875,1562800.0
2021-06-03,278.9994540957708,280.021255010451,277.5276739950725,279.6556701660156,1608200.0
2021-06-04,281.1929923849766,282.8616255275638,279.8712056123507,281.0992431640625,1362200.0
2021-06-07,278.81205027503364,279.3463667127111,272.9249570858394,273.33740234375,3591400.0
2021-06-08,275.1184341479602,275.86837070479544,273.1310479166798,274.1997375488281,1721800.0
2021-06-09,274.02164595256096,276.06524756102925,272.015549757603,272.30615234375,1720800.0
2021-06-10,273.87169684668027,274.77162665757635,272.04371531230544,272.1655578613281,1311000.0
2021-06-11,273.33734086705823,274.3685253005549,271.8093455340719,272.9998779296875,1437700.0
2021-06-14,272.793685816549,273.30926381379317,269.9251359450767,272.7093200683594,1489400.0
2021-06-15,275.3247726952628,275.3435111032195,270.87195479963185,272.7093200683594,2011500.0
2021-06-16,276.2996639649537,276.52466788470184,271.2375191985615,271.4437561035156,2364000.0
2021-06-17,270.67507392405935,271.3500285206881,267.51592137048334,269.2689208984375,2397800.0
2021-06-18,266.34410809771146,267.6940171942419,264.3473663670829,264.37548828125,3882300.0
2021-06-21,268.73456266739913,270.57192765794787,267.52526324325765,270.2906799316406,2282800.0
2021-06-22,272.6062159923715,273.25304873815264,271.2469517619292,272.18438720703125,2406900.0
2021-06-23,271.6030843972244,272.1842895874154,266.4940516104826,266.94403076171875,2685000.0
2021-06-24,269.33455685312686,269.7376472007156,267.00035191058134,267.29095458984375,3124300.0
2021-06-25,267.3003062837073,268.9314344968153,265.29418107646745,267.27215576171875,23412000.0
2021-06-28,270.8906887279352,271.72499129618444,269.23143849113205,271.5656433105469,1969300.0
2021-06-29,273.50614333403576,274.76230325380203,271.58438372643144,272.2030944824219,1181800.0
2021-06-30,270.1688567018719,271.7437410920824,269.93449788398624,271.0125427246094,1546800.0
2021-07-01,271.5656318941952,272.6999205866444,270.881293832401,272.6436767578125,1434800.0
2021-07-02,272.51239408409504,274.05915627217115,271.42496593881305,273.5060729980469,1066400.0
2021-07-06,273.21551870997587,273.6467309204323,269.4845160661036,270.4500732421875,1288100.0
2021-07-07,272.1187670191995,274.45297218427237,271.2281918796182,274.2279968261719,1228600.0
2021-07-08,269.08140430519836,269.9438286573175,266.8971642970946,269.0345153808594,1587100.0
2021-07-09,272.69991194521356,275.437235497394,271.9312081645306,274.39666748046875,1405800.0
2021-07-12,274.05918841242834,276.22466145134024,273.47798316156917,274.2185363769531,1382800.0
2021-07-13,273.6748882137813,274.24671006589085,270.7594492940979,271.5937805175781,1343000.0
2021-07-14,272.6061570096643,273.8435783954453,271.3875026380108,272.8780212402344,1106200.0
2021-07-15,271.1249947022524,275.13721599215205,270.9093743191998,273.7779235839844,1220900.0
2021-07-16,274.4529332442987,274.8279302656077,271.05942190254797,271.921875,1306300.0
2021-07-19,267.3847027331072,267.5721726434493,265.05985270045767,266.8597412109375,1718100.0
2021-07-20,267.41281363782633,273.28113939933075,266.822224797642,272.2030944824219,1973600.0
2021-07-21,273.64678289713066,276.2809741965424,273.29055285238303,275.79351806640625,1370200.0
2021-07-22,278.09957349508346,278.4651584041478,276.1122151366139,276.7496643066406,914600.0
2021-07-23,278.6057941061805,280.31190468034737,277.6495917514183,280.11505126953125,1102700.0
2021-07-26,280.79003547635426,281.2587531951482,278.277715369601,279.7963562011719,1398400.0
2021-07-27,279.02759312553343,281.8211604363124,277.08709531510897,280.15252685546875,1551300.0
2021-07-28,279.4025374314989,280.0212480688418,278.0245066047466,278.2869873046875,1063500.0
2021-07-29,279.093253401836,281.77430476948484,278.7276398835622,280.71502685546875,1295000.0
2021-07-30,283.48047236156754,289.48005347765576,283.10550390586064,288.1582946777344,2516600.0
2021-08-02,289.41441221919456,290.78305975516474,281.34307936106296,281.43682861328125,1927600.0
2021-08-03,281.8774955022479,284.23982276986436,281.2775230232112,283.9679870605469,1133000.0
2021-08-04,285.4303010717226,288.467582189361,285.4303010717226,286.49896240234375,1476700.0
2021-08-05,288.1675156167794,289.65803384588514,285.37397760338763,285.75830078125,1586500.0
2021-08-06,285.88965133407856,287.68015623233606,284.9147105887526,286.73333740234375,858900.0
2021-08-09,286.95835025983035,287.023977606945,282.8617619436033,284.28668212890625,910300.0
2021-08-10,283.06793191360464,285.636523878117,282.12114179203047,282.8992004394531,1448400.0
2021-08-11,288.12070715670376,288.63628506036696,284.67095257390906,287.1363830566406,1803100.0
2021-08-12,288.73012861945926,289.3675778815976,285.71158522137995,287.4739685058594,784500.0
2021-08-13,288.8613314265657,290.06124748431597,288.08324409521856,290.04248046875,816500.0
2021-08-16,290.4830081245988,292.2078852653061,289.02999517157735,291.87042236328125,1262500.0
2021-08-17,292.0860594995694,292.7703975237593,288.5238170307731,292.0298156738281,1408500.0
2021-08-18,292.8735097724527,294.7014911975743,290.3236849537653,290.5205383300781,1278800.0
2021-08-19,288.9644280751899,292.4235665831445,288.4957104302991,291.7017517089844,1402500.0
2021-08-20,291.4204528032324,294.4671169602331,291.2798432560977,294.2140197753906,1165200.0
2021-08-23,293.3047624653049,294.6921484058114,293.2485186357306,293.25787353515625,988600.0
2021-08-24,294.1109586621469,294.64530367964113,292.38608104464083,292.9298095703125,689100.0
2021-08-25,291.1111685727635,293.94221290410854,290.5862070889149,293.2766418457031,801400.0
2021-08-26,293.9234228362534,294.2796527680222,291.7485664378495,291.8423156738281,880100.0
2021-08-27,293.68910677931405,295.2827295898068,292.7985318203222,294.86090087890625,1268900.0
2021-08-30,295.8358306559755,296.5014303422745,294.90777882826376,295.8077087402344,747500.0
2021-08-31,295.4139989654391,295.73272354340247,293.8578528907314,294.90777587890625,1492900.0
2021-09-01,293.876574012272,295.75144455466193,292.60167577540875,294.2421875,1050700.0
2021-09-02,295.7565158389371,296.92289381084964,295.1639259033636,296.8288269042969,893000.0
2021-09-03,295.74717368439053,297.4026309266907,294.7312968692668,294.8159484863281,1150800.0
2021-09-07,297.49672154405266,298.20218044761657,294.21399529846474,296.8947448730469,1382700.0
2021-09-08,295.39910189309256,297.0640030240844,291.91885572028946,293.085205078125,1521800.0
2021-09-09,294.3456558477084,296.7724504668971,293.6401969685574,294.12933349609375,1211200.0
2021-09-10,294.5525900717102,295.5308344165104,291.69312205893783,292.0035400390625,971100.0
2021-09-13,295.8789435144888,296.8289709328251,292.6996699845986,294.88189697265625,1354000.0
2021-09-14,296.87590390530755,297.02640524410657,292.5208664997699,293.4144592285156,1128600.0
2021-09-15,294.8629551710147,296.3396936695858,293.0569681433618,295.8505859375,1419000.0
2021-09-16,295.4367825575277,296.1798739817244,291.51444708469995,294.48675537109375,1232300.0
2021-09-17,290.9782599298061,292.7842184727818,287.8084028235384,290.9500427246094,6512400.0
2021-09-20,283.8766442816302,286.472742168114,281.7790982316397,284.2622985839844,1885200.0
2021-09-21,287.3663527952295,287.92131037554657,285.05242683705654,286.8489990234375,1216200.0
2021-09-22,287.89308229656194,290.9218536699194,287.53564519268804,287.8836669921875,1334000.0
2021-09-23,290.52673501927546,293.3297682561265,290.2257323820583,291.9376525878906,1066900.0
2021-09-24,289.91537239129786,292.6431408914016,289.52971810568545,291.834228515625,926200.0
2021-09-27,292.05053953562685,293.7436579462152,290.150514092444,290.8465576171875,1021600.0
2021-09-28,287.394553723063,287.51683785683537,280.51868337117793,282.1177062988281,2278000.0
2021-09-29,281.8730957624714,282.66320607575256,280.60326433908824,281.37457275390625,1197700.0
2021-09-30,281.5157458933567,282.6162457504566,275.8814610466921,275.95672607421875,2084800.0
2021-10-01,277.98838316933154,280.81021820146134,275.1853500368808,280.16119384765625,1597400.0
2021-10-04,278.87258068665,280.2740830020193,274.6586297322314,277.1512451171875,1495200.0
2021-10-05,277.3206200876764,281.86379206947623,276.77507776434214,280.1424560546875,1359900.0
2021-10-06,276.38933482127766,278.64679713032854,273.03134420752446,278.46807861328125,2050200.0
2021-10-07,279.85078511950576,284.42217294854254,279.78496411587014,281.3934020996094,1375800.0
2021-10-08,281.85430105072226,282.47510824132416,278.12948661230297,278.59979248046875,909400.0
2021-10-11,278.0071976412329,280.47159575457573,277.1982853405992,277.3299560546875,748800.0
2021-10-12,278.1577800057915,279.44641384470196,276.73744670922883,278.242431640625,1063900.0
2021-10-13,281.02658667875494,284.1870573605938,280.1800417710964,283.11474609375,1430000.0
2021-10-14,286.2751903839071,290.7807286807313,285.6073640822894,290.43267822265625,1126400.0
2021-10-15,290.1881571426556,291.15698615358593,288.3727545430802,289.9341735839844,1230500.0
2021-10-18,289.03121233402743,290.2069771636708,287.6108792341556,289.68023681640625,1010600.0
2021-10-19,289.7460782420309,292.5208659374422,288.73961668741947,292.2292785644531,984800.0
2021-10-20,292.67133290709825,293.47085861551864,291.787155587931,292.7371826171875,745300.0
2021-10-21,292.69019816590855,293.09465436687066,290.09410030820726,292.8218688964844,856900.0
2021-10-22,294.4490988389804,296.2832744572371,294.2703803169955,295.4931640625,1214800.0
2021-10-25,296.3585536519333,298.90760348011827,295.3144596732554,297.8729248046875,1225400.0
2021-10-26,298.96401143063775,300.1585779243919,297.87289844267457,297.9575500488281,1069800.0
2021-10-27,300.525439559036,302.33142666178753,297.9481726746134,300.02691650390625,1536000.0
2021-10-28,297.65660007246066,299.53782357437495,296.8758762442584,299.076904296875,1565000.0
2021-10-29,298.77599481629574,303.5542909118363,298.03290333525655,300.24334716796875,1890800.0
2021-11-01,302.3314917373635,305.05926052625534,301.4473142484872,303.7894287109375,1367700.0
2021-11-02,307.70233945348724,309.2167106568842,306.65824543989345,308.1162109375,2012300.0
2021-11-03,310.2983654613055,310.5523202520383,305.9809330825374,308.90625,1856300.0
2021-11-04,309.83751469607245,311.9350893000537,308.8404685053497,311.81280517578125,1628200.0
2021-11-05,311.794019644586,312.85688689978923,311.02271105498085,312.2737121582031,1693200.0
2021-11-08,315.41529254233444,317.8326713765107,315.16133773023716,317.4846496582031,1448700.0
2021-11-09,319.7892262875109,319.9585295308355,317.48471577876523,318.5099792480469,1813000.0
2021-11-10,317.6163520937863,318.5287465528583,315.5846274620839,316.6286926269531,1540100.0
2021-11-11,317.53172767445545,317.71986152178295,315.70696714031396,315.72576904296875,924900.0
2021-11-12,317.7198790959654,317.7198790959654,315.6317195779841,317.0050048828125,1044100.0
2021-11-15,316.73226318635693,316.73226318635693,312.998032703595,314.1737976074219,1274900.0
2021-11-16,314.1173360619127,315.4059696923914,313.1014591978246,313.1955261230469,1604300.0
2021-11-17,314.4841422873949,314.5687939038349,311.4083520693005,311.79400634765625,1304600.0
2021-11-18,311.77517216008584,312.0573729168387,309.62119185439735,311.3424987792969,1762900.0
2021-11-19,312.1138312353638,313.4494839886487,310.8439994956891,312.46185302734375,2067000.0
2021-11-22,313.0074014489098,314.51238618100126,310.1573486328125,310.1573486328125,955500.0
2021-11-23,309.44248776241324,311.7751867113597,309.0286162640141,310.6370544433594,986800.0
2021-11-24,305.99990282826997,308.8029082178489,305.54839873425175,307.8152770996094,1327400.0
2021-11-26,303.9869350889911,305.2003324300908,300.18688382903844,301.5319519042969,1319000.0
2021-11-29,302.4067382727016,303.4884362610977,299.69777129658723,301.6918640136719,1857200.0
2021-11-30,301.33434620804826,301.7294157467925,297.04515921260867,299.2462158203125,3243900.0
2021-12-01,302.5948803794151,306.4607817739629,299.3403423153871,299.38739013671875,2459500.0
2021-12-02,302.00156129436726,306.4277739811769,301.4353026067177,305.7765808105469,2183900.0
2021-12-03,306.890142461139,308.60778290517055,300.35937615029803,302.6621398925781,2566700.0
2021-12-06,306.8713194432488,308.0698776912334,305.26692473551776,306.7486267089844,1672900.0
2021-12-07,312.0619369978639,313.8173069403059,311.42960866738025,312.052490234375,1797500.0
2021-12-08,315.11976496638647,315.24245771530894,312.23187718834504,314.44970703125,1370100.0
2021-12-09,312.4299644335948,315.2140521632637,311.9109108980798,313.4397888183594,1086500.0
2021-12-10,314.2420450111037,316.00686192443357,314.07217605499005,315.214111328125,1116600.0
2021-12-13,314.91207796091766,316.6297185176013,312.77921181139544,315.3934020996094,1016800.0
2021-12-14,316.337167223818,317.1582292747894,314.2892066773601,315.68597412109375,1631400.0
2021-12-15,317.28086941869674,322.2072697091396,315.7991677464149,322.1600646972656,1445100.0
2021-12-16,321.7260352714278,324.0004880056086,319.5365170209575,320.8861083984375,1449500.0
2021-12-17,319.11181279326615,319.9234280907843,314.3835920635659,315.05364990234375,2791400.0
2021-12-20,311.77878780068266,312.07137825370074,308.61723260738654,311.7410583496094,1621800.0
2021-12-21,311.81656549757275,315.2235351419482,311.0426796856957,314.1665344238281,1051900.0
2021-12-22,313.4588051919614,316.6675664897533,312.79816515957003,316.4882507324219,923400.0
2021-12-23,316.4882329145772,321.4807047380861,316.3655401610876,320.0933837890625,1151900.0
2021-12-27,322.60365274602924,324.52892037636275,321.5089226515003,324.104248046875,1094400.0
2021-12-28,324.06645681886135,325.5481584424398,323.6040262845501,324.4533996582031,926400.0
2021-12-29,324.81210042563595,327.0110364252129,324.6044732187184,325.972900390625,802100.0
2021-12-30,325.84078757283044,326.746784105699,324.42515538973737,324.96307373046875,925300.0
2021-12-31,324.3874092975944,327.4546124759751,324.30247481955723,326.9449768066406,817800.0
2022-01-03,326.9356132858707,327.09603550406234,319.328921639765,319.59320068359375,1514700.0
2022-01-04,319.89507555125266,326.18993188587035,319.2438825234954,325.4160461425781,1919900.0
2022-01-05,328.1341526145023,332.371603017041,326.8412129737081,326.9261474609375,1654900.0
2022-01-06,325.2934251121115,326.0673110259453,318.70603448270793,318.99859619140625,1649400.0
2022-01-07,319.0079994431808,319.1684504378639,314.55347546316557,317.3658752441406,1441000.0
2022-01-10,314.6667321405803,316.6769056336504,312.052512961284,316.56365966796875,1415600.0
2022-01-11,315.39341426700145,317.54517402723883,312.38283419529034,317.5074157714844,1571700.0
2022-01-12,319.2817162551565,322.6886864030249,318.21526861552206,322.0941162109375,1274400.0
2022-01-13,319.25336881104727,320.82000521662695,314.07216423676357,314.65728759765625,1446200.0
2022-01-14,310.6368602499405,312.1374267982315,306.8807348979911,310.1461181640625,1850700.0
2022-01-18,304.67236795989027,305.58781132366664,300.54816384098746,303.0963134765625,2207400.0
2022-01-19,307.0600767611162,308.4379796354119,303.7569346506853,304.0683898925781,1442400.0
2022-01-20,305.60671594316716,309.1741082817557,303.1812589592261,303.5870666503906,1611700.0
2022-01-21,302.6621651567391,303.9078995597569,297.75462885017504,298.3397521972656,1921800.0
2022-01-24,296.1502565653176,298.9626563502111,287.0241634129036,298.3775329589844,2877700.0
2022-01-25,292.91322576105017,298.4341981019996,289.0721361165506,295.9521179199219,1941600.0
2022-01-26,299.26462690383715,299.8686149469136,288.5624518554965,291.55413818359375,2092900.0
2022-01-27,293.2528894271453,296.3955797034104,290.01578912562655,293.8380126953125,2151600.0
2022-01-28,290.0724578318329,297.25444674550346,288.2416000400292,297.22613525390625,1898400.0
2022-01-31,292.6206061877809,300.963395026907,292.1392820313144,300.7557678222656,2381400.0
2022-02-01,302.41680153135553,303.96454448366484,298.160458010559,303.3322448730469,1875800.0
2022-02-02,302.3129397206029,306.25785637735083,302.00151333246663,304.1627197265625,1730400.0
2022-02-03,301.1238414421929,301.54851380812005,293.488868807352,294.2627258300781,1556300.0
2022-02-04,284.4571651371259,287.2884298099735,280.7765268226469,281.2200927734375,3291600.0
2022-02-07,280.0214748427264,282.786698258036,278.8889863787651,279.79498291015625,2533400.0
2022-02-08,279.8420803232971,282.786618623056,278.3320961299057,281.9089050292969,1993000.0
2022-02-09,285.740582735201,287.81685446909887,284.77796336826975,287.04296875,1880800.0
2022-02-10,292.27144936886333,299.02873772597457,290.00644343043416,291.47869873046875,2497900.0
2022-02-11,289.71385884784837,291.7146144155011,277.00148054088123,278.1528625488281,2209700.0
2022-02-14,277.6715838322097,279.2099090160413,273.9909452703179,277.00152587890625,1774400.0
2022-02-15,283.66440489161715,285.59909083218844,282.10721513443633,284.9195861816406,1697600.0
2022-02-16,284.36274567723405,288.10000647889535,282.2864736756946,286.7409973144531,1805400.0
2022-02-17,284.9856221516331,285.62736846743496,281.2389146533677,282.15435791015625,2055900.0
2022-02-18,282.94712093792083,288.090596057541,281.83349719935654,285.8255615234375,2871400.0
2022-02-22,274.82140636057335,278.47373278959105,273.4435036304132,277.07696533203125,3590700.0
2022-02-23,279.2098725444764,280.40843081158744,274.3023359022534,274.71759033203125,3391600.0
2022-02-24,261.18407973106446,269.81942836845604,261.18407973106446,269.20599365234375,4444500.0
2022-02-25,271.4993668357014,280.9086030971286,271.42387912616874,280.7575988769531,2888900.0
2022-02-28,271.76364893741413,278.1434411838151,271.76364893741413,276.7466735839844,3233300.0
2022-03-01,275.57643769914563,276.6428853710227,264.77043230316826,266.6673889160156,3439200.0
2022-03-02,268.13954994877474,275.6046522242283,266.55404914720174,273.8775939941406,2964500.0
2022-03-03,274.2362235750389,275.4348104571741,269.6024134186872,271.2445373535156,3092200.0
2022-03-04,262.7034665783135,265.7046275233389,260.8254044984961,265.6007995605469,3849600.0
2022-03-07,265.04409859121006,265.40273002882094,254.69110712632073,255.74810791015625,3732000.0
2022-03-08,258.1169537489603,262.9112157567074,252.4638713640137,256.1728210449219,3117300.0
2022-03-09,268.3283892825147,279.6345540968326,266.08224810272304,276.3031005859375,4117600.0
2022-03-10,265.8232653517236,273.0624664176749,265.46319500267515,268.6090393066406,2525900.0
2022-03-11,273.22357418766325,274.3132410371193,265.6242734940599,266.03173828125,2007300.0
2022-03-14,273.51734634874026,277.28857211472325,269.6703299823551,270.39044189453125,2541100.0
2022-03-15,274.94810521286627,279.1267374078517,272.26654681411617,278.67193603515625,3413500.0
2022-03-16,287.1808932117123,292.13654615187323,282.9169560442723,288.5548400878906,3535700.0
2022-03-17,287.0008494453264,293.8231306725973,286.2901933435271,293.1408996582031,2265300.0
2022-03-18,288.7253361053992,296.1730266546143,288.7253361053992,295.3107604980469,3242700.0
2022-03-21,295.18756968153434,296.0687762390446,292.14596989969664,294.401123046875,1556300.0
2022-03-22,295.5382195725454,296.95953197406453,293.36834120955723,295.75616455078125,1721900.0
2022-03-23,291.59639442522064,294.42007833545614,290.8478575052281,291.1794738769531,1854000.0
2022-03-24,293.45361690407833,301.44138488495,293.45361690407833,301.3561096191406,2115900.0
2022-03-25,303.8197307062819,304.1039815992183,299.18623873471057,302.0193786621094,1813500.0
2022-03-28,302.61630371322735,305.771632887656,302.30362776276,305.71478271484375,1722500.0
2022-03-29,310.5377690998756,311.7411363285896,303.91443471636717,309.2206726074219,2514200.0
2022-03-30,307.5719398266757,309.41017242973214,305.5441873796609,308.5384216308594,1526700.0
2022-03-31,306.55808244485655,307.83726917852607,302.47418113156334,302.67315673828125,2311300.0
2022-04-01,304.05660645205086,305.9611452077044,303.5638663643486,305.8000793457031,1477700.0
2022-04-04,303.5638519724267,305.0894087549658,302.4362753251887,304.5777282714844,1301800.0
2022-04-05,303.99972007309907,307.9888905208584,303.84813888308537,304.8904113769531,1376900.0
2022-04-06,299.4420656649324,300.2948761802954,295.7561441281845,298.52294921875,2257600.0
2022-04-07,300.1622027431737,302.7395168444948,297.86913953231453,301.3655700683594,1471400.0
2022-04-08,300.8444543122618,304.59671090559783,300.49386855122725,301.1476745605469,1357200.0
2022-04-11,301.1760469100412,302.66369388329315,300.1432302295677,300.51275634765625,1235700.0
2022-04-12,298.39028132574595,300.94862588933984,296.47625800779764,297.52801513671875,1827900.0
2022-04-13,297.52800161052517,302.67314450729265,297.082655992849,302.5025939941406,1208900.0
2022-04-14,302.2278947855321,303.8766370191486,300.01065066102524,301.81097412109375,1785300.0
2022-04-18,301.7825324762357,303.1185696799136,299.1294274086547,300.88238525390625,915800.0
2022-04-19,298.5607919783869,302.41729210279425,298.0585962338899,301.46026611328125,1944600.0
2022-04-20,303.13742983113025,310.6703659257636,303.13742983113025,309.2490539550781,1957100.0
2022-04-21,313.81624329128095,314.8774850485485,306.6054380923431,307.35400390625,1475000.0
2022-04-22,305.73375444510594,305.73375444510594,292.81875872629587,293.4725646972656,2339100.0
2022-04-25,294.96963541145135,297.68910360388617,290.4403885354955,297.5185241699219,2293300.0
2022-04-26,295.29187719366814,297.101656197415,287.6072998046875,287.6072998046875,2500300.0
2022-04-27,288.40321783428504,293.7947315837093,287.55043621999556,290.93316650390625,2610900.0
2022-04-28,289.47390005912,299.91579596221743,287.1239869579682,298.65557861328125,3304900.0
2022-04-29,297.0826788005444,302.1709719169007,294.6569749272597,295.59503173828125,2534900.0
2022-05-02,298.05865294363525,299.09146971215864,290.80048155886993,296.85528564453125,2195400.0
2022-05-03,297.641721785163,300.0769103018812,295.55714790217803,297.5375061035156,1771900.0
2022-05-04,298.2955282042454,305.961135235459,295.7656086697391,305.33575439453125,1730100.0
2022-05-05,302.15213466215255,302.91015653761633,293.1978530602465,296.2110290527344,1769500.0
2022-05-06,289.4549648575776,293.5672911712046,287.85361753633384,292.4681396484375,2273000.0
2022-05-09,287.78724808318447,289.568630374219,284.09184275426486,284.5182189941406,2027000.0
2022-05-10,290.1372279656316,290.5636043040001,282.4526511229671,283.67498779296875,2524900.0
2022-05-11,282.44311494993804,290.6393708207042,281.79879376722675,284.6888122558594,1759200.0
2022-05-12,280.95549253423945,286.4701611673155,280.77545736594885,285.5321044921875,2455200.0
2022-05-13,287.3798786195847,294.8559662517329,286.71658798217135,292.5723876953125,1845400.0
2022-05-16,291.2268866026461,295.28236307704043,288.93382344305627,293.2072448730469,1598800.0
2022-05-17,300.29477088178425,302.17088395770793,298.40914422383247,302.0476989746094,1396600.0
2022-05-18,298.1154705024966,299.6978773630939,292.7050172076835,293.8041687011719,1737200.0
2022-05-19,292.28809532563884,297.62275800712905,291.7953842101496,294.401123046875,1957800.0
2022-05-20,298.95882304730367,300.13376523482503,291.2079117269212,298.6461181640625,2372000.0
2022-05-23,303.13749632901965,306.5581073421668,302.00991960492456,303.61126708984375,1981100.0
2022-05-24,304.16077609815295,304.7672164476325,299.1293337975262,303.6775207519531,1707700.0
2022-05-25,302.03832445503025,303.2511763648027,296.85527152225205,299.2809753417969,2260100.0
2022-05-26,300.89180611992236,304.8714921765418,300.5412203748563,303.5259704589844,2651600.0
2022-05-27,306.91816579855384,312.50865477530255,306.39700063193317,312.3381042480469,1879000.0
2022-05-31,307.42975858789276,310.65139293361597,305.9610523555312,307.6476745605469,2510400.0
2022-06-01,306.5581566026335,308.07422906422096,301.12873240113964,302.8437805175781,1853800.0
2022-06-02,307.6939703501277,317.07104261411365,307.1138312644035,316.86181640625,2282400.0
2022-06-03,314.1133373956425,317.22317158910363,313.6663555064068,315.64447021484375,1332800.0
2022-06-06,319.90502182759656,321.4361544500993,317.03291468674297,319.07763671875,1728400.0
2022-06-07,315.30211224683393,319.66730348542336,314.9787679724473,319.3154296875,1726100.0
2022-06-08,314.72200464343865,317.403896215161,311.2602963429259,312.5061340332031,1917000.0
2022-06-09,308.3691667893984,310.6040763471196,302.9863738416432,303.08148193359375,1666100.0
2022-06-10,297.1471372056483,297.9459930139881,292.78191625345374,295.6635437011719,2007900.0
2022-06-13,287.8080941356358,289.5865024958019,285.0691432614667,286.5717468261719,2039600.0
2022-06-14,284.60312526197754,285.4114715169404,278.8589387606134,281.1413879394531,2420300.0
2022-06-15,284.92641846971827,288.0077228574037,279.6577443681202,285.29730224609375,1979500.0
2022-06-16,275.6444830983954,277.32778323960383,273.7329177179483,275.5303649902344,2986900.0
2022-06-17,271.07954488241825,278.1836863028328,269.7766483004467,276.44329833984375,5565600.0
2022-06-21,279.02057839996866,285.8869347891959,278.49749847400983,284.1465759277344,3779400.0
2022-06-22,279.21079962353883,286.16277444911185,278.9730439071433,283.78521728515625,2768900.0
2022-06-23,282.41575187831296,285.1071629345313,278.64970932578694,282.2921142578125,2812400.0
2022-06-24,282.9389002069496,289.7006607186158,282.89133163677786,288.3787536621094,23958800.0
2022-06-27,284.94545326832423,286.06765323272344,281.01772437001387,281.7500305175781,2714300.0
2022-06-28,281.74054199490314,284.35585504295705,277.87939123488223,279.0301208496094,2535500.0
2022-06-29,276.87128800410386,278.0220175305101,274.50325038604194,277.1375732421875,1951200.0
2022-06-30,270.2046098884239,275.4067060848555,268.66395750146233,273.4476013183594,2926900.0
2022-07-01,269.6340146325289,272.11619960826636,267.1708686903381,271.4599914550781,3307600.0
2022-07-05,258.84940959994145,260.07623728462613,253.76143120874238,257.3753356933594,4332700.0
2022-07-06,256.4052998735602,261.98782932322047,256.34824081477626,260.8561096191406,3484100.0
2022-07-07,261.36008922969194,262.729564364495,260.19032075369824,260.46612548828125,2338000.0
2022-07-08,261.3030302867893,262.8436825583189,258.6496685842038,260.2759094238281,1711900.0
2022-07-11,257.670118955066,264.5460242259995,257.4894223017931,263.2145690917969,2251700.0
2022-07-12,261.4932585830836,264.0515126049772,259.73386034537333,260.142822265625,2146600.0
2022-07-13,256.9093444315922,262.35868716501943,256.110459642072,261.2745361328125,2423300.0
2022-07-14,254.7029818682788,255.93930013504917,252.1352082090873,255.83470153808594,2473800.0
2022-07-15,261.778606913336,263.41436767578125,259.8765608650471,263.41436767578125,2370100.0
2022-07-18,266.0581711453493,266.8475073684828,262.7390815467256,263.5569763183594,2244100.0
2022-07-19,267.0663153520628,272.392050545454,266.57176476271786,271.7548522949219,2097500.0
2022-07-20,270.47091318900283,271.80233947510527,268.12188541094775,269.27264404296875,1997000.0
2022-07-21,268.66394424096205,273.1717830800092,268.2740214055088,272.9720764160156,1544800.0
2022-07-22,273.11474667672513,274.56032004467806,270.6135518315159,271.5550842285156,1203700.0
2022-07-25,272.86748311610353,274.14185022537845,270.63257366132865,273.98016357421875,1460700.0
2022-07-26,270.5944888339345,273.56167502703113,270.4233117126966,272.5821228027344,1448500.0
2022-07-27,272.1731824456177,276.4908335286764,271.14606170089985,276.22454833984375,3179200.0
2022-07-28,272.4110160916922,282.75815043029,272.4110160916922,282.3872375488281,1941300.0
2022-07-29,284.4794921888569,288.3025938989718,284.1180988337031,287.20892333984375,1711400.0
2022-08-01,285.7157673563706,287.4846848223443,283.870780837938,285.3734130859375,1247900.0
2022-08-02,283.81381787300086,285.89656079194725,281.3316615033349,283.0625305175781,1428100.0
2022-08-03,285.1927144675272,286.571680077805,281.3030347997511,285.3638916015625,1297100.0
2022-08-04,286.65734755269216,289.22509207880347,286.65734755269216,287.4371643066406,1451100.0
2022-08-05,285.41141103989503,287.27543644454687,284.73619304345704,287.1803283691406,1113100.0
2022-08-08,290.6896409514151,290.8798281031768,285.96305633757936,286.2388610839844,1081700.0
2022-08-09,285.9249917315397,287.9126258501556,285.0880870451937,285.94403076171875,884200.0
2022-08-10,292.9340741836832,296.0344182411617,291.4219511987858,294.2464904785156,1246500.0
2022-08-11,294.09434720651365,294.86467352508896,290.64212902619977,290.889404296875,1165400.0
2022-08-12,290.9940227728271,296.3102377647955,290.6040998670654,296.29119873046875,1149000.0
2022-08-15,294.6649038272277,297.1280494212043,293.10524151148564,296.9188232421875,1263500.0
2022-08-16,294.1418957552033,298.1266842297238,294.1038467108611,296.9949645996094,938400.0
2022-08-17,293.35253538549114,294.96928603365916,291.96404998429546,294.3035583496094,912200.0
2022-08-18,294.37009123206315,295.8632040194761,293.02914557804064,294.978759765625,1113600.0
2022-08-19,293.3904961480035,293.4190256674257,288.37861708344684,288.8731384277344,1154000.0
2022-08-22,281.8926384561464,282.9577792231291,280.0286421139268,281.3030090332031,1966500.0
2022-08-23,279.0776530322814,282.0163100095674,277.89836502147614,279.7718811035156,1461600.0
2022-08-24,279.80040727410784,280.52319388275583,277.6986550319595,278.7733154296875,1439300.0
2022-08-25,279.94306928527806,282.96734397425854,278.57362309659305,282.5679016113281,1332400.0
2022-08-26,282.4252515639085,282.66300727189497,272.0210594605866,272.23028564453125,1782500.0
2022-08-29,272.32542927298346,274.6839476293505,271.7167606501033,273.4286193847656,1456100.0
2022-08-30,275.32111531270573,275.82515626272436,268.80660297999844,270.7086486816406,1674300.0
2022-08-31,270.97494146015754,271.75478718503325,268.4832661653295,269.0063171386719,2947800.0
2022-09-01,265.32012559814916,267.0104463951819,260.99409923968807,266.5711669921875,3096300.0
2022-09-02,270.31467822295343,272.9408541980989,264.05005713735636,265.20556640625,2400600.0
2022-09-06,263.9163446582428,266.5998458073216,261.4525269512274,264.4702453613281,2738500.0
2022-09-07,265.1099916079339,273.22726060967284,264.8617184913143,272.9598693847656,1313700.0
2022-09-08,267.0677382601127,271.31735039462825,266.92449814653787,271.1263732910156,1510300.0
2022-09-09,273.4660208236976,275.0894863823992,272.24365669903204,274.1058654785156,1679400.0
2022-09-12,279.72118267293575,281.8889611838102,277.6584372173723,281.2491455078125,1752700.0
2022-09-13,275.63381501433076,278.4509674015766,272.10996290910714,272.72113037109375,1752500.0
2022-09-14,272.7497700612363,274.51647558704155,270.50560727426296,273.66656494140625,1325300.0
2022-09-15,272.1195774383018,274.7171052540635,269.92312197610084,270.161865234375,1382600.0
2022-09-16,267.7171272859498,271.1263878899119,265.97906943175775,270.60113525390625,3278300.0
2022-09-19,267.888995462032,272.46332395058454,267.5070121192517,272.3009948730469,1144000.0
2022-09-20,267.91766211574105,270.0090553064701,266.4756727107066,268.8535461425781,1589700.0
2022-09-21,269.1972823737048,270.925780719005,263.92581414409926,264.07861328125,1428600.0
2022-09-22,264.14557303562077,264.9668359368432,260.99414422711516,261.7294921875,1537400.0
2022-09-23,257.67075888339554,258.3965183684754,253.89860479787063,257.0309143066406,1947200.0
2022-09-26,254.25199516794257,257.4320714904018,251.12924403588525,252.3516082763672,2174000.0
2022-09-27,255.96142627377458,257.04055048680414,250.65177842966062,253.2588653564453,1947400.0
2022-09-28,254.4430531312977,260.6026417202975,253.02015243734664,259.22747802734375,1880200.0
2022-09-29,256.3052367091285,258.31065684497867,253.2779592486356,257.47027587890625,1463900.0
2022-09-30,257.9668654637873,261.79631658368874,257.23151758968265,257.451171875,2625100.0
2022-10-03,260.2587958882785,264.84265472536805,259.06507961367566,263.4006652832031,3081000.0
2022-10-04,270.8398751108565,274.23960575978384,270.12364536992783,273.5615539550781,2425100.0
2022-10-05,270.6584444590293,273.4278601663758,268.6529954490675,271.01177978515625,1861400.0
2022-10-06,267.77440839734527,269.5411141772436,264.8426344568591,266.26556396484375,2182300.0
2022-10-07,264.03096158778914,264.5275370863399,259.6285206354689,260.8986511230469,1587900.0
2022-10-10,261.5670718966632,262.426541679336,258.0050416258214,259.59027099609375,1207900.0
2022-10-11,258.12917573721154,262.66529723230707,256.8304265190562,258.79766845703125,1092900.0
2022-10-12,258.87406894430006,261.4907147912292,257.8236219553073,259.3611145019531,1437300.0
2022-10-13,254.95864744298092,270.2763901000374,254.2328587924698,269.7416076660156,2124500.0
2022-10-14,272.826300390928,274.6407436725038,262.5889863504043,262.94232177734375,1640000.0
2022-10-17,268.5861243231669,270.92581955243264,267.9462796661015,268.27099609375,1508200.0
2022-10-18,275.19458544463487,275.8248419857424,270.0472669257036,271.8426208496094,1692800.0
2022-10-19,271.2123173591605,273.2177663795931,269.1304833259752,271.1263732910156,1186500.0
2022-10-20,271.60389853937204,275.2327846041481,268.82492336544766,269.5220642089844,1345100.0
2022-10-21,267.8317264579952,275.7293720273484,266.9531675952475,275.33782958984375,1610500.0
2022-10-24,280.122207056404,281.6024326385276,264.1837350793484,265.5970764160156,4454300.0
2022-10-25,265.8071711010778,275.2613976088196,265.57798691579933,275.2041015625,2999600.0
2022-10-26,278.57513911633595,283.2449706300747,277.16179786287057,281.564208984375,2597200.0
2022-10-27,280.76209068817417,283.3500596224423,279.0335917130338,280.055419921875,2338500.0
2022-10-28,282.71969120675953,289.35676395147846,281.40185319797996,288.2107849121094,2249300.0
2022-10-31,287.1412901139677,289.12765038131295,283.7415883823017,283.96124267578125,2016100.0
2022-11-01,290.3308926912715,290.3308926912715,283.11129885123734,284.74432373046875,1891500.0
2022-11-02,288.72648311083094,288.72648311083094,280.6474210960172,281.0867004394531,2587800.0
2022-11-03,276.9326514592187,284.792090890698,276.88491445962006,284.20001220703125,2396100.0
2022-11-04,292.35545218525806,296.07984110722174,289.38547096026184,295.0198059082031,2948000.0
2022-11-07,297.0825820773895,299.81382033380623,295.48779329981824,299.37451171875,1575900.0
2022-11-08,300.5299903520007,304.16843485505353,299.5654583744201,300.5395202636719,1520000.0
2022-11-09,301.4849830507953,304.5122310931965,299.2216725956196,300.2817077636719,1165500.0
2022-11-10,315.14114461412186,315.2652957885914,309.9269992906775,313.58453369140625,2683400.0
2022-11-11,318.16834760507555,319.209264613645,314.6540250328448,315.3511657714844,2133700.0
2022-11-14,318.0059682416101,322.809480650212,316.99369932282826,317.12738037109375,1908500.0
2022-11-15,323.75496389931766,323.97461819991435,315.0933801910981,317.5858459472656,1865500.0
2022-11-16,320.71810388445743,321.014143159961,318.302023548065,318.703125,1418500.0
2022-11-17,314.8641521181816,316.4303218889634,313.2311563837898,315.4657897949219,1520600.0
2022-11-18,319.1137568768063,320.5844233449852,316.0864798742087,319.8299865722656,1257400.0
2022-11-21,317.66215526652843,320.7944647771693,317.66215526652843,319.3142395019531,1065700.0
2022-11-22,321.01414148813956,324.94862525875817,319.1996987673687,324.46160888671875,1010400.0
2022-11-23,325.3974894982847,328.03322429450685,325.0250651842542,327.4220275878906,954500.0
2022-11-25,327.80403205327127,329.06457422865907,327.0782432678493,328.91180419921875,458500.0
2022-11-28,329.1887877935435,329.3988830531867,321.6349466473068,322.49444580078125,2881100.0
2022-11-29,319.68681360680944,320.39348439551304,316.1056643773514,317.0224304199219,1888300.0
2022-11-30,317.16558776286826,321.90224508033447,313.6130874889038,321.32928466796875,3115200.0
2022-12-01,323.2267155107247,324.03168823585446,319.02933475136,323.1979675292969,1420000.0
2022-12-02,320.3997026841532,324.83665968639025,319.7097218874424,323.2842102050781,1200800.0
2022-12-05,321.1951507977115,322.2780110539953,318.71311471726193,320.3230895996094,2145000.0
2022-12-06,320.9555781473143,321.65512219959726,315.75195888448985,317.67816162109375,1242100.0
2022-12-07,318.22438319633915,320.0068166537435,315.83818359848533,317.5823059082031,1849300.0
2022-12-08,317.4769374854082,321.21432191153633,317.11277683065526,320.67767333984375,966900.0
2022-12-09,320.7639678469361,321.8372651594603,318.3298640698599,318.3586120605469,1262900.0
2022-12-12,322.0097346769737,322.766804048619,319.70980781815274,322.0384826660156,1246900.0
2022-12-13,331.6215062192182,333.10689684179624,326.2645836047887,328.171630859375,1969400.0
2022-12-14,328.74658582987286,331.05610486193325,325.8237666797775,327.7499694824219,1824800.0
2022-12-15,322.373869811576,322.757186050132,314.8991008016926,317.0073547363281,1882800.0
2022-12-16,313.90247051462126,316.1832417263687,310.5100616851668,315.88616943359375,3857600.0
2022-12-19,315.282372381838,316.7198300066792,312.5991298468612,313.4136657714844,1254700.0
2022-12-20,314.35277187174086,317.12228721749284,312.73323416511937,315.2152404785156,1312900.0
2022-12-21,312.4649947155952,316.5473842723368,312.4649947155952,314.9661865234375,1723800.0
2022-12-22,312.7237286993065,314.1707789359051,309.5804887563117,313.998291015625,1202200.0
2022-12-23,312.5799471116659,315.86692655020795,312.004958208867,315.5986022949219,636600.0
2022-12-27,316.8731907208141,318.2435600937765,314.6020121492946,315.2344970703125,682800.0
2022-12-28,315.12899345193404,316.6814427779332,312.0049099842123,312.3211669921875,908900.0
2022-12-29,315.64662188412433,317.10323549258305,314.69790894300354,316.0011901855469,872300.0
2022-12-30,312.5608309963093,313.3179003013206,309.7338189269994,312.5799865722656,1238000.0
2023-01-03,304.4247756058027,308.5742235704214,301.33903220029254,305.076416015625,2374200.0
2023-01-04,305.4310543716665,306.89726025318697,301.93324601328425,303.5623474121094,2088900.0
2023-01-05,292.54182670912473,295.1196701145757,289.571103895546,292.7526550292969,3133700.0
2023-01-06,294.98555085498884,303.916963463304,294.74597452479895,302.9778137207031,2538900.0
2023-01-09,308.83297249852404,311.5162443121455,306.7726223928963,308.4975891113281,2471300.0
2023-01-10,308.9480018770768,309.7625378334899,306.053901695882,308.6029968261719,1613400.0
2023-01-11,312.4842081682054,315.96286140717376,311.4109108124689,315.8766174316406,1928000.0
2023-01-12,314.52534165380507,315.87655549586987,312.24457059748954,315.1961669921875,1277500.0
2023-01-13,316.24070113981253,320.76390264107295,316.24070113981253,320.1793212890625,1882800.0
2023-01-17,321.5018399818151,322.2876573570242,316.06826523638927,316.2407531738281,1714700.0
2023-01-18,319.59475936756706,320.02600837212066,310.66334857869856,310.8166809082031,2945700.0
2023-01-19,310.4908383795537,311.9378883736593,308.05673534682523,311.0083312988281,2703600.0
2023-01-20,310.98921646004834,315.1195098443345,309.3505226329457,314.91827392578125,1792700.0
2023-01-23,312.26374457821163,314.8703358027772,310.7496060367643,312.8770446777344,1931100.0
2023-01-24,311.98585233271666,315.13868476841736,310.24172977295416,314.9278564453125,1625900.0
2023-01-25,311.1903982789929,313.6149087989273,310.4812326806685,312.7524108886719,1887200.0
2023-01-26,312.7907741399006,315.7902737375234,311.180828614676,315.7711181640625,1587100.0
2023-01-27,310.74005601547293,313.9407918998571,310.5771312622918,311.1617126464844,1819800.0
2023-01-30,310.8742292984719,314.84162722489754,310.6634009654953,311.47796630859375,2163800.0
2023-01-31,313.13580148481407,317.44817467788744,312.8387292266812,317.1415100097656,2330300.0
2023-02-01,316.94028186721715,319.8343529748695,312.40748784961033,317.2756652832031,1879500.0
2023-02-02,317.8985647863137,320.5626518232945,313.4711706105468,318.2052001953125,2524000.0
2023-02-03,311.61212067432274,315.1770172558828,309.95424211855794,310.1075744628906,2663000.0
2023-02-06,308.93840872494445,310.21294166445057,306.50430553575575,309.39837646484375,2322900.0
2023-02-07,305.60352094455595,323.3513518791314,305.5843653689045,323.0638427734375,5990100.0
2023-02-08,326.3987508347438,332.21567030825844,319.54687463254766,320.3135070800781,3429500.0
2023-02-09,322.2013293584235,323.89751879118876,317.31396768950793,318.7035217285156,2655700.0
2023-02-10,317.3715210005983,318.76107529068935,314.5061977037604,318.1956787109375,2515900.0
2023-02-13,319.17316441594113,321.94268080131235,318.28194749590097,320.1314697265625,1782700.0
2023-02-14,319.4893919441537,321.3005736059353,316.60488386799074,320.0739440917969,2175000.0
2023-02-15,318.1573215894544,318.8377100825238,315.45489394747824,318.66522216796875,2493000.0
2023-02-16,312.0912538116461,314.0941080833329,309.88713440018057,310.01171875,3209100.0
2023-02-17,307.5009272740875,309.89668988468077,305.91972980012576,308.1142272949219,3231600.0
2023-02-21,309.4751075084756,314.67869812717737,308.69888257618993,311.0275573730469,3245700.0
2023-02-22,314.1899653389404,318.03277899587243,311.4971297536817,316.2695007324219,3595100.0
2023-02-23,317.8985475640444,320.39970972889705,312.80035763431596,318.0518798828125,3836400.0
2023-02-24,309.61880342410944,333.69142380344533,309.1588064297676,333.16436767578125,14737800.0
2023-02-27,331.8131634913108,333.7968622023554,329.84864960047025,330.1169738769531,3708600.0
2023-02-28,330.1073728815692,336.5088442005693,329.84864102191733,333.8447570800781,3274400.0
2023-03-01,335.5026752414292,341.32915831730764,334.4964371777349,335.4547424316406,3474000.0
2023-03-02,335.7805508390524,339.6041789755024,334.9755487886033,337.0838317871094,2266600.0
2023-03-03,340.21745877310747,347.61557515615925,338.5979208492487,347.2705993652344,2940200.0
2023-03-06,344.9898308829207,345.6414713224191,341.52077115159983,343.1211242675781,3846400.0
2023-03-07,341.1565787636822,342.2298756805691,335.8475608942802,339.3741455078125,2218100.0
2023-03-08,338.2817041655678,340.8882952371595,335.79010502806597,340.10247802734375,2222800.0
2023-03-09,337.40970602133376,338.56924723350284,329.85825565747604,331.4969787597656,2489100.0
2023-03-10,331.7556738009239,332.9056517191347,325.9291619082136,327.299560546875,1534100.0
2023-03-13,325.83264163833366,327.6506391685616,321.3598311093928,322.0716247558594,2228900.0
2023-03-14,327.9488186238976,333.1911634704484,326.33284041842444,329.39166259765625,2580100.0
2023-03-15,316.55999461670854,320.0131978993581,311.7601133858383,318.32025146484375,3395300.0
2023-03-16,316.05021000159604,326.65992285671445,315.617345012811,325.39984130859375,1750100.0
2023-03-17,323.0046376342178,324.07235736802863,317.33908593969994,317.89697265625,5702300.0
2023-03-20,319.7630625417158,326.6021579877575,319.3013712742934,325.89996337890625,2305000.0
2023-03-21,330.19970039196215,331.03654532338646,326.10201350872325,328.2951354980469,1792600.0
2023-03-22,328.04501778132084,331.488592521324,325.78455632607063,326.2270202636719,1434200.0
2023-03-23,327.09274880664316,332.93146503139997,326.6118007687832,328.323974609375,2082100.0
2023-03-24,326.5733217922477,332.2869864057984,325.0727663740159,331.6136474609375,1793800.0
2023-03-27,334.57631088077596,336.6540100000478,331.9214975795451,333.8741455078125,1475900.0
2023-03-28,333.6528715645949,334.7590461292589,331.4308940814412,334.1338195800781,1396600.0
2023-03-29,338.21227065818795,339.4050417729275,335.10536506952764,336.4039306640625,1132600.0
2023-03-30,337.09655613019754,338.29892645545186,335.1439078961743,338.14501953125,1120700.0
2023-03-31,337.01948172290304,342.07906384972136,336.7116679715581,341.89630126953125,1513500.0
2023-04-03,339.98217574323803,345.3110588052163,339.98217574323803,344.4549865722656,1878500.0
2023-04-04,343.6469486526149,347.6580382339785,342.92552670656914,344.1663513183594,2299100.0
2023-04-05,341.24225680071055,342.9448022650003,339.82826841350783,342.0598449707031,2199800.0
2023-04-06,338.82789231688406,343.5988886281229,338.5970466524698,342.9928894042969,1627700.0
2023-04-10,341.60776250988073,345.0705646562953,341.155670211748,344.8974304199219,1311500.0
2023-04-11,345.53225286119596,347.1097469023596,343.4353268049522,344.5992126464844,975100.0
2023-04-12,346.94628580678193,349.02398478048616,344.3107000446906,345.6573486328125,1613700.0
2023-04-13,344.5992511617142,350.2648328426161,343.608499429563,348.1678771972656,1667600.0
2023-04-14,347.21554073423283,348.8700027446225,344.0412962206245,345.965087890625,1078300.0
2023-04-17,346.10946432579266,348.5911433661969,345.8112788809502,348.5430603027344,1421500.0
2023-04-18,350.18781613864803,351.8999896524412,347.99469467879237,350.9669494628906,1085000.0
2023-04-19,348.70653019031636,351.5729908613507,347.8119739481725,351.3902282714844,1163200.0
2023-04-20,349.19708053790197,353.506384899701,348.9469782009797,353.35247802734375,1095500.0
2023-04-21,350.97658125958014,353.16007438842735,350.4860049562676,352.2558898925781,1677800.0
2023-04-24,353.3717077115844,355.0069425557843,352.1981934875048,353.9873352050781,1237600.0
2023-04-25,352.80421765445635,355.56485450859606,351.1016722831062,353.07354736328125,1735800.0
2023-04-26,351.063185309731,352.1789881955271,348.47568271386706,351.092041015625,2055500.0
2023-04-27,351.6595597056711,353.88153714628316,346.119029279866,351.7076721191406,1898600.0
2023-04-28,351.69804770436286,356.4209607014474,350.9958530396317,355.37249755859375,1878900.0
2023-05-01,356.67100186203953,359.3450713939422,355.968836614736,358.12347412109375,1018000.0
2023-05-02,356.32472441814406,357.5559500127953,353.3428412164116,355.9399719238281,1124600.0
2023-05-03,355.4302048663694,357.1135228877423,349.51452090746966,349.6492004394531,1418900.0
2023-05-04,348.8220081231067,351.2940587361403,343.83936412508126,347.0520935058594,1545800.0
2023-05-05,350.34175009957283,353.4582836375776,349.72612259072804,352.4098205566406,1113600.0
2023-05-08,353.97774662991793,354.6222298999212,351.1401415386797,351.7365417480469,1261700.0
2023-05-09,351.0920238417002,353.49676373102693,348.90853058989615,350.803466796875,1015500.0
2023-05-10,355.7475988587791,356.07463996310264,350.13012996650014,354.8434143066406,1304300.0
2023-05-11,354.3913108512562,355.5744534142176,351.1112422036258,353.0542907714844,1336700.0
2023-05-12,352.89072069669874,356.63250958943536,352.4867408841823,356.2188720703125,1189400.0
2023-05-15,356.9500036037165,357.17125026411946,351.53452411615024,354.74725341796875,1378800.0
2023-05-16,353.2948132900655,354.02583433691274,350.66882646968986,351.957763671875,1065300.0
2023-05-17,353.14086879291693,353.14086879291693,350.1397580919135,351.1016540527344,1296300.0
2023-05-18,349.9088685397858,354.6702650896131,348.4179416044475,354.16046142578125,1116100.0
2023-05-19,355.48792337280156,358.2100762256034,354.8819241762562,357.3347473144531,1140900.0
2023-05-22,358.30627843817706,358.8545662315283,352.36176789741364,352.4291076660156,1207900.0
2023-05-23,350.13010038191373,350.1397287342299,340.22258455805485,340.45343017578125,2157000.0
2023-05-24,337.933288416771,342.9447580408537,337.6735577261478,341.33837890625,1801200.0
2023-05-25,342.5792048792106,345.4360367593607,341.4153191072182,343.00244140625,1994800.0
2023-05-26,343.51232236094233,346.88858698511655,341.2807164169087,342.6369934082031,1805800.0
2023-05-30,342.62738978659144,343.1660492341277,337.2407659564908,341.38653564453125,1801900.0
2023-05-31,340.61700921020577,343.79128390952394,339.010659183886,340.1841735839844,2958100.0
2023-06-01,342.9789503333878,344.9579603081808,340.99994035859476,343.1816711425781,1239500.0
2023-06-02,345.218601778823,349.11873063018743,344.74554731589075,347.9892272949219,1337700.0
2023-06-05,349.2345356265591,354.5054819137802,347.7575110832904,350.2481689453125,1724500.0
2023-06-06,349.7655091972861,352.1210298898198,345.4020186240584,347.28448486328125,1638000.0
2023-06-07,346.20330176286626,351.0108871450443,346.02954107049817,349.7462463378906,1441000.0
2023-06-08,349.5627985678699,350.13236710568117,346.91764721177475,349.6689758300781,1056300.0
2023-06-09,349.93927785476365,349.93927785476365,346.3287795870602,348.2691955566406,1121600.0
2023-06-12,349.91995597152095,349.91995597152095,346.1742911352843,349.47589111328125,1021400.0
2023-06-13,351.6190179940626,360.4039186963207,350.6536417005444,360.33636474609375,2065900.0
2023-06-14,362.24786019262154,363.41598694293674,359.05246640718184,361.3500671386719,1553200.0
2023-06-15,362.37332073833306,365.3949534688816,360.07572028017984,363.4062805175781,1228600.0
2023-06-16,363.70552269838845,363.94686677449886,360.3846258542335,362.29608154296875,4372200.0
2023-06-20,361.43687044804557,361.9002616646787,355.1040044587889,355.9149169921875,1721700.0
2023-06-21,354.4475878744483,359.1779261462791,352.85472277263113,357.8167419433594,1542700.0
2023-06-22,355.52885815669407,360.403997723574,352.93199300082927,359.7379150390625,1197500.0
2023-06-23,356.8224033380337,358.28979425147554,354.47654586787394,357.7588195800781,2070500.0
2023-06-26,357.1700193296029,359.1200693151018,356.66800467877573,357.8747253417969,1089700.0
2023-06-27,358.7531340104278,363.3772947122371,358.59867026792443,362.7401428222656,1320000.0
2023-06-28,361.25345668469384,362.83668795668063,359.4578709093859,361.9871520996094,1094000.0
2023-06-29,360.5583785580409,367.4415161704962,360.490824608541,366.06103515625,1350600.0
2023-06-30,367.24849762823067,370.299061081552,366.8623235051729,367.8856201171875,1642800.0
2023-07-03,368.783446965206,369.1116714049786,365.0667419433594,365.0667419433594,1118700.0
2023-07-05,358.2704758425516,361.08938782246446,353.02848919303295,354.5248107910156,2926700.0
2023-07-06,349.8331378409004,352.28520237934003,345.9619686809604,351.90869140625,2129900.0
2023-07-07,350.46054526209633,357.0830417777831,349.4662088848673,351.8893127441406,1336800.0
2023-07-10,351.30047858631417,355.9728969935007,351.30047858631417,354.8240966796875,1292100.0
2023-07-11,357.00587170046185,358.840081109937,350.6923013077675,354.1387023925781,1162000.0
2023-07-12,357.5464822829164,361.94859667605994,353.31812858559243,361.6300354003906,1557000.0
2023-07-13,363.07809251763604,365.00884543773947,360.70327467497526,364.08209228515625,1281100.0
2023-07-14,364.0820531198893,366.3506639882091,363.46419811066374,365.47216796875,886400.0
2023-07-17,365.4045520879007,370.27969007614496,365.3948888984728,368.8798828125,1152100.0
2023-07-18,363.8407562742664,371.2355141973346,363.8407562742664,370.9652099609375,1099400.0
2023-07-19,369.15025739171085,370.5789954602927,361.35000039183205,361.73614501953125,1607100.0
2023-07-20,363.0876678136043,368.49378101202643,361.77477018048796,368.3876037597656,1085100.0
2023-07-21,367.209860924647,372.06570278932594,365.70387617471124,371.225830078125,1195700.0
2023-07-24,371.66990030242306,372.6352766668449,368.50346700555724,371.3706359863281,1467500.0
2023-07-25,372.20085701914684,378.0510356114328,371.56373452457666,377.50079345703125,1328400.0
2023-07-26,373.7937886069477,375.02946933536106,366.4472582004246,374.768798828125,1825500.0
2023-07-27,374.7687788265813,375.2707934294566,369.9418966355552,371.312744140625,2336400.0
2023-07-28,373.2627917495926,375.6762328309439,371.87264732985824,375.25146484375,1445400.0
2023-07-31,375.0680025191089,377.433186320775,372.58700773211166,377.1435852050781,1615200.0
2023-08-01,376.3423023195318,380.03971013570066,375.05836477242934,375.1838684082031,1468600.0
2023-08-02,372.26838471147613,373.72611227608786,370.08662495955843,370.4920959472656,1538900.0
2023-08-03,368.68691783666475,371.21619938268464,365.9838461420173,367.56707763671875,1926000.0
2023-08-04,371.01344106624924,371.0906582104255,364.4585274861309,364.7384948730469,1648900.0
2023-08-07,367.80844533959083,372.6063677078918,367.4802208659407,371.6409912109375,1112000.0
2023-08-08,370.6079946245098,371.0327625980238,365.8100727308647,368.5614013671875,946800.0
2023-08-09,369.94186117773376,370.57901310119416,366.1576024008117,366.4182434082031,853400.0
2023-08-10,368.0979085710679,373.1950933865372,367.55730029222576,369.0826110839844,825000.0
2023-08-11,369.09232801000786,369.9804872174175,367.3643255503468,368.6000061035156,692600.0
2023-08-14,367.9145706821094,370.0673705723942,365.8969376235767,368.9378967285156,1060700.0
2023-08-15,365.8776895736999,367.57676162297173,364.66130576924826,366.2445373535156,709700.0
2023-08-16,365.645959764142,368.37796190179114,364.3040724816682,364.71917724609375,1143800.0
2023-08-17,366.30241627826325,368.00148813593154,362.39265372050284,363.32904052734375,1229800.0
2023-08-18,361.5914203732437,364.7868142392335,360.8577248039327,362.11273193359375,1254700.0
2023-08-21,363.19393488781185,365.41428897321896,360.53914960871776,364.4199523925781,947100.0
2023-08-22,365.49151910549574,367.20022476576474,364.30409550100006,364.5164794921875,913200.0
2023-08-23,364.51648758127595,366.58240731057634,362.7209015385316,365.25018310546875,929200.0
2023-08-24,364.3330585961983,367.5670755271699,364.06275437438,364.8543701171875,820300.0
2023-08-25,366.28307966634594,369.9997547608346,364.8253520618301,368.3779296875,1022100.0
2023-08-28,369.15996142324195,370.6659463807279,367.557432925209,368.8414001464844,772000.0
2023-08-29,367.875967026927,373.59097843165216,366.2155185523891,373.4558410644531,1060100.0
2023-08-30,373.50407615026296,374.7590829885136,371.95946821292534,373.6875,780100.0
2023-08-31,374.23781086819,375.6955386289565,372.63528254266674,373.6392822265625,1193100.0
2023-09-01,376.9178409076883,378.71939089213214,375.3971836286567,376.6853942871094,970000.0
2023-09-05,377.7121267995921,377.7121267995921,369.4599454507968,369.605224609375,1092500.0
2023-09-06,368.3944759950987,371.7650703442136,367.58088323640476,371.2420654296875,775400.0
2023-09-07,371.99754263021794,375.261608759733,370.09912998818663,374.4673767089844,986400.0
2023-09-08,374.3317836017625,377.24715016276565,373.00482198702554,374.6513977050781,1064000.0
2023-09-11,376.38514700617856,379.1939854310409,375.300356681403,377.111572265625,862000.0
2023-09-12,375.2132231192477,377.34405300460793,374.8257726325257,375.7265625,1047900.0
2023-09-13,374.79671369121576,376.4626502719986,372.30751872878676,373.0436096191406,1207500.0
2023-09-14,375.10667631136744,378.6419404184283,373.51824159109,377.5474548339844,1231500.0
2023-09-15,377.45061307445604,381.05368389151874,373.8765980882438,375.7943420410156,2820400.0
2023-09-18,375.4844295031563,377.14067100682104,372.9952049035521,375.34881591796875,652000.0
2023-09-19,375.85241409630424,378.1188868970903,373.43099658619195,377.5280456542969,1458800.0
2023-09-20,376.433599288746,376.49171095035587,366.73826267142044,366.91259765625,1747300.0
2023-09-21,365.2853699524508,365.6243447533684,360.616869951882,360.73309326171875,1362200.0
2023-09-22,359.2028109123697,364.1522045824959,359.0188103414567,361.2271423339844,1017300.0
2023-09-25,359.5127462954171,365.05295155498334,357.40127701032935,364.73333740234375,1558100.0
2023-09-26,361.963187713108,363.4741499620292,357.37218930741085,359.5321044921875,1769500.0
2023-09-27,359.7548649292244,362.16661706813096,358.37951622255446,360.316650390625,1254900.0
2023-09-28,360.9752192977586,364.8301264033581,359.7257596547612,361.75006103515625,1065500.0
2023-09-29,364.03595042597925,365.02387822692714,360.2585446478583,360.6459655761719,1474100.0
2023-10-02,359.28030685955633,359.76459044247395,354.97986627858234,358.5732421875,1298400.0
2023-10-03,357.0138804868128,365.27575762820743,356.2099531476682,361.11090087890625,1747600.0
2023-10-04,362.3699455722513,367.9392053478555,361.04301362461194,366.7091064453125,1897900.0
2023-10-05,366.37017869236155,369.0240429282486,355.57063252956357,358.23419189453125,1821900.0
2023-10-06,357.633667143088,363.2610390094272,355.4931423642503,361.79852294921875,1571300.0
2023-10-09,358.7475338160299,362.699274043671,357.63365815508706,361.9825439453125,846100.0
2023-10-10,364.5298765257992,369.6729946953552,363.29980702754875,367.04815673828125,1335500.0
2023-10-11,368.3847939125,369.59550274361004,365.46939758852443,366.7673034667969,931400.0
2023-10-12,368.7431338578942,369.4114474517699,363.54193380337193,365.8374328613281,888400.0
2023-10-13,367.7649142678676,370.43813917939485,364.3168179949178,366.0118103027344,1214200.0
2023-10-16,366.58330603738386,372.2397346535506,366.1280782939743,367.31939697265625,1182400.0
2023-10-17,365.75997240595524,370.31221971367734,364.6461262326998,369.1112060546875,920300.0
2023-10-18,367.21283356260915,367.71647779195706,359.2609062898629,359.7257995605469,1486600.0
2023-10-19,358.79595988641466,361.84694000809907,357.2559419118181,358.5054016113281,1249200.0
2023-10-20,358.36983680975175,360.0938851126117,354.43745664077545,354.84423828125,1334100.0
2023-10-23,353.52694370745616,357.0428465344804,349.67203652959677,353.94342041015625,1648700.0
2023-10-24,355.00887779901194,357.80805074687834,353.565722360716,355.7159423828125,1590000.0
2023-10-25,356.2679910938355,357.88551100987905,350.9408725267061,352.92645263671875,1492900.0
2023-10-26,359.23186939909857,362.5249916594467,354.61178536986046,358.6797790527344,2168400.0
2023-10-27,356.29706116175413,364.72360632804657,356.29706116175413,358.8831481933594,1945300.0
2023-10-30,364.2489922892616,367.49369759307075,361.94379814103326,366.9609680175781,1478000.0
2023-10-31,366.3217615842715,371.99758026858655,364.85924533510484,370.1476135253906,2020700.0
2023-11-01,370.2541165945196,375.34878875038265,369.08215873708275,374.93231201171875,1564900.0
2023-11-02,375.2907008897899,379.39741599498865,375.26164505869923,377.411865234375,1586700.0
2023-11-03,377.837991202644,382.75829853863496,376.4141965356208,380.1722412109375,1339300.0
2023-11-06,380.21095310754924,381.16015938128425,377.9735657664694,380.6468200683594,1464000.0
2023-11-07,377.7023986693552,378.6709657196826,373.0145376927689,377.0631408691406,2647400.0
2023-11-08,379.10682685437996,381.74133037287197,376.90819032512474,379.93011474609375,1631400.0
2023-11-09,381.9350447328797,381.99318595150027,378.1092224910329,378.69036865234375,1305400.0
2023-11-10,379.203670082033,387.78515938851797,379.203670082033,387.2718200683594,1378100.0
2023-11-13,383.9012055165828,389.31552110845837,382.5839685722766,387.1846618652344,1420000.0
2023-11-14,387.0103358072156,393.99369582685995,387.0103358072156,391.0686340332031,1350500.0
2023-11-15,391.27201548115363,393.36412376584394,389.46079990516796,390.0903625488281,1139900.0
2023-11-16,390.50690537221453,396.105222444891,389.67395179216385,395.55316162109375,1228100.0
2023-11-17,398.1585399697351,398.1585399697351,393.72251577429864,395.05914306640625,1542500.0
2023-11-20,394.73952013581237,397.22874474210283,393.43197816317286,395.4368896484375,1678500.0
2023-11-21,398.1197843083803,401.92624548950533,396.5410153835154,398.9624328613281,1225300.0
2023-11-22,397.8291749193514,399.5435573180716,395.2818391413909,398.6815185546875,1111000.0
2023-11-24,399.6985316521267,403.1078766358097,398.9236603660733,401.1997985839844,711300.0
2023-11-27,400.8220857609941,400.986755163703,397.1124869978701,399.824462890625,1301200.0
2023-11-28,399.05934479767296,400.8124489036356,397.1318761474333,397.819580078125,1134300.0
2023-11-29,399.60170326121045,402.23620674272837,398.0326294152916,398.45880126953125,1405900.0
2023-11-30,397.55802248464045,402.9238922101145,396.90909911475,400.76397705078125,4023900.0
2023-12-01,400.7203394386773,403.2463742756121,398.310857526105,399.9916687011719,2107300.0
2023-12-04,397.3684004538911,399.5446873401159,394.47313835371455,395.0755310058594,2092400.0
2023-12-05,394.453651348097,395.04628915399036,390.71313665537735,392.48138427734375,2207000.0
2023-12-06,392.4814535211299,392.67577755880694,387.10872299086776,388.925537109375,2263700.0
2023-12-07,388.05113990734947,389.9942616937313,386.0788724801593,387.312744140625,1914100.0
2023-12-08,386.68119172716325,390.1788164767423,386.1565406023058,389.8581848144531,1483700.0
2023-12-11,388.62432280338317,396.67857019539446,388.4980151545228,396.6299743652344,1653400.0
2023-12-12,413.5837661050459,421.8614543834617,408.34703856886426,414.58447265625,6829000.0
2023-12-13,394.39542509352697,402.39138179145255,393.16155345264696,397.11578369140625,3359600.0
2023-12-14,395.21151041954846,399.42808083367953,394.2885157777653,398.0679016113281,2220500.0
2023-12-15,395.82364027068786,399.21437841325235,393.38501285944574,395.79449462890625,4241100.0
2023-12-18,400.1859348734218,401.24493271258416,396.1733835513757,397.465576171875,1717600.0
2023-12-19,400.2830464850798,402.4690582680687,398.4467823555216,400.3704833984375,1344600.0
2023-12-20,399.0588465219385,400.0790030827707,394.3953668571304,394.80340576171875,1578500.0
2023-12-21,396.4162724294015,397.7570312311978,395.0463679862482,397.4947204589844,1534000.0
2023-12-22,398.91323173930175,400.55517221900567,397.1352881359674,399.0589599609375,838900.0
2023-12-26,398.9326269855598,400.02080015403664,397.9805162314625,398.27197265625,619300.0
2023-12-27,396.3968616639587,399.6515967276565,396.3968616639587,399.51556396484375,850900.0
2023-12-28,398.85491191632923,399.21438472054353,397.57244435830495,398.11651611328125,814400.0
2023-12-29,397.09635800485063,400.3996590165464,396.3579622594101,399.0297546386719,975900.0
2024-01-02,398.12620879787613,400.02076433842865,395.13381438912677,397.931884765625,1571900.0
2024-01-03,394.35655570043684,398.20392848760184,393.7639177948269,397.0866394042969,1536300.0
2024-01-04,396.04709719605825,399.94303622053076,395.9887762646879,396.9700622558594,1517800.0
2024-01-05,397.41699948590303,398.81604964259367,394.6966406532755,397.4850158691406,1400100.0
2024-01-08,396.26079516674923,398.3302245270352,392.8603321821587,396.6785888671875,1142300.0
2024-01-09,395.89159526923584,396.1830516418619,392.9283171156891,395.1240539550781,1256200.0
2024-01-10,392.9283829833513,394.54117769816355,392.52034399327414,394.337158203125,1170600.0
2024-01-11,395.211481855129,395.4252264067415,390.2176750033547,394.414794921875,1110500.0
2024-01-12,397.115776443074,397.9124634642275,393.96792874445754,397.2906799316406,849100.0
2024-01-16,395.8916477496717,398.932608472794,394.4537269381777,395.0852355957031,1464700.0
2024-01-17,392.96724585645916,395.7458958512707,392.4328992112065,395.1824035644531,1369100.0
2024-01-18,395.48352680087675,396.76599414012907,392.2579379111265,396.2510681152344,1232200.0
2024-01-19,395.54187930034163,396.3968576588498,392.7632292848767,395.79449462890625,2265900.0
2024-01-22,390.45087861791603,395.73617200679723,389.9942438330415,394.91033935546875,2105400.0
2024-01-23,393.7639441550713,396.5717398715221,390.73267874712536,396.2900085449219,1293900.0
2024-01-24,395.49329626108016,396.77576374419357,389.595914577855,389.8679504394531,1594800.0
2024-01-25,389.3238134847671,392.1219131064871,389.01290693798035,391.99560546875,1550900.0
2024-01-26,392.90891123277316,393.7930351289663,390.2468440978657,392.5494384765625,1146600.0
2024-01-29,393.2683856355588,394.3273833662857,390.82006305486124,394.07476806640625,1400400.0
2024-01-30,394.5023016957588,398.8646304103464,393.8707930245111,396.2511291503906,1647600.0
2024-01-31,397.81534866134285,398.93263785304777,391.85967513855053,393.3170166015625,1782000.0
2024-02-01,396.65912245960146,398.3399333400196,393.7833107549604,397.0283203125,1893600.0
2024-02-02,395.4447399630352,397.3004249954131,392.74380162081616,395.51275634765625,2218600.0
2024-02-05,385.5541958338041,390.5480327268599,384.806104669338,389.2364196777344,3487800.0
2024-02-06,403.09092259686474,409.0271455606823,399.6612841003175,403.7418518066406,3227000.0
2024-02-07,407.15199385622867,411.9126358730015,403.4891906438818,404.9756774902344,1985600.0
2024-02-08,407.37545699037724,407.37545699037724,401.60438310642894,402.2261962890625,1488900.0
2024-02-09,402.0416237436844,407.9001349316788,400.56486181252137,407.4920959472656,1351500.0
2024-02-12,408.4052758106115,409.01736384680237,406.22898914831677,407.6766052246094,1272100.0
2024-02-13,407.0062814245912,407.7737931428438,402.43993360229035,404.4122009277344,1313300.0
2024-02-14,406.9577029169035,408.88140414195993,404.7716909269378,406.5010681152344,1345200.0
2024-02-15,408.2984373382698,417.0327596806413,407.75436564740227,416.4984130859375,1721600.0
2024-02-16,419.9765808641412,422.405482890294,418.40265709514347,419.35479736328125,1460800.0
2024-02-20,423.20220324112415,426.90384784888835,421.84202392916234,423.5616760253906,1869200.0
2024-02-21,425.3104312125582,427.2438275617221,422.26944140830653,426.9620666503906,1230900.0
2024-02-22,429.2064140794929,435.09407029457816,426.2528905255054,434.31683349609375,1386900.0
2024-02-23,435.5507326760297,435.7839274501035,432.64577511917696,434.831787109375,1164900.0
2024-02-26,434.83177007419295,435.3078254010644,431.86852135233266,432.2862854003906,1286000.0
2024-02-27,430.94554254862527,432.29602640676967,429.2938771889654,432.1502685546875,1086300.0
2024-02-28,431.47986328187847,438.8831816659278,430.9066459537242,438.3682556152344,1562400.0
2024-02-29,439.7769728747554,440.22388252324816,432.4417009834396,436.055908203125,3684200.0
2024-03-01,435.25926463376015,438.14480156966334,434.28770377520266,436.4348449707031,1656100.0
2024-03-04,436.4348394025819,443.67297956636344,435.96850917222184,442.64312744140625,2291800.0
2024-03-05,443.3911865690807,449.8715099904209,443.3911865690807,447.85064697265625,4102900.0
2024-03-06,445.92702153622525,451.88266480031456,445.92702153622525,450.4253234863281,2599800.0
2024-03-07,451.77582570251786,454.46703876453614,448.50167016126875,452.0575866699219,2514000.0
2024-03-08,453.0290428881478,453.0290428881478,448.8416186820984,449.3953857421875,2469200.0
2024-03-11,460.5004419800537,460.5004419800537,453.476046061339,456.12841796875,4251500.0
2024-03-12,454.09784284794716,459.7523044977291,453.61206241980784,458.0617980957031,3259400.0
2024-03-13,457.9448897263627,465.4967515016401,457.9448897263627,462.7488708496094,3240000.0
2024-03-14,463.76223370605453,464.80488492450706,460.9948455068527,461.8231201171875,3551300.0
2024-03-15,460.52711959481746,461.72568381089576,454.4564163737013,456.2591247558594,33347400.0
2024-03-18,456.6586442611017,463.8109843766957,453.6573716753533,454.19329833984375,3026400.0
2024-03-19,455.06054122946085,456.25910539467856,452.97523882227256,454.7974548339844,1883100.0
2024-03-20,454.3687096514991,456.30782324699226,452.2639292384301,454.8559265136719,2146400.0
2024-03-21,452.77060832695446,456.6391112675936,451.4941025714342,454.37841796875,2723800.0
2024-03-22,452.4880520701265,457.21406181156993,450.6658656745519,456.26885986328125,1687400.0
2024-03-25,455.26514578861924,456.2980430979122,452.5757290858165,454.96307373046875,1391000.0
2024-03-26,453.0532083728747,456.3662770164887,453.0532083728747,455.5964660644531,1265300.0
2024-03-27,451.13360857621035,455.2847059973587,449.1652630449247,454.3102722167969,1590600.0
2024-03-28,451.7767045250072,453.9984121884103,450.78276311153945,452.4490661621094,1784900.0
2024-04-01,454.0276517727102,454.6220420704621,450.0032357343191,451.5525817871094,1027300.0
2024-04-02,450.5489231300051,452.3516314945728,449.0580406988739,449.5452575683594,1451100.0
2024-04-03,449.03855261905824,452.4685485975578,448.4149007662272,450.6463623046875,1449200.0
2024-04-04,451.47458430106593,455.00202918768497,444.3124913680212,445.56951904296875,2258500.0
2024-04-05,445.82287962369134,453.88146506367275,444.8971854845242,452.8193359375,1575900.0
2024-04-08,451.0361238916537,451.25050049606557,447.7425332135786,449.8668212890625,1744300.0
2024-04-09,448.89236178171797,450.01295452962955,442.05181853973653,446.2321472167969,1472300.0
2024-04-10,441.83749389137387,442.2272614489886,437.8520633703482,438.97265625,1838200.0
2024-04-11,440.0347481212408,444.31252625028685,436.81912887224695,441.41845703125,1681800.0
2024-04-12,438.6997769093516,440.08348581359417,432.8044650649797,435.97137451171875,1976700.0
2024-04-15,438.4172607920687,442.3052420708183,432.48293288390687,433.3794250488281,1712000.0
2024-04-16,435.3185046727207,435.43543195956306,431.53769713224807,434.383056640625,1577300.0
2024-04-17,434.18822319711455,437.62797350919976,432.62915282198156,435.3673095703125,1216800.0
2024-04-18,439.44041732449773,439.65479395260155,434.1297411549107,435.0164794921875,1070300.0
2024-04-19,440.41482295192657,440.41482295192657,432.7362802478733,434.8897705078125,1831200.0
2024-04-22,432.0443893618016,437.5012236591787,430.436579813318,435.5426025390625,1345900.0
2024-04-23,435.15286191358433,436.64374427607123,432.7362556467548,433.68145751953125,1509900.0
2024-04-24,426.0321791510027,433.2429830828412,422.3001109060137,432.9604187011719,1969100.0
2024-04-25,431.20640434641564,433.8666191400221,427.8738576361492,432.48291015625,1442700.0
2024-04-26,428.224683810129,434.2954172935585,428.224683810129,431.8495788574219,1583800.0
2024-04-29,434.3733089065057,436.67298795044206,430.9725447377219,433.69122314453125,1260300.0
2024-04-30,432.30750834881974,433.340405699695,428.99443969106767,429.686279296875,2172700.0
2024-05-01,431.46949981874184,437.9104922043199,430.68021091267707,431.3038330078125,1824100.0
2024-05-02,414.9334081982525,414.9334081982525,403.0355500794528,408.89190673828125,5267300.0
2024-05-03,407.3912482806765,414.8846461818086,407.3912482806765,412.7701416015625,2657400.0
2024-05-06,416.06376329889304,417.62283362149145,412.624013102714,415.71295166015625,1533500.0
2024-05-07,418.72393663544204,426.7435374529122,416.52173648586626,419.00653076171875,1556400.0
2024-05-08,419.0163011024977,419.85429992306115,416.0150282506815,416.77508544921875,1344800.0
2024-05-09,418.80183788110105,419.9224306073728,417.3304335848421,418.8700256347656,1740100.0
2024-05-10,419.4937098551843,423.7129947119156,419.4644780335388,423.2842712402344,1234500.0
2024-05-13,423.94687021798865,425.98343304994575,422.621624943751,423.6642761230469,1269800.0
2024-05-14,423.3914413272332,424.2879334128693,419.13317082951403,421.0625305175781,1288100.0
2024-05-15,423.17707433375375,424.229449665926,418.5485141681108,419.8055419921875,1745200.0
2024-05-16,420.6922597548499,421.5692441118386,416.9114523509793,418.70440673828125,1839700.0
2024-05-17,419.30854606957314,422.387760005227,418.8115753867658,421.4620361328125,1150700.0
2024-05-20,421.6667617264177,421.91037018378194,420.0102123213964,421.5498046875,1499200.0
2024-05-21,420.4486818306393,425.9932122032831,420.4486818306393,423.91766357421875,1228300.0
2024-05-22,424.0637787395207,425.6228785130834,421.24765124221227,423.67401123046875,1655000.0
2024-05-23,424.7946336400867,425.7885453181918,420.6435365222325,421.2476806640625,1674800.0
2024-05-24,422.202590236774,426.3341791967426,421.90051819889067,424.4340515136719,1157400.0
2024-05-28,419.9711492369911,422.2318424416303,416.219603474916,418.92852783203125,1696500.0
2024-05-29,414.69948299957724,417.40840750939583,413.01373172220093,415.2841491699219,1465600.0
2024-05-30,414.96261050375864,419.52295323018,414.3779443173913,419.1136779785156,1375900.0
2024-05-31,419.11368582204517,424.8433610284295,416.59965983218166,424.3853759765625,3621600.0
2024-06-03,423.04065400130827,425.41824483277526,419.0649479162064,423.22576904296875,1809000.0
2024-06-04,421.63238592275025,424.3597930456989,419.01252616401223,421.4662170410156,2157400.0
2024-06-05,422.0527251373449,425.7870201706957,419.69679648539847,425.3177795410156,2116800.0
2024-06-06,426.2366496629541,426.2366496629541,422.2677496110794,424.1153564453125,1282600.0
2024-06-07,424.27179190389853,428.35799485497006,421.906078186902,423.96875,1492000.0
2024-06-10,423.0205159357197,424.35977142202427,421.5248469121547,422.306884765625,1406100.0
2024-06-11,418.24024165950226,426.0020885375303,417.0280739806515,425.7088317871094,1582400.0
2024-06-12,427.78125407270477,430.635719186405,424.17404692028373,424.42822265625,1914800.0
2024-06-13,421.3293186086593,430.9583124831033,420.71344963419176,429.9318542480469,1650000.0
2024-06-14,427.61505429991564,428.3286854929866,424.36954042114013,427.1458435058594,1396100.0
2024-06-17,426.56907596927385,433.33382029198117,425.24939071488353,430.7432861328125,1939000.0
2024-06-18,429.7461380253921,430.8605733402919,425.46444031417104,430.1469421386719,1384500.0
2024-06-20,429.2280307976852,435.23027748898147,428.641517298655,432.6983947753906,1626100.0
2024-06-21,433.45111386829444,434.01811670346837,430.12740804541926,432.8157043457031,4042800.0
2024-06-24,434.7610055936942,436.4619841170655,432.2193677264416,433.1969299316406,1440900.0
2024-06-25,434.01812691496633,435.08366625729957,430.4500006025543,431.27117919921875,1385500.0
2024-06-26,429.9123255662556,430.78237028943505,426.55929420509,428.5828552246094,1634400.0
2024-06-27,430.78235267224807,431.62304185399677,427.7323335141769,430.3424377441406,1236500.0
2024-06-28,430.2446849483576,432.33668244544174,428.2895604835679,428.9640808105469,2470200.0
2024-07-01,429.2964539260906,430.8898851586971,415.8549730573122,419.3155517578125,2462900.0
2024-07-02,418.3966263419869,420.84053186968544,415.1022464639023,420.4397277832031,1886400.0
2024-07-03,419.98028575628825,423.9394307372329,419.86298306046746,423.2257995605469,865100.0
2024-07-05,422.7077220680999,426.1683009988659,419.56975540603713,425.9434509277344,1499400.0
2024-07-08,426.83299635462026,428.10381530588813,424.574830015889,425.96295166015625,1502200.0
2024-07-09,424.45752796936927,425.82610911116484,421.08492637634487,421.52484130859375,1052100.0
2024-07-10,423.3919635876057,426.26599893363664,420.65480127368653,425.1907043457031,1554000.0
2024-07-11,425.33732927422284,428.28955644842125,423.8709859394458,425.1320495605469,1368400.0
2024-07-12,427.7714723545232,434.4579947358523,426.8525614293596,430.81170654296875,1843900.0
2024-07-15,430.81168144902585,431.2418112116156,427.71279609120865,428.34820556640625,1271500.0
2024-07-16,428.2309054169877,437.94787630922514,428.2309054169877,435.72882080078125,1173300.0
2024-07-17,437.06809013256327,441.62353382033933,436.7063968715033,439.2089538574219,1896500.0
2024-07-18,435.54310972561547,441.23249956329516,435.54310972561547,436.0318908691406,1458700.0
2024-07-19,435.3768968132355,435.601746871745,432.0043249325874,434.77081298828125,1503800.0
2024-07-22,437.83060534563754,438.6419689238328,434.47757383452705,436.0905456542969,1096700.0
2024-07-23,437.84039543172537,438.55399682189216,435.02501121797883,437.37115478515625,1060700.0
2024-07-24,438.4073494581797,439.482673914481,432.6983894198914,433.80303955078125,1700700.0
2024-07-25,434.99567488651155,438.33892118381425,432.06298804117006,433.08941650390625,1777300.0
2024-07-26,434.15491410390257,442.59128055848,433.5097194799682,441.2618103027344,1307400.0
2024-07-29,441.340050731816,443.0507847488988,438.9841220197791,439.8639221191406,1015200.0
2024-07-30,442.4153560224646,446.48201857509014,440.528668033959,440.73394775390625,1755600.0
2024-07-31,443.3928994053057,447.8994468803114,442.366441183589,443.324462890625,1874000.0
2024-08-01,445.8368466470712,449.16055251039114,439.8150592812186,443.1680908203125,2244000.0
2024-08-02,439.5217503282746,447.5182322321628,433.75413900113455,443.8132629394531,2714600.0
2024-08-05,443.8034771167271,445.4458043725873,431.32980307096904,433.5488586425781,2281700.0
2024-08-06,434.10607997709684,441.0956441698365,433.6466245215634,435.660400390625,1598200.0
2024-08-07,439.238284171591,440.88058161729214,431.4177860497765,431.9456481933594,1619300.0
2024-08-08,432.30731636312225,437.79142565448694,431.0364676800988,437.4981689453125,1491300.0
2024-08-09,436.95078715353105,438.10430345369014,432.2389299280687,436.9898681640625,1108500.0
2024-08-12,436.98985441057215,438.3388950522596,435.1129516478317,436.7552490234375,853000.0
2024-08-13,438.4465006589501,440.1669901145628,435.74841901712637,439.60980224609375,1174800.0
2024-08-14,441.52575916361235,441.8483415721764,439.0720684265757,441.0565185546875,906700.0
2024-08-15,441.90704769690296,446.5309283450305,441.26188279980175,445.9053039550781,1105000.0
2024-08-16,445.9052416624183,447.1369497631053,442.16116168440044,446.5699768066406,1115400.0
2024-08-19,446.9512108506417,448.45666501117444,445.92478246058783,448.29046630859375,1013700.0
2024-08-20,448.3296089918817,450.6268863211191,446.34515875276026,447.7919616699219,1115600.0
2024-08-21,449.62977364355555,451.76085221153465,448.1047789038244,451.3893737792969,853700.0
2024-08-22,451.4773381076834,454.2340707646164,449.59065015787763,451.3502502441406,1179100.0
2024-08-23,454.0776578154724,455.9741309365704,451.18408195524484,455.2898254394531,1308000.0
2024-08-26,455.19211903663023,459.2196708981881,454.6349013714486,457.9488220214844,1216200.0
2024-08-27,462.10342298002695,462.1816446630506,458.10519712933717,461.7417297363281,1293400.0
2024-08-28,462.23052978515625,464.9677219793786,460.3047309631964,462.23052978515625,1327200.0
2024-08-29,463.10054803200427,465.88657641339717,459.76705737679737,462.12298583984375,944700.0
2024-08-30,464.38122875513136,469.0246499342093,460.89132399329117,467.5191955566406,1385600.0
2024-09-03,463.30584307076623,467.8808271215922,462.2696294994124,463.4133605957031,2104000.0
2024-09-04,466.89393847461264,468.2371325012651,462.34472593352933,462.8937683105469,1310300.0
2024-09-05,461.13880012594797,462.24669887973005,454.03063087191043,456.4130859375,1882200.0
2024-09-06,455.2659363433811,458.5209944315905,447.2459686985624,447.91265869140625,2012100.0
2024-09-09,451.069687253796,456.4228652459334,450.5304289162113,454.0207824707031,2076200.0
2024-09-10,452.9325200184197,456.5209233294041,451.82462132834684,454.6482849121094,1247100.0
2024-09-11,454.80518985330207,456.7366522353021,444.6282474507117,456.0111083984375,1585400.0
2024-09-12,457.3052474218257,458.29549841987557,453.3639012404104,458.19744873046875,1916900.0
2024-09-13,456.40327201572927,462.55060169996807,455.9032395332733,459.6387023925781,1162700.0
2024-09-16,465.14879467496127,466.1880556709987,461.18785009105403,465.6194152832031,1307200.0
2024-09-17,466.21739484885,467.6488544220338,461.30542578921904,462.43292236328125,1357100.0
2024-09-18,462.4329834170308,462.4329834170308,455.638561241655,457.8935546875,1149900.0
2024-09-19,463.55069160382584,463.8938506045432,459.4426573828392,459.9917297363281,1897200.0
2024-09-20,460.31521309438256,462.8741395337387,457.619011100752,462.6780700683594,3672700.0
2024-09-23,465.4135174225982,469.8156705602354,462.8643749013427,468.0214538574219,1148400.0
2024-09-24,469.580334828091,471.3549234864896,466.1880011084498,469.9725036621094,1588600.0
2024-09-25,471.59021792036475,472.1784861305737,466.3939135580749,467.67828369140625,1283800.0
2024-09-26,469.6293632857716,472.6785082554634,467.1782705755118,472.2569274902344,1092800.0
2024-09-27,470.31571050005334,473.90408412122895,469.9039137340378,470.1294250488281,1252500.0
2024-09-30,469.93330233711066,470.2078235273123,464.8742433286238,467.5312194824219,1532600.0
2024-10-01,467.6292230247295,468.51161034039524,464.6193041751136,465.7271728515625,1342100.0
2024-10-02,464.78604251627013,468.099924938872,463.41343646208924,466.5312194824219,1024600.0
2024-10-03,462.7270908911969,463.5016445872503,458.99162788901475,460.5603332519531,1072300.0
2024-10-04,460.96227216158553,461.6191482083983,455.7855659012541,459.02099609375,2131000.0
2024-10-07,455.3640237755068,457.2170343387111,451.7559925022331,454.17767333984375,2019600.0
2024-10-08,456.403267689426,460.86424436682006,456.0110689269856,460.2563781738281,1272300.0
2024-10-09,458.35430776369725,461.4328943745046,457.8935011665561,460.3838195800781,1245500.0
2024-10-10,462.6780953154796,463.3840112546091,458.58965926790313,460.23681640625,1249500.0
2024-10-11,462.8643376672541,465.3252143187808,461.6289774086643,464.7663879394531,1105300.0
2024-10-14,465.0997712311301,468.79600844550384,464.158559962643,468.2371520996094,1076800.0
2024-10-15,468.237135304295,473.8942764993302,467.8645943409615,471.305908203125,1477100.0
2024-10-16,469.15875473148833,475.82574502650886,468.9626852619844,474.511962890625,1210100.0
2024-10-17,477.3943998795101,477.9532262330131,474.90408150780127,476.55120849609375,1051700.0
2024-10-18,473.68841027218417,477.747404439591,472.0902929598825,476.93365478515625,1255200.0
2024-10-21,475.4629740220258,475.9923885025389,471.6490594180898,473.904052734375,1065700.0
2024-10-22,472.3549800101246,473.04129794133155,468.64892900685123,472.52166748046875,1429700.0
2024-10-23,469.79603819977956,472.8059572279086,467.53120106910745,468.0900573730469,1541400.0
2024-10-24,468.99207616695406,469.07049796712903,462.3937239461298,465.17816162109375,994300.0
2024-10-25,465.8252623961103,469.2862041045693,463.67810278927334,464.49188232421875,2458400.0
2024-10-28,466.50179438326245,468.64895411900113,464.44287039988143,466.6880798339844,1440400.0
2024-10-29,465.3644536327527,467.00179671997597,463.5016291664875,465.374267578125,2056600.0
2024-10-30,464.0114238964502,465.7075907351623,463.0996246365777,464.1388854980469,1794300.0
2024-10-31,446.04987282104736,453.9423795468867,445.5792522393142,447.22637939453125,3615600.0
2024-11-01,447.5793098197432,450.3441194533192,444.6281848397218,448.3636474609375,2347400.0
2024-11-04,449.02059784458083,452.7658448604411,447.3636567371191,449.35394287109375,1616100.0
2024-11-05,449.3539197612161,451.84420834660375,445.2851119532009,445.99102783203125,1749000.0
2024-11-06,454.7463429039761,456.57975549368973,449.3539388539637,453.5796203613281,2626900.0
2024-11-07,455.9032070829472,458.8249201276986,454.5207873161636,456.364013671875,1925500.0
2024-11-08,456.2267744514619,456.51110958315564,450.2265042936316,450.4912414550781,1496700.0
2024-11-11,450.4912181065332,453.34429345930874,446.4420083782356,447.51068115234375,1981200.0
2024-11-12,449.3048712132048,451.28537318168384,444.70661910540036,446.67730712890625,1749000.0
2024-11-13,444.9615930520096,448.58922247920265,442.0398795704111,447.31463623046875,1538400.0
2024-11-14,446.73615591672643,448.9127274623253,444.23605329514226,444.618408203125,1666700.0
2024-11-15,442.2457934414212,442.85365968851863,438.15735735153453,440.3143310546875,2414000.0
2024-11-18,437.7945776698586,440.47118172795314,436.5788452387633,439.794677734375,1750700.0
2024-11-19,435.1179710676673,435.97097647413136,431.1570267441722,435.3728942871094,2084600.0
2024-11-20,435.059162802069,442.07909624834633,432.89240512098155,441.333984375,1928700.0
2024-11-21,443.010472077459,446.23611824086925,440.81427281358486,446.16748046875,2072800.0
2024-11-22,444.9615654524493,448.2558496344119,444.67723031851597,445.8831787109375,1864800.0
2024-11-25,445.6870594271277,448.05973024467505,444.15758002825265,446.7753601074219,3835600.0
2024-11-26,444.5987992059483,447.7263958520228,442.4516396296009,447.6675720214844,2600000.0
2024-11-27,447.7460039675405,450.6088934410626,447.7460039675405,448.1773986816406,2069100.0
2024-11-29,448.049961622422,452.62861625772257,447.16757417543784,451.9717102050781,1351500.0
2024-12-02,451.9716692427323,452.0207090479113,447.5205065476364,450.6971130371094,1801800.0
2024-12-03,454.2373716096713,454.2373716096713,449.0056197676505,450.52008056640625,1868300.0
2024-12-04,448.71063880053583,453.755540558612,447.75672920874257,451.82806396484375,2188300.0
2024-12-05,449.67439454051663,450.0579091146743,440.57784539852673,441.13836669921875,2303200.0
2024-12-06,440.6171755084179,443.38055732113037,439.5354476900747,441.984130859375,2191300.0
2024-12-09,440.46963652944305,443.321521492445,434.59867358325647,435.2378845214844,2833900.0
2024-12-10,437.43096923828125,438.97493144532166,429.9963857584909,437.43096923828125,2326100.0
2024-12-11,435.93614702237227,438.256981919072,432.85806666307576,433.221923828125,1612500.0
2024-12-12,432.6416997266604,435.04122420210933,430.63553352346446,431.2255859375,1719300.0
2024-12-13,430.35035067819666,430.5372011158603,425.5808326963067,428.07867431640625,2254200.0
2024-12-16,428.4917453965905,428.5015891079915,420.3196042322017,421.19482421875,3691400.0
2024-12-17,421.1358172631122,426.00371256436506,418.8739845035024,423.0633239746094,3320200.0
2024-12-18,421.8045368024228,424.14502909306395,415.04847998536,415.26483154296875,3271900.0
2024-12-19,415.0976428046043,418.5100789723728,412.07856489593553,412.6292724609375,3292000.0
2024-12-20,412.2752527381058,418.28387733326554,411.3311569171033,417.2709655761719,6680900.0
2024-12-23,415.42213856759156,418.5985656556348,410.7509381499864,415.32379150390625,2084300.0
2024-12-24,415.1763158336382,418.9919540936439,413.6028527352126,418.7067565917969,824200.0
2024-12-26,417.0841286153547,419.5229978813589,415.89421010766006,417.28082275390625,991500.0
2024-12-27,416.189208452798,418.8935877121584,414.54692949072063,415.9630432128906,1444900.0
2024-12-30,412.2260967264211,413.2881971060269,408.51864913120755,410.7313232421875,1608000.0
2024-12-31,411.66557711708634,413.1406933046685,408.85303665819447,411.724609375,1386700.0
2025-01-02,413.77005408678156,415.7073743758876,406.9058365625051,407.2992248535156,2110900.0
2025-01-03,409.246352147311,411.0558242133696,406.246961550956,406.64031982421875,1995900.0
2025-01-06,408.5383038125776,411.43937740989855,405.283216765295,406.06011962890625,2630600.0
2025-01-07,405.19471171515687,412.04908553173397,403.87694497137716,408.0662841796875,3209100.0
2025-01-08,409.82661632111194,413.44559095435864,407.3287744415965,413.0423889160156,2252300.0
2025-01-10,408.71531225424434,410.9575174920055,404.88986018440687,407.279541015625,2642600.0
2025-01-13,408.89233065092606,415.66801455750704,406.83700595314735,414.4387512207031,2824500.0
2025-01-14,415.27470152688846,420.71296192083344,413.74058311635423,420.20159912109375,2344300.0
2025-01-15,426.03318947582153,426.72158897813716,419.3361649339371,420.880126953125,2202300.0
2025-01-16,420.8211130825374,425.57097348105737,420.5555729906299,425.3152770996094,1511600.0
2025-01-17,432.70070207228355,432.70070207228355,426.33803372999546,428.7670593261719,2412200.0
2025-01-21,432.3762092335545,436.70321044698926,432.15001396138825,435.1199035644531,2281900.0
2025-01-22,438.276707776222,441.24659761074884,435.1297811877478,435.25762939453125,2643900.0
2025-01-23,435.37562858235617,435.78867432144335,433.12360945750237,433.5169677734375,1811300.0
2025-01-24,435.5231073415527,436.01481270897807,431.75665743205235,431.9631652832031,1547800.0
2025-01-27,431.0682414153105,434.07747574787953,427.77380957738194,432.19915771484375,2833400.0
2025-01-28,432.7006910338263,433.1038930063743,428.0196466817497,428.2851867675781,2158400.0
2025-01-29,428.00006542438564,431.7370145982306,427.28216470972956,431.04864501953125,2631100.0
2025-01-30,431.7173080841021,442.2103137201903,431.7173080841021,438.9748840332031,2545900.0
2025-01-31,437.0474274620207,440.73521784828574,431.3633144137768,438.7192077636719,2816500.0
2025-02-03,437.64725442123944,447.26500968659855,433.1530604037229,446.6749572753906,2701200.0
2025-02-04,448.3763212199582,451.21836281762495,445.3178980351661,447.2552185058594,2503800.0
2025-02-05,445.8784206871444,447.5207298175114,443.42973756368804,446.1734619140625,2696500.0
2025-02-06,442.56431035747426,453.85387585053417,442.534809237311,453.0376281738281,2423300.0
2025-02-07,448.96637060045555,450.55949127890875,444.99338260453067,447.5010681152344,1668100.0
2025-02-10,447.27491148216967,453.4703875761449,445.87845492800443,453.2146911621094,1876700.0
2025-02-11,452.6147875168703,454.8668064869336,451.7002227426368,453.0966491699219,1587700.0
2025-02-12,449.7334001283818,452.50662557663713,447.0093332118695,450.95281982421875,1695200.0
2025-02-13,449.96942581993557,454.9258244631444,449.79241908550676,453.4015197753906,2265300.0
2025-02-14,453.40150260224254,456.40092331925877,449.123689959001,449.418701171875,1705500.0
2025-02-18,447.32403026048576,458.29889751804234,442.58398337830107,458.1022033691406,2808500.0
2025-02-19,453.1753082064061,457.9153547972503,452.48690873887506,454.4045715332031,1883800.0
2025-02-20,452.0739107074388,454.4635915052634,450.7954587908974,454.2373962402344,1335400.0
2025-02-21,455.8895180983282,457.4531675178444,449.9300516703406,450.402099609375,1939600.0
2025-02-24,451.3953267190804,456.4992303330945,448.4549085026806,450.92327880859375,2108300.0
2025-02-25,451.6707300630569,461.20979629520434,451.6707300630569,459.73468017578125,2342100.0
2025-02-26,458.6234222938174,459.75436866371484,453.6178651849959,453.8932189941406,1576100.0
2025-02-27,455.8502156751272,460.46241437431394,452.2509288218056,452.644287109375,2071000.0
2025-02-28,457.35486777714027,460.5706102877898,452.9885214259685,459.302001953125,2332900.0
2025-03-03,461.317973418666,464.39605376516454,453.33268319719497,454.58160400390625,3072900.0
2025-03-04,460.82629178715746,461.49500390653685,452.2509486916039,453.6965637207031,5027000.0
2025-03-05,454.2668928995816,462.6160700666717,452.90978134536067,460.4820556640625,2385700.0
2025-03-06,458.94793375612545,462.3505263139579,455.66334567836736,458.4267272949219,3712100.0
2025-03-07,458.4365644744381,462.2030141292803,455.73218513644764,460.993408203125,1824000.0
2025-03-10,458.2595724919408,463.36347676000184,450.4217874993432,454.394775390625,3129200.0
2025-03-11,453.9915321933353,454.2373848621296,443.63621898417085,446.53729248046875,2845700.0
2025-03-12,445.7899081256468,447.4027161011805,441.3744036257524,443.6854248046875,2652600.0
2025-03-13,443.458463276985,449.28981146077746,441.54428007845723,447.2276306152344,2213400.0
2025-03-14,448.5103435686347,451.90456366094094,446.823110070008,449.4378356933594,1911900.0
2025-03-17,446.31987759010536,456.12759017093106,446.31987759010536,454.1838073730469,1890200.0
2025-03-18,457.933204502907,458.61402378945746,451.63814040618206,454.5784606933594,2023000.0
2025-03-19,452.8912377411934,455.427041222826,448.84579800488046,453.6312561035156,4051400.0
2025-03-20,450.03970992361695,453.8878297025489,449.1714469590054,451.65789794921875,2298100.0
2025-03-21,447.7012243763737,452.52615846294833,443.3992654964669,452.2301330566406,4969900.0
2025-03-24,451.0362587122201,455.7526412574867,448.9642012517721,452.98004150390625,2049500.0
2025-03-25,452.83203761543746,452.8813601282398,448.92474910277025,451.36187744140625,2002500.0
2025-03-26,451.361867981334,456.93666682524827,450.89812194729944,455.28887939453125,1597900.0
2025-03-27,455.8414287191729,460.43941303068334,453.31550181752084,458.54498291015625,1493300.0
2025-03-28,460.32101738380703,460.3900929905055,452.6840375785411,452.999755859375,1334700.0
2025-03-31,452.7629829626886,461.81095445249724,452.3091134450591,459.4429016113281,2373300.0
2025-04-01,455.8513113333318,461.28798920588514,454.64754692578686,460.8735656738281,1544600.0
2025-04-02,456.73934761495497,464.0507329748198,456.2460020180256,463.4883117675781,1527700.0
2025-04-03,460.35064176985566,465.7281208299744,458.80152936615735,461.0018615722656,2445200.0
2025-04-04,458.1798645952823,463.744816850977,431.3024086755746,432.1312255859375,4430700.0
2025-04-07,423.37928386070587,435.68332318024756,412.2691323504831,420.1922607421875,4159300.0
2025-04-08,425.02709018802153,427.2964677926078,403.21133316362904,407.82904052734375,3780800.0
2025-04-09,408.64802385486615,442.3632447065203,407.4738589384976,440.03466796875,4103300.0
2025-04-10,434.50916972013346,438.6138084496065,421.4157892163335,426.1321716308594,4239000.0
2025-04-11,431.4997809381644,443.64594658556535,426.95111907879317,435.9497375488281,3343000.0
2025-04-14,437.1929672345181,442.1658989388065,435.8708047395674,440.0938415527344,1897800.0
2025-04-15,443.38942767784,448.4610349902777,441.97846646327827,444.9681396484375,2321000.0
2025-04-16,444.51428272408276,448.7767660207082,439.3242771361828,442.0278015136719,1828900.0
2025-04-17,445.3529187844868,449.1023633541431,443.70516136802246,446.1028137207031,1730200.0
2025-04-21,444.54383726818855,446.44814395287614,434.41049992932284,437.94287109375,1303400.0
2025-04-22,442.32379650651256,449.2010352199145,441.39630439050984,448.5596618652344,1458600.0
2025-04-23,448.3426168673965,451.7170838190252,439.57091787979056,442.2448425292969,1973400.0
2025-04-24,441.12986636495543,445.12598359177383,436.1865641761761,443.5472717285156,2114500.0
2025-04-25,441.95875000911855,443.3697112445277,437.2028910428163,442.4323425292969,1866600.0
2025-04-28,442.6790019507046,444.8892107199312,438.2586446351031,442.03765869140625,1644900.0
2025-04-29,442.8664799153111,446.3297757045761,440.82402188003044,444.58331298828125,1214000.0
2025-04-30,443.3894154290018,449.2108874302971,438.99865769841097,447.19805908203125,2670400.0
2025-05-01,431.6181662430524,444.6128714401277,427.38525290409865,442.0869445800781,2540400.0
2025-05-02,447.6617776891628,451.0559975850007,446.0929122945376,448.8951416015625,1548600.0
2025-05-05,446.9710871080647,449.4279384147911,444.1491648968041,446.4678649902344,1462100.0
2025-05-06,446.8329541188366,447.49405045964363,440.3010633134063,441.10028076171875,1441300.0
2025-05-07,442.00805709371633,448.17487708011697,438.97890788965424,443.6755676269531,1573900.0
2025-05-08,443.9419600867327,451.9045652203042,443.5472896328429,447.19805908203125,1626400.0
2025-05-09,448.9740733277121,448.9740733277121,444.5635626773751,446.6356201171875,1058900.0
2025-05-12,450.39489713597266,451.9045333464066,446.3494575182289,448.3721923828125,1944900.0
2025-05-13,448.253782764388,449.89169370635875,444.0998214043791,444.672119140625,1666300.0
2025-05-14,441.27787789085187,442.69871550436534,433.71982034190285,440.0346374511719,1941300.0
2025-05-15,440.0346635468931,448.9444836329987,440.0346635468931,448.17486572265625,2279500.0
2025-05-16,449.6943835012967,452.2597564896768,445.9449389365272,451.6776123046875,1850500.0
2025-05-19,451.677594805119,455.50596126723,449.2404664714405,454.2035217285156,1640500.0
2025-05-20,455.21980255519685,455.56515047091193,451.7663836208931,453.72991943359375,1329700.0
2025-05-21,450.6416307453119,452.98008419953607,447.75063259774487,449.4378662109375,1867600.0
2025-05-22,450.0100839604301,452.9997569239802,447.59270872312044,452.8912353515625,1654400.0
2025-05-23,447.53355149601805,454.34171500755986,447.53355149601805,452.7926025390625,1627000.0
2025-05-27,457.0945535310773,461.89973463210856,456.3545351657499,461.7221374511719,3330800.0
2025-05-28,459.9066174276353,460.83410955779163,455.9500062202327,456.35455322265625,2692900.0
2025-05-29,457.77538092962027,458.7719185367782,455.002781147421,457.90362548828125,1306800.0
2025-05-30,460.34073448741555,462.8568149348432,454.4896633154118,461.3570251464844,4344700.0
2025-06-02,458.97913619169975,460.1434245237264,455.1803692361447,458.3871154785156,1865400.0
2025-06-03,456.1572064623081,465.99451893506154,455.8513345990886,465.5406494140625,2606600.0
2025-06-04,466.35231768496635,470.6482112367587,464.2043558053401,468.95556640625,2092600.0
2025-06-05,469.18324693630154,470.05430927435594,464.5606898408152,465.48126220703125,1679000.0
2025-06-06,468.5893016695827,470.40072212000376,466.4611560178365,467.90631103515625,1352700.0
2025-06-09,467.371826171875,471.10350459248565,463.3431782239804,467.371826171875,1616000.0
2025-06-10,467.58961673340406,471.16291763860323,466.9461978269629,470.7273864746094,1859600.0
2025-06-11,468.9357646970625,469.7177451954903,462.64040935289984,463.7787170410156,2734200.0
2025-06-12,463.6599608160692,467.35203747464294,461.7198564546217,465.7485046386719,1572800.0
2025-06-13,465.85736914732166,468.08450463932706,460.40335212051286,461.2447204589844,1415800.0
2025-06-16,462.0662864824414,464.7883410538352,460.1559063421261,461.8584289550781,1586500.0
2025-06-17,460.3440077553933,460.8389268003818,455.5235010903991,456.21636962890625,1272700.0
2025-06-18,456.2163523978656,457.73080341003197,453.61307348635665,454.0387268066406,1223200.0
2025-06-20,457.7902008390344,458.532579393985,450.7524666376847,451.2275695800781,4365000.0
2025-06-23,452.6628262419547,455.3848808193989,448.34714693875094,455.0780334472656,1611000.0
2025-06-24,456.1866620419048,459.2155640899895,454.22680201517954,458.4533996582031,1470600.0
2025-06-25,457.03791897698926,459.1066768099458,455.0582429407677,455.5234680175781,1608900.0
2025-06-26,456.13717853714195,461.7000635581971,453.8506550527931,459.74017333984375,1983000.0
2025-06-27,459.8193743841695,462.620602763294,457.1567076236171,459.0769958496094,2643200.0
2025-06-30,461.46253324683886,465.26350791724417,458.83943812187306,464.4122314453125,1856200.0
2025-07-01,465.01603938636623,472.98422383581686,464.2043649121537,471.9053039550781,1856300.0
2025-07-02,471.1926150230465,473.8552818466394,469.61877611741255,472.321044921875,1423100.0
2025-07-03,471.7766018851272,472.3606027039478,469.18323105300664,470.7471618652344,952700.0
2025-07-07,467.5697721185906,468.8862735772783,463.03632736122586,464.8180236816406,2099500.0
2025-07-08,463.6203549564004,466.9957063628408,462.77898656466976,465.1744079589844,1627200.0
2025-07-09,467.60938688384,471.61821881812665,462.8086664019131,466.48095703125,1522500.0
2025-07-10,467.24316157264474,467.4213251718515,464.28352526211904,465.5604248046875,2238500.0
2025-07-11,464.243939159526,464.8477258517983,459.75997413980383,464.04595947265625,1326400.0
2025-07-14,463.66984701539536,465.22390005900013,461.5614870606576,464.01629638671875,1133000.0
2025-07-15,463.41247422028687,464.49139402579664,455.39478030147507,455.8797912597656,1263700.0
2025-07-16,455.82039256915886,457.8396705187587,451.36612163200095,454.99884033203125,1438000.0
2025-07-17,454.1871793010045,457.4239387359163,452.42526884230506,456.6023864746094,1515000.0
2025-07-18,459.1759931372111,460.7399239840808,456.3450405716637,460.28460693359375,2267600.0
2025-07-21,460.2846003118927,471.39058441742463,459.5026197959773,465.6495056152344,1797700.0
2025-07-22,465.64951923702006,471.5390678771893,464.14497623491246,467.2233581542969,1405300.0
2025-07-23,468.65860590517053,469.38119853039694,464.92692746541724,465.2139587402344,1193900.0
2025-07-24,461.89804011340163,467.36193525060594,457.74070823876235,466.69873046875,1383200.0
2025-07-25,467.6391249709122,468.84672868855847,463.8084562703554,468.0845642089844,1212100.0
2025-07-28,463.9865552197718,466.5601400208824,461.27440880871376,462.70965576171875,1283700.0
2025-07-29,465.12491186375837,466.87694461362713,462.5018469700539,466.71856689453125,1386100.0
2025-07-30,466.6096639650698,467.5401141750612,460.5320738735428,461.4922180175781,1301600.0
2025-07-31,453.7516488522552,462.8482626421628,453.7516488522552,455.5828552246094,2228600.0
2025-08-01,453.67244362450236,457.8099894803187,444.7540236602372,454.7414855957031,2219300.0
2025-08-04,455.1869417336793,463.72924951188486,455.1869417336793,462.65032958984375,1684900.0
2025-08-05,463.1848045300676,466.2533084271643,461.23482242643325,465.06549072265625,1691000.0
2025-08-06,466.975874051238,468.5695289789289,463.1947157544461,466.6888427734375,1275900.0
2025-08-07,468.5200610884479,470.95508459763744,462.73941012906255,464.6596984863281,1090400.0
2025-08-08,464.23403387501463,468.5794373057493,463.92718650376224,467.6192932128906,939300.0
2025-08-11,466.31272124043704,468.61903065434126,461.3932248197872,465.60003662109375,1069200.0
2025-08-12,465.71881273255525,469.6583791325877,465.16450582900285,468.42108154296875,1347700.0
2025-08-13,469.7474659439414,471.31139682261613,463.7391415348834,470.79669189453125,1797800.0
2025-08-14,470.87583438689626,473.73648075425734,467.8172385407039,472.7763366699219,1545400.0
2025-08-15,475.9933351123112,477.76515371263855,473.71668943076867,475.2014465332031,1951300.0
2025-08-18,475.54787198170084,476.1615667199819,472.31111253586704,473.64739990234375,1218100.0
2025-08-19,473.6077831377237,477.91358442529764,471.7072809102403,475.0430603027344,1512400.0
2025-08-20,477.8839358033988,481.43745089092437,475.61719813877943,477.4582824707031,1160900.0
2025-08-21,476.50803339881696,478.00269852751177,475.1717459837387,475.8250427246094,1263500.0
2025-08-22,479.1409962653698,480.79403907323854,474.81540889048955,476.7752990722656,1782500.0
2025-08-25,477.0227581514956,479.0816079688398,471.83598631753733,472.9941101074219,1151800.0
2025-08-26,471.4499730613214,477.19102166552113,470.18298156624127,477.02276611328125,1699500.0
2025-08-27,475.28064306587686,478.9034539640851,474.5085705929774,477.8047180175781,2259600.0
2025-08-28,477.6562339428242,478.10167313613977,474.26109677386273,477.2503967285156,2579200.0
2025-08-29,477.2800805849907,478.40851040692274,472.15272698409393,473.42962646484375,2058200.0
2025-09-02,472.32104653145984,472.32104653145984,467.6984894397881,469.32183837890625,1262500.0
2025-09-03,467.0155032603467,469.4109247111391,465.22389874772364,466.9858093261719,1617900.0
2025-09-04,467.46243712082713,469.6172197672911,465.32747316548324,469.0810241699219,1660600.0
2025-09-05,467.8496966931324,471.72237203052435,463.321640867288,466.2311096191406,1066200.0
2025-09-08,466.3701106919887,471.74221814646376,463.3315479253255,471.3052978515625,1677200.0
2025-09-09,469.8058609877539,471.1960481383784,467.08506397125973,470.1236267089844,2966100.0
2025-09-10,469.61722448778147,471.6032149377876,466.2013184894662,469.38885498046875,1551500.0
2025-09-11,469.59736370216837,481.04659714683794,469.1703830390517,480.2025451660156,1907400.0
2025-09-12,475.8035905647993,480.53025748252685,475.78374156988275,478.6634216308594,2069700.0
2025-09-15,478.0080467401347,479.91458060392,472.18907895779813,473.390625,1130700.0
2025-09-16,473.1026373262464,475.08862773386096,467.6014354120876,468.1674499511719,1470500.0
2025-09-17,470.58044451902487,478.0080599237264,468.70369924810603,476.4986877441406,1698800.0
2025-09-18,475.5355117970671,476.5781446923815,467.99865115085277,472.6657409667969,1650900.0
2025-09-19,474.165139793038,477.51152871298416,470.67971700156727,475.6546325683594,3742100.0
2025-09-22,473.6388560781451,475.3269297168735,470.96769659588415,474.41339111328125,1562700.0
2025-09-23,475.06878318545773,479.5868992835437,471.32517183762917,476.578125,1462900.0
2025-09-24,476.24049219477604,478.36548611220627,470.0044837052569,470.8088073730469,1579400.0
2025-09-25,470.8088275804371,473.01327817665003,466.61838654813346,470.4612731933594,1536700.0
2025-09-26,469.41862837644356,471.83159942190366,467.42269834180433,471.08685302734375,1476400.0
2025-09-29,471.4145106742214,473.3707123437435,468.09791048955384,473.1522521972656,1859600.0
2025-09-30,470.3818478277326,475.426250211573,469.9151388621879,471.6727294921875,2171200.0
2025-10-01,469.46828282274987,471.7521597263123,457.57218907836403,463.54010009765625,2286100.0
2025-10-02,460.1837669937373,466.995729952955,459.70714868313235,466.19140625,1677500.0
2025-10-03,463.7486096324442,466.1417317124492,459.75677981855273,463.4606628417969,1250700.0
2025-10-06,463.4606550891857,467.27375297534456,461.842068083841,465.26788330078125,1539000.0
2025-10-07,464.8210765162269,467.2737759638525,462.6265655274492,467.0751647949219,1283300.0
2025-10-08,467.0155564137351,468.38589459822174,464.25503105071414,464.55291748046875,1208500.0
2025-10-09,464.57280948755476,466.70774310268837,454.3052427757527,454.95068359375,1499900.0
2025-10-10,454.86131230585977,459.796499594406,449.747393156676,450.6410827636719,2038900.0
2025-10-13,453.36188862826566,456.5791833970761,451.8128185318896,453.44134521484375,1287400.0
2025-10-14,450.0750792726071,458.83330430433955,449.8963474075862,456.0330505371094,1664800.0
2025-10-15,455.81458293735255,458.29707092370154,447.6323122315651,448.2579040527344,1838000.0
2025-10-16,448.8735544980241,449.30053515711955,437.861241469399,441.128173828125,3033700.0
2025-10-17,441.08848798482677,448.1685184344118,439.7876666734698,447.73162841796875,2365300.0
2025-10-20,449.1912956622869,452.05112669667614,446.5598644340498,448.39691162109375,1895900.0
2025-10-21,447.3939855782666,449.2807007449177,445.23920291459996,446.9272766113281,1766100.0
2025-10-22,447.17550345367124,451.8922305310143,444.61358923796877,446.7684020996094,1856800.0
2025-10-23,449.40973398161117,449.4991302129245,445.51720994357686,446.92724609375,1527000.0
2025-10-24,446.3910659478869,447.24502726498105,442.46872282805833,442.8758544921875,1593300.0
2025-10-27,444.51429516204075,446.9967831617213,441.14805719245436,441.7041320800781,2337600.0
2025-10-28,442.3495722448275,444.08731384203315,438.89393804501333,439.61883544921875,2110300.0
2025-10-29,435.7163932869869,436.36183413732414,428.19941198788564,428.98388671875,4087200.0
2025-10-30,429.42077580135344,432.14157288522574,425.607647659773,426.8985595703125,3635300.0
2025-10-31,422.0229839027978,423.4231108505561,411.5667450667233,415.3699035644531,4072800.0
2025-11-03,419.29222408497236,419.29222408497236,406.13503765720236,409.2927551269531,4908100.0
2025-11-04,413.2548300412795,418.3687493140212,411.10001710105934,415.0124206542969,3483500.0
2025-11-05,413.3739714503885,416.84945457604283,412.09299918472396,415.3003845214844,3076400.0
2025-11-06,413.4335810209765,416.5515703677749,410.6929044163711,412.4107971191406,3443900.0
2025-11-07,414.07899974686615,419.85823910257824,411.10001413717646,417.5644226074219,2563300.0
2025-11-10,417.5743541052842,419.21282052058154,413.0066001711532,417.72332763671875,2624200.0
2025-11-11,422.7577477253342,425.39911847492107,418.9843782566713,423.661376953125,2477700.0
2025-11-12,425.00193331593175,428.5369937014512,421.9236422241436,425.9552001953125,2592700.0
2025-11-13,424.2075661616424,425.99494541950133,417.9715574501713,425.6374816894531,2873300.0
2025-11-14,425.6374802094996,427.0872447271136,420.1064896318387,420.42425537109375,2469700.0
2025-11-17,418.656675871989,420.41429670386685,414.63505758580783,414.92303466796875,2249300.0
2025-11-18,415.7968923862712,416.44233320765306,410.75245978338535,411.8149719238281,2586700.0
2025-11-19,411.82491500648155,413.15552495353694,407.85293416017566,410.3056335449219,2635300.0
2025-11-20,411.6958359601737,413.0363856059917,405.3505817784133,405.64849853515625,2723600.0
2025-11-21,404.526406484909,413.50309195655376,403.57313953777276,409.8488464355469,3100100.0
2025-11-24,407.36636688415774,409.57081757956547,403.86109481888167,404.81439208984375,4038300.0
2025-11-25,408.78635200777865,409.9779280791647,403.24542175807346,404.99310302734375,3580000.0
2025-11-26,404.6455630889775,407.6146091798222,404.17885411080835,405.0427551269531,2591500.0
2025-11-28,404.96331276270143,408.69695413600846,403.62276317192345,407.44580078125,1160800.0
2025-12-01,407.1478866983638,408.687047462211,403.8710146139815,404.2880859375,2074800.0
2025-12-02,405.14203898387416,408.4387902995001,401.43815600242016,405.926513671875,2139800.0
2025-12-03,406.97298752559885,409.64400833078815,404.6408248450607,407.7802734375,1957500.0
2025-12-04,406.2454339042207,407.36171004153556,400.5844560772046,402.3784484863281,2859800.0
2025-12-05,402.6076485552278,403.25546645743196,397.59448877800867,398.23236083984375,3183600.0
2025-12-08,397.4250804818602,398.0828746490494,386.48182728929964,388.07647705078125,4569900.0
2025-12-09,389.9003281229451,395.50150904393996,388.7940586967063,389.0731201171875,3574700.0
2025-12-10,388.31566387869293,393.0298402026187,387.69774431976526,391.36541748046875,5121700.0
2025-12-11,393.9168445304557,402.9365660766471,393.54808804666027,401.9498596191406,3272500.0
2025-12-12,405.38833670397247,416.62059755443215,405.38833670397247,414.8465576171875,4726400.0
2025-12-15,416.0325540947987,420.0989124313366,408.62743495135516,415.5940246582031,4798100.0
2025-12-16,417.12888473147694,423.0290797136971,413.51103202616616,422.09222412109375,3960500.0
2025-12-17,421.5839110927864,422.98919444627865,419.3713418321368,420.9261169433594,4766000.0
2025-12-18,420.11884669033736,423.0589831687124,417.06909305734683,417.58734130859375,3370800.0
2025-12-19,416.6305533541843,421.9726254161616,415.7933690848907,420.0191650390625,6048500.0
2025-12-22,420.1487399753835,423.86626399349734,419.1221893258816,422.09222412109375,2354200.0
2025-12-23,422.1819319095039,423.90612096979413,421.5839344300661,423.6769104003906,1656600.0
2025-12-24,423.1885318876208,425.2017890631585,422.72013449060483,423.4775695800781,830100.0
2025-12-26,423.97588776686723,424.5738852376088,421.99255939739896,423.3479919433594,1328200.0
2025-12-29,422.4310938779623,425.86952614869045,422.3314225624162,425.1120910644531,2240300.0
2025-12-30,422.5805749296477,428.0222879678502,421.9825774669474,426.92596435546875,1501800.0
2025-12-31,425.6801459007691,427.5638333323313,424.85293788106685,424.96258544921875,1569200.0
2026-01-02,424.852949234686,429.3677830221615,420.6669973296266,427.6734619140625,2202400.0
2026-01-05,424.1851695788683,432.5371206952203,422.6503469403981,431.6501159667969,2617800.0
2026-01-06,432.61688117468856,437.5303698277239,432.0089074416,435.696533203125,2359400.0
2026-01-07,435.44736143810917,437.5502831984484,431.44083012882066,432.6866455078125,2322200.0
2026-01-08,431.9889712793315,440.9488656390679,430.96242063661003,438.2180480957031,2801600.0
2026-01-09,436.3543303689017,443.5601072480871,435.70651243756106,442.5933532714844,1787900.0
2026-01-12,440.8990515620819,444.4870059432439,437.91907090299895,442.1448669433594,2284900.0
2026-01-13,442.4837226234404,443.18139139925273,438.61670683493327,441.41729736328125,1790300.0
2026-01-14,440.3508624594807,442.8723915053654,436.4340263079429,438.507080078125,2542000.0
2026-01-15,440.301059831646,442.5136291942338,436.27457595058945,438.56689453125,2336600.0
2026-01-16,437.9888046581345,439.0552299028042,434.20153814122784,437.490478515625,3297000.0
2026-01-20,432.8660477821501,433.45406900770234,427.73329435960454,431.699951171875,2958400.0
2026-01-21,432.01889080327726,439.4738612520038,431.58036134068067,437.87921142578125,2633300.0
2026-01-22,438.37753728409405,445.7926331176581,438.37753728409405,444.1481628417969,2214000.0
2026-01-23,441.75615784267666,450.46691966903285,441.58674398349433,450.05828857421875,1639000.0
2026-01-26,451.11472397336206,454.05482993454035,450.6363199319472,453.5066833496094,1945500.0
2026-01-27,453.5067018475428,455.47010812544414,450.9253760005766,451.5133972167969,1929100.0
2026-01-28,451.1645678361323,451.9718537873208,447.4968945745086,449.988525390625,2281300.0
2026-01-29,451.3938069368948,454.5133335721198,446.65970840603114,453.476806640625,2717200.0
2026-01-30,451.1147486058284,455.8388709130267,450.0782216672049,455.4402160644531,2816700.0
2026-02-02,457.81225140379513,460.8221304746409,456.46676468245596,458.6195373535156,2191500.0
2026-02-03,456.85547567702923,465.24727125434373,456.74582810482633,462.01812744140625,2912200.0
2026-02-04,464.64926281483207,475.7320315851439,464.0712178604444,471.74542236328125,3420300.0
2026-02-05,469.4930004288793,472.79191706766863,457.7225393453196,458.1510925292969,3453400.0
2026-02-06,454.3737705517155,456.45677017707254,443.51026673061034,446.7394104003906,3132800.0
2026-02-09,446.669684457804,455.9684372377051,442.5335529898731,454.81231689453125,3610600.0
2026-02-10,452.79907319714977,462.606128026854,452.65952727792,458.9683532714844,2567800.0
2026-02-11,456.8952960633376,466.0944075299575,453.75584747374717,465.9449157714844,2392600.0
2026-02-12,468.3468781768579,475.95130993634183,467.9083487166639,471.2770080566406,3757600.0
2026-02-13,472.5826484798502,486.90453758884587,471.7653862699293,479.3897705078125,4412900.0
2026-02-17,477.52603035790275,482.1504813009717,476.4097846273487,480.6056823730469,2249500.0
2026-02-18,481.2136157287787,486.6354066639005,480.9844051660714,483.6554260253906,2451000.0
2026-02-19,483.2766883769906,488.90776772121114,480.5857454485896,488.46923828125,3072600.0
2026-02-20,486.60550543273797,496.68167592334976,486.3663186155318,494.84783935546875,3202400.0
2026-02-23,491.8977354786592,498.8942541613551,491.1203478934057,496.522216796875,2159200.0
2026-02-24,496.1933147484836,502.80112456729904,492.91435047967497,502.3127746582031,2761700.0
2026-02-25,505.15322170175233,507.9139376087953,498.7148563936694,506.5684509277344,3483400.0
2026-02-26,505.1931072841673,508.9404993115329,495.7847069836568,496.8411560058594,1945600.0
2026-02-27,496.6019326841077,507.82424736278256,496.6019326841077,506.37908935546875,3239500.0
2026-03-02,506.2993772398446,508.34250232435124,497.84775463873245,507.6348876953125,3071800.0
2026-03-03,498.3261502337422,501.96392504736565,489.94430073696094,500.0005187988281,3815300.0
2026-03-04,500.52873883428094,502.3027786966633,495.6750470407894,497.51885986328125,2907000.0
2026-03-05,493.93091970772394,495.5953424652057,486.9144788573467,488.41943359375,3784900.0
2026-03-06,486.36631419368973,486.6652977124793,478.08413615366555,483.1172180175781,2195600.0
2026-03-09,481.0441988785517,484.9112146377527,477.22700356778205,482.0009765625,2279400.0
2026-03-10,479.180461438064,481.4229290831355,473.0410797021519,476.3399963378906,2505600.0
2026-03-11,477.1600036621094,482.0299987792969,471.1400146484375,481.54998779296875,2007400.0
2026-03-12,480.3900146484375,492.80999755859375,477.5299987792969,490.4100036621094,2908500.0
2026-03-13,498.0,500.010009765625,492.6199951171875,493.9200134277344,2648800.0
2026-03-16,494.2900085449219,498.4800109863281,490.8900146484375,497.4100036621094,2217600.0
2026-03-17,497.4100036621094,500.3399963378906,493.2300109863281,494.04998779296875,2471000.0
2026-03-18,491.44000244140625,494.4700012207031,488.3800048828125,488.57000732421875,2200800.0
2026-03-19,488.67999267578125,491.7799987792969,483.4599914550781,489.79998779296875,2744500.0
2026-03-20,492.8999938964844,495.80999755859375,484.3399963378906,488.1499938964844,6334100.0
2026-03-23,488.8599853515625,490.260009765625,477.3299865722656,478.04998779296875,2794300.0
2026-03-24,473.92999267578125,486.8399963378906,473.44000244140625,479.8399963378906,3181800.0
2026-03-25,483.1499938964844,492.4100036621094,481.95001220703125,492.3399963378906,2086000.0
2026-03-26,491.25,500.30999755859375,491.1499938964844,495.489990234375,3051700.0
2026-03-27,497.6099853515625,498.260009765625,486.42999267578125,491.1199951171875,2154100.0
2026-03-30,495.8500061035156,503.6300048828125,494.8500061035156,499.260009765625,2458600.0
2026-03-31,496.1400146484375,500.2799987792969,491.9100036621094,495.760009765625,2761300.0
2026-04-01,492.82000732421875,494.44000244140625,488.489990234375,493.8299865722656,2472400.0
2026-04-02,500.0,502.70001220703125,494.3699951171875,502.6000061035156,2127700.0
2026-04-06,503.6600036621094,503.6600036621094,497.2699890136719,499.4700012207031,1488700.0
2026-04-07,499.7900085449219,500.489990234375,490.19000244140625,494.5899963378906,1703800.0
2026-04-08,488.0,500.8699951171875,482.7699890136719,500.4800109863281,2544000.0
2026-04-09,499.4599914550781,507.17999267578125,497.5299987792969,503.29998779296875,1919000.0
2026-04-10,505.95001220703125,506.3299865722656,499.7300109863281,503.1499938964844,1153000.0
2026-04-13,503.6099853515625,509.2300109863281,502.7900085449219,508.8699951171875,2247600.0
2026-04-14,502.5,503.3800048828125,494.6600036621094,499.6499938964844,1956500.0
2026-04-15,496.4700012207031,499.6400146484375,490.8900146484375,497.94000244140625,1553000.0
2026-04-16,496.79998779296875,500.7099914550781,495.04998779296875,499.2200012207031,1630800.0
2026-04-17,496.55999755859375,497.9599914550781,488.0,492.2300109863281,3012400.0
2026-04-20,494.6499938964844,501.3599853515625,492.5199890136719,498.1499938964844,1717500.0
2026-04-21,495.57000732421875,498.0,492.32000732421875,494.8399963378906,1544400.0
2026-04-22,496.4599914550781,501.2300109863281,493.94000244140625,494.6199951171875,1554600.0
2026-04-23,499.04998779296875,508.260009765625,498.1000061035156,508.05999755859375,1716400.0
2026-04-24,507.2200012207031,510.6499938964844,501.760009765625,510.29998779296875,1486800.0
2026-04-27,510.2799987792969,512.9600219726562,506.5199890136719,510.75,1773700.0
2026-04-28,513.0,515.6300048828125,509.0,510.2900085449219,2743200.0
2026-04-29,508.20001220703125,509.0,503.4599914550781,504.7099914550781,1440000.0
2026-04-30,501.9800109863281,507.6499938964844,499.6600036621094,501.1400146484375,3036800.0
2026-05-01,503.3599853515625,521.280029296875,502.0,507.9200134277344,2578300.0
2026-05-04,503.5799865722656,506.29998779296875,492.510009765625,493.54998779296875,2406600.0
2026-05-05,494.5899963378906,503.2099914550781,490.3999938964844,500.2900085449219,1902800.0
2026-05-06,497.5299987792969,505.1700134277344,497.07000732421875,501.8699951171875,2289300.0
2026-05-07,500.92999267578125,503.739990234375,493.510009765625,493.8500061035156,1937600.0
2026-05-08,494.0,497.5799865722656,492.260009765625,493.1600036621094,1686200.0
2026-05-11,493.9100036621094,506.2099914550781,493.8500061035156,504.3999938964844,1769200.0
2026-05-12,504.19000244140625,505.7799987792969,496.739990234375,503.8699951171875,1430400.0
2026-05-13,504.2099914550781,515.75,503.67999267578125,513.260009765625,2359000.0
2026-05-14,514.0499877929688,514.7899780273438,508.2900085449219,511.6499938964844,1969000.0
2026-05-15,516.77001953125,517.010009765625,504.1300048828125,506.1099853515625,2157300.0
2026-05-18,506.4200134277344,514.1300048828125,504.6499938964844,510.8599853515625,1881300.0
2026-05-19,508.7099914550781,510.3699951171875,504.79998779296875,506.07000732421875,2104800.0
2026-05-20,500.29998779296875,512.3900146484375,499.9700012207031,506.6300048828125,2049700.0
2026-05-21,509.4599914550781,516.530029296875,505.75,514.510009765625,1655700.0
2026-05-22,517.02001953125,521.22998046875,514.97998046875,517.5800170898438,1454000.0
2026-05-26,517.8499755859375,519.0800170898438,512.6900024414062,514.969970703125,2099100.0
2026-05-27,512.97998046875,515.8400268554688,507.69000244140625,507.8699951171875,1594800.0
2026-05-28,507.8399963378906,508.25,498.5799865722656,501.9800109863281,2266400.0
2026-05-29,500.0,502.5299987792969,495.3299865722656,497.69000244140625,4481400.0
2026-06-01,496.1499938964844,498.3399963378906,488.8800048828125,497.4100036621094,2507300.0
2026-06-02,493.4700012207031,499.7900085449219,490.44000244140625,495.9100036621094,3006900.0
2026-06-03,498.1499938964844,512.2100219726562,496.1400146484375,507.57000732421875,2279600.0
2026-06-04,508.6099853515625,512.1599731445312,504.510009765625,507.45001220703125,2995800.0
2026-06-05,512.2899780273438,517.6199951171875,507.0199890136719,507.8999938964844,2886200.0
2026-06-08,507.1300048828125,510.2699890136719,499.95001220703125,501.9200134277344,1890500.0
2026-06-09,507.95001220703125,517.0800170898438,506.3599853515625,515.5900268554688,2956600.0
2026-06-10,522.25,522.8900146484375,504.9700012207031,509.1600036621094,2572100.0
2026-06-11,514.02001953125,518.5900268554688,512.0,515.4400024414062,2259500.0
2026-06-12,518.4000244140625,525.8200073242188,517.1900024414062,523.5700073242188,2191200.0
2026-06-15,519.0700073242188,525.8699951171875,517.77001953125,521.47998046875,2860700.0
2026-06-16,520.5599975585938,523.6400146484375,513.5700073242188,518.1699829101562,2490600.0
2026-06-17,514.030029296875,519.5999755859375,511.4100036621094,515.8499755859375,2090800.0
2026-06-18,516.0499877929688,518.8400268554688,511.1600036621094,512.1500244140625,5193700.0
