date,open,high,low,close,volume
2016-06-06,117.69639963431229,118.50009036228114,117.43842193558527,117.86507415771484,12744700.0
2016-06-07,118.31154281397929,118.37108077519133,116.75376782706302,116.84307098388672,17103000.0
2016-06-08,116.8430783090163,117.67653411834874,116.3568881835832,117.46817016601562,14505600.0
2016-06-09,117.2101962754921,117.75591681343775,116.79346835741875,117.63684844970703,13859200.0
2016-06-10,116.6247945899361,117.19035607374938,115.35476231540727,115.71195983886719,18510800.0
2016-06-13,114.10457151725663,114.58083740742839,112.427728000389,113.062744140625,31718200.0
2016-06-14,113.18180773821305,114.05495300176149,112.69562518225908,114.04503631591797,17618500.0
2016-06-15,114.4022338270363,114.54114312873868,113.1818077392348,113.70767974853516,19819400.0
2016-06-16,112.98337320683586,113.60846509306874,112.06061419192665,113.49932098388672,19236300.0
2016-06-17,113.52908476400712,113.53900902016952,111.68356675725173,112.13998413085938,24644300.0
2016-06-20,112.88414595270305,113.82675348159424,111.87209133967171,112.48726654052734,20785400.0
2016-06-21,113.23141742962368,114.31292660734888,113.08258387737087,113.48938751220703,19166300.0
2016-06-22,113.75728430364879,113.84657988899076,112.72538130976183,113.0230484008789,14846300.0
2016-06-23,113.47947394345815,114.19386138791243,112.6559348256976,114.18394470214844,16176900.0
2016-06-24,110.14563762269253,112.79484620850086,110.13571336675618,111.20730590820312,40643100.0
2016-06-27,110.70126712116345,110.70126712116345,107.3872774483492,108.12151336669922,36130400.0
2016-06-28,109.7685897340645,111.87208532750277,109.68921839788862,111.82247161865234,26813800.0
2016-06-29,112.4872684427777,113.36041376231523,112.159836109205,113.2711181640625,20968300.0
2016-06-30,113.77712227328999,114.28315328698235,112.78490875545545,113.3901596069336,23192700.0
2016-07-01,113.31078948828944,114.23354843417259,112.92382679195029,113.30087280273438,14980000.0
2016-07-05,113.05282853993931,113.31079864501953,112.09038006409278,113.31079864501953,14207000.0
2016-07-06,112.47733110457197,115.8806239586372,112.09036841717003,115.79132080078125,24337600.0
2016-07-07,115.7218777226838,116.05923430721589,114.46176969131845,114.94795227050781,16630200.0
2016-07-08,115.5234500731206,116.58511850908457,114.94796426708659,116.32714080810547,18142600.0
2016-07-11,116.79347453413618,117.7757639843981,116.58511056408001,116.95223236083984,17711600.0
2016-07-12,117.70629575433999,117.79559891406021,116.65455176867519,117.01174926757812,15217700.0
2016-07-13,117.46816917528216,117.47809343102075,115.77148480346032,115.8707046508789,16207700.0
2016-07-14,116.58510345931145,116.72401276421702,115.79132951414593,116.37673950195312,14579700.0
2016-07-15,116.82323379347616,117.35903007637006,115.67226988836256,115.95008850097656,16646000.0
2016-07-18,116.40649565385152,118.67866563607161,115.97984351622961,118.44053649902344,20868400.0
2016-07-19,118.0635094716297,119.90902761281745,117.73608469431446,119.6708984375,21541300.0
2016-07-20,120.30589894193463,121.24849883348408,119.62126913586857,120.9706802368164,20046500.0
2016-07-21,120.97069599984567,121.14929477383127,119.31370088952883,119.6708984375,17801700.0
2016-07-22,118.96641261906706,120.06777032497166,118.38100265638425,120.05784606933594,18422400.0
2016-07-25,120.44481609165388,120.9012334687872,116.86292415829227,120.68294525146484,18487400.0
2016-07-26,121.05005605295084,121.1195107003456,119.80978908519519,120.27613067626953,17612000.0
2016-07-27,121.4667811332931,124.02669391244319,120.56387073800461,122.3796157836914,52654200.0
2016-07-28,126.52707788014226,127.33077606240288,122.66736749208904,124.02670288085938,78955800.0
2016-07-29,123.6794310995015,124.86016017739414,122.74674786033498,122.97496032714844,35058800.0
2016-08-01,122.88565418064472,123.60997344730661,121.90336482557315,123.34207153320312,25006900.0
2016-08-02,123.09402500549135,123.82826856886652,121.11952192936458,122.13157653808594,23968400.0
2016-08-03,122.13157711390133,122.95511627752165,121.35765166182037,121.55609893798828,18525300.0
2016-08-04,121.98275151482632,123.81834529789197,121.55609933216871,123.39169311523438,21066000.0
2016-08-05,124.0068549903118,124.8601516939265,123.6496575004318,124.17552947998047,20184000.0
2016-08-08,124.2747589714972,124.47319867239807,123.58021244835484,124.28468322753906,15233900.0
2016-08-09,124.36404600712956,125.10820618927846,123.56035543280517,124.08622741699219,19621000.0
2016-08-10,124.09616156671004,124.50297279898169,123.57028954059452,123.90763854980469,10670100.0
2016-08-11,124.22512685343511,124.40372558577664,123.77863380757543,123.9274673461914,11729500.0
2016-08-12,123.72903978904947,124.02670691363797,123.21309201908409,123.90763854980469,12159000.0
2016-08-15,123.93740242696806,123.94731911241733,122.73681732858348,122.93526458740234,19295100.0
2016-08-16,122.53837498726888,122.95510286678456,121.82398001096271,122.33993530273438,14222400.0
2016-08-17,122.6971405624216,123.41152801398773,121.89344237817724,123.401611328125,13794200.0
2016-08-18,123.0444102753831,123.2924636746166,122.67728851932148,122.9451904296875,12400800.0
2016-08-19,122.63760510364374,123.19324989286983,122.3200970397957,122.59791564941406,11688300.0
2016-08-22,122.36970424829119,123.85802463787394,122.15141604662082,123.18331909179688,14386400.0
2016-08-23,123.5405206300953,124.11599877969114,123.28254296786938,123.401611328125,13309500.0
2016-08-24,123.50082877928679,123.71911698385676,122.13156915788929,122.51853942871094,12243700.0
2016-08-25,122.1613376259966,123.4016045901454,122.14148911537649,122.92533874511719,10730800.0
2016-08-26,123.08409672631463,124.21521959363841,122.94518743173022,123.98700714111328,17504800.0
2016-08-29,123.38175267516026,125.74322575453435,123.38175267516026,125.55470275878906,15925900.0
2016-08-30,125.61424531365566,125.61424531365566,124.17553856360955,124.86016082763672,17804300.0
2016-08-31,124.62202990480637,125.23720507808893,124.12592309183341,125.13798522949219,14200600.0
2016-09-01,125.39596314818345,125.64401657015168,124.62203768284093,125.1875991821289,13536100.0
2016-09-02,125.86228182003623,125.87220607470069,125.01890185327765,125.52493286132812,12118800.0
2016-09-06,125.68370764869786,128.92825068912504,125.48526793655721,128.71987915039062,26278400.0
2016-09-07,129.02744143203958,130.95233811236915,128.93814584748253,130.0295867919922,27990800.0
2016-09-08,129.90057841541721,130.05933619533843,128.7992209196734,129.25564575195312,15676600.0
2016-09-09,128.70002954077003,128.93815110930632,126.11034393310547,126.11034393310547,27100700.0
2016-09-12,124.97924144750411,127.75743537007445,124.77087747106059,127.68798828125,21252800.0
2016-09-13,127.0331202505507,127.35063590536699,125.67379231082029,126.2195053100586,18016200.0
2016-09-14,125.90197838606804,127.79710992473068,125.90197838606804,126.7751235961914,15691100.0
2016-09-15,126.98350232016055,128.09478429889697,126.67591095060588,127.35062408447266,15077200.0
2016-09-16,127.2017815657236,128.17414666273757,127.2017815657236,128.0650177001953,24119200.0
2016-09-19,128.89846844040872,128.92823363629392,127.26130696683522,127.64826965332031,14958800.0
2016-09-20,127.64828338558812,128.16423873640002,127.03311575114493,127.63836669921875,11083800.0
2016-09-21,128.12456248318304,128.99770026142494,127.39031888013477,128.92825317382812,14068300.0
2016-09-22,129.48386654049543,129.71207141474488,128.55118339359285,129.067138671875,15538300.0
2016-09-23,126.56675899798033,127.598669576377,126.30878892336986,126.9636459350586,28326300.0
2016-09-26,126.37825592341736,127.1621056190234,125.81269444304203,126.31871795654297,15064900.0
2016-09-27,126.61639562812042,128.00548880441056,126.43779685259881,127.68798828125,15637100.0
2016-09-28,128.20392151227819,128.4618915890218,127.4002158063134,128.2237548828125,12047600.0
2016-09-29,128.1741606850394,128.28330479950023,126.55686262163971,127.0926513671875,14532200.0
2016-09-30,127.03310352461727,127.58874070740757,126.4576178310194,127.271240234375,18402900.0
2016-10-03,127.38040175815047,128.08486501841642,126.8049159858322,127.76736450195312,13156900.0
2016-10-04,128.16422141634237,128.27336551157254,126.55684032293203,127.19185638427734,14307500.0
2016-10-05,127.25140781836258,127.79712838476084,126.83467987856199,127.46969604492188,12386800.0
2016-10-06,127.429988035109,128.05508746092246,127.08272235186246,127.73758697509766,11682700.0
2016-10-07,128.0352324166177,128.24360392791664,127.33076926027537,127.98563385009766,12804400.0
2016-10-10,128.67023883818248,129.68230084285614,128.19398059950282,129.22589111328125,15138700.0
2016-10-11,129.21598236496766,129.62279360439624,127.23155501943803,127.87650299072266,17537900.0
2016-10-12,128.00548424794448,128.65043223824892,127.45977882381399,128.04518127441406,11073000.0
2016-10-13,127.2117154561599,127.25139733954859,125.76307690282871,126.82474517822266,17139300.0
2016-10-14,127.48952817292847,127.9459379407264,126.58661018274958,126.88426971435547,13345300.0
2016-10-17,127.20178547100018,127.46968739268037,126.32864019401913,126.54692840576172,11351700.0
2016-10-18,127.67804528798368,128.3825236414781,127.01326395890014,127.56891632080078,13504000.0
2016-10-19,127.7375657212005,129.45409076015312,127.59865644301894,129.09689331054688,16752300.0
2016-10-20,129.0572246673732,129.64262703259547,128.4916556725135,128.98776245117188,13167500.0
2016-10-21,128.76950887621572,131.10121741876574,128.6901299534926,131.04168701171875,19088800.0
2016-10-24,131.68658086338294,132.37121062122236,131.12101188430623,132.24221801757812,17470200.0
2016-10-25,132.46051861661175,132.46051861661175,131.1904863908867,131.2599334716797,13336800.0
2016-10-26,130.6150028184295,131.23017042975073,129.92045629919932,130.01966857910156,13084700.0
2016-10-27,130.71424755603763,130.7737779598616,128.26347833207964,128.68020629882812,16741400.0
2016-10-28,129.4838885472607,131.93465761065627,128.91831946802498,130.26773071289062,24545500.0
2016-10-31,130.9820938287681,131.0912379153209,129.8609029105175,129.9700469970703,15669000.0
2016-11-01,130.38678493755995,130.91265690261247,127.64826587731068,128.4916534423828,22077800.0
2016-11-02,129.21598095340897,129.21598095340897,125.29674001679766,126.1798095703125,39640900.0
2016-11-03,121.05006294250488,122.32009517857223,118.5695288658142,119.06563568115234,63766300.0
2016-11-04,118.65882016144747,120.980603909535,118.32147117283033,119.8097915649414,30545500.0
2016-11-07,121.87360389718934,122.25064235729438,120.40512437101032,121.19889831542969,23008900.0
2016-11-08,121.07981935431302,123.63973215250029,120.5936368301575,123.25276947021484,19460800.0
2016-11-09,120.5539518287785,122.84596281152176,119.5716624890298,122.22087097167969,31916000.0
2016-11-10,122.96502352318963,123.21307690659233,114.37245068852536,119.8593978881836,67846700.0
2016-11-11,118.59928512244815,119.76017316602372,117.23003314053764,118.09325408935547,32840100.0
2016-11-14,118.20240530340897,118.20240530340897,112.66585908145073,114.18394470214844,51377000.0
2016-11-15,115.82109578070185,117.56738625005482,114.92810203501627,116.28742980957031,34681400.0
2016-11-16,113.58861745654683,116.9621376761282,113.32071554252805,115.43412780761719,32397900.0
2016-11-17,115.90046822231163,116.87284088134766,115.10670188410843,116.87284088134766,18597800.0
2016-11-18,117.46816868390289,118.20240463571596,115.93023456038628,116.10883331298828,22879300.0
2016-11-21,117.27965118630657,121.00045239868926,116.88277177964397,120.82185363769531,35415400.0
2016-11-22,121.4469671793991,122.02245298382694,119.95864652173486,120.52420806884766,26089200.0
2016-11-23,120.28606391515999,120.36543525383269,119.0061074004441,119.89909362792969,15672100.0
2016-11-25,120.06776448492974,120.19674952196415,119.13508132025245,119.44266510009766,8658600.0
2016-11-28,119.18469977595771,120.74247481756122,118.88703266941376,119.47244262695312,18101300.0
2016-11-29,119.63120402048601,121.14928975143435,119.46252951037835,119.92887115478516,18891000.0
2016-11-30,119.38313978389026,120.84169498384709,117.03159083192016,117.49793243408203,30188900.0
2016-12-01,117.45824044727466,117.52769509482208,113.11234770790382,114.20378112792969,43277000.0
2016-12-02,114.21371434622446,115.57304977774207,113.41002370867923,114.50145721435547,25070400.0
2016-12-05,115.04716083896338,116.65454955350366,114.17401561933033,116.51564025878906,20201500.0
2016-12-06,116.7736219435533,116.88276604602834,115.42421083112458,116.39657592773438,19131200.0
2016-12-07,116.08897827689134,117.03157806396484,115.66232617358699,117.03157806396484,21913700.0
2016-12-08,117.06137184561776,118.56953328972091,116.72401526220642,117.984130859375,22442800.0
2016-12-09,118.29170582434912,119.00610082284368,118.02380391491917,118.74812316894531,17464700.0
2016-12-12,118.29170342005602,118.31154436072696,116.73392841277415,116.85298919677734,17805500.0
2016-12-13,116.94230192553326,120.57379996462628,116.69424851190706,119.37322235107422,29768000.0
2016-12-14,119.06563811688947,120.74248160943228,117.92459090427141,119.27400207519531,25913100.0
2016-12-15,119.14501251737602,121.5461676450773,118.69851184933941,119.63119506835938,20139600.0
2016-12-16,119.95863198711135,120.55395866404703,118.34131889028194,118.93665313720703,25324300.0
2016-12-19,118.91680488947257,119.42283597248864,117.58724222702537,118.31155395507812,15918100.0
2016-12-20,118.56953095590569,118.83742531011535,117.87498443018485,118.1627197265625,13684400.0
2016-12-21,117.99404504052846,118.27186365038676,117.55747618360371,118.11311340332031,10767600.0
2016-12-22,117.93450893629347,118.06349397891663,116.01953638817807,116.48587799072266,16258600.0
2016-12-23,116.08899347093742,116.64463067541033,115.39444696534628,116.35688781738281,10890000.0
2016-12-27,116.04930577353751,117.75591443594074,115.95008592409322,117.09113311767578,12051500.0
2016-12-28,117.26972855636194,117.32925895034616,115.7417186941913,116.00961303710938,12087400.0
2016-12-29,116.08899401956442,116.61486602913854,115.15631079051498,115.44405364990234,9934900.0
2016-12-30,115.69211676794068,115.92032925143643,113.87636386661526,114.15419006347656,18684100.0
2017-01-03,115.12654934930691,116.92245364512553,114.61060157873656,115.95008850097656,20663900.0
2017-01-04,116.63470057383597,118.728271675579,116.37672294286605,117.76582336425781,19630900.0
2017-01-05,117.93451863485706,120.00824159289209,117.39872233914718,119.73042297363281,19492200.0
2017-01-06,120.0379946419033,122.91540778579865,119.0953872585683,122.4490737915039,28545300.0
2017-01-09,122.5879806386241,124.45333928864471,122.08194963532509,123.9274673461914,22880400.0
2017-01-10,123.84810890497475,124.5228144974818,123.31231261945538,123.38176727294922,17324600.0
2017-01-11,123.38177322698743,125.13799573149373,123.09403034291607,125.10822296142578,18356500.0
2017-01-12,124.63194877042609,125.7432307086195,123.82825819056546,125.63408660888672,18653900.0
2017-01-13,126.49732571907386,128.26347250890186,126.37826491683127,127.34070587158203,24884300.0
2017-01-17,127.04301842102089,127.34068551903188,126.40800991390904,126.87435150146484,15294500.0
2017-01-18,127.41014792350683,127.42998129408659,125.852365354276,126.92395782470703,13145900.0
2017-01-19,127.23155993379189,127.35063587430882,126.45763445034058,126.5568618774414,12195500.0
2017-01-20,127.10257098346555,127.4796018644898,125.79284173575864,126.05081939697266,19097200.0
2017-01-23,126.31872037794929,128.24361732734832,125.9615228498136,127.92610168457031,16593600.0
2017-01-24,128.37261798417197,128.8885582260086,127.38040424835978,128.36268615722656,15162700.0
2017-01-25,128.98778101478376,130.7142383033743,128.75957610295188,130.4562530517578,18731300.0
2017-01-26,130.6050997784114,132.10333707928922,130.4165767449275,131.7461395263672,20020100.0
2017-01-27,131.6468941571951,131.9147960703759,130.05936146940766,131.15078735351562,19539500.0
2017-01-30,130.5554783091399,130.5554783091399,128.59089945474207,129.96014404296875,18956100.0
2017-01-31,129.15645671119304,129.6426468790991,128.51152385619778,129.3052978515625,19790500.0
2017-02-01,131.22024662020044,132.4505969160295,129.6624640245142,132.19261169433594,50139800.0
2017-02-02,132.18270131720746,134.43503050190992,129.38465160669884,129.82122802734375,54366400.0
2017-02-03,130.2181292902999,131.81559392654714,129.7418558213713,129.96014404296875,24804900.0
2017-02-06,129.96010027068883,131.0316925048828,129.28540246025602,131.0316925048828,17058500.0
2017-02-07,131.2103405951669,131.96441753066398,130.63485485229586,130.81344604492188,14596400.0
2017-02-08,131.56754224246103,133.39321181085015,131.40878441738906,133.1550750732422,22390600.0
2017-02-09,133.44280080504925,133.452717489787,132.27198098699782,133.09552001953125,16470600.0
2017-02-10,133.055846013709,133.88930178029693,132.6391029904374,133.1451416015625,15061900.0
2017-02-13,133.65117365170323,133.65117365170323,132.6589600163677,133.00624084472656,13526200.0
2017-02-14,133.05585370021,133.1848311767901,131.51791954731843,132.80780029296875,14364900.0
2017-02-15,132.41091766335157,132.658971092897,131.62707548757916,132.4010009765625,13226500.0
2017-02-16,132.03387323723885,132.82763201859083,131.98425952840978,132.79786682128906,12831100.0
2017-02-17,132.46053021007145,133.0459326650452,132.13309786915912,132.49029541015625,12276500.0
2017-02-21,132.460529522881,132.8673407752355,131.8651952443144,132.67881774902344,14759100.0
2017-02-22,132.55975208659888,135.72490096959757,132.4208427786929,135.06011962890625,27360100.0
2017-02-23,134.831886939065,135.0600917964592,133.28403635851998,134.30601501464844,18422500.0
2017-02-24,133.11538946779692,134.56401294616128,133.11538946779692,134.3854217529297,12625700.0
2017-02-27,134.20681507265033,136.11186349542285,133.96869348229066,135.34786987304688,14306700.0
2017-02-28,135.72490148902787,135.74475000165586,133.70079226036896,134.48463439941406,16112100.0
2017-03-01,135.4074061077574,136.40953650367177,135.2387315939884,136.35000610351562,16257000.0
2017-03-02,136.02257700195636,136.74690392771797,135.24865150153664,135.6951446533203,12294800.0
2017-03-03,135.56614006389594,136.26068651005244,135.02041959192405,136.1019287109375,11160600.0
2017-03-06,135.81421736213062,136.75681735788885,135.4470879945349,136.35000610351562,12748200.0
2017-03-07,135.96302460993968,137.29258716331378,135.92334272863522,136.23092651367188,13527100.0
2017-03-08,136.0821054736562,136.9155765038098,135.98289318576687,136.64767456054688,10184500.0
2017-03-09,136.64766465954543,137.49105231538513,136.33014902535393,137.1636199951172,15535300.0
2017-03-10,137.8283959965699,138.40388170632335,137.1437661842774,137.70932006835938,16314100.0
2017-03-13,137.62994630521194,138.59237950680802,137.590249285366,138.5130157470703,10955500.0
2017-03-14,138.37412354005357,138.37412354005357,137.4414402782352,138.23521423339844,12944000.0
2017-03-15,138.2054355855531,139.00914137672436,137.4116767606585,138.63209533691406,19344800.0
2017-03-16,139.1083502839701,139.1579639943168,138.64200865867323,138.89999389648438,13612900.0
2017-03-17,139.24725120281087,139.24725120281087,138.61223511256208,138.7511444091797,20592800.0
2017-03-20,138.6221826614811,139.09844099819367,138.16575769797936,138.8503875732422,12099500.0
2017-03-21,140.0509622012969,141.20193376389284,137.3223744385796,137.4315185546875,29894800.0
2017-03-22,136.85601926817202,138.70153723298068,136.52860209213853,138.5030975341797,17055400.0
2017-03-23,138.39394403293133,139.29686201214992,138.0069813475487,138.4435577392578,13022800.0
2017-03-24,138.98926810104817,139.92195120810456,138.6717525156773,139.2472381591797,16664700.0
2017-03-27,137.96730150477003,139.55483415082898,137.6894829132103,139.2274169921875,12800500.0
2017-03-28,139.2671111434532,140.84472724308128,138.91983030341876,140.6562042236328,14679400.0
2017-03-29,140.88441140907503,141.74763237725531,140.32875908774096,141.5392608642578,16527600.0
2017-03-30,141.29121563499652,141.83693616250096,140.74551024747063,141.3011474609375,12404000.0
2017-03-31,141.20192457087862,141.51944021160415,140.78519664741066,140.94395446777344,11478300.0
2017-04-03,140.8248840638056,141.36068794358036,139.72354138422563,141.1721649169922,13564000.0
2017-04-04,140.75541167079996,140.98361654301905,140.17000932294462,140.6264190673828,12948600.0
2017-04-05,141.15229470788648,142.32311457411467,140.1898463495385,140.74549865722656,17158100.0
2017-04-06,141.00348404548387,141.11262815385123,139.8128306796449,140.07080078125,15103400.0
2017-04-07,140.10055050685622,140.44783130602843,139.14803397537483,139.68382263183594,11818300.0
2017-04-10,139.9021363495769,140.328780987566,139.53502211316948,139.9418182373047,9039400.0
2017-04-11,139.70368876934867,139.93189367589676,137.729178101447,138.83053588867188,16638100.0
2017-04-12,138.63210389700978,139.30680196782646,138.35428526314644,138.49319458007812,11612500.0
2017-04-13,138.53289244556933,139.48542440009035,138.24515709158902,138.3046875,10965600.0
2017-04-17,138.67176942128867,140.44784027102958,138.66185273552802,140.31884765625,11519700.0
2017-04-18,140.17001053171177,140.80502658943266,139.51514596406858,139.8624267578125,14807500.0
2017-04-19,140.24938160076528,141.92620966614012,140.17000270548508,141.16221618652344,15563900.0
2017-04-20,141.8369255274482,143.12680618483913,141.57895545196098,142.68031311035156,15968200.0
2017-04-21,142.77955227383308,143.04745422497373,141.1622541598632,142.56126403808594,12382000.0
2017-04-24,143.8312873152668,144.53575047915373,143.21610460006758,144.33731079101562,14407200.0
2017-04-25,144.65481883834596,146.0042299843108,144.65481883834596,145.34938049316406,17767500.0
2017-04-26,145.94467992664266,146.44078667611657,144.95246642769484,145.41880798339844,12395000.0
2017-04-27,145.52796324543056,146.5995557233529,145.0020912618174,146.54994201660156,11275100.0
2017-04-28,148.33594836649203,150.35014096923334,147.90930374205954,149.08010864257812,30652200.0
2017-05-01,150.55850838570257,151.3820475521528,150.24099274274286,151.2729034423828,25218300.0
2017-05-02,152.14604557644944,152.2452730027361,150.47913382268703,151.5904083251953,21870400.0
2017-05-03,152.40401423220908,152.40401423220908,150.1616018181554,150.61802673339844,29782500.0
2017-05-04,149.00071716497357,150.34021160496565,147.56201044719066,149.67543029785156,36225500.0
2017-05-05,150.27076051775902,150.44936685498035,148.6236821566238,149.0701904296875,17148500.0
2017-05-08,149.53652337474267,149.9036375743651,148.57407493899555,149.8837890625,15827500.0
2017-05-09,150.310449295806,151.40187521234662,149.04041705184466,149.3083038330078,17453900.0
2017-05-10,149.0602510980573,149.34800153243154,147.70092325422613,149.11978149414062,12080700.0
2017-05-11,149.13962126700685,149.47697025169705,148.24663509812626,148.87171936035156,11841900.0
2017-05-12,149.22893194833978,149.28847748693477,148.46493831279952,149.15948486328125,9598200.0
2017-05-15,149.0007355924411,150.3005331700849,148.60385615223754,149.0205841064453,15064700.0
2017-05-16,148.94117129030488,149.04039869776096,147.86957887768142,148.61373901367188,14550800.0
2017-05-17,146.84761963954074,147.5124009657061,143.29549296930034,143.72215270996094,28300100.0
2017-05-18,143.59317360698944,146.9964594666478,143.3848020600809,146.51028442382812,23031600.0
2017-05-19,147.29409768660975,148.22678084104874,146.80792273927932,146.90713500976562,16187900.0
2017-05-22,146.92701182198851,147.43303537688098,146.54004907060485,147.0857696533203,12586700.0
2017-05-23,147.36356155358095,147.65129682318653,146.1034460984617,146.9170684814453,12817800.0
2017-05-24,147.35363378926792,149.06024236355427,147.26433820037542,148.87171936035156,17862400.0
2017-05-25,149.12971612441623,151.40187874420144,148.78243528742834,150.77679443359375,19891400.0
2017-05-26,151.04467736737098,151.06452587925847,149.97308482512463,150.94546508789062,14996200.0
2017-05-30,150.78670075665897,151.70945212984122,150.45926845456844,151.19351196289062,13226000.0
2017-05-31,151.511036039479,152.15598405859393,149.91357130225808,150.28070068359375,18023900.0
2017-06-01,150.56841638076787,151.10420507236105,149.12970966410379,150.35012817382812,14530600.0
2017-06-02,150.66761967615568,152.43375842046564,150.1218992461777,152.41390991210938,16854400.0
2017-06-05,152.44369354085825,153.5053693366645,152.21548865707828,152.43377685546875,12520400.0
2017-06-06,152.21549720015935,153.3168549393149,151.29273064790434,151.6201629638672,13457100.0
2017-06-07,152.07660603939684,152.55286440125994,151.15383937705798,151.92776489257812,12066700.0
2017-06-08,152.88028688422233,153.52521972551656,151.9079217090469,153.50538635253906,17799400.0
2017-06-09,153.5648922798733,154.37849950169897,145.46842624134283,148.43515014648438,35577700.0
2017-06-12,147.0162777936205,148.03825652437234,143.4343863235171,147.2841796875,33170200.0
2017-06-13,148.98087236543873,150.0028512060158,147.74060531231325,149.50674438476562,20483400.0
2017-06-14,150.08223903064805,151.21336204469972,147.8894552288363,149.08010864257812,20808800.0
2017-06-15,146.52018606391468,148.87172754049547,145.2303053068953,148.63360595703125,18994200.0
2017-06-16,148.42525927005366,149.65560983710256,147.44297729392454,149.4670867919922,22882400.0
2017-06-19,150.52874637860216,152.3742644574967,150.52874637860216,151.67970275878906,19026500.0
2017-06-20,151.6896135463014,152.64213008330813,151.02483227943821,151.06451416015625,14743900.0
2017-06-21,151.1736595721178,152.88026811740903,150.6974012994716,152.7115936279297,15039800.0
2017-06-22,151.81860369202988,153.34662117688373,151.71939141196086,152.20556640625,13005500.0
2017-06-23,151.5308561638543,153.99154155458854,151.46139394743332,153.86256408691406,18027000.0
2017-06-26,155.0333651278593,155.28141851206388,152.00711081256807,152.39407348632812,18049700.0
2017-06-27,151.64994460224537,152.1162862719026,149.21902396380716,149.4075469970703,19360800.0
2017-06-28,149.74487119939337,152.27501884832245,148.69312723034295,152.04681396484375,16719100.0
2017-06-29,151.09428770788358,151.31257591384278,147.76044936411716,149.8639373779297,23973500.0
2017-06-30,150.71726293601108,150.7371114502539,148.89159326516076,149.80442810058594,17666000.0
2017-07-03,150.5386527877377,150.96529738040775,146.6491771844189,147.27426147460938,13862700.0
2017-07-05,147.83984036021866,149.67544174954202,146.9766192914994,149.16940307617188,14334300.0
2017-07-06,147.8696265684909,148.87175709110622,146.84764752998748,147.66127014160156,14951800.0
2017-07-07,148.08788347984216,150.8065542617906,148.02835308475937,150.26083374023438,13615900.0
2017-07-10,150.5088900387809,152.78105262131658,150.3302837101218,152.30479431152344,13378700.0
2017-07-11,152.17580485127408,154.20984589111666,151.7193950440772,154.06101989746094,13667700.0
2017-07-12,155.2714966883509,157.92070492718253,154.9837462938096,157.6627197265625,22739400.0
2017-07-13,157.50397261304698,158.53586796638226,157.18645703357387,158.01991271972656,13929200.0
2017-07-14,158.88315354649345,159.07167653501298,158.08937971376847,158.72439575195312,16371200.0
2017-07-17,159.00222237825233,159.52809435183087,157.57343243495308,158.48626708984375,12858800.0
2017-07-18,158.41680831050775,162.45510931304918,158.17867162422468,161.59188842773438,23722900.0
2017-07-19,162.31621797266106,164.4097892585536,161.89949008058483,162.8619384765625,26273600.0
2017-07-20,163.5168032766917,163.7152429674445,161.54229277475287,163.2489013671875,18523100.0
2017-07-21,162.8818019269268,163.7648714996967,162.4749906830719,163.14968872070312,14744000.0
2017-07-24,163.35804738715314,164.87613299221408,163.0306150805744,164.70745849609375,17367000.0
2017-07-25,163.72514011465373,164.25101204538322,162.5841006740088,163.9930419921875,15383200.0
2017-07-26,164.71739028682083,164.71739028682083,162.822273633106,164.3205108642578,35236900.0
2017-07-27,173.3397089099924,174.1235661143731,166.19577418210062,169.11288452148438,68910700.0
2017-07-28,167.75356696975794,172.07960389514778,167.7337184578127,171.10723876953125,24557600.0
2017-07-31,170.66074694770126,171.3751419833318,167.23761290029253,167.93215942382812,25478900.0
2017-08-01,168.4977021551889,169.14263486776036,167.73369352862207,168.53738403320312,14385000.0
2017-08-02,168.9739639995647,169.22201737738555,165.6103608019129,167.98175048828125,17433800.0
2017-08-03,167.9817916596866,168.37867110548225,166.93996418949752,167.27731323242188,10793800.0
2017-08-04,167.6543530283995,168.73586234669372,167.37653439874558,168.29928588867188,10777700.0
2017-08-07,168.62670715552937,170.72027856717287,168.33897185799546,170.64089965820312,12787800.0
2017-08-08,170.5416917488346,171.70257993481653,169.29149282548545,169.89674377441406,14393500.0
2017-08-09,168.6564840142652,170.11503939496933,168.23975606834685,169.84713745117188,10815000.0
2017-08-10,168.73584953854018,169.2617215576094,165.5508522260626,166.0965576171875,20832700.0
2017-08-11,166.64226288672253,167.5054989714028,165.55083706444998,166.77125549316406,13791200.0
2017-08-14,168.76563698532792,169.7479340708126,167.97186293907595,169.42050170898438,12954200.0
2017-08-15,170.15473876423775,170.164655451189,168.68625153652636,169.66854858398438,8729200.0
2017-08-16,169.91659770292395,170.04559032991529,167.92225359779619,168.67633056640625,15779900.0
2017-08-17,168.0214539550905,168.537409286443,165.55085168414874,165.61038208007812,17216000.0
2017-08-18,165.54092204012605,167.35667483979876,164.91583773464967,166.1064910888672,15093600.0
2017-08-21,165.8584194842552,166.69187522679465,164.5288569702074,166.4735870361328,11907500.0
2017-08-22,166.96974142311217,168.54735777280965,165.84853495497146,168.31915283203125,11391000.0
2017-08-23,167.5253245063303,168.04127976798736,166.8903084688972,167.39634704589844,9856500.0
2017-08-24,167.5650370793704,167.9718331476921,165.11426828397387,166.4339141845703,14030400.0
2017-08-25,166.5529655702026,167.06892085063052,164.8860389488113,165.02496337890625,12614500.0
2017-08-28,165.61038810506784,166.3942302466192,165.0349023568495,165.9378204345703,8553700.0
2017-08-29,163.9633147119512,167.11854702590475,163.71526128576068,166.74151611328125,11121000.0
2017-08-30,166.86056522520565,168.8549091816899,166.32477652375476,168.59693908691406,11138300.0
2017-08-31,169.07319875817996,170.80957263391232,168.7358497530611,170.6309814453125,17226500.0
2017-09-01,171.05761864149633,171.5735739528636,169.97610945072762,170.6805877685547,11677600.0
2017-09-05,169.9364370914954,171.04771154135142,168.22982839208575,169.39071655273438,13210900.0
2017-09-06,169.57922576606563,171.1369932062957,168.24966320893117,170.75003051757812,13906300.0
2017-09-07,170.60119743898048,171.96052513561347,168.94420265418591,171.86131286621094,18049500.0
2017-09-08,171.74227913930733,172.13917373435453,169.47011625008744,169.6189422607422,10998500.0
2017-09-11,171.0576084282421,172.5360120548607,170.85916874801916,172.15896606445312,12372000.0
2017-09-12,172.40702473644265,172.64516144399872,170.41268090808495,171.61326599121094,11186300.0
2017-09-13,171.66289391434597,171.82165174653295,170.7202938882035,171.7025909423828,9119300.0
2017-09-14,170.9186954194289,170.9385439290125,169.1724050754929,169.6288299560547,15615700.0
2017-09-15,169.549466199047,170.9980895885034,168.93428346683214,170.3035430908203,15660500.0
2017-09-18,170.65082740560135,170.7302063126739,168.02145220625115,168.6862335205078,12954000.0
2017-09-19,169.2914667376593,171.21636339795242,169.0334966716318,171.1766815185547,13168600.0
2017-09-20,171.15686960581593,171.7025901890769,169.37088185149835,170.82943725585938,12264100.0
2017-09-21,170.3531498706669,170.9286355567635,168.68622320404614,169.7776641845703,11161400.0
2017-09-22,168.88466478068565,170.39281838457939,167.90236797527444,169.2120819091797,12097100.0
2017-09-25,167.92224859269697,167.9817789910787,160.30203966027116,161.60183715820312,41251600.0
2017-09-26,163.2191470429256,164.21136070276103,161.51253833681037,162.93141174316406,23363300.0
2017-09-27,164.60823533755251,167.02923901974563,164.28081816248243,166.37437438964844,19242500.0
2017-09-28,166.63234145021616,167.7535475758319,165.8584161135895,167.4161834716797,12178700.0
2017-09-29,167.51542640978323,170.32339275657026,167.49557789829257,169.53953552246094,15340400.0
2017-10-02,170.05550008742557,170.5317584092481,167.43605660743287,168.15045166015625,13392300.0
2017-10-03,167.98176259901135,169.40062075525117,167.8825351847385,168.63662719726562,8190300.0
2017-10-04,168.5076368648283,169.34109265206823,166.9796194482438,167.10861206054688,12127900.0
2017-10-05,167.862689257658,169.9761090663824,167.2872186939465,169.9066619873047,14580600.0
2017-10-06,168.92436781629561,171.02785583359096,168.4282610091993,170.88894653320312,13124500.0
2017-10-09,171.35528478372598,173.51831829304928,170.6607382954031,171.15684509277344,14570400.0
2017-10-10,171.6529462651225,171.85138594957223,169.47007945622047,170.25392150878906,11341100.0
2017-10-11,170.6111165734705,171.43465563521815,170.06539609400193,171.3949737548828,11283700.0
2017-10-12,171.26599707083065,172.4963474352887,170.9484814387207,171.2064666748047,10351000.0
2017-10-13,172.09944135765468,173.29009461828863,171.85138796419022,172.38719177246094,13658300.0
2017-10-16,173.13135235762383,173.63737583108244,172.70469264707907,173.16111755371094,11498800.0
2017-10-17,173.34964601923272,174.75858752501478,173.00236520063385,174.73873901367188,15990100.0
2017-10-18,175.2745303942507,175.36384112667739,174.38154418981057,174.65936279296875,12752400.0
2017-10-19,173.56791985565803,174.65936088469644,171.28584066036026,173.2008056640625,14048400.0
2017-10-20,174.1334937840359,174.5105398119512,173.27027276220736,173.61753845214844,12602200.0
2017-10-23,173.83582416593296,173.97473346790886,169.91658337306094,169.93643188476562,13852700.0
2017-10-24,170.95840232065564,171.89108550529875,170.16462843117358,170.46229553222656,12267900.0
2017-10-25,170.5615024603987,170.9087832574061,167.5749451380486,169.27163696289062,15868200.0
2017-10-26,170.0455670403414,170.94846988567946,169.06327015236286,169.30140686035156,11833100.0
2017-10-27,172.79398193581943,176.8223816258191,172.54592855081827,176.4949493408203,30285300.0
2017-10-30,177.86421622155078,179.2830896359603,176.2270697295188,178.46946716308594,24353200.0
2017-10-31,179.1640128569941,179.39221774049878,177.54669988177326,178.65797424316406,20174200.0
2017-11-01,180.94008007226162,181.47586877649684,179.16402431750365,181.2377471923828,40918300.0
2017-11-02,179.22353198146436,180.523329263154,175.95914104014406,177.52684020996094,35529900.0
2017-11-03,177.89395436555907,178.45952333605246,175.33405682114952,177.52684020996094,17822100.0
2017-11-06,177.16962563392454,179.04490838980877,176.921572279231,178.76708984375,13312700.0
2017-11-07,179.09456525530132,179.34261866978235,177.56656288368893,178.8465118408203,12928200.0
2017-11-08,178.39008539336953,178.94573775470707,177.71538737885638,178.16188049316406,10494100.0
2017-11-09,176.92161841414747,178.00312768903675,175.71111651638876,177.90391540527344,12610300.0
2017-11-10,176.96133622373563,177.7054965692686,176.5743734496577,177.0704803466797,11070200.0
2017-11-13,176.11792093818718,177.6459232807927,175.91948123836522,177.37803649902344,9523400.0
2017-11-14,176.74301733340062,177.57647314229405,175.8004022805086,176.68348693847656,9585900.0
2017-11-15,175.28445846436279,177.179590076712,175.02647323840188,176.5644073486328,10253700.0
2017-11-16,177.36812641124052,178.42980240237355,177.1101562838531,178.19166564941406,15607600.0
2017-11-17,177.90388350854315,178.57858142109103,177.5069890247122,177.60621643066406,13018000.0
2017-11-20,177.47724407604082,178.10234349689537,176.71325049497216,177.3482666015625,10052400.0
2017-11-21,177.7550491205655,180.47371966268912,177.59630646100754,180.44395446777344,14504000.0
2017-11-22,179.88834493995165,180.31498955925983,179.03504056135588,179.46168518066406,10376300.0
2017-11-24,178.99533816836723,181.72392573276295,178.88619406019225,181.3568115234375,9426300.0
2017-11-27,181.13853200354248,182.2994202244221,180.57297806310456,181.60487365722656,12344500.0
2017-11-28,182.08112781290637,182.8153713899124,180.67218619755369,180.99961853027344,14379700.0
2017-11-29,180.4737311688918,180.55311007372015,172.64516646743317,173.76637268066406,41933500.0
2017-11-30,175.47299784321822,176.89185615847498,173.8358361640995,175.8004150390625,25307600.0
2017-12-01,174.6593848190713,176.09809172542674,170.9981136671869,173.73663330078125,20182500.0
2017-12-04,174.91731857513176,175.19515229553974,169.46014409670434,170.13485717773438,24459400.0
2017-12-05,169.12281016365682,174.01443123113526,167.6940201144138,171.48428344726562,20184900.0
2017-12-06,171.1568395707224,175.39359572276817,170.56150537709414,174.68911743164062,20255800.0
2017-12-07,174.4311472381219,178.98540385438216,174.4311472381219,178.7373504638672,20404500.0
2017-12-08,180.11651537348595,180.86067549819543,177.3482463711563,177.60621643066406,19883800.0
2017-12-11,177.90390503049875,178.81673974377554,177.4077982206758,177.6459197998047,13168600.0
2017-12-12,177.2093524778285,177.7848230344054,175.22492530625138,175.58212280273438,16854100.0
2017-12-13,175.91948373452817,177.7650017350182,175.86987002387406,176.9116973876953,14615700.0
2017-12-14,176.901764400632,178.95565391639886,176.29651347057296,177.00099182128906,13591000.0
2017-12-15,177.6260974690611,179.08465279179953,176.97123280579504,178.7770538330078,28463100.0
2017-12-18,179.6006020075278,179.88835246792203,178.35041815679372,179.41209411621094,17265400.0
2017-12-19,178.54885061623332,178.67784324081975,176.83232517049,178.11227416992188,14920600.0
2017-12-20,178.4099311736932,178.4099311736932,175.97901079748212,176.5048828125,11860500.0
2017-12-21,176.5544884488452,177.28871681511848,175.67141896023537,176.06829833984375,11600700.0
2017-12-22,175.76075157693722,176.14771435256858,174.85783338713702,175.82028198242188,8509500.0
2017-12-26,175.2546754586234,175.6217896090589,173.3099303358261,174.61965942382812,8897300.0
2017-12-27,175.17532351669627,177.05060671581896,174.88757307885342,176.2369842529297,9496100.0
2017-12-28,176.56441790858617,177.54671488315512,176.29651598098025,176.53465270996094,12220800.0
2017-12-29,176.61403142708585,177.45741909382474,175.08602905273438,175.08602905273438,10261500.0
2018-01-02,176.29651597117564,180.16615833200692,176.16753849046654,180.0074005126953,18151900.0
2018-01-03,180.46381686166586,183.34123028472084,179.9180963462649,183.23208618164062,16886600.0
2018-01-04,183.4603140896738,184.76012680396246,182.66655521130346,182.89476013183594,13880900.0
2018-01-05,184.1449122997492,185.44470965036146,183.49004771181433,185.39511108398438,13574500.0
2018-01-08,185.7424027420113,187.42916301427718,184.87918166255315,186.81399536132812,17994700.0
2018-01-09,187.23071996426356,187.32994738909062,185.64318714688596,186.4071807861328,12393100.0
2018-01-10,185.4843942762953,186.4269940741329,184.18459701254298,186.37738037109375,10529900.0
2018-01-11,186.93303715692767,186.93303715692767,185.9209901804445,186.30795288085938,9588600.0
2018-01-12,176.67357583817093,180.06694500672174,176.01871113722777,177.97337341308594,77551300.0
2018-01-16,180.08677686798706,180.33483027965096,176.65371098896813,177.00099182128906,36183800.0
2018-01-17,177.86421095668882,177.92375649243675,174.43116025417478,176.21714782714844,27992400.0
2018-01-18,176.74302936926532,179.57082930057405,175.70120196721285,178.4000244140625,23304900.0
2018-01-19,179.44182620764286,180.94997989978438,178.76711312223028,179.87838745117188,26826500.0
2018-01-22,179.39225709124466,183.94651477485226,179.00529431695082,183.92666625976562,21059500.0
2018-01-23,184.60134813432853,188.0740958251222,184.105241321358,187.8756561279297,25678800.0
2018-01-24,188.4114322834176,189.17544096373268,185.06767743135438,185.09744262695312,24334500.0
2018-01-25,186.4865595398367,187.15134089367203,185.14708014568345,186.0202178955078,17377700.0
2018-01-26,186.28811858327765,188.52059936523438,185.3554353008635,188.52059936523438,17759200.0
2018-01-29,187.2803424120587,187.3696380145805,184.18464040479603,184.5319061279297,20453200.0
2018-01-30,186.15911645866893,186.7147536692003,180.42412288714675,185.6630096435547,20858600.0
2018-01-31,186.9032710839018,188.3519096022416,183.77780429827604,185.43479919433594,43275100.0
2018-02-01,186.75444202386447,193.7991645274697,186.4270097242907,191.58651733398438,54211300.0
2018-02-02,190.5446913486245,192.69780816421374,188.50073377361915,188.79840087890625,26677500.0
2018-02-05,185.47449787905256,189.12585213250935,179.20371522852162,179.84864807128906,33128200.0
2018-02-06,177.17958611274838,184.32352085530795,176.35604702517875,183.86709594726562,37758500.0
2018-02-07,182.71614335904567,183.6389099554623,178.54884892549848,178.7770538330078,27601900.0
2018-02-08,179.60058593395013,180.42412507381815,170.14479113447067,170.2440185546875,38478300.0
2018-02-09,173.39924458762272,175.52258110196723,165.87826362635204,174.73873901367188,39887600.0
2018-02-12,175.68135557952797,176.1675457436953,170.50199884607702,175.0364227294922,32092100.0
2018-02-13,174.25255726945196,174.59983810473963,171.75218975930463,171.80178833007812,21809400.0
2018-02-14,172.0994337304368,178.40991238610002,171.8613121728498,178.12217712402344,28929700.0
2018-02-15,179.09459617924887,179.09459617924887,175.46308993060595,178.55880737304688,20922100.0
2018-02-16,177.59631691173342,178.4793864061432,174.9272599173999,175.97900390625,20645300.0
2018-02-20,174.40138953286248,176.5644079238638,173.74652492018245,174.63951110839844,21204900.0
2018-02-21,175.3340811424222,179.8585729740723,175.026482192657,176.5247344970703,23200800.0
2018-02-22,177.30856306104116,178.80681525087556,176.0286142091738,177.5963134765625,18464200.0
2018-02-23,178.49923497552544,181.96206616910862,178.11227224592568,181.8628387451172,19007300.0
2018-02-26,183.1427855982708,184.21437808840216,181.79337451513996,183.49005126953125,17599700.0
2018-02-27,183.0137976321534,183.26185103505412,180.04708862304688,180.04708862304688,15849800.0
2018-02-28,180.88055524348087,181.4560409894335,176.7529427387042,176.93154907226562,18783000.0
2018-03-01,177.6161563285012,178.71751406261032,173.05198271776223,174.570068359375,23201600.0
2018-03-02,171.94069303537623,175.73095636374896,171.64304105878443,175.24476623535156,20025900.0
2018-03-05,174.82803663876726,179.73949102479247,174.5204528392756,178.99533081054688,16189300.0
2018-03-06,180.36458464482595,180.95991885305395,177.71537618416932,178.38015747070312,15086800.0
2018-03-07,177.34826861054702,182.38871563744618,176.68348729924048,182.27957153320312,19097300.0
2018-03-08,182.13071351223508,182.96416924552386,180.03714235410783,180.9202117919922,17225900.0
2018-03-09,182.47802080568488,184.06555360346206,181.78347426040867,183.78773498535156,18526300.0
2018-03-12,183.78773751942006,184.65097372471777,182.78560714313122,183.32139587402344,15301200.0
2018-03-13,184.1647584717446,184.54180446727887,179.6997974761212,180.46380615234375,18067500.0
2018-03-14,181.17819771015652,182.8153439883901,180.43403755823635,182.7558135986328,16821700.0
2018-03-15,181.81323813182047,182.56731506975962,180.7714107515244,182.42840576171875,15614300.0
2018-03-16,183.05348466046652,183.88694041511232,181.98189220164593,183.6488037109375,24403400.0
2018-03-19,175.6317325987463,175.79049041621707,168.73585076463533,171.2163848876953,88140100.0
2018-03-20,166.1660155091787,168.87475444209613,160.68899210879263,166.84071350097656,129851800.0
2018-03-21,163.5168034151269,172.04983124454625,162.02848302325373,168.07106018066406,106598800.0
2018-03-22,164.8364600066346,168.94422394910038,162.44522145496325,163.60610961914062,73743000.0
2018-03-23,164.15182111516467,165.302792529729,157.78181159245784,158.14892578125,53609700.0
2018-03-26,159.56782812789862,159.8456467764253,147.85970244005696,158.81373596191406,126116600.0
2018-03-27,155.09287828498944,161.58196257315305,149.57617405564818,151.03472900390625,79117000.0
2018-03-28,150.46921062559457,154.66628573055533,149.6258380137085,151.83847045898438,60029200.0
2018-03-29,153.9419215009022,160.16310450762208,152.93979129655673,158.54579162597656,59434300.0
2018-04-02,156.58123953443229,157.96041595386316,152.91005192026185,154.18008422851562,36796000.0
2018-04-03,155.331046633961,156.16450244865112,149.6357349536215,154.89447021484375,42543900.0
2018-04-04,150.84623099352257,154.34874375774146,149.33806209635878,153.892333984375,49885600.0
2018-04-05,160.30203497360776,160.3119667997005,155.43026231541282,158.0993194580078,41449600.0
2018-04-06,156.50185468902743,160.1631254779056,155.58901994832812,155.97598266601562,41644800.0
2018-04-09,156.59114265525264,159.2800327759131,154.82498868724753,156.7002716064453,34915200.0
2018-04-10,156.70030377210585,164.68762715637567,155.78746897675782,163.75494384765625,57889300.0
2018-04-11,164.0724317181145,167.3368076058725,161.97886054135304,165.02496337890625,56144600.0
2018-04-12,165.67984040738878,166.14618206045978,161.83006152286035,162.59405517578125,38263000.0
2018-04-13,163.29852881132163,164.40980328499873,162.49483815518164,163.23899841308594,19990600.0
2018-04-16,164.42965466552323,164.48918506479714,162.11779494051558,163.5465850830078,18119400.0
2018-04-17,164.53877456361988,167.6840896955498,164.3701000771731,167.34674072265625,22743000.0
2018-04-18,165.5806220956449,166.8109573568676,164.47926431633744,165.06466674804688,20969600.0
2018-04-19,164.9058923106942,167.01931205964715,163.913678740666,166.79110717773438,22235000.0
2018-04-20,166.4835431404425,167.1185593527305,164.51896409929842,164.9853057861328,19119400.0
2018-04-23,165.9675486487662,167.13835325700853,163.80451544679323,164.54867553710938,23088100.0
2018-04-24,164.14189068573054,164.80668712943643,156.95827381919534,158.44659423828125,35079900.0
2018-04-25,158.89308733601138,159.80592204292,154.97384659374748,158.44659423828125,41083600.0
2018-04-26,171.8712565286882,174.89751131005175,169.4701012165842,172.80393981933594,77556900.0
2018-04-27,175.43328659080046,175.7210370171201,171.25607575610894,172.2383575439453,29804700.0
2018-04-30,172.4368225691385,174.35180299739937,170.3730312729536,170.6607666015625,20750500.0
2018-05-01,170.6607684036872,172.66504445785532,168.9045457919663,172.50628662109375,26025900.0
2018-05-02,172.89324513706825,176.69342559877245,172.8436314218019,174.69908142089844,30424500.0
2018-05-03,173.76639691815015,174.7486788299597,170.77982387482106,172.6650390625,24026100.0
2018-05-04,171.73235010908928,175.6019775078001,171.71250159576832,175.23486328125,17677800.0
2018-05-07,175.9691066396789,178.10236004946054,175.79050029998754,176.5842742919922,18697200.0
2018-05-08,176.86205897199665,177.6459009869167,175.73093617098658,177.52684020996094,15577200.0
2018-05-09,178.27102295714008,181.585012882542,177.38795342276703,181.2377471923828,23282800.0
2018-05-10,181.72393003145177,184.6807377083252,181.07899719333025,184.0854034423828,21071400.0
2018-05-11,183.41070567867146,186.85368837588928,182.74590918671933,185.53404235839844,21207800.0
2018-05-14,186.2484128302155,186.39723880728243,184.75016067451406,185.18673706054688,15646700.0
2018-05-15,183.44044857486458,183.84724462976104,181.77352191439496,182.8848114013672,15429400.0
2018-05-16,182.26963585426475,182.8848185833475,181.23774036867192,181.77352905273438,16975500.0
2018-05-17,181.25757011100754,182.62682970061053,180.80116034112504,182.32916259765625,14840700.0
2018-05-18,182.06130472447273,182.75585131494014,181.18815178789646,181.25759887695312,13130500.0
2018-05-21,182.33913269100037,183.85721858069576,181.70411647008194,183.05352783203125,13532900.0
2018-05-22,183.49007241224572,183.97626257600518,182.00175186112284,182.36888122558594,12731400.0
2018-05-23,181.07901338413828,185.45467975211199,180.76149770991785,185.4447479248047,16628100.0
2018-05-24,184.4326707185793,185.34550542321446,183.58928309387315,184.48226928710938,12354700.0
2018-05-25,184.57158939816497,184.87917321057796,183.0138066837136,183.4801483154297,10965100.0
2018-05-29,182.90465406274876,185.35542290175417,182.27956978080095,184.29376220703125,16398900.0
2018-05-30,185.08754909372513,186.53618785246871,183.80759999824377,186.20875549316406,13736900.0
2018-05-31,186.40715404791155,191.21939580214917,186.02019137055882,190.28671264648438,30782600.0
2018-06-01,191.56670319160136,193.03517520437862,190.57448950783686,192.4795379638672,17307200.0
2018-06-04,190.34626483930563,192.46960146542042,189.9791506300175,191.77505493164062,18939800.0
2018-06-05,192.78710949375522,193.48165600011896,191.12018273850393,191.4376983642578,15544300.0
2018-06-06,189.54255964412974,191.03088001937442,187.6375113806139,189.8501434326172,22558900.0
2018-06-07,189.2647175396779,189.4830057121275,185.31571220713892,186.7147216796875,21503200.0
2018-06-08,186.06982653878478,188.00464014872674,184.9783854562642,187.6276092529297,12677100.0
2018-06-11,187.33984512832245,191.10034310523886,187.32992844283444,190.048583984375,12928900.0
2018-06-12,190.6736963435667,191.77505410667226,190.06844540816672,190.9019012451172,11562700.0
2018-06-13,191.23925175774292,192.98554221635234,190.41571266567786,190.9118194580078,15853800.0
2018-06-14,191.5964533732013,195.74389897906175,191.4079303656662,195.27755737304688,19120900.0
2018-06-15,194.26548193596187,195.53552919333194,193.12444242329656,194.3250274658203,21860900.0
2018-06-18,193.28318999821573,198.02596924758052,192.6184087797457,196.76585388183594,16826000.0
2018-06-19,194.71203382467795,196.41864270405702,192.28109799929672,195.95230102539062,19994000.0
2018-06-20,197.54975609134394,201.96510408121497,197.26200563651003,200.4271697998047,28230900.0
2018-06-21,201.18122924992667,201.80632867876594,198.5320206867189,199.93104553222656,19045700.0
2018-06-22,199.59367328301363,200.66526569049174,197.75807223372695,200.16915893554688,17420200.0
2018-06-25,198.4427098738156,198.4427098738156,191.60635912426176,194.82113647460938,25275100.0
2018-06-26,196.06140754586227,197.54972790130157,194.70206465937628,197.45050048828125,17897600.0
2018-06-27,197.6291301063248,199.18691298189188,194.27545788156738,194.3151397705078,18734400.0
2018-06-28,193.6602448267047,195.80342985451412,191.75519651531133,194.7020721435547,18172400.0
2018-06-29,195.78360196826287,196.06142057520924,192.44976354492806,192.8069610595703,15811600.0
2018-07-02,191.86435002178706,195.91258355940806,190.72331037215432,195.8232879638672,13961600.0
2018-07-03,193.03516037372157,193.87853285613852,191.02096796162596,191.2293243408203,13489500.0
2018-07-05,193.2236961659209,197.1032401216797,192.5192177963706,196.90480041503906,19684200.0
2018-07-06,196.90480280366523,202.05439425234724,196.16064253975117,201.6475830078125,19740100.0
2018-07-09,203.33432085012856,204.19755695638088,200.5462031241345,203.14581298828125,18149400.0
2018-07-10,202.90768615981906,203.3144973793578,200.68512219109925,201.9551544189453,13190100.0
2018-07-11,200.6454206866541,202.9076663175291,200.17907911766014,200.96292114257812,12927400.0
2018-07-12,201.8460069493238,205.4675957014534,201.60788537305933,205.308837890625,15454700.0
2018-07-13,206.19192453031167,206.8070921734191,204.8425133060912,205.70574951171875,11486800.0
2018-07-16,205.88432647756704,207.09482830709123,205.22946185373033,205.61642456054688,11078200.0
2018-07-17,203.3045560740338,208.82127628523605,203.24502568175086,208.3549346923828,15349900.0
2018-07-18,208.1862527720377,209.34714080006302,206.8169932384799,207.72982788085938,15334900.0
2018-07-19,207.14447030769182,208.3549723025448,206.1423247234395,206.46975708007812,11350400.0
2018-07-20,207.22383434395763,209.8531945554455,206.87655349792144,208.3053436279297,16163900.0
2018-07-23,208.94034418058064,209.97223967521748,207.17420516285148,209.2677764892578,16732000.0
2018-07-24,213.43511165172725,214.5166210628079,210.94466045795804,212.99853515625,28468700.0
2018-07-25,214.04030339274897,216.91771656690142,212.60159680567276,215.8064422607422,58954200.0
2018-07-26,173.52823024051227,178.72743478538428,172.39710737899168,174.88755798339844,169803700.0
2018-07-27,178.46946373858236,178.52899413497158,171.65296083240102,173.5282440185547,60073700.0
2018-07-30,173.93503338501145,173.93503338501145,165.2630817548119,169.72804260253906,65280800.0
2018-07-31,169.34108974362823,172.88329948852726,168.67630846236798,171.23622131347656,40356500.0
2018-08-01,172.57572260076367,173.71677744654153,169.5693162830717,170.3134765625,34042100.0
2018-08-02,169.35102118058532,175.41344728311387,168.94422508406578,174.99671936035156,32400000.0
2018-08-03,176.30645635292112,177.45742788881466,174.77843876286042,176.395751953125,24763400.0
2018-08-06,177.57649362247983,184.3433834322344,176.99109115157344,184.24417114257812,49716200.0
2018-08-07,185.04784125612684,186.83382881099132,182.2894885869389,182.3787841796875,33398600.0
2018-08-08,183.31145358470317,185.39510809821982,182.32915671862065,183.73809814453125,22205200.0
2018-08-09,184.40290213821012,185.1172971356833,181.0591320378216,181.6643829345703,19732100.0
2018-08-10,180.62255375922936,180.68209929171536,178.02295901985093,178.85641479492188,21500400.0
2018-08-13,178.69770026274563,181.1881512946346,177.50703166520847,178.64808654785156,17423300.0
2018-08-14,179.30291921569534,180.5729513621932,177.2291813674494,179.69979858398438,19102000.0
2018-08-15,177.9435875848628,179.46167321744863,173.4190958846087,178.13211059570312,33020200.0
2018-08-16,179.0152007290008,179.09457964480998,172.65510703710513,173.33973693847656,31351800.0
2018-08-17,173.1412627587135,174.8478712589947,170.7004107883188,172.44671630859375,24893200.0
2018-08-20,172.68484736708385,173.21073450107613,169.5792291107304,171.15684509277344,21518000.0
2018-08-21,171.4644477087111,172.81385895130066,170.0555060662981,171.2759246826172,19578500.0
2018-08-22,170.86912086093795,172.88331337730875,170.7897419514284,172.28797912597656,16894100.0
2018-08-23,171.742233928021,174.1830858400676,171.4842638641367,171.5537109375,18053600.0
2018-08-24,172.34751537647205,173.45880500736908,171.57358990744308,173.2901153564453,14631600.0
2018-08-27,174.61970687564434,177.2788325127077,174.42125200961104,176.07826232910156,17921900.0
2018-08-28,176.7132424542553,176.85215174812703,174.46091341649864,174.88755798339844,15910700.0
2018-08-29,174.92725951150646,175.41343448259514,173.38932541403022,174.53036499023438,18494100.0
2018-08-30,174.53036358997903,178.39007383101338,174.33192390092404,176.25682067871094,24216500.0
2018-08-31,175.77063585253046,176.23697746280862,173.61753412463977,174.3616943359375,18065200.0
2018-09-04,172.1490619892304,172.53602469300188,167.48566103250337,169.82728576660156,29809000.0
2018-09-05,168.17029155589415,169.79752128372485,165.3722418860996,165.87826538085938,31226700.0
2018-09-06,165.67981255394275,165.67981255394275,158.75416628878796,161.26446533203125,41514800.0
2018-09-07,159.06178377410743,163.34815443951953,158.91295776766128,161.77052307128906,24300600.0
2018-09-10,162.23684527128214,163.72516571701948,160.89736595410562,162.90162658691406,20197700.0
2018-09-11,162.66350667856327,165.88820101083448,162.44521846641123,164.64793395996094,20457100.0
2018-09-12,161.97886867287718,163.20921897566964,160.5401619944368,160.7386016845703,24078100.0
2018-09-13,160.7385927171434,162.04832185091652,159.60746989251075,160.10357666015625,25453800.0
2018-09-14,160.46078759906553,161.57206200702052,159.09152796070794,161.05612182617188,21770400.0
2018-09-17,160.6592441512114,160.7981534667802,158.52599070355205,159.32968139648438,21005300.0
2018-09-18,158.1489616644516,160.50050359536502,157.6330062339623,159.0518798828125,22465200.0
2018-09-19,158.83358196334044,162.16742083288509,158.23824764592936,161.79037475585938,19629000.0
2018-09-20,163.21915635129847,165.15397007032396,163.1893911510042,164.72732543945312,18936000.0
2018-09-21,165.342465367665,165.94771623876872,161.54228565433868,161.66134643554688,45994800.0
2018-09-24,159.7761397903046,164.40977505030688,159.62731382027383,164.12203979492188,19222800.0
2018-09-25,160.72869918019714,164.3006593376893,159.89522818413434,163.62596130371094,27622800.0
2018-09-26,163.02071000485904,167.98177838516528,162.93141440760854,165.6500701904297,25252200.0
2018-09-27,166.24541107589576,170.43255416690397,165.9080620461887,167.52536010742188,27266900.0
2018-09-28,167.01932048303863,167.47573026988258,161.29424365604567,163.17945861816406,34265600.0
2018-10-01,161.76061919984568,164.58843466620124,160.0043964847412,161.1752166748047,26407700.0
2018-10-02,160.32189741174528,161.0164439995214,157.43455180401156,158.08941650390625,36031000.0
2018-10-03,158.75415077033261,162.38565560279812,158.28780924124672,161.16522216796875,23109500.0
2018-10-04,160.20282214580766,160.20282214580766,156.12482345003056,157.61314392089844,25739600.0
2018-10-05,157.9703470364549,159.64717544212786,154.98377416284492,156.10498046875,25744000.0
2018-10-08,154.32888197457635,157.10708281780416,153.18784249931076,156.02557373046875,24046000.0
2018-10-09,156.4621605960343,159.33957389893445,156.19425869239208,156.67051696777344,18844400.0
2018-10-10,155.598953955172,156.46217499750117,150.1318469804765,150.20130920410156,30610000.0
2018-10-11,148.96103111199872,153.60458344602512,147.99858271849723,152.1559600830078,35338900.0
2018-10-12,155.5096319219713,155.66838973017065,150.12191938851547,152.5429229736328,25293500.0
2018-10-15,152.1261910523011,154.358671573541,151.36218236806084,152.3246307373047,15433500.0
2018-10-16,154.18999885088436,158.2183990840519,153.80303612370565,157.54368591308594,19180100.0
2018-10-17,158.3176049818395,159.24037153403384,156.72014042587173,158.17869567871094,17592000.0
2018-10-18,157.27578867887388,157.4246298183748,152.08651524917622,153.7137451171875,21675100.0
2018-10-19,154.64642929327104,156.12483317010177,152.35441804783434,152.85052490234375,19761300.0
2018-10-22,153.55498058916606,156.11489364906294,153.25732860311442,153.5748291015625,15424700.0
2018-10-23,150.04255072863256,153.56491224615945,149.67543651958738,153.1878662109375,19095000.0
2018-10-24,153.0787239045878,153.44583811795397,144.46631651009108,144.9028778076172,27744600.0
2018-10-25,146.57972880932172,151.02485718155754,145.8554170319628,149.774658203125,22105700.0
2018-10-26,144.68459110750447,147.83982301609493,142.6803154421865,144.2380828857422,31303300.0
2018-10-29,147.34373609993975,147.67116844140386,137.947471044523,140.983642578125,31336800.0
2018-10-30,138.85035218072036,145.49817924691396,138.65191251933672,145.08145141601562,50528300.0
2018-10-31,153.79310552811708,155.18219848979928,147.800142142031,150.60809326171875,60101300.0
2018-11-01,150.3402459826566,151.5606647723982,148.1871437565339,150.56845092773438,25640800.0
2018-11-02,150.61801257968224,152.9298718553426,147.80012986856786,149.17930603027344,24708700.0
2018-11-05,148.93126496157012,149.02056055050377,146.2919731954715,147.52230834960938,15971200.0
2018-11-06,148.1474073132278,149.794485490799,146.84760994489577,148.7725067138672,16667100.0
2018-11-07,150.38982519689623,151.81860008780413,148.66336805291238,150.35012817382812,21877400.0
2018-11-08,149.3182069357576,149.76469995845295,145.59740651333667,146.71859741210938,24145800.0
2018-11-09,145.60735461809398,146.60948496439167,142.94822927624475,143.831298828125,17326900.0
2018-11-12,143.35500861731956,143.91064577963837,139.39608626580937,140.4478302001953,18542100.0
2018-11-13,140.89432752169836,143.75190745988903,140.51728151874886,141.05308532714844,15141700.0
2018-11-14,142.58110579355625,144.4464723960708,140.44785239257982,143.09706115722656,22068400.0
2018-11-15,141.22176575713524,143.71221648246322,139.73344533339812,142.7299346923828,30320300.0
2018-11-16,139.97157511023966,140.666121578878,136.69726731239894,138.4435577392578,37250600.0
2018-11-19,136.5385234655381,136.6774327734655,130.18836204602934,130.5257110595703,44362700.0
2018-11-20,126.0409017075018,133.1153900428905,125.86230294350906,131.3988494873047,41939500.0
2018-11-21,133.3534901554566,136.12177433644726,133.08560340760076,133.77023315429688,25469700.0
2018-11-23,132.6093483187103,133.4527359775338,130.23795829987594,130.7042999267578,11886100.0
2018-11-26,131.9644279352861,135.93328291078342,131.74613970043532,135.318115234375,24263600.0
2018-11-27,134.69299748738607,135.546301797141,132.6688883856301,133.94883728027344,20750300.0
2018-11-28,135.21888630074972,135.72490985410724,130.82338673144227,135.6951446533203,29847500.0
2018-11-29,134.86166988111822,138.8999864759306,134.60369979706752,137.6001739501953,24238700.0
2018-11-30,137.18345901418738,139.87236476950758,136.29047275122844,139.51516723632812,25732600.0
2018-12-03,141.88654085871002,142.56123882077898,139.66397700605577,139.9914093017578,24819200.0
2018-12-04,139.63421924516007,142.2735111219751,136.09202447573222,136.85601806640625,30307400.0
2018-12-06,132.77805647211213,138.61226325452887,132.62921531981735,138.54281616210938,28218100.0
2018-12-07,138.16575900817648,139.77314037231113,135.59592913490496,136.35000610351562,21195500.0
2018-12-10,138.51301816126053,141.9361518937463,137.9276006581578,140.74549865722656,26422200.0
2018-12-11,142.75971205389462,142.75971205389462,140.00135917806696,140.97372436523438,20300300.0
2018-12-12,141.96592120054922,146.04391963021334,141.40035219133628,143.37486267089844,23696900.0
2018-12-13,144.4365575485377,144.7143761771331,142.07508406549724,143.8809051513672,18148600.0
2018-12-14,142.2239136130523,144.87312247749196,141.40037439347307,142.9383087158203,21785800.0
2018-12-17,141.9659313000558,143.7916007881354,137.34221204308943,139.0984344482422,24334000.0
2018-12-18,139.98148441109294,144.79371087135365,138.74121751824583,142.54139709472656,24709100.0
2018-12-19,140.11050491989727,143.7816926259551,131.46831682760123,132.2025604248047,57404900.0
2018-12-20,129.68232372468893,134.5144145958929,128.98777718323655,132.36129760742188,40297900.0
2018-12-21,132.35137431268788,133.84961143015394,122.4590032991407,123.97708892822266,56901500.0
2018-12-24,122.14149287938721,128.72979816036587,122.06211397443818,123.0940170288086,22066000.0
2018-12-26,125.0189228099463,133.19476892664005,124.9097787003067,133.13522338867188,39723400.0
2018-12-27,131.4087587936948,133.93890625499435,128.6603231504807,133.47256469726562,31202500.0
2018-12-28,134.28619369164923,134.86167943373593,131.17064339137232,132.16285705566406,22627600.0
2018-12-31,133.403113145297,133.59163614837715,128.93815202384056,130.06927490234375,24625300.0
2019-01-02,127.98562432545164,136.43927241230728,127.55896464929714,134.62351989746094,28146200.0
2019-01-03,133.64126067594293,136.10194632069562,130.0990506322651,130.7142333984375,22717900.0
2019-01-04,132.96654555439258,136.92548346138585,132.70857545623448,136.87586975097656,29002100.0
2019-01-07,136.488892311857,137.78868962849725,134.8517460247865,136.97508239746094,20089300.0
2019-01-08,138.8007383820687,142.02543208218964,138.45345761991155,141.42018127441406,26263800.0
2019-01-09,141.83691678385495,143.57329040869396,140.1700053711982,143.10694885253906,22205900.0
2019-01-10,141.96591985678148,143.43439170578438,139.74335600263245,143.0771942138672,16125000.0
2019-01-11,142.0353652116674,144.2281638432297,141.45989466942495,142.68031311035156,12908000.0
2019-01-14,140.8943459779043,145.42876987269327,140.17003421312768,144.25794982910156,20520300.0
2019-01-15,144.87309661692566,149.5067321308206,144.85326324648588,147.7902069091797,24069000.0
2019-01-16,147.8398589291068,148.48479185501978,145.85543129247452,146.39122009277344,18025700.0
2019-01-17,145.8057845235697,147.8398254180553,145.3592914345309,147.14527893066406,15787900.0
2019-01-18,148.58398408281647,151.24310921857838,147.39333081098312,148.87171936035156,31029600.0
2019-01-22,148.03828810352215,150.35014795206536,145.23032138121383,146.42098999023438,22378700.0
2019-01-23,147.12544359412522,147.64139894809395,141.94608696153634,143.1764373779297,20098400.0
2019-01-24,143.51376723752094,145.299754655157,141.41027935673696,144.6945037841797,20955500.0
2019-01-25,146.33166107014597,148.6633691432037,145.3989778409229,147.84974670410156,22237200.0
2019-01-28,146.8972478734598,147.80016601437944,145.07157821752008,146.32176208496094,15508500.0
2019-01-29,146.93693418178714,146.9468660091164,142.31321436060531,143.0673065185547,17632100.0
2019-01-30,145.0814848865154,149.7746513338501,144.5655295359058,149.248779296875,44613200.0
2019-01-31,164.31058063740673,170.34322609112806,163.7152464126422,165.39208984375,77233600.0
2019-02-01,164.54870098449308,167.78332703355187,164.37010980238654,164.4197235107422,30806500.0
2019-02-04,164.40979795592344,167.9817731340761,162.34599175743284,167.93215942382812,20036000.0
2019-02-05,167.8329267133362,170.6408930571049,167.37651692938948,169.82728576660156,22557000.0
2019-02-06,169.8669692977403,171.1270848386497,167.9520042717718,169.16250610351562,13281200.0
2019-02-07,166.8903548996406,167.92226571004377,163.96332727432804,165.08453369140625,17517600.0
2019-02-08,163.18936817435636,166.06678149085363,162.93139809480107,166.027099609375,12561400.0
2019-02-11,166.592671206755,166.98956576367348,163.79463649538135,164.4990997314453,12811200.0
2019-02-12,165.5607800649606,167.02925211487005,163.21915510646622,163.75494384765625,16292300.0
2019-02-13,164.0923085265819,164.9257644110222,162.45514681788154,162.79251098632812,14205100.0
2019-02-14,161.91935444271346,163.58626617420055,160.98667115200928,162.67343139648438,12755200.0
2019-02-15,163.22903914001554,163.41756212938148,159.60746588316817,161.2346954345703,15504400.0
2019-02-19,159.25028100750322,162.87185455074814,159.08160651419917,161.02633666992188,14345400.0
2019-02-20,160.98666667542744,162.44522196991008,159.9944530133293,161.29425048828125,11770700.0
2019-02-21,160.66915224846838,160.9767512036217,158.34737589523792,158.7938690185547,15607800.0
2019-02-22,159.32967333669976,161.1454261740566,159.06177140594767,160.6294708251953,15858500.0
2019-02-25,161.80027685335008,164.7769176135051,161.63158722042746,163.33819580078125,18737100.0
2019-02-26,163.06039191607837,164.9456069848802,162.52460319251148,162.85203552246094,13784100.0
2019-02-27,161.6316082228834,162.65358713880127,159.16100576050974,161.5423126220703,12697500.0
2019-02-28,161.10570572286176,162.22691185447738,159.6074687457289,160.19287109375,11114200.0
2019-03-01,161.33394935851342,161.85982139424212,160.43103128208145,161.0164337158203,11097800.0
2019-03-04,162.6238202106053,166.19579560497266,162.55437312403737,166.06680297851562,18894700.0
2019-03-05,166.06678805273313,170.54168115014525,165.25318076046253,169.92649841308594,28187900.0
2019-03-06,171.55374129875187,172.21853779560456,169.936443275903,171.16677856445312,21531700.0
2019-03-07,170.16463653715266,170.40277325733447,166.304926144912,167.81309509277344,18306500.0
2019-03-08,164.90591380117024,168.299282836092,164.6777088895179,168.27944946289062,13184800.0
2019-03-11,170.26386772572346,172.94284154218153,170.24401921360752,170.73020935058594,18884000.0
2019-03-12,170.75004963193408,172.44674169700022,169.8868285696962,170.5813751220703,12155300.0
2019-03-13,170.97826831614842,172.67494522769573,170.77981346850004,172.02008056640625,11973300.0
2019-03-14,168.43818997562911,169.81736639431227,166.85065716116222,168.84500122070312,18037400.0
2019-03-15,165.858442083391,166.2751700114422,161.24463939572104,164.6876220703125,37135400.0
2019-03-18,162.2963882822019,162.6238054519901,158.0397833952159,159.22052001953125,37524200.0
2019-03-19,160.2226552079197,162.5444466443645,159.5678057083889,160.3119659423828,25611500.0
2019-03-20,160.2424859411437,164.82650762915654,159.98451587237324,164.1518096923828,20211500.0
2019-03-21,163.60611327266807,165.0944337943334,162.47499028180155,164.78684997558594,16223000.0
2019-03-22,164.36016103861667,166.11638318156776,162.8123103932943,163.06036376953125,16389200.0
2019-03-25,161.73080243028502,165.2432316006168,160.7385889184428,164.99517822265625,12631200.0
2019-03-26,166.04695721457836,168.13059675582596,165.05474358351418,166.37437438964844,15437900.0
2019-03-27,166.5430390299522,167.62454809186949,163.5068530570828,164.5784454345703,10620300.0
2019-03-28,163.28859077322645,165.42184384428168,162.05824052398015,164.26095581054688,10443000.0
2019-03-29,165.09442273136773,165.88819665106104,163.52672340346746,165.39208984375,13455500.0
2019-04-01,166.52323821867927,167.58489907585428,165.97751761920586,167.38645935058594,10381500.0
2019-04-02,168.81522772396372,173.53815918933915,168.22982531127647,172.84361267089844,23946500.0
2019-04-03,173.14128299216478,176.5743489039153,171.60334879718988,172.18875122070312,27391100.0
2019-04-04,174.64944458007812,176.614023296656,174.16325445881316,174.64944458007812,17847700.0
2019-04-05,175.50273218051527,175.62179295806715,173.73659332693737,174.3517608642578,9594100.0
2019-04-08,173.84578117186743,174.13351650335844,172.8734007772165,173.5679473876953,7297400.0
2019-04-09,174.2525507892514,177.79476067353207,174.1831037087638,176.19729614257812,19751000.0
2019-04-10,176.79262244624147,177.39787338366907,175.16539265151494,176.43544006347656,11701500.0
2019-04-11,176.85213435110265,177.01087699992797,175.62178419785624,176.1278076171875,8071000.0
2019-04-12,176.61398826223441,178.23130097706832,176.5643745633792,177.70542907714844,12329800.0
2019-04-15,177.11013529318535,179.0945625793835,175.49282221014067,178.2511749267578,10834800.0
2019-04-16,177.6062570335282,178.76714527667045,176.9117104530132,177.47726440429688,11215200.0
2019-04-17,178.20157717015965,179.33270012285755,176.97122679670733,177.38795471191406,9973700.0
2019-04-18,177.40780103271302,177.4871799403403,175.95916246347767,176.891845703125,11655600.0
2019-04-22,176.862118122402,180.25548766032293,176.862118122402,180.02728271484375,13389900.0
2019-04-23,181.31713397177452,182.78560598414893,180.0669350409875,182.34902954101562,19954800.0
2019-04-24,183.05348726817184,183.6984200336972,180.23558921854809,181.15835571289062,37289900.0
2019-04-25,195.44625476371647,196.93457534704658,190.62409546812768,191.75521850585938,54148800.0
2019-04-26,191.00112323298583,191.39800262786818,187.6176711306924,189.99899291992188,22075000.0
2019-04-29,189.46318673735053,193.8884661213994,189.16551962488455,193.26336669921875,19641300.0
2019-04-30,192.67794590443944,195.8530261409919,190.78281444731803,191.8940887451172,23494700.0
2019-05-01,193.26336662324573,194.65245962756978,191.50714428636743,191.52699279785156,15996600.0
2019-05-02,191.49722539370654,192.48943899678275,188.2725311837089,191.0308837890625,13209500.0
2019-05-03,192.86648883169053,194.6326278689575,192.20170752125662,193.947998046875,14575400.0
2019-05-06,189.75093330248222,192.76725596880635,189.06630349973676,192.37037658691406,13994900.0
2019-05-07,191.04080983034808,191.39800735054732,186.38734052161269,188.29238891601562,16253000.0
2019-05-08,187.9153372207342,189.2349831544809,187.08188141204525,188.0641632080078,12505700.0
2019-05-09,185.74239974484124,188.29239619539774,184.80971645382024,187.1811065673828,12967000.0
2019-05-10,186.78419379731912,188.52056744483735,183.15268870662942,186.8734893798828,12578500.0
2019-05-13,182.07121031855266,183.98617545416812,179.4319182955988,180.12646484375,16833300.0
2019-05-14,181.09884008128245,182.06128853534085,176.71325755432562,179.32276916503906,17628100.0
2019-05-15,179.01517041615566,185.8217561094283,178.618291044294,184.8196258544922,16746900.0
2019-05-16,183.60914538762196,187.111658483527,183.60914538762196,185.53404235839844,12953100.0
2019-05-17,183.40076805103382,186.11943891159655,182.8451308275562,183.85719299316406,10485400.0
2019-05-20,180.4638007424565,182.79549344184133,179.95776215520357,181.29725646972656,10352000.0
2019-05-21,183.1328517779712,184.25404273053707,182.45813872954642,183.3809051513672,7502800.0
2019-05-22,183.29161189556703,185.28597089728876,182.18033752165732,183.8770294189453,9213800.0
2019-05-23,180.99961942743286,182.4680914487444,178.27103178122283,179.46168518066406,12768800.0
2019-05-24,180.9103231396282,182.2002039590993,179.42200261100294,179.65020751953125,8807700.0
2019-05-28,180.12644214269247,183.27177243573908,180.03714655632237,182.8748779296875,14843300.0
2019-05-29,182.07122091416383,183.12296505399598,179.9379674335594,180.77142333984375,12797700.0
2019-05-30,181.6544994627786,182.05137891617235,179.48154887649324,181.5850372314453,8581500.0
2019-05-31,178.87625233696252,179.1342224020053,175.78055099654176,176.088134765625,15226500.0
2019-06-03,173.63738032563361,173.68699403372227,159.75630658520944,162.87185668945312,56059600.0
2019-06-04,162.43530246984187,166.96971095429262,159.58763901376403,166.19578552246094,46044300.0
2019-06-05,166.17593535498227,167.40628571280695,163.34813557914495,166.86056518554688,19758300.0
2019-06-06,166.98955243005832,168.37864541840986,165.92787660754973,167.01931762695312,12446400.0
2019-06-07,168.84498184789277,172.51616903885096,167.5253359794175,172.00022888183594,16917300.0
2019-06-10,173.38935429803465,176.4751396925717,172.44675425545486,173.4588165283203,14767900.0
2019-06-11,177.09030301848856,178.57862361960088,175.4134593855052,176.71327209472656,15266600.0
2019-06-12,176.99108348971458,177.87415307132238,171.53390817551417,173.6770782470703,17699800.0
2019-06-13,174.16323811267938,176.64377191493367,173.25040349024704,176.088134765625,12253600.0
2019-06-14,179.10448360485768,180.42412959894995,178.59846008500926,179.91810607910156,16773700.0
2019-06-17,183.56942996067215,188.0244744089328,182.97411089349598,187.5382843017578,29459900.0
2019-06-18,192.48945826320056,193.01533031426763,185.8217809719573,187.0025177001953,37571400.0
2019-06-19,185.5439595646964,186.63540067695106,183.11303905828848,186.0202178955078,21417100.0
2019-06-20,189.46317113667587,189.67154264023787,186.1789467641779,188.05422973632812,14635700.0
2019-06-21,187.2803281006879,190.50502249182557,187.2803281006879,189.65171813964844,22751200.0
2019-06-24,190.9217507239968,192.4696016118779,190.07837819661492,191.10035705566406,15509000.0
2019-06-25,191.37818067769592,191.63615078576746,186.6651656672942,187.36962890625,16750300.0
2019-06-26,188.06415802502235,189.27465982141456,185.8515259486567,186.1988067626953,12808600.0
2019-06-27,188.40153639562095,197.3314594204653,186.80407178224405,188.0244903564453,11159000.0
2019-06-28,189.0663026325004,191.69566259042654,188.46105173690523,191.49722290039062,16378900.0
2019-07-01,193.6900215962289,193.75946867475142,190.43554709173276,191.49722290039062,14181800.0
2019-07-02,191.49723166441305,193.48165893554688,191.20949637168923,193.48165893554688,9050000.0
2019-07-03,192.64821258367968,195.86297523133166,192.64821258367968,195.66453552246094,10246100.0
2019-07-05,194.65246983879882,195.53555453641823,192.65812581940315,194.87075805664062,11164100.0
2019-07-08,193.67016392658124,195.14855241641712,192.13222990657042,194.2357177734375,9723900.0
2019-07-09,193.45186853579807,197.90691262950634,193.37248963849635,197.6588592529297,14698600.0
2019-07-10,198.4427198534289,201.37967876885,198.1152875488734,201.15145874023438,20571700.0
2019-07-11,201.67733945504267,202.21314330019712,198.65109995843773,199.66314697265625,13678500.0
2019-07-12,198.12520452215628,203.70145525331952,197.60926435057237,203.27479553222656,15366300.0
2019-07-15,202.65964516188413,203.731237758485,200.24857317451668,202.32229614257812,16030300.0
2019-07-16,202.30242132298193,203.8701205582262,201.5185792753485,202.2528076171875,12132700.0
2019-07-17,202.5901721385115,202.76877846508143,200.02034246492263,200.2287139892578,12083700.0
2019-07-18,198.59156008870863,200.8935030713905,197.8275664632312,199.21665954589844,11937900.0
2019-07-19,200.60575436261726,200.7545954984619,196.52777067611243,196.8155059814453,12098300.0
2019-07-22,198.35343613170718,200.99272809727643,197.26199505121497,200.7446746826172,13589000.0
2019-07-23,201.26059053472196,202.64969857273917,199.3952393773505,200.78433227539062,14583700.0
2019-07-24,196.09120591709893,203.215293289888,195.68439465085865,203.06646728515625,32532500.0
2019-07-25,205.09053569444006,207.03528089447204,196.71625099426262,199.14718627929688,39889900.0
2019-07-26,198.63123275593708,201.30028962459562,194.7219089512831,198.1946563720703,24434000.0
2019-07-29,197.45050838228804,198.07560780135663,193.77932105342705,194.41433715820312,16530800.0
2019-07-30,193.86862138181795,197.16277791456997,191.99333821876863,195.50576782226562,11903600.0
2019-07-31,195.4164736835156,197.2123779524002,191.17971719472445,192.7176513671875,14593500.0
2019-08-01,192.65811435806566,196.9246358984572,189.39373825086943,191.2293243408203,17777000.0
2019-08-02,189.6120392924137,191.12019317718264,186.60563306925116,187.54823303222656,15297000.0
2019-08-05,183.25194632650906,184.22431149023885,177.9435971014936,180.3149871826172,23086700.0
2019-08-06,182.25972642611572,184.34336599152593,181.66439218458214,183.07333374023438,18035700.0
2019-08-07,182.1704245251016,184.91884531908548,179.80895129274603,183.70834350585938,15833200.0
2019-08-08,185.1668920234162,188.85792772368168,182.61691101531667,188.67933654785156,14828900.0
2019-08-09,188.52061313280922,189.49297837187868,185.66303267842343,186.38735961914062,11058800.0
2019-08-12,185.39515357655642,186.12938209497082,183.02376321306735,183.92666625976562,10930900.0
2019-08-13,184.0754721625791,189.88984449107085,183.92663103790386,186.98265075683594,13577000.0
2019-08-14,184.35330775587687,184.54183078052492,177.9138354180572,178.31072998046875,18903700.0
2019-08-15,179.54105938203216,181.77354012490346,178.62822462841115,181.1682891845703,12925900.0
2019-08-16,182.3192365073304,183.65873083153832,180.94006030343186,182.26962280273438,12654600.0
2019-08-19,184.5616401449062,186.0400438101091,183.41068391358388,184.72039794921875,9691200.0
2019-08-20,184.00601392079102,184.55173444310773,180.96984264751063,182.3787841796875,10083400.0
2019-08-21,183.55951048176124,184.4524966389247,181.7139926356428,182.1208038330078,8398200.0
2019-08-22,182.00175027899132,182.6764634624245,178.5091689835024,180.62257385253906,10821400.0
2019-08-23,179.4319187008426,181.70409651204378,175.2844727753875,176.36598205566406,17323400.0
2019-08-26,178.0031261750868,179.09456726705497,176.85216982535022,178.95565795898438,8773600.0
2019-08-27,180.51342048042534,182.60699186900402,179.60058574729803,179.88833618164062,14399600.0
2019-08-28,179.12432330990987,180.5332648311725,177.52685877876382,180.34474182128906,9386100.0
2019-08-29,182.3391039813643,184.63111505629817,182.0414368628062,184.12509155273438,10128700.0
2019-08-30,185.3256619420925,185.3455104540302,182.03152053942938,184.22430419921875,10774500.0
2019-09-03,182.56732862264894,184.22432375585035,180.69204525489593,180.96986389160156,9779400.0
2019-09-04,183.21224389624834,186.28811225850544,182.45816697478202,185.682861328125,11308000.0
2019-09-05,187.0620177120988,189.86998385050498,186.4766153563826,189.41355895996094,13876700.0
2019-09-06,188.72894287197545,188.72894287197545,184.89899802699838,186.03012084960938,15226800.0
2019-09-09,186.26825860954187,187.5085256343164,184.40290729946628,187.2902374267578,14722400.0
2019-09-10,185.98051341848625,186.63537800629246,183.11301681549222,184.72039794921875,15455900.0
2019-09-11,185.00816165150752,187.96495405432762,184.63111562417566,187.02235412597656,11761700.0
2019-09-12,188.3817052240302,189.4433660752566,185.7721781884302,186.01031494140625,11419800.0
2019-09-13,185.87137695084874,186.50639305418997,185.08751972236277,185.7324676513672,11441100.0
2019-09-16,185.47448271545076,186.32778702503037,184.3235264350698,184.77001953125,8444800.0
2019-09-17,185.20659802654154,186.85367627008114,184.0953084764538,186.61553955078125,9671100.0
2019-09-18,186.62545037945307,187.60774728326058,184.56164429689392,186.67506408691406,9681900.0
2019-09-19,187.19102818015065,189.61203187411297,186.6849895362617,188.6595001220703,10392700.0
2019-09-20,189.17543762657544,191.59644109241498,186.6552067505056,188.45111083984375,19934200.0
2019-09-23,187.8657393408444,188.6198314465113,183.76790703285937,185.36537170410156,13327600.0
2019-09-24,186.51631274800997,186.57584314303674,178.98541497755713,179.8684844970703,18546600.0
2019-09-25,180.03716868788584,181.99183084303726,176.48504190695024,181.3766632080078,18068300.0
2019-09-26,179.91811301576254,179.98756010235067,176.286607220428,178.70761108398438,16083300.0
2019-09-27,179.0846423972008,179.35252917482316,174.2922487777934,175.72103881835938,14656200.0
2019-09-30,176.4850336273538,177.27880755981747,175.47298662494165,176.6934051513672,10740000.0
2019-10-01,177.75507589501558,178.43970576115325,173.51833435409935,174.4410858154297,17073000.0
2019-10-02,173.47861533942427,175.1554586795992,171.7422416079968,173.24049377441406,16151700.0
2019-10-03,174.20293012481662,178.4396708365077,172.278033527198,177.98326110839844,16086300.0
2019-10-04,178.15195096952186,179.57080911896514,176.7132443093235,179.04493713378906,10430200.0
2019-10-07,178.598445179605,179.7692499419264,176.70331359993784,178.2809295654297,9178300.0
2019-10-08,176.8720055833215,178.96557705889228,176.33621685638886,176.36598205566406,9466900.0
2019-10-09,177.76501609769656,179.31286709930063,176.55451413183079,178.44964599609375,7556900.0
2019-10-10,178.91598532057125,180.1959343582307,177.77493045818167,178.62823486328125,8605000.0
2019-10-11,180.7316895070228,185.03790775918344,180.72177282205558,182.7558135986328,14930500.0
2019-10-14,182.76573995798162,183.18246784831845,181.1484421040507,181.8529052734375,7006000.0
2019-10-15,182.36887139842187,188.8976390143347,182.22996209340153,187.4192352294922,15039100.0
2019-10-16,186.85367815342866,188.22292266826352,185.44472147500937,188.0740966796875,10516900.0
2019-10-17,188.81823615494756,189.3540247949266,187.30015067836726,188.90753173828125,9603000.0
2019-10-18,188.7488405641879,189.99903973205153,182.48797345649334,184.4029541015625,16874200.0
2019-10-21,185.58361808412022,188.43128130392094,185.29588281256093,188.28244018554688,8122600.0
2019-10-22,188.52057108073635,189.16550382054808,180.0867560587034,180.9202117919922,19537600.0
2019-10-23,180.59279769294298,184.92878155956058,180.58288100701617,184.7005615234375,12300400.0
2019-10-24,183.182481496143,185.2760529292764,181.37666050347596,184.9287872314453,11413500.0
2019-10-25,184.38304447733105,187.52835959124408,183.6488010052593,186.427001953125,8061200.0
2019-10-28,185.74238033048172,188.05423980339688,183.63889237228332,187.9252471923828,13657900.0
2019-10-29,190.19742595354356,191.03088173758235,187.00249697475027,187.83595275878906,13574900.0
2019-10-30,188.0840229636892,188.96709253425385,184.53189616861468,186.7842254638672,28734600.0
2019-10-31,195.1684274639781,196.5476038710065,186.78422491161206,190.15774536132812,42286500.0
2019-11-01,191.34838745558798,192.59857106697217,188.43127722238108,192.1123809814453,21711800.0
2019-11-04,193.03518290570312,195.83321773276006,192.3009393000315,193.203857421875,16371300.0
2019-11-05,193.84877326562983,194.22581929219072,192.0925660302858,192.8069610595703,9942000.0
2019-11-06,192.5192183927646,192.85656740909667,189.86009300758838,190.05853271484375,10973000.0
2019-11-07,190.41573602622887,191.93382178580185,187.99473216024907,188.9373321533203,13473000.0
2019-11-08,188.52057865704424,190.84235478164692,188.22291155748496,189.35403442382812,10760800.0
2019-11-11,188.45112169488698,188.59996281880592,187.07194539711494,188.1336212158203,8631200.0
2019-11-12,188.52058402549875,193.54118241978134,188.26261393985592,192.95578002929688,17615500.0
2019-11-13,193.18398230480068,194.17619589151252,191.23925215323305,191.6857452392578,10860700.0
2019-11-14,191.42776891848106,192.51920997060702,189.95929698105766,191.64605712890625,9040500.0
2019-11-15,192.74741587846907,193.7793265404359,191.8742781721648,193.5808868408203,11524300.0
2019-11-18,193.04507779292095,197.083394458118,191.54684069024395,195.8629608154297,16167200.0
2019-11-19,195.86294209628116,198.44270329510826,195.32715345897415,197.76800537109375,19056800.0
2019-11-20,197.0337827757966,198.03591308312716,193.90830078406032,195.97210693359375,12355400.0
2019-11-21,195.88278577357377,197.53978048841432,195.32714864045076,196.38880920410156,12131000.0
2019-11-22,196.83538089772102,197.74821578809483,196.08128871090435,197.27195739746094,9959800.0
2019-11-25,197.96647295478036,199.4051797284967,197.69857102837094,198.23435974121094,15272300.0
2019-11-26,198.442724670464,198.5915506579755,196.49797930710295,197.42074584960938,11735500.0
2019-11-27,198.34351494886434,201.55829282574896,197.86725660635614,200.4271697998047,12736600.0
2019-11-29,200.0302949188543,202.21316210662366,199.6433321680224,200.06997680664062,7985200.0
2019-12-02,200.55616782394503,200.60576639888993,196.5079339537415,198.14508056640625,11503400.0
2019-12-03,196.061455335448,197.38108638241465,193.56107228965288,197.27195739746094,11595300.0
2019-12-04,198.44269899104324,198.47246418469376,196.50788570387584,197.16275024414062,8456300.0
2019-12-05,198.3038002553113,199.72265836137896,196.66665395754444,197.8076934814453,9740400.0
2019-12-06,198.9388223508887,200.0004981463346,198.5022459542559,199.4845428466797,12270600.0
2019-12-09,199.08764804194197,201.55826529748646,198.65108678592196,199.77227783203125,11954800.0
2019-12-10,200.0897959341768,200.47675862817715,198.59154372562898,199.30593872070312,9475700.0
2019-12-11,198.7205409171607,201.05224896037808,198.7205409171607,200.68511962890625,8036800.0
2019-12-12,200.77443525319376,202.07423269365034,192.58867275812622,195.21803283691406,23734800.0
2019-12-13,194.8707495720382,195.26764410536947,191.66590380777728,192.5985870361328,18798000.0
2019-12-16,193.74956142284032,197.56957484695494,193.29313648755445,196.37892150878906,14911500.0
2019-12-17,197.29173843033917,197.45049623175822,194.60284819119846,196.84524536132812,10175700.0
2019-12-18,198.53202502655532,202.70925114268758,198.53202502655532,200.9232635498047,23274400.0
2019-12-19,201.20107642986963,204.6936726076007,200.933174513572,204.45553588867188,16514600.0
2019-12-20,205.86448465387954,206.09270469504125,201.84601632794207,204.6936798095703,27306900.0
2019-12-23,205.09055554968202,206.96583871627354,204.0784934016867,204.57460021972656,13348900.0
2019-12-24,204.69367763788193,205.17985263350567,203.40379687361448,203.52285766601562,6046300.0
2019-12-26,203.96935783345515,206.20183844236743,203.71137260683932,206.17205810546875,9350700.0
2019-12-27,207.04522922443257,207.30319933387474,204.98142292895696,206.47967529296875,10284200.0
2019-12-30,206.2415083405457,206.2811902208079,202.31233603558812,202.81837463378906,10524300.0
2019-12-31,202.41158838306944,203.95943928360214,202.01470897164327,203.65185546875,8953500.0
2020-01-02,205.14018485188762,208.1565078732457,204.66392650956365,208.14659118652344,12077100.0
2020-01-03,205.5966187065653,208.76176786545233,205.33863344083917,207.0452423095703,11188400.0
2020-01-06,205.09055629632272,211.12321704244698,204.91196510836792,210.9446258544922,17058900.0
2020-01-07,211.16290991488245,212.9092004360152,210.1012340740953,211.40103149414062,14912400.0
2020-01-08,211.341519588777,214.55629744981584,210.95455684865024,213.5442352294922,13475000.0
2020-01-09,215.84614294905182,216.67961389127672,214.59595924568188,216.60023498535156,12642800.0
2020-01-10,217.4932292798279,218.16794243532362,215.72709019217615,216.3621063232422,12119400.0
2020-01-13,217.8901027575594,220.241644038371,217.50314007666663,220.18211364746094,14463400.0
2020-01-14,219.88445679338435,220.64846550559204,216.92766450065454,217.35430908203125,13288900.0
2020-01-15,218.8922660704496,219.95392686203348,218.425924417891,219.4280548095703,10036500.0
2020-01-16,220.83700210732903,220.89653250467634,218.67396845051022,220.04322814941406,10015300.0
2020-01-17,220.30119524849337,220.55916534680847,218.81287477518103,220.41033935546875,15905900.0
2020-01-21,220.4301848234441,220.63854120844226,217.41384689413272,219.71578979492188,14275800.0
2020-01-22,220.5790072572682,221.01558367210345,219.55702844071217,219.5967254638672,12212800.0
2020-01-23,219.03117089962214,219.76541447669973,217.5626988854463,218.0488739013672,11195000.0
2020-01-24,219.0807581343057,220.05312318860922,214.4272740930298,216.24302673339844,11905800.0
2020-01-27,211.440722772415,214.3776665299758,210.84538856048835,213.19692993164062,13810700.0
2020-01-28,214.4570915563265,217.0368535095199,211.85749622778724,216.09423828125,13413800.0
2020-01-29,219.71579601102562,222.45430027118508,216.74907170753525,221.49185180664062,33181300.0
2020-01-30,204.92188804289427,209.7837289696415,203.15574892158747,207.89852905273438,48775500.0
2020-01-31,206.80706640152664,207.06505161840613,199.4944572611041,200.3378448486328,31359900.0
2020-02-03,201.8559222525895,203.54268221963605,200.92323911528766,202.60008239746094,15495600.0
2020-02-04,205.0111849473292,208.96020627969224,203.60224334381496,208.19619750976562,19628900.0
2020-02-05,210.85529016204745,211.07357834813965,207.08489088949517,208.47398376464844,12538200.0
2020-02-06,208.83120592530642,209.54560095697394,207.7099996678324,209.208251953125,10567500.0
2020-02-07,208.66254989830577,211.16293273052528,208.29542052398477,210.67674255371094,12242500.0
2020-02-10,209.87302918064674,212.13527502346943,209.01972486168884,211.40103149414062,11856400.0
2020-02-11,208.5533927044946,209.21817404336107,204.90203854387963,205.57675170898438,25030800.0
2020-02-12,206.23162710979105,209.57538249088782,205.78511882521056,209.11895751953125,13813700.0
2020-02-13,207.88861429981483,212.66115967424702,207.55125014251132,211.4804229736328,15396600.0
2020-02-14,212.33369215972644,213.25644346126913,210.9941978588029,212.5122833251953,10741700.0
2020-02-18,211.88720319857438,216.28270188669174,211.7383620844988,216.10411071777344,15609200.0
2020-02-19,216.2926766897616,216.62010903781749,214.4273100305269,215.79656982421875,12135100.0
2020-02-20,214.83410713895424,217.06658788680414,211.2918970851758,212.90921020507812,13109200.0
2020-02-21,211.8177495955409,212.57184160157027,207.2039625311857,208.54344177246094,14092300.0
2020-02-24,200.2286969404289,202.06428291956448,196.62695691772672,199.1571044921875,23080100.0
2020-02-25,200.6752110946446,201.91547815950642,194.4242620597452,195.23788452148438,21433500.0
2020-02-26,195.65461883601014,199.6433220862228,193.96785860064,195.66453552246094,16524500.0
2020-02-27,190.32642672297806,194.3548116584717,188.02448382270822,188.2725372314453,21682600.0
2020-02-28,181.27742781433986,191.23926117317146,180.4042901120362,190.9713592529297,32568900.0
2020-03-02,192.51919263476543,195.03942351365126,187.37953374660688,194.91043090820312,24949000.0
2020-03-03,194.69214924139928,195.70421132887967,182.53753292619203,184.4425811767578,27984100.0
2020-03-04,187.69703155416585,190.3363231761663,184.9386791534209,190.26686096191406,23062500.0
2020-03-05,185.32567512431237,187.5184740800542,182.45817811448364,183.72821044921875,19333400.0
2020-03-06,176.94144297065125,182.34900375294296,174.8875536690963,179.67994689941406,24559600.0
2020-03-09,168.2794489832595,173.63739688839533,163.90378294807687,168.1802215576172,29949000.0
2020-03-10,173.3099400535454,176.90174828238088,168.1801977845256,176.8025360107422,24517800.0
2020-03-11,172.6550938325682,174.51054367524623,166.35454616437582,168.91445922851562,20373900.0
2020-03-12,158.29775772184547,165.30279874923735,153.13824981343737,153.26724243164062,43266300.0
2020-03-13,162.25667556735854,169.46014026563884,156.37285666627957,168.95411682128906,35028600.0
2020-03-16,151.13398868681,157.89096114274597,141.98577772844195,144.87310791015625,39120400.0
2020-03-17,149.56627516659688,152.7413554813894,138.90989624697303,148.2565460205078,34255600.0
2020-03-18,138.6618382645267,147.02619090123744,136.03247851442796,145.81570434570312,37553100.0
2020-03-19,145.4783478577257,158.68470796752493,143.67252704466907,151.9376678466797,39862300.0
2020-03-20,154.8051803858326,158.02987479986012,146.8476225464844,148.56414794921875,32568400.0
2020-03-23,148.494689153159,151.12404910429632,141.1423828354806,146.94683837890625,29830800.0
2020-03-24,154.00145602573534,160.05394897848265,151.3820131269123,159.7265167236328,30440400.0
2020-03-25,157.68258858451526,161.72090533404412,151.86821609525333,154.9936981201172,35184300.0
2020-03-26,157.01779756928065,162.72302560102386,155.7973791164667,162.0681610107422,26556800.0
2020-03-27,156.96819294005962,158.84347609160096,153.54505895105285,155.5691680908203,24879900.0
2020-03-30,157.94056152383686,165.45162612076703,156.82928708074246,164.65785217285156,22515200.0
2020-03-31,164.19152184551297,169.59908358160726,162.92148949743878,165.50125122070312,23676300.0
2020-04-01,160.36156041626128,162.87185966361065,156.80943383993798,158.3572998046875,19507600.0
2020-04-02,157.86118519507858,160.0936657297294,154.70593816665038,156.95826721191406,20886300.0
2020-04-03,155.92636791796428,156.68045997611702,149.65558556793806,152.9794921875,25983300.0
2020-04-06,158.90299357025864,164.90588856040713,157.2757639580179,164.26095581054688,28453600.0
2020-04-07,170.45238598754636,172.03993397402672,164.71739197485502,167.51544189453125,31411900.0
2020-04-08,169.9165678335829,173.6373685890628,166.43390377684543,172.9229736328125,21664200.0
2020-04-09,174.53036037094571,175.7011802527379,170.2340889492218,173.82589721679688,23534300.0
2020-04-13,172.31772651616228,173.63737236291774,168.13058409712687,173.4290008544922,19355400.0
2020-04-14,177.58639019806657,179.81887085223931,175.24476543964624,176.78269958496094,21011800.0
2020-04-15,173.82590202875645,176.80254281201508,171.47436065477507,175.592041015625,17423000.0
2020-04-16,176.56441519874684,176.66364261929394,171.16677054452398,174.87765502929688,23593200.0
2020-04-17,177.8046785869603,178.87627111884785,175.28446264083883,177.84437561035156,20974800.0
2020-04-20,176.02861848761108,179.09455487937518,175.39360238892877,176.85215759277344,16110700.0
2020-04-21,173.88542478797388,174.01441739437823,167.02922551794623,169.47007751464844,24850500.0
2020-04-22,177.06052242667482,183.34123663421514,176.75293861824514,180.86070251464844,33242000.0
2020-04-23,182.64666460852993,185.59353994234564,181.72389817209415,183.68849182128906,21426600.0
2020-04-24,181.80330444127193,188.9274063834041,179.42199771642456,188.59005737304688,28792000.0
2020-04-27,191.159895928517,192.2414052327474,185.9507739802748,186.04006958007812,29197800.0
2020-04-28,187.19102229434844,187.7268109792905,181.1385132497502,181.4857940673828,21731000.0
2020-04-29,189.4433672054425,195.3768164309881,188.52061566961873,192.67799377441406,45954500.0
2020-04-30,205.30884198802337,208.0572779754261,200.00050816482027,203.11605834960938,46230100.0
2020-05-01,200.0302870004148,205.66605352173815,197.5001390497588,200.695068359375,30415600.0
2020-05-04,198.6411451382997,204.30669104079635,197.21235523658538,203.6617431640625,19250700.0
2020-05-05,205.40807366752924,208.74191213072285,204.89211833132651,205.4576873779297,21071200.0
2020-05-06,206.4995056560085,209.95242015348194,205.05088216567125,206.84678649902344,21857000.0
2020-05-07,209.5158389880353,209.95241541855825,207.4123357446047,209.61505126953125,15152000.0
2020-05-08,210.58741961925696,211.54986802110636,209.20824332278897,210.69656372070312,12506000.0
2020-05-11,209.24794835339893,213.32594730041535,208.73199298585013,211.52011108398438,12911900.0
2020-05-12,211.62926041833853,213.60377119710614,208.3648838988478,208.464111328125,14704600.0
2020-05-13,207.7992617661601,209.13875601961522,200.53626696825052,203.50299072265625,20684600.0
2020-05-14,200.9827690358986,205.3187372917811,199.12733459047098,205.19967651367188,17178900.0
2020-05-15,203.6717174550073,209.6944469487105,202.53066257670844,209.238037109375,19383200.0
2020-05-18,210.49811862818973,212.96873605342822,209.2975485967128,211.530029296875,20151900.0
2020-05-19,211.60942259144775,218.77320680308347,211.17284613578335,215.19131469726562,31843200.0
2020-05-20,221.759758571814,229.53871022771793,221.4521747518963,228.17938232421875,50162900.0
2020-05-21,232.89239117121974,235.35307680549553,229.39979485355224,229.58831787109375,47782600.0
2020-05-22,229.70738178910028,234.15250994111815,226.9589608180292,233.08091735839844,33925600.0
2020-05-26,237.90304686477256,239.0242378798725,229.86611106249487,230.39198303222656,33178300.0
2020-05-27,227.28640313241405,228.7647918792839,219.40822380701874,227.35585021972656,34697600.0
2020-05-28,222.55351163233212,229.82643907583383,222.25584452684524,223.70448303222656,29377200.0
2020-05-29,223.44650066945937,225.71867830178658,221.14457298017828,223.3373565673828,23241500.0
2020-06-01,222.84126714697254,230.63015060457363,221.75975786747784,230.10427856445312,18223800.0
2020-06-02,229.1418199204089,231.1857775917419,224.79591934234608,230.907958984375,20919000.0
2020-06-03,230.30270292675684,230.83849161760028,226.75057636604603,228.36788940429688,15380300.0
2020-06-04,227.772588896863,229.8264786524265,222.86113380048928,224.52804565429688,17041500.0
2020-06-05,224.944744609729,229.5486149585623,223.55563653087066,228.97312927246094,16750400.0
2020-06-08,227.24669454212363,229.74707721776002,225.63931324920404,229.59823608398438,15466500.0
2020-06-09,229.71730870091466,237.90307132103038,228.61595094279085,236.81163024902344,27462900.0
2020-06-10,239.0838086648603,239.3318620782933,233.44802723887338,234.88673400878906,20720700.0
2020-06-11,228.14960184432616,231.07662899070073,221.80935742815382,222.6824951171875,26708200.0
2020-06-12,228.10990023443085,229.8562058573406,222.7519528586331,226.80018615722656,22091400.0
2020-06-15,223.33737495960366,231.94979762731478,223.04963965223982,230.68968200683594,15340300.0
2020-06-16,235.2935435543671,236.60327283509807,231.18577966295072,233.8151397705078,15236700.0
2020-06-17,233.17021865035676,235.74004849039753,229.9256756239852,233.6960906982422,19578100.0
2020-06-18,233.1602900791253,234.30132971581455,230.342391818643,234.10289001464844,15782500.0
2020-06-19,235.93848091433975,238.95481893657268,233.71593199267232,236.93069458007812,30081300.0
2020-06-22,236.70249616889853,238.8258328662226,235.0653496315149,237.35736083984375,18917800.0
2020-06-23,239.40128911138243,243.28084780615615,237.9923476578794,240.35382080078125,24017900.0
2020-06-24,239.32190083224603,241.32617640559252,230.86823730246684,232.19781494140625,20834900.0
2020-06-25,232.79316560381045,235.45230610298375,230.92781420586104,233.84490966796875,18704300.0
2020-06-26,230.82859361350327,231.2750867486719,213.72282404542958,214.3975372314453,76343900.0
2020-06-29,208.1168066218885,219.03115643280992,205.49736327286647,218.92201232910156,58514300.0
2020-06-30,218.87241577847084,225.72861605804886,216.76892758571236,225.30197143554688,33927100.0
2020-07-01,226.72081163267626,237.13905461798524,225.7881284096902,235.70034790039062,43399700.0
2020-07-02,237.13903128587822,238.1312448059028,230.79878749852014,231.60247802734375,30633600.0
2020-07-06,231.9398659180404,238.52816419114757,230.46147721466446,238.4091033935547,26206200.0
2020-07-07,237.5458514748459,245.72168150044317,236.96044910941646,238.98455810546875,27887800.0
2020-07-08,236.2560005890612,245.06686293607262,234.74783155219004,241.68341064453125,29791300.0
2020-07-09,243.0923440071215,244.61042967890646,237.377198839224,242.5962371826172,22174900.0
2020-07-10,241.79252935736176,243.57851682658566,237.45656086428355,243.1617889404297,22982700.0
2020-07-13,245.08666315884426,248.2022130954621,236.56355241102372,237.1390380859375,24674900.0
2020-07-14,234.9164819970531,238.45869174856148,230.22331599791937,237.8633575439453,23378100.0
2020-07-15,239.66921901467015,242.91376200888993,236.1964711117376,238.4091033935547,19133600.0
2020-07-16,236.146837523563,239.87755522060198,234.48984262328327,239.05401611328125,18880700.0
2020-07-17,239.12348321533193,242.25888189855516,236.00793304376865,240.1454620361328,18152400.0
2020-07-20,238.19081306109,244.13417844127542,233.80523042218056,243.5090789794922,20872200.0
2020-07-21,244.30284140487475,244.98747123257405,238.21065031691052,239.86764526367188,19364200.0
2020-07-22,238.38923626150319,240.01646597475658,236.26589974372158,238.0022735595703,15427900.0
2020-07-23,237.76415520841277,240.5324245536432,229.94550701818997,230.7888946533203,21771800.0
2020-07-24,228.39767987749195,231.6719881993835,225.1332882424619,228.91363525390625,18325800.0
2020-07-27,229.65776047765974,233.12057616100276,229.03266108130668,231.68186950683594,13163100.0
2020-07-28,232.8030790068061,233.1305113076569,228.04045075621468,228.32818603515625,14170100.0
2020-07-29,229.3402423786379,231.88030667788055,228.5167033044342,231.47349548339844,13588300.0
2020-07-30,228.42744451877812,233.0610807883605,227.21694256552757,232.6741180419922,20615300.0
2020-07-31,253.82810794885188,253.85787314770926,247.06120346233217,251.69483947753906,53005100.0
2020-08-03,250.68275307528512,253.41134040008626,248.38082545951394,249.99813842773438,23124900.0
2020-08-04,249.6012450982718,250.8315953845901,245.50339817898234,247.8847198486328,17183500.0
2020-08-05,248.2419279153794,250.30573406098853,245.84077277269392,247.1802520751953,13050100.0
2020-08-06,247.10083391316908,264.52411502334746,246.73371977702394,263.2143859863281,45241600.0
2020-08-07,262.02372590545957,276.71843559418903,261.378793191007,266.34979248046875,72766400.0
2020-08-10,265.95294401876475,271.7276042056883,257.6679543343518,260.9521789550781,30248800.0
2020-08-11,258.16406605594824,263.84946103998055,253.1434675252499,254.13568115234375,28238300.0
2020-08-12,256.95354425379196,261.8451497880856,256.10022485521864,257.86639404296875,21415700.0
2020-08-13,259.5134036927859,263.09530982664216,257.54884053212055,259.2653503417969,17374000.0
2020-08-14,260.2675780454647,260.6049270761182,256.6658374029572,259.2059020996094,14792700.0
2020-08-17,260.4560885640764,262.04363649322056,257.3802201288519,259.12652587890625,13351100.0
2020-08-18,258.9181714962435,263.0854507776414,257.2413279573134,260.2973327636719,18690400.0
2020-08-19,259.35474142244783,265.82396354247567,259.31504439791973,260.5453796386719,23291500.0
2020-08-20,259.4638710277575,267.53057289532575,259.4241740031318,266.9154052734375,20299700.0
2020-08-21,266.59788085818127,268.3838532680804,264.34556683414814,264.93096923828125,15538600.0
2020-08-24,268.95937034055146,275.0912436348155,266.67726070148495,269.2768859863281,23685600.0
2020-08-25,270.28890306860325,280.8857367616059,268.15564994253316,278.6334228515625,42127200.0
2020-08-26,281.78869215846566,302.2977627595192,281.78869215846566,301.5436706542969,69015200.0
2020-08-27,297.82288608867316,298.8845620799674,289.74625154101784,290.9369201660156,30301300.0
2020-08-28,292.70303682425975,294.9156842406994,288.71434871476174,291.37347412109375,17157400.0
2020-08-31,291.6611828617794,294.56836127343684,289.2798461363718,290.9170227050781,17345100.0
2020-09-01,292.4152301338691,299.1424364072867,290.4308031472568,293.1395568847656,17295900.0
2020-09-02,296.5527841578091,301.23603322218395,290.76816233153926,300.14459228515625,24341400.0
2020-09-03,293.6853167317261,295.2827964981779,281.42157021145084,288.8532409667969,32294100.0
2020-09-04,285.0133590630986,286.74973287810445,269.0288123633383,280.528564453125,30333700.0
2020-09-08,269.16776686961657,277.1253108936608,267.3222636782899,269.0487060546875,24864000.0
2020-09-09,273.62270967239243,276.3116300951045,269.23714290021314,271.58868408203125,22918800.0
2020-09-10,273.3647396262602,276.98631269360067,264.9507585978488,266.00250244140625,24814700.0
2020-09-11,267.95723761672286,269.2768988349684,260.595028693732,264.5340881347656,18913900.0
2020-09-14,268.8402800429086,274.4859777025332,263.63115877833076,264.07763671875,24093800.0
2020-09-15,268.5624240941063,272.3824215994397,267.2030662513804,270.2987976074219,18478500.0
2020-09-16,265.20877366986406,270.3186675006481,259.7515990335024,261.4681091308594,29183400.0
2020-09-17,256.2689425036203,259.4638716951567,248.24193764003047,252.8358917236328,31281400.0
2020-09-18,256.3879945767653,257.1817836445312,248.10301989417528,250.56370544433594,28130800.0
2020-09-21,245.6125378194875,248.00377613111147,242.22910108849263,246.21778869628906,24709400.0
2020-09-22,251.3376284288325,253.33198748485088,246.28726476136234,252.76641845703125,30293100.0
2020-09-23,253.27245835747246,255.9811974630854,246.21781849122172,247.0810546875,19641300.0
2020-09-24,244.58066055336698,250.2759722576186,243.70750771146652,247.58706665039062,20006800.0
2020-09-25,247.4580803714351,253.7586431588387,244.68981092583851,252.8358917236328,18351300.0
2020-09-28,257.3802103500167,257.57866518860396,252.83588523395522,254.8203125,18826300.0
2020-09-29,255.80262629518063,261.2796353335787,254.89970814262563,259.75164794921875,20200200.0
2020-09-30,259.94014233961224,264.00819407144127,258.07477583703985,259.8607482910156,20142500.0
2020-10-01,263.2838619564372,266.24063884854394,262.73812635584693,264.55389404296875,20009800.0
2020-10-02,259.1760853784858,263.0854090741721,257.16189314177063,257.9159851074219,16367600.0
2020-10-05,260.1584197827861,262.80761315583914,258.80899353212766,262.5893249511719,12822300.0
2020-10-06,259.7416979545767,263.62125710707375,256.2292530217347,256.64599609375,18696900.0
2020-10-07,257.191677642664,258.1541260416151,252.83587570346262,256.11016845703125,23133400.0
2020-10-08,257.7275121464029,262.5595880875689,257.13217786216137,261.706298828125,16312800.0
2020-10-09,262.460392649015,262.6886127317784,260.1287143614854,262.3909606933594,14107800.0
2020-10-12,268.09613180330746,277.99840433575406,265.7842571156628,273.6029052734375,31019300.0
2020-10-13,275.41865851572834,276.92684268053154,271.2613110760602,273.9898986816406,18063300.0
2020-10-14,275.45831762030724,276.57952376322527,269.385975611536,269.7034912109375,15577800.0
2020-10-15,265.5163718280196,266.9451618689203,261.6169795530416,264.6432189941406,15416100.0
2020-10-16,265.29812762293676,269.25705094959847,263.234305986008,263.8594055175781,16622700.0
2020-10-19,263.4624709578556,266.45894507176126,257.8564702810664,259.3646240234375,13587000.0
2020-10-20,261.011723098242,267.60003633807696,260.83313190654906,265.4766845703125,18763200.0
2020-10-21,277.3832469106849,280.8460628763154,274.2180829295083,276.5597229003906,28998600.0
2020-10-22,277.6908110286055,280.25073903320055,272.8984327390067,275.9544372558594,16720000.0
2020-10-23,276.6291299185733,283.0189877020772,274.66456643827354,282.572509765625,17535200.0
2020-10-26,280.955180395698,283.0090696232539,272.12448623561744,274.9522705078125,21322900.0
2020-10-27,276.5895016504046,282.2947304449759,274.15856596508183,281.084228515625,16287200.0
2020-10-28,276.61925709522393,276.61925709522393,265.17903470962136,265.5858459472656,23121800.0
2020-10-29,274.396728033916,281.391853842569,271.6483065709201,278.6434020996094,32368100.0
2020-10-30,272.36263742827884,274.54551949414935,257.08255380705526,261.0613098144531,47247800.0
2020-11-02,262.53977496028796,268.36406506435355,255.33629315337143,259.3249816894531,27165700.0
2020-11-03,261.1109618671874,267.9472985392612,258.84871583422796,263.2342834472656,17961900.0
2020-11-04,278.8120067096619,286.69018469531346,276.4505336229866,285.142333984375,35364400.0
2020-11-05,289.6271756640322,295.0645176913189,286.7001633898219,292.3855285644531,23823600.0
2020-11-06,291.66126169971534,292.30619462052846,285.81710782166357,291.1254577636719,13891000.0
2020-11-09,287.61297361927814,290.3018642047378,276.3612741591326,276.5993957519531,25117700.0
2020-11-10,270.9735427793602,271.8665289718165,261.94439287795456,270.3087463378906,29067700.0
2020-11-11,271.34066722353845,276.23227323546826,270.3583854027134,274.3272399902344,14957000.0
2020-11-12,275.021765017838,277.57176129856583,272.2931775519897,272.9381103515625,12899500.0
2020-11-13,275.55757270188633,275.5972697257865,270.97355054002895,274.7935791015625,10391200.0
2020-11-16,272.9083439459854,277.23441107281263,272.491631182549,276.78790283203125,12970400.0
2020-11-17,275.5178592544726,275.5178592544726,271.16205738974224,272.8587341308594,15040300.0
2020-11-18,272.3824579271771,275.23013630396935,269.7233328307537,269.8523254394531,12152900.0
2020-11-19,268.90969503517306,271.3406302507744,267.0939576319751,270.81475830078125,12963700.0
2020-11-20,270.4377223174348,270.87429870110765,267.31225569610524,267.6000061035156,18114700.0
2020-11-23,268.78077218389745,268.84030258094407,262.4702775773392,266.33990478515625,20990800.0
2020-11-24,266.3994105734373,275.6567800984791,265.7842430074771,274.7637939453125,16930400.0
2020-11-25,275.9742849766651,277.99837877049015,270.5270121222275,273.4441223144531,12467000.0
2020-11-27,275.23019878449475,276.9566410960432,272.6802020673497,275.64691162109375,7808400.0
2020-11-30,273.880732275048,275.5377423917736,268.89983065871155,274.81341552734375,16693300.0
2020-12-01,276.98634407793395,287.0473739409889,276.7878892517777,284.31878662109375,20738900.0
2020-12-02,283.1380649406063,289.50808972380065,278.64333843936527,285.28125,17361600.0
2020-12-03,284.021160071813,284.4180394796772,278.88150058207015,279.6554260253906,12921700.0
2020-12-04,278.1174596971742,281.2528583037155,277.12524609814045,277.52215576171875,10880300.0
2020-12-07,277.01609460561934,286.24366821412923,276.0338129120554,283.3563232421875,13007700.0
2020-12-08,283.7830221052009,284.1997348614235,279.3577276370347,281.1933288574219,10747700.0
2020-12-09,281.4513082325447,285.39039736328687,269.6340408403183,275.7560119628906,25189700.0
2020-12-10,273.3945654669271,276.55972952390835,269.743196117083,274.9622497558594,20065100.0
2020-12-11,272.3923936395362,274.3272222377273,268.1457207169015,271.4200134277344,14391400.0
2020-12-14,271.24143127887464,275.06145975530757,269.4455270568558,272.0550537109375,16376900.0
2020-12-15,272.69005444899267,273.93032146756855,265.38737677799685,273.4044494628906,23979500.0
2020-12-16,272.6206414843473,275.69647968054255,270.3881606955199,273.5235595703125,15885000.0
2020-12-17,274.9126027788768,278.25635744205846,271.47952225398996,272.3427734375,16377800.0
2020-12-18,273.62276428656816,275.83541176373166,269.02884023804313,274.24786376953125,26693200.0
2020-12-21,270.85447759496384,272.53132099000726,265.7048866234326,270.66595458984375,16553700.0
2020-12-22,269.38601137682167,269.38601137682167,262.569508309428,265.0103454589844,17312900.0
2020-12-23,264.8119282601544,270.050815371756,264.15706358620935,266.02239990234375,14329000.0
2020-12-24,266.78638859045014,268.29454231066234,264.1272634995675,265.3179016113281,6702000.0
2020-12-28,266.6474464444262,275.14079158661707,263.59144218595503,274.8431396484375,23299700.0
2020-12-29,274.79359810053637,278.3258764729374,274.1288015940637,274.6249084472656,16383000.0
2020-12-30,275.785757376464,275.91471969767804,269.59432448010415,269.7530822753906,11803800.0
2020-12-31,269.88210960073656,274.9324733857731,267.70915931059875,271.0330810546875,12900400.0
2021-01-04,272.64047147424185,272.8587596931947,263.13507782338417,266.845947265625,15106100.0
2021-01-05,266.2010125852026,270.27899621280795,266.1216185352488,268.8601379394531,9871600.0
2021-01-06,259.9599985721144,265.66522754841077,257.98550292903553,261.2597961425781,24354100.0
2021-01-07,263.82960827148605,269.4951398375126,262.71833380809295,266.6474914550781,15789800.0
2021-01-08,266.2208311647082,266.8558624092201,261.1307705027565,265.4866027832031,18528300.0
2021-01-11,258.4518366026843,261.4185458890213,253.9074808801105,254.8401641845703,30412300.0
2021-01-12,254.63180582980544,257.6977425190241,248.35109131287493,249.1349334716797,26383500.0
2021-01-13,249.59135320647286,251.97265997269682,247.2596450120617,249.68064880371094,19528900.0
2021-01-14,251.42692829090055,253.04424135584142,242.7053771272773,243.72735595703125,29739400.0
2021-01-15,245.96976602555998,251.88336623941407,245.23553758953017,249.40283203125,24942900.0
2021-01-19,254.899706732813,260.15845778432646,250.7522605182706,259.0670166015625,28028500.0
2021-01-20,266.835999921806,268.2151913795209,261.547514682843,265.3973083496094,25199900.0
2021-01-21,267.16345410838227,271.46965766775173,265.40721658830023,270.7453308105469,20838700.0
2021-01-22,269.8920683820608,276.30176064685554,269.8821365551002,272.3626708984375,21954000.0
2021-01-25,275.9743295382134,277.9190598870613,269.3959479461869,275.8453369140625,19087000.0
2021-01-26,275.9742924509034,283.16784071758497,275.6468450213006,279.85382080078125,19373600.0
2021-01-27,280.3300786005515,281.2429283426131,266.03227844946406,270.02099609375,35346200.0
2021-01-28,275.02176987618066,284.55695871630996,262.6389630097755,262.9366149902344,37758800.0
2021-01-29,263.23427292927573,264.4844718354171,252.86565830915723,256.31854248046875,30389500.0
2021-02-01,257.49924684689097,262.11306402911066,252.92515696458904,259.9698791503906,22914300.0
2021-02-02,261.94436197771006,266.7566034715487,261.220035227519,265.0003662109375,17320800.0
2021-02-03,263.5517821485724,267.1039239356935,261.7856430809958,264.5737609863281,14223400.0
2021-02-04,264.93094845012894,266.07198797136226,261.94437598885247,264.41497802734375,16060000.0
2021-02-05,264.7225857955426,267.0741575464519,263.60140982277744,266.0124816894531,12454400.0
2021-02-08,266.6574199342827,267.75876255758504,262.93661872589735,264.5043029785156,13755200.0
2021-02-09,264.36535650896525,271.26125216283776,263.6807267996763,267.3519287109375,14613400.0
2021-02-10,270.3285830682983,271.6680470836127,265.6354022624926,269.7530822753906,14687200.0
2021-02-11,269.772988469329,271.44980170908656,266.39943777738347,268.28466796875,12828600.0
2021-02-12,268.41363220082087,269.06849685928296,266.2506136586012,268.393798828125,9097600.0
2021-02-16,268.69146120075794,274.44631890054274,267.9473009164723,271.8367919921875,15417200.0
2021-02-17,269.1280057386519,271.83675975298524,267.48092753784414,271.43988037109375,12763200.0
2021-02-18,267.4710411411446,269.8325144750873,263.95859633855946,267.2924499511719,15249100.0
2021-02-19,267.75876839108383,268.1655796323252,258.12438206399435,259.5234069824219,25622600.0
2021-02-22,255.94150511244536,261.0216337980358,255.52476208560068,258.3029479980469,17434900.0
2021-02-23,257.47942267295707,265.3774342503566,252.97477970473903,263.7898864746094,21924600.0
2021-02-24,260.28732916508244,264.30581162260177,256.37803620761827,262.2519226074219,15736100.0
2021-02-25,260.2576094580705,264.861494995442,252.06193075227245,252.70687866210938,19053100.0
2021-02-26,254.47301987913823,263.48230592627357,254.47301987913823,255.6140594482422,26619500.0
2021-03-01,258.7891703786948,264.5737626108393,255.89189320962132,262.8473205566406,22157300.0
2021-03-02,263.7105134754157,264.63326480051563,256.6360260897413,256.9833068847656,15191700.0
2021-03-03,258.26328713334885,258.95781848728717,253.1136961127763,253.42127990722656,15513500.0
2021-03-04,254.47302315663333,264.4149925260299,251.5261475539743,255.63392639160156,31626500.0
2021-03-05,258.6402919675598,263.38307102229237,253.61967921951808,262.22216796875,26820100.0
2021-03-08,263.4823095847237,263.5120747815499,253.06408191613306,253.32205200195312,18391800.0
2021-03-09,259.14634572246285,266.43912187751977,257.78701790933485,263.67083740234375,22039700.0
2021-03-10,266.5482712133679,266.8756883722604,260.82317946583066,262.8373718261719,14210300.0
2021-03-11,266.0224050343976,275.7361857987075,265.73468485814243,271.74749755859375,21834000.0
2021-03-12,267.0444088724371,267.6397128665082,261.96424931001116,266.3101501464844,20600200.0
2021-03-15,266.98487846120577,273.81131431341987,266.4094077750428,271.6185302734375,16844800.0
2021-03-16,273.9303121433824,279.9431543023301,272.66027997078896,277.10540771484375,22437700.0
2021-03-17,273.5632228614151,284.0013300636442,273.26557087198046,281.7986145019531,21315000.0
2021-03-18,277.69082858237186,282.9694124523862,276.11321251700224,276.4505615234375,18728300.0
2021-03-19,279.0303110218043,290.520131236803,279.0104776505019,287.85107421875,38930500.0
2021-03-22,288.1884882749741,297.3763667697082,284.5172853838437,291.2544250488281,28273100.0
2021-03-23,290.86746377399635,295.6797066666779,287.55347337985114,288.3670959472656,23000900.0
2021-03-24,288.73414327750163,289.4485382452627,278.9707655714033,279.9431457519531,18675000.0
2021-03-25,278.7922204243197,285.8170802003852,275.5873592254311,276.56964111328125,24505600.0
2021-03-26,276.1330647516216,282.2848018961399,275.6071926939098,280.8163146972656,17629200.0
2021-03-29,283.5449355313263,290.8972436512639,282.48328974512583,288.5556335449219,21718800.0
2021-03-30,287.5733062518088,290.1927651628179,284.4677025586263,285.757568359375,17474500.0
2021-03-31,287.7320056973746,294.19132577755687,286.36274611540455,292.2366638183594,19498200.0
2021-04-01,296.0765789426555,300.045433969447,294.2906062925836,296.3345642089844,17616000.0
2021-04-05,298.54718744548785,308.3502331272152,298.33880077200007,306.5047302246094,28237000.0
2021-04-06,306.4352333643989,308.9256990987487,302.87319030448623,303.8753356933594,17335200.0
2021-04-07,303.95474852621874,311.8031627153539,303.12129263179196,310.6521911621094,22855200.0
2021-04-08,312.39850125036537,313.42048018860385,307.63585714326587,310.5827331542969,20894100.0
2021-04-09,308.97535545757665,312.2893457464455,307.9136794786985,310.027099609375,15988600.0
2021-04-12,308.62805251976675,309.71949362187615,305.53235068829883,309.1142578125,10881900.0
2021-04-13,309.7789885616756,311.98170388654387,306.9115071052222,307.34808349609375,14036900.0
2021-04-14,304.9072561748296,305.6315830725214,299.59893713379694,300.462158203125,17421400.0
2021-04-15,303.95470027690254,307.7251299969415,301.73215157790185,305.4231872558594,14558300.0
2021-04-16,305.7704851705201,306.5444105843695,302.23817681915284,303.79595947265625,13059200.0
2021-04-19,302.6351398285244,305.3041973641103,298.21977632111566,299.8866882324219,14553500.0
2021-04-20,299.6385619334526,302.72436183660926,294.89578234939887,300.2934265136719,16796400.0
2021-04-21,299.5988930328925,299.6286582281445,295.0744016748638,299.12261962890625,14863500.0
2021-04-22,298.9837579042729,300.5614044233748,293.73496893428785,294.2112121582031,16375400.0
2021-04-23,296.43379755001087,300.2339629907367,294.8363176243021,298.78533935546875,17536800.0
2021-04-26,300.97810243975925,303.4189396821475,299.2119632513711,300.6804504394531,16172600.0
2021-04-27,301.9107314378546,302.96247535635484,298.7654012272768,301.2062683105469,15309300.0
2021-04-28,304.9667562140213,308.49906447197213,302.9922608483322,304.70880126953125,33907200.0
2021-04-29,327.54948001931956,329.2263230736686,319.105734366469,326.9442443847656,56526800.0
2021-04-30,323.6005719261197,327.25191086363225,321.97332701790543,322.5487976074219,26332400.0
2021-05-03,323.6303106363787,325.99175347728556,319.33400895885666,320.0682373046875,18719500.0
2021-05-04,317.5281817062086,319.68129851653737,310.68191400122157,315.881103515625,24032600.0
2021-05-05,315.7124384967286,318.5600865999648,312.04123617300195,312.5671081542969,15577600.0
2021-05-06,312.0710532140715,317.7465169927918,310.8307860445956,317.5282287597656,19012200.0
2021-05-07,319.86984325216355,320.4254804771027,316.2681028362469,316.59552001953125,15916700.0
2021-05-10,311.90237131540397,312.130561078937,302.4564778555259,303.5876159667969,24239200.0
2021-05-11,298.4082258726899,304.4508027729763,297.35648192958325,304.1432189941406,18920100.0
2021-05-12,298.78531788021286,302.58548304780106,295.86820716463995,300.1942443847656,24645500.0
2021-05-13,303.6968015719049,306.45515486086435,300.4125761541859,302.8832092285156,18079200.0
2021-05-14,307.12978931670204,314.3828679110663,306.673349284258,313.4799499511719,19245700.0
2021-05-17,311.10859135712974,313.2220113682099,309.1539291705394,313.00372314453125,15401300.0
2021-05-18,313.13270708868293,314.03562515796114,307.39771331279434,307.5465393066406,14522400.0
2021-05-19,301.82148235708155,312.2099608190644,301.2063147190204,311.1482849121094,19106200.0
2021-05-20,311.1383774259706,316.76424276633463,310.72166460369823,316.12921142578125,17320200.0
2021-05-21,316.8039328459837,317.43893389264736,313.3510181373768,313.76776123046875,13600900.0
2021-05-24,315.7322705020775,323.41202409677993,315.5536793273055,322.102294921875,16445400.0
2021-05-25,324.53320796495933,326.6168625616901,322.27096218906894,325.2377014160156,16437000.0
2021-05-26,325.7933639842611,327.2618208339103,323.2830646151076,325.1087341308594,9686900.0
2021-05-27,325.4460432710368,331.1810363589441,324.2157081628903,330.1590576171875,20477700.0
2021-05-28,328.42269355471336,330.27812809646827,325.77346998443005,326.1703796386719,12037400.0
2021-06-01,327.5793076939704,328.8394383209458,324.0966586152129,326.5672607421875,11765900.0
2021-06-02,327.80756141635504,329.2859501143572,324.5729351203657,326.5871276855469,11654300.0
2021-06-03,323.2433575381614,324.83090541378255,320.9612782844265,323.5013427734375,12610800.0
2021-06-04,323.36240833474403,329.8713271716394,322.6480133267942,327.77777099609375,13289400.0
2021-06-07,326.91456629914944,335.0606319370068,326.36883062034224,333.9592590332031,20136700.0
2021-06-08,334.0782912014948,335.66580854730773,329.65299727418136,331.081787109375,14580500.0
2021-06-09,333.1258016057894,334.17754565379573,327.4305049367785,327.6785583496094,13727900.0
2021-06-10,328.2143580705369,331.33982497689396,325.9917789291626,329.871337890625,13240200.0
2021-06-11,329.9904241893929,330.23847761827665,326.3688501836827,328.68072509765625,13587900.0
2021-06-14,329.3156906835293,334.1973949616918,327.24196787486557,334.14776611328125,12250800.0
2021-06-15,334.3660512618339,337.27326012162166,332.42132108487635,334.1279296875,15795200.0
2021-06-16,334.07837226495525,334.9217297045753,326.16049586366273,328.5021057128906,17232200.0
2021-06-17,327.91665590302716,335.34835619713573,327.5793069198967,333.8898010253906,17794100.0
2021-06-18,331.92524601348964,333.53262735380366,326.43830549404345,327.0931701660156,23039500.0
2021-06-21,328.51196839114846,330.3277360767431,325.09875148397424,329.70263671875,11337500.0
2021-06-22,330.09953680226704,337.2732518527593,330.0102412140811,336.3901672363281,15345300.0
2021-06-23,336.7077140585252,340.7460309516775,335.5666743971073,337.93804931640625,14817800.0
2021-06-24,339.1882123029975,342.2144515558053,339.12868191166035,340.5078430175781,12329100.0
2021-06-25,339.9224463575193,341.4405319220191,337.0351012093616,338.7119445800781,14594400.0
2021-06-28,339.79348109205574,355.351414273791,339.1088512451318,352.8708801269531,29156100.0
2021-06-29,353.4959868181793,353.9623284984824,346.33220223052217,349.1501159667969,21417300.0
2021-06-30,349.42785769169,350.172017850921,344.46678996348334,345.0025634765625,15107500.0
2021-07-01,344.1195206582734,351.90840330765593,343.80200504587583,351.6305847167969,17137000.0
2021-07-02,352.3350507654891,353.66461333834536,349.8743501691839,351.93817138671875,11521300.0
2021-07-06,353.72420904342124,355.99638705535716,346.46119697904163,350.0331726074219,13488500.0
2021-07-07,352.4937724794709,353.7141756872279,347.2747198571754,347.7608947753906,14218900.0
2021-07-08,343.0379816826625,345.6177125393496,339.89265158807626,342.9585876464844,14406500.0
2021-07-09,342.63117238947024,347.97918739800417,342.58154354659945,347.69146728515625,13018700.0
2021-07-12,348.49522163288634,351.4321656465033,346.91760551570826,350.4101867675781,10018600.0
2021-07-13,348.7630778385036,355.6986411619793,346.0840890261971,349.3484802246094,11456000.0
2021-07-14,351.7992196115705,352.43425079221873,344.03020115303184,344.9231872558594,13894200.0
2021-07-15,346.5107713852772,346.5107713852772,337.57091703181555,341.77789306640625,14781600.0
2021-07-16,342.2244021364838,343.29597951923523,337.491554086067,338.50360107421875,11026100.0
2021-07-19,334.9415530868475,337.1442684957518,331.9351470822577,334.3263854980469,14372300.0
2021-07-20,336.1619785065814,340.7757962853777,331.89547184743174,338.9997253417969,11024300.0
2021-07-21,338.84093751886803,343.82183878893244,338.59288412390543,343.53411865234375,9279700.0
2021-07-22,343.9806423586199,348.80281674381297,342.522086990995,348.4555358886719,12385400.0
2021-07-23,358.09984323454836,372.4075475574417,354.4088071301203,366.91070556640625,33694300.0
2021-07-26,366.7022954251453,371.5244693516764,365.35289943975135,369.55987548828125,14925200.0
2021-07-27,369.01415718461413,370.24449233760663,361.7114494701859,364.9460754394531,15705400.0
2021-07-28,371.6435062586561,374.61021509469094,364.0729119989861,370.37347412109375,29676900.0
2021-07-29,358.18909332168226,362.6738876890814,353.96225388818993,355.52996826171875,33413200.0
2021-07-30,351.24364693893176,357.92125598632435,350.1919028478955,353.5257263183594,15976200.0
2021-08-02,355.3117334679123,356.6015991711631,348.0090248606978,349.2096252441406,13180400.0
2021-08-03,349.98357658934486,351.0154571162281,344.9927425004173,348.5051574707031,12406100.0
2021-08-04,349.675976949346,357.67321721132265,348.77305881912804,356.1253662109375,14180600.0
2021-08-05,356.8397103759352,361.06651968292107,354.121024546421,360.1437683105469,10247200.0
2021-08-06,358.5860093865691,362.30681059827253,358.5860093865691,360.6795959472656,8925000.0
2021-08-09,360.9276868832901,362.93194777690513,357.9411137772933,358.7944030761719,7798900.0
2021-08-10,359.0126160349106,361.26496017610475,356.2443620276476,358.3180847167969,7469900.0
2021-08-11,359.2805476658655,359.5385026093773,355.0239428784297,357.1571960449219,8400300.0
2021-08-12,355.65898438949955,360.1735442509098,354.3293914916329,359.8262634277344,7170700.0
2021-08-13,360.143785948073,361.8206294212598,358.6653973147733,360.3521423339844,7195700.0
2021-08-16,359.6972591712923,364.09278838073544,354.597297072418,363.705810546875,11222100.0
2021-08-17,360.1536923226501,361.8305356773374,352.3052793550785,355.6589660644531,12328700.0
2021-08-18,353.4760707252254,357.0579470408631,352.3846297841883,352.68231201171875,10042400.0
2021-08-19,348.61428473703285,354.785855077009,348.2670038908366,352.35491943359375,12004500.0
2021-08-20,351.8389597404687,357.1869754679856,350.55899567761094,356.5718078613281,8697700.0
2021-08-23,356.6412240393063,362.8425584347706,356.3038750817874,360.5207824707031,10942000.0
2021-08-24,360.82840025472757,365.0949066090898,359.02256424131787,362.66400146484375,9235100.0
2021-08-25,362.75332184262254,367.9723451281747,362.5548669977145,365.5216064453125,9684500.0
2021-08-26,365.5117016314949,366.563445771327,361.2947932451995,361.5428466796875,7888700.0
2021-08-27,362.2571791977708,370.8298886670531,361.2451019807343,369.7285461425781,11219100.0
2021-08-30,369.6591383120919,378.51959949765813,367.63501386017316,377.6960754394531,13547300.0
2021-08-31,376.9915944473429,379.7797124259526,375.8505245076621,376.426025390625,12345400.0
2021-09-01,376.6343583249429,381.33744111851894,375.8604329249879,379.0751953125,11567200.0
2021-09-02,378.5295108429375,378.77756425764454,371.14743879885947,372.3579406738281,14832900.0
2021-09-03,371.8320699459693,374.22330850570114,370.2048250054217,373.330322265625,7509600.0
2021-09-07,372.9531994071727,379.9780573660564,370.24444576627275,379.2041320800781,10793800.0
2021-09-08,377.19995675435416,377.9044199897593,371.87177413003326,374.630126953125,11067200.0
2021-09-09,374.69958031283954,376.87250036613216,373.6379044316709,375.0567626953125,9098900.0
2021-09-10,378.39055683069006,380.8016588460184,375.31471895262035,375.7413635253906,11549600.0
2021-09-13,378.7080348548655,378.7774970658514,371.43512334898713,373.57830810546875,13026300.0
2021-09-14,374.46145718784504,375.64219395380354,372.18927925840063,373.5982360839844,8711600.0
2021-09-15,374.06451890131825,374.62015608259486,364.8071795418745,371.0085144042969,17940300.0
2021-09-16,369.8873256244635,370.65131921468594,366.8312907036599,370.15521240234375,11934200.0
2021-09-17,368.518069098452,368.518069098452,358.77452395434756,361.8801574707031,26299000.0
2021-09-20,356.5023033115867,358.2188435908357,347.07627493272804,352.93035888671875,19822800.0
2021-09-21,355.70858018739267,357.2365976294864,352.4243555514342,354.696533203125,11751900.0
2021-09-22,344.52634630694666,347.1160093217714,338.0372607512432,340.5376281738281,43692900.0
2021-09-23,342.67093155378745,346.94740074109455,340.329321601349,343.2662658691406,21806300.0
2021-09-24,340.56741280535164,351.5909225024472,339.70419175115126,350.21173095703125,18801900.0
2021-09-27,347.0862695745265,352.3846870622932,344.3775152914721,350.826904296875,15205800.0
2021-09-28,345.2605382784772,346.87785115390363,336.2810180731356,337.9975280761719,21710300.0
2021-09-29,340.4780817360786,342.5419029260096,336.24134067745075,336.96563720703125,14452200.0
2021-09-30,337.7991500549551,340.1308279140143,335.5170404865727,336.7474060058594,16547100.0
2021-10-01,338.95010998438113,342.33356235954994,336.0032643427392,340.3392333984375,14905300.0
2021-10-04,332.9174555014666,333.32426674467087,320.1873672849246,323.68988037109375,42885000.0
2021-10-05,326.02153122963404,332.57014704290987,323.6203912754051,330.367431640625,35377900.0
2021-10-06,327.17251785068817,331.77640370121645,323.26319366414805,331.04217529296875,26443000.0
2021-10-07,334.3760068358188,336.201676355274,326.4184641021134,326.6565856933594,28307500.0
2021-10-08,328.928756267281,330.80402431715976,326.1505398838151,327.4801025390625,15946100.0
2021-10-11,325.07897314720964,327.8869245412267,322.7770301401252,322.91595458984375,14708200.0
2021-10-12,320.51479497836937,321.8542895489138,314.8988617207982,321.2490234375,31658700.0
2021-10-13,324.4240721962077,324.4538373921097,320.1476341318763,322.01300048828125,14761500.0
2021-10-14,325.80326469937097,327.9464498506444,324.55309607109666,325.9719543457031,14302200.0
2021-10-15,326.1208147828959,326.5077926877274,319.99887277639976,322.2313537597656,21596400.0
2021-10-18,326.38868305478695,333.2746480135661,324.94996119096635,332.7289123535156,21585000.0
2021-10-19,337.0053938787701,339.7935120917823,334.65385213782736,337.3427429199219,18786300.0
2021-10-20,340.77578008650755,341.3016520941956,336.8069256043469,338.1265563964844,13639500.0
2021-10-21,337.6304088854891,339.6446010811802,335.16970850239795,339.21795654296875,16354400.0
2021-10-22,323.80893083802226,327.06339039987455,318.60971071997267,322.08245849609375,35224500.0
2021-10-25,317.8060197357078,326.9939278171444,317.23054914233694,326.1307067871094,38409000.0
2021-10-26,325.7040544162325,327.6388528181023,307.1893445296699,313.3509826660156,65654000.0
2021-10-27,311.74360248983976,316.7642010297312,309.63018261546694,309.7889404296875,29971800.0
2021-10-28,310.5529394184158,322.98537519345757,305.7109319804182,314.4523620605469,50806800.0
2021-10-29,317.6969411510768,323.4617009449065,317.1115386387904,321.0506286621094,37059400.0
2021-11-01,323.5013809518082,330.85368850525396,323.46168392324455,327.41070556640625,31518900.0
2021-11-02,328.79977498067046,332.18322727188917,321.27877830987967,325.52545166015625,28353000.0
2021-11-03,324.94002526271333,329.56374431625284,320.6834506798263,329.0378723144531,20786500.0
2021-11-04,331.40928538211995,334.64388123663895,330.0598590951158,333.2349548339844,22495300.0
2021-11-05,337.6602239773612,344.0897793143083,336.99545779027494,338.4738464355469,26872800.0
2021-11-08,341.7382250284052,342.10533921947234,335.70554932019894,335.9833679199219,18342500.0
2021-11-09,337.3525898219776,338.65238708389546,331.8656503810712,332.7586364746094,17556700.0
2021-11-10,329.90110972631356,330.59567139945983,322.97547776703135,325.0888977050781,21872600.0
2021-11-11,327.25193181705265,329.87136025560955,324.45388189862655,325.1881103515625,12376600.0
2021-11-12,327.60908802886553,339.19813592267263,327.2122086341378,338.2357177734375,25414300.0
2021-11-15,341.6588004963411,350.8963059628038,340.5276928269547,344.8537292480469,25076600.0
2021-11-16,341.15277172534195,343.95082120477787,338.2158280944205,340.28955078125,18181100.0
2021-11-17,341.55958996835096,344.59576107300916,337.4518415302655,338.1166076660156,13602800.0
2021-11-18,337.07480472247227,339.79346029139595,332.68920729614837,336.0528259277344,17487200.0
2021-11-19,339.53552057480016,349.35842957953895,337.2534110290804,342.6113586425781,26488500.0
2021-11-22,346.332142327309,351.07492208794804,337.8586600494858,338.3547668457031,27116800.0
2021-11-23,336.29099629194184,338.7417654457569,330.90328294034356,334.62408447265625,17225000.0
2021-11-24,333.3837897309682,339.1187834740705,330.2186257334472,338.4043884277344,13566200.0
2021-11-26,333.18533998164787,335.1201687600475,329.315712704807,330.5262145996094,14750700.0
2021-11-29,334.26684150342027,338.0174075573323,332.69912711837196,335.39794921875,16650900.0
2021-11-30,332.39159586170115,333.1952865516864,320.9116758657948,321.93365478515625,25390000.0
2021-12-01,327.71820475396504,327.9265611101717,307.8739347926839,308.1815185546875,30329600.0
2021-12-02,308.975320750198,312.1504165030923,304.80804163947613,307.97320556640625,24396200.0
2021-12-03,311.2871716391293,311.30700500958125,297.167961754166,304.4508056640625,27471000.0
2021-12-06,305.73080691553787,317.60760590944744,303.954735944998,315.39495849609375,21758300.0
2021-12-07,319.06614306450473,323.9974459982289,318.5005740303453,320.2964782714844,18794000.0
2021-12-08,322.469379483908,330.15903391775504,320.5544147436998,327.986083984375,19937700.0
2021-12-09,326.97410398872734,333.51278849439655,325.44608644592824,327.2519226074219,16879200.0
2021-12-10,329.97058264885754,332.42135167676867,323.8287774793143,327.1824645996094,14528000.0
2021-12-13,328.37311410359496,338.43414460124114,327.0236878165198,331.8855285644531,22948700.0
2021-12-14,325.4956296139819,333.0860871840918,325.09875026625247,331.1413269042969,20461000.0
2021-12-15,329.9011126857574,339.4462033242894,321.45739496395663,338.9997253417969,24681300.0
2021-12-16,336.34063809580334,341.77795023184626,331.14141729744705,332.2923889160156,22635000.0
2021-12-17,330.20869739741596,334.4851358944469,328.1746714850775,331.1910095214844,40012600.0
2021-12-20,327.21222650534423,327.3312873022695,320.0186773181742,322.91595458984375,17901800.0
2021-12-21,323.8684263387449,333.38375058647256,321.2291346796741,331.5977783203125,16116800.0
2021-12-22,331.20087485098674,331.9053682815048,325.7040335196158,327.8769836425781,16764600.0
2021-12-23,327.5297071595906,334.04855761445225,325.8032349487416,332.6296691894531,13987700.0
2021-12-27,336.2115846993633,345.1613404781223,335.3781289082556,343.4844970703125,17795000.0
2021-12-28,343.9310116569067,349.9636571382656,342.51215344868643,343.5242004394531,16637600.0
2021-12-29,344.20880332655,346.9671557608115,338.9798488634585,340.26971435546875,10747000.0
2021-12-30,341.3214675520747,344.5263282790015,340.54754217986994,341.67864990234375,10593300.0
2021-12-31,340.3491274256358,340.76587049663726,333.65168504996285,333.7310791015625,12870500.0
2022-01-03,335.66583985117506,338.42419237470216,334.5644973188107,335.90399169921875,14537900.0
2022-01-04,337.3030520719377,340.41858727642335,329.2859485939772,333.90966796875,15998000.0
2022-01-05,330.4269709092636,333.1456568355286,321.318457087581,321.6459045410156,20564500.0
2022-01-06,320.3064141577774,336.529113208816,320.2071867379019,329.871337890625,27962800.0
2022-01-07,330.1491582803403,334.37599809420357,326.31922814812157,329.2065734863281,14722000.0
2022-01-10,322.7770443947874,325.78345076975626,312.973967948894,325.51556396484375,24942400.0
2022-01-11,324.23552173215785,332.0244036529667,322.74720150321167,331.76641845703125,16226800.0
2022-01-12,332.57016386603556,333.7509005316702,327.4602696256606,330.6651306152344,14104900.0
2022-01-13,332.3717746845691,333.01670756958674,323.2235626485857,323.9379577636719,14797100.0
2022-01-14,319.2844388795973,330.1392586318961,318.70893800587925,329.3157043457031,16868500.0
2022-01-18,320.7727525971954,321.6855721790978,315.1667516493473,315.6727600097656,22645600.0
2022-01-19,317.0916001571118,324.55306560102997,316.84354676400187,317.1015319824219,20814700.0
2022-01-20,321.3779672147133,325.2674577074556,313.5196527472708,314.0951232910156,16925000.0
2022-01-21,312.3587368736268,315.83148420546536,300.68039460419897,300.80938720703125,28710700.0
2022-01-24,295.520946079868,307.1199274914886,286.7597118004124,306.3063049316406,38878100.0
2022-01-25,297.6144721826559,303.84557218580625,295.26290058857546,297.8128967285156,25108500.0
2022-01-26,304.61951658051186,305.1156233960731,288.58534066797705,292.3359069824219,28348800.0
2022-01-27,295.4315949100361,299.3607522279332,291.96877918824987,292.3458251953125,21629900.0
2022-01-28,293.31817127191175,299.54927129206766,290.7483417543587,299.3607482910156,21871600.0
2022-01-31,298.338767684822,311.3467032774815,296.98937176977,310.8208312988281,21579500.0
2022-02-01,312.11068282446894,317.1709778388746,309.6896794102035,316.51611328125,18023800.0
2022-02-02,325.26749303258214,325.44608422624805,314.40274121853355,320.4850158691406,58458300.0
2022-02-03,242.74505795410397,246.06897966279848,233.91436272380943,235.90870666503906,188119900.0
2022-02-04,233.14042381897158,240.72093489028182,228.31826526183067,235.24391174316406,89342200.0
2022-02-07,235.849157043219,236.44449122728196,222.26575116531183,223.15875244140625,88613800.0
2022-02-08,219.13038789094924,224.01207717049772,214.46697168286357,218.46559143066406,94729700.0
2022-02-09,222.45428854589056,231.55288554145955,220.47979314969592,230.1935577392578,86563300.0
2022-02-10,226.49262916830958,233.1702232371406,224.934846367152,226.294189453125,49310400.0
2022-02-11,226.68112672688727,228.6258569131585,217.06657447768202,217.8404998779297,46156900.0
2022-02-14,217.60237794732865,219.2792214751233,213.10765122512285,216.00491333007812,38184000.0
2022-02-15,218.75333332612993,219.42803130608593,213.38545412333406,219.27920532226562,42685500.0
2022-02-16,210.75609571412514,215.76677745313566,210.70648200582244,214.8539276123047,45817500.0
2022-02-17,212.35356264731095,215.8064617968669,205.54697662595777,206.0926971435547,38747500.0
2022-02-18,207.75960955144294,209.10902068196484,203.5823835443195,204.5547637939453,37128400.0
2022-02-22,200.76450085331822,205.86447827017005,198.50225500397403,200.50653076171875,39852400.0
2022-02-23,202.57034715050102,205.3286999507496,196.50792100175778,196.90480041503906,44481400.0
2022-02-24,189.5723294747781,206.72771123120492,188.73887367786082,205.98355102539062,49957200.0
2022-02-25,203.3442685110929,209.6745964633609,201.59796279185824,208.84112548828125,37627600.0
2022-02-28,206.06291910870078,211.49032886803136,205.21954660842596,209.3868408203125,34239800.0
2022-03-01,208.23589195453502,210.1012586232327,200.64546292921548,201.90557861328125,27094900.0
2022-03-02,203.1855050567392,207.52147375619305,200.44700090023863,206.4895782470703,29452100.0
2022-03-03,207.39251389312045,207.45204429332074,199.85168364150212,201.38961791992188,27263500.0
2022-03-04,200.7942693856852,204.2868656360038,197.2421427393917,198.50225830078125,32130900.0
2022-03-07,199.2265943619773,199.3258217940458,185.82179190446445,186.01031494140625,38560600.0
2022-03-08,186.3873456909563,195.16842766775892,184.66088843878129,188.80833435058594,37508100.0
2022-03-09,194.21591760004782,197.54975628076116,192.41008137550406,196.9544219970703,31894700.0
2022-03-10,193.32288838403682,194.75167834752023,189.58225412516933,193.6900177001953,24853000.0
2022-03-11,191.14003380617865,192.0528685324607,185.2165172013014,186.14920043945312,34694500.0
2022-03-14,185.57371350137103,190.79275173053884,184.3731434907347,185.1768341064453,31010500.0
2022-03-15,189.3143563018215,190.7828281781689,184.46243244458515,190.53477478027344,31721700.0
2022-03-16,193.18400320920165,202.14369165553742,193.00541201145757,202.0444793701172,40640300.0
2022-03-17,200.12948853216994,206.42011938787329,199.5440861170762,206.2216796875,29499700.0
2022-03-18,205.09055652600136,215.11192035410394,204.39601000543493,214.80433654785156,52128000.0
2022-03-21,212.8298347088417,213.0382062435741,206.01333156086238,209.84327697753906,30142300.0
2022-03-22,209.72420193902565,217.7512221641548,208.54346523043534,214.9630889892578,31998800.0
2022-03-23,211.66893523991357,215.1119177429049,210.50804711106318,211.7979278564453,23717300.0
2022-03-24,213.32591311587282,218.95176212403834,213.11754160891385,217.86033630371094,31502300.0
2022-03-25,218.79300673228764,223.7441578485975,217.1856256093876,220.0928192138672,40039000.0
2022-03-28,220.4004213594452,222.29553791114895,217.830576517749,221.8490447998047,26224100.0
2022-03-29,224.3097380278288,229.09219975413018,223.5357974834285,228.07022094726562,31417900.0
2022-03-30,227.12761065506166,229.35015934967984,224.94474384142845,226.07586669921875,25588000.0
2022-03-31,226.67119351331812,226.7108905356395,220.5293889171824,220.6286163330078,24192300.0
2022-04-01,222.80157604386122,225.51031504373782,220.9659747526021,223.0992431640625,19544800.0
2022-04-04,224.22043413017906,232.52527259224502,224.10137333817107,232.06884765625,28054800.0
2022-04-05,232.2573692886443,235.01572198026443,229.2211979906724,230.03480529785156,29727200.0
2022-04-06,225.14318617073423,227.20699222567552,219.68601150256504,221.56129455566406,28995100.0
2022-04-07,222.18640019306102,223.76403143713907,216.85821762186922,221.2140350341797,21037200.0
2022-04-08,220.6484754046232,223.37706293065762,218.31676728092958,220.59886169433594,18375700.0
2022-04-11,216.7193276593316,218.89227821629822,213.54424665507966,214.77459716796875,20516600.0
2022-04-12,218.52510353339474,220.3011590111467,211.4704650447129,212.47259521484375,20128800.0
2022-04-13,210.17070922753877,214.92340609908956,209.68451907333844,213.31602478027344,19231800.0
2022-04-14,213.21677436885344,213.3160017822713,208.36485059628197,208.54344177246094,18379500.0
2022-04-18,208.36485177792,211.71853852275748,206.6780917200943,209.1288604736328,16580800.0
2022-04-19,208.88082627442776,216.7292249062666,207.37265725519583,215.61795043945312,20089900.0
2022-04-20,211.94676758701675,212.49248814621333,197.37114601309614,198.85946655273438,43036500.0
2022-04-21,200.03027030150272,201.38959810560033,184.13500399279943,186.60562133789062,49954100.0
2022-04-22,188.88768875332022,191.21939665285564,181.84298162915087,182.6764373779297,36426800.0
2022-04-25,181.30720237185403,185.72255024091484,180.24554160198022,185.53404235839844,29281100.0
2022-04-26,185.17682720845232,185.73246439664177,178.10233946459232,179.54104614257812,31747400.0
2022-04-27,173.07179802333295,179.7990196564615,167.6840858458877,173.58775329589844,71062900.0
2022-04-28,201.34000987075416,206.90632954577563,191.39802397815313,204.1281280517578,100890600.0
2022-04-29,202.86801081473362,210.82555343692744,198.3435038247346,198.90907287597656,49193400.0
2022-05-02,199.60361430075616,210.23022894872142,199.42502311439333,209.48606872558594,49915300.0
2022-05-03,208.8113594552885,213.2267071664261,206.4697346374748,210.37905883789062,41556300.0
2022-05-04,209.00980002605064,222.55352547851587,205.34854436270368,221.6704559326172,41375900.0
2022-05-05,217.03680989451814,218.4556680856586,204.5547608988458,206.6582489013672,41129200.0
2022-05-06,205.72554393991226,207.7496679630563,199.45476247796213,202.183349609375,34747200.0
2022-05-09,198.28396076469102,200.99271477399856,194.0571363094751,194.68223571777344,36303200.0
2022-05-10,197.9565563563899,201.37970584611642,192.67798717132737,196.1110382080078,34452500.0
2022-05-11,194.80129861899218,199.10750202518517,186.8040593960686,187.27040100097656,31153400.0
2022-05-12,185.6034850677345,196.50791865624595,183.3412391310792,189.75094604492188,38262200.0
2022-05-13,191.08050726208492,198.33358664883283,189.7906264841729,197.07347106933594,24549800.0
2022-05-16,195.5156975710409,203.7709070471389,194.4044080173516,198.48240661621094,27112600.0
2022-05-17,200.5461906062778,203.86019524944308,196.81547324400356,201.04229736328125,24872700.0
2022-05-18,198.44273679994532,199.43495048394504,190.13791310966099,190.7431640625,23960000.0
2022-05-19,189.7112567685913,193.76940717562402,188.12372392959506,189.80055236816406,24446900.0
2022-05-20,193.45189338862062,196.36900389432037,186.4071705328154,192.03302001953125,31465600.0
2022-05-23,193.67017665237506,195.45616417554956,189.75093592706153,194.7020721435547,25059200.0
2022-05-24,179.14417279094744,182.24979113801103,174.73874187922655,179.8684844970703,50406300.0
2022-05-25,178.9953501690386,184.00603251486388,177.9237726678139,182.39865112304688,28030200.0
2022-05-26,181.4560393911431,191.32856230221216,180.84085662538251,190.13790893554688,23056500.0
2022-05-27,189.86999202883518,193.80908116828513,188.32214126028134,193.6106414794922,22562700.0
2022-05-31,193.3724996128733,196.06140501525076,190.51491972252046,192.13223266601562,26131100.0
2022-06-01,194.979905186522,197.97639474515785,183.55953115785042,187.1711883544922,36623500.0
2022-06-02,186.98266684419815,199.37542128214022,186.26827177623153,197.31161499023438,31951600.0
2022-06-03,194.45403326777017,195.07913273257265,188.3023114639302,189.29452514648438,19465000.0
2022-06-06,192.47953295108994,195.3867117016177,186.9330470969102,192.7375030517578,30574200.0
2022-06-07,190.43555107036437,194.99973973643614,189.99898979915574,194.1265869140625,18828700.0
2022-06-08,193.15419445341286,200.4568862006811,192.896224401517,195.10885620117188,22267200.0
2022-06-09,192.76727745674913,197.8970204964128,182.24980612445378,182.56732177734375,23501600.0
2022-06-10,181.6147791626238,181.6743246989857,173.65723661984313,174.2029571533203,27450800.0
2022-06-13,169.26173264870567,171.23624337608868,162.75281315298358,162.98101806640625,31749300.0
2022-06-14,164.73723361805804,165.45162866818345,160.10359761848122,162.45513916015625,27244300.0
2022-06-15,165.89810383704474,170.8194897453489,162.70317496971361,168.0313720703125,30008300.0
2022-06-16,162.4452160123095,163.79462714887313,158.36721740504552,159.61740112304688,26944100.0
2022-06-17,160.42109974328864,164.6082426639391,158.65496061258537,162.46507263183594,31374200.0
2022-06-21,164.6379787621538,166.45373128366802,154.75554078208074,155.82713317871094,50724900.0
2022-06-22,157.1467889716582,159.5380121523933,154.22967867369047,154.63648986816406,47267800.0
2022-06-23,155.05323041722062,158.5061296598179,153.04895461675687,157.513916015625,40499200.0
2022-06-24,160.4707138331624,168.92437860519823,160.04406921900008,168.8350830078125,68736000.0
2022-06-27,169.98602536256894,170.41266990358127,166.70178593534752,168.17027282714844,29174600.0
2022-06-28,168.57708966300072,169.96619782883943,159.35943170287592,159.4288787841797,27744500.0
2022-06-29,162.2963989666472,165.0349032740984,159.07170450541813,162.66351318359375,28595200.0
2022-06-30,160.88744734437603,163.94346739412538,157.25595666485037,159.9944610595703,35250600.0
2022-07-01,159.06175413379128,159.3693379164502,153.79310252765947,158.783935546875,31423900.0
2022-07-05,156.90868096754664,166.9399625311862,155.7974064183734,166.88043212890625,28618600.0
2022-07-06,166.89033737772058,170.2539411358276,164.17168159339727,168.4481201171875,23085900.0
2022-07-07,168.13060278464656,171.37514571376303,166.47360777815038,170.84927368164062,24083400.0
2022-07-08,168.65646764813104,171.05762280254982,166.84071489855444,169.54946899414062,19249200.0
2022-07-11,165.76913276098287,166.1858606545308,160.64930697171704,161.61175537109375,21885600.0
2022-07-12,163.51678845252974,164.6181460473353,160.837815020293,161.9987030029297,16639700.0
2022-07-13,158.91293732025682,163.6953991051211,158.3672168002053,162.21701049804688,16555100.0
2022-07-14,159.96468182944713,161.3240096508679,156.05535772465447,156.81936645507812,23765200.0
2022-07-15,159.2899748082911,163.6954058947358,158.57559489965857,163.41758728027344,23342800.0
2022-07-18,165.4516286428729,170.35316657049168,164.35027086909628,165.92788696289062,23574300.0
2022-07-19,169.04342159539536,175.11577895763392,168.19011731697498,174.4113006591797,25933700.0
2022-07-20,176.1079959030853,182.17042155610093,175.32413868697932,181.6643829345703,24784300.0
2022-07-21,179.22352828307407,182.41845694525634,177.47722284388294,181.74374389648438,27195800.0
2022-07-22,171.72241045744528,174.23270958756183,167.09869157067797,167.95199584960938,42583900.0
2022-07-25,167.68410990943246,169.24189263554436,163.52673221768362,165.35240173339844,26166300.0
2022-07-26,164.64795222399903,164.70748262664796,156.72015890501024,157.9108123779297,28468400.0
2022-07-27,161.32403333014142,169.53956213960683,160.75847935368273,168.25961303710938,43846600.0
2022-07-28,159.80590058517643,160.25239362295426,153.644263355895,159.4685516357422,73214300.0
2022-07-29,156.46215085405942,158.89307092618188,153.9617685690305,157.86117553710938,42065400.0
2022-08-01,156.02556756057433,163.90374490463,154.02129211964905,158.6846923828125,40596700.0
2022-08-02,157.0773367845084,160.97674420933518,156.77966966857088,158.9427032470703,27374500.0
2022-08-03,161.42324581445072,168.2199004297414,160.31197133907014,167.4856719970703,31721900.0
2022-08-04,166.98955319565712,170.80956650112654,165.50123278418064,169.24188232421875,23938200.0
2022-08-05,165.68976183936536,170.27378402922727,164.50902518076973,165.80882263183594,25832700.0
2022-08-08,166.69189668226872,176.12784324049753,165.82867563352886,168.92437744140625,27299100.0
2022-08-09,167.63447078054156,168.20995643758116,165.30277809802828,167.21774291992188,18655100.0
2022-08-10,174.61970747277726,179.07473762682,172.5955828961685,176.95140075683594,30262100.0
2022-08-11,178.31070171750684,181.67430500840524,174.9966969915663,176.1079864501953,24079100.0
2022-08-12,179.40215780114409,180.04710579418173,177.51695781529796,179.09457397460938,21274000.0
2022-08-15,177.56655658180426,180.02724212693158,176.81246453895838,179.4815216064453,15878700.0
2022-08-16,178.0428208610876,179.58075505593564,175.66149900261934,178.0725860595703,21156700.0
2022-08-17,175.38365697301987,176.75291648031703,172.81382758060934,173.48854064941406,20118100.0
2022-08-18,172.9825179454566,174.3914594614701,170.52183242030472,173.30003356933594,18844500.0
2022-08-19,168.87475524203418,170.9782584134384,165.74928839232285,166.65220642089844,26240800.0
2022-08-22,164.20141407757302,164.20141407757302,160.99655363986471,161.78041076660156,19499700.0
2022-08-23,161.2148575390599,163.76485369577472,159.44871858552835,159.85552978515625,18111800.0
2022-08-24,159.34952316474363,164.1716822581917,158.52598399302542,161.98880004882812,20891500.0
2022-08-25,163.89384508074522,167.565047734485,162.74288874160553,167.4658203125,15550500.0
2022-08-26,167.16813731045715,169.589140833169,160.41116535041576,160.5203094482422,24023600.0
2022-08-29,159.4090526295797,161.78044270679146,157.77189098214532,157.93064880371094,20052700.0
2022-08-30,159.10147396195126,160.40127149563065,154.6960426807927,155.93630981445312,19567900.0
2022-08-31,165.76912506695646,166.53311859967866,160.87750439263087,161.66134643554688,40953000.0
2022-09-01,162.30630965585266,166.05687601790066,159.10146382584418,164.07244873046875,30145700.0
2022-09-02,166.14617414203198,166.62243245907325,157.98025996910707,159.0717010498047,22634200.0
2022-09-06,158.8533925612111,160.43100844381465,156.46215431501463,157.30552673339844,19339800.0
2022-09-07,156.5316171024006,159.7067128361439,155.58901718018615,159.14114379882812,16831200.0
2022-09-08,157.47424978383748,160.96683125776227,156.51180124210805,160.79815673828125,22530800.0
2022-09-09,161.97886235913248,168.21987893943492,161.75065748137297,167.83291625976562,22086800.0
2022-09-12,166.0866417456848,170.05549633320575,165.9774976389288,167.64442443847656,23220400.0
2022-09-13,160.28217241060221,160.3714831377137,151.48124294581012,151.9376678466797,44444100.0
2022-09-14,152.1360907505435,152.34444709754078,147.88941837773038,150.2905731201172,43064200.0
2022-09-15,148.63361250238236,152.99934664457024,147.54217139684576,148.38555908203125,34606300.0
2022-09-16,146.8972457962903,147.4231178621415,143.16651248084165,145.15093994140625,40122800.0
2022-09-19,144.10913948991376,147.42312998804502,143.9702301618478,146.86749267578125,22169500.0
2022-09-20,144.6449155574268,147.68108713223123,144.08927829406127,144.95249938964844,23217400.0
2022-09-21,145.25015368511407,148.43516612082303,140.89433642517437,141.01339721679688,38338600.0
2022-09-22,140.44783132698993,143.45423717863846,139.77311823877739,141.70794677734375,34418500.0
2022-09-23,140.3188416841715,141.509494943838,137.80854255554897,139.31671142578125,31710700.0
2022-09-26,139.028967578612,141.13247074803093,135.12957531950997,135.30816650390625,30497000.0
2022-09-27,136.84611209869647,138.3344326531718,133.07569699936298,133.353515625,30826500.0
2022-09-28,133.57180591260422,140.9241131987942,133.2245401951875,140.50738525390625,32658500.0
2022-09-29,138.2748971610571,138.7511554817555,134.1472846750604,135.34786987304688,38985400.0
2022-09-30,134.99064918623955,139.8921862798723,134.44492873533332,134.62351989746094,33166400.0
2022-10-03,136.07216086389462,138.5328461423061,135.04026546971457,137.5307159423828,27723100.0
2022-10-04,139.396085127203,141.2812847896686,138.25503047678262,139.18771362304688,34670700.0
2022-10-05,137.16359885250762,139.11826064676538,133.73053350188934,137.8978271484375,27979300.0
2022-10-06,136.64765768866192,140.3486101635324,135.5363833056393,137.98715209960938,36231100.0
2022-10-07,135.69509730031888,137.213182570611,131.40874334301606,132.41087341308594,33214800.0
2022-10-10,132.51012367496634,135.05018796059127,130.84319702503913,132.7482452392578,24024000.0
2022-10-11,130.59514309744893,131.6270536717178,126.00119706886443,127.53912353515625,38481400.0
2022-10-12,127.3208627550881,128.6603420977581,125.26697323369045,126.50724029541016,34605200.0
2022-10-13,122.56813925422476,130.11888501437636,121.57592569909303,129.27549743652344,34325700.0
2022-10-14,129.97999420633082,130.76383636476277,125.53487351641806,125.77301025390625,23559400.0
2022-10-17,129.2854529454353,133.7404829345073,129.16637700182142,132.99632263183594,29612200.0
2022-10-18,136.02256585565274,136.7667260943057,130.37686775600895,131.76597595214844,25445000.0
2022-10-19,131.85526270902045,135.93326114909232,131.19048142384776,132.19261169433594,30691000.0
2022-10-20,131.8949678417137,135.70508018627078,130.28758639540368,130.50587463378906,26356300.0
2022-10-21,125.32649348650858,129.106824762259,124.46327252621275,128.9976806640625,46348600.0
2022-10-24,126.25917694643074,132.44066325636285,123.60004427257866,128.70994567871094,63563400.0
2022-10-25,129.8609339964498,137.27277155210777,129.5731835448493,136.43930053710938,38433200.0
2022-10-26,130.65467629925334,134.49455312999504,127.5292095937446,128.80917358398438,82791500.0
2022-10-27,97.21709576502857,101.70189808643511,95.62954788524887,97.17740631103516,232316600.0
2022-10-28,98.80463544203202,100.06474342579838,96.75075352345948,98.4275894165039,95928300.0
2022-10-31,97.45521412829655,98.54664749730443,91.87897136447218,92.43461608886719,121361400.0
2022-11-01,93.59552672877514,96.73091830517409,92.82160119947383,94.45874786376953,110189600.0
2022-11-02,93.47645207623735,94.45874152287298,89.7754992022516,89.83502960205078,71821100.0
2022-11-03,89.37860819566096,89.75564666078411,87.7216132023707,88.21772003173828,60664000.0
2022-11-04,89.64650005696497,90.67840314172008,87.40409513105502,90.08307647705078,55638100.0
2022-11-07,94.04200681828185,96.12565393122965,92.37508761392576,95.96690368652344,81987300.0
2022-11-08,95.17312866285086,97.03849511420917,94.05192999686678,95.7188491821289,52088300.0
2022-11-09,100.92796978473984,104.0832093724771,99.95559711456131,100.67991638183594,107677300.0
2022-11-10,106.285917551093,111.87207707822908,103.7954594362292,110.99893188476562,80671000.0
2022-11-11,108.37950103418012,114.00535064993957,107.96276554524319,112.13998413085938,59961700.0
2022-11-14,110.12578191189753,115.36466834540867,109.9372664813659,113.33063507080078,53395000.0
2022-11-15,115.16622766282778,117.8154360525285,113.5191570888149,116.16836547851562,50670500.0
2022-11-16,113.6084507653415,115.1761499813461,111.78278147834015,112.34834289550781,33287800.0
2022-11-17,109.55030364781972,111.45535188108411,108.94505276589892,110.58219909667969,35093800.0
2022-11-18,112.91391754527949,113.42986531772654,109.75867780342048,111.17754364013672,33357700.0
2022-11-21,110.65167137337961,111.49505909632414,108.33981914539616,109.00460052490234,24351100.0
2022-11-22,109.00459669406948,110.75089490974986,107.47658670159785,110.57229614257812,29029000.0
2022-11-23,110.85011058058302,111.79271052341535,109.86782118321183,111.36605834960938,21343100.0
2022-11-25,110.43338976001296,111.85225567850694,110.15556356038617,110.54253387451172,12007600.0
2022-11-28,109.91743370890127,111.16762510453496,107.53611928816707,107.9330062866211,23309400.0
2022-11-29,108.68708307062184,110.07618368108777,107.6948694302875,108.60770416259766,23899200.0
2022-11-30,108.65731614954981,117.2399655163382,108.52832353355872,117.18042755126953,43348600.0
2022-12-01,118.27186216762439,120.25628943600728,117.4780958022648,119.50221252441406,36551400.0
2022-12-02,116.91251793728367,123.07416283307943,116.69422975717688,122.5284423828125,39950500.0
2022-12-05,120.80200951633452,123.69927150066809,120.40512255012695,121.47671508789062,35474900.0
2022-12-06,118.97634026277038,119.61135638173694,112.8543763993124,113.2314224243164,43689200.0
2022-12-07,112.87422558377872,114.97771365164438,112.00107273750456,113.04290008544922,29461100.0
2022-12-08,115.48375092633268,116.42635090508423,113.6977632539732,114.4320068359375,30619400.0
2022-12-09,114.40223194340052,116.62478830403349,112.9833661822399,114.99755859375,26033400.0
2022-12-12,114.28315982857858,114.81895606727694,112.25904322793656,113.81681823730469,24747100.0
2022-12-13,121.17905642537491,122.33995220727563,117.71623273284158,119.2144775390625,44701100.0
2022-12-14,118.46038259218837,123.17339725161956,118.46038259218837,120.64324951171875,36922000.0
2022-12-15,117.40863131284408,117.70629083616666,113.12226907509665,115.24560546875,34531000.0
2022-12-16,119.29385792091155,122.3498704005859,117.89483295343913,118.50008392333984,67064000.0
2022-12-19,115.92030806020489,116.88275639162991,113.43977424518718,113.58860778808594,29769900.0
2022-12-20,112.37811145796563,116.41642039944615,111.58433757114356,116.17828369140625,28742500.0
2022-12-21,115.79132071461487,119.40297750767131,114.71973581106239,118.82749938964844,20392800.0
2022-12-22,116.28743255420459,117.69638163953562,113.48939046500924,116.20806121826172,23618100.0
2022-12-23,115.12655890980673,117.25981996237375,114.640376297358,117.12091064453125,17796600.0
2022-12-27,117.01175225347482,117.67653356062343,115.14639337715077,115.96992492675781,21392300.0
2022-12-28,115.34484902054136,117.23005666906867,114.61061296142721,114.71975708007812,19612500.0
2022-12-29,115.49367072170247,120.0876172098368,114.86857127552733,119.32361602783203,22366200.0
2022-12-30,117.23995868140861,119.48235589188383,116.8232232301799,119.4029769897461,19583800.0
2023-01-03,121.86367423605601,125.38603554945252,121.32787798283579,123.76872253417969,35528500.0
2023-01-04,126.38818206775602,128.04518474828575,124.8700962736693,126.37826538085938,32397100.0
2023-01-05,125.14790852344242,127.51930617905816,123.5702924084817,125.95160675048828,25447100.0
2023-01-06,127.96580198249362,129.3152132188516,125.0586155413681,129.00762939453125,27584500.0
2023-01-09,130.13872678869754,131.91478229886474,128.2733605568084,128.46188354492188,26649100.0
2023-01-10,126.27902745216674,132.4009914039198,126.15996665938663,131.95449829101562,28684400.0
2023-01-11,129.94032035951514,132.8078175134379,129.325137534604,131.85528564453125,25423000.0
2023-01-12,132.40098047601523,136.60795630012376,130.7340538147821,135.64552307128906,30757700.0
2023-01-13,133.91907764338632,136.3202328612328,133.79008502400478,135.91342163085938,22423800.0
2023-01-17,135.1196221818685,135.6851911232085,133.20465746464896,134.30601501464844,21147600.0
2023-01-18,134.75250654136786,136.18129633514917,131.7659495001832,131.98423767089844,20215500.0
2023-01-19,131.45839888195158,136.37977036748882,131.1111180301182,135.0898895263672,28625200.0
2023-01-20,134.8319210690861,138.85038964114324,133.56188872561822,138.28482055664062,28688600.0
2023-01-23,138.20542835766489,142.6406244467156,137.5803440727501,142.15444946289062,27470100.0
2023-01-24,140.5867600970698,143.87098498713812,140.25932776271534,142.0254669189453,21970200.0
2023-01-25,140.12040528118638,142.05521876598272,139.21748727495543,140.39822387695312,26622000.0
2023-01-26,143.2756324953129,146.36141728300726,142.18420665958723,146.15306091308594,25482100.0
2023-01-27,147.0857395731919,151.99719353324195,146.24235201420336,150.55848693847656,35771900.0
2023-01-30,148.24664030943237,149.9433171179442,145.80578814738973,145.91493225097656,28040100.0
2023-01-31,146.79799650042315,148.71297658740454,146.37135192714462,147.81005859375,29842100.0
2023-02-01,146.87740052745855,152.38418988018302,145.9149519766229,151.92776489257812,55661000.0
2023-02-02,181.95212522311238,195.6248266993024,178.757196388301,187.30015563964844,150475700.0
2023-02-03,182.04143493203435,195.23787916833177,181.46594921292,185.07760620117188,76809700.0
2023-02-06,185.0776087109676,189.215137765212,184.075478386839,184.61126708984375,42483800.0
2023-02-07,184.13502643535176,192.27117602009497,182.96420635731428,190.12799072265625,47080700.0
2023-02-08,188.52060614570775,189.3441453472471,181.49573121569117,182.0017547607422,36139100.0
2023-02-09,184.6807335265915,185.19667372941453,175.88971988644266,176.53465270996094,37118800.0
2023-02-10,174.97687310448828,177.4970889680082,172.00023232679908,172.7939910888672,33433600.0
2023-02-13,176.83232784369244,179.59068073438124,174.45102100596873,178.03289794921875,31463200.0
2023-02-14,175.78057644351702,180.096696800279,174.51054416410403,178.08250427246094,24034600.0
2023-02-15,175.04633504206592,176.80255748917412,173.96482576796248,175.78057861328125,25308900.0
2023-02-16,171.40490435914325,174.4807726641265,170.45237261399396,171.09732055664062,25827500.0
2023-02-17,168.8946130194248,171.83155701990117,168.37865766907873,171.53390502929688,24171300.0
2023-02-21,172.95275977485835,176.78270508862917,170.541687860479,170.74012756347656,34592600.0
2023-02-22,169.7379990849405,171.41482746265243,168.36873938126783,169.78759765625,22433200.0
2023-02-23,170.6607575664448,172.33760115330253,168.06116249947036,170.700439453125,20017800.0
2023-02-24,167.32690436229686,169.39071050981784,166.35453925336142,169.0632781982422,19791300.0
2023-02-27,170.54168584068796,171.77202106868893,167.74363609963024,168.2198944091797,19277000.0
2023-02-28,170.56149751299935,176.16751296792663,170.53173231868809,173.5778350830078,46051100.0
2023-03-01,173.23055966490836,176.4651855200996,171.7025574629913,172.06967163085938,30998400.0
2023-03-02,171.0377826149936,173.64729404817407,170.09516759732804,173.17103576660156,17352000.0
2023-03-03,177.52685743761492,185.16689921321293,175.67142283010665,183.8075714111328,45877700.0
2023-03-06,186.53614946714723,188.18322761199428,183.20231129660337,183.4602813720703,33209400.0
2023-03-07,187.52837844576686,188.87778960526148,182.57722691894926,183.07333374023438,36701500.0
2023-03-08,181.44609997913568,183.81748992709475,179.92801435060838,183.52975463867188,19432400.0
2023-03-09,184.8990026283273,187.45890028532764,178.89610757316447,180.27528381347656,26582800.0
2023-03-10,179.60059470599492,183.3313278726715,177.40781092790243,178.11227416992188,25665000.0
2023-03-13,176.57434446133212,182.3490199218457,173.4587942651152,179.49143981933594,24728000.0
2023-03-14,186.1194344072328,192.8069597193349,185.10737226611835,192.50929260253906,41642600.0
2023-03-15,191.44763715687185,196.24003131413542,189.35406557024092,196.21026611328125,42123600.0
2023-03-16,196.71627212123454,204.1578744706101,194.563170324946,203.33433532714844,50447100.0
2023-03-17,198.99836863693588,200.32793130379721,193.90830773144071,194.0869140625,50141100.0
2023-03-20,196.93457201525698,197.807724920832,192.1322613145537,196.26979064941406,25186300.0
2023-03-21,201.61781781226705,201.9650986580919,196.4086959647701,200.58592224121094,31827000.0
2023-03-22,200.92325316226015,205.75532852932008,198.1152868691705,198.2541961669922,28477800.0
2023-03-23,201.26061724106796,206.2613826175449,200.5759873861949,202.6894073486328,27389700.0
2023-03-24,203.58236002056196,205.96368152042962,201.96506229995975,204.40589904785156,27716400.0
2023-03-27,203.2152668797388,204.2570941974041,199.79213295596273,201.26060485839844,18527200.0
2023-03-28,198.5915443892571,199.46469719503838,196.3590638071846,199.11741638183594,19127300.0
2023-03-29,201.9749972989551,204.1181823011788,200.962935191242,203.75106811523438,18851100.0
2023-03-30,201.7964153232587,206.4697330979613,201.24077810622202,206.2216796875,22608300.0
2023-03-31,205.62636325509658,210.51796930568898,205.1600216261787,210.28976440429688,25440300.0
2023-04-03,207.21389041897956,211.8276928727448,206.57887430271677,211.4109649658203,17924600.0
2023-04-04,211.72846502268536,214.5562799124581,210.885077384689,213.04811096191406,21026400.0
2023-04-05,212.48253674679614,213.51444737094567,208.30532596205177,209.8333282470703,19396600.0
2023-04-06,207.6207189424339,215.25084479932204,207.0253846600838,214.41738891601562,26104400.0
2023-04-10,213.0381989750547,213.98079891244384,209.019730673576,213.077880859375,16106100.0
2023-04-11,213.80218866814147,214.33799250651626,211.74831432764745,212.1848907470703,16710100.0
2023-04-12,213.16718082320352,215.15160815942397,210.92478338366692,212.33372497558594,18972200.0
2023-04-13,214.05024012163284,219.42803612820578,214.0105582384014,218.63427734375,23310400.0
2023-04-14,216.1835194200745,220.38057900800283,215.85608709194122,219.76541137695312,21591200.0
2023-04-17,218.07863523228386,219.25937191854015,215.43935838415817,217.1558837890625,15481900.0
2023-04-18,218.19769611867787,218.7235681147785,214.52650883156815,216.19342041015625,12281000.0
2023-04-19,211.80783003474696,215.63777498502634,211.27202623352866,214.0204620361328,15898100.0
2023-04-20,211.8177610468795,215.0623038493368,211.11329784945184,211.4109649658203,16475400.0
2023-04-21,208.5732355565436,211.74831617092386,207.9481361196577,211.23236083984375,17717200.0
2023-04-24,212.01618714236722,212.2543238481798,209.06932678531544,211.13311767578125,15750900.0
2023-04-25,209.1784875550475,209.61504884053275,205.51721678874523,205.93394470214844,19198200.0
2023-04-26,210.84539960612796,212.44286418050763,207.25359105527792,207.76953125,41992700.0
2023-04-27,238.02213009217323,239.8081176766573,234.9264283723866,236.70248413085938,71196500.0
2023-04-28,237.1489940811513,238.55793573673895,233.9143828273357,238.4488067626953,39554000.0
2023-05-01,236.76200737278006,242.10012145288675,234.61883747613797,241.2864990234375,29143900.0
2023-05-02,241.2865062992217,243.01296348744427,237.1291438550172,237.377197265625,24350100.0
2023-05-03,237.60540621704422,239.86765214917628,230.93772921497737,235.1844024658203,34463900.0
2023-05-04,234.22193704205742,236.3452735137011,231.11630366840006,231.70172119140625,17889400.0
2023-05-05,230.43167960792348,232.85266794504628,228.0602898361694,230.96746826171875,27000500.0
2023-05-08,229.61805793404758,233.78535181623081,228.47701840748957,231.4536590576172,16400500.0
2023-05-09,229.65774019292473,234.04332198542724,229.28069422335088,231.5528564453125,16865600.0
2023-05-10,234.33107296351068,234.9065586409701,228.9235121283877,231.26513671875,19119000.0
2023-05-11,231.2354000059932,236.35522620301435,230.49123974968126,233.9540557861328,20449000.0
2023-05-12,234.89666530723997,235.11495352176897,229.64784661240037,231.98947143554688,16161400.0
2023-05-15,235.07527082306171,238.38926098744537,233.49765465462505,237.0001678466797,20653200.0
2023-05-16,233.95402820885016,237.77405646362476,233.68614144893996,236.96044921875,18163800.0
2023-05-17,236.5933464897594,241.94137756334118,236.2857626745779,240.60189819335938,21193100.0
2023-05-18,239.42114424198073,245.16605431320838,239.31200014059405,244.9279327392578,22943300.0
2023-05-19,245.5431087203749,246.753610562604,241.51472379688204,243.72735595703125,21733600.0
2023-05-22,243.49914464158914,251.5956112987984,243.21139421750922,246.38648986816406,27738500.0
2023-05-23,244.8882489627154,249.65087751904687,244.72949114484263,244.8188018798828,17748100.0
2023-05-24,243.37018442239582,247.64662321037406,243.04275207208923,247.26959228515625,17724300.0
2023-05-25,251.4269516691496,253.62966734818465,247.22989185476325,250.7224884033203,22371400.0
2023-05-26,250.9605825230714,260.2675510820646,250.7423094564224,259.9996643066406,25727200.0
2023-05-30,263.18467584953015,266.5581962700264,259.25551819647967,260.4759216308594,23816500.0
2023-05-31,257.97556357281155,262.93663210305795,256.43764444041886,262.6588134765625,25473700.0
2023-06-01,263.8296201878953,271.866557317883,263.8197186411394,270.48736572265625,25609500.0
2023-06-02,270.53693352991894,273.2059902375829,269.0089162785536,270.4873046875,19416900.0
2023-06-05,268.1953768204094,273.42436290204057,267.4611483013033,269.27691650390625,20742900.0
2023-06-06,268.0366525332248,274.4165800492298,267.5901442077969,269.0090026855469,19419000.0
2023-06-07,269.5546870369073,272.11458484922684,260.75372680643784,261.5475158691406,26163600.0
2023-06-08,258.5907094762658,265.5659700319198,256.86426746253426,262.5198669433594,20899400.0
2023-06-09,260.43625495017426,265.86366493518454,259.6623294989277,262.88702392578125,16949800.0
2023-06-12,265.08969023653174,269.63401467681086,263.2639907769064,268.939453125,15442500.0
2023-06-13,272.73964448722876,273.57310017151735,266.99471999629225,269.2073669433594,16164000.0
2023-06-14,269.7729647864291,272.8488026603034,266.2307550388256,271.2215881347656,19175100.0
2023-06-15,270.1797347425138,281.77871344375353,269.3066122627581,279.6355285644531,25973500.0
2023-06-16,282.53284351172397,285.6087119553762,277.94882118522963,278.8120422363281,43127700.0
2023-06-20,276.55971674793904,282.5824304857627,274.0692508402336,282.1160888671875,20701600.0
2023-06-21,281.3222892323925,281.78863078326714,276.19253217277145,279.447021484375,20556200.0
2023-06-22,276.90697727173125,283.0388807556065,275.6270434409826,282.6618347167969,17563100.0
2023-06-23,279.31808843197484,287.41455585917544,276.7780237818679,286.48187255859375,51092000.0
2023-06-26,286.45211514209774,287.5336244711032,275.43853671466735,276.3017578125,24232700.0
2023-06-27,279.8141460043459,287.09698964762225,278.46471986414537,284.81488037109375,26108300.0
2023-06-28,282.6022619501645,287.2954125192088,281.848169985602,283.068603515625,16722100.0
2023-06-29,282.2847353573238,284.33862453027575,278.5044044169383,279.3378601074219,15395700.0
2023-06-30,282.542767890268,286.7993426355483,282.20541888378625,284.7454833984375,19694900.0
2023-07-03,284.46763593933775,287.1465943473465,282.6320348220263,283.79290771484375,8629300.0
2023-07-05,285.41026462229314,295.7987432678793,284.1303004714729,292.07794189453125,33865500.0
2023-07-06,293.5861187368782,295.79873585225204,289.0417631500449,289.7164611816406,47600500.0
2023-07-07,289.9049993761313,293.893717936311,286.4124179592206,288.2678527832031,25586000.0
2023-07-10,293.24868897130455,295.80861676818955,284.81487418799236,291.80999755859375,37058300.0
2023-07-11,291.61160499769574,297.8427059212955,289.6271775662314,295.9674377441406,27585900.0
2023-07-12,299.40043824994797,307.0404946851265,297.76329195096815,306.93133544921875,36677100.0
2023-07-13,311.17802190329286,313.7776166697492,307.8739639648475,310.96966552734375,30281000.0
2023-07-14,309.36230405201036,312.4282406131699,304.9667745464392,306.46502685546875,23054100.0
2023-07-17,305.1453809142804,309.2828946951575,302.3373994520956,308.2013854980469,25323100.0
2023-07-18,308.45936631199953,311.75352270448207,305.2247403126379,309.6202392578125,20731900.0
2023-07-19,310.5926007326327,316.1986011328367,308.1021350775521,313.5494079589844,21763700.0
2023-07-20,311.05897588766237,313.0831001900084,299.86680724874,300.1644592285156,23836900.0
2023-07-21,302.1985317891098,303.0815862304324,288.93263955652174,291.96881103515625,42139300.0
2023-07-24,293.47696087002083,295.20340298252125,286.05519164762,289.33941650390625,24915700.0
2023-07-25,292.89151898756404,295.97728858041813,289.58743092349596,292.1771240234375,19585600.0
2023-07-26,298.8448034126717,299.42027395208453,289.6271309972358,296.2452087402344,47256900.0
2023-07-27,322.58845435083214,322.8166743609135,307.4274329964879,309.2828674316406,64229200.0
2023-07-28,314.4126955062819,323.6601348517515,311.80316851922714,322.94573974609375,39220300.0
2023-07-31,321.1695953393681,323.12425717661716,315.11708683722975,316.1192321777344,25799600.0
2023-08-01,315.06753789734006,321.6161541887826,312.2099576770772,320.197265625,22817900.0
2023-08-02,315.5239725768037,315.910950473779,308.2311954565364,311.8627014160156,20461100.0
2023-08-03,307.5167775331678,313.4899232457008,307.5167775331678,310.75140380859375,15180200.0
2023-08-04,312.50759107890946,315.9307401558167,307.7846748712968,308.310546875,17612800.0
2023-08-07,310.79106544719536,314.60116189806973,308.04261449667547,314.0951232910156,16236500.0
2023-08-08,311.95196390121913,315.41481011229837,307.6953588862012,310.2056884765625,15183500.0
2023-08-09,310.4438188052483,311.1879790598838,300.4919168777885,302.8335266113281,19955800.0
2023-08-10,305.5422877592659,309.90802196268254,301.503970752123,303.3594055175781,14358900.0
2023-08-11,300.2141333924784,302.34738698274765,298.0213191173068,299.2913818359375,14046300.0
2023-08-14,298.63645342569663,303.82571105631087,295.9276994586192,303.8058776855469,15641900.0
2023-08-15,303.75631580203975,304.83782509841706,297.6938743664323,299.59893798828125,11623600.0
2023-08-16,297.8625520218376,298.735674605063,291.988633847669,291.9985656738281,18547700.0
2023-08-17,290.76819018544745,293.7448310552386,282.73128406097686,282.87017822265625,23950100.0
2023-08-18,276.857352138506,283.46549817008304,272.2435650787886,281.04449462890625,35347900.0
2023-08-21,281.2429708465109,288.23806495812437,279.65542295254005,287.6427307128906,20181500.0
2023-08-22,290.272034137217,290.6193149024441,284.51720821041675,285.360595703125,12980200.0
2023-08-23,286.25361732465876,295.08431211507826,285.43009337789294,291.94891357421875,18287000.0
2023-08-24,296.1757836977918,297.12830035290386,284.4081439787186,284.51727294921875,18360900.0
2023-08-25,283.90210752516674,286.1445201506835,273.8807432156826,283.2770080566406,23701400.0
2023-08-28,285.75749618346293,289.1806449684755,283.5746143089688,287.9999084472656,14239300.0
2023-08-29,286.3330045979978,296.8207102483981,285.9361251901025,295.66973876953125,20844500.0
2023-08-30,294.8561048281346,295.9673791248622,291.14520567590415,292.8022155761719,17717000.0
2023-08-31,293.49676421952233,298.7555143501628,293.3578700641985,293.5860900878906,17229900.0
2023-09-01,297.03900536445764,299.39054694781646,292.17716437490265,294.0722961425781,12842300.0
2023-09-05,294.7072634122402,299.04326214464817,293.20904151317234,297.8128967285156,14956000.0
2023-09-06,299.3606847552442,300.9383003660953,293.3578060314428,296.8404846191406,15418100.0
2023-09-07,295.67965546312854,304.6591765120229,289.9446620146728,296.3444519042969,33748700.0
2023-09-08,296.8901875518962,302.87323501269304,294.46918367681815,295.570556640625,17548000.0
2023-09-11,299.063114388511,306.6337092437882,298.93412177158643,305.16522216796875,19489300.0
2023-09-12,303.94477776656885,306.2566524037513,297.8922990504119,299.3111572265625,13480400.0
2023-09-13,300.00570342701496,304.78818046723666,298.97382303689284,302.6846923828125,13210900.0
2023-09-14,304.3516116982113,310.4338863451406,302.65493479949475,309.2928466796875,19343100.0
2023-09-15,309.18365018768327,309.5706280070703,296.4237984522829,297.9716491699219,28131100.0
2023-09-18,295.86820716463995,301.23608694316124,295.48122928524634,300.1942443847656,14234200.0
2023-09-19,300.12475074361265,303.7860209854351,297.4755273722306,302.694580078125,15924400.0
2023-09-20,302.67472271647927,305.66129510671567,297.0984875686937,297.3366394042969,19379500.0
2023-09-21,293.397602964285,297.9220950102227,290.98650066246944,293.4273681640625,21319600.0
2023-09-22,296.9695699794166,303.00224667263234,295.94759100500147,296.75128173828125,25369600.0
2023-09-25,293.33807902616303,298.6067314625518,291.41318198492553,298.4876403808594,18987000.0
2023-09-26,295.34227566816736,297.9617035770003,293.7051294401526,296.63214111328125,19417200.0
2023-09-27,298.11055118276397,298.9539084139866,284.5569114576174,295.421630859375,36429800.0
2023-09-28,296.6123899591044,303.944834051272,294.3898407804168,301.5932922363281,22167100.0
2023-09-29,304.9866526085404,308.2212789671032,297.0290793382049,297.8724670410156,25373700.0
2023-10-02,300.38278121358445,304.7882126893277,299.281438484629,304.4310302734375,16265600.0
2023-10-03,301.89089689380233,304.3813322519074,297.30687525176296,298.59674072265625,17362300.0
2023-10-04,296.4039835330329,304.51035179503504,296.1757635012426,303.20062255859375,16880500.0
2023-10-05,302.2580817648284,303.82576617835457,297.1680203445175,302.4168395996094,19130000.0
2023-10-06,299.09287899662587,313.84709082731973,298.56700698401727,312.97393798828125,21803900.0
2023-10-09,310.0667763769625,317.8357962026818,309.3920783387563,315.8811340332031,22503700.0
2023-10-10,316.6351927442957,322.1320644548327,315.68267618606524,319.3340148925781,19038000.0
2023-10-11,320.4949413299151,326.2795335962298,320.4354109332088,325.2674865722656,22036300.0
2023-10-12,325.446021422368,327.96625213981815,320.1773702662497,321.63592529296875,20530500.0
2023-10-13,321.0108492234802,322.5190029215304,309.9377423510793,312.23968505859375,21341000.0
2023-10-16,316.1589177830573,319.3141493820839,313.0631862904786,318.64935302734375,16536100.0
2023-10-17,315.70251300439446,321.87408274940765,314.8293601998335,321.4772033691406,16387800.0
2023-10-18,318.88751971635827,323.4020791485381,313.1028979019005,314.5019226074219,16851000.0
2023-10-19,317.3892859153871,319.38364490768606,309.3225846372319,310.37432861328125,18709200.0
2023-10-20,311.69397704496873,312.8449181089046,304.08368584423033,306.2467041015625,22312300.0
2023-10-23,307.0901695712514,314.88895546604584,304.8676203599035,311.5650634765625,17796800.0
2023-10-24,314.313469087205,315.8712519348251,308.2113606083932,310.11639404296875,19525500.0
2023-10-25,307.58626363589036,308.45941658390853,296.513154511403,297.1977844238281,42192500.0
2023-10-26,292.7030429628435,292.7030429628435,277.2245031094945,286.1048278808594,66684100.0
2023-10-27,292.1871053257045,296.9794842399318,290.68885292835586,294.4195861816406,29596300.0
2023-10-30,296.7611653844392,306.9908852950392,296.7214683615975,300.3033752441406,28435100.0
2023-10-31,300.94834937710914,301.31546361894567,294.548558592787,298.9242248535156,19434200.0
2023-11-01,299.4997076080775,310.30489891866,299.4997076080775,309.4218444824219,20434600.0
2023-11-02,314.82935845841877,316.3375424870294,305.92920138835984,308.4494323730469,21631800.0
2023-11-03,310.1164256243475,313.09306716397003,308.59833965033863,312.1504821777344,16764300.0
2023-11-06,313.51962485630366,315.8513022995217,312.0015394501464,313.34100341796875,12887700.0
2023-11-07,314.59130996169756,318.50063481768234,312.6664127369756,316.3376159667969,14055600.0
2023-11-08,315.66285499199586,318.8279885761275,312.4282289074521,317.2900695800781,13609700.0
2023-11-09,316.9329011458724,321.6558175852299,316.3177032404489,318.0540771484375,16103100.0
2023-11-10,317.4487900779858,326.5374693849102,316.9725166965042,326.21002197265625,19096200.0
2023-11-13,323.66009153425944,329.7423355253946,323.1639847295043,326.6268005371094,16908900.0
2023-11-14,331.9351380866725,335.46741599370006,330.7345378585308,333.69134521484375,17179400.0
2023-11-15,335.29877206542585,335.76511372075856,327.45035797842024,330.1194152832031,14531200.0
2023-11-16,326.8053833646593,331.97480765966105,323.838674437655,331.5878601074219,18932600.0
2023-11-17,327.6885243942522,332.8877147805215,326.7856062436665,332.4313049316406,14494400.0
2023-11-20,332.2824138935604,339.2080451684162,331.5878522890542,337.3228454589844,16960500.0
2023-11-21,335.6956655135957,337.25344837199526,333.2845933625456,334.356201171875,12027900.0
2023-11-22,336.5687782957013,340.2499126792458,335.9436788615161,338.8310241699219,10702700.0
2023-11-24,337.4816047470225,339.1981148354986,334.14775142266285,335.5964050292969,5467500.0
2023-11-27,333.5624206353755,337.25345710089465,331.59785673402524,332.0939636230469,15684500.0
2023-11-28,330.8040537479839,336.73750279402384,330.8040537479839,336.35052490234375,12637200.0
2023-11-29,337.04504303961954,337.25339941898335,328.20441615570996,329.6133728027344,16024500.0
2023-11-30,329.3057430528327,330.90319220496247,319.8896166333046,324.6026306152344,23146400.0
2023-12-01,322.9456971366447,324.31492648520225,318.2624476796763,322.29083251953125,15276400.0
2023-12-04,314.8194441263184,318.36162346869537,311.21770411369187,317.5281677246094,19037100.0
2023-12-05,316.49630583352786,319.37371922485295,312.93426263406553,315.8116760253906,16952100.0
2023-12-06,319.42330787127855,319.74082348141286,314.5713992512257,314.97821044921875,11294300.0
2023-12-07,315.2957262890319,325.684204601207,315.2957262890319,324.04705810546875,15905100.0
2023-12-08,320.5743007554703,330.57583118602076,320.48500516162073,330.1590881347656,14087400.0
2023-12-11,326.8351687929006,327.3213740695982,317.50836658058734,322.74725341796875,25802500.0
2023-12-12,322.0725252153085,331.86566813423246,322.032828194819,331.61761474609375,18485500.0
2023-12-13,331.32988483456126,335.73531570283495,330.04995107415203,332.1335754394531,16353300.0
2023-12-14,331.2505341986713,332.0939218599385,326.08110954354635,330.5758361816406,19607300.0
2023-12-15,329.40501619139945,336.02309488590646,328.6410225440708,332.3122253417969,31776900.0
2023-12-18,334.85225615932194,344.8537559101192,334.39581610239355,341.9366455078125,18993900.0
2023-12-19,342.8892080987716,350.84678160666897,342.4327982605504,347.6319885253906,17729400.0
2023-12-20,345.9353252840176,352.19619175809413,345.08203597513955,346.5604248046875,16369900.0
2023-12-21,350.2315432565786,353.63482840250197,346.4908788635791,351.3328857421875,15289600.0
2023-12-22,352.8113172583685,354.4187288106996,348.4852802675343,350.6383972167969,11772800.0
2023-12-26,352.22592701294764,354.2004528401939,350.6979397367357,352.0671691894531,9898600.0
2023-12-27,353.297547679764,356.20472662149,352.54345556056035,355.0438232421875,13207900.0
2023-12-28,356.8992584473952,359.08211028758853,355.0239601332717,355.5299987792969,11798800.0
2023-12-29,356.19478262042475,357.1969281361714,349.08062742515625,351.2039489746094,14987100.0
2024-01-02,348.5844607184317,350.41012995956766,337.36252824234924,343.5936279296875,19042200.0
2024-01-03,342.29391101748917,345.2407870717122,340.50790809616456,341.7878723144531,15451100.0
2024-01-04,341.81761082843025,345.43918468397345,340.72616973060616,344.4172058105469,12099900.0
2024-01-05,344.2882234705981,350.7475443733981,343.5639268458326,349.2096252441406,13920700.0
2024-01-08,351.9382128171741,356.1848862578455,349.3088222783808,355.86737060546875,13890200.0
2024-01-09,353.6249023605358,357.83190839334617,352.5929917924932,354.6468811035156,13463900.0
2024-01-10,357.3655998102049,370.0361570840026,356.28406029694395,367.58538818359375,22117200.0
2024-01-11,369.232493748975,369.8774266062331,360.10411548022216,366.7916564941406,17205400.0
2024-01-12,367.277824706656,374.124093141166,366.6626570609986,371.5740966796875,19310000.0
2024-01-16,370.74058974438293,372.685319838908,364.3705956613117,364.5987854003906,15306900.0
2024-01-17,363.44784996748376,365.670429146602,355.8177245328264,365.5017395019531,12724800.0
2024-01-18,368.59737831716046,373.91565834903196,368.06160483615173,373.2012634277344,16354300.0
2024-01-19,376.0489622272857,381.3672126996037,375.02698340921194,380.4643249511719,21670800.0
2024-01-22,384.92931433872445,387.3106211461021,378.19217488438653,378.8073425292969,17680500.0
2024-01-23,381.62521323149974,385.35594628431977,379.10498205560805,382.2007141113281,15506100.0
2024-01-24,386.96330579643376,393.0654134087709,384.7903555799496,387.6578674316406,15698500.0
2024-01-25,387.13201825545184,392.4105719303832,382.65712494527804,390.1185607910156,15091100.0
2024-01-26,391.27943181312344,393.7004353737154,388.5409126393493,391.0710754394531,13163700.0
2024-01-29,391.9144445908541,399.79262308602887,390.03917661129907,397.8974914550781,18742400.0
2024-01-30,400.4475204468842,403.19594147380514,396.45883230457235,396.94500732421875,18614700.0
2024-01-31,385.97109583241945,394.90101835810526,384.0858960218771,387.10223388671875,20180800.0
2024-02-01,390.8726598643205,397.3815791884309,389.9895751539661,391.70611572265625,29727100.0
2024-02-02,456.0213531341314,482.1760877489695,449.48266948042186,471.29150390625,84707600.0
2024-02-05,466.2213016515371,468.2255620956706,455.64430171258823,455.83282470703125,40832400.0
2024-02-06,460.3871235847148,463.4828252605775,449.4727736721461,451.17938232421875,21655200.0
2024-02-07,454.4338116753669,467.84852814106995,452.62797572422755,465.9335632324219,23066000.0
2024-02-08,464.67351189027835,466.9258260140374,461.4091204468022,466.3404235839844,18815100.0
2024-02-09,469.26742830028314,469.90242925067935,463.8300869402288,464.465087890625,18413100.0
2024-02-12,464.5444382647032,475.4190896825801,462.94695879349047,465.2489013671875,19382000.0
2024-02-13,453.3126287541774,464.2468421541009,451.54648973334866,456.5373229980469,20916600.0
2024-02-14,464.2864998480657,470.4183725927847,462.4608304684062,469.5948486328125,16858400.0
2024-02-15,471.5793000388415,484.8154264310746,468.5431287071876,480.26116943359375,24212300.0
2024-02-16,474.38723338064216,475.2306210030674,465.5565383292655,469.6345520019531,23324600.0
2024-02-20,466.062559372818,472.4722505574725,462.9271608576115,468.0767517089844,18015500.0
2024-02-21,463.35878260142675,465.8419486389478,458.68050627412106,464.87847900390625,12921800.0
2024-02-22,477.0062442785985,486.69059163885595,472.8543980185372,482.8565979003906,21625800.0
2024-02-23,484.76364134369345,491.0311497339842,479.1020412033738,480.7707214355469,18374300.0
2024-02-26,480.2144859744723,482.86652048024735,477.3638163849019,478.4961242675781,12101400.0
2024-02-27,476.74801536407614,483.9889055616532,476.68842180532044,483.7703857421875,10809600.0
2024-02-28,481.73421522969807,487.7434649649456,479.4993657776015,480.76080322265625,12715500.0
2024-02-29,485.1510282882917,488.3890863550295,479.36026837522473,486.82965087890625,17732000.0
2024-03-01,488.7962772842843,500.8545450353312,488.5380486516633,498.91766357421875,16273600.0
2024-03-04,499.61296631053943,501.023417843007,493.0772871660998,494.8353576660156,12324100.0
2024-03-05,491.6668488599236,492.24293001218,484.60473958064495,486.9190368652344,15325300.0
2024-03-06,494.2791810340301,499.58322016092893,490.96167477767403,492.7495422363281,11757900.0
2024-03-07,499.8911121312514,516.3495133273082,498.0039120353607,508.7411193847656,18586400.0
2024-03-08,510.72765736734266,520.0445011354961,495.9875874923853,502.54315185546875,18597100.0
2024-03-11,493.66329582884157,493.9712059583507,472.79476106595894,480.3336486816406,20428300.0
2024-03-12,489.9385984033987,498.9276472763487,481.46603715056744,496.3848876953125,15448200.0
2024-03-13,492.0542210447472,497.60657618383044,487.723564090034,492.2330017089844,12090700.0
2024-03-14,496.8914470652399,497.9741037778643,484.8729178506202,488.5181884765625,12620000.0
2024-03-15,485.71724349168346,488.5182318843105,478.059137225896,480.8403015136719,29153600.0
2024-03-18,488.59770722014326,494.0706151061439,483.532042219563,493.6335754394531,11755300.0
2024-03-19,484.88286188860536,493.28588697301825,478.039241983051,492.89849853515625,10903100.0
2024-03-20,496.136574918537,504.77800486477514,491.8357446734777,502.11602783203125,11711100.0
2024-03-21,511.24415578806696,511.5718900411895,502.6027262330663,504.3409423828125,9712500.0
2024-03-22,503.5860676514322,506.5360700886192,500.9439753750218,506.148681640625,8120600.0
2024-03-25,502.3841796013196,503.80454316153504,496.87153334771386,499.6328125,8380600.0
2024-03-26,501.7286132388113,506.56581529176225,491.87539816091817,492.55084228515625,11205400.0
2024-03-27,495.9379177172375,496.5239715871602,484.78355507786483,490.5345458984375,9989700.0
2024-03-28,489.521395786928,489.5710772928442,481.8831749511718,482.3102722167969,15212800.0
2024-04-01,483.9193631882776,494.08045824129323,478.53584639701245,488.0414123535156,9247000.0
2024-04-02,481.83353672480007,494.17983080247325,481.38655471994537,494.0209045410156,11081000.0
2024-04-03,495.57035135513,503.8243919426412,495.39157069474135,503.3277587890625,12099200.0
2024-04-04,512.9426101041053,526.4311846012982,507.1419380470807,507.47967529296875,26476300.0
2024-04-05,513.3795907460255,527.1264226237954,510.94607625503056,523.7890625,19263300.0
2024-04-08,525.716030393533,527.9111101756489,515.3959787113195,515.7535400390625,13260600.0
2024-04-09,518.7134382659121,522.3289421324931,503.32775304353936,513.4193725585938,10863800.0
2024-04-10,505.8605555247708,519.0411871916722,502.39403584687636,516.32958984375,11418500.0
2024-04-11,517.6010230992423,520.3325056145172,513.8067382940332,519.63720703125,10369500.0
2024-04-12,514.2636167330762,516.6871888824825,505.9003013138821,508.4530029296875,11984500.0
2024-04-15,513.2405867962719,515.0384571853876,493.93151580388917,496.8616638183594,13512900.0
2024-04-16,494.75592258091154,501.3710805844467,493.7626561595775,496.39483642578125,9847900.0
2024-04-17,499.712298834283,499.7718923893726,483.85977662669706,490.8424377441406,12193700.0
2024-04-18,496.45443341487936,508.76101901000555,495.67968681337135,498.42108154296875,14808700.0
2024-04-19,499.4142847960301,499.4142847960301,472.52658902325265,477.83062744140625,25215400.0
2024-04-22,486.4223944308952,488.69698284246,470.2122804474179,478.4862060546875,17271100.0
2024-04-23,487.94208219261503,495.40152199378747,485.6774361839296,492.7594299316406,15079200.0
2024-04-24,504.6389278841395,506.56586713703933,481.317021755362,490.1769714355469,37772700.0
2024-04-25,418.5624257469969,442.7683213792549,411.70889412672494,438.40789794921875,82890700.0
2024-04-26,438.4873289037164,443.43380595163336,429.0512991270312,440.3050231933594,32691400.0
2024-04-29,436.60014947867506,436.7988148712777,425.6742197513567,429.7068786621094,21502600.0
2024-04-30,428.1474865043682,436.65978716345234,426.826455477513,427.2734375,18429500.0
2024-05-01,425.71397863682915,446.93013406880516,424.23399111108887,436.232666015625,20344900.0
2024-05-02,435.8849684809199,440.9704869589562,429.3691441419257,438.7058410644531,15221300.0
2024-05-03,442.9272916540199,451.11182764572453,440.8613108178751,448.91668701171875,16489100.0
2024-05-06,452.51225464015755,463.02102923203086,450.2873477934908,462.54425048828125,15094600.0
2024-05-07,463.1502456764409,468.35495244673217,458.2037675844338,465.08709716796875,13406800.0
2024-05-08,460.378993962156,472.377639194553,459.8823607432109,469.417724609375,11683900.0
2024-05-09,466.8352023225762,472.8742486238149,464.48116583313845,472.2187194824219,9437700.0
2024-05-10,473.87746056720033,474.2847034264408,466.437904971436,472.99346923828125,10750000.0
2024-05-13,469.56665421428306,470.16262007051995,459.73332367866385,464.85858154296875,14668800.0
2024-05-14,460.2498499695703,469.3581162552764,456.9819950045203,468.6727600097656,10478600.0
2024-05-15,471.78172074211807,479.25107371439304,468.0271746828079,478.29754638671875,13100500.0
2024-05-16,471.8014969689751,474.47338576625015,469.5666477728062,470.0434265136719,16608200.0
2024-05-17,467.6596161293241,469.61635219313234,465.265870726958,468.73236083984375,10807300.0
2024-05-20,466.78555537893186,470.01367116907085,463.89514652631107,465.6830139160156,11745100.0
2024-05-21,463.9745355703075,467.53044579456866,459.15718809446827,461.5013122558594,11742200.0
2024-05-22,464.71954780965524,470.5301623382244,462.51449517924743,464.6301574707031,10078600.0
2024-05-23,469.6958131205523,471.1658279710308,458.4321759489414,462.64361572265625,11747900.0
2024-05-24,464.4712177669983,476.61887645447604,463.16009887613995,474.9998474121094,12024300.0
2024-05-28,473.37090944104057,477.6220886169313,471.64263552507384,476.6884460449219,10175800.0
2024-05-29,471.4638000883628,476.618854768797,470.5102728984341,471.1658020019531,9226200.0
2024-05-30,468.4939760428169,468.5535696018269,461.5808200768087,463.9050598144531,10719600.0
2024-05-31,462.66349074515693,465.9611425660609,451.3998530718608,463.6865539550781,16919800.0
2024-06-03,467.68935877281706,476.3705269083725,465.0870058983624,474.27471923828125,11279400.0
2024-06-04,473.78804905282203,475.6653370045295,470.04344582485936,473.7781066894531,7088700.0
2024-06-05,481.1878690647924,493.30569968478346,480.65149677774474,491.7264099121094,15690500.0
2024-06-06,489.6604646276873,499.4342020437463,487.58454155763394,490.4352111816406,10667300.0
2024-06-07,492.57074247783544,495.5505416682554,486.8694030600324,489.6405944824219,9380700.0
2024-06-10,490.53452930197295,499.2752918011658,490.087577609636,499.2156982421875,11220900.0
2024-06-11,496.7921723651928,504.18207749196404,494.91488414517426,504.0529479980469,9673700.0
2024-06-12,510.5289816127229,510.5488663402382,501.0730965012288,505.4136657714844,11983200.0
2024-06-13,502.30477188866905,505.93018839723624,497.98405673480437,500.70562744140625,9954600.0
2024-06-14,499.76105901416054,504.2351956755983,497.8719851588786,501.26239013671875,10243300.0
2024-06-17,498.786716272725,507.8145165497157,493.15924290347647,503.71820068359375,11266600.0
2024-06-18,501.6600694232584,503.0917955375381,492.1748915017007,496.61920166015625,13060400.0
2024-06-20,499.1148224913511,500.7752377414344,493.9148702900185,498.8165588378906,11801200.0
2024-06-21,500.5564623228992,500.5564623228992,489.56003146184884,491.936279296875,22359200.0
2024-06-24,496.3308527028193,504.88139980100635,491.44906935987734,496.0425109863281,13525300.0
2024-06-25,494.193234056006,507.77472797570107,492.65215468981233,507.6653747558594,12063200.0
2024-06-26,503.7380827860577,510.85693517121933,501.77940391512504,510.1708984375,8882300.0
2024-06-27,511.294373925033,519.8747782877508,510.9464098062174,516.5738525390625,10121200.0
2024-06-28,514.1777613035174,518.8805567277017,500.9442311555743,501.3220520019531,15855100.0
2024-07-01,502.04779497746324,503.66840101004647,490.33550213854676,501.7793273925781,10328200.0
2024-07-02,497.8818980210312,507.5659077862411,496.5794296566328,506.5716552734375,7739500.0
2024-07-03,503.459628898402,508.34141226916296,503.11163445819557,507.02899169921875,6005600.0
2024-07-05,508.65968477780285,537.7614502342552,508.65968477780285,536.8069458007812,21354100.0
2024-07-08,539.2328502639116,539.6902282867122,523.6231336593002,526.2777709960938,14917500.0
2024-07-09,530.6823045262751,534.3908471604564,525.1542627135257,526.953857421875,8753200.0
2024-07-10,527.7392732226358,535.782802810221,525.3232468812585,531.6168823242188,10983300.0
2024-07-11,527.8387838594573,532.3825255793723,505.44819561353233,509.7533264160156,16458300.0
2024-07-12,494.89920175558495,505.1698181338821,491.3894911645417,496.0028076171875,19750500.0
2024-07-15,495.7641239558454,503.7678443636743,490.53434614881763,493.3083190917969,12539200.0
2024-07-16,498.61766470466665,501.05359564218975,482.9979652991605,486.9749755859375,14075800.0
2024-07-17,476.41602998115064,476.41602998115064,456.4812472174527,459.3347473144531,28076600.0
2024-07-18,472.26999151459347,476.4856128872466,461.8701176709462,473.1151123046875,19267200.0
2024-07-19,473.3238673312673,483.91265093835443,472.975872869739,474.0496826171875,15149400.0
2024-07-22,483.78336899644364,489.23188362973013,481.1187795736259,484.5986633300781,12023100.0
2024-07-23,487.02470158757365,492.3737855582179,484.91689087992546,485.8813171386719,9455500.0
2024-07-24,469.5953914420506,473.56244917033604,457.93279880328066,458.61883544921875,17649700.0
2024-07-25,460.59744019284307,460.88575158232453,440.1058796187656,450.8040466308594,18240500.0
2024-07-26,461.53208905296344,467.0700532148404,456.7795626327453,463.0234680175781,14222400.0
2024-07-29,467.1793714880281,471.23590835425637,462.34728854009927,463.0333251953125,11339600.0
2024-07-30,464.315962513696,470.0130408141906,454.07517290776104,460.5278625488281,11390400.0
2024-07-31,468.3128218694942,473.7613367281888,464.06737443417023,472.1009216308594,24285800.0
2024-08-01,518.0055653777843,524.1400864636705,489.2716734818862,494.8792419433594,43083100.0
2024-08-02,486.1894847459628,498.2696468567978,473.4133337307261,485.3344421386719,24044700.0
2024-08-05,448.7558769798466,480.70121501811934,448.20901989340217,472.9957580566406,21396200.0
2024-08-06,476.2470062242667,499.6715955852924,475.8990117379211,491.2502746582031,20955000.0
2024-08-07,500.23833743916646,507.2179800741915,484.06182750847574,486.1100158691406,20105300.0
2024-08-08,494.6406395475425,507.02901772261134,491.87661869501426,506.700927734375,16156800.0
2024-08-09,504.7919803564355,515.3609207187151,502.7935532579475,514.794189453125,13696600.0
2024-08-12,513.8893622667638,515.0427292166193,506.1739830538234,512.984619140625,9767400.0
2024-08-13,517.0213150020412,528.4452679044376,515.1720196917782,525.5022583007812,13743800.0
2024-08-14,525.0249990881922,530.9308616621455,520.1233412991648,523.7324829101562,11444200.0
2024-08-15,528.7336224826897,536.6678003090075,523.6729102134026,534.2418212890625,13482100.0
2024-08-16,528.842964640351,530.5927981833395,521.6445250806896,524.388671875,14776700.0
2024-08-19,523.8418543972291,528.6043024311272,519.7554908387405,526.238037109375,9879700.0
2024-08-20,525.3133210272216,528.0376240435813,522.8575463080886,523.70263671875,7944400.0
2024-08-21,524.1202555369616,536.2998492635563,523.9014884202904,532.0841674804688,13423300.0
2024-08-22,533.9136709320021,541.1020981439891,525.5520328797932,528.872802734375,15708300.0
2024-08-23,533.8341096091634,536.7671670292674,522.0422878821846,524.9653930664062,11323900.0
2024-08-26,524.5676149591942,524.9653402482775,511.99035675969463,518.1248779296875,9584000.0
2024-08-27,515.9970886103,520.9982072863379,512.3481993117576,516.1163940429688,6282700.0
2024-08-28,514.6946530207725,518.095040120393,509.5046843177006,513.809814453125,9106100.0
2024-08-29,516.0667627034325,524.169945083232,512.7161365376401,515.2415161132812,8317400.0
2024-08-30,518.3535299929398,520.5309454515676,512.2389133705824,518.3137817382812,9157500.0
2024-09-03,516.6534100228187,522.4697631708141,505.69672749483755,508.8186950683594,12459100.0
2024-09-04,503.16141255787795,513.6209691624427,501.1729073895188,509.7930603027344,8335200.0
2024-09-05,508.7790219398507,518.6320704011199,508.2122905863317,513.8894653320312,8640900.0
2024-09-06,518.880559665027,521.5650538628864,495.3863655135682,497.3947448730469,14744500.0
2024-09-09,503.2508845942156,508.39115339074016,499.19431711601146,501.8887634277344,11047800.0
2024-09-10,505.23938973469745,511.22477928436297,497.15611148388973,501.8887634277344,9899000.0
2024-09-11,504.096000860634,510.1708694464899,492.75157549409465,508.8882751464844,10782500.0
2024-09-12,514.0781945895388,523.6827068185487,512.2586956942181,522.5790405273438,11970500.0
2024-09-13,517.3494277649944,524.5478069237411,514.1379505818885,521.6047973632812,10321400.0
2024-09-16,522.0227173210484,531.5368365725262,514.9170282546622,530.7208251953125,9527600.0
2024-09-17,535.0201027147613,539.4985077957741,528.0238703630636,533.7462768554688,11690800.0
2024-09-18,534.4926264341286,541.5884146634684,531.3378561652726,535.368408203125,10323500.0
2024-09-19,547.360625106574,559.3727101138928,543.8973445888765,556.4169311523438,15647000.0
2024-09-20,557.3125698177632,561.790974396656,553.630313904446,558.6560668945312,22066800.0
2024-09-23,566.7669546644623,571.2254355902388,559.7109530325689,561.7013549804688,12830700.0
2024-09-24,563.9605473092387,565.0254197663409,551.5304953936857,560.6266479492188,12993000.0
2024-09-25,561.3431364723867,574.1115828691105,561.0147031201811,565.5827026367188,16543400.0
2024-09-26,572.9670184614811,574.629047767765,559.6512250083359,565.1149291992188,14400800.0
2024-09-27,567.3641092966835,568.1006091166316,561.8009692958777,564.6372680664062,9398400.0
2024-09-30,564.975688534177,571.9221729211617,562.0895809864053,569.6929321289062,12792300.0
2024-10-01,575.2063156344602,580.2420307996076,567.3641260621707,573.7035522460938,15259300.0
2024-10-02,572.1013073959746,573.2358512630743,566.6078384594379,570.0611572265625,6524700.0
2024-10-03,567.4138954120452,580.5604622327534,566.0006662054095,579.9733276367188,11581000.0
2024-10-04,580.9286522167133,593.9856842958213,578.6397020969828,593.080078125,14169500.0
2024-10-07,595.3490750867293,600.0564168211795,581.2371330959921,581.9736328125,12014200.0
2024-10-08,586.8601441089934,590.7115675395601,583.1579643993507,590.0447998046875,7857400.0
2024-10-09,591.1394274753203,591.53753216899,578.8188343358976,587.6761474609375,9529700.0
2024-10-10,584.7503015704497,587.397509697218,579.7245483018079,581.0282592773438,7740400.0
2024-10-11,582.0234112463053,588.3727984137771,579.9135900095793,587.1188354492188,8587100.0
2024-10-14,591.36829944158,597.2200860857456,587.1287942740497,587.5865478515625,8252000.0
2024-10-15,587.3277674752023,587.7756200523332,577.3558952346164,583.4564819335938,9564200.0
2024-10-16,578.6098955081545,579.2866249105597,571.275268873164,574.02197265625,11268400.0
2024-10-17,580.5306884411078,582.1627721197076,572.4396984468079,574.161376953125,8701200.0
2024-10-18,578.3113382248611,581.1675605388372,572.4894360534232,573.7035522460938,7694300.0
2024-10-21,573.2657832810348,574.469937872458,566.3789471598502,572.39990234375,8171900.0
2024-10-22,571.5339961936412,580.7297050326658,569.3744268963089,579.2169799804688,8544500.0
2024-10-23,577.1867042398765,582.192594507908,559.8005716422192,560.98486328125,14248400.0
2024-10-24,564.4083318879617,566.1499335882773,558.8252690153747,565.0552368164062,7184700.0
2024-10-25,571.1757528879629,578.5004183141831,568.9763366172681,570.4990234375,11337900.0
2024-10-28,579.2069744936249,580.9485762210542,571.3647858558778,575.3853759765625,10925100.0
2024-10-29,577.3659274017436,590.8210046180449,572.6387223000493,590.4329223632812,13019100.0
2024-10-30,598.0958991586175,598.3148749725009,586.5515914382872,588.9599609375,26864900.0
2024-10-31,582.1925856019707,587.0690948039123,560.3081253081026,564.856201171875,26838400.0
2024-11-01,564.886023984338,570.9169396034644,559.8602710921074,564.4381713867188,15303200.0
2024-11-04,561.3928280320513,565.9608270901227,555.2126690468457,557.9892578125,12064600.0
2024-11-05,564.577596671882,570.7279324508698,563.9506150919713,569.6829833984375,9775400.0
2024-11-06,560.0493909181008,570.2502016811582,552.5057499508582,569.3047485351562,18305400.0
2024-11-07,574.1215485070126,591.9455725919563,572.4496180315167,588.8604736328125,14653700.0
2024-11-08,588.70123463837,590.2537459189086,581.7149642470737,586.5118408203125,9415700.0
2024-11-11,583.5460928122134,584.1830360838699,573.7433864354757,580.3713989257812,10209100.0
2024-11-12,585.7156689643949,596.78230100658,577.5948542236526,582.0135498046875,16287700.0
2024-11-13,579.8140126435408,582.8295006873793,572.4097151236031,577.216552734375,10757600.0
2024-11-14,574.2311143527271,577.9730807265433,570.2602711316844,574.3903198242188,11053700.0
2024-11-15,568.4786575942975,569.8222153223612,548.8533240134138,551.4209594726562,17712900.0
2024-11-18,554.3667866349945,557.2131078822542,547.4501877365338,551.739501953125,14327300.0
2024-11-19,549.2117126735113,558.7357953255338,547.9577494586872,558.3974609375,9522400.0
2024-11-20,560.2284939812367,563.6320644076252,551.5404086524625,562.8060913085938,9797300.0
2024-11-21,566.7868914718125,567.2645685130409,546.4150954692434,560.3877563476562,11154700.0
2024-11-22,560.8455359497274,561.1242213982047,551.9285734744715,556.4567260742188,9164000.0
2024-11-25,559.4025063006017,569.842216719163,553.7199469729902,562.3980712890625,13599800.0
2024-11-26,563.2837432513497,574.7285542891422,562.4875946319524,570.7875366210938,10356600.0
2024-11-27,572.131141178584,572.2206752566353,561.3928830685265,566.4684448242188,7200200.0
2024-11-29,566.2694266604135,575.6840509462676,564.179528644509,571.5639038085938,7130500.0
2024-12-02,574.7285975175146,591.6470151067747,572.8078668096863,589.9850463867188,12522400.0
2024-12-03,592.144556388366,611.2524264908596,588.4125528817166,610.705078125,14907200.0
2024-12-04,610.0184005822902,614.8152764849832,602.1960748947224,610.83447265625,14697000.0
2024-12-05,614.1187259488262,616.9252004045749,604.1368295295009,606.0078125,8081200.0
2024-12-06,607.1721088209316,626.7676190380172,605.6096966963446,620.7765502929688,16935500.0
2024-12-09,620.9257943920775,623.3939341906389,603.260976543077,610.62548828125,11426000.0
2024-12-10,614.5963977457716,622.5878918502519,609.7995210855536,616.3479614257812,10938900.0
2024-12-11,620.37847939692,635.3363804725623,618.547343463704,629.643798828125,10837200.0
2024-12-12,628.4694930643976,633.6047040008497,624.2001022233808,627.7628784179688,7474700.0
2024-12-13,624.2099509122261,628.0514729907906,613.9295681709151,617.3729248046875,8453300.0
2024-12-16,627.4624746323816,628.6278428855253,616.1080674222911,621.7454223632812,10885600.0
2024-12-17,623.6676857660912,629.842921517428,614.0761642573996,616.964599609375,12897800.0
2024-12-18,618.5184399880585,624.8530103874069,593.9370703121472,594.8035888671875,17075500.0
2024-12-19,607.9507863504745,609.0762755305054,592.6222729689903,593.1900024414062,14958100.0
2024-12-20,588.2199724400746,600.699869104885,577.6822346553289,582.9112548828125,48989400.0
2024-12-23,587.2438414694396,598.6879766892466,583.907252912156,597.452880859375,10205800.0
2024-12-24,600.3113609374378,605.5603202398497,596.8851663404314,605.3212890625,4726100.0
2024-12-26,603.0603356402203,603.8770660163228,596.5464929509934,600.9388427734375,6081400.0
2024-12-27,597.0146600682612,599.4449119716119,587.4430773536361,597.4130859375,8084200.0
2024-12-30,586.3971578659622,594.554430315314,583.2398432689357,588.877197265625,7025900.0
2024-12-31,589.9031610994577,591.5963188432811,581.5167657457517,583.170166015625,6019500.0
2025-01-02,587.3634208812482,602.4927233305804,585.4710498488531,596.8453979492188,12682300.0
2025-01-03,602.3432304664586,607.0642784591316,594.026562777383,602.2137451171875,11436800.0
2025-01-06,609.385054699766,628.4684617844035,603.1998488847688,627.681640625,14560800.0
2025-01-07,629.1755858278557,629.5739508561447,605.7993460257709,615.4207763671875,12071500.0
2025-01-08,610.9487626580363,613.976592361968,600.3811160103171,608.2794189453125,10085800.0
2025-01-10,607.592206559942,627.3927055003096,594.9529163376031,613.3988647460938,19256600.0
2025-01-13,604.6739217603003,606.5364441234269,596.0585248079975,605.8990478515625,10785000.0
2025-01-14,602.6520122964943,603.0703168610439,586.1980104567526,591.875244140625,13598000.0
2025-01-15,607.7715100133968,619.972556750708,604.0763139738187,614.6538696289062,15524300.0
2025-01-16,609.056268564278,613.7872861859956,607.2734438085199,608.8570556640625,8355300.0
2025-01-17,621.5561807031561,622.4724872092602,601.2576176946507,610.3212890625,17280600.0
2025-01-21,615.3610413311562,619.0163582351468,606.5762805693779,613.9965209960938,11674000.0
2025-01-22,620.8090878849806,631.167550578582,616.9545584675686,621.00830078125,12274000.0
2025-01-23,624.8529151272735,634.0559803027825,618.6677705767347,633.9066162109375,9910200.0
2025-01-24,633.8568781379164,649.3945139716581,631.6656574969397,644.9025268554688,19065300.0
2025-01-27,624.1059156551349,661.2170263231972,622.601940216737,657.2429809570312,28399200.0
2025-01-28,663.3385855806857,679.8523469699959,656.8346510497705,671.6353149414062,20950100.0
2025-01-29,672.3025851139503,678.3283961259809,663.0098523603809,673.78662109375,21377800.0
2025-01-30,694.0354655916807,707.9496113098508,673.3982325567493,684.2546997070312,29322900.0
2025-01-31,688.2386375622425,702.4814799874082,682.8403138955325,686.4259033203125,19303900.0
2025-02-03,673.2089204422564,701.1866947109021,672.5515846641146,694.6728515625,21415700.0
2025-02-04,699.6927275691532,704.8819296826665,688.8462306970774,701.3759765625,13826300.0
2025-02-05,700.7385512118227,715.27027526588,696.2167152646796,702.0532836914062,17778200.0
2025-02-06,703.0591459116995,716.0271344480996,700.6886520762018,709.1447143554688,13080700.0
2025-02-07,713.9354687323457,722.1126813232647,708.9056620031818,711.6646118164062,16427100.0
2025-02-10,715.688479736199,718.317944327383,708.4873917995161,714.5331420898438,12904300.0
2025-02-11,710.4694377796111,720.7680830266086,707.2025161364162,716.9235229492188,12998000.0
2025-02-12,712.4415265910553,724.1943596127884,709.7523040950127,722.4812622070312,12016500.0
2025-02-13,718.6367143797072,726.0868036941785,715.170579657767,725.6485595703125,12569100.0
2025-02-14,723.2382463806609,737.9491818288359,722.7203049282167,733.7261352539062,16901200.0
2025-02-18,733.058823348987,734.0548271850589,703.6169523863489,713.5072631835938,21938700.0
2025-02-19,701.2862790989086,704.1747145500551,692.6111245629734,700.9576416015625,17535500.0
2025-02-20,694.4935451126314,702.8101523617008,690.8680767624129,692.0632934570312,12587400.0
2025-02-21,693.7964419712561,701.0572888134465,679.6332343243371,680.8184814453125,15660400.0
2025-02-24,683.5375152106747,684.5235492434307,659.8027276987779,665.4600219726562,15677000.0
2025-02-25,663.3086205526677,665.3305374435599,639.2949835590877,654.8724975585938,20579700.0
2025-02-26,657.0139106659047,680.2805441243983,655.3704801302349,671.0077514648438,14488700.0
2025-02-27,679.7227696836991,685.8980050768483,654.9421915809927,655.6094970703125,12500000.0
2025-02-28,655.41029188353,666.9540022019403,640.0319914083209,665.5297241210938,17534200.0
2025-03-03,670.9878058928375,678.5275616526835,648.2391140524159,652.4322509765625,10843800.0
2025-03-04,642.9304346142569,647.1534810781478,621.1578057314852,637.4424438476562,21495200.0
2025-03-05,638.4384682626843,656.8645394995948,635.1117886533837,653.8466186523438,13770000.0
2025-03-06,645.4105206986194,647.9602882252848,621.6159731774069,625.4207153320312,13446500.0
2025-03-07,622.8709707851677,632.2533107532521,598.2099038331546,623.1597900390625,21375700.0
2025-03-10,605.6401398465449,607.6719660555057,584.5248435761125,595.6004028320312,21999900.0
2025-03-11,592.6719951255427,612.4725537318918,590.9588979251555,603.2894287109375,17401500.0
2025-03-12,627.3828744482781,630.7991604950519,606.9149458816227,617.0841674804688,15747000.0
2025-03-13,617.771383307468,618.0203842680918,584.1662233882897,588.2797241210938,16480300.0
2025-03-14,600.9252674163599,606.9664182577417,592.9302511563588,605.7103271484375,12364500.0
2025-03-17,605.5707122644762,611.1931246096414,596.1401126582408,603.0186767578125,15473900.0
2025-03-18,598.183814121998,598.3832042849959,572.8727631895948,580.548828125,20297700.0
2025-03-19,582.4628776976826,590.4778508331983,572.9824447250121,582.2435302734375,20537500.0
2025-03-20,580.947637342476,608.3023019039958,577.7077447799743,584.1775512695312,24336500.0
2025-03-21,581.6055148479699,595.6815960079244,579.1432258888485,594.3956298828125,25015900.0
2025-03-24,613.0573552722462,620.6038191496141,610.2960116120224,616.92529296875,15741300.0
2025-03-25,624.8107342138192,631.9085855563646,619.2480714393791,624.3621215820312,15312500.0
2025-03-26,622.9465455616044,624.8007461767364,604.7233689444203,609.0797729492188,12609800.0
2025-03-27,600.1277804152494,612.3396829236992,598.233665075804,600.7059936523438,10436500.0
2025-03-28,598.4430555668358,599.8785796536636,572.1351128923961,574.9463500976562,17602800.0
2025-03-31,561.7475141060938,576.9002542510486,551.5792239532071,574.5675048828125,21124700.0
2025-04-01,569.0646064376122,588.0752415879734,568.227192224496,584.1774291992188,12836600.0
2025-04-02,573.121925548239,590.8167206530089,571.5767584264657,582.1138916015625,13470800.0
2025-04-03,544.5211195346319,550.8414276639292,528.6506508916572,529.966552734375,34777500.0
2025-04-04,505.0443845169023,516.3889970810194,492.6630283031205,503.1602783203125,38589800.0
2025-04-07,483.5913523338717,537.6925624927222,480.4012921169833,514.6444702148438,36606100.0
2025-04-08,541.5604660254379,545.7274587202911,501.29606629091035,508.86248779296875,28034200.0
2025-04-09,507.6861840842117,586.0617052580021,500.5484476857142,583.9483032226562,39216600.0
2025-04-10,573.7002029040485,579.4921312343394,533.6351923102783,544.5910034179688,28173500.0
2025-04-11,533.844525327306,545.6975609575977,526.9460641882466,541.8794555664062,17642300.0
2025-04-14,554.4403043855114,556.0353649218339,526.6370880203747,529.8270874023438,14130900.0
2025-04-15,530.4551018896253,536.2669873917704,515.8905541802854,519.8980712890625,15558700.0
2025-04-16,506.92850187672303,511.77337227474317,494.0885548667942,500.7477722167969,18735100.0
2025-04-17,503.67867451915555,505.72228685828065,496.4612006254759,499.92041015625,14593500.0
2025-04-21,489.8019182716785,491.9651828161341,478.3077785405203,483.1526794433594,16166000.0
2025-04-22,490.3402426542842,505.30357016721007,484.84736943102456,498.7240905761719,17399400.0
2025-04-23,526.8863606430633,533.6751798789523,514.9137006503736,518.6520385742188,18173900.0
2025-04-24,517.1167453309313,532.2396108812093,515.8905900656315,531.491943359375,13910000.0
2025-04-25,545.0993622560148,548.1498427880772,534.5821864218168,545.5679321289062,17098900.0
2025-04-28,553.9118868125302,556.7529985261549,538.9087068486405,548.0302124023438,15179000.0
2025-04-29,544.3019441443117,554.8390788259818,542.427786062415,552.7156982421875,11835000.0
2025-04-30,536.7255930212515,547.392267199569,527.8532478040685,547.2926025390625,29244000.0
2025-05-01,590.238618351305,591.1059077397648,568.7257162038675,570.430419921875,31159000.0
2025-05-02,581.6454434907807,602.460510920923,576.5313930797772,595.1632690429688,24739300.0
2025-05-05,589.3812373579714,601.3339987723356,586.2211133050413,597.40625,13887700.0
2025-05-06,590.6872568767368,594.1763718529379,584.7557492481277,585.4834594726562,10600700.0
2025-05-07,588.5239054125428,601.2043765510581,584.8453792561588,594.953857421875,13139100.0
2025-05-08,604.4043633227255,609.3987915210697,594.7644549027136,596.150146484375,14622800.0
2025-05-09,601.8423317625629,605.0822238866388,589.8697353618245,590.6472778320312,10427300.0
2025-05-12,628.9578018482097,638.3983814888618,619.0986063028438,637.4413452148438,21965100.0
2025-05-13,643.5323193603671,658.8644917290795,640.8307865245315,653.98974609375,18570800.0
2025-05-14,659.1536702462474,660.6090907304957,652.275104788711,657.3093872070312,12348200.0
2025-05-15,652.2451822041022,655.2657270968772,636.5939979037247,641.8775024414062,14341800.0
2025-05-16,635.9758470841729,638.4481143502134,624.2025808250049,638.3484497070312,18519000.0
2025-05-19,626.2961199602966,641.0002469311114,625.8475073073743,638.438232421875,9592400.0
2025-05-20,634.0320152877193,637.3615937967512,630.2936778074568,635.1185913085938,6743500.0
2025-05-21,629.8250152939927,644.5989301458505,628.2100586075245,633.5234985351562,11464600.0
2025-05-22,632.078027946325,641.2494271811771,628.7484497588706,634.5902099609375,8228400.0
2025-05-23,622.0592607315479,630.4829920563529,620.7134837844421,625.1097412109375,8454100.0
2025-05-27,633.4337833907804,641.0799727179783,630.7820830337338,640.3223266601562,9508400.0
2025-05-28,640.6014366817531,648.8557144048555,640.5516043549418,641.5784301757812,9042900.0
2025-05-29,649.6233948044612,651.288184072806,637.5111569296643,643.0438842773438,8858800.0
2025-05-30,640.501786260345,647.3902689717587,630.8120452521741,645.4762573242188,16241000.0
2025-06-02,642.3859148545713,671.166122188044,642.256314296396,668.8134765625,15766300.0
2025-06-03,669.3617924489035,673.4789529536675,662.9617757833167,664.7760620117188,11585000.0
2025-06-04,667.238420321753,686.8572081679845,666.4907528237472,685.8104858398438,14031900.0
2025-06-05,689.5088052796527,692.2203773049333,680.1280985848566,682.49072265625,13083100.0
2025-06-06,694.0048506531133,700.6242144400436,689.7182360915449,695.5401000976562,11728000.0
2025-06-09,696.2877068677252,702.9967560909232,691.7817452730692,691.9013671875,12773200.0
2025-06-10,699.1687320280228,701.0428899746662,689.4092014623567,700.2155151367188,10850100.0
2025-06-11,701.5213833723484,706.6653082639799,689.8378026054309,691.9811401367188,9582500.0
2025-06-12,691.1438023170118,693.2173504861605,684.8634076906623,691.20361328125,7322700.0
2025-06-13,685.810495147385,692.4099021517203,678.8920760381308,680.7462768554688,9274400.0
2025-06-16,697.6914734952734,705.4931583928874,691.8851025594383,700.4749145507812,13720300.0
2025-06-17,700.3552179138009,704.3158869977019,694.4291328649981,695.5963745117188,10066100.0
2025-06-18,696.5440968778995,699.9461410540869,693.2718138640435,694.1397705078125,10068300.0
2025-06-20,699.1081336202601,700.1756339033776,677.079850298128,680.751220703125,22538600.0
2025-06-23,682.0881149489193,697.4121118139869,677.1596869463602,696.8933715820312,11080100.0
2025-06-24,703.2384409706419,711.5189816994163,700.4649253469852,710.5313110351562,13823200.0
2025-06-25,711.6487356204278,714.9011073526044,703.7273361920762,707.0195922851562,9320400.0
2025-06-26,712.6862960420309,726.5138085370661,709.3840535476093,724.3888549804688,13964800.0
2025-06-27,724.8177454897765,733.7068421056694,724.1592578043636,731.9110717773438,18775700.0
2025-06-30,742.8055433362375,746.1477309842478,732.5296879143714,736.3607177734375,15402100.0
2025-07-01,735.1535081071979,736.0214648412638,713.6938959127618,717.5348510742188,13431200.0
2025-07-02,713.6540184351263,718.6123446328994,711.1299169276585,711.8981323242188,9336700.0
2025-07-03,724.9075473573512,727.3219211703462,712.7461059372963,717.3253784179688,8601700.0
2025-07-07,715.9186273791692,725.29662738586,711.8382444141125,716.6668701171875,9457100.0
2025-07-08,719.8792998482032,721.2161260005597,713.1351294314046,718.9813842773438,7770700.0
2025-07-09,721.0266226856489,735.8019810021477,721.0266226856489,731.0631103515625,11418000.0
2025-07-10,729.8359710403425,734.0760133186282,717.9139576323801,725.5360717773438,9913600.0
2025-07-11,720.8071559255932,723.4608966552098,708.0371589748221,715.828857421875,10873900.0
2025-07-14,715.9186673172987,726.294324886829,714.8711396040657,719.2308959960938,8939400.0
2025-07-15,722.2039420372861,722.7725529543028,708.1569141283312,708.7255859375,11529500.0
2025-07-16,711.6985138171127,712.2970836136572,697.6315755690009,701.2630004882812,13067600.0
2025-07-17,702.7395996705828,704.2460714207873,695.4766277838654,699.7665405273438,11803300.0
2025-07-18,700.5447529444856,703.0588680042227,690.0294703606638,702.6298828125,12779800.0
2025-07-21,705.1439727205105,715.3200865485861,704.1064313362314,711.2994995117188,9404400.0
2025-07-22,714.5119719450398,714.9209845240272,699.7665722015134,703.1586303710938,8921100.0
2025-07-23,704.7150127643985,712.955669824656,703.2783841619789,711.9081420898438,8771600.0
2025-07-24,715.3699724936158,721.9245865914077,712.3271306824367,713.125244140625,10920800.0
2025-07-25,715.2401874661052,718.9614892126135,710.2319910963464,711.0101318359375,8271700.0
2025-07-28,713.5243091595448,723.0419351595109,711.0101939967738,715.9486083984375,8715700.0
2025-07-29,718.3130022321428,722.7724995594365,698.270047363426,698.35986328125,13267000.0
2025-07-30,706.4309422136296,706.8399547738821,689.5805015781577,693.5811157226562,27077300.0
2025-07-31,773.3836936232736,782.9113054874113,763.7163951695271,771.6278076171875,38831100.0
2025-08-01,758.9476005405788,764.2052724882252,743.5637464392476,748.2527465820312,19028700.0
2025-08-04,758.2192643014026,775.0297591596476,756.6329629953856,774.5509033203125,15801700.0
2025-08-05,774.6308198377485,781.295161548868,761.2123204894835,761.6712646484375,11640300.0
2025-08-06,768.1958857027562,771.827371776558,758.6782598971715,770.1812133789062,9733900.0
2025-08-07,771.6776357205837,773.1841074016191,757.7702959207965,760.0449829101562,9019700.0
2025-08-08,760.9629170758883,768.0961893607639,756.8027042152274,767.49755859375,7320800.0
2025-08-11,768.2757194135389,771.6478049440495,762.8783609453131,764.0755615234375,7612000.0
2025-08-12,771.1888187456735,791.8103707559926,770.6201469797736,788.1489868164062,14563100.0
2025-08-13,789.2963900548351,793.5962894533881,776.4066172801486,778.2523193359375,8811800.0
2025-08-14,776.0573823379099,785.9641084064921,770.6999694623344,780.2974243164062,8116200.0
2025-08-15,782.3127720209482,794.3843975355859,778.9905571139482,783.3901977539062,13375400.0
2025-08-18,773.2739649293972,773.9922487170201,754.7873521125813,765.572021484375,16513700.0
2025-08-19,765.3226078635242,765.3724785334582,747.604210382002,749.71923828125,12286700.0
2025-08-20,745.8184665954027,748.4423094323544,729.2872824481717,745.9680786132812,11898200.0
2025-08-21,742.965126847803,743.7532539146816,731.392269728463,737.3682250976562,8876300.0
2025-08-22,737.4979443181139,755.1265868650723,732.6693186706706,753.021484375,10612700.0
2025-08-25,753.0514312038815,757.1019160115399,748.3724176422635,751.5349731445312,6861200.0
2025-08-26,749.0408739151204,753.1013452690629,746.187589469264,752.3331298828125,7601800.0
2025-08-27,750.5373617239242,752.3830637406979,741.0995653139147,745.62890625,8315400.0
2025-08-28,742.2567713506037,751.2855545763716,739.0642569298059,749.35009765625,7468000.0
2025-08-29,743.5337768140281,745.3894040667411,733.6269900366806,736.9691772460938,9070500.0
2025-09-02,724.3388175548104,734.2755025264773,720.0389186102121,733.3875732421875,9350900.0
2025-09-03,734.2755314397929,738.5155735710689,732.2702311831985,735.3230590820312,7699300.0
2025-09-04,746.8161054490425,759.3765729399474,744.0725487076684,746.8959350585938,11439100.0
2025-09-05,750.8565963566639,756.1741251448537,743.2844139282448,750.68701171875,9663400.0
2025-09-08,754.2286966166499,764.7140814935753,750.2580412178338,750.537353515625,13087800.0
2025-09-09,755.7152196596044,764.5045757250664,751.6647345226843,763.906005859375,10999000.0
2025-09-10,763.3372922969834,763.9059640843684,749.2403942554,750.2180786132812,12478300.0
2025-09-11,752.8818385469593,755.326049350588,746.6165236987539,749.140625,7923300.0
2025-09-12,746.9757286440731,755.7950435825012,742.0174024328237,753.8197021484375,8248600.0
2025-09-15,755.6951631721865,772.2563046936084,750.2280226983954,762.9082641601562,10533800.0
2025-09-16,765.2028605665566,779.5291993784334,763.3072880544486,777.1747436523438,11782500.0
2025-09-17,778.16248073438,781.4547366857648,764.5145401578408,773.9024658203125,9400900.0
2025-09-18,778.9207035004806,786.9319184464317,771.5480036492609,778.421875,10955000.0
2025-09-19,784.5773532506886,788.9470955167301,767.3877436699294,776.5562133789062,23696800.0
2025-09-22,780.5445827585347,784.4181095052566,763.1935958899483,763.8824462890625,11706900.0
2025-09-23,767.9655831903335,769.3133047218867,749.815945650324,754.1387329101562,10872600.0
2025-09-24,756.2352564498105,759.8392144671293,751.2735837511626,759.3899536132812,8828200.0
2025-09-25,752.1920046258563,755.5064686568031,743.3068402529434,747.6595458984375,10591100.0
2025-09-26,748.7477432379202,750.6745134518627,736.1188402620083,742.5081787109375,9696300.0
2025-09-29,747.4698158948381,749.5264347617783,737.9158487633198,742.1587524414062,9246800.0
2025-09-30,741.0107248479524,741.7294934738761,725.087343094007,733.1538696289062,16226800.0
2025-10-01,720.28530706911,720.6446913474787,709.0141800953496,716.1422729492188,20419600.0
2025-10-02,721.3735522103992,726.5548890984803,716.9409630753169,725.8360595703125,11415300.0
2025-10-03,728.4117628788885,729.7794705550638,708.9942257916973,709.3735961914062,16154300.0
2025-10-06,704.0125981338592,715.6830826309072,689.3571155710283,714.465087890625,21654700.0
2025-10-07,716.5216106896504,717.3003375901077,704.5716259627259,711.889404296875,12062900.0
2025-10-08,712.2587946669486,718.4484549738279,706.6281969142439,716.6414794921875,10790600.0
2025-10-09,717.0807271377935,732.2852783203125,711.2504512938121,732.2852783203125,12717200.0
2025-10-10,729.6995938834806,734.0423674154782,703.333716456913,704.1223754882812,16980100.0
2025-10-13,711.8194939498104,718.7379155876384,706.4584651360833,714.5050048828125,9251800.0
2025-10-14,706.598254382022,714.3552394376962,698.1623510959027,707.466796875,8829800.0
2025-10-15,715.8627565899488,722.6913629779451,708.3253746524584,716.3519287109375,10246800.0
2025-10-16,716.3519343648386,724.2786798244232,702.7047754671785,710.881103515625,9017000.0
2025-10-17,705.8994251244851,717.3402516818879,704.9410060739878,715.7229614257812,12232400.0
2025-10-20,719.9858621042338,732.5448748734839,718.9775387090459,730.947509765625,8900200.0
2025-10-21,734.7911237948646,737.2669635645257,727.5332426508437,732.0457153320312,7647300.0
2025-10-22,732.6047674176828,739.3634223567747,722.8211423130082,732.1854248046875,8734500.0
2025-10-23,733.4733185275871,741.170406509876,731.8759534115667,732.7744750976562,9856000.0
2025-10-24,735.5598112729552,739.9724753796752,729.9292742962166,737.127197265625,9151300.0
2025-10-27,748.4781384032651,754.4881061640369,746.7610395763271,749.5663452148438,11321100.0
2025-10-28,751.3733793283152,757.1337649704751,744.2752651341964,750.1853637695312,12193800.0
2025-10-29,753.4897913670577,757.8924011644837,741.2702382858599,750.4149169921875,26818600.0
2025-10-30,668.0328178882455,679.8230975870755,649.08446528138,665.3572387695312,88440100.0
2025-10-31,673.383812052831,673.7631824593219,644.4921293755289,647.2674560546875,56953200.0
2025-11-03,654.90470367213,658.2291607688485,635.1177890022415,636.645263671875,33003600.0
2025-11-04,626.9913515895119,640.6684891460408,624.9647727272926,626.2725830078125,27356600.0
2025-11-05,631.2542465797685,641.1576663615418,625.4938610947797,634.88818359375,20219900.0
2025-11-06,634.7882936522686,634.938067569805,616.9681222612256,617.9065551757812,23628800.0
2025-11-07,615.4606203242017,621.0912176885568,600.1961723842201,620.6719360351562,29946800.0
2025-11-10,630.0363359130761,633.9397808237388,617.077966360211,630.7052001953125,19245000.0
2025-11-11,626.9514668906089,628.5088598168925,618.3558571038752,626.0330200195312,13302200.0
2025-11-12,627.0812350986922,627.939784558569,606.7552442025384,607.9931640625,24493300.0
2025-11-13,612.0463872625083,616.6187572691151,601.993193452889,608.8717041015625,20973800.0
2025-11-14,600.7852061056304,612.6553687237855,594.2062431482154,608.4424438476562,20724100.0
2025-11-17,608.0230519623859,610.6686515784111,594.4058732487083,601.0048217773438,16501300.0
2025-11-18,590.612218909938,602.6520806612418,582.8053290854997,596.6920776367188,25500600.0
2025-11-19,592.7286370493186,594.3359951431619,580.2794874440681,589.3343505859375,24744700.0
2025-11-20,602.4923362369276,605.706930555967,582.375956312388,588.1663208007812,20603000.0
2025-11-21,587.517412968027,597.1213460929463,580.88848479756,593.2578125,21052600.0
2025-11-24,597.7203367937327,615.6703584886146,596.6321908004635,612.0264282226562,23554900.0
2025-11-25,622.9580871825591,635.9862849922763,617.2675924687619,635.1576538085938,25213000.0
2025-11-26,636.6252677780955,637.2941320349476,630.5753884422047,632.5520629882812,15209500.0
2025-11-28,635.0179876534709,646.9679727244463,634.4389389877349,646.8681640625,11033200.0
2025-12-01,638.4821234657416,644.242508725797,636.6951341862962,639.7999267578125,13029900.0
2025-12-02,641.2675300698932,646.7882651016448,637.0046400682228,646.01953125,11640900.0
2025-12-03,643.3340098224904,647.7665988470103,636.4854785031988,638.5320434570312,11134300.0
2025-12-04,674.87134871331,674.9711573797597,658.9479666864565,660.425537109375,29874600.0
2025-12-05,662.8913386215002,673.5634922785046,661.2840414153883,672.2955932617188,21207900.0
2025-12-08,668.2224435191038,675.5801331063639,663.9595535520253,665.6866455078125,13161000.0
2025-12-09,662.6617867420982,663.3705623262879,652.2492080192432,655.8631591796875,12997100.0
2025-12-10,648.8648024836247,653.4171862971667,642.3257510862366,649.0444946289062,16910900.0
2025-12-11,642.2158631242634,654.1858943512054,639.730030479328,651.6201782226562,13056700.0
2025-12-12,648.7150654102267,709.8128965395189,637.543746077992,643.1543579101562,14016900.0
2025-12-15,645.1476664750544,652.4414097008485,638.1536544261938,646.9561157226562,15549100.0
2025-12-16,642.9495426008936,661.973233609148,642.6498114209788,656.587890625,14309100.0
2025-12-17,655.0491556477624,660.664343241777,648.644665798819,648.9443969726562,15598500.0
2025-12-18,656.4679564970005,669.9863502083882,655.8984367998282,663.881591796875,20260300.0
2025-12-19,665.8499012351181,670.4260003995075,657.6169598101359,658.2064819335938,49977100.0
2025-12-22,661.0840391473547,673.0038267300547,656.0883162216827,660.9341430664062,15659400.0
2025-12-23,659.4853234816244,665.4302455294139,657.6868755551602,664.3711547851562,8486800.0
2025-12-24,661.9632786179176,667.6084088263418,661.633543835896,666.9789428710938,5627500.0
2025-12-26,667.4885344385556,668.3777877623371,660.7543096382171,662.7225952148438,7133800.0
2025-12-29,657.4471149030659,659.6851889371151,653.8302165118,658.1265258789062,8506500.0
2025-12-30,658.1265110341435,671.6449047754843,657.2772625792347,665.3803100585938,9187500.0
2025-12-31,664.1813161961976,664.4311023248911,658.8758612620638,659.5253295898438,7940400.0
2026-01-02,662.1630447721155,663.8216588672108,642.9495146869224,649.8535766601562,13726500.0
2026-01-05,650.4531272549772,663.9715218041853,647.1959061445123,658.2264404296875,12213700.0
2026-01-06,659.0057810200069,664.9507033148827,651.3423593634897,660.0548706054688,11074400.0
2026-01-07,655.0791375151089,658.5861445899717,644.2583851266311,648.1350708007812,12846300.0
2026-01-08,645.3274855180696,646.5464125947736,635.1761427603,645.50732421875,11921700.0
2026-01-09,644.8878661181845,654.3897406244424,642.3000548798136,652.5013427734375,11634900.0
2026-01-12,651.9718010113269,653.4105105723186,640.6814191818085,641.4207763671875,14797200.0
2026-01-13,641.720599826752,641.720599826752,623.5660991574318,630.5501708984375,18030400.0
2026-01-14,625.9640568168747,627.9124008742662,614.2940558608916,614.9934692382812,15527900.0
2026-01-15,617.9508982377323,623.6360331340583,613.7045339245012,620.2689208984375,13076100.0
2026-01-16,623.6460522405506,628.5418850412981,619.5495838845379,619.7194213867188,17012500.0
2026-01-20,607.3600037753715,610.8770121629093,599.4867397151437,603.6032104492188,15169600.0
2026-01-21,606.2209580964126,617.7411240978843,599.5666821865381,612.4356689453125,14494700.0
2026-01-22,628.811597152667,660.0049216653568,626.0140046136898,647.0759887695312,21394700.0
2026-01-23,644.2184496993522,665.9198400091174,643.8987161260534,658.1964721679688,22797700.0
2026-01-26,664.5609947255355,674.7023359243682,660.7242529636108,671.7847900390625,16327400.0
2026-01-27,674.0129574053085,676.2410302656567,664.0913982323968,672.394287109375,13297400.0
2026-01-28,673.9229813666298,677.1002536346601,665.5301429727417,668.1578979492188,25709600.0
2026-01-29,736.7991536844581,743.363540655783,711.9404325537852,737.6784057617188,59852900.0
2026-01-30,726.8776752394725,731.5436633097714,712.9796010924755,715.8870849609375,23744600.0
2026-02-02,713.9886602426056,720.6829408229889,702.9181827036907,705.8056640625,14365200.0
2026-02-03,706.7648539132639,716.3866205151361,685.8227628297016,691.1082763671875,13760700.0
2026-02-04,687.1416843315144,688.2407799622291,666.8890651090074,668.417724609375,16882800.0
2026-02-05,663.0123852284637,680.9170392363125,652.9409906690098,669.63671875,17131800.0
2026-02-06,664.920685797671,671.4151252649915,645.9469408650316,660.8941650390625,18159300.0
2026-02-09,662.6126578425271,682.7254419812133,658.2164585284562,676.640625,14837500.0
2026-02-10,677.0202983345941,680.0677378888336,669.216982119095,670.1461791992188,10455800.0
2026-02-11,673.4234361526849,678.6889475196376,656.5378686274887,668.1179809570312,14323800.0
2026-02-12,669.3968787035581,675.421749916193,644.7280570616384,649.254150390625,14960100.0
2026-02-13,644.5481137374378,650.872715705495,634.0271535178357,639.2227172851562,12336400.0
2026-02-17,638.952945338547,642.0502690775812,628.2620863630333,638.7431030273438,12674700.0
2026-02-18,633.2578140286595,644.4482453696517,627.6126838179015,642.6697387695312,14649200.0
2026-02-19,638.0237449576674,646.6363661317032,636.1752909436037,644.2284545898438,10035700.0
2026-02-20,639.1428111159805,662.7825455010891,638.2336163631846,655.09912109375,14183500.0
2026-02-23,651.9817939677475,657.1374142434245,635.455964272141,636.7048950195312,8605900.0
2026-02-24,632.5384628258726,640.5615620292823,628.4419334902003,638.7531127929688,10135600.0
2026-02-25,641.9803720795121,653.3206382422114,641.5906910720822,653.1307983398438,11330700.0
2026-02-26,649.9935020296807,660.4345752110744,646.9461232211356,656.447998046875,10637700.0
2026-02-27,642.8995542116262,648.8844201349368,637.5740968396581,647.62548828125,15703000.0
2026-03-02,636.6149203669017,659.3754626922687,633.9572226725116,653.0009155273438,9816100.0
2026-03-03,647.7354225434952,658.4762268569145,638.293554979916,654.5196533203125,12263800.0
2026-03-04,657.397151925757,672.1944798634893,657.1073609851721,667.1587524414062,10810100.0
2026-03-05,661.363765843265,670.1262833419206,649.7537106790966,660.0049438476562,13341400.0
2026-03-06,647.3457881163396,648.9143914185428,635.5658346648192,644.308349609375,13159400.0
2026-03-09,634.2369839533108,647.195859029807,626.2438278402449,646.836181640625,13489700.0
2026-03-10,653.0009245574777,659.7351492208539,648.444827744844,653.510498046875,9859300.0
2026-03-11,654.1999146227295,658.5561703533895,647.8053649208291,654.2998046875,8977200.0
2026-03-12,648.1950599902964,652.9409968457168,636.355220859953,637.6340942382812,11617500.0
2026-03-13,623.3562813254467,628.6317326131165,609.0285222575777,613.1849975585938,18957600.0
2026-03-16,632.0,634.75,623.0999755859375,627.4500122070312,15134900.0
2026-03-17,627.989990234375,636.5499877929688,621.7000122070312,622.6599731445312,10348800.0
2026-03-18,616.3400268554688,622.6500244140625,614.6099853515625,615.6799926757812,11726300.0
2026-03-19,612.1500244140625,613.0,602.260009765625,606.7000122070312,13247700.0
2026-03-20,603.530029296875,603.9600219726562,587.25,593.6599731445312,21214900.0
2026-03-23,605.7899780273438,608.6400146484375,599.010009765625,604.0599975585938,13638000.0
2026-03-24,599.0999755859375,601.0,591.0,592.9199829101562,10739700.0
2026-03-25,598.739990234375,603.6699829101562,593.4000244140625,594.8900146484375,12585000.0
2026-03-26,582.489990234375,583.0,543.3499755859375,547.5399780273438,35780100.0
2026-03-27,540.0999755859375,543.5999755859375,520.260009765625,525.719970703125,30133000.0
2026-03-30,536.3800048828125,539.5499877929688,528.5399780273438,536.3800048828125,22795200.0
2026-03-31,549.97998046875,573.6900024414062,546.77001953125,572.1300048828125,32898300.0
2026-04-01,580.1300048828125,592.5499877929688,573.8200073242188,579.22998046875,23608100.0
2026-04-02,566.0399780273438,578.5,559.7000122070312,574.4600219726562,13518500.0
2026-04-06,577.6900024414062,582.7899780273438,572.0,573.02001953125,9515700.0
2026-04-07,572.47998046875,575.22998046875,564.760009765625,575.0499877929688,9580800.0
2026-04-08,606.0,629.9500122070312,591.8300170898438,612.4199829101562,32036600.0
2026-04-09,626.969970703125,637.5,623.0,628.3900146484375,19012900.0
2026-04-10,634.469970703125,638.5800170898438,624.3300170898438,629.8599853515625,13294800.0
2026-04-13,629.5,635.0,624.4000244140625,634.530029296875,9538900.0
2026-04-14,643.219970703125,666.260009765625,639.3699951171875,662.489990234375,17818000.0
2026-04-15,667.0,678.5,664.219970703125,671.5800170898438,14952600.0
2026-04-16,675.989990234375,677.5800170898438,667.75,676.8699951171875,9544800.0
2026-04-17,678.5999755859375,691.52001953125,675.1300048828125,688.5499877929688,16283500.0
2026-04-20,681.3599853515625,683.3800048828125,668.0,670.9099731445312,12534000.0
2026-04-21,671.0,676.2000122070312,667.3300170898438,668.8400268554688,8660100.0
2026-04-22,674.3599853515625,678.3800048828125,669.75,674.719970703125,9215600.0
2026-04-23,663.7000122070312,669.5599975585938,653.0499877929688,659.1500244140625,11667000.0
2026-04-24,660.3200073242188,680.6699829101562,653.8400268554688,675.030029296875,13348300.0
2026-04-27,671.0,682.5,670.8400268554688,678.6199951171875,12805200.0
2026-04-28,674.239990234375,678.1799926757812,665.6300048828125,671.3400268554688,10606800.0
2026-04-29,668.9099731445312,674.25,663.8099975585938,669.1199951171875,18947500.0
2026-04-30,619.3200073242188,620.8499755859375,600.0,611.9099731445312,52765000.0
2026-05-01,614.6900024414062,618.8800048828125,606.1099853515625,608.75,21404000.0
2026-05-04,607.9400024414062,614.0,602.75,610.4099731445312,16203900.0
2026-05-05,613.3099975585938,614.3499755859375,600.3599853515625,604.9600219726562,17171300.0
2026-05-06,601.0499877929688,619.9500122070312,598.0999755859375,612.8800048828125,19915500.0
2026-05-07,614.719970703125,624.97998046875,613.5399780273438,616.8099975585938,12307400.0
2026-05-08,615.2000122070312,616.77001953125,606.0599975585938,609.6300048828125,13557000.0
2026-05-11,604.5700073242188,604.9099731445312,598.0800170898438,598.8599853515625,15940600.0
2026-05-12,594.8200073242188,603.75,592.5999755859375,603.0,11351600.0
2026-05-13,598.8300170898438,619.9000244140625,596.6599731445312,616.6300048828125,14634400.0
2026-05-14,616.0,623.72998046875,615.0,618.4299926757812,10651200.0
2026-05-15,613.989990234375,621.2000122070312,609.3099975585938,614.22998046875,13272600.0
2026-05-18,609.1099853515625,615.5900268554688,603.6900024414062,611.2100219726562,13772400.0
2026-05-19,608.9199829101562,613.9299926757812,600.5499877929688,602.6099853515625,11749900.0
2026-05-20,600.760009765625,608.0,597.8099975585938,605.0599975585938,11329700.0
2026-05-21,600.0,609.5999755859375,594.8099975585938,607.3800048828125,13476100.0
2026-05-22,607.8800048828125,614.8099975585938,606.9500122070312,610.260009765625,11688600.0
2026-05-26,608.8900146484375,614.469970703125,605.2999877929688,612.3400268554688,12234200.0
2026-05-27,609.4000244140625,638.5,609.0,635.260009765625,23143600.0
2026-05-28,639.5,643.0,629.3099975585938,635.2899780273438,16772400.0
2026-05-29,633.5,634.5,623.3499755859375,632.510009765625,19806500.0
2026-06-01,630.4000244140625,635.75,599.530029296875,600.469970703125,29138800.0
2026-06-02,603.239990234375,608.8800048828125,596.6799926757812,597.6300048828125,18156800.0
2026-06-03,603.0,624.1500244140625,600.27001953125,622.97998046875,22973100.0
2026-06-04,623.0924785224576,641.8051764288737,621.8536364911718,626.9888916015625,21469200.0
2026-06-05,622.8827460758752,628.567480013855,582.3702434655938,592.450927734375,30091600.0
2026-06-08,591.4518261333767,591.4518261333767,578.6836307521693,584.8479614257812,19512400.0
2026-06-09,590.4527436689563,597.0766092757164,580.4720040020986,584.0487060546875,16977400.0
2026-06-10,580.192266144374,590.7724873942649,570.0716409197756,570.4512939453125,17064000.0
2026-06-11,565.3060574843756,571.6401524850257,556.4942175026772,567.9036254882812,17628000.0
2026-06-12,572.4194595335534,575.5365655300229,560.3806300495169,566.4549560546875,14326400.0
2026-06-15,579.9000244140625,601.27001953125,579.2999877929688,593.47998046875,17653300.0
2026-06-16,593.6500244140625,605.8099975585938,592.0,600.2100219726562,11344400.0
2026-06-17,592.0,593.8099975585938,566.1900024414062,567.5800170898438,20478300.0
2026-06-18,572.8200073242188,580.219970703125,563.0999755859375,577.219970703125,28791600.0
