date,open,high,low,close,volume
2016-06-06,45.96583743063354,46.2841208245625,45.87742256619587,46.08961486816406,18243300.0
2016-06-07,46.18686444526003,46.62008542889792,46.06308364868164,46.06308364868164,20866800.0
2016-06-08,45.99236875112108,46.36370113272327,45.85974811615867,46.01005172729492,21149400.0
2016-06-09,45.9746797801014,45.9746797801014,45.52377575085374,45.638710021972656,20305700.0
2016-06-10,45.13474010277726,46.018868227700146,45.125900305507734,45.514915466308594,25833200.0
2016-06-13,43.83508664692323,44.84299245929007,43.375339485150576,44.330196380615234,83217800.0
2016-06-14,44.11801054721641,44.29483353723944,43.82624654285017,44.056121826171875,42577100.0
2016-06-15,44.011906583416305,44.312510346393275,43.932334899902344,43.932334899902344,33757600.0
2016-06-16,43.782033091053,44.62195563659127,43.77318991949857,44.55122375488281,31188600.0
2016-06-17,44.56891260029908,44.58659557305713,44.04727670832431,44.32135772705078,45710500.0
2016-06-20,44.772263485878334,44.94025004733433,44.23294459997034,44.268310546875,35607900.0
2016-06-21,44.383251954740466,45.4707296192347,44.34788600483432,45.25853729248047,34097800.0
2016-06-22,45.16128633167778,45.497252740285596,45.046348679952665,45.08171463012695,28816800.0
2016-06-23,45.338101638318555,46.027724058881795,45.22316737879308,45.895103454589844,29028800.0
2016-06-24,44.0384388526331,45.037501562456164,43.782040795344415,44.056121826171875,133503000.0
2016-06-27,43.410704733033725,43.45491385285178,42.473530752099634,42.81834030151367,50216300.0
2016-06-28,43.251564120716544,43.73783748846155,43.03053199817155,43.71131134033203,38140700.0
2016-06-29,44.126851275617376,44.842996541927405,44.02959660545007,44.68385314941406,31304000.0
2016-06-30,44.84298589770178,45.355778528660835,44.64847660353716,45.240840911865234,28527800.0
2016-07-01,45.20547948940028,45.727115304760886,45.15243057891758,45.23200225830078,21400400.0
2016-07-05,44.94024054478409,45.33809555894754,44.86066886741507,45.240840911865234,24806400.0
2016-07-06,44.89602712010023,45.56796641391227,44.55121767552779,45.42650604248047,28167500.0
2016-07-07,45.461868605827455,45.62985511562111,45.152425097283285,45.42650604248047,19585200.0
2016-07-08,45.73596480305037,46.29296667686011,45.576821410533306,46.23991775512695,28391000.0
2016-07-11,46.416743307578265,46.708507312970575,46.390220533518004,46.496315002441406,22269200.0
2016-07-12,46.80576046138186,47.212462124936984,46.67314321314904,47.04447555541992,27317600.0
2016-07-13,47.353916758291035,47.619154595017456,47.01794703300712,47.30970764160156,25356800.0
2016-07-14,47.601461548649354,47.734082125286186,47.371589704851054,47.5130500793457,24545500.0
2016-07-15,47.698731396196926,47.74293714494279,47.04447484763781,47.477699279785156,32024400.0
2016-07-18,47.47769341890573,48.04353502744041,47.345072816357025,47.70756530761719,31433900.0
2016-07-19,47.48653219048987,47.654518733105874,46.79691316660253,46.93837356567383,53336500.0
2016-07-20,49.643798539405736,50.25384576800679,49.09563664076339,49.43160629272461,89893300.0
2016-07-21,49.49351688635074,49.71454902859384,49.29900752191832,49.334373474121094,32776700.0
2016-07-22,49.58192709358039,50.0681970861459,49.31668584974237,50.0151481628418,32157200.0
2016-07-25,49.92673286206144,50.16544793973102,49.74106333097471,50.1566047668457,25610600.0
2016-07-26,49.970935623216434,50.651714869379205,49.96209245085941,50.18312454223633,28079000.0
2016-07-27,50.05051203290702,50.218495224035884,49.60844780844776,49.679176330566406,32327500.0
2016-07-28,49.51119129448201,49.83831786404095,49.26363641726792,49.69685745239258,37550400.0
2016-07-29,49.74106435777499,50.18312857606289,49.555398195537826,50.11240005493164,30558700.0
2016-08-01,50.04167786469736,50.17429850497313,49.63497951445339,50.02399826049805,26003400.0
2016-08-02,50.262710016701654,50.3069191452489,49.78528313161146,50.02399826049805,35122000.0
2016-08-03,50.11238786447553,50.49256326953536,49.94440471655573,50.3687858581543,22075600.0
2016-08-04,50.21849168051505,50.8550651980768,50.10355404591481,50.74012756347656,26587700.0
2016-08-05,50.970005747558474,51.46511551381458,50.79317938560315,51.244083404541016,29335200.0
2016-08-08,51.332496643066406,51.35901941607931,51.08493839511111,51.332496643066406,19473500.0
2016-08-09,51.42975360601858,51.72151763206144,51.29713635364849,51.45627975463867,16920700.0
2016-08-10,51.420904198179834,51.56236459788902,51.120300427212555,51.29712677001953,15756900.0
2016-08-11,51.305977883634604,51.67731362268578,51.305977883634604,51.54469299316406,18162300.0
2016-08-12,51.305962517968545,51.447422906507015,50.9434700615461,51.22639083862305,21655200.0
2016-08-15,51.28827392561612,51.721498215158775,51.244068191421476,51.385528564453125,19283900.0
2016-08-16,51.25208567954611,51.2609805732528,50.949608387984306,51.10084533691406,20523500.0
2016-08-17,51.18982171392618,51.314370613511414,50.914032440771045,51.20761489868164,18856400.0
2016-08-18,51.083059321277034,51.33216049813583,50.94961553474463,51.243194580078125,14214300.0
2016-08-19,51.091963783340255,51.358854782356076,50.88734723763802,51.26099395751953,17271000.0
2016-08-22,51.24321030682722,51.37665752801789,50.94073288000503,51.305484771728516,15221900.0
2016-08-23,51.51009228947982,51.759190088830955,51.46560763070741,51.50119400024414,18732400.0
2016-08-24,51.421122066630225,51.634636872296944,51.34995272720979,51.554569244384766,18151500.0
2016-08-25,51.49228964013435,51.85704137658491,51.40332373264497,51.750282287597656,18552600.0
2016-08-26,51.848157420310145,52.22180754764128,51.32327029899725,51.62574768066406,20971200.0
2016-08-29,51.75918771994692,52.132834401872785,51.68801498413086,51.68801498413086,16417200.0
2016-08-30,51.58126163485029,51.76808498436364,51.25209620089301,51.50119400024414,16930200.0
2016-08-31,51.28768974052639,51.421133554390295,50.976314054103696,51.118656158447266,20860300.0
2016-09-01,50.71830279601016,51.43891139319092,50.71830279601016,51.23429489135742,26075400.0
2016-09-02,51.305484771728516,51.76809750649799,51.08307499887996,51.305484771728516,18900500.0
2016-09-06,51.4033197652126,51.42111294533716,50.896226009620115,51.25208282470703,16278400.0
2016-09-07,51.127554893163484,51.45672037599865,51.07417533093204,51.29658508300781,17493400.0
2016-09-08,51.26989318885907,51.41223528386193,50.86955498613126,51.09196472167969,20146100.0
2016-09-09,50.52259159322309,51.17202755274183,50.00659942626953,50.00659942626953,35113900.0
2016-09-12,49.819770964369525,50.89623305821817,49.47281238814579,50.75389099121094,29303000.0
2016-09-13,50.264609825224376,50.39805704949856,49.864271546105705,50.291297912597656,30130200.0
2016-09-14,50.16673279386222,50.38024760507061,49.84646227390102,50.05107879638672,24062500.0
2016-09-15,49.95322284572006,51.02078675205582,49.80198247631066,50.87844467163086,26847000.0
2016-09-16,51.26989128085552,51.26989128085552,50.487008090623085,50.931827545166016,44607000.0
2016-09-19,50.949614013189915,51.376640226005904,50.57596395591175,50.64713668823242,20937100.0
2016-09-20,51.02079246884663,51.02079246884663,50.48701045586941,50.54039001464844,17384000.0
2016-09-21,51.163130289440986,51.465607643170465,50.78058869478896,51.38554000854492,33707300.0
2016-09-22,51.527885417980976,51.59905816166426,51.2698927063871,51.43892288208008,19822200.0
2016-09-23,51.48340463451174,51.51899100668827,51.04748345331065,51.09196472167969,19955300.0
2016-09-26,50.780599628682,50.833975800789794,50.5581898616896,50.62046432495117,21688700.0
2016-09-27,50.64713725928095,51.65243005557773,50.4247275588252,51.554569244384766,28065100.0
2016-09-28,51.49230387309839,51.65243915713984,51.30547711258117,51.62574768066406,20536400.0
2016-09-29,51.43002509150278,51.75029223894338,50.896239725029076,51.06527328491211,25463500.0
2016-09-30,51.2165065015122,51.394434943924836,51.01188998053364,51.243194580078125,29910800.0
2016-10-03,51.074177765076094,51.198726689181846,50.76280545481172,51.083072662353516,19189500.0
2016-10-04,50.94961593522101,51.243194982862114,50.68272496635562,50.92292785644531,20085900.0
2016-10-05,50.967405864660755,51.56346221061135,50.94071439388653,51.278778076171875,16726400.0
2016-10-06,51.36775207519531,51.4745077939892,50.95851559802971,51.36775207519531,16212600.0
2016-10-07,51.46561240322747,51.5812664180952,51.08306737949084,51.4211311340332,20089000.0
2016-10-10,51.51898954524618,51.946015818141284,51.483403174079136,51.6346435546875,18196500.0
2016-10-11,51.50119254612864,51.61684654700608,50.611553695046915,50.87844467163086,26497400.0
2016-10-12,50.80728530883789,50.94962741722449,50.17564241497882,50.80728530883789,22177500.0
2016-10-13,50.44253397826095,50.97631604193845,50.104470194623275,50.63825225830078,25313700.0
2016-10-14,50.81618162588352,51.36776028078564,50.81618162588352,51.083072662353516,27402500.0
2016-10-17,51.029685004468156,51.11864753203142,50.59376047452126,50.90513610839844,23830000.0
2016-10-18,51.18093106169144,51.55458120990455,51.07417533093204,51.29658508300781,19149500.0
2016-10-19,51.12755873346871,51.456724241028226,51.0652842697062,51.18093490600586,22878400.0
2016-10-20,51.154237272437484,51.17203045786358,50.40694045305723,50.931827545166016,49455600.0
2016-10-21,53.62742655417599,53.77866691709033,52.9246144712181,53.07585144042969,80032200.0
2016-10-24,53.32495636383614,54.267974853515625,53.3160614677453,54.267974853515625,54067000.0
2016-10-25,54.134515262721116,54.5971278087083,54.09003400504402,54.25906753540039,35137200.0
2016-10-26,54.098951369624395,54.44591005303664,53.796473959574605,53.93881607055664,29911600.0
2016-10-27,53.92101818745944,54.116739845656724,53.45840551862252,53.46730041503906,28479900.0
2016-10-28,53.38722513324345,53.84094284074089,53.004683555410345,53.26267623901367,33574700.0
2016-10-31,53.520670415730315,53.75197501198557,53.30715560913086,53.30715560913086,26434700.0
2016-11-01,53.35163784629635,53.396119105825235,52.71109684923225,53.20039749145508,24533000.0
2016-11-02,53.21819732738196,53.316058146801666,52.75558470429981,52.871238708496094,22147000.0
2016-11-03,52.96019837481624,53.05805918894404,52.586551695822195,52.675514221191406,21600400.0
2016-11-04,52.17731384961087,52.73778381654647,52.061659862307216,52.230690002441406,28697000.0
2016-11-07,53.18260016133671,53.840934289611184,53.18260016133671,53.75196838378906,31664800.0
2016-11-08,53.8676438160841,54.07226039040547,53.51179023219184,53.79647445678711,22935400.0
2016-11-09,53.37834215546822,53.9032293224118,52.66663160546936,53.529579162597656,49632500.0
2016-11-10,53.805357842538776,53.81425613161191,51.26988844916211,52.2218017578125,57822400.0
2016-11-11,51.8036694840329,52.59544751227927,51.6079478523485,52.50648498535156,38767800.0
2016-11-14,52.50647527182153,52.55985481432483,50.95850247624818,51.7057991027832,41328400.0
2016-11-15,52.243197024088026,53.2821495129254,52.23423862262486,52.726844787597656,35904100.0
2016-11-16,52.789539930691895,53.43440817086913,52.67310804470474,53.425453186035156,27332500.0
2016-11-17,54.106150209714876,54.58980143836419,53.71206592153548,54.31214904785156,32132700.0
2016-11-18,54.43753174499688,54.7599658523978,54.007620740671975,54.05240249633789,27686300.0
2016-11-21,54.1867516806355,54.60770770436832,54.11509813760482,54.509185791015625,19652600.0
2016-11-22,54.61665989364122,54.86744044815566,54.46440124743712,54.74205017089844,23206700.0
2016-11-23,54.64353762808663,54.724146165371806,53.962845970612435,54.09719467163086,21848900.0
2016-11-25,54.0076280244238,54.213626861572266,53.8553693512995,54.213626861572266,8409600.0
2016-11-28,54.04347170499229,54.65251342125383,53.92703635483422,54.28529739379883,20732600.0
2016-11-29,54.321117967066776,55.00180976327658,54.20468263022809,54.71520233154297,22366700.0
2016-11-30,54.50918930055806,54.79579665787588,53.93597458592241,53.971797943115234,34655400.0
2016-12-01,53.837463263955954,53.87329004483037,52.78955213147353,53.022422790527344,34542100.0
2016-12-02,52.9149334196744,53.264235909474145,52.6641494291643,53.06719207763672,25515700.0
2016-12-05,53.470243878823396,54.267370910789,53.344853570419325,53.93598175048828,23552700.0
2016-12-06,54.12407158926985,54.15093996706325,53.55981173919891,53.69416046142578,19907000.0
2016-12-07,53.74788983058206,54.97493130284392,53.55980437861648,54.965972900390625,30809000.0
2016-12-08,54.90327843703652,55.15406245942618,54.49128075139356,54.64353942871094,21220800.0
2016-12-09,54.79579733143981,55.52127413542223,54.7510155719264,55.503360748291016,27349400.0
2016-12-12,55.369004169807326,55.798915149858885,55.27944066353237,55.68247985839844,20198100.0
2016-12-13,55.978047985839225,56.80204321220891,55.74518080953485,56.407958984375,35718900.0
2016-12-14,56.425889646675536,56.82893239890635,56.00493350360891,56.1392822265625,30352700.0
2016-12-15,56.15717858646393,56.56022121646295,55.79891771165837,56.04970169067383,27669900.0
2016-12-16,56.38109276564906,56.38109276564906,55.63770262005428,55.798919677734375,42453100.0
2016-12-19,56.03180020155338,57.11553462381924,55.906406477108476,56.98118591308594,34338200.0
2016-12-20,57.04386827422904,57.1423901844548,56.45274022950336,56.909523010253906,26028400.0
2016-12-21,56.81100110002814,57.05282667513804,56.53334875453999,56.909523010253906,17096300.0
2016-12-22,57.17823038483181,57.41109761372846,56.79310105437875,56.91849136352539,22176600.0
2016-12-23,56.82891641959703,56.90952494737747,56.24674333933509,56.640830993652344,12403800.0
2016-12-27,56.61396729413059,57.38422591037119,56.61396729413059,56.67666244506836,11763200.0
2016-12-28,56.7841432605475,56.7841432605475,56.27362364618827,56.416927337646484,14653300.0
2016-12-29,56.300484568052546,56.60500529917004,56.18404926645876,56.33631134033203,10250600.0
2016-12-30,56.39004851446896,56.416920302199124,55.55709484404448,55.655616760253906,25579900.0
2017-01-03,56.23778711246373,56.2825688676572,55.6466590606748,56.04970169067383,20694100.0
2017-01-04,55.96013673541447,56.201962321934616,55.63770262005428,55.798919677734375,21340000.0
2017-01-05,55.70039776285998,56.12135379309456,55.55709409121423,55.798919677734375,24876000.0
2017-01-06,55.798922502427146,56.560226072595526,55.56605530545033,56.28257369995117,19922900.0
2017-01-09,56.21092769458559,56.49753850747266,56.01388724505217,56.103450775146484,20382700.0
2017-01-10,56.184043603521815,56.488564303945864,55.781000997574,56.08552169799805,18593000.0
2017-01-11,56.076564360981216,56.631865585524366,55.91534732536731,56.596038818359375,21517300.0
2017-01-12,56.47961122304304,56.7841319337272,55.48544056708504,56.076568603515625,20968200.0
2017-01-13,56.08553486137331,56.309447093160394,55.84370924104771,56.157188415527344,19422300.0
2017-01-17,56.13927730003094,56.15719068929475,55.5571041071609,56.00492858886719,20664000.0
2017-01-18,56.13030506350938,56.15717684909724,55.637698938363464,55.97804641723633,19670100.0
2017-01-19,55.74518293626036,56.407961136386064,55.70935616419167,55.798919677734375,18451700.0
2017-01-20,56.1303289144102,56.264677649550556,55.86163486075974,56.19302749633789,30213500.0
2017-01-23,56.15719318727607,56.53336412865994,56.04075786019686,56.39006042480469,23097600.0
2017-01-24,56.605005659788134,57.08865683875521,56.372135055116985,56.8916130065918,24672900.0
2017-01-25,57.27674917209357,57.411094460244335,56.82892471166536,57.0349235534668,23672700.0
2017-01-26,57.42900500591404,57.8051758716915,56.9184820333703,57.56334686279297,43554600.0
2017-01-27,58.56648040780464,59.03222165752668,58.11865596251893,58.9157829284668,44818000.0
2017-01-30,58.835182413964496,58.924745943381026,58.038055385616616,58.333614349365234,31651400.0
2017-01-31,58.091779573909896,58.35151853632917,57.55439168036489,57.90369415283203,25270500.0
2017-02-01,57.643967181320264,57.87683782249194,56.84684015954025,56.94536209106445,39671500.0
2017-02-02,56.64977853377937,56.793082184709554,56.201954197543955,56.578125,45827000.0
2017-02-03,56.87370647438228,57.05283694187946,56.48857716508367,57.0349235534668,30301800.0
2017-02-06,56.873713228991406,57.0080619497276,56.55127903252847,56.99910354614258,19796400.0
2017-02-07,57.0886646681361,57.124488028927715,56.63188179759014,56.811012268066406,20277200.0
2017-02-08,56.93641040310022,57.15136768056157,56.622934599125344,56.730411529541016,18096400.0
2017-02-09,56.89161543116154,57.71561415081051,56.71248497761792,57.37526321411133,22644400.0
2017-02-10,57.545449271798134,57.59023445589719,57.303623627508614,57.321537017822266,18170700.0
2017-02-13,57.53648943760411,58.091794273629354,57.43796750164383,57.96640396118164,22920100.0
2017-02-14,58.03849011276503,58.31782234714602,57.68706304815286,58.18265914916992,23108400.0
2017-02-15,58.1195866234827,58.18266186886182,57.81322311012299,58.1466178894043,17005200.0
2017-02-16,58.33583837690559,58.78637776755911,58.0655188673248,58.13759994506836,20546300.0
2017-02-17,58.09254753777698,58.290785960765575,57.939365801716775,58.22771072387695,21248800.0
2017-02-21,58.21870092948075,58.52506441695611,58.07452502383194,58.11056900024414,20655900.0
2017-02-22,57.966392201898444,58.02045472192969,57.71409127550642,57.99342346191406,19292700.0
2017-02-23,58.04749085084858,58.32682993537125,57.84024659022248,58.22771072387695,20273100.0
2017-02-24,58.14661006234288,58.38990517225988,57.79518990329408,58.22771072387695,21796800.0
2017-02-27,58.15561390551855,58.15561390551855,57.714087314634135,57.87628173828125,15871500.0
2017-02-28,57.74113381129886,57.849258872476184,57.45278541967302,57.651023864746094,23239800.0
2017-03-01,57.786177600551966,58.561105873353505,57.68705838835512,58.516056060791016,26937500.0
2017-03-02,58.29079251205867,58.34485504270065,57.56091741230496,57.67805862426758,24539600.0
2017-03-03,57.66002723447419,57.92133744377534,57.326625642269995,57.89430618286133,18135900.0
2017-03-06,57.64201491298888,58.17364813259703,57.49784243503651,57.91233444213867,18750300.0
2017-03-07,57.84024664024469,58.37187979809642,57.84024664024469,58.02947235107422,18521000.0
2017-03-08,57.903316436175515,58.64220066008693,57.894303724691895,58.561100006103516,21510900.0
2017-03-09,58.74131185971595,58.750317695288075,58.101546925229144,58.32681655883789,19846800.0
2017-03-10,58.66924020202839,58.80440339462497,58.34485128967082,58.50704574584961,19538200.0
2017-03-13,58.579129926134236,58.74132437186798,58.18265308663282,58.30880355834961,20100000.0
2017-03-14,58.14660771077463,58.164633134691094,57.804200277896214,58.038482666015625,14280200.0
2017-03-15,58.16463563401381,58.49803036925991,57.89430926113055,58.3448486328125,24833800.0
2017-03-16,58.34485821117135,58.35387092499646,57.939375459964396,58.2457389831543,20674300.0
2017-03-17,58.48901256473429,58.786363264445576,58.28176147130271,58.45296859741211,49219700.0
2017-03-20,58.48902719502332,58.73231544194872,58.31782002608862,58.50704574584961,14598100.0
2017-03-21,58.74132511090839,59.020657319697776,57.786176974154834,57.8582649230957,26640500.0
2017-03-22,57.77716706191838,58.6962642846986,57.77716706191838,58.597145080566406,20680000.0
2017-03-23,58.516043821554966,58.786363264445576,58.36285524176474,58.45296859741211,19269200.0
2017-03-24,58.89450091682674,58.97559469520671,58.353855103573444,58.552093505859375,22617100.0
2017-03-27,58.23672059167979,58.76836066054814,57.984419626665265,58.66022872924805,18614700.0
2017-03-28,58.53407850087455,58.993630617538045,58.25474627049367,58.83143615722656,20080400.0
2017-03-29,58.67824187122842,59.02064926996939,58.52505328195091,58.99361801147461,13618400.0
2017-03-30,58.94857477539691,59.45318358956236,58.894512246077184,59.20988845825195,15122800.0
2017-03-31,59.15580987701998,59.64239313292075,58.975590037047134,59.345035552978516,21040300.0
2017-04-03,59.30000280838143,59.41714747031551,58.74133826569295,59.06572723388672,20400900.0
2017-04-04,58.92155771402386,59.3000092598609,58.82243846992071,59.227928161621094,12997400.0
2017-04-05,59.74151781781222,59.78656762593355,58.966589621405674,59.07471466064453,21448600.0
2017-04-06,59.11078348694238,59.525279019243065,59.002658402238936,59.227928161621094,18103500.0
2017-04-07,59.336023965502264,59.435143160692604,58.966585317261604,59.18284225463867,14108500.0
2017-04-10,59.11979075559255,59.30901651107792,58.89452101696422,59.04770278930664,17952700.0
2017-04-11,59.110776286131376,59.11978900032124,58.43496709031123,59.00265121459961,18791500.0
2017-04-12,58.94856309062545,59.02966374321511,58.66923091159494,58.77736282348633,17108500.0
2017-04-13,58.83142907881395,59.345043662222864,58.52505874633789,58.52505874633789,17896500.0
2017-04-17,58.6061742864854,59.01165705410283,58.57914301860245,59.00265121459961,16689300.0
2017-04-18,58.86748821476976,59.20989573367777,58.71430644641775,58.92155075073242,15155600.0
2017-04-19,59.155829316139766,59.245935828393996,58.47100744857242,58.606170654296875,26992800.0
2017-04-20,58.98460498693593,59.24591860880379,58.696260106716956,59.02064895629883,22299500.0
2017-04-21,59.17382509974368,60.10193488074692,58.97558672425103,59.83161544799805,32522600.0
2017-04-24,60.80479226240989,60.96698669956027,60.462377964712,60.8498420715332,29770000.0
2017-04-25,61.18324869223653,61.3093991676582,60.912922316512784,61.20126724243164,30242700.0
2017-04-26,61.345451757195136,61.55269604962511,60.930956297648905,61.120182037353516,26190800.0
2017-04-27,61.408510857480195,61.61575509541896,60.894896306274624,61.51663589477539,34971000.0
2017-04-28,62.09334051808877,62.300584782619865,60.994023333300156,61.68785095214844,39548800.0
2017-05-01,61.88608616387282,62.6700271175499,61.723891720859804,62.54387664794922,31954400.0
2017-05-02,62.81420958888547,62.81420958888547,62.29158217450753,62.44477081298828,23906100.0
2017-05-03,62.516848155752925,62.516848155752925,61.913126976007234,62.24652862548828,28928000.0
2017-05-04,62.20147331469013,62.24653000807805,61.85005310526029,62.00323486328125,21749400.0
2017-05-05,62.08433196964957,62.2014697411678,61.71488635421501,62.1744384765625,19128800.0
2017-05-08,62.14740785179767,62.21949580794451,61.651811746645414,62.12037658691406,18566100.0
2017-05-09,62.0482852810967,62.426736718408186,61.88609082586528,62.210479736328125,22858400.0
2017-05-10,62.165420944559536,62.67903555630352,62.10234570714134,62.453765869140625,17977800.0
2017-05-11,61.597744451279034,61.93114606664971,61.3814874742554,61.68785095214844,28789400.0
2017-05-12,61.82301193504469,61.82301193504469,61.3093973362602,61.615760803222656,18714100.0
2017-05-15,61.39949874411392,61.70586906036447,60.88588418790626,61.66081237792969,31530300.0
2017-05-16,61.83298774834675,62.92954138874908,61.76955098945036,62.9023551940918,34956000.0
2017-05-17,62.431127964062455,62.6214383114453,61.108012991240685,61.15332794189453,30548800.0
2017-05-18,61.080825855473265,61.74237987475519,60.84520056102804,61.361759185791016,25201300.0
2017-05-19,61.17146987510741,61.715214891178654,61.10803307180065,61.343658447265625,26961100.0
2017-05-22,61.52489623603985,62.07770555395425,61.17146167725419,62.03239059448242,16237600.0
2017-05-23,62.27707241854266,62.30425862514268,61.96894594419635,62.240821838378906,15425800.0
2017-05-24,62.41300997280252,62.42206743221805,62.03238234052439,62.32238006591797,14593900.0
2017-05-25,62.50362972044991,63.32830790037161,62.44925731041508,63.092689514160156,21854100.0
2017-05-26,63.25579581099957,63.63641640203448,63.00204183622078,63.40079116821289,19827900.0
2017-05-30,63.24673932329447,63.808612823486335,63.2286105800778,63.80861282348633,17072800.0
2017-05-31,63.917367406301864,64.10767775465771,63.264870832458506,63.292057037353516,30436400.0
2017-06-01,63.65454535852027,63.989857962896515,62.93861212047775,63.527671813964844,21603600.0
2017-06-02,63.835809656208,65.12267407533346,63.65455676430176,65.03205108642578,34770300.0
2017-06-05,65.22237015046085,66.05611282233725,65.07736781756489,65.50330352783203,33316800.0
2017-06-06,65.52141164512791,65.81140930551366,65.49421853070363,65.72077941894531,31511100.0
2017-06-07,65.82955015046537,65.94735935731016,65.20423970577711,65.60298919677734,22301800.0
2017-06-08,65.71172474555598,65.72078220332487,64.79641678233585,65.2042236328125,24588300.0
2017-06-09,65.2858143545723,65.32206494191186,62.15926860893685,63.727073669433594,49187400.0
2017-06-12,62.75738944539177,63.38269994262792,61.74239379850142,63.23769760131836,47761700.0
2017-06-13,63.45519261423898,64.18019047449377,63.40082019465208,64.02613067626953,25258600.0
2017-06-14,64.2617421183351,64.43392371448194,62.92049844119852,63.681739807128906,25510700.0
2017-06-15,62.77549759505646,63.627368879299574,62.349568867025575,63.346435546875,26068700.0
2017-06-16,63.192378544105196,63.464247515549815,62.73019230433108,63.43706130981445,48345100.0
2017-06-19,63.89017413255338,64.2889235311377,63.754236209027816,64.2254867553711,23798300.0
2017-06-20,64.18016583164002,64.22548077329117,63.319237252983285,63.35548782348633,21512200.0
2017-06-21,63.6273673993026,63.99893062369043,63.38268464999369,63.681739807128906,19891100.0
2017-06-22,63.926446162844016,63.97175420983316,63.17426205908254,63.672698974609375,22965700.0
2017-06-23,63.51861213735529,64.56985805747534,63.364552381020836,64.53360748291016,27617300.0
2017-06-26,64.70581597024702,64.98674936729074,63.835822654224756,63.917381286621094,19607000.0
2017-06-27,63.53675500964293,63.60019180071521,62.693947977344564,62.721134185791016,25215100.0
2017-06-28,62.72110730319985,63.29203817814643,62.34048671990213,63.255794525146484,25806200.0
2017-06-29,62.87517498040822,62.97486232398858,61.706119971766334,62.06861877441406,28918700.0
2017-06-30,62.33143496870602,62.875179756940284,62.29518439427839,62.46737289428711,24161100.0
2017-07-03,62.8298636397471,63.074546343036076,61.642679950797636,61.77861785888672,16165500.0
2017-07-05,61.86019769374596,62.92956555006647,61.82394711558872,62.60331726074219,21176300.0
2017-07-06,61.8692260857551,62.33141209750534,61.73329512414112,62.1411018371582,21117600.0
2017-07-07,62.25894565422969,63.29206302248007,62.25894565422969,62.94769287109375,16878300.0
2017-07-10,62.94768708338853,63.66362044189216,62.712061783530054,63.41893768310547,15014500.0
2017-07-11,63.437054331995206,64.05330027921248,63.21049342366665,63.4279899597168,17460000.0
2017-07-12,64.06236156652692,64.59704196567112,63.93548801709982,64.47923278808594,17750900.0
2017-07-13,64.7964092200339,65.28578153194582,64.62422074526236,65.04109191894531,20269800.0
2017-07-14,65.46701056586384,66.40044000884662,65.21326356164569,65.95638275146484,25868100.0
2017-07-17,65.97453920579902,66.56359203559973,65.90203805582378,66.47296905517578,21803900.0
2017-07-18,66.23733323473697,66.50920904683656,65.84765517233086,66.42765045166016,26435300.0
2017-07-19,66.60893227936268,67.09830485641241,66.56361731489605,66.9351806640625,22416200.0
2017-07-20,67.22517061908668,67.33392237266646,66.40954975246846,67.26142120361328,42361000.0
2017-07-21,66.5636233028423,67.32487190698673,66.3098760728253,66.87174987792969,46717100.0
2017-07-24,66.63608715381763,66.83546184115745,66.27358835084428,66.69952392578125,21394800.0
2017-07-25,66.88078792172882,67.34296723124756,66.60891204570191,67.23422241210938,22018700.0
2017-07-26,67.37015781651482,67.40640839661484,66.88984972984908,67.10735321044922,16252200.0
2017-07-27,66.84454907154415,67.44266642401317,65.53955570020526,66.3008041381836,36844200.0
2017-07-28,65.85672683769127,66.43672224215486,65.73891764787824,66.1920394897461,18306700.0
2017-07-31,66.42767055093125,66.55454412454257,65.62111415550585,65.88391876220703,23600100.0
2017-08-01,66.24642842223358,66.53642619680008,65.69361908413927,65.77518463134766,22132300.0
2017-08-02,65.7479952667425,65.75705272725942,64.74206402200623,65.48518371582031,26499200.0
2017-08-03,65.42174863216637,65.6483096046683,65.11362211423581,65.385498046875,18214400.0
2017-08-04,65.61204419518425,66.19203960061935,65.46704188678017,65.86579132080078,22579000.0
2017-08-07,65.97454415104369,66.06516713826043,65.48517172316433,65.61204528808594,18705700.0
2017-08-08,65.33109472183784,66.27358885104621,65.02297523114319,65.96546936035156,22044600.0
2017-08-09,65.47610897832439,65.71173428221952,65.29486299938408,65.67548370361328,22213400.0
2017-08-10,65.15893180180358,65.42174333833053,64.66049493699528,64.71487426757812,24734500.0
2017-08-11,64.89611090889908,65.88391320789555,64.59704883313128,65.70266723632812,21443700.0
2017-08-14,66.21016737383432,66.80829157854099,66.11048000638321,66.69047546386719,20096600.0
2017-08-15,67.0457789890761,67.0457789890761,66.54469360562996,66.70868682861328,19181400.0
2017-08-16,66.81801918254338,67.51043586993262,66.66313860603977,67.10045623779297,18150400.0
2017-08-17,67.03668954580021,67.30090129978795,65.96162414550781,65.96162414550781,22977500.0
2017-08-18,65.84318026629612,66.36249110622053,65.53341907623854,66.04361724853516,18761500.0
2017-08-21,66.0253990075355,66.03451167518308,65.32386956817602,65.73385620117188,17734800.0
2017-08-22,65.9160869904426,66.72694087332819,65.9160869904426,66.65406036376953,14343700.0
2017-08-23,66.47181390841338,66.64491981693564,66.08005266081369,66.25315856933594,13766500.0
2017-08-24,66.27137951043908,66.38071065966356,65.66096290019073,66.225830078125,17098300.0
2017-08-25,66.38072778342648,66.82715126046286,66.03452281463316,66.34428405761719,12794300.0
2017-08-28,66.56293627941099,66.59026733472886,66.09829443714779,66.3533935546875,14569700.0
2017-08-29,65.82494221817457,66.65402095141576,65.64273062562296,66.55380249023438,11478400.0
2017-08-30,66.51737186488069,67.61065553708232,66.35337861895763,67.4284439086914,16897800.0
2017-08-31,67.44665828327739,68.29395551170954,67.23711561817228,68.120849609375,27652800.0
2017-09-01,68.06619993080908,68.0935309833365,67.09135300206717,67.36467742919922,21736200.0
2017-09-05,66.81804009129817,67.31913264376266,66.49006045351156,67.06403350830078,21556000.0
2017-09-06,67.18245711148896,67.45578153163974,66.82713953585018,66.87269592285156,16535800.0
2017-09-07,67.12779149739795,67.96597614733219,67.05490406237887,67.72909545898438,17471200.0
2017-09-08,67.71997392375205,67.82019238576065,67.27354370174038,67.4011001586914,14703800.0
2017-09-11,67.70175356915978,68.2757333393772,67.70175356915978,68.11174011230469,17910400.0
2017-09-12,68.11173629621888,68.54904690995959,67.75641881595696,68.03884887695312,14394900.0
2017-09-13,68.26661425004436,68.53993858642197,67.92040944810245,68.52171325683594,13380800.0
2017-09-14,68.33039922540775,68.77682255408733,67.89308161195697,68.120849609375,15733900.0
2017-09-15,68.17552802250881,68.68572618252811,67.48311126896219,68.61283874511719,38578400.0
2017-09-18,68.53996343448638,69.2141549041281,68.36685749529533,68.47618865966797,23307000.0
2017-09-19,68.5217202304198,68.97725620345884,68.33950862157512,68.73126983642578,16093300.0
2017-09-20,68.64927750276016,68.83149608311913,67.7017617376778,68.27574157714844,21587900.0
2017-09-21,68.43061526054233,68.54905211264304,67.5195433033533,67.61064910888672,19186100.0
2017-09-22,67.41021405243934,67.88397537595385,67.28266453093796,67.7928695678711,14111400.0
2017-09-25,67.50132459160535,67.64709945549703,66.43537196537784,66.7451400756836,24149200.0
2017-09-26,67.11867600028185,67.24622553072301,66.49914673059843,66.7451400756836,18019600.0
2017-09-27,67.00935922310867,67.57421950591457,66.66314735849463,67.28267669677734,19565100.0
2017-09-28,67.00024024237528,67.39200150688988,66.7906906098045,67.30089569091797,10883800.0
2017-09-29,67.3646980230507,67.91134009349814,67.31002895035422,67.86578369140625,17079100.0
2017-10-02,68.06619584679011,68.33952025752251,67.69265989977956,67.97509002685547,15304800.0
2017-10-03,68.02974777613935,68.22107207103984,67.5924370880605,67.65621185302734,12190400.0
2017-10-04,67.50133241022351,68.07531231462043,67.15512749477233,68.04798126220703,13317700.0
2017-10-05,68.53084539095639,69.35081168211163,68.29396469552741,69.21414947509766,21195300.0
2017-10-06,68.94082251217945,69.26880901651518,68.82238564430813,69.2414779663086,13959800.0
2017-10-09,69.2141563309735,69.74257987660759,69.11393783263154,69.50569915771484,11386500.0
2017-10-10,69.54214287992367,69.81546037009596,69.36903693716405,69.50569915771484,13944500.0
2017-10-11,69.56947576912735,69.66058160158819,69.19593281982957,69.62413787841797,15388900.0
2017-10-12,69.68790669451367,70.41676719370622,69.578582485285,70.26188659667969,16876500.0
2017-10-13,70.69008959566648,70.94519565381808,70.41677210261237,70.59898376464844,15335700.0
2017-10-16,70.53522415251618,70.89054183552837,70.4714493619994,70.7447738647461,12380100.0
2017-10-17,70.5807621528929,70.71742436863843,70.38032516325666,70.6900863647461,16824000.0
2017-10-18,70.7629674599107,70.92696071391107,70.48965000386237,70.70830535888672,13300700.0
2017-10-19,70.67187549141428,70.99986206369341,70.47143848047374,70.98164367675781,15092800.0
2017-10-20,71.35515900118887,71.94735719335982,71.26405319106897,71.80158233642578,22866400.0
2017-10-23,71.96558451346678,72.28445836395589,71.75604181925765,71.81981658935547,20627200.0
2017-10-24,71.88360406455672,72.15692157717132,71.4827300382728,71.84716033935547,17517200.0
2017-10-25,71.59202382267296,72.06577810099631,71.07271317390882,71.6375732421875,20410800.0
2017-10-26,72.15690181664888,72.35733877490019,71.746922184537,71.75603485107422,32120700.0
2017-10-27,76.86713090319921,78.5343870282656,76.17471438322103,76.35692596435547,71066700.0
2017-10-30,76.25669609909384,76.83067570054217,75.71916714952978,76.42980194091797,31756700.0
2017-10-31,76.85804728983037,76.85804728983037,75.71920709996319,75.7829818725586,27086600.0
2017-11-01,76.23851794850546,76.31140538887989,75.5096574466189,75.7829818725586,22307400.0
2017-11-02,75.93785270493375,76.94914321956327,75.7283100294645,76.57560729980469,23992900.0
2017-11-03,76.60293830507605,77.02203060670391,75.98340904377228,76.65760040283203,17633500.0
2017-11-06,76.71228143882142,77.16781756838908,76.6029572163202,76.9582748413086,19860900.0
2017-11-07,77.23155980234638,77.3500035947156,76.46626276362275,76.7760238647461,17939700.0
2017-11-08,76.6575964895383,77.08580143590872,76.37516639764618,77.04024505615234,18034200.0
2017-11-09,76.63028588401042,76.77605382644623,75.52788931892087,76.612060546875,21178400.0
2017-11-10,76.33871841180087,76.62114848788706,75.82852035153492,76.41160583496094,19397800.0
2017-11-13,76.22029928386748,76.47539837331196,76.03808068360081,76.4662857055664,14196900.0
2017-11-14,76.07451490032952,76.62115673098461,75.6007605006759,76.57560729980469,18801300.0
2017-11-15,76.42911893339934,76.63056255645803,75.71491480498247,75.98045349121094,19383100.0
2017-11-16,76.09032139409061,76.38332837450312,75.94382139680309,76.181884765625,20962800.0
2017-11-17,76.10860801067547,76.10860801067547,75.30283389541643,75.4493408203125,22079000.0
2017-11-20,75.44935061063597,75.62331887423086,75.3120020971822,75.5683822631836,16315000.0
2017-11-21,75.76065965608316,76.76787034222932,75.76065965608316,76.65799713134766,21237500.0
2017-11-22,76.75873943087649,76.82283448298064,76.03537699379429,76.09947204589844,20553100.0
2017-11-24,76.00790452043984,76.39247481200017,75.79730251172649,76.23681640625,7425600.0
2017-11-27,76.28258941073238,76.89607853227055,76.27343796572373,76.79535675048828,18265200.0
2017-11-28,76.97849671541371,77.88498592180228,76.93271153913831,77.72016906738281,21926000.0
2017-11-29,77.56449817209375,77.75678330702189,76.16355862773445,76.31005859375,27381100.0
2017-11-30,76.4657444854912,77.39054367021019,76.31007906093882,77.070068359375,33054600.0
2017-12-01,76.54813507391819,77.65606778980457,76.20019151395077,77.1524658203125,29532100.0
2017-12-04,77.29895107140239,77.30810950134621,73.89274165915832,74.24069213867188,39094900.0
2017-12-05,74.47874504452379,75.70571600999445,74.14911845669928,74.70765686035156,26152300.0
2017-12-06,74.67105968392306,76.12693591937209,74.56117946421817,75.79730224609375,26162100.0
2017-12-07,75.57754633928354,75.81561664799824,75.08309584541583,75.5317611694336,23184500.0
2017-12-08,76.5755987785424,77.4454681049092,76.30090871692876,77.06089782714844,24489100.0
2017-12-11,77.1799686002386,78.16887008918906,77.02431012119258,78.04067993164062,22857900.0
2017-12-12,78.11387816026986,78.79146227215834,77.90328316844572,78.3611068725586,23924100.0
2017-12-13,78.50761466129701,78.74568496723204,77.98569586594763,78.1505126953125,22062700.0
2017-12-14,78.22375784666829,78.62664493908962,77.3996737875498,77.54618072509766,19306000.0
2017-12-15,78.06811808236097,79.74374791869347,77.72016751562418,79.52399444580078,53936700.0
2017-12-18,79.77121979905746,80.11916336505594,78.95629401055412,79.09363555908203,22283800.0
2017-12-19,79.06615280762212,79.06615280762212,78.07725192382797,78.59001922607422,23524800.0
2017-12-20,78.92882353407154,79.02039388646325,77.5645105106474,78.30618286132812,23674900.0
2017-12-21,78.79147362649,78.837251811997,78.19630132820825,78.2878646850586,17990700.0
2017-12-22,78.19629817427229,78.40689318795039,77.75678429894691,78.2970199584961,14145800.0
2017-12-26,78.11390002823771,78.31534363217511,77.85751979989458,78.1963119506836,9891200.0
2017-12-27,78.42521169954709,78.72737705857377,78.03148298543736,78.48014831542969,14678000.0
2017-12-28,78.65411277030496,78.68158107447114,78.33363757864083,78.48929595947266,10594300.0
2017-12-29,78.4068983357041,78.79147562155148,78.2878666673683,78.32449340820312,18717400.0
2018-01-02,78.86472988196773,79.02954673903314,78.28787437515744,78.69991302490234,22483800.0
2018-01-03,78.80061588598394,79.21266142253118,78.7182109701758,79.06615447998047,26061400.0
2018-01-04,79.28590624648834,80.2656556861351,79.26759637197095,79.76204681396484,21912000.0
2018-01-05,80.26564645949477,80.95238194123925,80.05504450465926,80.75093841552734,23407100.0
2018-01-08,80.76009766685192,81.10804814884374,80.2107106255075,80.8333511352539,22113000.0
2018-01-09,81.17215584579088,81.24540932561654,80.44879345064436,80.77842712402344,19484300.0
2018-01-10,80.44880478462373,80.75097019209767,80.03676612776825,80.41217803955078,18652200.0
2018-01-11,80.69601622319637,80.69601622319637,79.88109046098184,80.65023803710938,17808900.0
2018-01-12,81.19045506613674,82.2068242613455,80.98901151597495,82.04200744628906,24271500.0
2018-01-16,82.49983639508031,83.131635390555,80.58613651869443,80.89745330810547,36599700.0
2018-01-17,81.56588435117158,82.66465860229602,81.26371898706964,82.53646850585938,25621200.0
2018-01-18,82.22512690748006,83.02173555434614,82.09693684968933,82.49981689453125,24159700.0
2018-01-19,82.53646951695232,82.96682498276286,82.096962605453,82.40827941894531,36875000.0
2018-01-22,82.4082686279732,83.89161997817749,82.17019834034734,83.88246154785156,23601600.0
2018-01-23,84.14800262451172,84.51426300417002,83.81836898140281,84.14800262451172,23412800.0
2018-01-24,84.74318624355053,85.54895359829072,83.85500697405287,84.07476043701172,33277500.0
2018-01-25,84.669922875332,85.37496835518543,84.17547240202465,84.54173278808594,26383200.0
2018-01-26,85.26508963892228,86.12579345703125,84.77063919745439,86.12579345703125,29172200.0
2018-01-29,87.11471080192887,87.39855931821482,85.81449290598047,85.99761962890625,31569900.0
2018-01-30,85.42991211115469,85.75954576063309,84.33113095094811,84.91714477539062,38635100.0
2018-01-31,85.84194875658378,87.35276845186678,85.62219532380091,86.99566650390625,48756300.0
2018-02-01,86.79423681224651,87.96626462210679,85.68630405493057,86.30894470214844,47227900.0
2018-02-02,85.74123672977026,86.04340210036129,83.78175151548805,84.03813171386719,47867800.0
2018-02-05,82.92102812119992,85.37496348627676,80.57697296142578,80.57697296142578,51031500.0
2018-02-06,79.56060645623306,83.76343188883662,78.05894519550313,83.62608337402344,67998600.0
2018-02-07,82.8569453121726,84.02897306506873,81.67575912769047,82.05117797851562,41107600.0
2018-02-08,82.14274372076396,82.29840213306117,77.61029098542112,77.83920288085938,55628700.0
2018-02-09,79.02036864880493,81.42851865067448,76.75871858946599,80.74178314208984,63499100.0
2018-02-12,81.25457702386579,82.20685149456543,80.51290460333072,81.61167907714844,35720300.0
2018-02-13,81.4285478382566,82.40829056892028,80.39386848268161,82.25263214111328,26407700.0
2018-02-14,81.42464984525692,83.70611836699298,81.33265639204429,83.54052734375,34960900.0
2018-02-15,83.9085096103449,85.297633939161,83.36574331405193,85.24243927001953,27823900.0
2018-02-16,85.04928155118503,86.01523080079451,84.45132032096886,84.63530731201172,30596900.0
2018-02-20,84.15690360557682,85.61041710412444,83.72452662728915,85.29763793945312,30911700.0
2018-02-21,85.53682808253387,85.88640604084682,84.16609954833984,84.16609954833984,26922500.0
2018-02-22,84.68127751846801,85.30684289213622,84.0465106929168,84.38689422607422,24392800.0
2018-02-23,86.10720465124793,86.53958170207245,84.96647012599861,86.53038024902344,26329200.0
2018-02-26,86.84317984377451,87.80912200294318,86.70518610142089,87.78152465820312,30199800.0
2018-02-27,88.07590952634641,88.16790301659063,86.65918731689453,86.65918731689453,25869100.0
2018-02-28,87.24793279635567,88.04829070543867,86.13479569300105,86.26358795166016,31167300.0
2018-03-01,86.46598501920263,86.99955700318941,84.48809371211529,85.41724395751953,37135600.0
2018-03-02,84.24889362585161,85.69321263259148,83.58652951752363,85.6012191772461,32830400.0
2018-03-05,84.94807610124526,86.72357771811313,84.87448552511593,86.14401245117188,23901600.0
2018-03-06,86.78794621490964,86.92593990650897,85.50002380971777,85.84960174560547,22175800.0
2018-03-07,85.70242845644385,86.4199873545871,85.03086278436122,86.34638977050781,26716100.0
2018-03-08,86.72356289223991,87.4871220156022,86.26358853146529,86.87075805664062,25887800.0
2018-03-09,87.66190805492415,88.81184387207031,87.3951221031081,88.81184387207031,36937300.0
2018-03-12,88.77506203367325,89.42822486028373,88.3518864144039,89.02344512939453,26073700.0
2018-03-13,89.23501960643607,89.45580531859048,86.44757630253882,86.85235595703125,35387800.0
2018-03-14,87.50551983015717,87.77230578612534,86.01520046122678,86.3371810913086,32132000.0
2018-03-15,86.0428094688316,87.00875850874635,85.39884812132331,86.64077758789062,27611000.0
2018-03-16,87.10072769433042,87.7446888622559,86.40156484154681,87.02713012695312,49081300.0
2018-03-19,86.23599557668159,86.3831907485651,84.73648161104192,85.45404052734375,33344100.0
2018-03-20,85.60123700726943,86.26359423491014,85.55523676068991,85.6748275756836,23075200.0
2018-03-21,85.49083262637478,86.5211776929269,84.82846844206638,85.07685852050781,24457100.0
2018-03-22,83.96370814868757,84.40528657812015,82.48259731548386,82.60218811035156,38604700.0
2018-03-23,82.33541458513045,83.21856455855394,80.10914025512633,80.20113372802734,44068900.0
2018-03-26,83.35657538634487,86.47520178276287,83.16338694800478,86.27281188964844,56396800.0
2018-03-27,87.33994441879172,87.52393137786285,81.42467314403622,82.30782318115234,56569000.0
2018-03-28,82.62980834170733,83.92693963492772,81.75585971083261,82.2342300415039,52501100.0
2018-03-29,82.96099650232745,84.90208934622753,81.32348849607698,83.96373748779297,45867500.0
2018-04-02,83.22777286135134,83.60494823688387,80.50472513118372,81.43386840820312,48515400.0
2018-04-03,82.40901940608649,82.84139648719949,80.85430360854896,82.52861022949219,37213800.0
2018-04-04,80.8174996320592,85.33445155065061,80.707110269423,84.93887329101562,35560000.0
2018-04-05,85.04006497911713,85.61963016683214,84.08331743369332,84.98486328125,29771900.0
2018-04-06,84.16610356089251,85.05845491188343,82.31701175010156,83.00697326660156,38026000.0
2018-04-09,83.75212847679377,85.7116166339721,83.36575171655885,83.50373840332031,31533900.0
2018-04-10,84.99408172245018,85.81283571483505,84.30412001974473,85.44485473632812,26812000.0
2018-04-11,84.64448633077768,85.82201960609693,84.15691461696443,84.5064926147461,24872100.0
2018-04-12,85.03087121630813,86.62238579124602,85.03087121630813,86.08881378173828,26758900.0
2018-04-13,86.5211890610759,86.64077988059141,85.04007090396094,85.62883758544922,23346100.0
2018-04-16,86.5395906833997,87.08236417118624,85.94162250889526,86.63158416748047,20288100.0
2018-04-17,87.39514109138541,88.81186316815777,87.2847447022392,88.37948608398438,26771000.0
2018-04-18,88.51747403404606,88.97744843079862,87.87350566740112,88.71986389160156,21043300.0
2018-04-19,88.71984448555393,89.29940957197672,87.70789541912416,88.416259765625,23552500.0
2018-04-20,88.23227532474374,88.41626224089046,86.5211703337055,87.3951187133789,31154400.0
2018-04-23,88.07588912206826,88.58186372917395,87.0547454740199,87.71710968017578,22331800.0
2018-04-24,88.53588566834979,88.74747701669577,85.0124864967432,85.6656494140625,34524800.0
2018-04-25,85.83121784250085,85.83121784250085,83.05296879516607,84.92046356201172,33729300.0
2018-04-26,86.0612003884585,87.53311684821938,85.64721927816082,86.71436309814453,42529000.0
2018-04-27,89.78701357693828,90.06300106159428,86.39240682012796,88.14950561523438,48272800.0
2018-04-30,88.618652630119,88.68304875304986,85.69321572519416,86.0335922241211,41523600.0
2018-05-01,85.74840984485714,87.66190465484735,85.36203310975843,87.3951187133789,31408900.0
2018-05-02,87.38594985332813,87.5515409470792,85.73004593447087,86.02442932128906,27471000.0
2018-05-03,85.51840743588627,87.3307070131291,85.04923175915572,86.53955078125,31142500.0
2018-05-04,85.84961102101974,87.7355086331162,85.48163014321415,87.54232025146484,22531300.0
2018-05-07,87.55153739480072,88.96825957971105,87.48714125087994,88.51748657226562,24242000.0
2018-05-08,88.17710336479632,88.46229230522438,87.45034286927533,88.14030456542969,23484600.0
2018-05-09,88.32429496812225,89.20744506102379,87.44114487522069,89.17984771728516,27327400.0
2018-05-10,89.6582005703413,90.10897347370249,89.28102524836812,90.07218170166016,22388100.0
2018-05-11,89.9709906633697,90.03538679519943,89.27182764732414,89.87899017333984,16778300.0
2018-05-14,90.08137649098768,90.78974093200358,89.52020721332894,90.18257141113281,19454100.0
2018-05-15,89.4557984858152,90.01696768444354,88.62784335516265,89.5293960571289,24594000.0
2018-05-16,89.95443225728631,89.99139055251511,89.27072141823857,89.76040649414062,17384700.0
2018-05-17,89.4000738667833,90.12074301669676,88.54081286902321,88.86418914794922,17246700.0
2018-05-18,88.70713362624286,89.55715340223175,88.70713362624286,89.03050994873047,17865800.0
2018-05-21,89.62181762979566,90.5549952304034,89.43703319658043,90.17617797851562,19422500.0
2018-05-22,90.25007953376581,90.70280625406079,89.80658709924094,90.08377075195312,15441200.0
2018-05-23,89.35385333447184,91.22020807757163,88.9935188437979,91.15553283691406,21251200.0
2018-05-24,91.22021949127985,91.41424523752954,89.4462567201463,90.83216094970703,26649300.0
2018-05-25,90.8229077728557,91.45118450820814,90.41637369437119,90.87834167480469,18363900.0
2018-05-29,90.39790292567625,91.35879729733769,89.83430840051433,90.55497741699219,28671000.0
2018-05-30,90.83215103398845,91.70065317873973,90.46258225237509,91.42346954345703,22158500.0
2018-05-31,91.73762917085848,92.38438171256918,91.10935225216495,91.32185363769531,34140900.0
2018-06-01,91.7284044800973,93.18822568094627,91.62677091237519,93.12355041503906,28655600.0
2018-06-04,93.55777432557065,94.11213459273701,93.17895712941178,93.93658447265625,27281600.0
2018-06-05,94.24148783866029,94.54638846168065,93.80723671782648,94.41703796386719,23514400.0
2018-06-06,94.68499483833826,94.79586268259419,94.14911009418613,94.69422912597656,21122900.0
2018-06-07,94.84205906468503,94.87901736119444,92.74471979448978,93.2066879272461,28232200.0
2018-06-08,93.40072408895378,94.19530992962683,92.89256331582804,93.89965057373047,22165100.0
2018-06-11,93.32678835281408,93.86266593879012,93.01264641020583,93.3637466430664,23490900.0
2018-06-12,93.40994763417261,93.73332389167138,93.08657137667386,93.60397338867188,18325200.0
2018-06-13,93.98278972492905,94.25073206406556,92.91102036838303,93.17896270751953,29492900.0
2018-06-14,93.91811297365105,94.26920618014844,93.31755305408234,93.70560455322266,25691800.0
2018-06-15,93.78875396004607,93.80722958015357,92.45828374197173,92.51371765136719,65738600.0
2018-06-18,92.40288027135885,93.41920888981478,91.85775413613077,93.18822479248047,23586000.0
2018-06-19,92.07026260727143,93.31757532306166,91.9316707390558,93.18822479248047,28653100.0
2018-06-20,93.65941556485551,94.7219365605108,93.42843151378717,94.12138366699219,26180800.0
2018-06-21,94.31540933031489,94.66650254992344,93.20668165684391,93.44690704345703,23198200.0
2018-06-22,92.77242279052734,93.10503328562655,92.05174674543974,92.77242279052734,38923100.0
2018-06-25,92.39360449075826,92.49523801962391,89.89897998913683,90.90606689453125,35433300.0
2018-06-26,91.3033613810541,92.46752279312074,91.23868613866556,91.54358673095703,26897200.0
2018-06-27,92.00558138535537,92.41210857697321,89.99139990503932,90.1207504272461,31298400.0
2018-06-28,89.97291018392937,91.57132301039738,89.86204234447847,91.1278305053711,26650700.0
2018-06-29,91.40501142315357,92.31047202922775,90.85065109553064,91.1093521118164,28053200.0
2018-07-02,90.63814100010501,92.44905512999027,90.54574878870682,92.40286254882812,19564500.0
2018-07-03,92.83712120091923,92.97570600468215,91.41425847333281,91.5158920288086,14670300.0
2018-07-05,91.93166483923706,92.31971640607699,91.49741363626508,92.17189025878906,18977400.0
2018-07-06,92.29195996414056,93.71482214963495,92.08869293063111,93.46536254882812,19234600.0
2018-07-09,93.91811322939876,94.472473522405,93.54853735103673,94.10289764404297,18212000.0
2018-07-10,94.24148870910155,94.71269812638765,94.11213821009338,94.35236358642578,19293100.0
2018-07-11,93.45616881150357,94.55564834050513,93.40996917160567,94.22303771972656,19644600.0
2018-07-12,94.95292822316713,96.46819020478931,94.91597697521908,96.26492309570312,24335900.0
2018-07-13,96.43121348387548,97.56765094162441,96.17250545414652,97.41058349609375,24635200.0
2018-07-16,97.38287967025181,97.7709311935536,96.56981127963019,96.9301528930664,21786900.0
2018-07-17,96.65300353474547,98.39924305890699,96.3850610880386,97.89107513427734,25901700.0
2018-07-18,97.88178805073196,97.98342158084101,96.7545849343025,97.12416076660156,29493900.0
2018-07-19,96.94860830991279,97.29970146509545,95.98771398885904,96.45892333984375,40171600.0
2018-07-20,99.85903602304926,99.96990386656158,98.01116344104942,98.18670654296875,56004000.0
2018-07-23,98.21439858317743,99.91443742168231,98.0573241075401,99.75736999511719,29707000.0
2018-07-24,100.31176377983412,100.54274785476687,99.10140948289035,99.47098541259766,26316600.0
2018-07-25,99.74813468927375,102.695492931983,99.41551714875793,102.39983367919922,30702100.0
2018-07-26,102.31668721571668,102.55691258831274,101.17100836414636,101.2818832397461,31372100.0
2018-07-27,101.79927339366829,101.79927339366829,98.06657093794757,99.48943328857422,37005300.0
2018-07-30,99.03671947799867,99.35085438957894,96.79155432197865,97.35515594482422,34668300.0
2018-07-31,98.38996435278216,98.60247278121379,97.36439460280648,98.01115417480469,27655200.0
2018-08-01,97.96496167202969,98.35301321401542,97.40135998287572,98.1959457397461,23628700.0
2018-08-02,97.38288498335321,99.86826877454448,96.86547587498092,99.38782501220703,26104300.0
2018-08-03,99.60031693544255,99.83130096632338,98.6948564327975,99.82205963134766,18659600.0
2018-08-06,99.89597048757595,100.17314707930294,99.37856149468786,99.90520477294922,20265900.0
2018-08-07,100.30252334162314,100.80144979383631,99.94218874542608,100.59818267822266,16080200.0
2018-08-08,101.01396279001781,101.40201436505828,100.48731935272721,101.16178894042969,15487500.0
2018-08-09,101.36502988456436,101.78080536392807,101.2633963484359,101.32807159423828,13677200.0
2018-08-10,101.09708926208432,101.34655596370116,100.13619484470937,100.70903778076172,18183700.0
2018-08-13,100.9307790454313,101.24492098947842,99.87749244017135,99.9791259765625,18472500.0
2018-08-14,100.30251941662388,101.40200583583237,99.82207565685319,101.22645568847656,16788300.0
2018-08-15,100.6235724983047,101.08731834805879,99.07466305841409,99.853759765625,29982800.0
2018-08-16,100.4473683432638,100.96676150535366,99.5198765102741,99.83522033691406,21384300.0
2018-08-17,99.57552981473196,100.07637628416549,98.95411194710579,99.77957916259766,18061500.0
2018-08-20,99.71463446505119,100.07635566129031,98.75931914799916,99.12104034423828,17914200.0
2018-08-21,99.16741542923414,99.56623716163527,98.1749995476128,98.29557800292969,22881900.0
2018-08-22,98.17500747835648,99.55696830525315,98.11008333417209,99.29727172851562,18000600.0
2018-08-23,99.38075648343954,100.33607198886041,99.121059888902,99.76102447509766,18167700.0
2018-08-24,99.86303563190242,100.68850272832954,99.76101097268554,100.54010772705078,17234000.0
2018-08-27,101.3470402830387,101.69021484526709,100.64215150967496,101.65311431884766,19662300.0
2018-08-28,101.96843884260409,102.487831925535,101.82931367361901,102.2652359008789,19151500.0
2018-08-29,102.44145941229084,103.9068980534814,102.27451061676027,103.89762115478516,20818000.0
2018-08-30,103.572998458457,104.44484293782575,103.35967932597329,103.83269500732422,22798700.0
2018-08-31,103.59156357753398,104.60252626414608,103.43388459031657,104.1851577758789,23222700.0
2018-09-04,102.81248662520031,103.84200330969874,102.22816921354,103.6101303100586,22634600.0
2018-09-05,102.96085636735191,103.34112428756808,100.26185210361696,100.62357330322266,32872400.0
2018-09-06,100.40099969346308,101.08734172850684,99.71465765841931,100.85546875,23477600.0
2018-09-07,100.3824301395074,100.83689909268796,99.45493843641235,100.36387634277344,22498600.0
2018-09-10,100.94818929690803,101.69018545846832,100.5029972609317,101.44903564453125,20727900.0
2018-09-11,101.0038443353037,103.49879211719734,100.99456743726249,103.1741714477539,24301800.0
2018-09-12,103.35043368265401,103.73997862376089,102.49714274226685,103.6101303100586,18891100.0
2018-09-13,103.99039456221163,105.48365708998983,103.99039456221163,104.72311401367188,26055600.0
2018-09-14,105.14045759891773,105.48363206856341,104.2871669500798,105.14973449707031,19122300.0
2018-09-17,105.44656466832842,105.45583449319228,103.74925265955333,104.00894927978516,20736500.0
2018-09-18,104.0553042784945,105.45581176087673,103.6193820129872,105.0013427734375,22170900.0
2018-09-19,104.85294965516994,105.10336932485845,102.98868917655264,103.600830078125,21728400.0
2018-09-20,104.13877795642809,105.54856945218484,103.81415724233963,105.33524322509766,23714500.0
2018-09-21,105.73405464251586,106.93051979419361,105.27958568723056,105.97520446777344,71229700.0
2018-09-24,104.83437544772885,106.56878730423303,104.08310950871767,106.35546112060547,27334500.0
2018-09-25,106.47606364965542,106.75430694962952,105.50219440924354,106.15143585205078,22668000.0
2018-09-26,106.16997646082729,106.71719316946565,105.49290440355935,105.71550750732422,19352000.0
2018-09-27,106.45750917792628,106.57808764240073,105.91956222802742,106.11434173583984,19091300.0
2018-09-28,105.9102911827507,106.26273552023807,105.43726838218014,106.07723999023438,21647800.0
2018-10-01,106.42968194116186,107.29224958111865,106.41113521905774,107.22732543945312,18883100.0
2018-10-02,106.93980725295837,107.4406465973512,106.14216373973888,106.8006820678711,20787200.0
2018-10-03,107.05110207645035,107.7559978272269,106.59663307485798,106.81922912597656,16648000.0
2018-10-04,106.29982043825036,106.43894560343207,103.53589215921313,104.61178588867188,34821700.0
2018-10-05,104.46338726687355,104.96423363230741,102.61768077151183,103.99964141845703,29068900.0
2018-10-08,103.56373500266335,103.9069024306767,101.4119472913115,102.81246185302734,29640600.0
2018-10-09,103.08142315664477,104.88075925243162,102.76607938689236,104.1202163696289,26198600.0
2018-10-10,103.17418496929493,103.41533481657113,98.1193575329563,98.46253204345703,61376300.0
2018-10-11,97.7112516783709,101.03167374756669,96.64463478085602,98.23065185546875,63904300.0
2018-10-12,101.10589670349029,103.17419973311524,99.35293753171953,101.62528991699219,47742100.0
2018-10-15,101.01312224488908,101.54179221933386,99.19523232540182,99.79810333251953,32068100.0
2018-10-16,101.59744676154816,103.33185887494888,101.05022295148464,102.95158386230469,31610200.0
2018-10-17,103.58229306945582,103.70286446599027,101.60673791958311,102.68262481689453,26548200.0
2018-10-18,102.11684371128545,102.51566546031356,100.01144048115152,100.63285827636719,32506200.0
2018-10-19,101.03167729005055,102.82173666263786,100.36388209336712,100.78125762939453,32785500.0
2018-10-22,101.39339566054694,102.52493670356213,100.39170289366133,101.68091583251953,26545600.0
2018-10-23,99.95576689318347,101.06876106196194,97.48864291002666,100.2618408203125,43770400.0
2018-10-24,100.54939169838526,100.62358566614304,94.2238906868176,94.90096282958984,63897800.0
2018-10-25,98.82424665042417,101.3470182117209,98.45324854322749,100.44735717773438,61646800.0
2018-10-26,98.02661725621614,100.86474009236161,97.1640495406541,99.20452880859375,55523100.0
2018-10-29,100.27112377093836,100.81834045290152,94.26097471006628,96.32000732421875,55162000.0
2018-10-30,96.1438084586021,96.81159664583615,92.85120956435361,96.20873260498047,65350900.0
2018-10-31,97.79472484042078,100.29894954176268,97.74834742601817,99.06538391113281,51062400.0
2018-11-01,99.2879917452405,99.53841139684069,97.87820036406825,98.23992156982422,33384200.0
2018-11-02,98.75932913387359,99.53841884264178,97.3680914457583,98.46253204345703,37680200.0
2018-11-05,98.65729020299234,99.92794924560849,98.22136799156644,99.71463012695312,27922100.0
2018-11-06,99.5940653122492,100.94820246901995,98.57382576412886,99.90941619873047,24340200.0
2018-11-07,101.50469632504758,104.10166890105492,101.46759580702172,103.84197235107422,37901700.0
2018-11-08,103.69360185380904,104.07386987006564,102.86813459225974,103.64722442626953,25644100.0
2018-11-09,102.81247844854045,103.36897218817846,100.87402372229096,101.62528991699219,32039200.0
2018-11-12,101.48613992917095,101.98698629539436,98.40686777387894,99.12104034423828,33621800.0
2018-11-13,99.75172933231623,100.85543957895871,98.90770853809583,99.18595886230469,35374600.0
2018-11-14,100.69498372542094,100.84402689266916,97.31364681963227,97.7793960571289,39495100.0
2018-11-15,97.79804244506956,100.41555851552734,96.79202929216486,99.9311752319336,38505200.0
2018-11-16,99.74487391203466,101.42156716358255,99.48405543557858,100.87198638916016,33502100.0
2018-11-19,100.8533485450012,101.12348398712622,96.4566811989798,97.45338439941406,44773900.0
2018-11-20,94.82657539925638,95.91642722890786,92.54439920234928,94.74273681640625,64052500.0
2018-11-21,96.50325392014697,97.27639946682828,95.23641525059722,96.04682159423828,28130600.0
2018-11-23,95.17120947686023,96.69886659980608,95.01285642178213,96.00955963134766,13823100.0
2018-11-26,97.61176320065113,99.32571763576013,97.41614929925969,99.17668151855469,32336200.0
2018-11-27,98.99036716498132,99.97776065392796,98.14270701402002,99.80077362060547,29124500.0
2018-11-28,100.49939656443462,103.70375444280421,100.47145273985346,103.50814056396484,46788500.0
2018-11-29,102.7722396765369,103.5081244049681,101.56128868407642,102.64183044433594,28123200.0
2018-11-30,103.11688202780849,103.36839060484463,101.86867743791525,103.29386901855469,33665600.0
2018-12-03,105.25934163543621,105.65056934119968,103.14484294372099,104.41167449951172,34732800.0
2018-12-04,104.271950238207,104.92399638223144,100.79745751049683,101.08621978759766,45197000.0
2018-12-06,98.571189319909,101.75691307682693,97.80736069210813,101.71034240722656,49107400.0
2018-12-07,100.9557957836074,101.95249880461425,97.1552876468708,97.63966369628906,45044900.0
2018-12-10,97.62107253789304,100.58323886825825,96.77340525810628,100.2199478149414,40801500.0
2018-12-11,102.27854776768162,103.34976545807343,100.08021053226442,101.15142822265625,42381900.0
2018-12-12,103.29389000714187,103.64785695378824,101.57061883795578,101.60787963867188,36183000.0
2018-12-13,102.07361400968807,103.27524800606902,101.1886861127655,101.9525146484375,31333400.0
2018-12-14,100.83472805018204,101.77554366899868,98.2731067833183,98.76679992675781,47043100.0
2018-12-17,98.18927664783209,98.55256055478864,94.74272735981219,95.8418960571289,56957300.0
2018-12-18,96.6429695831006,97.35091043452047,95.49722329865486,96.847900390625,49319200.0
2018-12-19,96.54984399565568,99.55858088913917,94.40739409148173,96.58710479736328,68198200.0
2018-12-20,95.99095122129889,97.16463455621393,92.01344748821633,94.55644226074219,70334200.0
2018-12-21,94.66820355994379,95.94435924621926,90.78385596404704,91.50111389160156,111242100.0
2018-12-24,90.98879186449251,91.25892733604238,87.54224957158644,87.68196868896484,43935200.0
2018-12-26,88.62278744414361,93.79260817071172,87.52361867285396,93.6715087890625,51634800.0
2018-12-27,92.4978087244599,94.25834041288216,89.79646151199734,94.2490234375,49498500.0
2018-12-28,95.09668249191833,95.394768847075,92.70273152953283,93.51313781738281,38196300.0
2018-12-31,94.35150145489395,95.38546555061806,93.55972900408138,94.61231994628906,33173800.0
2019-01-02,92.73067813841664,94.77997198732669,92.1624634871992,94.19313049316406,35329300.0
2019-01-03,93.24302540223349,93.3268639870067,90.54167754942657,90.72798156738281,42579100.0
2019-01-04,92.88905108847246,95.48793330274081,92.15316626592872,94.94766235351562,44060600.0
2019-01-07,94.67752835079634,96.19586869021902,94.06274289749047,95.06875610351562,35656100.0
2019-01-08,95.98160666219535,96.84790055480005,94.7427119468028,95.75804901123047,31514400.0
2019-01-09,96.74543154739648,97.69555685868518,96.16789993824808,97.1273422241211,32280800.0
2019-01-10,96.14928322503938,96.64297632847756,95.3668207332209,96.50325012207031,30067600.0
2019-01-11,96.12133285908699,96.3542074849832,94.67750733582264,95.75804901123047,28314200.0
2019-01-14,94.91970677496842,95.82326153514298,94.32354825198587,95.05943298339844,28437100.0
2019-01-15,95.48791180465614,97.85391881227768,94.9010632100521,97.81665802001953,31587600.0
2019-01-16,98.04955588026098,98.98105458718067,97.77010342547663,98.16133117675781,29853900.0
2019-01-17,97.80735074745706,99.32569087205175,97.58379307850137,98.85063171386719,28393000.0
2019-01-18,100.09882094794725,100.50868253341369,98.65500263810978,100.33169555664062,37427600.0
2019-01-22,99.4374685282062,99.76349159382995,97.67693686706806,98.44076538085938,32371300.0
2019-01-23,98.85063438398751,99.70761139377449,98.12405950340775,99.40021514892578,25874300.0
2019-01-24,99.53992514098293,99.67033435571054,98.12404351426993,98.92513275146484,23164800.0
2019-01-25,99.89391708712179,100.49007567756269,98.92515760096258,99.8287124633789,31225600.0
2019-01-28,98.98104271102594,99.18597353904319,97.49064638013259,97.88187408447266,29476700.0
2019-01-29,97.69558383618954,97.77942241706069,95.17122314123856,95.88848114013672,31490500.0
2019-01-30,97.4533942862602,99.09282684326172,97.18325881672939,99.09282684326172,49471900.0
2019-01-31,96.68954098708664,98.01226706725222,96.11200939541745,97.27638244628906,55636400.0
2019-02-01,96.67092426587615,96.96900353574821,95.3388809740294,95.73942565917969,35535700.0
2019-02-04,95.82324709164801,98.55253780541531,95.73009156222261,98.49664306640625,31315100.0
2019-02-05,98.79473293987935,99.92184532117027,98.70158450717521,99.87527465820312,27325400.0
2019-02-06,99.67035474706215,99.67035474706215,98.30105060550986,98.76679992675781,20609800.0
2019-02-07,97.98434628717902,98.35694006563924,97.14599607210197,98.0588607788086,29760700.0
2019-02-08,97.23911027449834,98.5338923869783,97.1180180498178,98.43142700195312,21461100.0
2019-02-11,98.92514294577926,99.2791169423194,97.77940371163596,98.04022216796875,18914100.0
2019-02-12,98.86926239154354,99.80076100620424,98.25447700138812,99.56788635253906,25056600.0
2019-02-13,100.13609105130074,100.39690950021166,99.40020636657648,99.49335479736328,18394900.0
2019-02-14,99.02760638600282,99.94047807179034,98.42213802731075,99.57719421386719,21784700.0
2019-02-15,100.51799284444597,100.88127664138449,100.00566589657443,100.80675506591797,26606900.0
2019-02-19,100.40621839050328,101.21662459731007,100.3969014161439,100.76018524169922,18038500.0
2019-02-20,100.90052339418028,100.97536324751083,99.43182517389431,100.23633575439453,21607700.0
2019-02-21,100.00245366299488,102.41598509309527,99.97439050589702,102.35050201416016,29063200.0
2019-02-22,102.94922329807812,104.02501589378497,102.73406049666386,103.80986022949219,27763200.0
2019-02-25,104.54888327300539,104.94178179394864,104.08114489937165,104.38984680175781,23750600.0
2019-02-26,104.08112279283918,105.93336236223051,103.99692619216522,105.11014556884766,21536700.0
2019-02-27,104.48342439488118,105.11019224786276,103.72568320078429,104.93244934082031,21487100.0
2019-02-28,104.81081703210592,105.59661408457713,104.52082152042553,104.80146026611328,29083900.0
2019-03-01,105.60598305888371,105.72759248236129,104.46470013796976,105.26921081542969,23501200.0
2019-03-04,105.72758165886286,105.94274445681275,103.6508292196596,105.0166244506836,26608000.0
2019-03-05,105.00727481913144,105.13824100517441,104.05309158694376,104.49275970458984,19538300.0
2019-03-06,104.6517876735904,105.39081517018386,104.24017561545702,104.5395278930664,17687000.0
2019-03-07,104.21208332257127,104.3524062247193,102.78080542232387,103.26725006103516,25339000.0
2019-03-08,102.11664728208461,103.5666319882436,101.77987507509204,103.3795394897461,22818400.0
2019-03-11,103.82855440766717,105.66208783858885,103.8192047796217,105.54983520507812,26491600.0
2019-03-12,105.5404723528762,106.63497828920401,105.38144303982757,106.28885650634766,26132700.0
2019-03-13,106.76595448254248,107.57982179067021,106.43853906103854,107.1120834350586,35513800.0
2019-03-14,107.14952712823134,107.766938183292,106.95307783175193,107.19629669189453,30763400.0
2019-03-15,107.89789318618023,109.68465734139798,107.19628556992394,108.43112182617188,54681100.0
2019-03-18,108.67433228286707,110.02142108610471,108.56207964067806,109.98400115966797,31207600.0
2019-03-19,110.47045811136597,110.79788071951401,109.44143500080321,110.05885314941406,37588700.0
2019-03-20,109.81563117466132,111.08788031172752,109.17950660612823,109.93724060058594,28113300.0
2019-03-21,109.58174267775873,113.02429730126065,109.53496598679597,112.4630126953125,29854400.0
2019-03-22,111.78947382143294,111.87366330476891,109.48820182767221,109.49755859375,33624500.0
2019-03-25,109.03916145254556,110.39560694464829,108.81464904379506,110.06819152832031,27067100.0
2019-03-26,110.96624292472451,111.05043239750712,109.31044525546203,110.30205535888672,26097700.0
2019-03-27,110.27399837031224,110.58270741533956,108.06627263631543,109.2356185913086,22733400.0
2019-03-28,109.86239483668156,109.99336101432725,108.63691540710921,109.38529968261719,18334800.0
2019-03-29,110.45174857819207,110.68561778472989,109.41336873019445,110.33013916015625,25399800.0
2019-04-01,111.27496338113733,111.424643096134,110.47980952230199,111.34044647216797,22789100.0
2019-04-02,111.37785702929526,111.77076267954062,110.87269873936926,111.49947357177734,18142300.0
2019-04-03,112.12623822702027,112.65945966240936,111.46205062414057,112.22914123535156,22860700.0
2019-04-04,112.35074376166614,112.47236029340806,110.74172278854256,111.65849304199219,20112800.0
2019-04-05,111.68658133489869,112.47238560572077,111.66787493810098,112.1543197631836,15826200.0
2019-04-08,112.07948214895625,112.27593143632009,110.98497591773388,112.19174194335938,15116200.0
2019-04-09,110.97562539799578,111.82691282828479,110.92885583386986,111.58368682861328,17612000.0
2019-04-10,112.03266608972419,112.58459379127743,111.82686012063003,112.43492126464844,16477200.0
2019-04-11,112.7623595852159,113.05235507142122,112.18236147568463,112.56591033935547,14209100.0
2019-04-12,112.85593187605434,113.17399773119072,112.60335625510916,113.14592742919922,19745100.0
2019-04-15,113.13653792496741,113.73524235490983,112.79040902695205,113.23944091796875,15792600.0
2019-04-16,113.79138346011395,113.80074022536331,112.35074850790258,112.9775161743164,14071800.0
2019-04-17,113.41720047291092,113.98784186792793,112.76236959524611,113.91300201416016,19300900.0
2019-04-18,114.30589676373317,115.55007531249971,113.47332309714598,115.40975952148438,27991000.0
2019-04-22,114.70816943043332,115.99912486358359,114.66139273491385,115.77461242675781,15648700.0
2019-04-23,116.09267919532488,117.47718811584936,115.84010357846168,117.34622192382812,24025500.0
2019-04-24,117.67363289248983,117.7297592191694,116.48557330554524,116.94396209716797,31257000.0
2019-04-25,121.66811320064403,122.89358555373819,120.51748070622843,120.81682586669922,38033900.0
2019-04-26,121.33134372477541,122.0984415879413,120.6952263229495,121.50908660888672,23654900.0
2019-04-29,121.51841470055876,121.78034702832593,121.00391394731408,121.39681243896484,16324200.0
2019-04-30,121.43424412475606,122.2668179263592,121.04134557195674,122.17327880859375,24166500.0
2019-05-01,122.10777604572901,122.22002868522291,119.46037519514202,119.6287612915039,26821700.0
2019-05-02,119.72232628463793,119.74103268066072,117.42104703213937,118.0665283203125,27350200.0
2019-05-03,119.14234148476888,121.0787712927799,119.03943845226863,120.58296966552734,24911100.0
2019-05-06,118.2349136071191,120.26489657469453,117.97298124189926,119.88134765625,24239800.0
2019-05-07,118.30037848833297,118.97392283071704,116.20491275200963,117.42102813720703,36017700.0
2019-05-08,117.34619142052296,118.21618497687096,116.70071025826208,117.41167449951172,28419000.0
2019-05-09,116.27043273854552,117.67364818486571,115.59688818237218,117.40235900878906,27235800.0
2019-05-10,116.85041718050155,119.675554137351,115.83074369902276,118.92716979980469,30915100.0
2019-05-13,116.10200120049517,117.44908978609396,115.10104152567385,115.39103698730469,33944900.0
2019-05-14,115.8775039148907,117.7578069839985,115.71846744822507,116.68201446533203,25266300.0
2019-05-15,116.67261369436032,118.97301239531349,116.14680275084076,118.32514190673828,24722700.0
2019-05-16,119.01059833794817,121.48001415439977,118.73830498508457,121.05747985839844,30112200.0
2019-05-17,120.47534397564394,122.49407281564774,120.10915808590661,120.25000762939453,25770500.0
2019-05-20,118.79463228726247,119.79929734944015,118.08104336554746,118.51295471191406,23706900.0
2019-05-21,119.64906502919804,119.74295754983119,118.85096785850611,119.15142822265625,15293300.0
2019-05-22,118.88850759161402,120.40959197526328,118.79460792221643,119.8743896484375,15396500.0
2019-05-23,118.49419373388558,118.5787020365338,117.12334255678333,118.47541809082031,23603800.0
2019-05-24,119.16081794527584,119.63967194282175,118.27821250396839,118.53172302246094,14123400.0
2019-05-28,119.22654942142827,120.18426462822669,118.35333533719721,118.45661926269531,23128400.0
2019-05-29,117.72424764352209,117.7336390455667,116.4660719840953,117.31111907958984,22763100.0
2019-05-30,117.61156897343257,118.08103874417998,117.16087484155737,118.05287170410156,16829600.0
2019-05-31,116.64447141098105,117.01065728739485,115.79003292365503,116.1280517578125,26646800.0
2019-06-03,116.28767189983233,116.77592451967459,111.7432075229949,112.52252197265625,37983600.0
2019-06-04,113.87457502103312,115.75245391561096,113.28304574811533,115.63978576660156,29382600.0
2019-06-05,117.32050284041028,118.18433273647689,116.62568952629525,118.14677429199219,24926100.0
2019-06-06,118.71953227340052,120.15610879941865,117.9308192381401,120.01526641845703,21459000.0
2019-06-07,121.3016071216122,124.17475995566357,120.42838585860932,123.37665557861328,33885600.0
2019-06-10,124.31562617287607,125.89305251720654,123.94005597650838,124.50342559814453,26477100.0
2019-06-11,125.70522380875205,126.04324259904969,123.26397539803801,124.0339126586914,23913700.0
2019-06-12,123.37665855806716,123.91186101074868,122.72880226435784,123.46117401123047,17092500.0
2019-06-13,123.92122059496683,124.87894281460065,123.52686775795962,124.24047088623047,17200800.0
2019-06-14,124.18418610164125,125.6207630034622,123.60204794790843,124.36258697509766,17821700.0
2019-06-17,124.53156842555303,125.56439342822556,124.43766873118197,124.7381362915039,14517800.0
2019-06-18,125.99630903270761,126.98219849233655,125.41417105698147,126.9070816040039,25934500.0
2019-06-19,126.75683069480398,127.63003754036998,125.63949041338371,127.40470123291016,23744400.0
2019-06-20,129.05726895885812,129.2544526151439,127.43290716283161,128.58779907226562,33042600.0
2019-06-21,128.2403662702879,129.320141028793,128.12769810824025,128.60655212402344,36727900.0
2019-06-24,128.6347090386564,129.9492185826722,128.6347090386564,129.36708068847656,20628800.0
2019-06-25,128.86946345678206,129.18869949059797,124.6254523426516,125.28270721435547,33327400.0
2019-06-26,126.14653396591669,127.45165936415292,125.44232930513282,125.75216674804688,23657700.0
2019-06-27,125.94934836740056,126.48455077814053,125.35781187702067,125.95873260498047,16557500.0
2019-06-28,126.3531264283989,126.38129347415125,125.02921796970516,125.7803726196289,30043000.0
2019-07-01,128.28729810404295,128.35301641365143,126.72865522148227,127.39529418945312,22613500.0
2019-07-02,127.80840756395924,128.24971016259266,127.07603608688167,128.24032592773438,15237800.0
2019-07-03,128.44693159857144,129.32953705617595,127.96806326510324,129.06663513183594,13629300.0
2019-07-05,127.63946269718878,128.94458828243083,127.43289482092752,128.69107055664062,18141100.0
2019-07-08,128.07131938953984,128.72858838481056,127.10421302196715,128.59713745117188,16779700.0
2019-07-09,127.695812711624,128.60658546316043,127.50802761717082,128.1277313232422,19953100.0
2019-07-10,128.75679314600973,130.1182527134232,128.65350921595316,129.43283081054688,24204400.0
2019-07-11,129.7614337187673,130.71915600325744,129.45158197004756,129.94921875,22327900.0
2019-07-12,130.3717351482177,130.63463702140237,129.58301520158614,130.41867065429688,18936800.0
2019-07-15,130.92570592906557,131.01959126830147,130.00554937291923,130.41867065429688,16651500.0
2019-07-16,130.47506532374956,130.55956645715375,128.1840501931291,128.70985412597656,22726100.0
2019-07-17,129.29197170827115,129.5079237907478,127.90234520155985,127.94929504394531,20211000.0
2019-07-18,127.27324566908243,128.27790343331282,126.44697436610488,128.09011840820312,30381800.0
2019-07-19,131.65806489265796,132.08058469651903,128.11825985180639,128.2778778076172,48992400.0
2019-07-22,129.0196482194256,130.69095896984672,128.9445313587568,129.97735595703125,25074900.0
2019-07-23,131.22619962991078,131.44216606376384,129.60183805561326,130.78489685058594,18034600.0
2019-07-24,130.41870182415488,132.14636153851882,130.37176630685818,132.12757873535156,20738300.0
2019-07-25,131.85532603539735,132.02434267101398,130.8131164786206,131.62998962402344,18356900.0
2019-07-26,131.79894425812105,133.02895281557116,131.73322593760406,132.709716796875,19037600.0
2019-07-29,132.85995816951657,132.8693424081042,130.86001216505483,132.4186553955078,16605900.0
2019-07-30,131.5829830239639,132.59703941914336,131.26374702744815,131.78016662597656,16846500.0
2019-07-31,131.76138728152654,131.91162104632787,126.83195469974108,127.94929504394531,38598800.0
2019-08-01,128.6347614363554,132.33418679481488,128.5690287688395,129.63003540039062,40557500.0
2019-08-02,129.6581422139498,129.87410859795295,127.00094191264206,128.54080200195312,30791600.0
2019-08-05,125.16065541780964,125.75217764169568,122.79452354102021,124.13721466064453,42749600.0
2019-08-06,125.63012646058596,127.39532323804261,125.07615551252992,126.46578216552734,32696700.0
2019-08-07,125.62072729046054,127.3671555822488,123.78041363155013,127.0197525024414,33414500.0
2019-08-08,128.25915169347147,130.50321670494685,127.63004957030374,130.40931701660156,27496500.0
2019-08-09,130.1464315955706,130.86941917174013,128.12771698372748,129.3013916015625,23466700.0
2019-08-12,128.70043660312965,129.4421924607648,126.9821756995304,127.49858093261719,20484300.0
2019-08-13,127.7427552271711,130.3248395270228,126.75686562908375,130.13705444335938,25154600.0
2019-08-14,128.46010853451494,128.9876631460874,125.92594892733962,126.21798706054688,32527300.0
2019-08-15,126.60428290908048,126.78327779675415,124.58826170673811,125.93540954589844,28074400.0
2019-08-16,127.06590167277426,128.5543680876593,126.91516762131468,128.2434844970703,24449100.0
2019-08-19,129.86383316034915,130.52327663422912,128.9594432713212,130.39138793945312,24355700.0
2019-08-20,130.2029576634189,130.67399069770917,129.28915242691284,129.3079833984375,21170800.0
2019-08-21,130.52327244694763,131.40881695837308,130.00513317166792,130.74935913085938,14970300.0
2019-08-22,130.6268588812821,131.1355681335651,128.39415296210242,129.79783630371094,18697000.0
2019-08-23,129.24207080219483,130.33487109930962,125.10640055041495,125.66221618652344,38508600.0
2019-08-26,127.16952471344085,127.70649498606446,126.14266160475749,127.60286712646484,20312600.0
2019-08-27,128.48837471701248,128.79925820638564,126.85860464374024,127.87603759765625,23102100.0
2019-08-28,127.06589904909232,127.89490756542179,125.81294922493764,127.70649719238281,17393300.0
2019-08-29,129.29857116216917,130.41963211192012,128.9782721407511,130.1181640625,20168700.0
2019-08-30,131.08847349360568,131.1167343226189,128.37533328483565,129.8732147216797,23940100.0
2019-09-03,128.6956454444926,129.2514609717269,127.8383618771932,128.15866088867188,18869300.0
2019-09-04,129.34568687623496,129.71309210430604,128.5731857237431,129.6565704345703,17995900.0
2019-09-05,131.05085665677663,132.2472850022121,130.72112766892835,131.9364013671875,26101800.0
2019-09-06,131.9175116466666,132.05881580833838,130.19352900033334,131.04139709472656,20824500.0
2019-09-09,131.50303304786965,131.6537671077461,128.55437526603893,129.55296325683594,25773900.0
2019-09-10,128.8746234656431,128.95940595029373,126.71728441318525,128.1963348388672,28903400.0
2019-09-11,128.0361982304384,128.37534257793357,127.26369718206007,128.23402404785156,24726100.0
2019-09-12,129.86384686478445,130.40081718775647,128.94061152913451,129.55296325683594,27010000.0
2019-09-13,129.79784423622274,130.06162154979148,128.65795249718326,129.364501953125,23363100.0
2019-09-16,127.96085167297976,128.78044465424992,127.80070214645508,128.431884765625,16731400.0
2019-09-17,129.02538416013576,129.55293889571084,128.526075883836,129.4304656982422,17814200.0
2019-09-18,129.40222529579336,130.63632982739534,128.6203085553972,130.49502563476562,23982100.0
2019-09-19,132.1718980517229,134.12196771878425,131.95522683866946,132.8972930908203,35772100.0
2019-09-20,132.8407768741121,133.44369879051382,130.2406788049033,131.3617401123047,39167300.0
2019-09-23,131.1638382717348,131.54067327683077,130.4196124956969,131.0790557861328,17139300.0
2019-09-24,132.2284041000849,132.53928765152918,128.95001795498206,129.42105102539062,29773200.0
2019-09-25,129.53408767037075,131.8515765819618,128.14924936492994,131.2863311767578,21382000.0
2019-09-26,131.36170411102069,132.058823850773,130.41963797640327,131.45590209960938,17456600.0
2019-09-27,132.0305457024955,132.2283858897277,128.73331466372676,129.75074768066406,22477700.0
2019-09-30,130.05225815868306,131.15447402647854,129.79789622771756,130.97547912597656,17280900.0
2019-10-01,131.56896092082206,132.1247764949872,129.06306153164525,129.12901306152344,21466600.0
2019-10-02,128.35651665060894,128.4695599919467,125.84120168232033,126.84920501708984,30521700.0
2019-10-03,127.13184621978174,128.8275684602126,125.50207552124122,128.38479614257812,24132900.0
2019-10-04,128.82753811604104,130.2406372544254,128.51665458062195,130.1181640625,22897700.0
2019-10-07,129.1949775539282,130.1747202246016,129.08193419283285,129.17613220214844,15303700.0
2019-10-08,129.13842871216846,129.7790267900296,127.7630058173658,127.81011199951172,25550500.0
2019-10-09,129.49642123149835,130.6645740750219,129.03480363620312,130.23123168945312,19749900.0
2019-10-10,130.46673621261547,131.5783672838668,130.2406351791531,131.04139709472656,17654600.0
2019-10-11,132.0022951907184,132.8595787777606,131.41821881812544,131.58778381347656,25446000.0
2019-10-14,131.59725126336954,132.16248245077912,131.43710170819725,131.46536254882812,13304300.0
2019-10-15,131.94580260785128,133.57557326869113,131.7102860347615,133.3683319091797,19695700.0
2019-10-16,132.6334880604977,132.82191279192958,131.44648987633644,132.2755126953125,20751600.0
2019-10-17,132.78425802684473,133.22703039090297,130.9660767497996,131.59725952148438,21460600.0
2019-10-18,131.6631570821554,131.88925812815606,128.64854834275522,129.44931030273438,32273500.0
2019-10-21,130.4290473731204,130.4761535526096,129.0724699026435,130.4102020263672,20078200.0
2019-10-22,130.9189209525508,131.89866332588625,128.36591561587957,128.46954345703125,27431000.0
2019-10-23,128.95002490755215,129.48699516187958,127.75359681926605,129.28916931152344,29844600.0
2019-10-24,131.31462431875073,132.28495148242374,130.63633541553193,131.832763671875,37029300.0
2019-10-25,131.26750906593338,132.96323120692122,131.13562036467823,132.5769805908203,25959700.0
2019-10-28,136.03434317103782,137.23077117887058,135.19590489187667,135.83651733398438,35280100.0
2019-10-29,135.73289582568952,136.1285618930684,134.38573372445262,134.55531311035156,20589500.0
2019-10-30,135.20532914709477,136.59958293417193,134.51761055213072,136.232177734375,18496600.0
2019-10-31,136.5053705867323,136.53363141942768,134.70603528104652,135.0640106201172,24605100.0
2019-11-01,135.90246246597496,136.05319650529455,134.68720341408505,135.3937530517578,33128400.0
2019-11-04,136.43946711739818,136.59961666713642,135.80828440673878,136.17568969726562,16912000.0
2019-11-05,136.5713605309958,136.61846672366852,135.57277249541806,136.09091186523438,18250200.0
2019-11-06,136.00608850600966,136.14740705653168,134.9038728109251,135.71405029296875,16575800.0
2019-11-07,135.50678452405998,136.4865413190258,135.44084737187669,135.90245056152344,17786700.0
2019-11-08,135.6386812040063,137.53224337866055,135.43142549956863,137.5039825439453,16732700.0
2019-11-11,136.9198840061692,137.9373171227263,136.34522310815422,137.64527893066406,14362600.0
2019-11-12,137.8054574478309,139.02073102677576,137.59820171149596,138.54969787597656,18641600.0
2019-11-13,138.23878662630173,138.91707537779078,137.80542988932166,138.7757568359375,16919200.0
2019-11-14,138.50258772155468,139.81205926830356,138.48374237112063,139.48233032226562,19729800.0
2019-11-15,140.301859680273,141.30046155281522,139.68010714614888,141.2816162109375,23485700.0
2019-11-18,141.37590146343092,141.82808927823407,140.3490382358357,141.6302490234375,21534000.0
2019-11-19,142.1389399587339,142.56286683531036,141.49832752597038,141.6773223876953,23935700.0
2019-11-20,142.0838041911342,142.58479709913956,140.33505998777505,141.4315643310547,25696800.0
2019-11-21,141.223540376059,141.60165758756096,140.37280189164892,141.29916381835938,18576100.0
2019-11-22,141.8569849925034,142.07439352770368,140.67539491729582,141.4032440185547,15901800.0
2019-11-25,141.7907500638936,143.06687258394902,141.71512659968207,142.95343017578125,22420900.0
2019-11-26,143.07631026041267,144.0782958507739,143.0385057427594,143.7096405029297,24620100.0
2019-11-27,143.99324269067327,144.15393715206415,143.22757490605133,143.98379516601562,15184400.0
2019-11-29,143.7758575219542,143.96490901164137,143.00072766342154,143.0952606201172,11977300.0
2019-12-02,143.50168034327638,143.5205898140514,140.20269166618917,141.36537170410156,27418400.0
2019-12-03,139.41813224384907,141.25194727879412,138.6240930309501,141.13851928710938,24066000.0
2019-12-04,141.92307871885663,141.96088323676742,141.03452109910205,141.64895629882812,17574700.0
2019-12-05,141.8380365403815,142.09326396513643,141.2992246907547,141.72459411621094,17869100.0
2019-12-06,142.72659070791502,143.55842006301026,142.04599387502634,143.4449920654297,16403500.0
2019-12-09,142.80220201751874,143.87981117385542,142.6509550844922,143.07632446289062,16687400.0
2019-12-10,143.01019557177662,143.5773645453765,142.50920256203605,142.8589630126953,16476100.0
2019-12-11,143.24647339654746,143.55841480216526,142.10270266631767,143.39772033691406,18856600.0
2019-12-12,143.35046147864057,145.04250606349174,142.75495005783458,144.85345458984375,24612100.0
2019-12-13,144.62656569712018,146.41312857878364,144.4658712438564,146.0728302001953,23845400.0
2019-12-16,146.62111500128668,147.36787340500365,146.346992515384,147.01812744140625,24144200.0
2019-12-17,146.94253792110104,147.18831788633273,145.99726586702678,146.22413635253906,25425600.0
2019-12-18,145.85545406926653,146.97086796505727,145.74201163546948,145.92161560058594,24129200.0
2019-12-19,145.57181180154737,147.24494640439553,145.33549392524614,147.188232421875,24958900.0
2019-12-20,148.7385435605026,149.8161529808964,147.73654320144786,148.79525756835938,53477500.0
2019-12-23,149.46639255960463,149.46639255960463,148.66292007545854,148.79525756835938,17718200.0
2019-12-24,148.8613489383117,149.07877176422207,148.52105062786302,148.76683044433594,8989200.0
2019-12-26,148.93701486865942,150.04298108714522,148.7857679267206,149.98626708984375,14520600.0
2019-12-27,150.72361104065038,150.81814400607198,149.56093056923316,150.26043701171875,18412800.0
2019-12-30,150.28876696680132,150.31712396658284,148.15244349190644,148.9653778076172,16348400.0
2019-12-31,148.19030090385164,149.13557293845784,147.8878069293985,149.06939697265625,18369400.0
2020-01-02,150.0902625907942,151.93353980620552,149.6648931447306,151.82955932617188,22622100.0
2020-01-03,149.65544061469248,151.19622386441185,149.4096607117201,149.9390106201172,21116200.0
2020-01-06,148.48329153461876,150.3927445508696,147.94447970171677,150.32656860351562,20813700.0
2020-01-07,150.60067989425875,150.931516303683,148.71013667343422,148.95590209960938,21634100.0
2020-01-08,150.23203354534573,151.9997015405678,149.3056712613287,151.32855224609375,27746500.0
2020-01-09,152.98276776943587,153.34197562938405,152.21710000371593,153.21908569335938,21385000.0
2020-01-10,153.9091751273673,154.28727811161113,152.35891539033636,152.51016235351562,20725900.0
2020-01-13,152.90720705247546,154.37238166681487,152.43457101066966,154.34402465820312,21626500.0
2020-01-14,154.44794943449625,154.6464628468558,152.86934735532085,153.2569122314453,23477400.0
2020-01-15,153.72008555883195,154.9678511775123,153.6728335108503,154.2494354248047,21417900.0
2020-01-16,155.35541857174925,157.1419816102334,155.05292468702913,157.0758056640625,23865400.0
2020-01-17,158.25740501659007,158.30467149192543,156.37630891838617,157.95492553710938,34371700.0
2020-01-21,157.55789835006,158.98526801417273,157.32158039758605,157.38775634765625,29517200.0
2020-01-22,158.23845906923225,158.3235444747058,156.61259077362428,156.63150024414062,24138800.0
2020-01-23,157.09472547499433,157.6713418599453,156.22507713475247,157.59571838378906,19680800.0
2020-01-24,158.34245156321265,158.36136103516702,155.44992257333556,156.00762939453125,24918100.0
2020-01-27,152.3305352170298,154.4385015834786,151.4325299482661,153.39869689941406,32078100.0
2020-01-28,154.81661422070258,156.6882483457103,154.14547932010373,156.40467834472656,24899900.0
2020-01-29,158.65437813463538,159.51457873200403,156.6220500121223,158.8434295654297,34754500.0
2020-01-30,164.52458079967926,164.52458079967926,161.4429851048328,163.32408142089844,51597500.0
2020-01-31,162.7852531721158,162.9648426873359,160.29918387299614,160.91360473632812,36142700.0
2020-02-03,161.10263707783204,164.9498995377037,161.07428008281042,164.8364715576172,30107000.0
2020-02-04,167.44545356772943,170.75390501577263,166.66087620777762,170.26235961914062,36433300.0
2020-02-05,173.95835927347207,174.1190537403817,168.64593664566272,170.05438232421875,39186300.0
2020-02-06,171.06581980124434,173.75984990152529,170.20561909708994,173.5802459716797,27751400.0
2020-02-07,172.8429430262262,175.47079730341426,172.49318267512277,173.82601928710938,33529100.0
2020-02-10,173.53300042903595,178.50512495189932,173.22105900121804,178.37278747558594,35844300.0
2020-02-11,180.2160459982191,180.2633124685266,173.45735903159144,174.34591674804688,53159900.0
2020-02-12,175.4235169852956,175.67874437299267,171.89765772024018,174.60113525390625,47062900.0
2020-02-13,173.0603579564026,176.03795827229686,172.86184453761513,173.6558837890625,35295800.0
2020-02-14,173.22103937911754,175.26282971697995,172.65387058847747,175.20611572265625,23149500.0
2020-02-18,175.4519251827343,177.4275400736451,175.34794469249135,176.98326110839844,27792200.0
2020-02-19,178.25334748549824,178.3670852904449,176.746263717562,177.51402282714844,29997500.0
2020-02-20,177.20123010558348,177.48558908217993,171.6562951458951,174.80316162109375,36862400.0
2020-02-21,173.61837855406034,173.9311720431706,168.0070858019182,169.27720642089844,48572600.0
2020-02-24,159.02140017038658,165.4478463263177,154.71813679067944,161.97869873046875,68311100.0
2020-02-25,165.1160881339019,165.72271383699095,158.90764439039998,159.30575561523438,68073300.0
2020-02-26,160.86026003967774,164.22512915124068,159.43847946980046,161.2962646484375,56206100.0
2020-02-27,154.8034540782687,158.3199827709648,149.74190495438836,149.9314727783203,93174900.0
2020-02-28,144.4623379774153,155.17308412783152,144.07371461815777,153.5617218017578,97012700.0
2020-03-02,156.68970562212584,163.90287344639816,153.8461442900306,163.77964782714844,71030800.0
2020-03-03,164.7369648639986,165.8743863348176,153.79872580292735,155.931396484375,71677000.0
2020-03-04,159.7038570188698,161.79860535911507,156.98350737328664,161.65643310546875,49814400.0
2020-03-05,157.3911109200166,161.9597582663655,157.04988300701586,157.59963989257812,47817300.0
2020-03-06,154.1305064578371,154.60443335618072,147.86519228321035,153.14474487304688,72821100.0
2020-03-09,143.1259208763582,149.5239338956656,142.17806709572008,142.76573181152344,70419300.0
2020-03-10,149.91253931749316,152.63287471129829,144.6235141245197,152.5286102294922,65354400.0
2020-03-11,148.93623128461837,149.4765002813039,143.26805670517658,145.61874389648438,56371600.0
2020-03-12,137.72312904394167,145.46709111192325,131.35355178409353,131.8085174560547,93226400.0
2020-03-13,139.8084372561925,153.4670141569079,133.39146289991785,150.54762268066406,92727400.0
2020-03-16,132.6995245572196,141.56196287538836,127.9602558230332,128.3583526611328,87905900.0
2020-03-17,132.69953439718364,139.8084380256042,127.96026531156994,138.92694091796875,81059800.0
2020-03-18,130.8037858752731,138.3866140419556,127.97918643285101,133.07862854003906,81593200.0
2020-03-19,135.32507264150863,142.3202228977112,131.7516602526152,135.26820373535156,85922700.0
2020-03-20,138.38665869750938,139.42930369211481,128.7754214733434,130.18772888183594,84866200.0
2020-03-23,129.865433072782,133.23980446764403,125.60957912301353,128.88914489746094,78975200.0
2020-03-24,136.25396924994934,141.79891917510017,133.90329612577463,140.6046142578125,82516700.0
2020-03-25,141.14491656968082,146.28228256625601,136.9080088143488,139.25868225097656,75638200.0
2020-03-26,140.66147850366175,148.4907590553709,140.63304405067825,147.9694366455078,64568100.0
2020-03-27,143.8368104074525,146.81307068348792,141.41978038772191,141.89370727539062,57042300.0
2020-03-30,144.4907998422536,152.22528840805572,142.18750815722464,151.87457275390625,63420300.0
2020-03-31,151.08788365564143,156.1873415159035,148.39598244665945,149.48602294921875,77927200.0
2020-04-01,145.02159814322476,149.52390266074318,142.95528427536644,144.17800903320312,57969900.0
2020-04-02,143.9410755182864,147.372301571524,142.51929484918563,147.1637725830078,49630700.0
2020-04-03,147.01211258227983,149.17321783075897,144.25385488302902,145.80833435058594,41243300.0
2020-04-06,151.95990642835253,157.8176351324215,149.3627821810192,156.6517791748047,67111700.0
2020-04-07,160.74652989617405,161.1351534432699,154.74661332944947,154.96463012695312,62769000.0
2020-04-08,157.0309386966601,157.9787925050275,154.97409766807493,156.51910400390625,48318200.0
2020-04-09,157.68491641818002,158.64224329248236,154.81292133217562,156.52853393554688,51385100.0
2020-04-13,155.77972762278742,156.93611004324742,153.83662506623762,156.8792266845703,41905300.0
2020-04-14,160.18730168295573,164.68960749948852,159.23944782684356,164.6422119140625,52874300.0
2020-04-15,162.27252056372882,164.51894325255736,160.41473575433392,162.9170684814453,40940800.0
2020-04-16,165.21087397006804,168.03547345345189,163.8838703437965,167.8079833984375,50479600.0
2020-04-17,170.13972936582047,170.6136561885665,166.69901600449276,169.2866668701172,52765600.0
2020-04-20,167.4193963415168,169.42884146949478,165.86491691998498,165.93125915527344,36669600.0
2020-04-21,164.4525877384879,164.613721103294,157.447950718237,159.06878662109375,56203700.0
2020-04-22,162.45265500207105,164.926553888929,161.9123858808334,164.47158813476562,34620200.0
2020-04-23,165.0308233603539,165.9312815649868,161.997694135911,162.48109436035156,32790800.0
2020-04-24,163.08769987665707,165.45733404774205,161.8081061021307,165.44786071777344,34277600.0
2020-04-27,167.38149548370984,167.67532784131654,164.26306291230537,164.9739532470703,33194400.0
2020-04-28,166.433657061275,166.50948710621904,160.55696597758129,160.95506286621094,34392700.0
2020-04-29,164.18721740272696,168.41463676243595,162.9170969287767,168.17767333984375,51286600.0
2020-04-30,170.613666224283,170.99280191954153,167.0402537209176,169.8648681640625,53875900.0
2020-05-01,166.63268339420114,169.32458443172894,164.93601717144193,165.46682739257812,39370500.0
2020-05-04,165.3909752711956,169.66578968159777,164.7369539912882,169.51412963867188,30372900.0
2020-05-05,171.20133121146824,174.073326774574,170.5188753882451,171.3340301513672,36839200.0
2020-05-06,172.58518988955504,174.59463494769062,172.15865865064302,173.0211944580078,32139300.0
2020-05-07,174.56619370740268,174.926382699325,173.05910997240878,174.0259246826172,28316000.0
2020-05-08,175.33395002920838,175.35291115035147,173.79843186786684,175.04959106445312,30877800.0
2020-05-11,173.5994066075862,177.73204949041116,173.31506205621085,177.00221252441406,30892700.0
2020-05-12,177.05905204204092,177.28652764537918,172.79371092227436,172.9927520751953,32038200.0
2020-05-13,173.0307178333135,174.45249856413267,167.3341071154464,170.37672424316406,44711500.0
2020-05-14,168.28194005356912,171.2676878956432,166.51893158760433,171.11602783203125,41873900.0
2020-05-15,169.72268077345782,177.30551035404773,167.77010447055184,173.60888671875,46610400.0
2020-05-18,176.06383283345417,176.49036412535662,174.36718099656215,175.26763916015625,35264500.0
2020-05-19,175.38135636493746,176.86949350940563,173.9216681354789,174.0543670654297,26799100.0
2020-05-20,175.6607026476636,176.6492240164961,174.83377793793983,176.4686279296875,31261300.0
2020-05-21,176.22150304446987,177.42863394594616,174.21596102062003,174.34902954101562,29119500.0
2020-05-22,174.12089846406892,175.3280292137114,173.50306901585824,174.425048828125,20826900.0
2020-05-26,177.11497503906327,177.2670574968158,172.1343978264107,172.5811309814453,36073600.0
2020-05-27,171.27890913531226,172.98030045667377,167.85714157024967,172.8092041015625,39517100.0
2020-05-28,171.7922256257689,175.03339791391855,171.450047335411,172.41954040527344,33810200.0
2020-05-29,173.68367206153434,175.1474401638824,171.47853469767063,174.1779327392578,42130400.0
2020-06-01,173.5030505874689,173.94028391212214,172.47653052735325,173.77870178222656,22622400.0
2020-06-02,175.12845379560204,175.8413240281486,172.3720280311082,175.7557830810547,30794600.0
2020-06-03,175.67022679734052,176.73477494392236,174.49160956121008,176.18348693847656,27311000.0
2020-06-04,175.17594339707023,176.6396969090423,173.2749565224485,173.8642578125,28761800.0
2020-06-05,173.57914102484705,178.43616402505074,172.99933933390125,177.93240356445312,39893600.0
2020-06-08,176.73475027225717,179.21553869876203,175.3090101306654,179.03494262695312,33211600.0
2020-06-09,178.69281027255752,181.25914028536988,177.98943973430954,180.40370178222656,29783900.0
2020-06-10,181.66781392729945,188.69195979526327,181.55374485339544,187.09512329101562,43872300.0
2020-06-11,183.56880167969496,186.0685895505903,176.85832035143625,177.0484161376953,52854700.0
2020-06-12,181.10703377682555,182.22862370226562,176.0123877928457,178.44566345214844,43373600.0
2020-06-15,175.44209047106233,181.3731750815915,174.9003022190702,179.58624267578125,32770200.0
2020-06-16,183.34067171544817,185.89750128714283,181.98147311232987,183.9870147705078,42556700.0
2020-06-17,185.37475436642524,186.60089915769962,184.10109650074745,184.62387084960938,25687800.0
2020-06-18,184.395709071984,186.76244272407226,184.395709071984,186.60086059570312,23061600.0
2020-06-19,188.7584999974735,189.423842544377,184.74741628179572,185.48880004882812,44441100.0
2020-06-22,186.09714520202675,190.82109979899005,185.56487107899687,190.64051818847656,32818900.0
2020-06-23,192.085235928232,193.85315449194295,191.45790671131317,191.91415405273438,30917400.0
2020-06-24,191.6195195901801,193.18782826180146,186.8290236235657,188.045654296875,36740600.0
2020-06-25,188.00761269061277,190.6784970410009,185.79296114833386,190.42185974121094,27803900.0
2020-06-26,189.8420540312599,189.99413646513128,185.23216946864412,186.61038208007812,54675800.0
2020-06-29,186.0876350915484,188.70149248092682,183.96803843310832,188.61595153808594,26701600.0
2020-06-30,188.0836232062836,194.2808292235505,187.95055472133313,193.4348907470703,34310300.0
2020-07-01,193.0832874630938,196.13437858721664,191.78111574984317,194.56605529785156,32061200.0
2020-07-02,195.4975248148834,197.72169095393087,194.85119610163304,196.04881286621094,29315800.0
2020-07-06,198.49159393749412,200.67773226915895,197.7882234036976,200.26901245117188,31897600.0
2020-07-07,200.03132911943715,204.04241234730003,197.69312352420133,197.94024658203125,33600700.0
2020-07-08,199.67020660849815,202.7022691477667,198.3585207396695,202.29356384277344,33600000.0
2020-07-09,205.62024918097012,205.66777675400772,201.00085044726796,203.7097625732422,33121700.0
2020-07-10,203.04443714124912,203.48167057647657,200.63018979121773,203.0919647216797,26177600.0
2020-07-13,203.86185665203897,205.1165151249502,196.2769220311056,196.81871032714844,38135600.0
2020-07-14,195.92518210368485,198.51052495462727,192.02815390095327,198.0352783203125,37591800.0
2020-07-15,199.1853696931352,200.86774686185024,194.8796362894525,197.74061584472656,32179400.0
2020-07-16,195.23132630246957,195.51647720524412,192.29430536165987,193.82460021972656,29940700.0
2020-07-17,194.34737099125022,194.88914464381924,191.4198498148425,192.83609008789062,31635300.0
2020-07-20,194.85112801820785,201.78973206294626,192.95964111525447,201.1243896484375,36884800.0
2020-07-21,203.0824697440858,203.34860679664743,197.731186037843,198.41554260253906,37990400.0
2020-07-22,198.84322189432683,201.78975731740158,198.07332453951392,201.26698303222656,49605700.0
2020-07-23,196.93274275439686,200.47807930746816,192.14224758300097,192.512939453125,67457000.0
2020-07-24,190.497911638035,192.81711817294266,187.73197198353216,191.3343505859375,39827000.0
2020-07-27,191.4959383657706,193.87217226170424,190.91613671502756,193.75811767578125,30160900.0
2020-07-28,193.53001926727976,194.56605390035716,191.75260072214854,192.01873779296875,23251400.0
2020-07-29,192.4749653712374,194.51852093061618,192.0092182585042,193.95773315429688,19632600.0
2020-07-30,191.04920798725416,194.33792212812435,189.69000914080848,193.80563354492188,25079600.0
2020-07-31,194.28085515431556,194.94621217125055,189.15769604486636,194.86065673828125,51044000.0
2020-08-03,201.0483878405726,206.86540338070947,200.02185312701084,205.81985473632812,78983000.0
2020-08-04,203.56719761461736,204.1374995340673,199.89829200805272,202.7307586669922,49280100.0
2020-08-05,204.2610610698923,204.35611622762954,201.09593026524874,202.39810180664062,28806400.0
2020-08-06,201.82776391473723,205.65825113444276,201.07688051454105,205.63925170898438,32656800.0
2020-08-07,204.21354073459383,205.02145153311608,200.4875933337867,201.9608612060547,27820400.0
2020-08-10,201.19093220446166,201.39054219594667,196.1343149595848,197.94024658203125,36716500.0
2020-08-11,196.90421954309804,197.3699520347846,193.08323194975972,193.3113555908203,36446500.0
2020-08-12,195.1267768843366,199.86974400577404,194.6135168477628,198.83370971679688,28013100.0
2020-08-13,199.07133602134232,200.8867818597186,197.84519143805818,198.3679656982422,22588900.0
2020-08-14,198.42499120038235,199.2139024398772,197.2368744848861,198.5580596923828,17958900.0
2020-08-17,199.2234376356791,200.73471877613036,198.57709453262723,199.86976623535156,20184800.0
2020-08-18,200.1073868408774,201.84679161192986,198.85274301626632,201.01986694335938,21336200.0
2020-08-19,201.5058125871485,202.08701579049102,199.37155510274798,199.80030822753906,27627600.0
2020-08-20,199.64784525904383,204.85009118082817,199.04759673846627,204.44992065429688,26981500.0
2020-08-21,203.7639336758104,206.04110414119745,202.80161976429585,202.96359252929688,36249300.0
2020-08-24,204.6499901784463,205.34553813622844,202.4014026425913,203.6019287109375,25460100.0
2020-08-25,203.0398003733022,206.38409208408316,203.0398003733022,206.25070190429688,23043700.0
2020-08-26,207.59414589811615,211.60538860405137,207.0986904162652,210.7097625732422,39600800.0
2020-08-27,212.36762114380463,220.2376708942696,209.04237476042434,215.8834228515625,57602200.0
2020-08-28,217.4079064903307,219.75177942740257,215.8834491710163,218.10345458984375,26292900.0
2020-08-31,216.2835998158093,217.90334192876838,213.72058919228218,214.88299560546875,28774200.0
2020-09-01,214.86391091647602,216.71232793524112,213.83489480690253,216.54083251953125,25725500.0
2020-09-02,217.2077860584741,221.86693390935534,216.61706023468037,220.71405029296875,34080800.0
2020-09-03,218.4464303584892,218.4845356074586,204.81199137013098,207.04151916503906,58400300.0
2020-09-04,204.9453609972527,208.0514545913692,195.5031981874679,204.13548278808594,59664100.0
2020-09-08,196.75136576926477,200.11471725105895,192.6543610562122,193.0926513671875,52924300.0
2020-09-09,197.79945926054114,204.69765825527963,196.94193845606748,201.31524658203125,45679000.0
2020-09-10,203.32560902386254,204.60236011002283,194.47418635865475,195.67469787597656,35461500.0
2020-09-11,197.4183414729298,198.78084050234108,191.73971383980165,194.3979949951172,33620100.0
2020-09-14,194.59808088373535,199.32391711756875,194.3979883338327,195.7128448486328,30375800.0
2020-09-15,198.58067024433495,199.87646640165667,197.16100662232296,198.92367553710938,21823900.0
2020-09-16,200.6768663903581,200.70544896164475,194.97917941167134,195.3698272705078,26328100.0
2020-09-17,190.60585800070598,194.6838026501684,190.5201102929385,193.33084106445312,34011300.0
2020-09-18,193.22603963005503,194.0359033488756,186.98525496432242,190.9298095703125,55225300.0
2020-09-21,187.88089322203805,193.140304553541,187.109134700145,192.9783172607422,39839700.0
2020-09-22,195.37935717841205,198.27585050912126,192.54004353083127,197.62794494628906,33517100.0
2020-09-23,198.08527768743798,198.27584755147745,190.58681585985815,191.12037658691406,30803800.0
2020-09-24,190.41529194301134,195.8652577628293,189.79596905441002,193.5976104736328,31202500.0
2020-09-25,193.9406713310271,199.1714862447696,192.97834281685655,198.00909423828125,29437300.0
2020-09-28,200.92464946727134,202.53486921440705,198.2377708159328,199.55262756347656,32004900.0
2020-09-29,199.4668235840097,200.1528343424677,197.04672603654993,197.47547912597656,24221900.0
2020-09-30,197.9232806684825,201.97264262940195,196.78945699327505,200.40054321289062,33829100.0
2020-10-01,203.4114276242692,203.88782329242795,201.3438721690732,202.4300537109375,27158400.0
2020-10-02,198.18054316818606,201.02939371006642,195.8366707318804,196.45599365234375,33154800.0
2020-10-05,197.4373880733873,200.47679424204267,197.2087129579813,200.44821166992188,21331600.0
2020-10-06,198.96189633233655,200.25767860913228,195.15073093910058,196.18927001953125,28554300.0
2020-10-07,197.28494338454317,200.19095944985511,196.96099786603364,199.92417907714844,25681100.0
2020-10-08,200.57206106834602,201.21996661458442,198.48546064844754,200.63876342773438,19925800.0
2020-10-09,201.25807145801653,205.6694991548574,201.25807145801653,205.62185668945312,26458000.0
2020-10-12,208.46121205395303,213.29187115337012,206.5746892609081,210.947998046875,40461400.0
2020-10-13,212.20561435708677,214.57806919963946,210.02371480834992,212.33900451660156,28950800.0
2020-10-14,212.47242892410338,213.634835303714,208.78513178296774,210.43345642089844,23421700.0
2020-10-15,206.8510024089282,209.9570968936289,205.81244881578348,209.29014587402344,22733100.0
2020-10-16,209.75700431852633,211.7959771718583,208.96620031284962,209.29014587402344,26057900.0
2020-10-19,210.0142204709931,211.80547245913127,203.630522766919,204.10691833496094,27625800.0
2020-10-20,205.61235071965658,207.10822539351736,203.03028008469627,204.51663208007812,22753500.0
2020-10-21,203.05884917539285,206.67945852332676,203.05884917539285,204.6595458984375,22724900.0
2020-10-22,203.8306295350943,205.86007959371454,201.7059090724814,204.7453155517578,22351500.0
2020-10-23,204.87864165571455,206.06963037135185,203.09692718942082,206.02198791503906,18879600.0
2020-10-26,203.75437998821897,206.12682049278558,198.27583123211025,200.162353515625,37111600.0
2020-10-27,201.60108711313487,204.53568576239945,200.4005754314339,203.18272399902344,36700300.0
2020-10-28,197.8661428219542,198.9809067591582,192.5591035035503,193.11170959472656,51195600.0
2020-10-29,194.43606581258936,197.57074179703807,193.769100483678,195.0553741455078,31432600.0
2020-10-30,193.89301013017186,194.64570878486924,190.19617560413607,192.91163635253906,36953700.0
2020-11-02,194.64567580398509,195.58894417052068,190.67253889874814,192.77821350097656,30842200.0
2020-11-03,194.2645939137079,198.29489655104663,193.53094063130447,196.68467712402344,27512000.0
2020-11-04,203.91635870169142,208.01336340786992,202.391887100831,206.17446899414062,42311800.0
2020-11-05,211.55774456042553,213.5395519346152,210.7097610023845,212.7487335205078,36080100.0
2020-11-06,211.76735056508159,213.76821774632472,207.73704817031117,213.15843200683594,25231900.0
2020-11-09,213.84445234772951,217.35071687203836,207.59414460374276,208.08006286621094,44395000.0
2020-11-10,204.3737238814988,206.27930638855238,199.81938285271593,201.04847717285156,44045100.0
2020-11-11,202.36331998035507,207.74658438097188,202.18228732835718,206.32693481445312,29440800.0
2020-11-12,206.95574656645329,208.76604371283022,204.33557122707558,205.26930236816406,21593900.0
2020-11-13,206.14587499770434,207.15583119845917,204.04973756653277,206.28878784179688,18621100.0
2020-11-16,204.72623524216695,207.4607558021883,204.3927670537816,206.97482299804688,24953300.0
2020-11-17,205.89817875225006,207.4035760150649,203.97353650780587,204.33560180664062,24154100.0
2020-11-18,204.09676961168395,205.54880785492185,201.498391524417,201.64169311523438,28372800.0
2020-11-19,201.92829274858192,203.5045082981434,200.54311684420654,202.92178344726562,24792700.0
2020-11-20,202.71163939065835,203.75289739141846,200.61001359213682,200.98257446289062,22843100.0
2020-11-23,201.51749377618378,202.79757297783098,198.8522533741571,200.71505737304688,25683500.0
2020-11-24,200.21831990991032,204.66995462675723,199.5209654528128,204.29739379882812,33979700.0
2020-11-25,205.49145926182734,205.66340365073432,202.95995858181058,204.30690002441406,21012900.0
2020-11-27,205.2431110137325,206.59961477704968,204.46931745600483,205.60610961914062,14512200.0
2020-11-30,204.52667376224022,205.15715124474664,201.41243305795305,204.49801635742188,33064800.0
2020-12-01,204.91831538871995,207.6026802551805,203.8101951352775,206.5423126220703,30904500.0
2020-12-02,205.2717418468699,205.83535676314904,203.2847463647257,205.7398223876953,23724500.0
2020-12-03,205.01383612716327,206.70469566225796,204.0967555691371,204.66038513183594,25120900.0
2020-12-04,204.6412545137677,205.749389157134,203.6477494623016,204.77499389648438,24666000.0
2020-12-07,204.7845850033911,205.90226749133078,203.46630068701492,204.70816040039062,24620000.0
2020-12-08,204.40245069453582,207.24919755761567,203.3707405493624,206.35122680664062,23284100.0
2020-12-09,205.53925857408703,205.60612098805632,201.76588327062407,202.32949829101562,32440600.0
2020-12-10,202.3008269195042,203.55224866960762,200.9538707828964,201.10671997070312,26733300.0
2020-12-11,200.65776889930476,203.7815572928785,199.75979798803561,203.72422790527344,30979400.0
2020-12-14,203.57135650628612,206.54229514941832,203.36119251919632,204.62216186523438,28798400.0
2020-12-15,205.5488497335578,205.78767119040904,202.74986925598347,204.55535888671875,27000600.0
2020-12-16,205.14757883974474,210.2679101449516,205.11892143839012,209.4750213623047,35023300.0
2020-12-17,210.03864025323077,211.01303564686324,208.17583624812565,209.6087646484375,32515800.0
2020-12-18,208.8158721923828,209.86669216480047,206.36079582264512,208.8158721923828,63354900.0
2020-12-21,207.82240569921558,213.98399551182237,207.56447448034749,212.6370391845703,37181900.0
2020-12-22,212.73254404895405,215.54108593235114,211.93010767555515,213.92665100097656,22612200.0
2020-12-23,213.1337656474204,213.5636412417296,210.92705829699878,211.13722229003906,18699600.0
2020-12-24,211.519354763538,213.6114327473133,211.30919074657865,212.78988647460938,10550600.0
2020-12-28,214.413857010838,215.92321005733746,213.04780555492192,214.90106201171875,17933500.0
2020-12-29,216.19066325935648,217.02175699558643,213.5827378764795,214.1272430419922,17403200.0
2020-12-30,215.15899792298163,215.54112095562053,211.56712887519555,211.76773071289062,20272300.0
2020-12-31,211.78681782520988,213.0286920393946,209.857136802446,212.47462463378906,20942100.0
2021-01-04,212.57969433100567,213.02867970996735,205.20488864757192,207.95611572265625,37130100.0
2021-01-05,207.54537125941306,208.74904060125732,206.05512786141864,208.15675354003906,23823000.0
2021-01-06,202.68291379311708,206.80975396673605,202.4632022192853,202.75933837890625,35930700.0
2021-01-07,204.46934784854162,209.53236504897438,204.1541163901864,208.52931213378906,27694500.0
2021-01-08,208.90181875821585,210.71686988995043,207.32560356953795,209.79978942871094,22956200.0
2021-01-11,208.70120553138648,209.1215334457232,207.03900366373637,207.76502990722656,23031300.0
2021-01-12,206.81935511398407,207.392532367534,203.78155356907752,205.31954956054688,23249300.0
2021-01-13,204.4502033865716,207.06767628402105,204.3642166148636,206.6664581298828,20087100.0
2021-01-14,206.25572423330087,207.73641987769744,203.22747053007149,203.4949493408203,29480800.0
2021-01-15,203.9726032075833,204.9183267052181,202.5492222917303,203.14149475097656,31746500.0
2021-01-19,204.1922881817282,207.2778564550541,203.12237302041416,206.7620086669922,30480900.0
2021-01-20,207.9656955997527,215.69395347478093,207.57402496133145,214.3087921142578,37777300.0
2021-01-21,214.65268280655076,216.18114567833973,212.47463268897792,214.91061401367188,30709400.0
2021-01-22,216.9262332617842,219.7825421565969,215.70346898693128,215.8467559814453,30172700.0
2021-01-25,218.87502253781977,219.5055145049017,214.19412913094075,219.26669311523438,33152100.0
2021-01-26,221.49248196373176,223.70873659737057,219.79207505231525,221.94146728515625,49169600.0
2021-01-27,227.35798561441428,229.6888849420293,219.84943979215547,222.48602294921875,69870600.0
2021-01-28,225.07487311695797,231.79053068312115,224.5781204522102,228.2464141845703,49111200.0
2021-01-29,225.437858347954,227.377086987308,221.00533366135892,221.5880584716797,42503100.0
2021-02-01,224.54946135808032,231.65678952141076,222.03705522373815,228.93421936035156,33314200.0
2021-02-02,230.51038417352342,231.47521723958002,228.01708854245695,228.8004150390625,25916300.0
2021-02-03,228.85776177893771,234.13092741775498,228.56161101991137,232.13438415527344,27158100.0
2021-02-04,231.80960404543467,232.36367143508832,229.6219918883106,231.18865966796875,25296100.0
2021-02-05,231.3988203649493,232.40187313232684,229.66975580932288,231.3701629638672,18054800.0
2021-02-08,232.27766943528493,232.78396959711438,230.04230480647178,231.62808227539062,22211900.0
2021-02-09,231.0549132931618,233.81568797324968,230.58683269861282,232.86996459960938,23565000.0
2021-02-10,234.0449636571625,234.9238246286542,230.1187393980578,231.9624481201172,22186700.0
2021-02-11,233.8348420023779,234.1882930612906,231.32243584458377,233.5578155517578,15751100.0
2021-02-12,233.0228007069779,234.331551842112,231.87646094509842,234.03541564941406,16561100.0
2021-02-16,234.07364754036084,235.12446761239,232.05799418510682,232.80311584472656,26728500.0
2021-02-17,231.06050473804564,233.92337823277546,230.6966554202905,233.81805419921875,21653500.0
2021-02-18,231.5200582564853,233.5594929778077,230.62001931004644,233.42544555664062,16925600.0
2021-02-19,233.38716644155568,233.4924904651733,229.96893508329921,230.72535705566406,25262600.0
2021-02-22,227.32628051507058,227.81459302124637,222.51969763144905,224.5399932861328,36446900.0
2021-02-23,220.5376964424216,224.84638235438035,219.00571338525143,223.3527069091797,30228700.0
2021-02-24,220.2312992194705,225.20065276027566,219.26424384032524,224.5782928466797,26339700.0
2021-02-25,222.21334307210185,224.61662756906875,218.19190496714646,219.2547149658203,39542200.0
2021-02-26,221.68671096867462,225.3634533466254,219.78130875334585,222.50057983398438,37819200.0
2021-03-01,225.87087537131603,227.374134963668,223.23778964286245,226.86666870117188,25324000.0
2021-03-02,226.9337360850043,227.21141518766257,223.52508849566448,223.92723083496094,22812500.0
2021-03-03,222.28989251072855,223.64952050590935,217.59820362700248,217.8854522705078,34029500.0
2021-03-04,217.10031296721587,222.6058557444878,214.72573791098387,217.09072875976562,44727800.0
2021-03-05,219.7621508732522,223.35272272073442,216.8322465833186,221.75372314453125,41872800.0
2021-03-08,221.5334915341693,223.44846319176875,217.473760970506,217.7227020263672,35267400.0
2021-03-09,222.97928734112668,225.37300172907223,221.82072314892886,223.8410186767578,33080500.0
2021-03-10,226.92413561375264,226.92413561375264,222.17499959610404,222.53884887695312,29746800.0
2021-03-11,224.97085693103975,229.0018637332939,224.3484824311404,227.04859924316406,29907600.0
2021-03-12,224.06126424055526,225.79432594592853,223.31442642722314,225.727294921875,22653700.0
2021-03-15,224.97085635878273,225.19107398861252,221.9547675055726,224.8272247314453,26034900.0
2021-03-16,226.2347458255093,229.854041015424,225.909204156804,227.6039581298828,28092200.0
2021-03-17,226.11025586249227,228.40823044727705,223.3143992028997,226.96241760253906,29562100.0
2021-03-18,222.6728724798709,224.23357884907625,220.53768345561124,220.91110229492188,34833000.0
2021-03-19,221.19841387398696,222.58676561470907,219.59941405011241,220.55690002441406,46430700.0
2021-03-22,220.48027202322757,226.82839330995083,220.35579418679632,225.95709228515625,30127000.0
2021-03-23,227.39332196658782,230.80196928781112,226.991179658923,227.4794921875,31638400.0
2021-03-24,227.7380213959927,227.88163843332822,225.31558329909987,225.4496307373047,25620100.0
2021-03-25,225.2964296372037,226.8667058900846,221.72501140908014,222.46226501464844,34061900.0
2021-03-26,221.70582606846494,226.64645599438444,221.70582606846494,226.4262237548828,25479900.0
2021-03-29,226.53154963057577,226.7326280661036,222.02179993878485,225.23895263671875,25227500.0
2021-03-30,223.60165689388273,223.90805936160643,221.27497342116027,221.9930877685547,24792000.0
2021-03-31,223.00800441804873,228.9348434120641,222.5101077486613,225.7464141845703,43623500.0
2021-04-01,228.33162726205853,232.51583530133811,227.92948500151644,232.0466766357422,30338000.0
2021-04-05,232.43925494489872,239.33316461233116,232.38180813268252,238.4810028076172,36910600.0
2021-04-06,237.08307726255737,238.7969705443699,236.38411666707708,237.32244873046875,22931900.0
2021-04-07,237.2745539833188,240.2619050069019,236.68091746198468,239.27569580078125,22719800.0
2021-04-08,242.02367204884553,243.33542282364596,241.28640394596803,242.48326110839844,23625200.0
2021-04-09,242.11945976127174,245.10682576462426,241.70774782876975,244.9727783203125,24326800.0
2021-04-12,243.88118671909228,246.7153507921409,243.79500190327002,245.03016662597656,27148700.0
2021-04-13,246.32284503909835,248.17078591119957,245.91110387296226,247.5005340576172,23837500.0
2021-04-14,246.53344753840463,247.82602995681816,244.3120735305234,244.72378540039062,23070900.0
2021-04-15,246.9642849611244,248.87925640278655,246.77280534904537,248.46754455566406,25627500.0
2021-04-16,248.43881933651508,249.9037713098706,246.64832572687448,249.65481567382812,24878600.0
2021-04-19,249.12823427121432,250.3633991429451,246.85899758557616,247.7398681640625,23209300.0
2021-04-20,246.85899261240542,249.13781346064496,245.92064602191053,247.28028869628906,19722900.0
2021-04-21,247.93138636220118,249.59740237748605,246.31323295097548,249.50164794921875,24030400.0
2021-04-22,249.14738450102254,250.6506442962717,244.77168176983514,246.2366485595703,25606200.0
2021-04-23,246.9164410330128,250.39211913765618,246.33235950466667,250.0474090576172,21462600.0
2021-04-26,250.53572803261042,251.2825657582876,249.1090835974423,250.43038940429688,19763300.0
2021-04-27,250.45916227852362,252.00072985456097,249.0612409712999,250.8325958251953,31014200.0
2021-04-28,245.1929318712651,245.63339634375507,242.19601148356284,243.73756408691406,46903100.0
2021-04-29,244.59936017389475,245.21215057985066,238.41399468652585,241.77476501464844,40589000.0
2021-04-30,239.12245714343067,242.3204555161356,238.98840974487626,241.45870971679688,30945100.0
2021-05-03,242.62691132381622,243.5365345797902,240.44384472962815,241.1523895263672,19626600.0
2021-05-04,240.3002295284538,240.5300313964655,235.31172172633566,237.2554168701172,32756100.0
2021-05-05,238.47140072187236,238.89269679330795,235.36915621416165,235.99151611328125,21901300.0
2021-05-06,235.9723779697014,239.23740812996687,234.28720818218096,239.11293029785156,26491100.0
2021-05-07,241.43000432990735,243.48860727351916,240.49167247002168,241.72683715820312,27032900.0
2021-05-10,240.20443502693968,241.02787332068948,236.6138636199037,236.6713104248047,29299900.0
2021-05-11,234.15314965767922,236.11599842229506,232.25733191028016,235.76171875,33641600.0
2021-05-12,231.8742932454073,233.99034291596996,227.948610928763,228.8390655517578,36684400.0
2021-05-13,231.52005055871984,235.15849922523182,231.15620130904685,232.69775390625,29624300.0
2021-05-14,235.13938182515005,238.58632219282524,235.05321160322504,237.60011291503906,23901100.0
2021-05-17,236.06812840418084,236.10642140799038,233.16694758064864,234.75636291503906,24970200.0
2021-05-18,235.8000487598773,235.9340961969697,232.57331145045896,232.74566650390625,20168000.0
2021-05-19,229.6650298465588,233.42703939757578,228.98365334584912,233.32147216796875,25739800.0
2021-05-20,234.12762575703587,237.95680642050272,234.03165022443645,236.54605102539062,21800700.0
2021-05-21,237.59211443977617,238.32147864585824,234.8761710741965,235.28883361816406,21863100.0
2021-05-24,237.8032462568259,241.03743419435494,237.53453234396076,240.67274475097656,21411500.0
2021-05-25,241.62286264574047,242.56336139082663,240.71115363257866,241.5748748779297,17704300.0
2021-05-26,241.29653187433004,242.74568324908876,240.64394515378893,241.3541259765625,17771600.0
2021-05-27,241.04706068681733,241.3445643730213,239.20444445668525,239.26202392578125,24426200.0
2021-05-28,240.8838414259268,241.92031548892075,239.50187600860147,239.61703491210938,18270200.0
2021-06-01,241.1045951554449,241.1621746137941,237.0067008356278,237.428955078125,23213300.0
2021-06-02,238.12951193758346,239.2235654293985,235.93179861632396,237.3329620361328,19406700.0
2021-06-03,235.33685693077388,236.4117126902741,233.20632880475637,235.80711364746094,25307700.0
2021-06-04,237.77450775904123,241.50772825695785,237.53458352487226,240.68238830566406,25281100.0
2021-06-07,239.90500219538873,243.84935663294988,239.7418554964885,243.5806427001953,23079200.0
2021-06-08,244.87625158398234,245.69199976341898,242.33304614702865,242.39064025878906,22455000.0
2021-06-09,243.58062603040793,245.23130558654012,243.00481677554484,243.36949157714844,17937600.0
2021-06-10,244.04127308607627,247.08350993870562,243.4462658042312,246.87237548828125,24563600.0
2021-06-11,247.59216206789282,248.07201045627983,246.26777582992523,247.4962158203125,18999700.0
2021-06-14,247.50578718025523,249.4731830999678,246.45011489255833,249.4156036376953,19150500.0
2021-06-15,249.30038033803766,249.51151476586116,247.29461791752257,247.94720458984375,18038900.0
2021-06-16,248.94532119918156,250.07775629014873,244.16603567438125,247.00674438476562,27220000.0
2021-06-17,245.74962497210404,251.2006970617385,245.69204549343834,250.38494873046875,27565500.0
2021-06-18,249.1660721590066,251.72844608322075,248.3215343320705,248.97412109375,37202200.0
2021-06-21,249.34845064070845,252.899311527695,247.5250324244046,252.04519653320312,26696100.0
2021-06-22,252.13153511680653,255.07781121256852,251.8244251231669,254.80909729003906,24694100.0
2021-06-23,255.26971815327227,256.0758598739971,253.77259363083766,254.5787353515625,19518700.0
2021-06-24,255.432935900269,257.0548260390858,254.7707426820479,255.9415740966797,21446900.0
2021-06-25,255.50002957701327,256.4789095394784,254.08927444096972,254.33877563476562,25611100.0
2021-06-28,255.4616476586145,258.0624173190281,255.19293377437566,257.8896789550781,19590000.0
2021-06-29,258.0336989887395,260.70165518033133,257.1795839833562,260.46173095703125,19937800.0
2021-06-30,259.7803139253489,260.42329434263524,258.7342479891088,259.9818420410156,21656500.0
2021-07-01,258.7438091696623,260.88394332062984,258.7342321183935,260.65362548828125,16725300.0
2021-07-02,261.8245157190933,266.7957386402668,261.5174056815565,266.4598388671875,26458000.0
2021-07-06,266.8244128478086,268.1104026246158,263.24473441126366,266.4693298339844,31565600.0
2021-07-07,268.1393110275168,269.3773282430186,265.9799929781562,268.64794921875,23260000.0
2021-07-08,265.7399527520103,267.4962137332664,263.79177004494005,266.239013671875,24618600.0
2021-07-09,264.6075400651112,266.8436201918425,264.2236672937446,266.7380676269531,23916700.0
2021-07-12,267.9089660643457,268.4943670627255,265.432931883586,266.14312744140625,18931700.0
2021-07-13,266.3350372176916,271.45023740575635,266.2103012391227,269.6556091308594,26120100.0
2021-07-14,270.9704073941302,272.2276079057793,269.2429355174447,271.12396240234375,23113700.0
2021-07-15,270.6345204272743,271.1239752085975,268.55196530906284,269.70361328125,22604200.0
2021-07-16,270.70168228808353,272.6498656125402,268.1968584208553,269.43487548828125,26186800.0
2021-07-19,267.68821296919947,269.0701786607104,263.3887901846065,265.8456115722656,32935600.0
2021-07-20,266.8245133835614,269.6460244586933,265.1258605067467,268.0625305175781,26259700.0
2021-07-21,267.6594129528652,270.173813707087,266.11431527092736,270.05865478515625,24364300.0
2021-07-22,272.40028518129105,274.8763188626381,271.9972290018453,274.60760498046875,23384100.0
2021-07-23,275.78798075252445,278.3023809168699,274.95304947678056,277.99530029296875,22768100.0
2021-07-26,277.35229544353166,278.0144883881187,275.0874257048847,277.4002685546875,23176100.0
2021-07-27,277.76499367762403,277.90894231723627,271.54617814543514,274.9914855957031,33604100.0
2021-07-28,277.3427056762893,278.4559572251852,272.39066780193826,274.6843566894531,33566900.0
2021-07-29,274.70353348763825,276.9876159825094,274.5499785237899,274.95306396484375,18168300.0
2021-07-30,273.67665447698084,275.1065928412769,272.4674275561007,273.4271240234375,20944800.0
2021-08-02,274.8187321390319,275.2122112993794,272.3043314785068,273.3408203125,16267400.0
2021-08-03,273.91662898110934,275.6536775635122,272.55384686025644,275.548095703125,17879000.0
2021-08-04,274.6844177660965,275.99919768889043,273.1776867693029,274.9627380371094,16191300.0
2021-08-05,275.317795323746,277.95696126160766,274.56923306560276,277.85137939453125,13900200.0
2021-08-06,276.8821288688246,277.83221931412936,276.0279846719422,277.7938232421875,16589300.0
2021-08-09,278.07213285524966,279.7995752873609,276.2103188203015,276.7093505859375,16117600.0
2021-08-10,277.16043936211105,277.5923146609027,273.7055541222731,274.89556884765625,18616600.0
2021-08-11,275.63454156443856,277.02611380022,274.3389448772672,275.3850402832031,13955900.0
2021-08-12,275.0779013971637,278.283285228758,274.79958112166787,278.1297302246094,14561300.0
2021-08-13,277.8129768656206,281.0951227722163,277.64020922241923,281.0471496582031,18249000.0
2021-08-16,281.37347818942425,282.93778849851935,278.33122675983446,282.7266540527344,22507600.0
2021-08-17,280.60574999790174,281.60381354222284,279.3485202964206,281.2679138183594,20075300.0
2021-08-18,280.80635995342857,283.4794229415405,279.104426221495,279.5467529296875,21813000.0
2021-08-19,277.5852791245708,286.0275472712108,277.5372141574895,285.3544616699219,29850500.0
2021-08-20,288.190963446094,294.0755466635113,286.5948135303095,292.6524658203125,40817600.0
2021-08-23,291.5852240575287,293.65251656215764,290.2390821482606,292.9313659667969,22830200.0
2021-08-24,293.287107016583,293.89287816648005,290.3832847329818,290.97943115234375,18175800.0
2021-08-25,292.59471346387596,292.8735664724447,288.86398709784237,290.392822265625,20006100.0
2021-08-26,289.4120524153368,290.79666345082654,287.4505445681289,287.58514404296875,17666100.0
2021-08-27,287.48898771577944,289.29667599402853,285.41207114143054,288.19091796875,22605700.0
2021-08-30,289.53711917376893,292.51788050210155,289.47942948011064,291.912109375,16348100.0
2021-08-31,292.71018783230056,292.78709763966935,289.9024956924805,290.26788330078125,26285300.0
2021-09-01,291.2198217734967,293.45058787896966,289.8929000496603,290.2198181152344,18983800.0
2021-09-02,290.5755767585639,291.69093033858195,288.6332593639689,289.5659484863281,16285600.0
2021-09-03,289.4120513855412,290.96013607463146,288.71015048588737,289.5563049316406,14747900.0
2021-09-07,289.4312987154951,289.50820850832446,286.7293910832392,288.6332092285156,17180400.0
2021-09-08,288.248626330133,289.04668654196234,286.0274854074498,288.6620788574219,15046800.0
2021-09-09,289.2486932805111,290.5179253274323,285.57562599791714,285.8160095214844,19927000.0
2021-09-10,286.9410140892641,288.38331521441347,284.01794225939454,284.3352355957031,19633400.0
2021-09-13,286.1044662823442,287.05640501689754,282.7679417050382,285.5660095214844,23652900.0
2021-09-14,288.0371373862397,289.79676112846977,286.6333058908585,288.25830078125,21853400.0
2021-09-15,291.59473625055216,293.5754934405264,290.2101252943416,293.0947265625,28356300.0
2021-09-16,292.0755692493566,293.5659351711585,289.19096732817496,293.4794006347656,19550800.0
2021-09-17,292.469819016164,292.7871123350573,288.0082870289444,288.335205078125,41372500.0
2021-09-20,284.93137463486613,287.22945511957835,278.38333004418814,282.9794616699219,38278700.0
2021-09-21,284.3159844038209,286.09482813249366,282.7583040538949,283.460205078125,22364100.0
2021-09-22,285.3160036325235,288.6717480113228,283.18139690958066,287.0948181152344,26626300.0
2021-09-23,287.35442848279695,289.32556135418525,286.085196618995,288.037109375,18604600.0
2021-09-24,286.7582917069234,288.26787776636394,285.5082799167376,287.835205078125,14999000.0
2021-09-27,284.7486233260551,285.06591655736753,281.67170353978287,282.8544006347656,23571700.0
2021-09-28,278.65259987175267,279.59491395300205,271.8737954883022,272.6141662597656,43186200.0
2021-09-29,274.1334382409269,275.7391841096187,272.1238350499369,273.07574462890625,26353700.0
2021-09-30,274.71987639892257,276.7583238245585,270.7872057817873,271.07568359375,32343600.0
2021-10-01,271.2679145751983,278.82558560260657,270.4698544217859,277.97943115234375,30086300.0
2021-10-04,276.3448992444517,276.68144205400307,269.4699361794418,272.21990966796875,31350700.0
2021-10-05,273.1236812465694,279.2294271274474,273.1236812465694,277.65252685546875,24993000.0
2021-10-06,274.7871740588591,282.3352215175468,274.5275704532508,281.835205078125,28002600.0
2021-10-07,283.825594084445,285.22945482720434,282.6140812194665,283.50830078125,20430500.0
2021-10-08,284.82559764308587,285.22945482720434,282.46023226093035,283.50830078125,17685700.0
2021-10-11,281.6526239319685,286.5083601313148,281.48915019910635,282.9122314453125,19298600.0
2021-10-12,283.9794400643769,284.0755993304145,281.10446287508915,281.61407470703125,17974100.0
2021-10-13,283.5659677751689,285.8447984376841,282.20057671725624,284.912109375,23416300.0
2021-10-14,287.70053210668726,291.6043571503594,286.3736107122371,291.1043701171875,27262900.0
2021-10-15,290.71014559366176,292.7389973101157,288.96014691464524,292.5082092285156,25384800.0
2021-10-18,291.8929101341572,296.3544130437195,291.04675544173375,295.4698181152344,22729300.0
2021-10-19,296.48903662007575,297.4024763811832,295.4024984250073,296.3736572265625,17682100.0
2021-10-20,297.3159240470741,297.787095667317,294.3351627369978,295.5851745605469,16537100.0
2021-10-21,295.3544316768825,299.0563143524255,294.5755620879851,298.80633544921875,16918100.0
2021-10-22,298.46011490450775,299.1235756390308,295.960120910737,297.267822265625,17449300.0
2021-10-25,297.46019509805154,297.49866468087276,294.6717518892406,296.27752685546875,17554500.0
2021-10-26,299.03708430610516,300.3832260837612,296.7294084953105,298.1813049316406,28107300.0
2021-10-27,303.8447410132644,313.55624018654,303.8447410132644,310.73895263671875,52588700.0
2021-10-28,311.854316213441,312.37355280117015,308.9985589964651,311.8735656738281,26297900.0
2021-10-29,311.6620115299265,319.2292792064878,311.44084815229064,318.8638916015625,34766000.0
2021-11-01,318.6139440700778,318.73894820543626,313.8158980182633,316.70050048828125,27073200.0
2021-11-02,317.60429349098206,320.62352433879016,317.30622029819705,320.3158264160156,26487100.0
2021-11-03,321.0561844849301,322.01771844825345,317.9311991041292,321.15234375,21500100.0
2021-11-04,320.0851008365663,323.59469443504923,316.8351108815185,323.49853515625,23992200.0
2021-11-05,325.4888877422965,325.75811609186775,321.556217155061,323.13311767578125,22570100.0
2021-11-08,324.32538640649415,324.6619291544204,321.57541342152103,324.0273132324219,20897000.0
2021-11-09,324.1426666918192,325.6907514710201,321.6619222348102,323.0273132324219,21307400.0
2021-11-10,321.7003488624345,321.75803853905813,317.2292228620169,318.0753479003906,25500900.0
2021-11-11,318.50824930740345,320.9313052742518,317.7967232876137,319.6428527832031,16849800.0
2021-11-12,321.07541697774906,324.258091880674,320.9504128741325,323.7677001953125,23831000.0
2021-11-15,324.5562174839805,324.8831355458123,321.18122351578705,323.14276123046875,16723000.0
2021-11-16,322.7676872089823,327.5657612448941,322.60424288113046,326.45037841796875,20886800.0
2021-11-17,326.49855034066394,329.6292527687157,325.59305251737624,326.67193603515625,19053400.0
2021-11-18,325.76653017545846,329.879811494884,324.7454416009235,328.74310302734375,22463500.0
2021-11-19,330.06272241316236,332.43241492443923,329.638871148073,330.51544189453125,21963400.0
2021-11-22,331.9700783843757,336.83472639710845,327.08617509182903,327.35589599609375,31031100.0
2021-11-23,324.678002095964,326.9899295843519,321.3161178127125,325.2848815917969,30427600.0
2021-11-24,323.9361753313232,325.74717091105794,321.65317557932343,325.50634765625,21661300.0
2021-11-26,322.0771142842693,325.5256912943584,316.07578656240105,317.5785217285156,24217200.0
2021-11-29,322.6453783318279,326.58524340078264,322.4527079617969,324.2733459472656,28563500.0
2021-11-30,323.0114652960252,325.38115820776426,316.9138032094252,318.455078125,42885600.0
2021-12-01,322.82842346064837,326.8260839728482,317.2991304369134,317.9637756347656,33337600.0
2021-12-02,318.1757424602907,321.2486502191634,315.76750938263973,317.3954772949219,30766000.0
2021-12-03,319.8036737217345,320.48763300351385,306.3561099885442,311.1533203125,41779300.0
2021-12-06,312.05884639145665,315.43037261838606,307.51210127524547,314.21661376953125,30032600.0
2021-12-07,319.46658948224007,323.47386355690173,317.98310963695894,322.6261901855469,31021900.0
2021-12-08,323.00180200991804,323.184830047875,318.65734078900067,322.6742858886719,24761000.0
2021-12-09,322.1348363640117,324.1384729979598,319.92888702095325,320.8729248046875,22214200.0
2021-12-10,322.6838774043945,330.409476146995,322.5008493952642,329.96636962890625,38095700.0
2021-12-13,328.17466430025087,331.17052092748463,326.63338956387594,326.941650390625,28899400.0
2021-12-14,320.98850283752,322.3563918673137,312.2128880966609,316.2876281738281,44438700.0
2021-12-15,316.54772931653724,322.8862143337398,312.5886088133381,322.36602783203125,35381100.0
2021-12-16,323.3871030361662,324.39857838163,311.1629118249928,312.9739074707031,35034800.0
2021-12-17,309.101507137352,312.993219650069,305.6047483392989,311.914306640625,47750300.0
2021-12-20,308.30192948085835,310.95098537340476,305.9129815266249,308.1670837402344,28326500.0
2021-12-21,311.42298181666746,315.70000480849893,308.0610694765146,315.2761535644531,24740600.0
2021-12-22,316.2491091479911,321.3641930953662,313.7927235316347,320.9692687988281,24831500.0
2021-12-23,320.5357805584728,324.04218156998655,320.5165252794348,322.4045715332031,19617800.0
2021-12-27,323.1462915394775,329.90862784139654,323.11739392269027,329.8797302246094,19947000.0
2021-12-28,330.5540058070814,331.18978275080303,327.827899397402,328.7237548828125,15661500.0
2021-12-29,328.77190728660776,331.6617864461058,327.2113772440582,329.3980712890625,15042000.0
2021-12-30,329.35951889161,330.53473754796454,326.3829469974742,326.8645935058594,15994500.0
2021-12-31,326.0843763307589,326.9031519971822,323.52201300272316,323.9747619628906,18000800.0
2022-01-03,323.04026186064476,325.59298202366506,317.67471365181035,322.4622802734375,28865100.0
2022-01-04,322.5394495565749,322.895892734741,314.14917400711465,316.93310546875,32674300.0
2022-01-05,313.89866197929246,314.1009746877151,304.3813512536725,304.76666259765625,40054300.0
2022-01-06,301.6552144415301,307.0015085378214,300.05614444176234,302.3584289550781,39646100.0
2022-01-07,302.61855190067536,304.88229679267107,298.7075838733872,302.5126037597656,32720000.0
2022-01-10,298.1295606763108,303.16759397911807,293.50576573261736,302.7341003417969,44289500.0
2022-01-11,301.87678551872176,304.98820330544083,298.5149021278563,303.4180603027344,29386800.0
2022-01-12,307.9359141133859,311.53862085227667,305.4409591479046,306.5872802734375,34372200.0
2022-01-13,308.70657273811673,309.1015264774925,292.8411325706475,293.61175537109375,45366000.0
2022-01-14,293.0819018422109,299.41074404993253,292.6002553313774,298.8135070800781,39846400.0
2022-01-18,292.9085692050015,298.4282204045511,290.6640795954702,291.5406799316406,42333200.0
2022-01-19,295.04710904109396,302.38739918282636,291.5888896692159,292.19573974609375,45933900.0
2022-01-20,297.7249746936836,300.2102576999121,290.08606825576,290.5291748046875,35380700.0
2022-01-21,291.5792015826187,292.94706137271686,284.7590697196657,285.1636657714844,57984400.0
2022-01-24,281.4742645277423,286.20400792942536,265.9170569502406,285.4911804199219,85731500.0
2022-01-25,280.81925977927426,284.16188879599434,274.7023706778007,277.9004821777344,72848600.0
2022-01-26,296.6846403493407,297.17592925056107,282.27378342148563,285.8186950683594,90428900.0
2022-01-27,291.5502640782282,296.01992832954136,286.9938775868818,288.8337707519531,53481300.0
2022-01-28,289.2094904507192,297.1566583183815,283.64165765387617,296.9447326660156,49743700.0
2022-01-31,297.6093663560582,300.9134540935953,295.12405410178434,299.5648498535156,46444500.0
2022-02-01,299.0158807231996,299.22780642788894,293.92969320803354,297.42645263671875,40950400.0
2022-02-02,298.26445765509385,303.5529275513087,297.54198780490606,301.953857421875,36636000.0
2022-02-03,298.12960422865086,299.8057543934319,288.94942117258597,290.19207763671875,43730000.0
2022-02-04,289.19021973386526,297.46490411870997,288.95903879189694,294.70989990234375,35096500.0
2022-02-07,294.931467433284,296.5401504808717,288.89160075762936,289.903076171875,28533300.0
2022-02-08,290.19208646707324,294.3438779498826,288.93981702301244,293.3805847167969,32421200.0
2022-02-09,298.49559837334124,300.47997960930934,296.10665053831843,299.7864074707031,31284700.0
2022-02-10,292.8796180366124,297.7731336434456,289.6622228774468,291.2805480957031,45386200.0
2022-02-11,292.06082398149493,293.12045222250043,283.4200840938403,284.2099914550781,39175600.0
2022-02-14,282.9866171180097,285.8668836168061,280.65546416556623,284.1714782714844,36359500.0
2022-02-15,288.9975672412042,289.7585476106749,286.11730093278925,289.440673828125,27058300.0
2022-02-16,288.0120371225755,290.42524925713894,283.484848801482,289.1028137207031,29982100.0
2022-02-17,286.0718591090062,286.4965868814694,279.9326604203937,280.6373291015625,32461600.0
2022-02-18,282.8768259965057,283.6587046792709,276.37081294696964,277.9345703125,34264000.0
2022-02-22,275.106174591051,281.4191455825817,274.6235321794877,277.73175048828125,41736100.0
2022-02-23,280.1064459602223,281.5736982844178,270.37638432486085,270.54046630859375,37811200.0
2022-02-24,263.04977493259855,284.913470148122,262.0941229321313,284.3632507324219,56989700.0
2022-02-25,284.8942092758671,287.2977593325136,281.52534482802724,286.9888610839844,32546700.0
2022-02-28,284.0929935575526,288.7553360718081,282.8284727085798,288.41748046875,34627500.0
2022-03-01,286.1104609698699,289.55653540384833,282.0079998222269,284.7108154296875,31217800.0
2022-03-02,285.10651756719705,291.00442328606925,283.504170648304,289.76885986328125,31873000.0
2022-03-03,292.37516228556973,292.60682123875046,283.84201770674827,285.6471252441406,27314500.0
2022-03-04,284.0736891436429,285.39612468595874,277.20086566715224,279.7974548339844,32356500.0
2022-03-07,278.5136040383842,279.63333786848386,268.8607566666478,269.2275695800781,43157200.0
2022-03-08,268.1561220285429,274.1022802945537,260.6269119121218,266.2738342285156,48159500.0
2022-03-09,273.6004011394195,279.54656067391153,271.0327393319232,278.4847412109375,35204500.0
2022-03-10,273.19487038356175,276.65060617183343,270.8395733141263,275.6756591796875,30628000.0
2022-03-11,277.9634336750457,279.4596429563479,269.7295545935928,270.34735107421875,27209300.0
2022-03-14,270.60798934145595,275.49232901217977,266.2449118112666,266.8433837890625,30660700.0
2022-03-15,270.6176832217213,277.8283640849266,269.05392607565614,277.1816101074219,34245100.0
2022-03-16,279.07349465678493,284.343971257443,273.36868699762886,284.17022705078125,37826300.0
2022-03-17,283.1084122705425,285.3478508163391,279.32448255840876,284.9714050292969,30816600.0
2022-03-18,285.11620984529543,290.55076880569743,282.56787290557435,290.00054931640625,43390600.0
2022-03-21,288.5140723534525,289.72067870618065,284.66256484399344,288.7746887207031,28351200.0
2022-03-22,289.3923936093338,294.4118867402999,288.39815136686497,293.5045166015625,27599700.0
2022-03-23,290.0777796338965,292.7033557846491,287.3846264690427,289.0931701660156,25715400.0
2022-03-24,288.7553468713274,293.6396862396896,287.96380616213776,293.54315185546875,24484500.0
2022-03-25,294.63390450047564,294.89452080427003,288.90011015175327,293.1376953125,22566500.0
2022-03-28,293.7651124963967,300.01050637906735,293.7651124963967,299.91400146484375,29578200.0
2022-03-29,303.01264366587003,304.85634170771465,298.3213428484819,304.4605712890625,30393400.0
2022-03-30,302.86782002120697,304.9817964510435,300.76347640947125,302.9643249511719,28163600.0
2022-03-31,303.00296492746145,304.1999383958244,297.2016219305857,297.6070251464844,33422100.0
2022-04-01,298.6301543643232,299.3637802401649,294.933126535701,298.6784362792969,27110500.0
2022-04-04,299.3252319683475,304.17095222292346,298.95841894296694,304.03582763671875,24289600.0
2022-04-05,302.3948148545048,303.9392767129868,299.1128518165804,300.0877990722656,23156700.0
2022-04-06,294.59528689562205,296.3424501243935,286.4096607302466,289.1028137207031,40110400.0
2022-04-07,286.361384397438,293.10871553655596,286.0621484743513,290.9078674316406,31411200.0
2022-04-08,290.01015328183416,290.6665398433151,285.99456517806084,286.6606140136719,24361900.0
2022-04-11,281.6605181173394,282.452029428348,275.10622472559214,275.3572082519531,34569300.0
2022-04-12,279.1989565504998,280.6468837008444,270.7527148401565,272.2682189941406,30966700.0
2022-04-13,272.91502579688114,278.5619192143064,271.53464592371415,277.63525390625,21907200.0
2022-04-14,278.088924351685,278.3012882088098,269.6233863517897,270.11566162109375,28221600.0
2022-04-18,269.22764356722877,272.65439354264834,268.67742404587597,270.78173828125,20778000.0
2022-04-19,269.68128222004106,276.23557450537356,268.74495475070785,275.395751953125,22297700.0
2022-04-20,279.35345023812204,279.6430533893089,275.4633531849248,276.4189758300781,22906700.0
2022-04-21,278.5618984401678,283.1180442640561,270.33768184591173,271.0616455078125,29454600.0
2022-04-22,271.901421279217,273.3686730601937,263.8895690490661,264.5169982910156,29405800.0
2022-04-25,263.8027323682706,271.351238292918,261.3701954398088,270.97479248046875,35678900.0
2022-04-26,267.86669289041623,268.696824177109,260.6270525420266,260.83941650390625,46518400.0
2022-04-27,272.30682528051807,280.86889602974276,269.468885848349,273.387939453125,63477700.0
2022-04-28,275.28957261335694,280.8785798159734,271.6890497286869,279.575439453125,33646600.0
2022-04-29,278.59087064005706,279.81680135936267,266.9012842301464,267.8858642578125,37073900.0
2022-05-02,268.06926895596354,275.0482895864189,266.63100384066234,274.5946044921875,35151100.0
2022-05-03,274.10229991297473,274.26641131232816,270.42456669386183,271.99798583984375,25978600.0
2022-05-04,272.77983068105766,280.7820499971457,267.1232758393873,279.9132995605469,33599300.0
2022-05-05,275.6274568786791,276.40933528615983,264.816254282709,267.7217712402344,43260400.0
2022-05-06,265.26995885904273,269.55582646003774,261.8528418348636,265.1927490234375,37780300.0
2022-05-09,260.68480600302837,262.90494921949755,254.17879599564424,255.39503479003906,47726000.0
2022-05-10,262.2582942158993,264.24677903665463,255.86811198044657,260.1443176269531,39336400.0
2022-05-11,256.45689072291424,261.93970200384274,250.298368214071,251.50497436523438,48975900.0
2022-05-12,248.74429806988636,250.85827461107095,241.3405637664361,246.48553466796875,51033800.0
2022-05-13,248.4161076104666,253.9085817712002,246.4855375563082,252.0552215576172,34925100.0
2022-05-16,250.9354804390881,256.59206585930104,246.90059620764168,252.42202758789062,32550900.0
2022-05-17,256.8719081186117,259.01484142054807,253.34862470791003,257.5572814941406,28828800.0
2022-05-18,254.46125136602734,255.0417772364754,244.56339009492962,245.8308563232422,31356000.0
2022-05-19,245.65670673519028,249.30432628870554,243.70230003700735,244.92138671875,32692300.0
2022-05-20,248.88823202551862,250.14604290717048,238.43888522978867,244.3601837158203,39199300.0
2022-05-23,247.1950702704872,253.00993966850874,245.2019394152582,252.18753051757812,33175400.0
2022-05-24,249.51708958389656,252.84537580643223,245.26960571057927,251.19090270996094,29043900.0
2022-05-25,249.7590402014901,255.98992698907475,248.78182219830612,253.99681091308594,28547900.0
2022-05-26,253.75487915760345,258.43773551666885,252.94215494918038,257.26702880859375,25002100.0
2022-05-27,259.763306260141,264.46550311516876,258.87316278571984,264.3687438964844,26910800.0
2022-05-31,263.68184944791426,265.84911459447005,260.1987236575402,263.04327392578125,37827700.0
2022-06-01,266.2652117248108,268.674360516744,261.27273568320817,263.5754699707031,25292200.0
2022-06-02,255.86413679429918,265.7329565705162,253.10666158963318,265.66522216796875,44008200.0
2022-06-03,261.53385823484007,264.571926206195,259.6955513321792,261.2532653808594,28059000.0
2022-06-06,263.2270994161104,265.27826522689224,258.5442419264379,260.0245666503906,22400300.0
2022-06-07,257.98313076008077,264.2624133406566,257.30584554098755,263.6528625488281,22860700.0
2022-06-08,262.88845771552224,264.1365839069745,260.8566319339603,261.63067626953125,17372300.0
2022-06-09,259.086091675852,263.85602423310576,256.03836738291267,256.19317626953125,26439700.0
2022-06-10,252.11977283149906,252.11977283149906,244.33114285896366,244.77621459960938,31422800.0
2022-06-13,237.15206786424903,240.93512629318718,233.6882971691395,234.39459228515625,46135800.0
2022-06-14,235.94263445006774,237.76160149558388,233.6689256431726,236.55218505859375,28651500.0
2022-06-15,240.24816456305055,247.01122689050288,238.4195274205562,243.58615112304688,33111700.0
2022-06-16,237.99380474825406,239.38705487358806,235.12991483585378,237.0166015625,33169200.0
2022-06-17,236.7553385108733,242.3670332514068,236.10709312767509,239.60955810546875,43084800.0
2022-06-21,242.13483565226932,246.4790647181553,241.40918580520898,245.50186157226562,29928300.0
2022-06-22,243.71192046945043,248.82050899795738,242.24126597240473,244.9116668701172,25939900.0
2022-06-23,247.2724946346494,250.94910939467707,245.3954776548155,250.45565795898438,25861400.0
2022-06-24,253.30982219314234,259.2795140264686,253.2227477629766,259.00860595703125,33923200.0
2022-06-27,259.50204339521724,259.58911783064,254.73211231864522,256.28985595703125,24615100.0
2022-06-28,255.40939111021387,258.2442559262375,247.99808423159308,248.15289306640625,27295500.0
2022-06-29,249.22688443197563,253.46468475908262,247.45629682631295,251.81021118164062,20069800.0
2022-06-30,248.70440512266876,251.1038981642681,244.6891481209095,248.49154663085938,31730900.0
2022-07-01,248.06581834657763,251.33605532539292,246.34359589719068,251.1522216796875,22837700.0
2022-07-05,247.8433315091213,254.4419156439833,246.469436006713,254.31613159179688,22941000.0
2022-07-06,255.18689308896802,259.28922459470346,253.8807173042958,257.5670166015625,23824400.0
2022-07-07,256.5123751272476,260.324457968474,256.4156159102422,259.6858825683594,20859900.0
2022-07-08,256.1930642415837,259.3955960207404,254.7417647817811,258.9698791503906,19658800.0
2022-07-11,257.0251678392389,257.87660171050175,253.66782672632655,255.9221954345703,19455200.0
2022-07-12,257.2477298377406,257.3057794671245,243.8570592390129,245.43414306640625,35868500.0
2022-07-13,242.06711128352157,245.31802312540924,240.05464064203076,244.5149688720703,29497400.0
2022-07-14,242.43481984226366,246.85643923276575,237.95513605400782,245.8308563232422,25102800.0
2022-07-15,247.4175530084699,251.91657579073376,246.49839956260107,248.3850860595703,29774100.0
2022-07-18,251.3167325510271,252.37134012804827,245.07614676470823,245.99530029296875,20975000.0
2022-07-19,249.2171803481861,251.28771549994482,245.4438068994524,251.1038818359375,25012600.0
2022-07-20,251.46192492992023,256.27056711234303,250.50407631182094,253.75497436523438,22788300.0
2022-07-21,251.35545481408533,256.2898799710948,248.68505377050542,256.2414855957031,22404700.0
2022-07-22,256.6285035144892,256.71557796165024,250.65884004276222,251.9069366455078,21881300.0
2022-07-25,252.52616526089446,253.00993186101113,248.4721987897753,250.42660522460938,21056000.0
2022-07-26,251.42315927857734,251.44252883940965,241.46726406430727,243.7216033935547,39348000.0
2022-07-27,252.68100307171994,261.2823588535323,250.4460034852064,260.014892578125,45994000.0
2022-07-28,260.99207747518795,268.81941742326114,259.17311035737987,267.43585205078125,33459300.0
2022-07-29,268.6839948428737,272.8443759995339,267.64872718084746,271.6252746582031,32152800.0
2022-08-01,268.80011406095605,272.1477710808105,266.8843874576311,268.98394775390625,21539600.0
2022-08-02,267.0391735890701,268.8678255810628,263.53670799309106,265.8974914550781,22754200.0
2022-08-03,267.77446660635644,274.29563016416313,267.6293130218933,273.299072265625,23518900.0
2022-08-04,272.65082319177765,274.58588944445677,271.0737689983291,274.4407653808594,18098700.0
2022-08-05,270.0868886929883,274.44078812230066,269.632146904856,273.7248229980469,16774600.0
2022-08-08,274.82775145511005,276.6370630638141,270.25133901885744,271.2188720703125,18739200.0
2022-08-09,270.5610006852255,273.8892877589125,268.5968799256363,273.1346130371094,23405200.0
2022-08-10,278.81403276129174,280.40077172746834,277.62395639158353,279.7718811035156,24687800.0
2022-08-11,281.4069925671231,281.7552902911237,277.20790268722305,277.7013244628906,20065900.0
2022-08-12,279.11395527145453,282.4325866699219,277.62394605155976,282.4325866699219,22619700.0
2022-08-15,281.55214749764076,284.62889583747915,280.6910288186994,283.94195556640625,18085700.0
2022-08-16,282.5099181093287,284.49337824291183,280.990913917707,283.20654296875,18102900.0
2022-08-17,280.9280886741136,284.42831264174936,280.6663108728771,282.4600524902344,18253400.0
2022-08-18,281.36441282325103,283.0321034033775,280.2881560238518,281.34503173828125,17186200.0
2022-08-19,280.1136602196925,280.45302156557796,276.87524340040335,277.4472961425781,20570000.0
2022-08-22,273.5010322101689,273.8694799294029,268.7888545532896,269.302734375,25061100.0
2022-08-23,268.0325927734375,270.3789763942887,267.0242141584032,268.0325927734375,17527400.0
2022-08-24,267.0339265183886,268.79858174374715,266.74303270034477,267.4023742675781,18137000.0
2022-08-25,268.89553264663925,270.53413693993167,266.1709957164904,270.36932373046875,16583400.0
2022-08-26,270.5923365109039,271.81402564273543,259.8299441018192,259.93658447265625,27549300.0
2022-08-29,257.76465225492166,259.2674999332414,255.82547868834627,257.16351318359375,20338500.0
2022-08-30,258.5597272905954,258.928145422764,252.7325011017951,254.9722442626953,22767100.0
2022-08-31,257.3186459236816,258.98630675463943,253.38209643308895,253.51785278320312,24791800.0
2022-09-01,250.99700170684267,252.95558653821138,247.64223870789885,252.48046875,23263400.0
2022-09-02,253.7408837951921,256.68840643713196,246.7307604021961,248.27239990234375,22855400.0
2022-09-06,248.408159830305,249.98856152174304,244.27771043015858,245.54786682128906,21328200.0
2022-09-07,246.953747797965,250.95813110475615,245.51876351834204,250.2406463623047,24126700.0
2022-09-08,249.6783301329259,252.5095072886724,247.04103780727314,250.6575927734375,20319900.0
2022-09-09,252.57734543450854,257.16350136081496,252.37374050442193,256.4169006347656,22084700.0
2022-09-12,257.69677794091064,259.31600091262334,257.09563886057305,258.5403137207031,18747700.0
2022-09-13,250.96783227417103,252.48038524578442,243.9383282959198,244.326171875,33353300.0
2022-09-14,245.8193507310912,246.49805856116708,242.26096879830945,244.5491943359375,23913000.0
2022-09-15,242.1736911292833,243.75410750034436,236.59856721458627,237.91720581054688,31530900.0
2022-09-16,236.8312795525679,237.83965816543386,234.69819143342704,237.29669189453125,39791800.0
2022-09-19,235.09570294714337,237.68449782170777,233.5249771298103,237.08335876464844,26826900.0
2022-09-20,234.70789152713547,236.10408413767027,232.35178783208616,235.07632446289062,26660300.0
2022-09-21,236.84096320739502,240.1278617486554,231.634272219412,231.68275451660156,28625600.0
2022-09-22,230.6356309055808,236.44346175605514,230.3447666716902,233.6510467529297,31061200.0
2022-09-23,232.2548539489129,233.79650845970187,228.04685009215586,230.6841278076172,34176000.0
2022-09-26,229.84059520046236,234.10677196919062,229.69514827749381,230.22842407226562,27694200.0
2022-09-27,232.68144911431068,234.44610429031408,227.36811729613822,229.22003173828125,27018700.0
2022-09-28,229.60786226959718,234.95998588678188,227.5911198226186,233.73831176757812,29029700.0
2022-09-29,231.6245958212714,232.652355487679,227.28085099175377,230.27687072753906,27484200.0
2022-09-30,231.0428606260345,233.22443119574095,225.65195971871543,225.81678771972656,35694800.0
2022-10-03,228.25045038719026,234.26188606885609,227.52326022905194,233.41835021972656,28880400.0
2022-10-04,237.63603337433412,242.74576012730563,237.529378230904,241.31077575683594,34888400.0
2022-10-05,238.50866730601555,242.95906726147314,236.67614880702004,241.62103271484375,20347100.0
2022-10-06,240.38967602221575,242.72638403117548,238.59594911161383,239.2843475341797,20239900.0
2022-10-07,233.57344928121,233.98068874798435,226.07854761763357,227.1160125732422,37769600.0
2022-10-10,225.962219258619,227.4262900818972,219.83442324055144,222.2777862548828,29743600.0
2022-10-11,220.69735939369207,222.0935668585732,217.29411479408543,218.55458068847656,30474000.0
2022-10-12,218.54485501658382,220.9300450129457,217.14866247633316,218.88421630859375,21903900.0
2022-10-13,213.16365940697776,228.91944457503647,212.4655557421077,227.1160125732422,42551800.0
2022-10-14,228.3764766144597,230.02478606979594,221.3954543611521,221.6087646484375,30198600.0
2022-10-17,228.64798396705297,231.6924861628052,227.98865719878884,230.30596923828125,28142300.0
2022-10-18,235.84233800532098,236.51134058165383,228.21167855259944,231.24649047851562,26329600.0
2022-10-19,229.83086912144609,232.32271452181564,227.16450518293112,229.28790283203125,19985700.0
2022-10-20,228.59949308712024,233.97099766347205,227.72685605551754,228.96792602539062,21811000.0
2022-10-21,227.6008072431659,235.6095887613836,227.3681010886603,234.75634765625,26299700.0
2022-10-24,236.346468231669,240.30238407052286,233.96129303725664,239.73033142089844,24911200.0
2022-10-25,239.74001722910089,243.40505400256714,238.35351526216095,243.03662109375,34775500.0
2022-10-26,224.13937366312916,231.0525321235999,223.06313174791288,224.28482055664062,82543200.0
2022-10-27,224.01331083114488,226.58272453377796,218.91328997470956,219.85379028320312,40424600.0
2022-10-28,219.35931586973052,229.40423538492817,219.17509201652825,228.69642639160156,40647700.0
2022-10-31,226.65062223193135,227.77534655596756,224.11999990021067,225.07020568847656,28357300.0
2022-11-01,227.4650722384831,228.57040061346953,220.41617196573657,221.23062133789062,30592300.0
2022-11-02,222.48140020209192,224.2654364159978,213.34787925724922,213.40606689453125,38407000.0
2022-11-03,213.3963774811355,213.70665239090863,207.4722009244926,207.73399353027344,36633900.0
2022-11-04,210.9336199205367,214.85074424296624,206.93891208084915,214.65682983398438,36789100.0
2022-11-07,215.23859748900023,221.46334350265937,214.55018429237435,220.93975830078125,33498000.0
2022-11-08,221.7444890427756,224.60476702569903,218.97147031751535,221.90931701660156,28192500.0
2022-11-09,220.45498033143147,221.67666935840754,217.50744250984388,217.6819610595703,27852900.0
2022-11-10,228.2698262443954,235.92957127818485,227.85291099807793,235.5902099609375,46268000.0
2022-11-11,235.5998964435155,240.4478303320997,234.57212203157073,239.59458923339844,34620200.0
2022-11-14,234.6303406985499,236.49194578262,231.93489028356817,234.20372009277344,31123300.0
2022-11-15,238.18872473342853,239.4879676468522,232.72994567583086,234.61094665527344,31390100.0
2022-11-16,236.06939815763067,237.05145015358517,233.76500614633548,235.0387420654297,24093300.0
2022-11-17,231.19808812700944,236.51667602662837,231.05224616268976,234.99012756347656,23123500.0
2022-11-18,236.76946659991202,236.99311072037338,232.4134803048627,234.54286193847656,27613500.0
2022-11-21,234.74703599252672,237.8973557920272,234.51368886128466,235.34988403320312,26394700.0
2022-11-22,236.8472486173572,238.51963895713513,234.04697919434565,238.2473907470703,19665700.0
2022-11-23,238.3251919634337,241.40744246425524,237.50844728562427,240.72682189941406,19508500.0
2022-11-25,240.46428755240743,241.81581080755163,239.9003405690243,240.63931274414062,9200800.0
2022-11-28,239.26832798344634,239.82254225297007,234.1344834195783,235.06790161132812,24778200.0
2022-11-29,234.71786413074798,236.06938731272962,231.61617814466862,233.677490234375,17956300.0
2022-11-30,233.910875092645,248.26230347666475,233.2205218203915,248.0775604248047,47594200.0
2022-12-01,246.84269045988094,249.03040883628205,243.97435155588244,247.63999938964844,26041500.0
2022-12-02,242.90483392955983,248.97209734788092,242.77842766287273,247.9608917236328,21528500.0
2022-12-05,245.03420296466012,246.7941135147601,241.19354435975268,243.27430725097656,23435300.0
2022-12-06,243.87713173110765,244.8883372658951,237.03199561292425,238.33489990234375,22463700.0
2022-12-07,238.05292524127822,239.34611163220632,235.50545353805643,237.60565185546875,20481500.0
2022-12-08,238.06265330165112,241.85470746474556,236.33192613856002,240.55178833007812,22611800.0
2022-12-09,237.92651587196235,241.43658893378702,237.40147000859437,238.6265869140625,20609700.0
2022-12-12,240.6004067044122,245.5495083577721,240.32815848858516,245.5203399658203,30665100.0
2022-12-13,254.44622542877917,256.61450802590645,246.06483829010176,249.8082733154297,42196900.0
2022-12-14,250.01248566170938,255.32134114124744,247.27053790250687,250.09999084472656,35410900.0
2022-12-15,246.69684834391964,247.16355744305537,240.49344660406408,242.11721801757812,35560400.0
2022-12-16,241.66994662968148,242.92423190340745,236.76944942143655,237.9167938232422,86102000.0
2022-12-19,238.08210589515767,238.42242358687312,232.1023480969562,233.79417419433594,29696400.0
2022-12-20,232.77323628356203,236.18608654823132,231.82036751639754,235.1068115234375,25150800.0
2022-12-21,234.99985605475112,238.82106381583225,233.4635897668888,237.66400146484375,23690600.0
2022-12-22,234.58175331390822,235.29155709825014,227.39631414751827,231.59674072265625,28651700.0
2022-12-23,229.5743387811001,232.2579350383886,227.46440742070018,232.12181091308594,21207000.0
2022-12-27,232.09262880735398,232.31625810648032,229.30207698528272,230.4008026123047,16688600.0
2022-12-28,230.3326988491907,233.08436401519373,227.68798939057342,228.03802490234375,17457100.0
2022-12-29,229.12705170853215,235.223498262144,229.12705170853215,234.33868408203125,19770700.0
2022-12-30,231.6161906747891,233.3177494769252,230.1090927684712,233.18162536621094,21938500.0
2023-01-03,236.3513594820361,238.94745003778394,230.82857855768225,232.9482421875,25740000.0
2023-01-04,225.8503455985308,226.42401047503648,219.7052947992431,222.7583770751953,50623400.0
2023-01-05,220.91093644040888,221.25125412142148,215.62151720752513,216.1562957763672,39585600.0
2023-01-06,216.82718167517942,219.51077732700102,213.27822252851433,218.70375061035156,43613600.0
2023-01-09,220.18172344662707,224.8391416447206,220.14283719895346,220.8331756591797,27369800.0
2023-01-10,221.45538919442515,224.9071249093416,221.03729910985138,222.51522827148438,27033900.0
2023-01-11,224.88774240099133,229.41875426303784,224.71273203443783,229.24374389648438,28669300.0
2023-01-12,228.74782975392716,233.25939064495995,227.09488993594465,231.90786743164062,27269500.0
2023-01-13,230.4396879177981,232.74408004932297,228.41726187215806,232.6079559326172,21333300.0
2023-01-17,231.3828356610212,234.24145690846152,230.52718988997353,233.69696044921875,29831300.0
2023-01-18,234.88319223600368,235.67076853478866,229.0006572078567,229.28262329101562,30028700.0
2023-01-19,227.3087910377556,229.00063185867876,224.2945954552454,225.50999450683594,28623000.0
2023-01-20,228.35893922278777,234.0761821512317,228.01862149174536,233.57057189941406,35389800.0
2023-01-23,234.4261906970003,238.38352255893335,233.0163158336519,235.86521911621094,31934000.0
2023-01-24,235.78745289233305,237.19731304543689,233.7844773158166,235.34017944335938,40234400.0
2023-01-25,227.9894454823822,236.56530958865662,224.5085403000208,233.94976806640625,66526600.0
2023-01-26,236.90558287687787,241.43659421049372,235.30126202491022,241.1351776123047,33454500.0
2023-01-27,242.0977983186481,242.91454300523202,239.9975849790759,241.290771484375,26498900.0
2023-01-30,237.74178578895192,238.80162509755758,235.4957305884033,235.9916229248047,25867400.0
2023-01-31,236.71111179006792,241.0865482920522,236.22495217873632,240.95042419433594,26541100.0
2023-02-01,241.1351911203326,248.11643670951443,238.67522443009082,245.7537078857422,31259900.0
2023-02-02,251.65572121722164,257.36323150604915,250.12917259535388,257.2757263183594,39940400.0
2023-02-03,252.3557623051793,256.8867738555353,249.9833008123263,251.19869995117188,29077300.0
2023-02-06,250.3138662354951,251.15004653464848,247.72749350962195,249.6623992919922,22518000.0
2023-02-07,253.31828468692478,261.33018428309043,252.88072923877118,260.1536865234375,50841400.0
2023-02-08,265.63755408350755,269.0990072378049,258.8410243156586,259.3466491699219,54686000.0
2023-02-09,266.2210502148411,266.39609026500864,255.5255363984652,256.3228454589844,42375100.0
2023-02-10,254.29074237484613,256.7798781630582,253.4448290752449,255.81729125976562,25818500.0
2023-02-13,260.23153420322126,266.99886776795535,259.75507760072225,263.8096618652344,44630900.0
2023-02-14,265.12232910655104,267.3586517330217,261.8261522809417,264.63616943359375,37047900.0
2023-02-15,261.54618038787015,263.89534271397224,259.4601911138888,262.52093505859375,28922400.0
2023-02-16,257.354723160625,260.00605711365523,255.2882479724247,255.5319366455078,29603600.0
2023-02-17,252.8416369479222,253.5239473924271,249.53720422274546,251.54519653320312,30000100.0
2023-02-21,248.0555479638784,249.04005963500097,245.2385077475541,246.29124450683594,28397400.0
2023-02-22,247.67539109703995,247.91907974541917,244.02006137135174,245.1605224609375,22491100.0
2023-02-23,249.1083064975943,250.35599131241563,244.15655088158258,248.3382568359375,29219100.0
2023-02-24,243.649683795455,244.66342210762315,241.8366395147742,242.92835998535156,24990900.0
2023-02-27,246.08657375483682,246.4374860355747,243.09406973943646,243.84463500976562,21190000.0
2023-02-28,242.78216630386783,245.1410709516809,242.4507383937105,243.12332153320312,22491000.0
2023-03-01,244.42946467971646,244.59517118131993,239.58493299824488,240.05282592773438,27565300.0
2023-03-02,240.3257512560428,245.05330217438188,239.40947954597493,244.7706298828125,24808200.0
2023-03-03,245.82339261513917,249.16679413004076,245.04358587267618,248.84512329101562,30760100.0
2023-03-06,249.9562984955362,253.5531451126929,249.51766192910648,250.38519287109375,24109800.0
2023-03-07,249.82961864090797,251.18454195758378,246.99309375726955,247.73390197753906,21473200.0
2023-03-08,247.62667058752513,248.11404792403098,244.47821715829852,247.29525756835938,17340200.0
2023-03-09,249.36176055143883,253.0073336989174,245.22879516854297,245.9501190185547,26653400.0
2023-03-10,244.74141460422547,246.40823683070676,241.3492723748031,242.31427001953125,28333900.0
2023-03-13,241.1543148292338,251.39899658512076,239.52647621107045,247.5097198486328,33339700.0
2023-03-14,250.26829634300452,254.4792442426015,249.40076516094558,254.20631408691406,33620300.0
2023-03-15,253.41670934490338,259.75261418809725,252.6661292714571,258.7388610839844,46028000.0
2023-03-16,258.5147191528132,269.57819238070647,256.63344947737914,269.227294921875,54768800.0
2023-03-17,271.23522516040924,276.1772083863334,269.3441988521381,272.37567138671875,69527400.0
2023-03-20,269.98747458880763,270.47485177105875,263.0374712103637,265.3573913574219,43466600.0
2023-03-21,267.94061395407743,268.0575797747977,262.7159125670362,266.8683776855469,34558700.0
2023-03-22,266.497948625342,273.9450893595406,265.30874661401754,265.4159851074219,34873300.0
2023-03-23,270.92332074814243,273.9645506194871,268.25250241830935,270.650390625,36610900.0
2023-03-24,270.24101876130743,273.5454519039974,268.33050762928787,273.4869689941406,28172000.0
2023-03-27,273.418632638504,274.35438861352037,268.56434460140395,269.40264892578125,26840200.0
2023-03-28,268.8275985161655,269.1687685997756,265.18199582572424,268.28173828125,21878600.0
2023-03-29,271.91751837517444,274.0425058819728,271.38141527658803,273.42840576171875,25087000.0
2023-03-30,277.0545067536676,277.2786812703255,274.3739316415299,276.8790283203125,25053400.0
2023-03-31,276.5671227721079,281.9672416312898,275.85554123239365,281.021728515625,32766000.0
2023-04-03,279.2866930601582,280.99251370652144,276.781596204477,279.9787902832031,24883300.0
2023-04-04,279.9788398181857,283.11755155269356,278.45822466702356,279.9300842285156,25824300.0
2023-04-05,278.6336629350254,279.90083226436434,275.77763853693574,277.1617736816406,22064800.0
2023-04-06,276.0602288528665,284.70629698554035,274.9100256186965,284.2384338378906,29770300.0
2023-04-10,281.90881108908263,282.2889797177499,277.5224147425445,282.08428955078125,23103000.0
2023-04-11,278.5361465748028,278.7603508575734,274.5299191651681,275.6898498535156,27276600.0
2023-04-12,277.6003898328518,279.7643463826104,274.8418174679427,276.33319091796875,27403400.0
2023-04-13,276.4306715348985,282.58137108364906,276.02129123451107,282.52288818359375,24222700.0
2023-04-14,279.75462616341997,281.1972739689878,276.5281901717606,278.9163513183594,20987900.0
2023-04-17,282.61060224538903,284.238455563406,278.9357880056503,281.5091247558594,23836200.0
2023-04-18,284.2091922902282,284.39439803515654,279.7643139062447,281.0899658203125,20161800.0
2023-04-19,278.7701115947992,281.75285885875036,277.3567350040731,281.16802978515625,17150300.0
2023-04-20,278.0487492496202,281.7333204424285,277.88302787911294,278.88702392578125,23244400.0
2023-04-21,277.81486288712955,279.0430336532182,275.9140792116014,278.5459289550781,21676400.0
2023-04-24,274.9685448486902,277.75635870948304,271.6836263278282,274.6566162109375,26611000.0
2023-04-25,272.45369257019934,274.49092630001803,268.41819388016194,268.4669494628906,45772200.0
2023-04-26,289.20974000859206,292.0072813214267,285.3399625443694,287.9132995605469,64599200.0
2023-04-27,288.4981481341887,297.4951446738083,287.79632356423065,297.13446044921875,46462600.0
2023-04-28,296.33513009659094,301.130905659633,295.6527900361445,299.5030822753906,36469600.0
2023-05-01,299.2204464922504,300.80930138647517,297.44638582832135,297.8460388183594,21294100.0
2023-05-02,299.9905392914893,301.3746744145902,296.2377274555762,297.6998596191406,26404400.0
2023-05-03,298.8793194485243,300.8190720296692,296.41319093308664,296.7153625488281,22360800.0
2023-05-04,298.5088929942314,299.9905392914893,295.74059300087464,297.6998596191406,22519900.0
2023-05-05,298.00208245633695,304.0943008519778,296.5886758896842,302.8076171875,28197100.0
2023-05-08,302.30071055555146,302.3689505307948,298.36269283862055,300.8580627441406,21318600.0
2023-05-09,300.22441891350263,302.21292664070313,298.5770812481338,299.2496643066406,21340800.0
2023-05-10,300.82884186341124,305.09827293430556,299.90284258938135,304.4256896972656,30078000.0
2023-05-11,302.2714311285641,303.2656701896078,298.5283767405059,302.2811584472656,31680200.0
2023-05-12,302.71005168658775,302.8075331032812,298.8597885779878,301.1699523925781,19774700.0
2023-05-15,301.2966551101867,302.07644689728147,299.82476613385916,301.6475524902344,16336500.0
2023-05-16,302.0082405576207,305.790293615096,302.0082405576207,303.8700256347656,26730300.0
2023-05-17,305.0715994717328,307.1621190650021,303.5574089684494,306.7420654296875,24315000.0
2023-05-18,307.25979860655974,311.6655618014146,306.4685237275618,311.1575622558594,27276000.0
2023-05-19,309.4187276052405,311.38227715164794,309.05728471229986,310.98175048828125,27546700.0
2023-05-22,311.2357215634577,315.1334851097125,310.659362704621,313.7560729980469,24115700.0
2023-05-23,312.63269496953484,315.26051959828607,307.9631830299581,307.97296142578125,30797200.0
2023-05-24,307.45521463229585,309.1842914063532,305.38419212471825,306.5955505371094,23384900.0
2023-05-25,315.7684295776219,319.3438337465016,312.60333039724634,318.3865051269531,43301700.0
2023-05-26,316.53049438764276,325.69368704113634,316.3937458917175,325.19549560546875,36630600.0
2023-05-30,327.4813284245179,327.9795197443462,322.8801763737934,323.5542297363281,29503100.0
2023-05-31,324.60934766264484,328.1749743960477,319.76397327421006,320.79949951171875,45950600.0
2023-06-01,318.3963251868189,325.82066191290807,317.2143019258067,324.8926086425781,26773900.0
2023-06-02,326.5239875083562,329.6988654721622,324.8632701870316,327.64739990234375,25873800.0
2023-06-05,327.4715375327869,330.7343313163918,326.9244840727919,328.1748962402344,21307100.0
2023-06-06,327.57901828059016,327.6181020499909,324.4920861780968,325.9671630859375,20396200.0
2023-06-07,323.984044106474,326.75839512631626,315.04554846139996,315.90521240234375,40717100.0
2023-06-08,316.4522947423508,319.08989754628954,315.8759358684607,317.7417907714844,23277700.0
2023-06-09,317.47800789711727,322.3624353785323,316.9114274266321,319.2364196777344,22529000.0
2023-06-12,320.9850692837771,324.4237258036258,317.6441371021866,324.17950439453125,24260300.0
2023-06-13,326.738912078587,329.1909043563213,322.75323214002157,326.5630798339844,22951300.0
2023-06-14,326.61194558065387,331.2033200737011,325.1173117243528,329.5426025390625,26003800.0
2023-06-15,329.6793438273172,341.75363483053593,329.40581706772855,340.0538635253906,38899100.0
2023-06-16,343.1994581968657,343.3459850753044,334.04604484014123,334.417236328125,46552000.0
2023-06-20,331.4670609717045,334.1730234363889,328.0967936208768,330.2361755371094,26375400.0
2023-06-21,328.5949603328218,329.92354007257114,324.39436474233247,325.84991455078125,25117800.0
2023-06-22,326.3970013361719,332.2583147464339,325.6350317853251,331.8577880859375,23556800.0
2023-06-23,326.6314360457984,330.1482299651682,325.74249643584824,327.27618408203125,23146900.0
2023-06-26,326.00625756335666,328.340998601614,320.8971352379601,321.0046081542969,21520600.0
2023-06-27,324.18919728458985,328.38004429209786,321.68837287006505,326.8365783691406,24354100.0
2023-06-28,326.9244790599475,330.1677458174573,326.0941204884159,328.08697509765625,20259500.0
2023-06-29,326.97337394490575,328.3410078355039,324.93168659890875,327.3055114746094,16997000.0
2023-06-30,329.94315115449086,334.8080527610433,329.4058759346282,332.6686706542969,26832800.0
2023-07-03,331.34979527734635,333.02026113567905,328.79036003615676,330.1775207519531,12508700.0
2023-07-05,327.3445342470537,333.75290026498266,326.99286980308096,330.33380126953125,18172400.0
2023-07-06,329.5034771232006,335.0619581701481,327.7450950952517,333.3817138671875,28161200.0
2023-07-07,331.47685037654594,333.8897591570252,329.210468483103,329.4253845214844,21214800.0
2023-07-10,326.86590410565805,327.4813467591402,320.017927004541,324.159912109375,32791400.0
2023-07-11,323.40768320181985,325.16606502447587,319.4415308007057,324.78509521484375,26698200.0
2023-07-12,328.8197159187511,333.75297652887264,327.91121941871575,329.4058532714844,29995300.0
2023-07-13,331.71121221123786,335.7945861289157,331.18368573483207,334.73956298828125,20567200.0
2023-07-14,339.55563567406386,343.3068725083686,336.35145234816736,337.25994873046875,28352700.0
2023-07-17,337.689815809939,338.9695335941496,334.29027291358,337.7386779785156,20363900.0
2023-07-18,337.8363711993752,358.30213870194854,334.260995743675,351.1806335449219,64738600.0
2023-07-19,353.388368189592,354.0819486228708,344.293565577068,346.8725280761719,39732900.0
2023-07-20,345.3974402048797,349.6957307761419,337.3869665581141,338.852294921875,33778400.0
2023-07-21,341.07959326630163,342.20300571747845,331.97501253322577,335.8239440917969,69405400.0
2023-07-24,337.85591126570966,338.90118607619127,334.3977276840243,337.13299560546875,26678100.0
2023-07-25,339.0867071747874,343.75624842360725,337.0938822455354,342.8672790527344,41637700.0
2023-07-26,333.547829841797,336.70318113968654,325.4103558990967,329.962646484375,58383700.0
2023-07-27,332.6099731824386,333.44030197626535,321.44414968283064,323.0755615234375,39635300.0
2023-07-28,325.95742277677743,332.1508737419497,325.46897998950345,330.54876708984375,28484900.0
2023-07-31,329.13228102338303,329.89425053304086,325.6545411607463,328.1553955078125,25446000.0
2023-08-01,327.4422614370604,330.7148339075202,325.9867115450311,328.565673828125,18311900.0
2023-08-02,325.9183364890345,325.9183364890345,318.8163593371292,319.9300231933594,27761300.0
2023-08-03,318.46465754141326,322.25497786737617,318.41582519365545,319.1094055175781,18253700.0
2023-08-04,324.20875816253636,327.3934143700841,319.67599522143337,320.2035217285156,23741500.0
2023-08-07,320.7798736154958,323.45653023504116,319.94951501235715,322.4796447753906,17741500.0
2023-08-08,319.4024887084689,321.151122177393,315.5340303066097,318.5135192871094,22327600.0
2023-08-09,318.92384579160165,319.5490370786911,313.629112676302,314.7818603515625,22373300.0
2023-08-10,318.48427153797036,320.67251582192995,313.7561482330681,315.4656982421875,20113700.0
2023-08-11,312.8574236161069,314.95772190728826,311.83167574447026,313.590087890625,24355500.0
2023-08-14,313.96121689583384,316.5694842512484,312.68146957881606,316.5499572753906,18836100.0
2023-08-15,315.53401288819225,317.5756999823602,313.48254739923874,314.42034912109375,16966300.0
2023-08-16,314.0483443153716,317.59218190962685,313.0693905863645,313.6567687988281,20698900.0
2023-08-17,313.7938199901148,315.0958152353926,309.55493383854684,310.2108459472656,21257200.0
2023-08-18,307.8712277189821,311.679373042675,304.9931006267398,309.8193664550781,24755000.0
2023-08-21,311.23880256380994,315.9769357985516,310.3675491383052,315.1056823730469,24040000.0
2023-08-22,318.6494900944686,319.2172702035748,314.69450802744353,315.6734619140625,16084600.0
2023-08-23,317.00482352144604,322.2715996929162,316.6523846218089,320.1178894042969,21166400.0
2023-08-24,325.84483270814246,325.97210150343915,313.2261017791745,313.23590087890625,23281400.0
2023-08-25,314.70426538436715,318.5123799630537,312.09044570865603,316.1824951171875,21684100.0
2023-08-28,318.80619282493717,319.2858707693757,314.94911131679794,316.887451171875,14808500.0
2023-08-29,315.1056626837717,322.0562408320529,315.1056626837717,321.49822998046875,19284600.0
2023-08-30,321.7528000842896,322.86879202505213,319.57952117301215,321.8702697753906,15222100.0
2023-08-31,322.2716344766663,323.94563727355137,319.9025529034829,320.8619384765625,26411000.0
2023-09-01,324.33720272503615,325.00288418337306,319.9025429102048,321.74298095703125,14942000.0
2023-09-05,322.07577133856296,327.80265653043256,321.74293066142496,326.5299987792969,18553900.0
2023-09-06,326.3636529709045,327.4209100280818,323.23098856949474,325.8741760253906,17535800.0
2023-09-07,324.31754398950454,326.0698494096802,322.105099310599,322.9665832519531,18381000.0
2023-09-08,323.14287386196446,329.0851309217736,322.5261281543159,327.2348937988281,19530100.0
2023-09-11,330.1423875895978,331.29757584054045,328.37048350695864,330.8276672363281,16583300.0
2023-09-12,328.75231798743556,329.7019045004539,324.5036614898463,324.78753662109375,17565500.0
2023-09-13,324.33715247737837,329.7605644160493,324.20011449262233,328.9871826171875,16544400.0
2023-09-14,332.01216654665086,333.68616913545833,329.4864789543326,331.5716552734375,20267000.0
2023-09-15,329.8291132111252,330.2989918946616,322.7121002719872,323.2701110839844,37679800.0
2023-09-18,320.90106058890035,323.4463465779978,319.4913646526402,322.1345520019531,16834200.0
2023-09-19,319.3053983263758,322.45763099664185,317.6803313099975,321.7331848144531,16505900.0
2023-09-20,322.5750579775089,322.65336113195434,313.7644742751729,314.01898193359375,21436500.0
2023-09-21,312.540838460042,318.50266425545,308.3704851953978,312.8051452636719,35560400.0
2023-09-22,314.5574539286877,314.68472270748657,309.49624944861836,310.3381652832031,21447900.0
2023-09-25,309.92700700519936,310.98429393163934,308.3704739123921,310.8570251464844,17836000.0
2023-09-26,308.4977720645104,309.23198754848005,303.4953016985724,305.5707092285156,26297600.0
2023-09-27,305.7272930031046,307.6852008158054,303.1722376476752,306.2070007324219,19410100.0
2023-09-28,304.4449019920562,308.84042586965904,302.9373343071566,307.0391540527344,19683600.0
2023-09-29,311.06258297495117,312.746384776468,308.35089159051364,309.10467529296875,24147300.0
2023-10-02,309.62352913697714,315.1154758886586,308.5466739037748,315.02734375,20570000.0
2023-10-03,314.0776994982749,314.62594105043695,304.66016977210535,306.7943115234375,21033500.0
2023-10-04,307.4209257783617,313.304448923499,307.3915583531491,312.2471618652344,20720100.0
2023-10-05,312.3743346117822,313.24561775068076,308.2725161916583,312.6386413574219,16965600.0
2023-10-06,309.8878786442796,322.2618716200706,309.64314014278347,320.37249755859375,25673600.0
2023-10-09,317.9152672966711,323.3484492911128,316.37830256029935,322.8785705566406,19891200.0
2023-10-10,323.99458765130214,324.1316555430621,320.7738506985827,321.47869873046875,20557100.0
2023-10-11,324.2393029495446,325.8154342155564,322.21289114367397,325.4238586425781,20063200.0
2023-10-12,323.6127894514465,326.6083859172805,321.8017188086289,324.19036865234375,19313100.0
2023-10-13,325.38474129276136,326.80420669372097,319.4914189840269,320.8326110839844,21072400.0
2023-10-16,324.0826582883067,329.06555964733286,323.6421469834392,325.63922119140625,22158000.0
2023-10-17,322.6534242330698,326.4419711859503,320.51931182231954,325.0714416503906,18338500.0
2023-10-18,325.4923600401383,328.5271229876209,321.3905409680336,323.1624450683594,23153600.0
2023-10-19,325.15953397789394,329.7899967094516,323.9456406942705,324.3470153808594,25052100.0
2023-10-20,324.73856573197526,324.934368448125,318.6005359720502,319.79486083984375,25027700.0
2023-10-23,318.62015086662296,325.7273662724693,317.56289372065373,322.3891296386719,24374700.0
2023-10-24,324.3273920928105,324.8560355263617,320.70528084515973,323.5736083984375,31153600.0
2023-10-25,337.7586388732426,338.9138270951405,330.51438652342347,333.5002136230469,55053800.0
2023-10-26,333.3729888756814,334.44004510375515,320.0592090856676,320.9892272949219,37828500.0
2023-10-27,323.4757210351802,329.63334926048014,321.4884458683103,322.8687744140625,29856500.0
2023-10-30,326.393023266436,332.3059131853902,324.8462593748241,330.2109375,22828100.0
2023-10-31,331.7185563552872,331.86539347468425,327.6461042839537,330.9941101074219,20265300.0
2023-11-01,332.6387311841403,340.1081537078223,332.5016633074158,338.78656005859375,28158800.0
2023-11-02,339.93194035995595,341.48847346531505,337.5139230484177,340.9892272949219,24348100.0
2023-11-03,342.2716414539088,346.93147136857294,340.02002965992455,345.3749084472656,23637700.0
2023-11-06,346.0112331411466,350.01515060483416,345.9133317859224,349.0263977050781,23828300.0
2023-11-07,351.83606843829466,354.8316653462804,350.1033305798498,352.9422912597656,25833900.0
2023-11-08,354.06806216465225,356.2119737336277,352.96183940642334,355.55609130859375,26767800.0
2023-11-09,354.6749170503375,357.11253210252806,352.77574446362354,353.09881591796875,24847300.0
2023-11-10,353.88202716517856,362.31083557483976,353.47088326732273,361.889892578125,28042100.0
2023-11-13,360.4703657564029,360.715104203908,358.19918579348337,358.9627685546875,19986500.0
2023-11-14,363.2017106346947,364.1219297278,359.61873563127864,362.4772644042969,27683900.0
2023-11-15,364.20368992773217,366.0184363495822,360.1131537221127,362.6243896484375,26860100.0
2023-11-16,363.88976551430744,369.17705042836303,363.12463294088235,369.00048828125,27182300.0
2023-11-17,366.4892814424939,367.23480603716206,360.0052770614011,362.80096435546875,40157000.0
2023-11-20,364.1448542442713,371.64904556813445,363.9290460653395,370.2463073730469,52465100.0
2023-11-21,368.51001608638865,369.0495215118682,364.04671781694736,365.9595642089844,28423100.0
2023-11-22,370.79557261305655,372.55146479135436,367.8233235855797,370.6484375,23345300.0
2023-11-24,370.1383196262545,370.7661360069796,367.9900871592884,370.2364196777344,10176600.0
2023-11-27,369.5988734413345,373.38532049617334,369.02994094912424,371.39398193359375,22179200.0
2023-11-28,371.1389381343408,375.70030662709087,370.9525569972749,375.4060363769531,20453100.0
2023-11-29,376.4458170169272,376.9755034472532,370.24626453575155,371.62939453125,28963400.0
2023-11-30,371.2762546529022,372.8457658390955,368.313824366715,371.6882629394531,30554400.0
2023-12-01,369.57924804408185,370.95255911244834,364.23310896058763,367.37213134765625,33040500.0
2023-12-04,362.0652461744231,362.47722453595185,355.9834013927852,362.1044921875,32063300.0
2023-12-05,359.46578625799856,365.9693989437116,358.65158858882313,365.4200744628906,23065000.0
2023-12-06,366.42055273027614,367.0483391349549,361.01556055357673,361.7708740234375,21182100.0
2023-12-07,361.211844686289,364.37047528705625,359.33824414976533,363.8800048828125,23118900.0
2023-12-08,362.1633422956095,367.3230703614092,361.2118285564288,367.09747314453125,20154400.0
2023-12-11,361.4570971757964,364.51762785490314,359.1224531501872,364.22332763671875,27708800.0
2023-12-12,363.7818787799653,367.28384440026525,363.3992975227853,367.2445983886719,24838300.0
2023-12-13,368.8533485777596,370.4424978188213,363.70340938140794,367.23480224609375,30955500.0
2023-12-14,366.19503694947514,366.6364723191659,357.1900068696794,358.9556884765625,43277500.0
2023-12-15,359.8580993724713,365.30230824664153,359.2989559925913,363.6641540527344,78502300.0
2023-12-18,362.4085843593443,365.89091216563435,361.65324079721444,365.5475769042969,21802900.0
2023-12-19,364.40968123442,366.1459655761719,362.79113493260104,366.1459655761719,20603700.0
2023-12-20,367.85283078495934,368.8631986960778,363.46802384456504,363.5563049316406,26316700.0
2023-12-21,365.45926060979707,367.2740068711911,362.98730085105643,366.42059326171875,17708000.0
2023-12-22,366.5578942670101,368.0293052394396,365.60638064073504,367.44073486328125,17107500.0
2023-12-26,367.8528339374102,369.75586165985493,366.3814226016606,367.5193176269531,12673100.0
2023-12-27,366.56772847108294,367.9116124252774,365.7044958750045,366.94049072265625,14905400.0
2023-12-28,368.2157835307377,369.28500552722875,367.02885341513803,368.12750244140625,14327000.0
2023-12-29,368.8337398258849,369.9716347431921,366.361779793351,368.87298583984375,18730800.0
2024-01-02,366.73448635273246,368.7356138207432,359.779620180644,363.8014831542969,25258600.0
2024-01-03,361.9768986220819,366.1458961517721,361.48642832447126,363.5365905761719,23083500.0
2024-01-04,363.6053473830013,365.98902639400353,360.17205450864094,360.9273681640625,20901500.0
2024-01-05,361.93774634798484,364.9688499798779,359.51482125288123,360.7409973144531,21004600.0
2024-01-08,362.26139076236115,368.04896487668356,361.9769395114855,367.5486755371094,23134000.0
2024-01-09,364.91979160608497,368.8239167777909,364.1154129764403,368.62774658203125,20830000.0
2024-01-10,369.1966857666869,376.84804200266086,369.1476507008414,375.4747009277344,25514200.0
2024-01-11,378.64317007041507,383.2339660876797,373.1302872544769,377.2992858886719,27850800.0
2024-01-12,378.1428259369064,381.27202920676456,377.31883933016337,381.0660400390625,21661200.0
2024-01-16,386.1571295021332,386.5200727807335,380.2322391394401,382.83172607421875,27202300.0
2024-01-17,380.58540492477397,382.67478358686355,377.47580955942465,382.0469970703125,22234100.0
2024-01-18,384.2541120354354,386.48083676243556,382.68460084723523,386.3631286621094,23392100.0
2024-01-19,388.2171444423586,391.0716857910156,386.00020863284516,391.0716857910156,29331100.0
2024-01-22,392.39593223013395,392.9845027036078,386.0884900033909,388.9528503417969,27016900.0
2024-01-23,388.2072839775827,391.7681035262422,386.42196470997874,391.2972412109375,20525900.0
2024-01-24,393.8869329627974,397.8989767917514,392.8177112032317,394.8874816894531,24867000.0
2024-01-25,396.6140284196201,399.252761812522,394.85813584184393,397.1535339355469,21021200.0
2024-01-26,396.66306169766744,398.4287732558815,394.7600339819583,396.2314453125,17803300.0
2024-01-29,398.3208248033987,402.16612596865383,396.6237864171102,401.91107177734375,24510200.0
2024-01-30,404.4026167586847,405.1775383466925,398.7033537683388,400.80255126953125,33477600.0
2024-01-31,399.20367116692984,407.404352059521,389.6394980894709,390.00244140625,47871100.0
2024-02-01,394.17141257606636,400.2238302394902,394.1419855506921,396.0842590332031,30657700.0
2024-02-02,396.113671921669,404.78518434173446,395.86843674032343,403.3824462890625,28256700.0
2024-02-05,402.08760781050484,403.32360273614995,396.290244380319,397.9186096191406,25352300.0
2024-02-06,398.1442695260025,400.1944322717671,395.23087405866585,397.7616882324219,18382600.0
2024-02-07,399.6745643296035,406.403804561943,399.63531831137925,406.1585693359375,22340500.0
2024-02-08,406.15852265638233,407.6397528307197,404.66750343056947,406.2173767089844,21225300.0
2024-02-09,407.3356632361391,412.79951062359436,407.17870911735395,412.5346374511719,22032800.0
2024-02-12,412.54446380988065,412.7210259706923,406.8452001103824,407.3454895019531,21202900.0
2024-02-13,397.2221636270064,402.2543946406928,395.70171738557195,398.57586669921875,27824900.0
2024-02-14,401.03272774217567,402.7721928081846,397.5930862054174,402.42822265625,20401200.0
2024-02-15,401.10153638347543,402.07445398469247,397.31792461353893,399.54876708984375,21825500.0
2024-02-16,400.9246876418879,401.24901355970684,396.48264621280646,397.0919494628906,22296500.0
2024-02-20,396.2860326967427,397.51447618664315,391.1462443294289,395.84381103515625,24307900.0
2024-02-21,393.2690069492409,395.35244235543763,390.3698682526408,395.24432373046875,18518900.0
2024-02-22,403.1161813071161,405.710638303165,401.52412337910727,404.5509948730469,27009900.0
2024-02-23,408.5016799323737,408.6883757427927,401.9172111140197,403.2635803222656,16295900.0
2024-02-26,404.3642838981377,405.05222425854834,400.3349831970826,400.51190185546875,16193500.0
2024-02-27,400.95415701072204,401.27848291877046,396.88556737137105,400.4529724121094,14835800.0
2024-02-28,401.1408405413653,402.24152110085487,398.33017625490425,400.68878173828125,13183100.0
2024-02-29,401.5929096701564,407.05702360240457,398.91981558888216,406.5066833496094,31947300.0
2024-03-01,404.1775917906704,408.6982702714908,403.7943329800158,408.33465576171875,17823400.0
2024-03-04,406.3101908967546,410.15276617969135,405.2095102002069,407.7646789550781,17596000.0
2024-03-05,406.82122421853853,407.10623154705894,393.73095128662374,395.7062683105469,26919200.0
2024-03-06,396.02071283324057,398.17294829822555,391.5197089331465,395.1558837890625,22344100.0
2024-03-07,399.11635103541613,402.71323699020854,395.30325783772497,402.08428955078125,18718500.0
2024-03-08,400.92464441897226,403.3422428484954,397.35723965535834,399.21466064453125,18002200.0
2024-03-11,396.79713300835283,398.6840056449402,394.3402457274735,397.54400634765625,16120800.0
2024-03-12,400.5905029088669,408.4034154899357,399.7748296289143,408.118408203125,22457000.0
2024-03-13,410.88979275530687,410.96839994406946,404.3544792559954,407.9415283203125,17115900.0
2024-03-14,412.9928939125644,420.44219256711494,410.7816954714427,417.88702392578125,34157300.0
2024-03-15,412.0592402980969,415.31215606424155,405.6713345351322,409.2387390136719,45079900.0
2024-03-18,407.10616562272253,413.4744273628243,406.6442696787311,410.12322998046875,20106000.0
2024-03-19,410.62442124737834,414.39822603826195,408.38374152289526,414.1427001953125,19837900.0
2024-03-20,414.72254166213037,418.61424242329224,413.4056537780831,417.8968505859375,17860100.0
2024-03-21,422.4174518440492,423.3903994195494,419.79351351352574,421.96539306640625,21296200.0
2024-03-22,422.2897491598315,422.446963535343,418.7223444405752,421.3462829589844,17648500.0
2024-03-25,417.9066185646381,420.03920955948905,414.33921403828305,415.5676574707031,18060500.0
2024-03-26,418.2702405050307,418.64369211377476,414.08372560652526,414.3785400390625,16725600.0
2024-03-27,417.12048583459426,417.130322980661,411.7841340063689,414.1623840332031,16705000.0
2024-03-28,413.70042062857715,414.5947310272611,411.89215553357553,413.4645690917969,21871200.0
2024-04-01,416.6388963047316,420.5109524938084,414.9387197575333,417.2481994628906,16316000.0
2024-04-02,412.8650690915943,415.0959414899842,410.6342266844982,414.1721496582031,17912000.0
2024-04-03,412.49163417809825,415.9607570118389,411.86265678472216,413.19921875,16502300.0
2024-04-04,417.66095627375125,421.27751676074166,410.3689323931849,410.673583984375,19370900.0
2024-04-05,412.76686502075876,419.15477140454254,411.1060069616712,418.18182373046875,16554800.0
2024-04-08,417.8378979159273,419.91149627913853,416.00012113110665,417.26788330078125,14272400.0
2024-04-09,419.0859553029516,420.3635245342137,414.34907001434647,418.9287109375,12496900.0
2024-04-10,414.90926057255786,416.71752584552905,412.46221066374153,415.9608154296875,16216600.0
2024-04-11,418.4766338120234,421.96540116941117,415.07628079166767,420.55023193359375,17966400.0
2024-04-12,416.73718451939897,417.84770230483133,412.53099493709567,414.624267578125,19253800.0
2024-04-15,419.2432392766727,419.45944655068297,406.30034426550657,406.5067443847656,20273500.0
2024-04-16,407.4206432860486,411.18458077665684,406.59513289625886,407.4304504394531,16765600.0
2024-04-17,410.0544389834795,411.65633410094387,403.25376259314334,404.73773193359375,15855500.0
2024-04-18,403.5485840383649,404.786864609064,396.983789567324,397.2982482910156,21029900.0
2024-04-19,397.0623898394721,398.4873961854359,390.9103356715456,392.237060546875,30565800.0
2024-04-22,393.18055056464544,395.90280071692837,388.9252352238132,394.0453796386719,20286900.0
2024-04-23,397.26879155025864,401.16052215978465,396.10914808184776,400.5413818359375,15734500.0
2024-04-24,402.4969925599919,405.3568121940371,399.7649358292137,402.005615234375,15065300.0
2024-04-25,387.2348667133991,392.9938253486681,381.3383380037112,392.1584777832031,40586500.0
2024-04-26,405.0620486762338,405.8777219430486,398.7625869715763,399.31292724609375,29694700.0
2024-04-29,398.261343947103,399.31289867869236,392.3058528379069,395.3130798339844,19582100.0
2024-04-30,394.56614455838,395.2246033529048,382.4586303789925,382.6158447265625,28781400.0
2024-05-01,385.83928476700595,394.79219513177367,383.57896109180126,388.1291198730469,23562500.0
2024-05-02,390.80223732859616,393.03307969917586,387.8441360864439,390.9791259765625,17709400.0
2024-05-03,395.3425632659736,400.1285739017596,394.9297930918896,399.64703369140625,17446700.0
2024-05-06,401.7108501382599,406.7916755135943,399.36205183771864,406.4084167480469,16996600.0
2024-05-07,407.5090851826696,407.5189223273103,402.0351340682459,402.28082275390625,20018200.0
2024-05-08,401.1310200807253,405.1210019721616,399.6961765499289,403.46014404296875,11792300.0
2024-05-09,403.48965172941627,405.60256858412407,402.04500095122404,405.20947265625,14689700.0
2024-05-10,405.81879129865774,408.2167155386998,404.6984363706866,407.5877380371094,13402300.0
2024-05-13,410.8013229086305,411.13545592488975,403.7353138522874,406.5852966308594,15440200.0
2024-05-14,404.91462752191757,410.29029755221785,404.45273155985166,409.3763427734375,15109300.0
2024-05-15,411.433999213995,417.2525598208021,410.81374213755174,416.5338439941406,22239500.0
2024-05-16,415.2736305334928,418.8376448328751,413.8460838814957,414.4761657714844,17530100.0
2024-05-17,416.0021869426872,416.3763121358098,411.5619590644,413.7082214355469,15352200.0
2024-05-20,413.7082502471213,420.1667475860199,413.49165301735496,418.7588806152344,16272100.0
2024-05-21,420.2257843102985,426.27079649896183,418.27643943862864,422.401611328125,21453300.0
2024-05-22,423.43539455106486,425.71950537683756,420.5212017999642,423.8587341308594,18073700.0
2024-05-23,426.27078715380964,426.8910441613392,418.83761804177703,420.3931579589844,17211700.0
2024-05-24,420.58025544710625,424.39037161476875,417.84327052223153,423.5043029785156,11855300.0
2024-05-28,422.9825388810405,424.15412896604386,419.999421868943,423.661865234375,15718000.0
2024-05-29,419.1034967099491,424.27226587320916,419.1034967099491,422.5296630859375,15517100.0
2024-05-30,417.73490915108744,417.73490915108744,407.83056720646823,408.2539367675781,28394500.0
2024-05-31,410.3018082986228,410.3018082986228,398.25120211572766,408.7068786621094,47995300.0
2024-06-03,409.10064418608687,409.98671278257075,402.59293289369214,407.1217346191406,17484700.0
2024-06-04,406.0486602967713,409.9966250957063,403.3412097338974,409.6323547363281,14348900.0
2024-06-05,411.3453510614717,417.51832644992857,409.85870521580796,417.4494323730469,16988000.0
2024-06-06,417.449510532203,418.7293842506858,414.0725584079514,417.95159912109375,14861300.0
2024-06-07,419.60560716420275,419.68435613947076,416.4551073364084,417.2919616699219,13621700.0
2024-06-10,418.1288206635897,421.45649821147657,417.3313558315188,421.249755859375,13982900.0
2024-06-11,418.8967715885156,426.1231998343133,418.67031944713443,425.9853515625,14551100.0
2024-06-12,428.5844790234761,436.53944727057524,426.54650007534946,434.23565673828125,22366200.0
2024-06-13,434.02890334988575,436.5296113185569,432.57179200487434,434.7475891113281,15960600.0
2024-06-14,431.49865916361745,436.2834778568933,429.96279885352675,435.7222900390625,13582000.0
2024-06-17,435.741958721063,443.9627681496181,433.9008973733048,441.4325256347656,20790000.0
2024-06-18,442.75181252074634,443.1751821409538,438.00641324566425,439.4339599609375,17112500.0
2024-06-20,439.3945559147101,439.6210080275433,434.4423844149745,438.8038635253906,19877400.0
2024-06-21,440.4578496032106,443.6083190884872,439.6013156180092,442.8207092285156,34187100.0
2024-06-24,442.84045705555275,445.74482519591487,439.5029244573709,440.7434387207031,15913700.0
2024-06-25,441.3143898379412,444.4353547941903,439.83759879553867,443.9726257324219,16413400.0
2024-06-26,442.05283004707155,446.58166237734525,441.2553652071883,445.1639404296875,16507000.0
2024-06-27,445.18358463488477,449.1118693221635,444.7799248025884,445.8432312011719,14806300.0
2024-06-28,446.05981801420484,448.33407381119525,439.5028621939787,440.0345153808594,28362300.0
2024-07-01,441.71806471797646,450.2932899171113,438.7644825324962,449.6632080078125,17662800.0
2024-07-02,446.1877931726741,452.478907120072,446.099159273985,452.1737060546875,13979800.0
2024-07-03,451.1005881786126,453.88678735468443,450.79538710423196,453.6406555175781,9932800.0
2024-07-05,452.4986178155469,461.10340760685847,451.8685359116121,460.32562255859375,16000300.0
2024-07-08,459.33120203742016,460.4634324742541,457.27354357582976,459.0260009765625,12962300.0
2024-07-09,459.77428381745585,460.09916463101644,450.91353744838284,452.4297180175781,17207200.0
2024-07-10,454.0837473649462,459.24266153927346,451.76024698147666,459.0359191894531,18196100.0
2024-07-11,455.81649732303464,457.5886345893225,444.5633265323156,447.66461181640625,23111200.0
2024-07-12,447.30027873142194,449.2988679653278,443.6772254480025,446.5323486328125,16324300.0
2024-07-15,446.28627396172595,450.185024234339,444.44521246679955,446.9360656738281,14429400.0
2024-07-16,447.19204922721934,447.27079820143007,439.7490242805094,442.56475830078125,17175700.0
2024-07-17,435.74198947896895,437.9670310742686,432.38474735385836,436.6575927734375,21778000.0
2024-07-18,437.46491051123894,437.7701116080265,427.6787055457858,433.55633544921875,20794800.0
2024-07-19,426.39883667006126,434.3144456334854,425.31585048613374,430.3467712402344,20940400.0
2024-07-22,434.95437784378936,437.7208974938516,432.1189340633458,436.0865783691406,15808800.0
2024-07-23,437.0316974699668,441.45224583194545,436.24408758502966,437.9670104980469,13107100.0
2024-07-24,433.6351033912307,434.64916540683873,420.9740654607642,422.2637939453125,26805800.0
2024-07-25,422.1653487650477,423.14987619224735,411.05005574464656,411.92626953125,29943800.0
2024-07-26,411.72938578526725,422.28352110182095,410.8137524352177,418.6899719238281,23583800.0
2024-07-29,424.9023450000168,425.46353285919287,418.12882136064246,420.1274108886719,15125800.0
2024-07-30,421.1020622928212,422.4114705197089,410.90234276735913,416.3763427734375,32687600.0
2024-07-31,413.9937419087569,415.2539356882569,405.83200193737093,411.87701416015625,42891400.0
2024-08-01,414.2792724511176,420.84605305704525,406.69839983005807,410.65618896484375,30296400.0
2024-08-02,406.10766494731143,408.57883813707474,398.08377329176966,402.1695556640625,29437900.0
2024-08-05,383.14846573043934,394.8347988508166,379.6139866232526,389.0359191894531,40709200.0
2024-08-06,393.8109820824443,399.3932659734361,392.33419089963513,393.427001953125,24946500.0
2024-08-07,402.3173055349637,403.7349973998657,391.32012086399686,392.2652587890625,20650900.0
2024-08-08,396.2132187300544,399.58028569311574,393.7519001712231,396.4593505859375,20203000.0
2024-08-09,397.77859311198716,401.73638233312255,396.03599047899144,399.73779296875,19276700.0
2024-08-12,400.76175687200634,402.4354656198074,397.9853821448799,400.515625,16762900.0
2024-08-13,403.2525929980432,408.52967573215994,403.23291326546496,407.6042175292969,19414300.0
2024-08-14,408.3819103536035,411.2567432778309,406.06829524436563,410.4100341796875,18267000.0
2024-08-15,414.0495331175792,415.34158622213624,411.9388626649199,415.2626953125,20752100.0
2024-08-16,414.83859034033384,415.5684441235936,411.5837759699612,412.7377624511719,22775600.0
2024-08-19,413.22105614207504,415.9728470077707,410.75530126947416,415.755859375,15234000.0
2024-08-20,415.92353667507666,420.0265262237166,415.86436096713305,418.9810485839844,16387600.0
2024-08-21,418.27090283610073,420.55913050260955,415.943244764668,418.3301086425781,16067300.0
2024-08-22,418.54707521874735,420.94381179948715,408.9306313403218,409.8577575683594,19361900.0
2024-08-23,411.26814926800137,413.5169162438492,406.4451188555861,411.08074951171875,18493800.0
2024-08-26,410.6665432369522,411.56408163461276,405.7054455704439,407.82598876953125,13152800.0
2024-08-27,407.2045864016282,408.6840392458711,404.6303529004273,408.1711730957031,13492900.0
2024-08-28,409.1969879073614,409.3153393341326,401.7306743732061,404.9756164550781,14882700.0
2024-08-29,409.2561363555491,416.26872882049446,404.975589475056,407.4610595703125,17045200.0
2024-08-30,409.90708149754283,411.7711764633265,406.4846126518204,411.4259948730469,24308300.0
2024-09-03,412.1854608426902,414.1284769320411,401.4544905684809,403.83148193359375,20313600.0
2024-09-04,400.34988605247173,405.60686296266397,398.8309724018672,403.2989196777344,15135800.0
2024-09-05,402.0363656944642,407.44131080829675,400.56678553175374,402.79583740234375,14195500.0
2024-09-06,403.4566777506577,405.0248942566708,395.30981392110493,396.197509765625,19609500.0
2024-09-09,401.6615826272171,403.0522719406784,396.6413094868822,400.16241455078125,15295100.0
2024-09-10,402.6084639940855,410.627073483588,402.11531302402886,408.5262756347656,19594300.0
2024-09-11,409.8084532189213,418.1821469994098,403.9695325309428,417.24517822265625,19266900.0
2024-09-12,417.51145302107784,421.5158363092752,414.0002206806835,421.1509094238281,17395700.0
2024-09-13,419.9969049719398,425.914716092092,419.63197810212404,424.69171142578125,15874600.0
2024-09-16,424.70160374609685,427.5914610863902,422.3542004104568,425.43145751953125,13834700.0
2024-09-17,434.1997005769437,435.79750485485505,426.3487157034463,429.18927001953125,18874200.0
2024-09-18,429.04132931995406,430.05721907964937,424.5142071811442,424.9087219238281,18898000.0
2024-09-19,435.1860014052933,435.452292084435,430.91529729082623,432.6807861328125,21706600.0
2024-09-20,431.23091793236443,433.22323693457605,428.27201223229315,429.3076171875,55167100.0
2024-09-23,428.33115788248597,430.481288649773,424.4944594123769,427.57171630859375,15128900.0
2024-09-24,427.06875254523504,427.4139642542688,420.2632749795507,423.2912292480469,17015800.0
2024-09-25,423.94212038705155,427.18706197372046,422.6994004960537,426.1908874511719,13396400.0
2024-09-26,429.1301061037402,429.3372210826113,423.251754987828,425.4018859863281,14492000.0
2024-09-27,425.6089779793521,425.93447445668835,421.6144673905514,422.15692138671875,14896100.0
2024-09-30,422.3443332995087,424.52408219664926,419.54323948144145,424.40570068359375,16807300.0
2024-10-01,422.58111197910216,422.61069983568314,413.0731460704372,414.9273986816406,19092900.0
2024-10-02,416.7914034366954,417.02813633754084,411.00181665833355,411.41607666015625,16582300.0
2024-10-03,411.9092940444477,413.8029769595959,408.6150490966078,410.834228515625,13686400.0
2024-10-04,412.5109097932594,414.00023534021534,409.28571331626097,410.36077880859375,19169700.0
2024-10-07,410.30158600641573,411.3963666559109,403.3974727803463,403.9300842285156,20919800.0
2024-10-08,405.27145839926953,409.966265233936,402.57887338489604,409.0292663574219,19229300.0
2024-10-09,410.1635185105957,414.62162263212304,408.6248898614367,411.7416076660156,14974300.0
2024-10-10,409.54216908706456,411.63312440285347,407.49064417755886,410.143798828125,13848400.0
2024-10-11,410.4397214022164,411.4161507329335,407.58929422530787,410.61724853515625,14144900.0
2024-10-14,412.0473312101826,418.2314633461143,411.80075573680847,413.3985900878906,16653100.0
2024-10-15,416.3969091028174,416.692817718463,409.5717171353566,413.0040283203125,18900200.0
2024-10-16,409.4830140710585,410.6566857580044,404.8572552888869,410.41998291015625,15508900.0
2024-10-17,416.57447660649984,416.7125733271007,409.89722324961605,411.0117492675781,14820000.0
2024-10-18,411.42598973201757,413.9015870376485,410.55803924257515,412.4320068359375,17145300.0
2024-10-21,410.4199513395574,413.22104518863654,408.08242059822123,413.04351806640625,14206100.0
2024-10-22,412.75752809912296,424.6819160644371,412.3137102440662,421.65399169921875,25482200.0
2024-10-23,424.95801224079617,425.1749998576998,416.7421308498749,418.7837829589844,19654400.0
2024-10-24,419.5037748840412,420.144895200207,416.6139175340375,418.9120178222656,13581600.0
2024-10-25,420.91418182997273,426.5952599466425,420.7267820728724,422.2851257324219,16899100.0
2024-10-28,425.7470479380857,426.02321124416125,420.46045452237,420.7464904785156,14882400.0
2024-10-29,422.1372070838931,427.23640107681365,419.96733089551304,426.0331115722656,17644100.0
2024-10-30,431.4478786962363,432.4933562372157,426.18103048992214,426.6051330566406,29749100.0
2024-10-31,409.6703738017444,410.4594334413064,400.73448031809437,400.7838134765625,53971000.0
2024-11-01,403.40733166804887,409.8084210802644,401.91800623395363,404.7486877441406,24230400.0
2024-11-04,404.1864784886832,404.79801090779887,400.0144410053543,402.8648376464844,19672300.0
2024-11-05,402.7761220934701,409.21667261639857,402.49008610038965,405.82379150390625,17626000.0
2024-11-06,406.77066424480597,414.69066771455005,404.8966664565658,414.4243469238281,26681800.0
2024-11-07,415.5093002796819,421.00300957645607,414.1284835164612,419.6024475097656,19901800.0
2024-11-08,419.4939629624982,420.65779206836214,416.00244554535874,416.7520446777344,16891400.0
2024-11-11,416.7322894657105,418.99092936118404,410.301611581567,412.2840881347656,24503300.0
2024-11-12,412.52073848816826,418.62594919557404,411.4851336112788,417.2352600097656,19401200.0
2024-11-13,415.86431721659767,423.4489505825368,412.4812790708163,419.37554931640625,21502200.0
2024-11-14,419.17832483529844,422.30491523139983,414.24681513135374,421.0424499511719,30246900.0
2024-11-15,414.0692593490907,417.00841966551917,407.97392100075103,409.3152770996094,28247600.0
2024-11-18,409.1870572477352,412.66870168958155,406.45501186857297,410.06488037109375,24727000.0
2024-11-19,407.4512222383487,412.215077958307,405.91259346035645,412.067138671875,18133500.0
2024-11-20,411.1596854793811,411.57394553855335,404.9558378403451,409.798583984375,19191700.0
2024-11-21,414.5818472703372,414.85856338751086,405.47983232208855,408.0295715332031,20780200.0
2024-11-22,406.547145598137,412.50644943843054,406.2407824115055,412.11114501953125,24814600.0
2024-11-25,413.474991137145,416.1433187151558,409.9863774439722,413.88018798828125,27691100.0
2024-11-26,414.67080652096905,424.0100286609721,413.93949178519347,422.9723205566406,23458900.0
2024-11-27,420.12605489536344,422.22122564388053,417.07228524559736,418.0309143066406,18332400.0
2024-11-29,415.1649061905191,419.89875718802,412.9017454606376,418.4953918457031,16271900.0
2024-12-02,416.6275643373692,427.9235529659965,416.370602899235,425.92724609375,20207200.0
2024-12-03,424.8006430250728,427.3998142862311,422.72525694948587,426.14471435546875,18302000.0
2024-12-04,427.95323167121506,434.5153999624501,427.55792723241916,432.2917785644531,26009400.0
2024-12-05,432.7859063083414,439.44687793021666,431.0564230401268,437.4307861328125,21697800.0
2024-12-06,437.1145294101148,440.8699968788184,436.5907442566123,438.3696594238281,18821000.0
2024-12-09,437.4110061952819,443.0738089240489,435.3356203613735,440.7908935546875,19144400.0
2024-12-10,439.1800467406791,444.34871163189086,436.42274787532307,438.1324462890625,18469500.0
2024-12-11,438.84401807874156,445.0701760009867,438.84401807874156,443.7261047363281,19200200.0
2024-12-12,443.8446923743848,450.81205740820604,443.8446923743848,444.2894287109375,20834800.0
2024-12-13,443.18251083945466,446.13744655491615,440.3560256752725,442.0262145996094,20177800.0
2024-12-16,442.02629379074256,446.87873364714176,440.0596337652838,446.295654296875,23598800.0
2024-12-17,445.72242348242105,449.95224407864544,444.2993034538041,449.1319580078125,22733500.0
2024-12-18,446.02882636391814,447.3432204529913,431.89645846414146,432.26214599609375,24444500.0
2024-12-19,436.44249480171817,437.9842031344139,431.2046434354816,431.90631103515625,22963700.0
2024-12-20,428.03224964237955,438.53762947103075,423.6047919913248,431.4813537597656,64263700.0
2024-12-23,431.61970806424813,432.51904296318025,427.7555447705133,430.1471862792969,19152500.0
2024-12-24,429.5542568118305,434.4462362082623,429.09965819133004,434.17938232421875,7164500.0
2024-12-26,433.9322924323696,435.7705018127553,431.5110338839644,432.9736633300781,8194200.0
2024-12-27,429.5048352492743,430.117561657289,421.351556737901,425.4825439453125,18117700.0
2024-12-30,421.0649252132939,422.53744699473475,416.95369289645987,419.8493347167969,13158700.0
2024-12-31,421.1044871129431,421.72710593306806,415.72826227096317,416.55841064453125,13246500.0
2025-01-02,420.54116958363784,421.0748471756245,409.98638702094667,413.6726379394531,16896500.0
2025-01-03,416.1433125624827,419.0587393010629,414.62138898974536,418.38671875,16662900.0
2025-01-06,422.98218924692804,429.2281017096726,420.4917442238413,422.8339538574219,20573600.0
2025-01-07,423.9704579117962,425.6011074871905,415.8665816173968,417.4181823730469,18139100.0
2025-01-08,418.4954097350683,421.9642686702226,416.5979364179098,419.58251953125,15054600.0
2025-01-10,419.651700779007,419.73074959963856,410.15435142162687,414.0382995605469,20201100.0
2025-01-13,410.3717995418403,413.593589604229,407.45640284839305,412.2989501953125,17604800.0
2025-01-14,412.9116788431012,414.8190446806072,405.90480416806594,410.7967834472656,16935900.0
2025-01-15,414.2161660512409,423.1304056035061,413.3662329233126,421.3119812011719,19637800.0
2025-01-16,423.67398737859014,424.45470380326,419.4145196873236,419.6022644042969,15300000.0
2025-01-17,429.00082793237107,429.386270141353,423.1502495011057,424.0001525878906,26197500.0
2025-01-21,425.1563998310193,425.8481750206776,420.61032363697626,423.476318359375,26085700.0
2025-01-22,432.430120920086,442.0262741390286,430.888412499157,440.9688415527344,27803800.0
2025-01-23,436.81809723637986,441.5124093673138,436.32395911733414,441.4728698730469,18389300.0
2025-01-24,439.94102216929423,441.4135440071518,436.225094129831,438.8539123535156,15549500.0
2025-01-27,419.03902948180274,430.0978433186218,418.53499893466574,429.46533203125,35647800.0
2025-01-28,429.50483681704293,443.1232814648123,426.3225862891417,441.9571228027344,23491700.0
2025-01-29,441.4530954449331,441.6408703345489,435.23682974085557,437.1441955566406,23581400.0
2025-01-30,413.86037732807745,417.9024230144378,408.31616280623206,410.12469482421875,54586300.0
2025-01-31,414.06796458574274,415.7579084081136,410.0456732964256,410.19390869140625,34161900.0
2025-02-03,406.774468051233,410.53979775772405,403.8689337668832,406.1024475097656,25679100.0
2025-02-04,407.8516865143663,409.0672770356713,404.9362598096777,407.5354309082031,20532100.0
2025-02-05,407.5157200553288,408.978349611442,405.5885692928633,408.4447021484375,16316700.0
2025-02-06,409.14633744300244,413.2971094519946,409.14633744300244,410.94500732421875,16309800.0
2025-02-07,411.59727657785896,413.7418190108213,403.31551731813784,404.9461669921875,22886800.0
2025-02-10,408.85972888435845,410.5892121947109,406.10246006462063,407.38720703125,20817900.0
2025-02-11,404.83747842325164,407.65404147500567,404.50143797348676,406.6163635253906,18140600.0
2025-02-12,402.435914112503,405.93442005448907,399.6292135248499,404.2444763183594,19121700.0
2025-02-13,402.22836193070845,406.18146622486773,401.59585076694265,405.72686767578125,23891700.0
2025-02-14,403.0091510093491,404.1160155029715,401.1215398904841,403.6416320800781,22758500.0
2025-02-18,403.2166759889158,405.78620005413757,401.7342617389566,404.83746337890625,21423100.0
2025-02-19,403.09808061190597,410.61884763156144,402.8707662400353,409.90728759765625,24114200.0
2025-02-20,411.24414537664296,415.2249706128277,408.520936591177,412.0759582519531,23508700.0
2025-02-21,413.27418223243296,413.97725680128366,403.91626425407014,404.2331237792969,27524800.0
2025-02-24,404.5302202614153,405.38182745676596,395.429748735741,400.06414794921875,26443700.0
2025-02-25,397.1923965138258,398.00441513588805,392.8352683816966,394.0235595703125,29387400.0
2025-02-26,394.13254018558297,399.6680779917259,390.40916096474115,395.8357849121094,19619000.0
2025-02-27,397.3607146060961,401.78716793671936,388.3493932994261,388.70587158203125,21127400.0
2025-02-28,388.83460333794534,393.7561854578909,382.80393739721217,393.1224060058594,32845700.0
2025-03-03,394.93457905310964,394.93457905310964,382.3979130752632,384.7052001953125,23007700.0
2025-03-04,379.6648014174362,388.75535997703025,377.2881889484286,384.82403564453125,29342900.0
2025-03-05,385.5469260754551,397.7568203379533,385.02209070764377,397.1131286621094,23433100.0
2025-03-06,390.438848896208,398.23217304119834,388.8544303529959,393.0234375,23304600.0
2025-03-07,388.497925986767,390.9537458547577,381.7839796807534,389.478271484375,22034100.0
2025-03-10,382.08104715568106,382.6355890788174,373.5450301742595,376.4563903808594,32840100.0
2025-03-11,375.3076750122287,382.23947903620126,373.2380400086461,376.7435607910156,30380200.0
2025-03-12,379.2192427611773,381.46711712441265,375.25821149680263,379.5361022949219,24253600.0
2025-03-13,379.4271716632625,381.5661320778761,373.7728082450696,375.0799255371094,20473000.0
2025-03-14,376.0801044136148,386.42831046600287,375.8127456880931,384.7745666503906,19952800.0
2025-03-17,382.9326924641042,388.88412112316473,381.813696346666,384.9132080078125,22474300.0
2025-03-18,383.29909421372145,383.59615946585757,377.38725393405446,379.7836608886719,19486900.0
2025-03-19,381.7740797920575,385.8836435250732,380.2589866011294,384.0417785644531,19185500.0
2025-03-20,381.98206039861145,387.97313863322194,379.5460345045817,383.07135009765625,18470500.0
2025-03-21,379.4865916093534,387.92357710345186,379.07067004050685,387.4482727050781,39675900.0
2025-03-24,391.54789342681113,391.54789342681113,386.0123564410982,389.25048828125,21004500.0
2025-03-25,390.08236222676067,392.4985634335279,388.81483346341923,391.3102722167969,15775000.0
2025-03-26,391.15183295239507,391.45881045430576,384.7844825194778,386.17083740234375,16108400.0
2025-03-27,386.3292739557081,388.41870337339975,383.62585932715103,386.7748718261719,13766800.0
2025-03-28,384.2992097422753,385.3389984995421,373.2578420054409,375.109619140625,21632000.0
2025-03-31,368.91063894364476,373.3965054432232,363.6622546184452,371.7328796386719,35184700.0
2025-04-01,371.00006183577835,379.120187514209,369.59391274714585,378.46661376953125,19689500.0
2025-04-02,374.2877261088344,381.32844426453147,372.95087209109226,378.4171142578125,16092600.0
2025-04-03,371.1386925275575,373.80248816308017,365.75168821202425,369.47503662109375,30198000.0
2025-04-04,360.5825648601157,370.94065262193254,355.97787229621173,356.3343505859375,49209900.0
2025-04-07,347.4616469003483,367.3856281525139,341.43098078163547,354.3736267089844,50425000.0
2025-04-08,364.6723484414274,370.00982228854286,346.8377957272636,351.1058044433594,35868900.0
2025-04-09,350.09575274548115,389.3990874327872,349.6600368937789,386.6857604980469,50199700.0
2025-04-10,378.3379012524662,380.15997201946135,364.21681503291546,377.63482666015625,38024400.0
2025-04-11,376.93173851590154,386.25003769690613,375.1987873888056,384.6656494140625,23839200.0
2025-04-14,389.38918941494444,390.80525087459347,380.46695659777833,384.0318908691406,19251200.0
2025-04-15,384.72502208345617,388.0720978871573,380.4173951184577,381.97210693359375,17199900.0
2025-04-16,376.9614172312142,377.8922316795949,364.41483869971677,367.9896545410156,21967800.0
2025-04-17,370.1088619054277,370.6733161182554,363.31570773511413,364.197021484375,21120200.0
2025-04-21,359.28536510699473,360.92919678600947,352.2050274305898,355.62139892578125,20807300.0
2025-04-22,359.83987920585236,364.18709517298703,356.3541524572501,363.2463684082031,19485000.0
2025-04-23,372.396358924379,376.6841922722663,369.38596664501534,370.7426452636719,20545500.0
2025-04-24,372.03979970687254,384.66558435456824,371.5347586504801,383.5267639160156,22232300.0
2025-04-25,383.2297752805051,388.33950924401097,380.8531625631297,388.03253173828125,18973200.0
2025-04-28,388.1414067328739,388.9138065441973,382.87325863987553,387.3492126464844,16579400.0
2025-04-29,387.48784509297593,391.2508426713115,386.5768248872523,390.201171875,14974000.0
2025-04-30,386.4976013857663,392.7956566127169,380.6947052715702,391.4093017578125,36461100.0
2025-05-01,426.9100091091665,432.7327295827746,420.76051687113977,421.2556457519531,58938100.0
2025-05-02,427.533877248033,435.1588741169636,425.80092616148227,431.0393981933594,30757400.0
2025-05-05,428.652877068793,435.2182909345157,427.9002714913439,431.9207458496094,20136100.0
2025-05-06,427.9894209087166,433.46554517602334,426.9694566129341,429.0885925292969,15104200.0
2025-05-07,429.61342097536215,433.8517229596541,426.9100064238295,429.1282043457031,23295300.0
2025-05-08,433.66356271096413,439.3476626606329,431.41568853142036,433.9012451171875,23491300.0
2025-05-09,435.7133964534002,436.4461774951318,431.6335394854884,434.4557800292969,15324200.0
2025-05-12,441.5955462250109,444.9921230759706,435.4955548202822,444.8832092285156,22821900.0
2025-05-13,443.41763796979524,446.2794975271711,441.021200788799,444.764404296875,23618800.0
2025-05-14,443.7741186799948,449.4779827199474,443.7741186799948,448.52734375,19902800.0
2025-05-15,447.1979616790238,452.57502540604634,446.860659567107,449.5392761230469,21992300.0
2025-05-16,448.4678481067336,450.7595407562394,445.1741794982958,450.6702575683594,23849800.0
2025-05-19,447.3070896149787,455.9480603525366,447.2277066057748,455.2337646484375,21336500.0
2025-05-20,451.9797952414424,454.7080036018212,450.719869916101,454.53936767578125,15441800.0
2025-05-21,450.9678549991314,454.1524094962116,448.229716398419,448.98370361328125,19216900.0
2025-05-22,451.3448676580097,456.6028569421555,450.30316997101943,451.25555419921875,18025600.0
2025-05-23,446.414273906322,450.0948666019555,445.3527455471655,446.6126708984375,16883500.0
2025-05-27,452.86273735527834,457.29731705224054,452.5055743512772,457.03936767578125,20974300.0
2025-05-28,457.56520718600586,458.8548936312049,453.3091934756473,453.73577880859375,17086300.0
2025-05-29,457.89257129241645,458.0612374989779,451.702028016876,455.0453186035156,13974800.0
2025-05-30,456.07703188956276,458.02149174118404,451.93016282180776,456.7119445800781,34770500.0
2025-06-02,453.51752207653715,458.44810948050275,453.2695031394806,458.3092346191406,16626500.0
2025-06-03,457.8131864599202,460.4620419695056,457.20800452370844,459.3013000488281,15743800.0
2025-06-04,460.3231275179124,461.9997378828715,459.35088242690273,460.19415283203125,14162700.0
2025-06-05,461.2755213187348,465.92835889810493,460.35289815926444,463.9739685058594,20131700.0
2025-06-06,466.3648469522318,469.5890928719542,465.06523024972654,466.6525573730469,15285600.0
2025-06-09,465.9779957450024,469.67841894667356,464.90653697170796,469.0038146972656,16469900.0
2025-06-10,467.45617352695865,469.0534009468453,463.25968221899245,467.1883239746094,15375900.0
2025-06-11,466.29541399515057,471.7022387212418,465.93828127215454,468.87481689453125,16399200.0
2025-06-12,471.2557893550323,476.6130223697302,469.7676758011157,475.0752868652344,18950600.0
2025-06-13,472.6348110082228,475.3828499324856,469.0137405811006,471.1962890625,16814500.0
2025-06-16,471.44428961660435,476.8808754060361,471.23596219473825,475.3431701660156,15626100.0
2025-06-17,471.63279762120845,474.9463269378011,470.3232503868908,474.25189208984375,15414100.0
2025-06-18,474.21220825159133,477.1884355000323,470.70025162122124,476.4344482421875,17526500.0
2025-06-20,478.4086860483398,479.62891980922967,473.09114443804276,473.616943359375,37576200.0
2025-06-23,474.42052531416374,483.884936234588,468.76571183115124,482.1488037109375,24864000.0
2025-06-24,485.07541514458467,487.9524285572733,482.9424282150726,486.2261962890625,22305600.0
2025-06-25,488.1409520653471,490.64097201284227,485.5119574284625,488.3691101074219,17495100.0
2025-06-26,489.0735376490357,494.0934387633337,488.9048714420965,493.50811767578125,21578900.0
2025-06-27,493.60726767719865,495.3434002058453,489.12309627390664,492.0100402832031,34539200.0
2025-06-30,493.101351114434,496.79187420420715,491.4048797426009,493.4684143066406,28369000.0
2025-07-01,492.53583641461546,494.10330273882704,487.08935037246306,488.1508483886719,19945400.0
2025-07-02,486.10716647659297,489.589361899926,484.82741061180644,487.1984558105469,16319600.0
2025-07-03,489.89694493303733,496.16687121115365,489.52988173373706,494.8870849609375,13984800.0
2025-07-07,493.4386378219278,494.7977767455099,491.3056810299541,493.77593994140625,13981600.0
2025-07-08,493.2997134401056,494.25212791462184,490.1945116420166,492.68463134765625,11846600.0
2025-07-09,496.3354652236218,502.76412671878114,495.77990524850594,499.5200500488281,18659500.0
2025-07-10,499.06366987607214,500.4426696344743,493.8056807647675,497.5061340332031,16492100.0
2025-07-11,494.5200000462786,501.0280145407016,493.85529597280816,499.3315734863281,16459500.0
2025-07-14,497.5458219138798,499.9764196247383,497.0597144820079,499.033935546875,12058800.0
2025-07-15,499.03393728805895,504.2720960834484,498.80577924001653,501.811767578125,14927200.0
2025-07-16,501.17679603649344,502.70460109528983,497.9128887743687,501.6133117675781,15154400.0
2025-07-17,501.67285674255714,509.3019216630888,501.61333461976557,507.6451721191406,17503100.0
2025-07-18,510.4031281876361,510.56189422136015,503.40900604524023,506.00823974609375,21209700.0
2025-07-21,502.69466780228106,508.0320701704435,501.54385636100875,506.01812744140625,14066800.0
2025-07-22,506.92095727911294,507.1491456054249,501.26611328125,501.26611328125,13868600.0
2025-07-23,502.7343595827018,502.77405108780124,496.7323137246232,501.861328125,16396600.0
2025-07-24,504.73833906736274,509.5995039044367,503.27998658866585,506.8316345214844,16107000.0
2025-07-25,508.4090573683804,514.1829458042694,506.3157919577708,509.6392822265625,19125700.0
2025-07-28,510.0063088656235,510.91900158393673,506.07766717141,508.4388122558594,14308000.0
2025-07-29,511.4448055642593,513.5182098314434,507.50623361872493,508.50823974609375,16469200.0
2025-07-30,511.08764202727673,511.86149016920456,505.4030674134904,509.1729431152344,26380400.0
2025-07-31,550.8301225339796,551.0484106553389,527.6850421089878,529.2723388671875,51617300.0
2025-08-01,530.7605061500977,531.5541546097426,516.7325410439772,519.956787109375,28977600.0
2025-08-04,524.0838536533402,533.9847498429226,523.9449485218581,531.3954467773438,25349000.0
2025-08-05,532.9231983823397,533.0422426180032,523.0619638515897,523.5679321289062,19171600.0
2025-08-06,526.6930670104376,527.486715540996,519.8775111011839,520.7802734375,21355700.0
2025-08-07,522.6255013664995,523.9053178574718,513.4488005319126,516.7127685546875,16079100.0
2025-08-08,518.4588193359411,520.5024931820143,515.2940949258492,517.9032592773438,15531000.0
2025-08-11,518.1611446296885,523.4092640243366,515.6015722772428,517.6353759765625,20194400.0
2025-08-12,519.5996565820958,526.7723446368122,518.5579891899393,525.046142578125,18667000.0
2025-08-13,527.8934364066101,528.4787877679453,515.2544004746543,516.454833984375,19619200.0
2025-08-14,518.4190436500928,521.7821945996749,516.0182375574066,518.3396606445312,20269100.0
2025-08-15,518.627406652342,521.9309749680182,514.9666450837208,516.0479736328125,25213300.0
2025-08-18,517.4567900842618,518.6770238166106,509.9467697824549,513.0023193359375,23760600.0
2025-08-19,510.91900524319027,511.0777107186651,504.5201046206217,505.7304382324219,21481000.0
2025-08-20,505.829663283555,506.9507137373093,500.4426991689255,501.7125549316406,27723000.0
2025-08-21,500.5200628741361,504.435269171935,499.5561662916726,501.06658935546875,18443300.0
2025-08-22,501.0765850227361,507.5158151187978,499.2481684011306,504.037841796875,24324200.0
2025-08-25,503.44159720621536,504.9917771303553,500.9473838488724,501.0865173339844,21638600.0
2025-08-26,501.18583887731603,501.8019624337255,495.37267961289456,498.8804626464844,30835700.0
2025-08-27,498.8407434548062,504.09746017877256,496.75395340313815,503.5509033203125,17277900.0
2025-08-28,503.89867767213724,507.87350408410515,502.3186878124423,506.4326477050781,18015600.0
2025-08-29,505.4588240002719,506.39291066950057,501.3150539612025,503.501220703125,20961600.0
2025-09-02,497.32034095368414,502.81553721257154,493.68337117589067,501.9410705566406,18128000.0
2025-09-03,500.6194673133705,504.5942937991858,499.1587173668126,502.1696472167969,16345100.0
2025-09-04,501.1262461318779,504.95202275876863,499.983489561643,504.7731628417969,15509500.0
2025-09-05,505.86622472604114,508.74796779288187,489.27131242222254,491.884765625,31994800.0
2025-09-08,494.97517595073856,498.04575600626316,491.91457299081776,495.06463623046875,16771000.0
2025-09-09,498.27429847652155,499.0891451753406,494.5677922273047,495.2733154296875,14410500.0
2025-09-10,499.81456783685906,500.06299449245154,493.5939546766565,497.2209777832031,21611800.0
2025-09-11,499.08915061774627,500.00337405269875,494.7466575341409,497.8569641113281,18881600.0
2025-09-12,503.4614629424367,509.32432605160386,500.67909648146514,506.6910095214844,23624900.0
2025-09-15,505.58800862213144,512.2259313574772,503.80926524972944,512.1166381835938,17143800.0
2025-09-16,513.6270820344445,513.9748550906477,505.3991924428879,505.83642578125,19711900.0
2025-09-17,507.4064717390096,508.07226852063866,502.74598524416496,506.81024169921875,15816600.0
2025-09-18,508.270998935228,509.84107240669834,504.4651158521554,505.2501525878906,18913700.0
2025-09-19,507.34679796260957,516.0317832353262,507.09837133283605,514.67041015625,52474100.0
2025-09-22,512.3451813197225,514.4816139887456,509.31432785382,511.21234130859375,20009300.0
2025-09-23,510.5664850795932,511.35155218118825,504.1173383670773,506.0252685546875,19799600.0
2025-09-24,507.16798604562155,509.2547456727144,503.72976965544393,506.9394226074219,13533700.0
2025-09-25,505.10107733704126,506.8003375404676,501.8616142840625,503.8390808105469,15786500.0
2025-09-26,506.849997214163,510.70558375978015,503.4316440082871,508.2411804199219,16213100.0
2025-09-29,508.2809533120173,513.5972596483151,505.677446731691,511.3614196777344,17617800.0
2025-09-30,510.0099885223437,514.8990082310244,506.45253207823936,514.6903686523438,19728200.0
2025-10-01,511.56013673304216,517.2342231556227,508.4697238165545,516.4392700195312,22632300.0
2025-10-02,514.3823296081488,518.3173691617891,507.4661094259624,512.4942626953125,21222900.0
2025-10-03,513.8456285403139,517.2143082734997,511.75886906280147,514.0940551757812,15112300.0
2025-10-06,515.3461902238155,527.6880704621805,514.9387971845453,525.2435302734375,21388600.0
2025-10-07,524.9652461341774,526.4657528279373,518.1583800775612,520.682373046875,14615200.0
2025-10-08,519.9868090400763,523.6336952116123,519.7980023635643,521.546875,13363400.0
2025-10-09,519.0527457511332,521.0302122328587,514.1438325922749,519.1123657226562,18343600.0
2025-10-10,516.3697201998212,520.2849266906686,506.42270727517143,507.74432373046875,24133800.0
2025-10-13,513.1600134586593,513.1600134586593,508.45980051307464,510.81488037109375,14284200.0
2025-10-14,507.0189143190136,512.0371506947121,502.815524609146,510.337890625,14684300.0
2025-10-15,511.71916116293283,513.935107423202,506.7903547024341,510.1987609863281,14694700.0
2025-10-16,509.3541552294708,513.597241245564,504.93214864922606,508.3902282714844,15559600.0
2025-10-17,505.8364332653001,512.235876086287,504.1173098719632,510.3478698730469,19867800.0
2025-10-20,511.37132460679527,515.4356111738924,510.19875812962454,513.53759765625,14665600.0
2025-10-21,514.2431942660954,515.4257076122852,509.81124074780416,514.4021606445312,15586200.0
2025-10-22,517.8702452376143,521.9245247034462,514.4518919333965,517.2640380859375,18962700.0
2025-10-23,519.1720024577996,520.6526156742948,515.3461954332505,517.283935546875,14023500.0
2025-10-24,519.499850577073,522.0437370421222,517.4329845218087,520.314697265625,15532400.0
2025-10-27,528.4333612309177,531.2157277722118,525.6807743511338,528.1749877929688,18734700.0
2025-10-28,546.5385938392855,550.2351530342114,537.3667019364588,538.6585083007812,29986700.0
2025-10-29,541.510525937623,542.8321728172806,533.3521721804118,538.141845703125,36023000.0
2025-10-30,527.1414993194383,531.6032326010347,518.834126044735,522.4512329101562,41023100.0
2025-10-31,525.5515477587454,525.9887810857076,511.85824179468614,514.5512084960938,34006400.0
2025-11-03,516.5385956979154,521.6562086548496,511.3514766558802,513.776123046875,22374700.0
2025-11-04,508.53933673798264,512.3054631947169,504.64399323613884,511.0931701660156,20958700.0
2025-11-05,510.06960470137113,511.5900049686576,503.39189488693165,503.96826171875,23024300.0
2025-11-06,502.47768369906356,502.51744045426454,492.6896676102462,493.9715576171875,27406500.0
2025-11-07,493.8225155697467,496.2372153715257,490.1457889557352,493.6933288574219,24019800.0
2025-11-10,496.8930386116327,503.6601778844964,495.66082185127294,502.8155212402344,26101500.0
2025-11-11,501.6230817360039,506.39289163210333,499.18851875070465,505.4786682128906,17980000.0
2025-11-12,506.1543604609167,508.4498505213197,495.9788149582036,507.9231872558594,26574900.0
2025-11-13,507.09842927280135,510.2683558569415,498.13520636364063,500.12261962890625,25273100.0
2025-11-14,495.0944623167857,508.38031503091224,494.30942559248354,506.96923828125,28505700.0
2025-11-17,505.2501227292945,508.8970088955905,501.7323929449627,504.296142578125,19092800.0
2025-11-18,492.2524466910109,499.8145698875434,483.71651040889276,490.6824035644531,33815100.0
2025-11-19,487.0156390818261,492.0736023312663,479.79137227085766,484.05438232421875,23245300.0
2025-11-20,490.5255566668064,491.3817596467919,473.39186588492817,476.3088684082031,26802500.0
2025-11-21,476.3785437287191,476.796695003642,466.19388806310616,470.0268249511719,31769200.0
2025-11-24,472.8940955697233,474.7856658755464,465.9450303435204,471.8985290527344,34421000.0
2025-11-25,471.9681767111092,477.0256407210385,462.82888433135173,474.8752136230469,28019800.0
2025-11-26,484.1539406114854,486.14507360501653,479.06661039650686,483.3475341796875,25709100.0
2025-11-28,485.4382224868377,490.44592067381114,484.49242217644115,489.82867431640625,14386700.0
2025-12-01,486.27447583839387,487.68816317334665,482.5012705124726,484.5820007324219,23964000.0
2025-12-02,484.56211884124775,491.312058367048,484.16389832530854,487.82757568359375,19562700.0
2025-12-03,474.2082166599713,482.09308589504883,473.0931871020635,475.6119689941406,34615100.0
2025-12-04,477.6329620200481,479.186043226252,474.3774403367437,478.7081604003906,22318200.0
2025-12-05,480.3807061976695,481.2568095233099,476.7568601661199,481.01788330078125,22608700.0
2025-12-08,482.74025101921535,490.11737199051475,482.2325023858298,488.8430480957031,21965900.0
2025-12-09,486.93155551686203,489.93815525049575,486.33420957194573,489.8385925292969,14696100.0
2025-12-10,481.88401246545567,482.10303829287767,472.973680864489,476.4382629394531,35756200.0
2025-12-11,474.51683677020293,483.8751552220924,473.750231167373,481.3265075683594,24669200.0
2025-12-12,477.69270598810584,480.31105063829824,474.22812377070755,476.4084167480469,21248100.0
2025-12-15,477.97146396596463,478.588710310573,470.42505317808707,472.7148742675781,23727700.0
2025-12-16,469.8177748762136,475.7712732838117,468.79234263095657,474.2779235839844,20705600.0
2025-12-17,474.79560024235434,477.8718969329872,472.8940646732686,474.00909423828125,24527200.0
2025-12-18,476.06992080908344,487.4293375934554,475.7712630284666,481.8342590332031,28573500.0
2025-12-19,485.1992432324443,485.68709144559693,480.35083955461556,483.7656555175781,70836100.0
2025-12-22,483.9647726311972,486.5632169440421,480.5499868948874,482.7701110839844,16963000.0
2025-12-23,482.829854335465,485.66719456773416,482.5908977144131,484.6915588378906,14683600.0
2025-12-24,483.5267014178325,486.99128356758627,482.680463867149,485.8563232421875,5855900.0
2025-12-26,484.5521629916047,485.95591540329985,483.8054881161676,485.5477294921875,8842200.0
2025-12-29,482.71034015280554,486.1848877649252,482.0333622504328,484.9404296875,10893400.0
2025-12-30,483.77560983811236,487.5089841188462,483.3475235456682,485.3187561035156,13944500.0
2025-12-31,485.6771523949816,485.97584057107747,481.15727202744546,481.4758605957031,15601600.0
2026-01-02,482.24244872265706,482.5112407273309,468.07552715971417,470.84320068359375,25571600.0
2026-01-05,471.95822796941724,473.95932625248497,467.41844739653146,470.75360107421875,25250300.0
2026-01-06,471.69937935780575,476.617480129593,467.6673473241013,476.3885192871094,23037700.0
2026-01-07,477.63296458601815,487.5288974221053,475.83099176167434,481.3265075683594,25564200.0
2026-01-08,479.10639276886474,480.5201105081445,473.7502403609407,475.9902648925781,18162600.0
2026-01-09,471.9582322108041,477.6927047258898,470.106493184136,477.15509033203125,18491000.0
2026-01-12,474.5566738594685,478.85749783991434,473.57104241242143,475.06439208984375,23519900.0
2026-01-13,472.57548334410274,473.6706125344443,463.88420753037366,468.5832824707031,28545800.0
2026-01-14,464.3919508718589,466.12425727832346,455.14315976714454,457.3433532714844,28184300.0
2026-01-15,462.062293141988,462.19172164087615,453.8787357567712,454.6353759765625,23225800.0
2026-01-16,455.8001987238622,461.13645097900303,454.4562082505655,457.8211975097656,34246700.0
2026-01-20,449.2194951600843,454.77474258752966,447.28809381488645,452.5048522949219,26130000.0
2026-01-21,450.5933708341933,450.6829681667298,436.73507280530305,442.1409912109375,37980500.0
2026-01-22,445.6354487179439,450.8323067932568,442.7284117030413,449.1398620605469,25349400.0
2026-01-23,449.8665935761158,469.01134678020316,448.5325382185013,463.8841857910156,38000200.0
2026-01-26,463.2470104625561,472.14737672642065,459.9516880286902,468.1949768066406,29291200.0
2026-01-27,471.5998386603028,480.72916597612596,471.0622242712429,478.4493103027344,29213900.0
2026-01-28,481.0676409982362,481.59528998521284,475.8807484603396,479.4946594238281,36875400.0
2026-01-29,438.0392806211351,440.5381621786467,419.1533835040837,431.57806396484375,128855300.0
2026-01-30,437.2229597325442,437.65104604221966,424.5593524472701,428.38232421875,58566800.0
2026-02-02,428.33251789753194,428.8303011436502,420.37795134689077,421.49298095703125,42219900.0
2026-02-03,420.1390072256922,420.178808008447,406.7486263222299,409.3868713378906,61424100.0
2026-02-04,409.17783910585314,417.93881231579195,407.4256323109538,412.35369873046875,45012400.0
2026-02-05,405.6335909812077,406.4897635323938,390.5806313349955,391.9246520996094,66289200.0
2026-02-06,397.4002746193236,400.0086538663787,391.17798428483076,399.3615417480469,53515300.0
2026-02-09,403.0550898097971,413.05058563481117,399.0927243377603,411.76629638671875,45480500.0
2026-02-10,417.75959730190846,421.80159473973595,410.8702943432265,411.437744140625,44857900.0
2026-02-11,414.33481566901673,414.61357304478975,399.2320904458023,402.5771789550781,42491000.0
2026-02-12,403.20440420967,404.3990960787573,396.24540458526855,400.05841064453125,40802400.0
2026-02-13,402.65686886295305,403.7420326637702,396.2852191820681,399.5407409667969,34091600.0
2026-02-17,397.45004705087115,398.7442713079252,392.78083787972264,395.1004943847656,32078800.0
2026-02-18,396.3648852083561,400.77523739702553,394.5629123207548,397.828369140625,23223400.0
2026-02-19,399.82403795970674,403.55594539020564,395.8127368785549,397.5988464355469,28234000.0
2026-02-20,395.2539159508346,399.2552593187824,394.3059873534157,396.37152099609375,34015200.0
2026-02-23,394.14630950985264,394.50551684604494,382.27203437696886,383.6390686035156,43238300.0
2026-02-24,383.30981969967445,388.5185091169527,380.88504821898124,388.1593017578125,33884700.0
2026-02-25,389.68597856263057,400.60233728073825,389.31678308531696,399.7342224121094,43625500.0
2026-02-26,403.8353349281015,406.6093255926281,397.8782360341113,400.851806640625,34405900.0
2026-02-27,390.03523926255787,395.9624042352165,389.0374004516944,391.8912048339844,51367200.0
2026-03-02,392.01092411942045,400.32293811697235,389.78576315389057,397.6886291503906,35474900.0
2026-03-03,392.2903484387299,405.82103971635513,391.82136299902305,403.0570068359375,38199200.0
2026-03-04,400.4027502952161,410.14166638677375,399.44483360720756,404.32427978515625,35808000.0
2026-03-05,403.54596943015656,410.72040218284053,403.525993165685,409.79241943359375,39001300.0
2026-03-06,408.31564337314285,412.1572983375802,407.6271321747383,408.0761413574219,31123900.0
2026-03-09,404.044890641513,409.3234358422322,402.62794618065146,408.5251770019531,30131900.0
2026-03-10,409.1438479339772,409.31349393117443,402.05918625996463,404.8830871582031,31706400.0
2026-03-11,404.6934855668013,408.1260534422115,400.7220762180728,404.0049743652344,25512100.0
2026-03-12,403.7555185610488,405.2422886286942,400.84181586601125,400.9914855957031,27263900.0
2026-03-13,400.13336309353434,403.9251383935716,393.3979511212616,394.69512939453125,26848000.0
2026-03-16,397.209690545171,399.7641553863696,393.9367805641587,399.08563232421875,27733700.0
2026-03-17,399.4049101655112,403.5259891234105,396.8903674487218,398.5467834472656,26228300.0
2026-03-18,396.271723303423,397.13983817793417,390.1549666521916,390.9432678222656,25908500.0
2026-03-19,389.2569126674818,391.6417315076428,386.2234742615233,388.1792297363281,25138800.0
2026-03-20,385.95408868282834,386.16362631018524,379.29849030352204,381.0447082519531,50853200.0
2026-03-23,383.07032058481127,386.3731646745857,380.85511716508233,382.1722717285156,29680100.0
2026-03-24,381.53362193174286,381.6434000325674,371.04635704379217,371.9344177246094,42733600.0
2026-03-25,376.10542586510894,376.2451074667104,368.831172255135,370.2381286621094,31181200.0
2026-03-26,370.01860155518807,373.9101668945663,364.4007640805619,365.1790771484375,36836600.0
2026-03-27,361.11784971721505,361.6666793192034,355.73951450811694,355.9989318847656,37883400.0
2026-03-30,361.1178525849577,364.5703662773937,355.51000344849933,358.1842041015625,44797000.0
2026-03-31,363.7621155862403,372.09407550142714,362.28533367877645,369.3699951171875,45244400.0
2026-04-01,372.682807332766,373.1817267376728,367.4042619540212,368.57171630859375,29417200.0
2026-04-02,366.41637016886637,372.83249667260446,363.3629859357669,372.6528625488281,24099100.0
2026-04-06,372.682794233078,372.92229624611906,368.70142726638517,372.0741271972656,16146600.0
2026-04-07,369.5396147715723,371.64507045865594,365.7677853538718,371.48541259765625,21443300.0
2026-04-08,384.148004001906,384.167949815935,370.6073237610428,373.52099609375,33064800.0
2026-04-09,371.6949574789129,372.6927962909368,366.2567237727329,372.26373291015625,30435300.0
2026-04-10,372.17393720824543,374.8281921461914,369.23030048358606,370.0684814453125,28111100.0
2026-04-13,372.8025510733858,383.70895264062807,370.2181521550117,383.539306640625,35745800.0
2026-04-14,387.0816509997633,393.83700889302276,385.684652281273,392.2604064941406,37504500.0
2026-04-15,397.1398382929036,413.47445440771634,395.8725939925935,410.3312683105469,45063400.0
2026-04-16,418.95258572248235,419.9105328997013,411.2492993874727,419.35174560546875,41642400.0
2026-04-17,423.9018933176335,430.64726300981,419.78081413338697,421.87628173828125,48568200.0
2026-04-20,420.2398034863272,422.4150847565369,415.40027922801784,417.1664733886719,27582200.0
2026-04-21,419.33177508554746,426.25677891783357,416.2983670043314,423.2433166503906,32048500.0
2026-04-22,425.2689090952171,432.7626880248645,422.7543663498755,431.984375,29378200.0
2026-04-23,418.9825380949446,422.7443793162959,410.5208543154444,414.8514709472656,38308000.0
2026-04-24,416.0688403922519,424.0316048781353,414.9013556123021,423.7023010253906,27457400.0
2026-04-27,421.46715688013995,426.1869149113369,416.1686352924954,423.9018859863281,30867300.0
2026-04-28,423.6524179624475,428.99086152362304,420.9881750222059,428.3222961425781,30438100.0
2026-04-29,423.6623688360089,425.8975483734993,419.38166246548025,423.5426330566406,38288300.0
2026-04-30,409.92216255995794,413.5243765293071,397.1498378648014,406.8987121582031,70909400.0
2026-05-01,411.9078412872606,416.2085240460113,409.5529563541748,413.5443115234375,31372400.0
2026-05-04,410.6505829404435,419.87060358807366,409.91216153093814,412.72607421875,28066500.0
2026-05-05,414.42242364358015,415.8792597859335,407.916495085617,410.4909362792969,25700900.0
2026-05-06,407.11822745622237,417.51572107575487,404.23445872829495,413.0653381347656,30285900.0
2026-05-07,419.2020489501835,427.05506598481406,417.8549909144547,419.8606262207031,34942400.0
2026-05-08,416.48795292910256,417.7252633012779,413.105264767488,414.22283935546875,33383800.0
2026-05-11,406.9885016374445,411.79809190456297,404.6236285818644,411.7681579589844,35657900.0
2026-05-12,413.58422243338293,414.6020070114768,405.76117016707224,406.8887023925781,38594200.0
2026-05-13,402.3286237155428,405.4318878236479,400.1633000811369,404.3342590332031,29667100.0
2026-05-14,403.6058516736889,410.94993067744383,400.013625877668,408.5451354980469,27077500.0
2026-05-15,413.3746572242232,427.24464052002446,412.01761111071977,421.0081481933594,50771200.0
2026-05-18,415.71960624154525,424.2012362508279,414.7117792841577,422.6246643066406,32564100.0
2026-05-19,428.9708919761278,431.7648588737268,415.58987007798993,416.51788330078125,33018700.0
2026-05-20,413.2749005432513,421.18775475321456,410.4110776678385,420.1499938964844,27864000.0
2026-05-21,424.75,426.3399963378906,415.7099914550781,419.0899963378906,31393500.0
2026-05-22,419.5400085449219,424.3999938964844,416.3299865722656,418.57000732421875,22390300.0
2026-05-26,416.42999267578125,419.7699890136719,413.0199890136719,416.0299987792969,30398000.0
2026-05-27,411.010009765625,415.94000244140625,409.5799865722656,412.6700134277344,28901500.0
2026-05-28,412.9800109863281,429.489990234375,412.6700134277344,426.989990234375,47250500.0
2026-05-29,432.54998779296875,450.3299865722656,432.3599853515625,450.239990234375,79522600.0
2026-06-01,464.8399963378906,466.32000732421875,458.2699890136719,460.5199890136719,53628900.0
2026-06-02,446.8800048828125,453.5,440.42999267578125,441.30999755859375,36794900.0
2026-06-03,438.45001220703125,440.3900146484375,424.25,427.3399963378906,38939200.0
2026-06-04,435.80999755859375,436.1499938964844,426.4100036621094,428.04998779296875,26899500.0
2026-06-05,428.3399963378906,429.4700012207031,414.3999938964844,416.6700134277344,34782200.0
2026-06-08,414.1400146484375,417.1600036621094,408.55999755859375,411.739990234375,32086700.0
2026-06-09,409.0299987792969,411.9800109863281,398.4800109863281,403.4100036621094,35317300.0
2026-06-10,398.54998779296875,405.0400085449219,397.1600036621094,397.3599853515625,32576000.0
2026-06-11,395.2099914550781,396.8500061035156,384.0,390.3399963378906,47224100.0
2026-06-12,391.42999267578125,391.739990234375,382.2699890136719,390.739990234375,34865800.0
2026-06-15,396.79998779296875,401.75,392.8500061035156,399.760009765625,32266400.0
2026-06-16,395.7900085449219,396.8399963378906,390.69000244140625,393.8299865722656,31506800.0
2026-06-17,390.25,390.3699951171875,377.32000732421875,378.9100036621094,41987800.0
2026-06-18,377.82000732421875,381.3699951171875,373.2799987792969,379.3999938964844,59649300.0
