date,open,high,low,close,volume
2016-06-06,23.819333234230808,23.940302025829634,23.64178015307874,23.754945755004883,5638800.0
2016-06-07,23.809572835436576,23.897374334041025,23.62226505577296,23.630069732666016,6731600.0
2016-06-08,23.602761772420152,23.99688840767082,23.575446138719137,23.983230590820312,7323600.0
2016-06-09,23.99298417749324,24.221265443464922,23.973473225362287,24.190048217773438,5551600.0
2016-06-10,24.1783355450802,24.359790191366677,24.022246471143504,24.160776138305664,5889600.0
2016-06-13,24.168579650938117,24.26028125177049,24.069071884906563,24.11394691467285,4673200.0
2016-06-14,24.139314507748406,24.392959820142803,23.9754192624042,24.385156631469727,6342400.0
2016-06-15,24.316862545488636,24.32857030397763,24.059314187577176,24.162723541259766,7671200.0
2016-06-16,24.227114267105456,24.402715782202286,24.162726796804957,24.359790802001953,6134800.0
2016-06-17,24.394913429065785,24.43393681868828,24.14126809517504,24.408571243286133,11624400.0
2016-06-20,24.36954527132305,24.40856716583684,24.039804754899098,24.24077033996582,6514000.0
2016-06-21,24.299310923565372,24.38320935809149,24.110051560430385,24.24662971496582,7440400.0
2016-06-22,24.27199271867597,24.297356805088402,24.094439648018714,24.123706817626953,5465200.0
2016-06-23,24.14126964943644,24.156877517700195,23.992983736504236,24.156877517700195,5585600.0
2016-06-24,23.82908355470047,24.406616241935193,23.657385130470654,24.154922485351562,16309600.0
2016-06-27,24.16468000257396,25.01732206379764,24.16468000257396,24.95098304748535,13596000.0
2016-06-28,24.88268613246479,25.083651682432524,24.640747153836706,25.06414222717285,10236400.0
2016-06-29,25.138289088759674,25.226089101919445,24.835865663417156,24.925617218017578,9655200.0
2016-06-30,24.968550710483164,25.448525867219637,24.855385085784246,25.442672729492188,12484800.0
2016-07-01,25.61242182265025,25.61242182265025,25.08756865748806,25.311946868896484,6346800.0
2016-07-05,25.30999225141589,25.622173423949945,25.269017318863426,25.53437042236328,10086000.0
2016-07-06,25.495344064816887,25.750940903788567,25.261209714921137,25.53826904296875,9991600.0
2016-07-07,25.46217579681186,25.522660182509153,24.96854151570706,25.038782119750977,7687600.0
2016-07-08,24.991959217177957,25.360721720238566,24.71294977338257,25.35096549987793,7956400.0
2016-07-11,25.249510733449476,25.313898219265713,24.991960790184528,25.304141998291016,5507600.0
2016-07-12,25.179263560762827,25.362669749528553,24.83001207869976,24.843669891357422,9178400.0
2016-07-13,24.949037406369246,25.081713973865654,24.85928582962025,25.007570266723633,8285600.0
2016-07-14,24.833917425403207,24.993911095839877,24.68953459997835,24.826112747192383,9823200.0
2016-07-15,24.884643748130106,25.030976607016424,24.796842246490364,24.89244842529297,5394000.0
2016-07-18,24.923668409113933,25.105123079649434,24.894401238655277,25.023176193237305,8186400.0
2016-07-19,24.95683789365564,25.03488169435306,24.82806294304275,24.99195671081543,6388800.0
2016-07-20,25.08561368211452,25.10122006103112,24.8085528214607,24.82025909423828,6747200.0
2016-07-21,24.77928862882298,25.06415420175947,24.66026987931385,25.025129318237305,6518000.0
2016-07-22,24.976344062170785,25.393884592928647,24.925615896123862,25.327547073364258,6752800.0
2016-07-25,25.22803817725789,25.325594393738253,25.097313204435736,25.26511001586914,5101600.0
2016-07-26,25.245603586417793,25.288528570053302,24.974397359182625,25.05829429626465,7142000.0
2016-07-27,25.005616654504635,25.109026032811098,24.496372952370052,24.812454223632812,9644000.0
2016-07-28,24.783185563622485,24.993908879448064,24.691483952105003,24.861230850219727,7392800.0
2016-07-29,24.831959402084262,25.073898409108455,24.831959402084262,25.030973434448242,9340000.0
2016-08-01,25.01341467660513,25.13243338630031,24.954881836673117,25.071949005126953,8235600.0
2016-08-02,24.925620455457466,25.036836003170247,24.748067376046002,24.902206420898438,6613200.0
2016-08-03,24.894400471353574,25.064150352499713,24.790991095698416,24.99195671081543,20291600.0
2016-08-04,24.943176336640644,25.05048878578548,24.789038802181622,24.867082595825195,9086000.0
2016-08-05,24.736359109947443,24.810502802448557,24.449543536217437,24.58222007751465,7072800.0
2016-08-08,24.63099819580642,24.781235633755486,24.502224737582967,24.58222007751465,7976400.0
2016-08-09,24.588075506070204,24.703192650038854,24.51588483696512,24.59783172607422,6860800.0
2016-08-10,24.621242230616847,24.689531295082812,24.517832863198386,24.656362533569336,4592400.0
2016-08-11,24.6563678359595,24.7968475893899,24.603686625906608,24.78318977355957,6036000.0
2016-08-12,24.83781572014637,24.91781105135168,24.726601682116637,24.73830795288086,6001600.0
2016-08-15,24.8027030559244,24.837823367620356,24.443695259855705,24.451499938964844,4743200.0
2016-08-16,24.430036933214712,24.430036933214712,24.191999435424805,24.191999435424805,6435200.0
2016-08-17,24.19004422045878,24.584170747300995,24.000784890023414,24.545148849487305,8080000.0
2016-08-18,24.447596496343134,24.787091824690133,24.447596496343134,24.771482467651367,10607600.0
2016-08-19,24.693434438292606,24.693434438292606,24.27199226501726,24.4046688079834,9796400.0
2016-08-22,24.476857364080526,24.52563547878662,24.336377644142523,24.396862030029297,6145200.0
2016-08-23,24.45149843535921,24.531495274865847,24.236874983121997,24.24662971496582,4941600.0
2016-08-24,24.18419361760524,24.28760449232851,24.088588910050756,24.223217010498047,4933200.0
2016-08-25,24.260286775959877,24.359794564649857,24.201753920946512,24.29345703125,4957600.0
2016-08-26,24.352406847265346,24.546927020587407,23.871016601364083,23.896560668945312,7512400.0
2016-08-29,23.945676116676,24.205036783402974,23.89458949319602,24.038022994995117,8560400.0
2016-08-30,24.02230189026889,24.1559120025786,23.78455477112715,23.817956924438477,6802400.0
2016-08-31,23.80813215654062,23.906374842503794,23.70006610141978,23.762941360473633,8194000.0
2016-09-01,23.72561124139581,23.821888664376434,23.621474222795296,23.77473258972168,8328800.0
2016-09-02,23.97318415211259,24.30327968515434,23.835643472224152,24.193246841430664,9426000.0
2016-09-06,24.3150708864158,24.617658615112305,24.277738176667235,24.617658615112305,9724000.0
2016-09-07,24.945780745332257,24.945780745332257,24.446707758654536,24.572458267211914,9802400.0
2016-09-08,24.41723703478763,24.71196509901523,24.41723703478763,24.63533592224121,6993600.0
2016-09-09,24.432956449739322,24.47225442477037,23.72560938888967,23.747222900390625,10747200.0
2016-09-12,23.774732041420886,24.28166470422833,23.705962455163572,24.22468376159668,10174000.0
2016-09-13,24.128404664509908,24.210928162285345,23.792413353875933,23.88083267211914,7679200.0
2016-09-14,23.971219374088466,24.151985586642137,23.8769057202413,23.990867614746094,7883600.0
2016-09-15,23.97121574302176,24.175560712850004,23.857253865779466,24.11465072631836,5134400.0
2016-09-16,24.020340058979947,24.273806403907244,23.916203037224893,24.230579376220703,13406000.0
2016-09-19,24.29541987630507,24.539061351228117,24.25022757496497,24.50958824157715,4990400.0
2016-09-20,24.529241968945705,24.710009715679945,24.529241968945705,24.574434280395508,8329600.0
2016-09-21,24.59603828696619,25.124584403594735,24.570495728933967,25.118688583374023,7809600.0
2016-09-22,25.230686516493993,25.32106810571878,25.089216813410307,25.156021118164062,6233200.0
2016-09-23,24.670701970541902,25.089216757746673,24.374010148467594,24.90452003479004,9808400.0
2016-09-26,24.865228173827205,24.949716956483638,24.71982789730659,24.802352905273438,5540800.0
2016-09-27,24.97132875373433,25.266056853584264,24.865227956965235,24.912384033203125,9823200.0
2016-09-28,25.0165217831297,25.04206434619656,24.62355097189671,24.85147476196289,6843200.0
2016-09-29,24.73554408813072,24.74536895664524,24.11661484832755,24.305240631103516,11084800.0
2016-09-30,24.423137543203868,24.537097943957104,23.92406441209576,24.034095764160156,12255200.0
2016-10-03,24.061599814342816,24.104826838438854,23.625402024376605,23.800273895263672,6773600.0
2016-10-04,23.802244707791342,23.802244707791342,23.20492882478107,23.362117767333984,9205200.0
2016-10-05,23.39551312092017,23.60771768188278,23.265833555263747,23.2913761138916,8268800.0
2016-10-06,23.20885229412014,23.40337238942539,23.09095987363027,23.1911678314209,10979600.0
2016-10-07,23.556634000652984,24.21879032467147,23.513406973693403,23.92013168334961,19343200.0
2016-10-10,23.94370739053067,24.155911950636458,23.823851194493017,24.124473571777344,8225600.0
2016-10-11,24.000694174029526,24.065534721922074,23.731508610971392,23.804208755493164,7655600.0
2016-10-12,23.841535182121806,24.195209464152498,23.815992622500218,24.163772583007812,7682400.0
2016-10-13,24.15395523997756,24.594082206583096,24.07339548989026,24.487979888916016,8133200.0
2016-10-14,24.432952383700457,24.568527751632804,24.34256930476696,24.37007713317871,5538000.0
2016-10-17,24.432963239878077,24.456542031449462,24.289529713580595,24.3759822845459,4531600.0
2016-10-18,24.56264050169601,24.649093059134394,24.299349283738877,24.58228874206543,5262800.0
2016-10-19,24.541020852267238,24.633369207887366,24.389726291210863,24.478145599365234,6226400.0
2016-10-20,24.478149776734966,24.680529484705065,24.346504927734063,24.38973045349121,7426000.0
2016-10-21,24.271839677831643,24.401520753131592,24.146089149757806,24.307207107543945,4504800.0
2016-10-24,24.40545205834098,24.47029260198749,24.263982326408474,24.438854217529297,5948000.0
2016-10-25,24.391698198113,24.678566711187504,24.344542120377863,24.6628475189209,5546800.0
2016-10-26,24.672672026264568,24.859332559727147,24.53316756984412,24.796457290649414,5264000.0
2016-10-27,24.72768489242412,24.835752451571015,24.42902777297237,24.584251403808594,6072400.0
2016-10-28,24.62551283337706,24.845575497772444,24.54298933422879,24.7041072845459,7975200.0
2016-10-31,24.963470695021897,25.240515828854768,24.711968123551742,25.150131225585938,12201200.0
2016-11-01,25.187463117545207,25.20514608344085,24.649092059065147,24.735546112060547,6615200.0
2016-11-02,24.226653293771285,24.41920816913897,24.0085543539718,24.30131721496582,24144400.0
2016-11-03,24.305244390565072,24.440819801900634,24.153951285865368,24.332752227783203,8894000.0
2016-11-04,24.4486744904476,24.50172488041509,24.197173458329562,24.203067779541016,8741600.0
2016-11-07,24.32489411798233,24.495835463596833,24.12840870991806,24.493871688842773,11381600.0
2016-11-08,24.503685454828325,24.645155133031526,24.383829282965287,24.59406852722168,8492000.0
2016-11-09,23.80813010053571,23.80813010053571,22.82766859903122,23.085063934326172,28179200.0
2016-11-10,22.947531120014055,22.97307368354638,22.07513542347834,22.60761070251465,29856000.0
2016-11-11,22.50936870296159,22.69995979570286,22.157659629594722,22.3089542388916,16962000.0
2016-11-14,22.18516029516074,22.509359904515872,21.709664636582485,22.485782623291016,26612000.0
2016-11-15,22.458279691609118,22.662623169069832,22.35021213222312,22.601713180541992,17999600.0
2016-11-16,22.650832268005566,22.713707523817746,22.238213308046596,22.45631217956543,16990000.0
2016-11-17,22.381653791110235,22.62333000613332,22.377723243430754,22.552595138549805,8694400.0
2016-11-18,22.7235332713167,22.7235332713167,22.293229832622632,22.417015075683594,12270400.0
2016-11-21,22.4857840552252,22.52311525256326,22.338420041928767,22.46809959411621,9200000.0
2016-11-22,22.537405014038086,22.715597920791176,22.48988589853231,22.537405014038086,10324800.0
2016-11-23,22.353269393793735,22.53740178597213,22.319611158049465,22.45622444152832,9386000.0
2016-11-25,22.55522465241286,22.80271439318431,22.549285140323544,22.721538543701172,4609200.0
2016-11-28,22.818551518485638,23.09772063957107,22.76905357592927,23.026443481445312,18561200.0
2016-11-29,23.026439882353408,23.467960615033277,23.002680329839393,23.218490600585938,12683200.0
2016-11-30,22.943285241234527,22.965064456283063,22.602740673459053,22.616600036621094,13353200.0
2016-12-01,22.476023959352972,22.555220965565898,22.299811413571774,22.363168716430664,12088800.0
2016-12-02,22.511663361603045,22.751234729579927,22.493844827594703,22.652238845825195,8462800.0
2016-12-05,22.632439602986384,22.848251425954462,22.40870943820868,22.769054412841797,10162800.0
2016-12-06,22.733418081194156,22.891812123087373,22.664121254324947,22.719558715820312,11771600.0
2016-12-07,22.77301421267403,23.303632251458488,22.729457289288657,23.299673080444336,10788800.0
2016-12-08,23.121479347379772,23.28977205477942,23.034362482607424,23.139299392700195,8990000.0
2016-12-09,23.163056093378128,23.240272760646807,22.91556638788691,23.06406021118164,11916000.0
2016-12-12,22.98486429132219,23.321451213057262,22.939327029268338,23.254133224487305,16726000.0
2016-12-13,23.26600742181346,23.596653231419115,23.26006791190725,23.564973831176758,9606800.0
2016-12-14,23.697636868423523,23.844150364131774,22.967046709543297,22.972986221313477,10513600.0
2016-12-15,22.963084296057076,23.174935412437776,22.739352647256183,23.170974731445312,10830800.0
2016-12-16,23.21255831872895,23.598643236887828,23.188800269373523,23.54122543334961,15695200.0
2016-12-19,23.66001164599354,23.697630557930268,23.424401004801634,23.60457420349121,5144400.0
2016-12-20,23.608538015313968,23.739213307382972,23.513502812497702,23.620418548583984,6166000.0
2016-12-21,23.578838509178013,23.719413991263067,23.46400443379184,23.481822967529297,6073200.0
2016-12-22,23.489747142150247,23.564983482705035,23.39471192361341,23.54122543334961,5002800.0
2016-12-23,23.539237961306277,23.61249544926022,23.469941154083415,23.606555938720703,3570400.0
2016-12-27,23.57686116962071,23.6758570581288,23.47588494038639,23.610519409179688,2621600.0
2016-12-28,23.62437813878727,23.693674956770703,23.456085434953984,23.491724014282227,5213200.0
2016-12-29,23.60655756153084,23.810488827044505,23.465982086498745,23.794649124145508,4048000.0
2016-12-30,23.800589616726608,23.90750534986867,23.580818639249692,23.652095794677734,5696000.0
2017-01-03,23.66793791841626,23.689717135388396,23.32343263899121,23.505584716796875,6101200.0
2017-01-04,23.60655618923473,23.72139025218391,23.47786125413678,23.57487678527832,8541600.0
2017-01-05,23.715453231570255,23.715453231570255,23.313530192655673,23.561019897460938,6155200.0
2017-01-06,23.44420641203035,23.58675921878598,23.365009401239,23.491724014282227,8810000.0
2017-01-09,23.584779869926855,23.661996538346788,23.38282742132295,23.43232536315918,6061200.0
2017-01-10,23.388764213139076,23.503599787380438,23.23037172401452,23.477861404418945,6372800.0
2017-01-11,23.410545149337356,23.68179440283047,23.410545149337356,23.642196655273438,5600000.0
2017-01-12,23.677829821802536,23.745147794230345,23.533296707523675,23.660011291503906,6534000.0
2017-01-13,23.62042079832298,23.644178846011236,23.339271312699797,23.5709228515625,5775200.0
2017-01-17,23.640215261029983,23.81642779775189,23.596656834324403,23.802568435668945,6962000.0
2017-01-18,23.8025706252857,23.951064451501782,23.727332786579538,23.764951705932617,5786400.0
2017-01-19,23.634273211858922,23.806525049167195,23.531316666965754,23.616453170776367,4725600.0
2017-01-20,23.65605766874723,23.685755226208745,23.4323259988215,23.612499237060547,5106000.0
2017-01-23,23.665953682175683,23.74317034398239,23.49370182609481,23.517459869384766,9114800.0
2017-01-24,23.509539990938492,23.612496546933254,23.43628401013621,23.523399353027344,4850400.0
2017-01-25,23.41054053138762,23.578833191143552,23.38480215160841,23.564973831176758,6880400.0
2017-01-26,23.501620193988476,23.61843611234211,23.345208040291542,23.511520385742188,5508000.0
2017-01-27,23.751090983678225,24.12331494296279,23.626356720593904,24.03026008605957,12540400.0
2017-01-30,24.08965201323929,24.47573677042212,24.06391363364988,24.24408531188965,11280000.0
2017-01-31,24.24211329715971,24.612356947862747,24.186675842116948,24.495542526245117,8781200.0
2017-02-01,24.297550797937483,24.477722527165596,24.172815013299118,24.277751922607422,8219600.0
2017-02-02,24.345067303898414,24.455942209196827,24.178754945950796,24.444063186645508,5004800.0
2017-02-03,24.53118664870767,24.72719812634175,24.461889814246906,24.59256362915039,8227200.0
2017-02-06,24.630173935204947,24.715310447895963,24.45792056937228,24.523258209228516,4192800.0
2017-02-07,24.564841367925762,24.677696628001236,24.499503714577468,24.61631965637207,6258800.0
2017-02-08,24.598498812956752,25.03012096235434,24.598498812956752,25.006362915039062,8594400.0
2017-02-09,25.006358934814667,25.006358934814667,24.58661587588459,24.679672241210938,6426000.0
2017-02-10,24.649965942266395,24.85785782552026,24.600468018687547,24.842018127441406,4821200.0
2017-02-13,24.847962674640474,24.970718093805772,24.776685529390566,24.946958541870117,3542800.0
2017-02-14,24.75292597745491,24.964777072904067,24.653930110225268,24.946958541870117,6450400.0
2017-02-15,24.758873157194714,24.93706455408803,24.66185609557532,24.8063907623291,7062000.0
2017-02-16,24.847966194146835,24.988540164257206,24.796487912939977,24.984580993652344,4990000.0
2017-02-17,25.083582660906014,25.139020125505436,24.939047976293853,25.11724090576172,9351200.0
2017-02-21,25.030120290879342,25.439964722762305,24.94696410639181,25.394424438476562,6306800.0
2017-02-22,25.338981513819714,25.477573605903693,25.2320658015437,25.430057525634766,8544400.0
2017-02-23,25.491440224694145,25.669631608110233,25.3825441476667,25.574596405029297,7606400.0
2017-02-24,25.706875550301135,26.12784194946289,25.63704580316326,26.12784194946289,10271600.0
2017-02-27,26.149784374512702,26.149784374512702,25.772707447988576,25.910369873046875,7332800.0
2017-02-28,25.928327461389358,26.231580545786077,25.846527610186318,26.13581657409668,8994400.0
2017-03-01,25.848517356418142,25.988173759683317,25.65898344882389,25.818592071533203,9072000.0
2017-03-02,25.81859592555998,26.263502478189295,25.736796075622248,26.12384605407715,6120400.0
2017-03-03,26.07596833589212,26.135821972165775,25.8984044763258,26.09592056274414,5286000.0
2017-03-06,26.036067883974802,26.133828928293116,25.88842931497454,26.06399917602539,8208400.0
2017-03-07,26.010124063232272,26.159756599690443,25.984189827024444,26.06598663330078,7964400.0
2017-03-08,25.840544223949987,25.960248435235428,25.712857905343004,25.824583053588867,6328000.0
2017-03-09,25.868475050826383,25.972218089905176,25.678941103117992,25.686920166015625,5044400.0
2017-03-10,25.89640690644479,25.970224655927158,25.73879225114538,25.948278427124023,5922800.0
2017-03-13,25.9542668127389,26.069983029964174,25.82658047722866,26.028087615966797,5837200.0
2017-03-14,26.002148148582503,26.129834473379866,25.942294517897025,26.050031661987305,5369600.0
2017-03-15,26.103896100518487,26.46102082066149,26.010126126689787,26.31537628173828,8121200.0
2017-03-16,26.257522534220023,26.28944487860047,25.852517303275327,25.916358947753906,10442800.0
2017-03-17,25.960244860126455,26.291432249875854,25.95425980260051,25.98219108581543,18648400.0
2017-03-20,26.079953751754196,26.17172666915484,25.84453031178392,25.91436004638672,7566800.0
2017-03-21,25.980206033503446,26.403166480579497,25.85451369358524,26.305408477783203,9536400.0
2017-03-22,26.33732556235829,26.574743053635398,26.29143909461941,26.417131423950195,5535200.0
2017-03-23,26.433084952282982,26.558774200984296,26.28943748724023,26.35327911376953,6200400.0
2017-03-24,26.329346068793143,26.590703792142758,26.2794685477178,26.49493980407715,5728000.0
2017-03-27,26.5448191525035,26.554795266261785,26.063999085609716,26.15577507019043,8160000.0
2017-03-28,26.08594169493929,26.24754436481707,26.03805818211984,26.18769073486328,5511200.0
2017-03-29,26.046043395996094,26.141807388773778,25.980204699623172,26.046043395996094,4426800.0
2017-03-30,25.944294434022886,26.0520316026608,25.493402662784394,25.563232421875,13592400.0
2017-03-31,25.54926114029797,25.792663688896056,25.501379145830835,25.611108779907227,9346000.0
2017-04-03,25.63704054562025,25.69090910967139,25.355730654141873,25.680932998657227,6970000.0
2017-04-04,25.722832652087426,25.920348723381597,25.619089604391448,25.844533920288086,5436400.0
2017-04-05,25.818602606989327,26.103900586914442,25.73680273588314,26.06399917602539,7146400.0
2017-04-06,25.948279457437124,26.02608826368647,25.816602079389884,25.888425827026367,6118000.0
2017-04-07,25.942297866855153,26.006142559636768,25.690916238663185,25.722835540771484,7067200.0
2017-04-10,25.722836727753613,25.864490243722866,25.651016011483886,25.82259178161621,4207600.0
2017-04-11,25.762732711116264,25.85051761672728,25.599133015335436,25.800640106201172,4214400.0
2017-04-12,25.65898942381172,26.044042385641184,25.637043195025246,26.038057327270508,5874800.0
2017-04-13,25.954266858606157,26.235576815929445,25.938305686103874,26.089935302734375,7746400.0
2017-04-17,26.069981094896615,26.189688357425624,26.03007968881433,26.11786460876465,4508400.0
2017-04-18,26.115862578168404,26.349292000002347,26.026083670537734,26.323354721069336,7822400.0
2017-04-19,26.321360679240648,26.33333384000321,26.107886498677985,26.235572814941406,8320000.0
2017-04-20,26.235578508320685,26.235578508320685,25.780695717650584,26.109886169433594,8054800.0
2017-04-21,26.187690139340116,26.800187502563443,26.187690139340116,26.538829803466797,10480800.0
2017-04-24,26.459027084932366,26.556788124690637,26.22160959143539,26.48496437072754,9744400.0
2017-04-25,26.457031300292346,26.534840108161532,26.307398743291436,26.518878936767578,5167200.0
2017-04-26,26.53483377420278,26.700427463069847,26.465004046558093,26.500917434692383,5967200.0
2017-04-27,26.46700915324593,26.774253351006013,26.46102409411493,26.638587951660156,5624000.0
2017-04-28,26.604670978056472,26.758291551193576,26.548808397955288,26.64656639099121,6652800.0
2017-05-01,26.76228036165847,26.798193756874017,26.49094654779337,26.542818069458008,7204000.0
2017-05-02,26.582722767076053,26.74232838731617,26.548806420560926,26.738340377807617,6858400.0
2017-05-03,26.706425442093185,26.784234269036386,26.568762968820693,26.606670379638672,6574400.0
2017-05-04,26.556786607673434,26.834105494356837,26.554792602834777,26.802183151245117,7013200.0
2017-05-05,26.889965073467792,26.97575598047651,26.780233933936575,26.800186157226562,7312400.0
2017-05-08,26.834102614143266,26.965779982133995,26.7682639301479,26.92388153076172,5804800.0
2017-05-09,26.82213076031856,26.91988873338475,26.632596827672575,26.688459396362305,6190000.0
2017-05-10,26.69843997744424,26.82612630501058,26.618634120038916,26.768266677856445,7498800.0
2017-05-11,26.750308699611406,26.866024897516912,26.652547676135583,26.86203384399414,3581200.0
2017-05-12,26.879990827311673,27.099453121604935,26.86602670546505,27.043590545654297,6115200.0
2017-05-15,26.981741740027594,27.261054607657325,26.943834341360287,27.159305572509766,7712400.0
2017-05-16,27.159308089257514,27.294973482025846,27.09147234859113,27.113418579101562,5438000.0
2017-05-17,27.113415299320128,27.366793921966522,27.113415299320128,27.223146438598633,7484800.0
2017-05-18,27.259061865445545,27.478521116095084,27.077506970936852,27.32090950012207,8878000.0
2017-05-19,27.338864104993583,27.4525863038879,27.053566171821405,27.390735626220703,6914800.0
2017-05-22,27.404694993428677,27.648097448265737,27.332871268324606,27.602210998535156,8549600.0
2017-05-23,27.636141607693812,27.94338584114584,27.608210313743626,27.723926544189453,7788800.0
2017-05-24,27.767809223054826,28.017196802846374,27.735889926495812,27.961334228515625,6207200.0
2017-05-25,28.074442896484378,28.30349069398892,27.975994436773412,28.26933479309082,4765200.0
2017-05-26,28.287425520619422,28.341674587397666,28.203039786622746,28.27135467529297,4430000.0
2017-05-30,28.23519089535258,28.339669796846007,28.17692564335333,28.259300231933594,11000400.0
2017-05-31,28.27336003550622,28.496380548751382,28.27336003550622,28.41802215576172,13267600.0
2017-06-01,28.39994528951584,28.510448455810547,28.273365144970963,28.510448455810547,6446400.0
2017-06-02,28.68525146097687,28.71739622137994,28.47629365653697,28.67319679260254,7339600.0
2017-06-05,28.6109094366799,28.659131176311536,28.48834853101178,28.50040626525879,4325600.0
2017-06-06,28.633010808161163,28.65913130046464,28.474285896420813,28.514469146728516,8223600.0
2017-06-07,28.516474363153677,28.72744023824594,28.418025869686414,28.64707374572754,5715200.0
2017-06-08,28.647079966671743,28.647079966671743,28.255287865439684,28.420040130615234,6776400.0
2017-06-09,28.349710634471172,28.478298846504703,28.118651631149255,28.17691993713379,7172800.0
2017-06-12,28.17692034734479,28.301489317313823,27.756996730844783,28.012165069580078,8946400.0
2017-06-13,28.01216917192052,28.19902572002378,27.919748008339152,28.118656158447266,6944400.0
2017-06-14,28.359760284423828,28.568718090326158,28.24925711302878,28.359760284423828,5689200.0
2017-06-15,28.37181682089786,28.55264297171535,28.261310588382575,28.50442123413086,11065600.0
2017-06-16,28.568706397441733,28.765606388510708,28.514457345795712,28.699302673339844,10408800.0
2017-06-19,28.741503716540077,28.769632293205945,28.556658346195103,28.608896255493164,9268400.0
2017-06-20,28.618945210846206,28.697303614197143,28.51446631778323,28.522504806518555,8612800.0
2017-06-21,28.554644920061218,28.602866647274993,28.213082783204847,28.341670989990234,6520800.0
2017-06-22,28.307524880084312,28.57273987287365,28.265330470945738,28.44816780090332,7685600.0
2017-06-23,28.448170262774067,28.998690389947825,28.40396776015061,28.75959587097168,11007600.0
2017-06-26,28.8098109490788,29.107170578741524,28.755561893508993,28.97858238220215,7911200.0
2017-06-27,28.845981126131957,29.002697911798705,28.53455564382016,28.58478546142578,9662800.0
2017-06-28,28.715384569727295,28.77766905912516,28.279390078157196,28.33363914489746,8363600.0
2017-06-29,28.16687361301973,28.205048765741424,27.919743763538296,28.122671127319336,11584000.0
2017-06-30,28.1749095769125,28.454187251507886,28.14276482233615,28.15481948852539,8531600.0
2017-07-03,28.299482014085868,28.490354718276297,28.052349090576172,28.052349090576172,4121200.0
2017-07-05,28.044320128706563,28.086511470684275,27.777097054967033,27.89162254333496,7705600.0
2017-07-06,27.83536099643848,28.09052938899035,27.726865913548473,28.04231071472168,6964400.0
2017-07-07,28.04231108795449,28.361772072378333,28.004135926460034,28.22514533996582,5514000.0
2017-07-10,28.255282994240957,28.492366303831357,28.182951921422898,28.335649490356445,6750400.0
2017-07-11,28.434100966049908,28.434100966049908,28.03427044451683,28.27939224243164,7593600.0
2017-07-12,28.50241652499523,28.57876685211248,28.261313940049757,28.285423278808594,6771600.0
2017-07-13,28.37381983987916,28.395921082432714,28.166873234961695,28.24523162841797,5557200.0
2017-07-14,28.460211898280214,28.556655350260765,28.39391124049741,28.462223052978516,5052800.0
2017-07-17,28.412001946197886,28.476294534772315,28.27939445841961,28.323596954345703,11244400.0
2017-07-18,28.383865677055393,28.55464521435133,28.32760852761853,28.428068161010742,5471600.0
2017-07-19,28.518485023784777,28.542594357965264,28.395924132058767,28.4903564453125,3773600.0
2017-07-20,28.59484155365645,28.906264073816065,28.530545894148798,28.827905654907227,6280000.0
2017-07-21,28.763595703230706,29.018760900229584,28.645054101558728,29.00670623779297,5413600.0
2017-07-24,29.014762733178568,29.014762733178568,28.755575066773833,28.7616024017334,8410400.0
2017-07-25,28.805795112358755,28.821869022050187,28.55464602177661,28.753557205200195,5401200.0
2017-07-26,28.65510252521909,29.24982485564342,28.588798804660044,29.23174285888672,7041600.0
2017-07-27,29.123245597831907,29.20361513985107,28.924337496126647,29.062969207763672,5680000.0
2017-07-28,29.05293383276609,29.285997905421212,29.022794096400183,29.15740966796875,4625200.0
2017-07-31,29.199601177793447,29.511026694654756,29.185535355726728,29.352298736572266,6780400.0
2017-08-01,29.310110908456288,29.579342057111994,29.302072418946448,29.448745727539062,6042000.0
2017-08-02,29.36636325232594,29.531115470813162,29.209646456244325,29.48289680480957,6688000.0
2017-08-03,29.444722844543524,29.703907382179377,29.402528444294152,29.643630981445312,5674400.0
2017-08-04,29.52509612678566,29.60144645633101,29.350297283653717,29.484912872314453,5915600.0
2017-08-07,29.500980927694382,29.633588400317723,29.432669102083032,29.553218841552734,4819200.0
2017-08-08,29.535124817096474,29.65165833052739,29.474848439006834,29.60544776916504,4750800.0
2017-08-09,29.711946993708267,29.774231486033077,29.52509045094863,29.583358764648438,11042000.0
2017-08-10,29.50900981220249,29.796325939224165,29.498966302144304,29.679792404174805,5367600.0
2017-08-11,29.663726644985033,29.74610429742702,29.46481542548044,29.57130241394043,5086000.0
2017-08-14,29.657692946357642,29.810390484677942,29.611482373644932,29.748106002807617,3908000.0
2017-08-15,29.63359164998019,30.005290553004297,29.63359164998019,29.947025299072266,4777200.0
2017-08-16,29.934964859224927,30.17405622898938,29.89277046115771,30.133872985839844,5415200.0
2017-08-17,30.023371934944286,30.202193069437445,29.804370616171408,29.858619689941406,5450800.0
2017-08-18,29.83652143074791,30.2584532631536,29.74610834259977,30.12383460998535,5754800.0
2017-08-21,30.137894653196472,30.306666127465927,30.073599006359434,30.228307723999023,3898000.0
2017-08-22,30.252428938460465,30.37699795826877,30.14192267937919,30.30667495727539,5402400.0
2017-08-23,30.26075416000214,30.406365195380122,30.082784431007973,30.262775421142578,5781200.0
2017-08-24,30.33558337710701,30.33558337710701,30.12121241498534,30.1960391998291,5164400.0
2017-08-25,30.26682528838647,30.426591346019098,30.133347972858264,30.355810165405273,5036400.0
2017-08-28,30.396253758084523,30.517594234455345,30.34367010768502,30.513551712036133,3499600.0
2017-08-29,30.543892319718,30.594451633375204,30.36390128653418,30.481199264526367,5597200.0
2017-08-30,30.420526906627714,30.505466181688632,30.369967593908434,30.460973739624023,4246000.0
2017-08-31,30.537825699021568,30.541871308198044,30.378059624350566,30.43872833251953,6826000.0
2017-09-01,30.537827094531938,30.598498891369104,30.266829899341143,30.367948532104492,4287200.0
2017-09-05,30.371988984514573,30.42659390653411,30.19402230139569,30.388168334960938,4299200.0
2017-09-06,30.45692912085786,30.47917534035951,29.981670379638672,29.981670379638672,9138400.0
2017-09-07,30.02210873859483,30.517589212164644,30.020087477717865,30.232437133789062,7742400.0
2017-09-08,30.17581617726285,30.23041800341293,29.741004313917937,29.983688354492188,11796800.0
2017-09-11,29.9836942451748,30.659169020573934,29.933134931543176,30.61871910095215,9118000.0
2017-09-12,30.553997478678447,30.60860238839528,29.9169484277017,30.159635543823242,7717200.0
2017-09-13,30.14346062435743,30.171773713944127,29.941223388482364,29.967512130737305,5824800.0
2017-09-14,29.93111098164466,30.299184233054106,29.86032671455967,30.244579315185547,4588000.0
2017-09-15,30.357826354529035,30.41243126282976,30.17378976107107,30.35378074645996,9065600.0
2017-09-18,30.335578114143356,30.335578114143356,29.80571767056925,29.991775512695312,6562000.0
2017-09-19,30.0241420889718,30.119190753003767,29.87448542004682,29.914932250976562,7026800.0
2017-09-20,30.014030154310987,30.054476985974556,29.506412696362514,29.676294326782227,5489600.0
2017-09-21,29.67629335327614,29.89673120162245,29.621688435079093,29.68438148498535,5647600.0
2017-09-22,29.73696519787207,29.781457641712215,29.567086640970984,29.599445343017578,4904800.0
2017-09-25,29.569107620543374,29.7915667285098,29.492256483410166,29.692472457885742,6024800.0
2017-09-26,29.710667777249373,29.97964362341764,29.710667777249373,29.870433807373047,5562000.0
2017-09-27,29.69854352898283,29.809771555751706,29.467993170866926,29.577199935913086,6888800.0
2017-09-28,29.423494675246097,29.805722903151086,29.263725541028833,29.726850509643555,5395600.0
2017-09-29,29.718756807229113,29.777407325075583,29.593370726984045,29.637863159179688,5267200.0
2017-10-02,29.8037016922277,29.866394744190554,29.59742192497486,29.676294326782227,4581200.0
2017-10-03,29.60146456797067,29.72280814934856,29.449786634196037,29.706628799438477,4008400.0
2017-10-04,29.728872786669466,30.054474850149752,29.647979129091045,30.04638671875,4390400.0
2017-10-05,30.040320802386237,30.046390759121323,29.74101052602321,29.88257598876953,6817600.0
2017-10-06,29.769323909024447,29.864375667630583,29.581244739375503,29.823928833007812,5110800.0
2017-10-09,29.923017866793103,30.00997838271735,29.868412958018105,29.91088104248047,4396400.0
2017-10-10,29.910890457214077,30.161665778397207,29.817863042799672,30.139419555664062,3512000.0
2017-10-11,30.05852911410305,30.487271177335707,30.05852911410305,30.309301376342773,5319600.0
2017-10-12,30.357830738217192,30.525688009532338,30.214240947031143,30.477149963378906,5221600.0
2017-10-13,30.616686350770483,30.794656055459306,30.424561648242022,30.446807861328125,4461200.0
2017-10-16,30.586360119443434,30.699612475771414,30.31535988292117,30.642986297607422,5396400.0
2017-10-17,30.638954903366496,30.913997790291333,30.54390311323019,30.875572204589844,5164400.0
2017-10-18,30.78658061787629,30.897811740311095,30.673328233541223,30.849273681640625,4298800.0
2017-10-19,30.87555630726495,31.134419704510016,30.78050456606925,31.118240356445312,5249600.0
2017-10-20,31.091955867069807,31.193074491878402,30.938253582387595,31.176895141601562,5750800.0
2017-10-23,31.140498720676327,31.286109824159304,31.00904570948301,31.22139549255371,4873200.0
2017-10-24,31.168799015422472,31.225425189526828,30.98071988412481,31.189023971557617,5718400.0
2017-10-25,31.132407456386503,31.18296677651552,30.610634902347535,31.116228103637695,7509200.0
2017-10-26,31.30632490728328,31.549008974523623,31.01510279223673,31.021169662475586,5894000.0
2017-10-27,31.021172403620035,31.710802183398293,31.01915114199359,31.516653060913086,5807200.0
2017-10-30,31.40946607280232,31.58743583614722,31.324526800086474,31.419578552246094,5413600.0
2017-10-31,31.364975827177076,31.460027585989298,31.207231011679283,31.360933303833008,5310800.0
2017-11-01,31.48226203671035,31.49237451308082,30.960489732118262,31.019140243530273,5747600.0
2017-11-02,31.041394103013413,31.296211906483155,30.005937368344885,30.30727195739746,15917200.0
2017-11-03,30.282997861244677,30.97262433203663,30.234459824851285,30.871505737304688,12337600.0
2017-11-06,30.922077340818827,30.968594134752067,30.669280753382782,30.71175193786621,5631600.0
2017-11-07,30.806806503420027,31.512615750655655,30.723888474584804,31.445877075195312,7872000.0
2017-11-08,31.344747380856422,31.496425293640797,31.12633081613951,31.330589294433594,7970800.0
2017-11-09,31.213290818036352,31.470132943454622,31.164755861727063,31.397327423095703,4779600.0
2017-11-10,31.261833346068244,31.431711889316965,31.114201022951764,31.379131317138672,5143200.0
2017-11-13,31.415528781366,31.751243304692853,31.314410172115384,31.706750869750977,4000000.0
2017-11-14,31.65214978598429,32.06471548974026,31.59956921373499,32.03437805175781,6055200.0
2017-11-15,32.12538356406268,32.21234408725088,31.75731034320407,31.82404899597168,5320000.0
2017-11-16,31.83214078191108,31.894836919330352,31.61979414569043,31.809894561767578,5458800.0
2017-11-17,31.751237906475275,31.809885332075808,31.526754508668873,31.55708885192871,4312000.0
2017-11-20,31.591481721766833,31.684509127315106,31.40946634787133,31.5328311920166,5787600.0
2017-11-21,31.64810261326962,31.728996264213816,31.50046722574875,31.591476440429688,5325200.0
2017-11-22,31.592095236541013,31.738628430903805,31.45573856228857,31.581918716430664,7773600.0
2017-11-24,31.667392570120853,31.830204437071504,31.642968305728413,31.75490379333496,2544400.0
2017-11-27,31.79968542354122,32.06629348926211,31.730490053364722,31.95232391357422,6070800.0
2017-11-28,32.054064070670655,32.23722890890001,31.96655287842043,32.11308288574219,4949200.0
2017-11-29,32.01337037421653,32.2148511334348,31.850555412363033,32.10902404785156,8354400.0
2017-11-30,32.174155096236404,32.33493603140286,32.02762190956424,32.163978576660156,13614800.0
2017-12-01,32.23520978466387,32.398024774885215,31.836313213893458,32.0479736328125,5712400.0
2017-12-04,32.08459773585227,32.14769089743664,31.651106692946147,31.74268913269043,5603600.0
2017-12-05,31.83630727310574,31.91771630574397,31.433342654216965,31.67552947998047,6810000.0
2017-12-06,31.854629603588407,32.23113593837109,31.70605926790433,32.111061096191406,7935600.0
2017-12-07,32.100891890259724,32.192474365234375,31.95435868812504,32.192474365234375,5808400.0
2017-12-08,32.25352014669397,32.365455627441406,32.031686351945396,32.365455627441406,5248000.0
2017-12-11,32.35731137958626,32.43057794631071,32.04185801992716,32.41022491455078,6435600.0
2017-12-12,32.32678290815835,32.44075243676026,31.915678980763847,31.9665584564209,7953600.0
2017-12-13,32.080531535429316,32.163971524609394,31.708093359748936,31.844449996948242,14412000.0
2017-12-14,31.897351348020106,32.408183132385645,31.661273005207804,32.15174865722656,8908000.0
2017-12-15,32.2942266552164,32.367493241070505,31.999126250267537,32.24334716796875,13972000.0
2017-12-18,32.28201368651259,32.39394917126249,31.771184790301326,31.820030212402344,7763200.0
2017-12-19,31.850559611858404,31.95028452668371,31.34990408159899,31.362117767333984,6260000.0
2017-12-20,31.36210752439804,31.614467715957986,31.237961489524146,31.26848793029785,8838800.0
2017-12-21,31.307160097844072,31.600226381649385,31.07311264084883,31.43944549560547,7148800.0
2017-12-22,31.526961991617437,31.620578496542123,31.40281593517963,31.451658248901367,4315200.0
2017-12-26,31.484224478649537,31.616513001994843,31.339728481296145,31.34176254272461,2894000.0
2017-12-27,31.46998766195117,31.616520862601902,31.366191499984694,31.604307174682617,4305200.0
2017-12-28,31.58598272511851,31.83427485295021,31.575806207334477,31.820030212402344,3426800.0
2017-12-29,31.92178862857656,32.009299848047384,31.750831206891377,31.787466049194336,4746400.0
2018-01-02,31.836308097279872,31.885153518127314,31.427238178532914,31.563594818115234,4766400.0
2018-01-03,31.360066994469648,31.714189196645027,30.889941224359884,30.894012451171875,11008000.0
2018-01-04,30.83499705577732,31.144345144783998,30.655903408825512,30.735275268554688,13629200.0
2018-01-05,30.808550140797816,30.92251970286789,30.64980637856626,30.87571144104004,10318000.0
2018-01-08,30.875704759652134,31.18708692629652,30.83499869163204,31.130102157592773,7225200.0
2018-01-09,31.250185374136155,31.250185374136155,30.794303996674607,30.90216827392578,6527600.0
2018-01-10,30.708822116914543,30.855355283459513,30.560254888908826,30.64776611328125,7042800.0
2018-01-11,30.62945556640625,30.751567594892656,30.4808883125835,30.62945556640625,7550400.0
2018-01-12,30.554146497279866,30.826859766327498,30.377083794174705,30.592815399169922,6386400.0
2018-01-16,30.617232852538528,30.747484182107474,30.338414328016718,30.637582778930664,7471600.0
2018-01-17,30.721037415446524,31.08737038807938,30.645736759146764,30.910310745239258,9304400.0
2018-01-18,30.946944192953893,30.946944192953893,30.572471847181305,30.68644142150879,7951200.0
2018-01-19,30.74750078064432,30.78616969873181,30.515490377557708,30.560264587402344,8988000.0
2018-01-22,30.621315295626307,30.792269646031436,30.446289716276926,30.531766891479492,7438800.0
2018-01-23,30.52769162459143,31.158598493674607,30.52769162459143,31.081260681152344,10592400.0
2018-01-24,30.920487928074838,30.981543948528014,30.5439814952503,30.70069122314453,7874400.0
2018-01-25,30.69660770992341,31.209473728885012,30.527687466622332,31.156557083129883,9845200.0
2018-01-26,31.516790550863647,32.40616301808478,31.484226932846102,32.09274673461914,14587200.0
2018-01-29,31.993020094915163,32.01337313143871,31.645006150598995,31.683671951293945,10057200.0
2018-01-30,31.647033970923104,31.8464806466838,31.40077594147745,31.565628051757812,7823200.0
2018-01-31,31.592083687739233,32.31457287532971,31.46793764082686,32.24130630493164,12930800.0
2018-02-01,32.27997974533025,32.48960296962553,31.681636520472956,31.8179931640625,8848000.0
2018-02-02,31.642980262600705,32.0378057105663,31.561574298364665,31.732528686523438,9291200.0
2018-02-05,31.75693802686968,32.212819330939055,31.311236346336518,31.400781631469727,14612400.0
2018-02-06,30.90013518124024,31.21151744124978,29.947669422935014,30.438148498535156,16941200.0
2018-02-07,30.44830598206145,30.66606846901867,30.098255027955215,30.138957977294922,11514800.0
2018-02-08,30.055522347770488,30.34655456314529,29.56504656292343,29.569114685058594,9683600.0
2018-02-09,29.70955198950663,30.35470357303387,29.530458290025045,30.14101219177246,9090800.0
2018-02-12,30.165423549877403,30.76172950949869,29.888639080160257,30.527685165405273,8123200.0
2018-02-13,30.48292248701816,30.898100901055535,30.17154022920908,30.74546241760254,6312400.0
2018-02-14,30.543973922729492,30.839074325413407,30.2814340315017,30.543973922729492,6436800.0
2018-02-15,30.574508166095697,31.431320309563358,30.495136270584204,31.429283142089844,8742000.0
2018-02-16,31.478118333952757,31.862767103221298,31.256284532220775,31.758974075317383,6546800.0
2018-02-20,31.6633051351485,31.77116933924047,31.187074146655405,31.303077697753906,7792000.0
2018-02-21,31.30309188848528,31.583947621785594,30.85331900837894,30.885879516601562,8582000.0
2018-02-22,31.038522871306707,31.23797270744131,30.796339108179172,30.997819900512695,5802400.0
2018-02-23,31.032397724122667,31.881066699158602,31.012047804465862,31.801694869995117,7286800.0
2018-02-26,31.922638881302046,32.041524128189145,31.59263075063465,31.699214935302734,7758800.0
2018-02-27,31.713582635404336,31.867313160151582,31.0904598236084,31.0904598236084,8176400.0
2018-02-28,31.223687409870333,31.46555521011754,31.106850737522084,31.186790466308594,10905200.0
2018-03-01,31.299530909566116,31.6438888750363,31.151949371172496,31.408166885375977,12315600.0
2018-03-02,31.402013599433403,31.684878697087438,31.0207618655907,31.33027458190918,8696800.0
2018-03-05,31.299532769236386,31.818116798583624,31.170401261210987,31.775074005126953,6870800.0
2018-03-06,31.68487760508461,31.88985158121196,31.330273502127596,31.414310455322266,10504800.0
2018-03-07,31.307725887266038,31.502450536864384,31.168341958687837,31.371267318725586,8304000.0
2018-03-08,31.47785882341178,31.705376961890305,31.348724201979067,31.62953758239746,6678800.0
2018-03-09,31.637733150826918,31.74841771716539,31.41840950421585,31.732019424438477,6500800.0
2018-03-12,31.709468852097526,31.7689130479828,31.471698323864853,31.64592742919922,8162400.0
2018-03-13,31.816067329100868,32.05588655487938,31.572147747218235,31.703330993652344,6522400.0
2018-03-14,31.996430198417492,32.476068421110575,31.9841291359747,32.3879280090332,12254000.0
2018-03-15,32.38587744743442,32.60724964327962,32.160404897688295,32.414573669433594,9372800.0
2018-03-16,32.47197945643487,33.140193544792425,32.43918286705839,33.009010314941406,31720000.0
2018-03-19,33.00901543225725,33.142250424383754,32.54987562042669,32.781494140625,9596000.0
2018-03-20,32.81633363194943,32.94546510539392,32.695396613428386,32.88192367553711,6401600.0
2018-03-21,32.881927192045566,33.1975888890113,32.72819669911748,32.81223678588867,6814800.0
2018-03-22,32.85937214999845,33.66696998210964,32.75483656550721,33.183231353759766,14222400.0
2018-03-23,33.20169811654866,33.529657871053885,32.62982185233889,32.691314697265625,12314400.0
2018-03-26,32.80198498209025,33.22013364274324,32.77328875068502,33.08894729614258,6942000.0
2018-03-27,33.15454378575267,33.69977536464397,33.00081328906448,33.32672119140625,9727600.0
2018-03-28,33.44150244134497,33.50299525877122,32.80403326025726,33.26112747192383,13328400.0
2018-03-29,33.51939535535357,33.64032925528381,33.35336692872821,33.47840118408203,7818800.0
2018-04-02,33.603434487388476,33.761265326349815,33.006959460174166,33.28162384033203,8113200.0
2018-04-03,33.281623213652544,33.45175198767799,32.94546602083188,33.20578384399414,9571200.0
2018-04-04,33.1442914495713,33.34926542653544,32.888073978366116,33.2734260559082,6724400.0
2018-04-05,33.261126201667274,33.70386758938761,32.94956489888633,33.61573028564453,6187200.0
2018-04-06,33.52143654976571,33.64852251853013,33.25292119056597,33.3595085144043,5771200.0
2018-04-09,33.26727470266264,33.49684453956052,33.07459867770002,33.23242950439453,7316000.0
2018-04-10,32.986454026618375,33.35745947809115,32.986454026618375,33.1647834777832,7605200.0
2018-04-11,33.062305554591916,33.15249461154979,32.847082237334256,33.009010314941406,5022400.0
2018-04-12,33.00695269939482,33.15043382921845,32.519113730340436,32.60520553588867,6236400.0
2018-04-13,32.72819462551856,32.97826312838342,32.69334942464785,32.8409309387207,5483200.0
2018-04-16,33.0028597664877,33.33901697237715,32.94341868778462,33.23038101196289,6602800.0
2018-04-17,33.254978888434984,33.53579223382931,33.031554878274555,33.45585250854492,5316400.0
2018-04-18,33.601389206501466,33.8514577582053,33.367718951525546,33.3820686340332,4332800.0
2018-04-19,33.34516733346913,33.435356389876745,33.01311046910918,33.316471099853516,6535600.0
2018-04-20,33.353365065297645,33.49684622055925,32.82453184077236,32.957763671875,6915200.0
2018-04-23,33.03566340518662,33.09920485284115,32.85733700336191,33.0274658203125,6576000.0
2018-04-24,33.20579352243367,33.584996736560726,32.715905706066955,33.240638732910156,11652000.0
2018-04-25,33.11559674178207,33.36361664148987,32.77533917372684,32.86347961425781,7904400.0
2018-04-26,32.968021084547786,33.59114386549863,32.9167775788353,33.45381164550781,7402400.0
2018-04-27,33.35131883192988,33.699773984622716,33.27137910203179,33.60753631591797,5682000.0
2018-04-30,33.6751780344558,33.81046162891195,33.574742773319805,33.5972900390625,9057600.0
2018-05-01,33.552190527176705,33.56448846527359,33.36361484516365,33.45585250854492,5028400.0
2018-05-02,33.505057723530776,33.64853892501026,33.38002343488674,33.50300598144531,10694000.0
2018-05-03,33.37592203389085,33.636239930492884,33.107406552170374,33.423065185546875,10460400.0
2018-05-04,33.45175145247833,33.847352843016544,33.42510696304484,33.634178161621094,6462400.0
2018-05-07,33.6731262900285,33.68542422880762,33.388212573577995,33.48250198364258,7877200.0
2018-05-08,33.330818640655345,33.33286725447676,32.70154702780901,32.77738952636719,8817600.0
2018-05-09,32.82452698833357,32.85527182861084,32.357186650194194,32.4453239440918,8864800.0
2018-05-10,32.742547987238154,32.8511839573618,32.488379100496125,32.84298324584961,7849600.0
2018-05-11,32.94547709697912,33.068462773995684,32.78559759345099,32.94752883911133,4292800.0
2018-05-14,33.01106310374889,33.02746139895732,32.66670515968182,32.83683395385742,4741600.0
2018-05-15,32.64211179831426,32.77739539847671,32.293656599310715,32.560123443603516,6076400.0
2018-05-16,32.51092230178602,32.59291064072902,32.11122367604322,32.21575927734375,6155200.0
2018-05-17,32.29160065769327,32.34899625171235,31.982091062110797,32.06203079223633,5956400.0
2018-05-18,32.07228043976859,32.25470716561596,31.816062952474248,32.068180084228516,6256800.0
2018-05-21,32.191163805097986,32.90652098516714,32.18091448068785,32.8409309387207,8385200.0
2018-05-22,32.931124951519976,33.068457161876644,32.62571255294296,32.67900466918945,6550000.0
2018-05-23,32.81223916185074,32.97826760581055,32.67080659769087,32.853233337402344,9017200.0
2018-05-24,32.82248852238777,33.140195728990236,32.791740544950194,33.04180908203125,6408800.0
2018-05-25,33.043857164028275,33.40871060342815,33.01720954539808,33.291873931884766,6498000.0
2018-05-29,33.13404043209646,33.71616887394637,33.13404043209646,33.560386657714844,7674000.0
2018-05-30,33.48454423613424,33.958033555105224,33.421002812743914,33.87604522705078,8811600.0
2018-05-31,33.77560575912423,34.15275706005406,33.66492120711484,33.98672866821289,10660000.0
2018-06-01,33.958040234271344,33.958040234271344,33.209886428744866,33.42715835571289,7797200.0
2018-06-04,33.538601143435024,33.65830116639815,33.162993549871935,33.262054443359375,7173600.0
2018-06-05,33.307448304502906,33.31363941172397,32.803883923268934,32.87611770629883,8493200.0
2018-06-06,32.880261041928875,33.01853441425998,32.149678568311344,32.2219123840332,10116800.0
2018-06-07,32.23427465246279,32.53558565071885,32.08361915333476,32.27348709106445,7104400.0
2018-06-08,32.33335347468583,32.475755294416025,32.23635522498814,32.36018371582031,7227600.0
2018-06-11,32.405586573791986,32.43654212127516,32.001082908505964,32.071250915527344,6426000.0
2018-06-12,32.07126062794035,32.514976887138936,32.0444335283604,32.486083984375,7450800.0
2018-06-13,32.53148178827625,32.75024274878403,32.34367637912725,32.430355072021484,6272000.0
2018-06-14,32.43447589362156,32.84723327638868,32.24254207310861,32.77706527709961,8846000.0
2018-06-15,32.72752979103934,32.94835332990417,32.37049557450726,32.92565155029297,16682000.0
2018-06-18,32.94215701982631,33.17949434175419,32.8451588085399,33.10519790649414,6415600.0
2018-06-19,33.15267844118558,33.660371493089634,33.15267844118558,33.639732360839844,9922400.0
2018-06-20,33.749114553534525,33.749114553534525,33.46637669202359,33.57781982421875,5251600.0
2018-06-21,33.56749442480846,33.96374430153486,33.53653887932471,33.716087341308594,7038000.0
2018-06-22,33.77181312522182,33.93485092605882,33.594327302631385,33.908023834228516,8840800.0
2018-06-25,34.040092914440244,34.434276867167064,33.928646686892975,34.34140396118164,7033200.0
2018-06-26,34.32696327049654,34.737657942052635,34.32696327049654,34.41777038574219,7905200.0
2018-06-27,34.53540047011475,34.805755981594245,34.45697872918415,34.6881217956543,8846000.0
2018-06-28,34.71702776458258,34.987383377965116,34.37443834115754,34.42603302001953,7838400.0
2018-06-29,34.39094417045763,34.710831764146334,34.23203170020913,34.471431732177734,6784400.0
2018-07-02,34.59732429887054,34.92340301481441,34.46730471333073,34.880062103271484,6444400.0
2018-07-03,34.87593012834065,34.92958744510149,34.593189228911584,34.78718566894531,5366400.0
2018-07-05,34.81401685513116,34.83878128676219,34.553977726651475,34.783058166503906,9321200.0
2018-07-06,34.85116776439222,35.2185215742543,34.797510439600615,35.148353576660156,6277600.0
2018-07-09,35.111199599980694,35.164856913578625,33.99675303646517,34.1185188293457,9356000.0
2018-07-10,33.912148823394986,34.73146934899343,33.74497943447362,34.55604934692383,7404400.0
2018-07-11,34.60971056854385,34.93785197618158,34.547796322986514,34.75624084472656,5583200.0
2018-07-12,34.77273941040039,34.9089469242845,34.54365898597898,34.77273941040039,7370000.0
2018-07-13,34.80990167111829,35.00596084414946,34.65098915969549,34.98532485961914,6308800.0
2018-07-16,34.985318183537316,35.09469864285341,34.82021459335239,34.9811897277832,5545600.0
2018-07-17,35.02040207350765,35.228843426637106,35.00801985537368,35.12771987915039,5195200.0
2018-07-18,35.102956901843974,35.15042627637431,34.88006749890629,34.964683532714844,4843600.0
2018-07-19,35.082328980474045,35.39395979602607,35.022477372430494,35.135986328125,6447200.0
2018-07-20,35.06373801535786,35.13184336064551,34.74385356655222,35.07818603515625,4944800.0
2018-07-23,35.16073252853926,35.199944979167434,34.73146452280691,34.84291076660156,6605600.0
2018-07-24,34.63447491258362,35.17931455410126,34.30426773326243,35.12771987915039,9324000.0
2018-07-25,34.8821236121648,34.999757816292615,34.364111136131875,34.62002182006836,10608800.0
2018-07-26,34.75210182935006,34.962608940647755,34.54159471805237,34.70463562011719,7826800.0
2018-07-27,34.64273106684641,34.770684861850505,34.304270101763585,34.461116790771484,6894800.0
2018-07-30,34.40745833477585,34.502390776648866,34.20727073675729,34.306331634521484,6059200.0
2018-07-31,34.47762215868164,34.615895497921954,34.246479042230824,34.576683044433594,6672400.0
2018-08-01,34.47968276439899,34.72733651599872,34.145347208105456,34.65097427368164,8429600.0
2018-08-02,34.77894028737707,35.00595497367837,34.428097118301146,34.97087097167969,7048800.0
2018-08-03,34.94198022344301,35.48269145662698,34.84704777669999,35.32171630859375,5184000.0
2018-08-06,35.220581708250535,35.5115763650219,35.20200838524513,35.29281234741211,3531200.0
2018-08-07,35.28662808359065,35.28662808359065,34.99150806386062,35.21439743041992,4073600.0
2018-08-08,35.105015754049546,35.27837309453693,34.91721039397712,35.100887298583984,3776000.0
2018-08-09,35.11946841152333,35.29489159318419,34.99976836919196,35.25980758666992,3419600.0
2018-08-10,35.38776005618829,35.71590147156666,35.2494866889991,35.27631378173828,4484000.0
2018-08-13,35.32171007053627,35.577620769206256,35.29075452795427,35.35266876220703,6452000.0
2018-08-14,35.38569556908456,35.608581808256744,35.35060841662396,35.48475646972656,4366800.0
2018-08-15,35.55904958300059,35.893382059355716,35.50126380064511,35.65604782104492,6485600.0
2018-08-16,35.61477912598709,36.12866015084282,35.468248841354026,36.07293701171875,6614400.0
2018-08-17,36.12865396092045,36.25041663558704,35.87687170027046,36.1513557434082,5126000.0
2018-08-20,36.147229399324274,36.24216499047944,35.88513070785101,35.97180938720703,4678800.0
2018-08-21,36.01102751613815,36.01102751613815,35.53016467351505,35.62716293334961,4931600.0
2018-08-22,35.68906548252531,35.740660155216695,35.31552055609387,35.437286376953125,5132800.0
2018-08-23,35.50126010876444,35.7117640872732,35.37536899263416,35.420772552490234,4972400.0
2018-08-24,35.530154645133614,35.67049063731612,35.307265290706596,35.641597747802734,5074800.0
2018-08-27,35.76749129452471,35.86861798922153,35.208206791938686,35.38569259643555,5547600.0
2018-08-28,35.35266871491842,35.38775271282735,35.02659002077291,35.199947357177734,6960800.0
2018-08-29,35.31628414434818,35.49285645213084,35.29343364769064,35.4243049621582,5860000.0
2018-08-30,35.388992016844696,35.629960320383226,35.37237318525052,35.48662567138672,6477200.0
2018-08-31,35.505321305574775,35.68812528667386,35.189569839054,35.334983825683594,7193600.0
2018-09-04,35.3640632115159,35.470004690576744,35.150100918497166,35.320438385009766,6797200.0
2018-09-05,35.31420374404923,35.700582805919886,35.241496762571515,35.650726318359375,7756400.0
2018-09-06,35.81690615222483,36.31338211065185,35.767049672025514,36.107730865478516,8914800.0
2018-09-07,35.78574105757144,36.04124873456677,35.6237114897484,35.75042724609375,7582000.0
2018-09-10,35.887543354907365,35.935323683145505,35.65696222331101,35.73590087890625,6013200.0
2018-09-11,35.75458681755257,36.01217388074875,35.750434488102165,35.76081848144531,8125200.0
2018-09-12,35.77952541716842,35.94570738801773,35.67150460034204,35.833534240722656,7226000.0
2018-09-13,35.89169273391687,36.28845893975909,35.710968126631805,36.2697639465332,8164800.0
2018-09-14,36.17212736003104,36.22198067123274,35.731736369540805,36.07241439819336,6674800.0
2018-09-17,35.89170123918779,36.15759621602323,35.81691807884543,36.116050720214844,6198800.0
2018-09-18,36.1118881249504,36.192902935261415,35.900005187040044,36.0287971496582,4172400.0
2018-09-19,36.00594861958916,36.053725774501835,34.8426558837528,35.141788482666016,9291600.0
2018-09-20,35.039996046432385,35.21656832411726,34.57052603206796,35.162559509277344,8137200.0
2018-09-21,35.237331623069366,35.60086005887276,34.88626651219603,35.47206497192383,16923200.0
2018-09-24,35.41806655655921,35.42222205599286,34.99014203669632,35.06700134277344,8995600.0
2018-09-25,35.14178827453029,35.14178827453029,34.51028859034525,34.659854888916016,7246400.0
2018-09-26,34.763717491751834,34.763717491751834,34.1239068576092,34.16129684448242,8836800.0
2018-09-27,34.20491391215165,34.60168003252907,34.119743623956495,34.398101806640625,9672400.0
2018-09-28,34.499891970133305,34.82187497380294,34.499891970133305,34.815643310546875,9424800.0
2018-10-01,34.77202147514745,34.77825313893706,34.54767206957027,34.68893051147461,5196000.0
2018-10-02,34.823955951794346,35.26434378791787,34.79902929532464,35.17709732055664,5572400.0
2018-10-03,35.100250897137556,35.54271823014771,34.59546373036679,34.9486083984375,9156000.0
2018-10-04,34.93405586758737,35.168792468269025,34.52275015243867,35.15840530395508,9448000.0
2018-10-05,35.187493568791474,35.88962415799388,35.187493568791474,35.8065299987793,8373200.0
2018-10-08,35.85013872542309,36.23859383989611,35.72965462596952,36.00386047363281,6803600.0
2018-10-09,36.064112189391814,36.242760645043134,35.85430540938407,36.08903884887695,5881200.0
2018-10-10,36.089042665965195,36.48996444348941,35.85015370138529,35.885467529296875,7882800.0
2018-10-11,36.03711683283425,36.15552483977647,35.075325957085134,35.125179290771484,8446000.0
2018-10-12,35.15217318270538,35.274733478752445,34.873814933125374,35.18125534057617,6944400.0
2018-10-15,35.162554917522215,35.434681460519926,34.99636982547046,35.23941421508789,6965200.0
2018-10-16,35.39730367477928,35.80030166778383,35.24358501292032,35.582183837890625,4700400.0
2018-10-17,35.55308351164605,35.64656479793531,35.222792687222025,35.484535217285156,3537600.0
2018-10-18,35.555172400534815,35.74836034871875,35.42222493530743,35.640342712402344,4088400.0
2018-10-19,35.65280020127273,36.24690978255489,35.58424873000359,36.0329475402832,7297200.0
2018-10-22,36.059963499624665,36.07450616688252,35.71097752205491,35.86677551269531,5971600.0
2018-10-23,35.089859017538124,36.23653302769965,35.089859017538124,35.4450798034668,8898800.0
2018-10-24,35.59257010052543,36.733012551465876,35.46377810716643,36.47750473022461,8558800.0
2018-10-25,36.321704148115856,36.398563471613826,35.70266455060241,35.978946685791016,8854400.0
2018-10-26,36.165902443583576,36.313389409694686,35.046234521337226,35.29135513305664,8519600.0
2018-10-29,35.37029420524345,35.93116625561216,35.330824879562925,35.89169692993164,6566800.0
2018-10-30,36.08695337194888,36.2572907840062,35.58840129258664,36.051639556884766,7572800.0
2018-10-31,35.8958540646501,36.15343802129728,35.52816995622428,35.833534240722656,9051600.0
2018-11-01,36.0454020154554,36.0454020154554,35.17501059816912,35.41182327270508,9389200.0
2018-11-02,35.53855346416613,35.6839642585524,34.63907953427434,34.929901123046875,11806400.0
2018-11-05,34.93822207551636,35.64242892367705,34.93406657457365,35.46170425415039,8274000.0
2018-11-06,35.43052942560279,35.64449168275912,35.2103355042355,35.617488861083984,5963600.0
2018-11-07,35.8459930687488,36.1181196570068,35.66942395447176,36.04956817626953,6530000.0
2018-11-08,36.0495644820035,36.149277445430755,35.65695380144562,36.13681411743164,6676400.0
2018-11-09,36.21161099878389,36.776635490733305,36.066196997691804,36.67692565917969,8160400.0
2018-11-12,36.60005408004428,37.38943097584699,36.47956995444705,37.07783508300781,8538800.0
2018-11-13,37.192094672321225,37.28142050125392,36.830645365169126,37.1131591796875,7297600.0
2018-11-14,36.90957178820326,37.02797975263538,36.386092954121324,36.730926513671875,12378000.0
2018-11-15,36.616678615419254,37.223251667659135,36.28223217818681,37.22117233276367,10935600.0
2018-11-16,37.428901725259685,37.51615137532625,37.04252581359381,37.47252655029297,7948000.0
2018-11-19,37.424747967081004,37.82151419830683,37.22116968431693,37.80904769897461,7018400.0
2018-11-20,37.93577031758689,38.14973263367242,37.09030821969633,37.136009216308594,9752800.0
2018-11-21,37.07991321249402,37.07991321249402,36.53981236840262,36.59797668457031,5978800.0
2018-11-23,36.59797619036092,36.93450192332105,36.41517541475275,36.83686828613281,4360800.0
2018-11-26,36.85555473728001,36.969807176626944,36.496181764167574,36.774539947509766,7455200.0
2018-11-27,36.88673248856846,37.01552447532644,36.60213934692974,36.97605514526367,9084800.0
2018-11-28,37.0923687529633,37.23154784954777,36.811934395266306,36.986427307128906,7868400.0
2018-11-29,37.01569553467504,37.10767089178592,36.55372955995056,37.02405548095703,6867200.0
2018-11-30,37.14111537099432,38.050413464280574,37.04496163164842,37.983524322509766,15807200.0
2018-12-03,37.71177396588245,38.14865367257361,37.511100192454144,38.14656448364258,9724800.0
2018-12-04,38.148659101544865,38.49774507879034,37.96053000373416,38.07967758178711,10024800.0
2018-12-06,38.13193676918223,38.257358296591704,37.35014938614736,38.182106018066406,11354400.0
2018-12-07,38.03996815917328,38.504023427507875,37.80166976648274,38.22391891479492,10121600.0
2018-12-10,38.16120904929783,38.33261829195749,37.55919069990159,38.171661376953125,10441600.0
2018-12-11,38.111033075374614,38.42876206422465,37.87064236018739,38.248992919921875,12055200.0
2018-12-12,38.24899211476554,38.401589038537104,37.881093887714336,37.899906158447266,11912400.0
2018-12-13,37.90618738332368,38.29499036718231,37.90618738332368,38.08595657348633,12916400.0
2018-12-14,38.00652057523837,38.13820967788447,37.60517294072972,37.88528060913086,9227600.0
2018-12-17,38.119403622276934,38.119403622276934,36.553739323245416,36.7167854309082,13147600.0
2018-12-18,36.84219831770117,37.17038283514293,36.6686999230131,36.789939880371094,11764000.0
2018-12-19,36.89444997190344,37.03659136429931,36.29661343117693,36.48056411743164,13437600.0
2018-12-20,36.47639484093993,36.90491473057345,36.03533343476338,36.56209945678711,13112400.0
2018-12-21,36.45548914949027,37.325070420553175,36.213012394153466,36.39487075805664,24148400.0
2018-12-24,36.465947580106544,36.660350682338674,34.89192324323267,35.134403228759766,6630000.0
2018-12-26,35.132310927150286,35.61308609672205,34.444587965788095,35.606815338134766,8393600.0
2018-12-27,35.64861821551654,35.98725509643555,35.107221509383585,35.98725509643555,9961600.0
2018-12-28,36.079214616891406,36.44920193575342,35.87435931299624,36.10429763793945,6924000.0
2018-12-31,36.16493137097603,36.37814670929681,35.8033038422493,36.334251403808594,6417600.0
2019-01-02,36.09594645325952,36.22554954731185,35.32879297278343,35.50020217895508,10549600.0
2019-01-03,35.51693527002953,35.778227531407055,35.25773219848601,35.412418365478516,9260800.0
2019-01-04,35.35806288103069,36.07713960005544,35.25563836939444,36.064598083496094,10848800.0
2019-01-07,35.88065584075244,36.15031126911141,35.64026821077323,36.01234817504883,9478000.0
2019-01-08,35.98516944736517,36.327984771341086,35.86393264329811,36.275726318359375,10599600.0
2019-01-09,36.27989915025075,36.37187451568422,35.96425931851507,36.11894226074219,7047600.0
2019-01-10,36.225546262082574,36.710502859970155,36.0687709636514,36.66242599487305,11384800.0
2019-01-11,36.61018116811638,36.819214977044666,36.29871964455622,36.729331970214844,8860000.0
2019-01-14,36.50148260676099,36.50148260676099,35.39987673286739,35.7928581237793,15355600.0
2019-01-15,35.82629050269684,36.7502191974045,35.69250904440437,36.52237319946289,9261200.0
2019-01-16,36.37605534201983,36.56209525845109,36.127304660472,36.514015197753906,7059200.0
2019-01-17,36.608089685894456,36.77322498118184,36.463855856429376,36.68334197998047,8200800.0
2019-01-18,36.873561565259024,36.91746006730457,36.603909362873445,36.80876159667969,7414400.0
2019-01-22,36.670788926802935,37.197554865514704,36.6310751938985,37.078407287597656,8654400.0
2019-01-23,37.19546989246855,37.5132021189327,36.829660791542786,37.49647903442383,9089200.0
2019-01-24,37.47140070348352,37.81003765429356,37.1996592943979,37.68461608886719,9812800.0
2019-01-25,37.31252685288521,37.519471427384865,36.35515183155473,36.41368103027344,15254400.0
2019-01-28,36.81293427560716,36.81293427560716,35.90572855537873,36.05205154418945,11976800.0
2019-01-29,36.17957076036365,36.252730677155334,35.899466231749976,36.133583068847656,7924400.0
2019-01-30,36.00398107194801,36.50357170154936,35.97471646898568,36.28617477416992,8345600.0
2019-01-31,36.25481526199991,37.47766082458345,36.23600298940678,37.41286087036133,12519600.0
2019-02-01,37.285353292221856,37.442128622909024,36.8944611550479,37.170387268066406,8934000.0
2019-02-04,37.021975378617306,37.24773225886335,36.817123153609856,37.228919982910156,11302000.0
2019-02-05,37.11813479067364,37.35434082461259,36.95090710647426,37.243553161621094,7956800.0
2019-02-06,37.36060910418509,37.467218380458334,37.12440308592232,37.228919982910156,6647200.0
2019-02-07,37.20801494057108,37.92918088436389,37.18293190622778,37.90827941894531,8516800.0
2019-02-08,37.87900609528788,38.33051655753466,37.839289173652794,38.25526428222656,7322400.0
2019-02-11,38.13193513896106,38.44757494365797,38.11103367835436,38.25526428222656,7404400.0
2019-02-12,38.2531798926015,38.54791827367198,37.97725378531794,38.30961990356445,7004800.0
2019-02-13,38.265719949825666,38.43294759729557,38.13402765913278,38.221824645996094,5726400.0
2019-02-14,38.32843672297485,38.55419360399844,38.15702748031519,38.171661376953125,6408000.0
2019-02-15,38.58972037806402,38.69423725215123,38.31588667829183,38.4705696105957,8813200.0
2019-02-19,38.48938873098009,38.8405639302883,38.336791783792954,38.74858856201172,9774000.0
2019-02-20,38.687964809816485,38.90118011675631,38.47056793500678,38.805023193359375,10203200.0
2019-02-21,38.6482475680165,39.06213347484845,38.579266051944224,38.99733352661133,8274800.0
2019-02-22,39.05377505469597,39.32760875096593,38.83010741600106,39.32551956176758,6735200.0
2019-02-25,39.392409602994356,39.588901838597096,38.94507750497186,39.27326202392578,7555600.0
2019-02-26,39.33597940413732,39.511570222249205,39.120674842836195,39.346431732177734,7644400.0
2019-02-27,39.26225540745472,39.45374857849568,39.15703980282897,39.31065368652344,7288000.0
2019-02-28,39.35273249955655,39.71678074064549,39.15282352742831,39.502140045166016,12454000.0
2019-03-01,39.46006332049137,39.683119900209135,39.264360615976805,39.46847915649414,6865600.0
2019-03-04,39.60946208403089,39.676801606226924,39.260148748145674,39.611568450927734,8609200.0
2019-03-05,39.63892170057959,39.81568633810931,39.56527271162354,39.62840270996094,7666800.0
2019-03-06,39.573697935268456,39.76519113165162,39.34643181388941,39.47058868408203,7155600.0
2019-03-07,39.61577217191705,39.798849479085675,39.43059491983922,39.546329498291016,9411200.0
2019-03-08,39.68943216973554,39.8619840988765,39.33380289743915,39.708370208740234,6972800.0
2019-03-11,39.68942915763501,39.9356332787879,39.65786576168925,39.876712799072266,7135600.0
2019-03-12,39.98193249538556,40.26811908800008,39.86198515665509,40.16921615600586,7140400.0
2019-03-13,39.95455961734124,40.30177292570438,39.86828529004287,40.18603515625,4916000.0
2019-03-14,40.226023964812796,40.43855829447375,40.026114991835186,40.18814468383789,5816800.0
2019-03-15,40.14185341641752,40.39016389504899,39.98403002089821,40.242862701416016,14402000.0
2019-03-18,40.291260916122155,40.398579668980105,40.00928388717564,40.165000915527344,7469200.0
2019-03-19,40.09345003703377,40.1102849157238,39.51686748286798,39.66627502441406,8080800.0
2019-03-20,39.7799086915703,40.22812813063169,39.527391918788865,39.954566955566406,8669200.0
2019-03-21,40.04295317184224,40.46171243184524,39.95036613746645,40.383853912353516,7499200.0
2019-03-22,40.45539893280531,41.14982254756909,40.45539893280531,40.808921813964844,9486000.0
2019-03-25,40.91834621528543,41.055128421899006,40.728959419574686,40.74158477783203,7038400.0
2019-03-26,40.78577325176209,41.103523180768114,40.61742766391403,41.034080505371094,6093200.0
2019-03-27,41.08669765163992,41.09721985532357,40.585870296815116,40.80682373046875,6116800.0
2019-03-28,40.804711203254634,40.90571727138486,40.25969521341808,40.38595199584961,9324000.0
2019-03-29,40.38806997742005,40.712135914228575,40.25550046774947,40.680572509765625,12039200.0
2019-04-01,40.701618423651006,40.771061132439385,40.026135802491794,40.08505630493164,9640400.0
2019-04-02,40.13133405139627,40.19235768428785,39.710471667267605,39.872501373291016,9960400.0
2019-04-03,39.79464535816115,40.040849483022896,39.53791903085053,39.83673095703125,8202800.0
2019-04-04,39.97771480507016,39.9903401621625,39.44111465217072,39.645233154296875,7106800.0
2019-04-05,39.85145903536191,40.05347117582002,39.56106297116267,39.99876022338867,6452800.0
2019-04-08,39.86408534109698,39.94405022118167,39.52529099511335,39.69573974609375,5772800.0
2019-04-09,39.69574313205023,39.96930434589898,39.67259557062629,39.92090606689453,6617200.0
2019-04-10,39.92932809491643,40.28074788308891,39.645244634376695,39.6915397644043,5291600.0
2019-04-11,39.69153307381906,40.019805241642686,39.64523795159518,39.9903450012207,5738400.0
2019-04-12,39.84935283596368,40.20287889963856,39.655756529325686,40.16079330444336,4768400.0
2019-04-15,40.21549861293498,40.4175139368146,40.125011545586155,40.22602081298828,5872800.0
2019-04-16,40.20498303305564,40.468022023077125,39.85987600658446,39.88092041015625,6523200.0
2019-04-17,39.929327641934904,40.09767327549583,39.779920049281536,39.90828323364258,8045600.0
2019-04-18,39.85987725025677,40.125019404538094,39.822001175755986,39.847251892089844,6670800.0
2019-04-22,39.807262713739554,40.15657921489183,39.78201200167906,40.061885833740234,7303600.0
2019-04-23,40.162895602954485,40.29125875266077,39.5778971727324,39.9377326965332,8818000.0
2019-04-24,39.93141880262118,40.213399018769735,39.80305565682163,39.99454879760742,6187200.0
2019-04-25,39.86198951147981,40.34387886442463,39.826216584860596,40.082942962646484,5898400.0
2019-04-26,40.27652237184631,40.69528153235532,40.253374816020695,40.341758728027344,5653600.0
2019-04-29,40.40910778250328,40.592181920315916,40.1102958290344,40.35439682006836,7094400.0
2019-04-30,40.352294725198135,40.96044089993417,40.247079101811785,40.91625213623047,10643600.0
2019-05-01,40.72054538455662,41.042504903440665,40.598494888173846,40.6700439453125,8541200.0
2019-05-02,40.579553999373054,40.7962978900467,40.09977109468523,40.3438720703125,10035600.0
2019-05-03,40.31230564412233,40.535362197498856,40.15237588062579,40.48906707763672,6694800.0
2019-05-06,40.44487543789986,40.68266371810403,40.15868888142479,40.17131423950195,6730000.0
2019-05-07,39.94195809536914,40.14186715593222,39.742049034806065,39.9293327331543,7748400.0
2019-05-08,39.897746576625785,39.984020906206226,39.41375429851162,39.535804748535156,7887200.0
2019-05-09,39.65575666148074,39.8156864190506,39.451638152632434,39.68942642211914,6872400.0
2019-05-10,39.67890056694768,40.44486989085335,39.57789450525814,40.35227966308594,6420000.0
2019-05-13,40.2807433548513,41.120365070408624,40.209197511370135,41.01935577392578,10632800.0
2019-05-14,41.01724434312561,41.39391794538835,40.7205356150488,41.01303482055664,8954400.0
2019-05-15,41.078287081479736,41.27188345256006,40.92256679540535,41.004634857177734,7071600.0
2019-05-16,40.926767264576576,41.64854477496816,40.7857787389267,41.47809600830078,8465600.0
2019-05-17,41.20874032586324,41.97260657311215,41.164548363153116,41.87159729003906,6821600.0
2019-05-20,41.93473116471845,42.21460505861399,41.863185324123464,41.949462890625,5464000.0
2019-05-21,41.98102685746419,42.29457051975135,41.83161928391112,41.854766845703125,6069200.0
2019-05-22,41.97892494408622,42.58075835757071,41.79584760052002,42.492374420166016,6706800.0
2019-05-23,42.56181109198731,42.88377055398662,42.56181109198731,42.82905960083008,8216000.0
2019-05-24,42.869043285354685,43.081577636287726,42.74068012801834,42.79539108276367,5559200.0
2019-05-28,42.879561766283395,42.946898073132395,42.28193478427697,42.33243942260742,7048400.0
2019-05-29,42.44607732443756,42.56602143468621,41.76427910364067,41.81688690185547,7214400.0
2019-05-30,41.89895880334305,42.09676465662411,41.76217979973831,41.86318588256836,6462800.0
2019-05-31,41.99023903158599,42.22317826597374,41.6344808167699,41.97330093383789,9161600.0
2019-06-03,42.125769195034295,42.28035762037053,41.782716146643814,42.2634162902832,6806000.0
2019-06-04,42.38198799686023,42.41798709937697,41.58364545508537,42.22105026245117,7811600.0
2019-06-05,42.45823747038274,43.37940251846594,42.35870917392397,43.3370475769043,7546400.0
2019-06-06,43.41116000690264,43.70974485854239,43.176104328347854,43.57209777832031,5614400.0
2019-06-07,43.813510955413705,44.14597850074459,43.28199005126953,43.28199005126953,6242800.0
2019-06-10,43.22057973539721,43.34551840763057,42.6657616855387,43.07658004760742,7104800.0
2019-06-11,43.0299896848936,43.15916448984152,42.51329046510193,42.76952362060547,4606800.0
2019-06-12,43.0575187736368,43.476806151015914,42.94316561447922,43.31586837768555,5236000.0
2019-06-13,43.32645816329422,43.51704245821121,43.040578489690645,43.362457275390625,6806400.0
2019-06-14,43.55092670217163,43.90456847282914,43.40057442266627,43.82621765136719,5525200.0
2019-06-17,43.88762243002858,44.04644374159683,43.464098932513224,43.701271057128906,6233600.0
2019-06-18,44.01045736385982,44.035867747068814,43.17187917444652,43.5001106262207,6576400.0
2019-06-19,43.260809985469294,43.849510670823605,43.25445739095362,43.67374801635742,6602800.0
2019-06-20,43.76267742196209,43.932087442625324,43.35185917200264,43.70338439941406,8883600.0
2019-06-21,43.86221705933107,44.14597705955181,43.500103005894005,43.95115661621094,12560800.0
2019-06-24,44.12268881586828,44.184098316181434,43.8071625703498,44.08880615234375,6009200.0
2019-06-25,44.12691605936434,44.23914953233479,43.61233330842969,43.66950988769531,6954000.0
2019-06-26,43.49587023477606,43.673752593542346,42.99187937341894,43.00246810913086,7394400.0
2019-06-27,43.36880881734754,43.508572353549916,43.11892826190439,43.31586837768555,7529200.0
2019-06-28,43.193036266104485,44.095139987857536,43.04056757633957,43.38150405883789,11647600.0
2019-07-01,43.27775084839422,43.38151527641282,42.57681992373733,43.203636169433594,8478800.0
2019-07-02,43.36246154407148,44.02527373273789,43.35822540363486,43.97445297241211,6696000.0
2019-07-03,44.02314783107848,44.355615312596974,43.974443535808405,44.201026916503906,5654400.0
2019-07-05,43.927860303015635,44.14597465876536,43.48104285720027,44.069740295410156,4196400.0
2019-07-08,44.17563048419894,44.328099243035496,43.92363341803217,44.28574752807617,4322400.0
2019-07-09,44.097267407848555,44.25820517250656,43.87068078731574,44.080326080322266,7276000.0
2019-07-10,44.13750134663632,44.6436150465393,43.951153198192166,44.3598518371582,5922000.0
2019-07-11,44.38313813555001,44.62242991323037,44.16502382236837,44.554664611816406,5830400.0
2019-07-12,44.44878776360955,44.525022118967264,44.00197036466834,44.201026916503906,6283200.0
2019-07-15,44.18832544788411,44.38949847079963,43.98079983075648,44.226444244384766,8714000.0
2019-07-16,44.186208149538494,44.349262372838794,43.79233115977121,44.021034240722656,4281600.0
2019-07-17,44.194683113157595,44.753734086566936,44.194683113157595,44.4509162902832,6556800.0
2019-07-18,44.52502936008414,44.99514075603976,44.25821068855321,44.969730377197266,4413200.0
2019-07-19,44.851136739615676,44.99936930992047,44.342906629849374,44.41278839111328,5843600.0
2019-07-22,44.472085989981416,44.616085666811536,43.989269436378564,44.334442138671875,6547600.0
2019-07-23,44.345033718432276,44.364091502532865,43.819862194209136,43.898216247558594,6337200.0
2019-07-24,44.11843938522314,44.491142109265596,43.73726761346502,44.482669830322266,6080000.0
2019-07-25,44.0760988511466,44.35138982445347,43.84315958960343,43.968101501464844,7010000.0
2019-07-26,44.07609416455315,44.41703073952641,44.00409593908753,44.29420852661133,4324800.0
2019-07-29,44.448793475789984,44.79608264344406,44.31750221461227,44.762203216552734,5274000.0
2019-07-30,44.764320969409916,44.97184660176184,44.10362527305706,44.340797424316406,6447200.0
2019-07-31,44.4424455755278,44.505974758405,43.66739988435693,43.870689392089844,8446000.0
2019-08-01,43.75633520725161,44.810907908386966,43.72456900327739,44.525028228759766,7507600.0
2019-08-02,44.70714196729624,45.15395941244494,44.47420596883423,44.7685546875,6912800.0
2019-08-05,44.80031225260393,45.029015314728106,43.8558567216092,44.057029724121094,8838400.0
2019-08-06,44.07609906948396,44.92526268853688,43.758456382839874,44.766441345214844,7171600.0
2019-08-07,44.76432553558736,45.31702394756143,44.18198060168178,45.07773208618164,6892800.0
2019-08-08,45.15184722635811,45.719367248738095,44.72620720957312,45.57537078857422,5971200.0
2019-08-09,45.71089851761,45.990422390380765,45.53089970992312,45.84218978881836,5828800.0
2019-08-12,45.97559450069996,45.97559450069996,45.450426255974854,45.62406921386719,3922400.0
2019-08-13,45.61137183438481,45.96289718139937,45.48219701319168,45.66007614135742,7496800.0
2019-08-14,45.76171389097918,46.159823770029156,45.471598106238844,45.52030563354492,9558000.0
2019-08-15,45.45043245825966,46.13653856627231,45.37843099640277,45.98406982421875,7865600.0
2019-08-16,46.22547482847654,46.541001025448224,45.82524521695463,46.064537048339844,10488400.0
2019-08-19,46.01793515396212,46.504987717023184,45.87181906192109,46.36734390258789,5632400.0
2019-08-20,46.54523080724376,46.54523080724376,46.03488424153981,46.403350830078125,8316000.0
2019-08-21,46.55793928684339,46.871345777502285,46.40758702001126,46.85440444946289,7483600.0
2019-08-22,46.83533760576392,46.96239592586305,46.48804852621725,46.93062973022461,9159600.0
2019-08-23,47.123340130506705,47.4769818514622,46.7209941136952,46.98992919921875,10485600.0
2019-08-26,47.11698818880176,47.368985181954045,46.92428422565851,47.35416030883789,7455200.0
2019-08-27,47.483336348186384,47.767099549220944,47.41345458286482,47.43674850463867,9541200.0
2019-08-28,47.51766504663961,47.696542274987145,46.88520325772007,47.102413177490234,11356800.0
2019-08-29,47.38564882181228,47.38564882181228,46.68078463476808,47.08751678466797,8512000.0
2019-08-30,47.23444794589,47.266392401569,46.60411764588522,46.65309524536133,11786800.0
2019-09-03,46.595599563648285,48.03940063163899,46.595599563648285,48.03301239013672,9718400.0
2019-09-04,48.039400968991174,48.11819469700561,47.45166000113588,47.72636413574219,8909600.0
2019-09-05,46.674388408061226,47.13436127628401,46.550880243767104,46.80854797363281,17661200.0
2019-09-06,46.87243789949765,47.068351565037446,46.584954018367704,46.87882614135742,9130400.0
2019-09-09,46.678644560624655,47.03853062069434,46.61263057315332,46.82558059692383,8297600.0
2019-09-10,46.695680796094905,46.77660284465178,46.07599544915137,46.44865798950195,11094800.0
2019-09-11,46.42736545183649,46.97464532749832,46.30598237765466,46.86178207397461,8818000.0
2019-09-12,47.247219292129614,47.32814133848761,46.789378054740645,47.006587982177734,8671200.0
2019-09-13,46.8617842419298,46.87456072414854,46.37838675204298,46.5274543762207,8213200.0
2019-09-16,46.54449338997439,46.653096744308996,46.26552609859754,46.4891242980957,5033600.0
2019-09-17,46.516818626371375,47.345194354454925,46.516818626371375,47.32176971435547,7596800.0
2019-09-18,47.4580568059163,47.74128081326307,47.140760004596885,47.67952346801758,7681600.0
2019-09-19,47.85839033450914,47.998934883100034,47.60710761247413,47.892459869384766,5906800.0
2019-09-20,47.95635794275544,48.12671865867593,47.6241563338587,48.06709289550781,19007200.0
2019-09-23,48.00745000868604,48.224659925242634,47.87967870498,47.9733772277832,6634000.0
2019-09-24,48.10115652032212,48.695285707704365,47.9904215886762,48.66121292114258,8674400.0
2019-09-25,48.744269743973874,48.86991275484103,48.448269276522474,48.844356536865234,8423600.0
2019-09-26,48.976388694116125,49.57264630188984,48.8890783839206,49.344791412353516,8703600.0
2019-09-27,49.457636392833,49.525781950999864,49.01044010310036,49.2468147277832,7501200.0
2019-09-30,49.408661165709006,49.71317811375695,49.351163754426956,49.6152229309082,8937600.0
2019-10-01,49.438481663910444,49.65356003279061,49.116925026537075,49.410797119140625,6727600.0
2019-10-02,49.33839386868125,49.50662296572523,48.66547098178605,48.78898239135742,8138400.0
2019-10-03,48.7357492379448,49.040266253907006,48.67186357220114,49.014713287353516,8017600.0
2019-10-04,49.00192727100285,49.80048981404251,48.97850263976598,49.74299240112305,6552800.0
2019-10-07,49.71318770818065,49.7919814349545,49.22766186208377,49.52153396606445,6154000.0
2019-10-08,49.43421955020745,49.4427361216403,48.96999004716723,48.97211837768555,6968000.0
2019-10-09,49.45338474302708,49.8878046255019,49.1914571149629,49.69401931762695,6004000.0
2019-10-10,49.40866359666187,49.58754083016337,49.02961282832608,49.40440368652344,7465600.0
2019-10-11,49.35968797092055,49.48533096308968,48.66973192609612,48.880550384521484,8301600.0
2019-10-14,48.980641202102234,49.05943493237305,48.45678588407675,48.744266510009766,4711600.0
2019-10-15,48.837969292164374,48.94018766743484,48.30346577509032,48.45465850830078,5672400.0
2019-10-16,48.48233371197988,49.050909911208045,48.25021895543108,48.95934295654297,7662000.0
2019-10-17,48.82305352127969,49.31709589345503,48.82305352127969,49.21062088012695,5366400.0
2019-10-18,49.23192579114511,49.57051561288735,49.044528695124704,49.506629943847656,8784400.0
2019-10-21,49.491721492262705,49.62587781309179,49.11692732776274,49.574771881103516,6488400.0
2019-10-22,49.78559698330027,51.084593750427146,49.619496183485396,50.30732727050781,12636800.0
2019-10-23,50.58627970509554,50.80987788394234,50.19445243416679,50.25620651245117,8912400.0
2019-10-24,50.25621520242994,50.611841420083245,50.00493568611065,50.58628845214844,6411200.0
2019-10-25,50.60119210949305,50.60758035133062,50.164647086912055,50.44361114501953,6072400.0
2019-10-28,50.36268745631735,50.407408397096304,49.540700123039,49.66633987426758,7164400.0
2019-10-29,49.46191450132119,49.653568267803244,49.234056362892716,49.532188415527344,6861200.0
2019-10-30,49.68763544747285,50.39037126080394,49.619489871929524,50.14122009277344,4959200.0
2019-10-31,50.154002890633755,50.78859320832146,50.02623154508254,50.754520416259766,8228400.0
2019-11-01,50.82905597654108,50.8716453433908,50.062434375804344,50.19446563720703,8018000.0
2019-11-04,50.09224393129967,50.09224393129967,48.59307687195856,48.89333724975586,13459600.0
2019-11-05,48.4269609070469,48.82943628228518,47.851996549472084,48.363075256347656,9502400.0
2019-11-06,48.44614001912296,48.65909008514108,48.2544862594507,48.44401168823242,6976400.0
2019-11-07,48.258732351420804,48.26299226162899,46.98955205557516,47.50701904296875,12473200.0
2019-11-08,47.509160199198384,47.847750018411276,47.07048034139492,47.29195022583008,6431600.0
2019-11-11,47.35158259726745,47.59008566056332,47.21316633718193,47.32176971435547,6142800.0
2019-11-12,47.31537543822735,47.700814535784055,47.29407913199411,47.53471374511719,5798400.0
2019-11-13,47.89247305637189,48.59094907871768,47.89247305637189,48.53345489501953,7189200.0
2019-11-14,48.55260541820779,49.00405842879258,48.46955503891419,48.95082092285156,6329600.0
2019-11-15,49.0679490027484,49.3064520134688,48.62714409905195,49.28089904785156,7382400.0
2019-11-18,49.400151493379326,49.92401004402134,49.35117389189422,49.43848419189453,7002400.0
2019-11-19,49.423576932287574,49.90271455067829,49.21914670141577,49.544960021972656,6522400.0
2019-11-20,49.689767431156895,50.41805626417716,49.557739430535484,50.09011459350586,8506000.0
2019-11-21,50.19871408975581,50.31370893574007,49.853736050522784,50.07307434082031,4990000.0
2019-11-22,50.13270467334276,50.29241722451704,49.344790070754996,49.69828796386719,5016000.0
2019-11-25,49.802622773508624,49.94955881498302,49.353298077552836,49.523658752441406,7456400.0
2019-11-26,49.653563451078824,50.0943716203306,49.61736233200441,50.02622604370117,15634000.0
2019-11-27,49.953435761248556,50.051914968472865,49.78858615486097,49.89777374267578,8584000.0
2019-11-29,50.22746336783517,50.46724220750245,49.932019249858214,50.05833435058594,3557600.0
2019-12-02,50.034782295916486,50.034782295916486,49.46958700719214,49.508121490478516,7118000.0
2019-12-03,49.66869405381609,49.84424876462863,49.53809951205664,49.717933654785156,9249200.0
2019-12-04,49.59376531807858,50.19749847204993,49.56165324254486,50.15253829956055,6699200.0
2019-12-05,49.90848115267829,50.26600978121964,49.88921390564885,50.21677017211914,6413200.0
2019-12-06,50.18464921472069,50.40301784257063,49.991966978289604,50.18036651611328,6196000.0
2019-12-09,50.29812154388624,50.30454395910529,50.06262209671379,50.15468215942383,4560000.0
2019-12-10,50.173947171704405,50.30025902104614,50.05619745335953,50.193214416503906,4345600.0
2019-12-11,50.31095413186498,50.495070945740615,50.08402013803393,50.477943420410156,6212800.0
2019-12-12,50.42229674732264,50.56573614050319,49.833551360350214,50.075469970703125,6970400.0
2019-12-13,49.899922611143886,50.820507036340196,49.83355546654997,50.72844696044922,8345200.0
2019-12-16,50.79052630342376,51.27436675101788,50.610688880946675,51.2679443359375,14284800.0
2019-12-17,51.26580418726976,51.57408990875327,51.12878722214082,51.34287643432617,10374000.0
2019-12-18,51.5376888392406,51.59549383415742,51.111653449747955,51.44348907470703,8585600.0
2019-12-19,51.413520432211726,51.599780258896494,51.25937594579632,51.520565032958984,6882800.0
2019-12-20,52.25489863667943,52.45400004868057,51.426374378010124,51.96159744262695,16198000.0
2019-12-23,51.97657700559539,52.01511476125835,51.02602041130784,51.12022018432617,9474800.0
2019-12-24,51.14805598164677,51.490596771240234,50.918978949789555,51.490596771240234,2739600.0
2019-12-26,51.43493141333426,51.801025390625,51.39853664055551,51.801025390625,5813200.0
2019-12-27,51.86952642486827,51.97443129941038,51.70895953938595,51.918766021728516,4319200.0
2019-12-30,51.74321896889139,51.856685982890255,51.44349213059436,51.6575813293457,4450000.0
2019-12-31,51.717533513919975,51.935902162340824,51.36428434722355,51.84384536743164,6910000.0
2020-01-02,51.803164334410425,52.16925503950181,50.94252482992334,51.08596420288086,7884800.0
2020-01-03,51.088101789997886,51.672564333521144,50.9831969163433,51.449913024902344,7097200.0
2020-01-06,51.53127054173912,51.938041987744704,51.47132582620011,51.706825256347656,5518800.0
2020-01-07,51.52912716851087,51.85454364887086,51.41779987609318,51.661861419677734,6653200.0
2020-01-08,51.73893929879676,52.012973227899856,51.59549991924608,51.6383171081543,5936000.0
2020-01-09,51.52057899006871,52.19924481739226,51.49488932428737,52.0429573059082,6958000.0
2020-01-10,52.199227267044265,52.38762353066983,52.064350033554774,52.141422271728516,5125600.0
2020-01-13,52.03438616427948,52.843643163714916,52.03438616427948,52.751583099365234,5879600.0
2020-01-14,52.71518591370573,53.05130754558705,52.62312912030668,53.036319732666016,8252800.0
2020-01-15,53.21829000113036,53.99115208967648,53.21186758691948,53.860557556152344,6397200.0
2020-01-16,53.7107016534287,54.01684765343117,53.59509165150706,54.00828552246094,7914400.0
2020-01-17,54.02969816184173,54.32514234586846,53.82417432953459,54.25020980834961,9354000.0
2020-01-21,54.38508454821593,55.08515394881766,54.12389543726171,54.99738311767578,11486400.0
2020-01-22,55.43840383747856,55.83018421912733,55.16222692573545,55.64178466796875,7065600.0
2020-01-23,55.526180046145306,56.251945678315046,55.526180046145306,55.68032455444336,10212400.0
2020-01-24,55.02735256500238,56.53667896933298,54.843238969834836,56.45960998535156,10310400.0
2020-01-27,56.22410887078494,57.324530577297516,56.15346230422522,57.10615539550781,8678800.0
2020-01-28,57.10614099500639,57.58998459195813,56.45745109532847,56.907039642333984,8262800.0
2020-01-29,57.10829708897385,57.12114191896742,56.54524141814682,56.8963508605957,6008400.0
2020-01-30,56.91989519326306,57.85760694507537,56.737918064537354,57.78909683227539,6328800.0
2020-01-31,57.68847583254341,57.945385494086324,57.10401647943364,57.41872787475586,7536800.0
2020-02-03,57.523643638237544,57.69277598256122,56.99269992280264,57.12115478515625,11041200.0
2020-02-04,57.00552483205403,57.22817941341599,56.502420475024884,56.635154724121094,10482800.0
2020-02-05,56.58163165500829,57.303111151905235,56.13632249836775,57.09972381591797,8666800.0
2020-02-06,57.10829042242958,57.8747268343409,57.02479250373428,57.44654846191406,7874400.0
2020-02-07,57.69919358140729,58.157341160916395,57.6306834560742,57.70561599731445,6410000.0
2020-02-10,57.87044781011297,58.19158159169407,57.66063805409259,58.17659378051758,7666800.0
2020-02-11,58.39498305689628,58.658308640051544,58.22157129557961,58.26438522338867,7850800.0
2020-02-12,58.11023720608889,58.2900713724088,57.82978084193089,57.85975646972656,5836400.0
2020-02-13,57.85976315083089,59.06080071462928,57.85976315083089,58.97516632080078,7500400.0
2020-02-14,59.02225842526028,59.7480174939869,58.99014634849974,59.62812805175781,7354800.0
2020-02-18,59.944989048232244,60.662189331042086,59.59602253091524,60.38173294067383,9789600.0
2020-02-19,58.87881241057755,59.32840106001866,58.778190220147806,58.80388641357422,21134800.0
2020-02-20,59.07578277453082,59.33269246447118,58.51272705307565,59.309139251708984,10731600.0
2020-02-21,59.41618654034383,59.67951865770698,59.10361807919086,59.42903137207031,11030800.0
2020-02-24,58.8317233297554,59.64740285017482,58.64546672747646,58.64760971069336,9091600.0
2020-02-25,58.64759454714627,59.06720753958567,57.76126214458764,57.87472915649414,10285600.0
2020-02-26,57.57501041810011,58.51057923248091,57.37590901827442,57.69062042236328,9551600.0
2020-02-27,57.684156633838846,58.30610220897436,55.009128646226145,55.0607795715332,14604000.0
2020-02-28,53.40369191297328,54.64328810279818,52.312592574174296,54.39579772949219,27468400.0
2020-03-02,54.58733120727056,57.8692425849251,54.3032592742904,57.75088119506836,19305600.0
2020-03-03,57.91012343664713,59.03135147326503,56.57584230458178,57.06220626831055,15636000.0
2020-03-04,57.93379058815863,60.8111102841479,57.93379058815863,60.73578643798828,14713200.0
2020-03-05,59.623179334622726,60.227911317109175,58.63107684244868,59.43164825439453,12412000.0
2020-03-06,57.79606847449481,58.73222148651741,56.31974963804399,58.49764633178711,14556400.0
2020-03-09,54.76165042486217,57.31400910727405,54.76165042486217,56.22936248779297,15564400.0
2020-03-10,57.165515932626455,57.529216793653084,52.14688013946855,55.03496170043945,23743600.0
2020-03-11,53.629660239002334,53.63396530460645,51.33985462424322,51.92091369628906,19631200.0
2020-03-12,46.51275679459434,49.85492604422464,44.34346672350437,44.954654693603516,31668400.0
2020-03-13,47.35636219740096,47.77386484227694,42.25810125437033,47.68132400512695,31586400.0
2020-03-16,42.611048478955496,47.487647037437576,42.33988844353123,43.33629608154297,20240400.0
2020-03-17,44.21649626575422,48.95320807398516,43.90229214182665,47.72437286376953,21538000.0
2020-03-18,44.9912290034635,49.065104120499846,42.98980083967873,45.33125686645508,22198000.0
2020-03-19,45.195670421513086,47.69638073523153,43.157657635182126,44.569419860839844,17441200.0
2020-03-20,44.278900972090305,45.17200993334042,40.21363529852,41.26599884033203,22482400.0
2020-03-23,40.17274610140324,40.58164193969462,37.61823651365418,39.09455871582031,23661600.0
2020-03-24,40.42668794702706,44.86641180001018,40.134005921495735,44.44675827026367,17900800.0
2020-03-25,44.263840039187286,47.39941227049137,41.9804935244877,45.251644134521484,17794400.0
2020-03-26,45.387215677546195,50.39509018346011,45.322656118256745,49.734405517578125,14655200.0
2020-03-27,48.52495135134482,51.7186308547471,48.07516878729342,49.91734313964844,16184400.0
2020-03-30,51.07083925212377,53.42090236306368,50.43597843088621,52.94314193725586,16373600.0
2020-03-31,52.10384030070172,53.34988914115552,51.468979413124664,51.783180236816406,18899200.0
2020-04-01,49.70427859337654,49.925941845839276,45.847760954317785,46.96468734741211,13691200.0
2020-04-02,46.269572875863,49.39868580129221,46.08449445300742,48.73369598388672,9234400.0
2020-04-03,48.197837600699586,49.18994357540928,46.81620357985593,47.69855499267578,8755600.0
2020-04-06,49.66768656207368,51.01273205816718,49.071564762542835,50.468257904052734,13267600.0
2020-04-07,51.725064765479694,51.86279727656262,49.101687816192104,49.172706604003906,10507200.0
2020-04-08,49.41805289080466,50.829812240283296,48.215041599288526,50.25090408325195,18290800.0
2020-04-09,50.75448401561899,53.98904916421095,50.655490505965794,52.786041259765625,19587600.0
2020-04-13,52.20067444262672,52.48259543852494,50.44028056519696,50.834110260009766,10757200.0
2020-04-14,52.04788954544319,52.72148619674874,51.29896573786714,52.161949157714844,11673200.0
2020-04-15,51.65836611813935,51.94889732755328,50.68778224069684,51.051483154296875,9990800.0
2020-04-16,51.645440053314644,51.819757417680215,50.720048129852984,51.107421875,10331200.0
2020-04-17,52.189917114746706,53.184176997032466,51.38504397647078,52.996944427490234,10952800.0
2020-04-20,52.822619110059655,53.22075383799733,51.027791424530754,51.13539505004883,8714400.0
2020-04-21,50.588776255495375,51.25591684490139,49.72579297181444,50.66409683227539,10622000.0
2020-04-22,51.204270565270456,53.52205407189914,51.204270565270456,53.192787170410156,11759600.0
2020-04-23,53.024938214160784,53.317620338085256,51.67774140110739,51.89509963989258,9360400.0
2020-04-24,52.02206422827644,52.06941010109322,50.77816618893318,51.5851936340332,8029200.0
2020-04-27,52.1038394530501,53.00986362950958,51.957496781700996,52.42449951171875,8457600.0
2020-04-28,52.99695617579672,53.13468873635191,51.24086684966879,51.499114990234375,8464800.0
2020-04-29,52.07802222311278,52.15334281725224,50.20571585188157,50.60169982910156,9901600.0
2020-04-30,50.32837766094935,50.33698450779422,49.26094804303759,49.73870849609375,17934800.0
2020-05-01,49.478312700505676,49.50198563560866,48.42164403587674,48.86281967163086,9168000.0
2020-05-04,48.852050572650576,49.7494644996866,48.408724119293936,49.51704025268555,9077200.0
2020-05-05,49.790355542426255,50.47686727876707,49.36639694569796,49.519195556640625,8042000.0
2020-05-06,49.695679408764896,49.74733035341758,47.90945779945173,47.918067932128906,7377600.0
2020-05-07,48.46468003805004,49.1942326045461,47.94387880119408,48.309730529785156,8692000.0
2020-05-08,48.935983318311266,49.63325608839919,48.580892619466084,49.43956756591797,11308800.0
2020-05-11,48.806863085428766,49.12752315092665,48.23010908627071,48.933837890625,7854400.0
2020-05-12,49.11030721022224,49.37501128057507,48.47975137167876,49.05220031738281,9565200.0
2020-05-13,48.817622675332814,49.61173813011929,48.63684933318056,49.523502349853516,14076800.0
2020-05-14,49.01776222582152,50.2143141562385,48.91446036889453,49.97758483886719,11595600.0
2020-05-15,49.504138777306665,49.68706630994717,48.03857747659476,49.03498840332031,20232400.0
2020-05-18,50.34559708347406,50.982608862616935,50.03354715030048,50.67055892944336,9123200.0
2020-05-19,50.34127877571735,50.51559612021121,49.59666354074335,49.60527038574219,6532800.0
2020-05-20,49.992664521274094,50.83842777065133,49.66985351913561,50.098114013671875,5847200.0
2020-05-21,50.07873655342079,50.24659797968925,49.082329017248306,49.260948181152344,8308400.0
2020-05-22,49.245887515462535,50.36065976823199,48.88433753902187,50.326229095458984,5990000.0
2020-05-26,50.86208333775832,51.3054097705428,50.3154583390343,50.42521286010742,7658800.0
2020-05-27,51.16553499004221,51.916609640624436,50.56080300936435,51.89293670654297,12343600.0
2020-05-28,52.596661105622246,54.245149758426535,52.43310474508029,54.094505310058594,12416000.0
2020-05-29,53.825495856013234,55.202824493112765,53.694219276730045,54.998374938964844,15309600.0
2020-06-01,54.983228646618365,55.90073171984464,54.36867407834584,55.32080078125,6655600.0
2020-06-02,55.30349437263257,56.33351932866841,54.9053292199687,55.5263786315918,10640000.0
2020-06-03,55.870436427806375,56.751156375590085,55.548013390970965,56.17121887207031,7303200.0
2020-06-04,55.75575486583092,56.38112645814699,53.682711994936,54.50716781616211,12012400.0
2020-06-05,54.56991194332416,55.95049848771616,54.100340159535726,55.04597854614258,12370800.0
2020-06-08,54.760348760466094,56.42224349476218,54.22153292643465,56.36598587036133,8149200.0
2020-06-09,56.06951473562097,56.07817229351479,54.97673413672438,55.974308013916016,7990400.0
2020-06-10,56.00460055055007,56.45686055271315,55.30349023574172,55.56748962402344,6674400.0
2020-06-11,55.14984134032985,55.171481930178174,53.204469860264986,53.73679733276367,9718400.0
2020-06-12,54.48118436454412,54.556919819180784,52.85174779625576,53.42951583862305,8356800.0
2020-06-15,52.95562498499714,54.299421883553755,52.2220538200653,53.78873825073242,8404400.0
2020-06-16,54.859877388408094,54.89449771044109,53.377586095351596,53.70217514038086,8056800.0
2020-06-17,54.09601632420448,54.31457177893704,53.16985576280255,53.88178634643555,6767600.0
2020-06-18,53.70866861907453,54.080864335122065,53.30834409671581,53.866634368896484,6386800.0
2020-06-19,54.42277017162279,54.45306502095481,52.41248321533203,52.41248321533203,14452800.0
2020-06-22,52.62671335152528,53.70867704420422,52.05327391516191,53.45766067504883,7190800.0
2020-06-23,53.9185784235317,54.15228297806558,52.43412410072866,52.62887954711914,9306000.0
2020-06-24,52.22421760105779,52.90369060130845,51.61399185525117,52.29562759399414,6901200.0
2020-06-25,52.21989243250538,52.21989243250538,50.97563430067343,51.75248336791992,7824800.0
2020-06-26,51.609666207369926,52.3800237993954,50.81117650378353,51.11629104614258,10107200.0
2020-06-29,51.39543288667828,51.60750012612485,50.583960200127834,51.553401947021484,5793200.0
2020-06-30,51.698381386980444,52.325918903962794,51.39326688376414,51.97103500366211,9532400.0
2020-07-01,51.862840773970944,53.55719610140595,51.568546554226984,53.28886795043945,6024400.0
2020-07-02,53.70002525605854,54.03759741538981,53.178517939759985,53.31917190551758,5981200.0
2020-07-06,53.70650787616676,53.9142430312336,52.92533005149356,53.440345764160156,6256800.0
2020-07-07,52.89720007359234,53.73896762756761,52.7219224976015,53.38841247558594,6017200.0
2020-07-08,53.41222389732825,54.99405440169205,53.25858358906606,54.80579376220703,9633600.0
2020-07-09,54.36434419237656,54.82742449874449,53.78657600419023,54.528804779052734,6818800.0
2020-07-10,54.569919159027556,56.541260438887164,54.48120064576274,56.17555618286133,10079200.0
2020-07-13,56.04353951043282,56.78360540058553,55.264527823683665,55.44845962524414,9600800.0
2020-07-14,55.44847004924769,57.27699122718244,55.3662430585761,56.813907623291016,12154400.0
2020-07-15,57.25317992544131,57.651348320521414,56.004596374404855,56.045711517333984,8444800.0
2020-07-16,56.22965170854841,58.382755390529866,55.99161838692008,58.07548141479492,10142000.0
2020-07-17,58.4390256467427,60.04033067900155,58.194500782177016,59.59023666381836,12461600.0
2020-07-20,59.61619278788152,60.131208504505295,59.129309180720966,59.36301040649414,6368800.0
2020-07-21,59.274306158277604,60.49692389920791,59.23968252513873,59.795806884765625,5958400.0
2020-07-22,59.82608955361039,61.10929666941726,59.40196171406873,60.680843353271484,6368000.0
2020-07-23,60.58996831155149,61.526945987276555,60.39737559960276,60.799869537353516,8150000.0
2020-07-24,61.2131836746639,61.80826375172718,60.1593520129789,60.64406967163086,7716000.0
2020-07-27,60.80635654166365,60.93835293587112,59.746033495679285,60.07711410522461,8909200.0
2020-07-28,59.98407436566578,61.30190545200005,59.860728910329456,60.598628997802734,6547600.0
2020-07-29,60.641899252034875,61.64163265270715,60.55534347692316,60.901573181152344,5381600.0
2020-07-30,60.62026864378124,61.117969331282644,60.4038758920358,61.09632873535156,4235200.0
2020-07-31,60.78905030010239,61.20019517772781,59.7005951022217,60.7414436340332,8030400.0
2020-08-03,60.836660592654034,60.99245703222327,59.81744599066026,60.06846237182617,8624400.0
2020-08-04,60.310821460338694,61.72170641575128,60.02734748634389,61.6827507019043,9142400.0
2020-08-05,61.719530691288746,61.88831674553439,61.01408832426589,61.40792465209961,6381600.0
2020-08-06,61.24562377708251,61.62214495056217,60.83014689989938,61.19801712036133,4588000.0
2020-08-07,61.204525436936926,62.62622740837815,61.130952693405874,62.27350616455078,4368800.0
2020-08-10,62.3838646879167,62.563467755946505,61.22399617081736,61.37763977050781,7240000.0
2020-08-11,61.451211679339735,61.581042038194305,59.81960859731741,60.11174011230469,6825200.0
2020-08-12,60.429847062432906,61.8818407000501,60.308667639537525,61.58321762084961,6124400.0
2020-08-13,61.24564197743567,61.77147479399425,61.159086195070195,61.54209899902344,3680000.0
2020-08-14,61.457710415672736,61.48584253132284,60.594298805186114,60.69816970825195,4912800.0
2020-08-17,61.03573296929951,61.687077200597344,60.66137116858531,61.236976623535156,4801200.0
2020-08-18,61.1785627756473,61.70872769132992,61.06604091522633,61.249969482421875,4764800.0
2020-08-19,61.50531420596613,61.511805724367186,60.98380688180571,61.09632873535156,5481600.0
2020-08-20,60.7587551181541,61.40360788029846,60.711148449757104,61.04655456542969,3631200.0
2020-08-21,61.16556363109746,61.24779391673625,60.687337595512496,61.11146545410156,5685600.0
2020-08-24,61.23914858139641,61.26511465493169,60.64623455639829,61.15908432006836,3548800.0
2020-08-25,61.368973309804616,61.37979030369211,60.403863681179494,60.87343215942383,4051600.0
2020-08-26,60.618090491047575,60.895072893786995,60.19179659113488,60.373565673828125,5238800.0
2020-08-27,60.460567619502015,60.99993046819266,60.156091268259985,60.651954650878906,4555600.0
2020-08-28,60.804200343790555,60.88902232662042,60.295288358074934,60.79767608642578,4618400.0
2020-08-31,60.75633508541749,61.68934342713317,60.60844753876902,60.71501922607422,6013600.0
2020-09-01,60.68239991128847,60.79114194107243,59.60150386975246,60.271358489990234,5729600.0
2020-09-02,60.343120127811915,63.00512930156193,59.95382847331536,62.691951751708984,9754400.0
2020-09-03,62.75500891786909,63.30742016594165,60.449683703639735,61.02383804321289,7855200.0
2020-09-04,61.58714044869325,62.200447149855044,59.327484298975236,60.312686920166016,7247600.0
2020-09-08,60.40401524082192,61.076040129029494,59.87335365141964,60.44099044799805,7158000.0
2020-09-09,60.89554400337199,62.37878706092656,60.860745753205265,61.410980224609375,4781600.0
2020-09-10,61.126064375284486,61.32832294164805,60.11911219787376,60.223506927490234,4362800.0
2020-09-11,60.49753706443062,60.71936839124959,59.90598022249397,60.49318313598633,3932800.0
2020-09-14,60.79766376119037,61.76329347794571,60.55408268616858,61.313106536865234,3916400.0
2020-09-15,64.29914989280088,65.09296524711483,63.32047179203653,64.31002807617188,10827600.0
2020-09-16,61.93293261593752,62.40705290509841,60.7063259838928,60.971656799316406,19501600.0
2020-09-17,60.46055674930134,60.95424307873083,59.98426622092094,60.79113006591797,9385600.0
2020-09-18,60.6715247604342,61.32832419197693,59.99079863247466,60.225685119628906,14386000.0
2020-09-21,59.808112103920635,60.175660669271636,59.06214342585245,60.069095611572266,7558800.0
2020-09-22,60.34312959598023,60.88466945599322,59.801596373054494,60.4736213684082,7192800.0
2020-09-23,60.604111936946545,60.604111936946545,59.399248326899375,59.44057083129883,5855200.0
2020-09-24,59.31006782986803,60.84333422018004,59.277446552858386,60.36051940917969,7478400.0
2020-09-25,59.89509346094485,61.358763199335705,59.66238398342734,61.291343688964844,5456800.0
2020-09-28,61.64802332151643,62.20695888997748,61.46969145521179,61.79591751098633,6918400.0
2020-09-29,61.78720668947587,62.18519949535545,61.37398841045884,61.57406997680664,7094000.0
2020-09-30,61.06735170394928,61.57626361321709,58.09869558134364,60.36487579345703,23238400.0
2020-10-01,60.695449802044756,61.77417554069761,60.59976291978205,61.49579620361328,10018400.0
2020-10-02,60.62803442564334,62.45055207296907,60.56931611355616,61.150001525878906,8306000.0
2020-10-05,61.73066408946787,62.848535149823725,61.5327528327365,62.61582565307617,6599200.0
2020-10-06,62.77459337629427,63.61407854323455,62.03949629563871,63.131263732910156,7288400.0
2020-10-07,63.711946064918905,64.7602139930384,62.9616235440161,64.61885070800781,10130400.0
2020-10-08,64.95596885526525,65.67584058212357,64.57754206753978,65.47140502929688,5694400.0
2020-10-09,66.05427439173387,66.05427439173387,65.31047581254573,65.87811279296875,6472000.0
2020-10-12,65.89766248560457,66.99813116974381,65.68017845099861,66.47834777832031,5816400.0
2020-10-13,65.89766118959133,66.1847417025258,65.0277250682766,65.56491088867188,8596800.0
2020-10-14,65.680189825336,65.95856917235724,64.96031807709151,65.38441467285156,5501200.0
2020-10-15,64.80589785626461,65.2212931769844,64.30133328100521,64.91028594970703,5739200.0
2020-10-16,65.14949169888462,66.59358831640523,64.96680597686395,66.46309661865234,7449600.0
2020-10-19,66.36090347760569,66.90461355540592,64.84069222394378,65.1473388671875,7710400.0
2020-10-20,65.51054160094057,66.13689668666466,65.11907299090606,65.46051788330078,6003200.0
2020-10-21,65.00597715219472,65.78457371927074,64.2513072804073,64.74064636230469,7796000.0
2020-10-22,65.16256028241884,66.18256085578943,65.0755680028079,65.7388916015625,8463600.0
2020-10-23,65.91941945890827,66.45225141998235,65.60189459188187,65.91289520263672,5617200.0
2020-10-26,65.5235887711785,65.88679002424732,64.71889519947062,65.82154083251953,5707600.0
2020-10-27,66.23694466666237,66.48922697227107,65.26261369021702,65.92376708984375,4834200.0
2020-10-28,65.01902508743687,66.15864594128989,64.62755648022124,64.77544403076172,7508900.0
2020-10-29,64.70585961004883,65.27131953251347,63.453155851163615,64.38398742675781,7753100.0
2020-10-30,64.14038927136085,64.67974538626885,63.07036498644561,63.688018798828125,8790500.0
2020-11-02,64.46227362549172,65.63668621422049,64.13170024585368,65.35830688476562,9233600.0
2020-11-03,66.15864149933317,66.92418285992528,65.5844805010749,66.13253784179688,6887900.0
2020-11-04,64.81893261933888,65.16690834353994,63.50532741309519,63.78370666503906,12128800.0
2020-11-05,65.50620042792923,66.33263718723055,64.80154757213118,65.0277328491211,8644100.0
2020-11-06,65.24521167841438,66.16734187960172,64.47967025073866,65.87156677246094,6076100.0
2020-11-09,70.54311142778803,72.50046754914177,65.54968033658504,65.68887329101562,12864500.0
2020-11-10,67.3243572339327,67.44614776236737,65.51488847278046,66.1064453125,8649200.0
2020-11-11,66.5588311349902,68.1856078406884,66.29784757853473,67.45486450195312,6903300.0
2020-11-12,67.51573236774331,67.76801459999642,66.13253069947073,66.69799041748047,5901900.0
2020-11-13,66.98508536935401,67.62014169642039,66.80239956934248,67.15037536621094,6235000.0
2020-11-16,68.0290190517001,68.09861555171777,66.39354112381011,67.6375503540039,7667600.0
2020-11-17,67.63754747084727,68.26390267013184,66.45443356932914,66.64582061767578,5866300.0
2020-11-18,67.26345812421808,67.29825636422225,65.91505453166994,65.93245697021484,6501900.0
2020-11-19,66.06295974767228,66.13254960222093,65.07992755531076,65.35830688476562,7392300.0
2020-11-20,65.48881491869295,66.40225084637181,65.46271788711728,65.72370147705078,5891000.0
2020-11-23,66.11514073148265,66.13253653241019,64.48835790571252,64.87113189697266,7634600.0
2020-11-24,65.65409592304148,65.81938594970012,64.81895784223394,65.22782897949219,6699600.0
2020-11-25,65.26277101515448,66.442691243464,65.10544787349903,66.39899444580078,6443100.0
2020-11-27,66.4689175750088,66.53883378517659,65.28899067402935,65.6648178100586,3669300.0
2020-11-30,65.81340558269055,65.90080584654523,64.0216701667125,64.31883239746094,13120300.0
2020-12-01,64.78207678710065,66.04939748544506,64.63348897983951,64.80829620361328,8099500.0
2020-12-02,64.79955423678837,64.99183884901487,63.724518149469304,64.94813537597656,5128800.0
2020-12-03,64.71215837740199,65.1579084936157,63.82065814497457,64.10908508300781,7660500.0
2020-12-04,63.90805140163926,64.28387854296386,62.8767122697401,63.383636474609375,7763800.0
2020-12-07,63.36615706848806,64.49363845651287,63.27875680617404,64.03914642333984,6752200.0
2020-12-08,63.68080623189403,64.93064937741427,63.04277161849718,64.39749908447266,8255400.0
2020-12-09,64.27513612122802,64.58978240822834,63.3224552333068,64.38875579833984,6683700.0
2020-12-10,64.4936320422234,64.77331685473942,63.79441667682736,64.04788208007812,6204600.0
2020-12-11,63.925534199205025,64.58104624527417,63.81191451177652,64.50238800048828,6022500.0
2020-12-14,65.02680215593693,65.74349512407774,64.240186296218,64.28388977050781,5759900.0
2020-12-15,64.38004431453098,65.81343052322163,64.05665588068403,65.47256469726562,6859400.0
2020-12-16,65.70851457850463,66.20670336681357,64.85197607618142,65.0617446899414,7787700.0
2020-12-17,65.6036376953125,66.44269224066355,65.411353111713,65.6036376953125,9384200.0
2020-12-18,65.6298643226226,66.02317556000715,64.61600913611701,65.12294006347656,13298300.0
2020-12-21,64.62474785708608,65.15789817267984,63.69828632423408,65.02679443359375,7251400.0
2020-12-22,65.06175572633765,65.75222919361192,64.5723022127506,65.29773712158203,5335300.0
2020-12-23,65.69104923761431,66.0319149621985,64.96561431884766,64.96561431884766,4626400.0
2020-12-24,65.07049542287308,65.69105271660975,64.81703662406228,65.53372955322266,1387500.0
2020-12-28,65.92703047050078,66.32033502304444,65.58616474677275,65.9794692993164,3753700.0
2020-12-29,66.0843612098592,66.31160727449732,65.64735313767031,65.83963775634766,3774900.0
2020-12-30,66.10183513767046,66.66994693541272,65.99695747349344,66.34656524658203,3804800.0
2020-12-31,66.33782350002484,67.46530507220828,66.12806150256694,67.43034362792969,4119400.0
2021-01-04,67.48278260272575,67.73624807312048,64.31010654514813,64.86947631835938,9388400.0
2021-01-05,65.1229345893467,65.70852371403136,64.72962338502326,65.35017395019531,7339800.0
2021-01-06,66.9933249179268,69.3706494049224,66.0756054892132,68.549072265625,12155700.0
2021-01-07,69.8339088777758,70.49816318209197,68.95115048227024,69.3007583618164,8816000.0
2021-01-08,69.77270341516657,70.9788431730016,69.43183768646944,70.90892028808594,8376200.0
2021-01-11,70.77782641305609,70.79530380096827,69.0210521923767,69.65034484863281,7064300.0
2021-01-12,69.61540426325409,70.4020203192657,68.64524557220905,69.70280456542969,7669300.0
2021-01-13,70.44567925797503,71.87906478122096,70.06111680153649,71.52945709228516,8542600.0
2021-01-14,71.63434142267607,72.3160727488055,70.92639068680508,72.13253021240234,8899000.0
2021-01-15,72.05388478976143,72.77057767899923,71.62561212715582,71.70427703857422,10561600.0
2021-01-19,72.10631549155008,72.71812398601158,71.45954555908901,72.37725830078125,8142700.0
2021-01-20,72.23742813275912,74.31758393887986,72.03640150650332,73.46105194091797,8576800.0
2021-01-21,73.63584116149079,74.07284912090617,73.1114329438348,73.16387176513672,9268600.0
2021-01-22,73.37366788963791,73.89808301973319,73.02406669386156,73.60091400146484,6371800.0
2021-01-25,73.52222219157585,76.64245878473727,73.50473813883414,75.92576599121094,13215600.0
2021-01-26,75.73348697139521,76.26663725948615,74.07285525446666,74.49238586425781,12476900.0
2021-01-27,73.94175623752507,74.11656344784113,69.5804180303916,70.08734893798828,16893300.0
2021-01-28,70.50688323250127,73.29499696440672,69.96499747169202,72.07137298583984,8541300.0
2021-01-29,71.5119913334848,72.0713610594281,70.11356701862655,70.68167877197266,13189700.0
2021-02-01,71.90529334517623,72.66568966530131,70.66419222625171,71.4071044921875,5589500.0
2021-02-02,71.76546191678877,73.82814042935513,71.71302308504653,72.4821548461914,6645400.0
2021-02-03,72.93662188843278,73.31244898031355,72.46465918533778,72.58702087402344,5971200.0
2021-02-04,72.56081234860089,73.02404647434962,72.16750777814627,72.5433349609375,6398400.0
2021-02-05,72.87544918431786,73.89805293714753,72.54332551624583,73.06773376464844,5745800.0
2021-02-08,73.41733729561753,74.05537185136666,72.65694104449936,72.89292907714844,6792300.0
2021-02-09,73.03276502921513,73.74072242863117,72.54331826869993,73.26875305175781,5008900.0
2021-02-10,74.24766255715211,74.28262400017442,72.93663845077593,73.33869171142578,6200800.0
2021-02-11,73.41733780197454,74.11655321023066,73.08521415056967,73.3736343383789,4417200.0
2021-02-12,73.44355997168589,73.56592167249526,72.21120093690216,72.65694427490234,5787200.0
2021-02-16,72.79678927811804,73.04151267721222,70.78654992576587,70.96135711669922,8312600.0
2021-02-17,70.64672111581957,70.82152166396273,69.58916246266246,70.51561737060547,8598300.0
2021-02-18,70.6467035360142,71.04875003126855,69.86882995438118,70.5593032836914,5378900.0
2021-02-19,70.30585161319772,70.42821332398621,68.1295468965742,68.26065063476562,9660900.0
2021-02-22,67.99844261353583,68.12080431134459,65.15789081629528,65.63859558105469,13190300.0
2021-02-23,65.55120257171156,65.55120257171156,64.07411333993412,65.29773712158203,12719000.0
2021-02-24,65.40261160520032,65.47253447779342,64.09158775103428,64.46741485595703,12302200.0
2021-02-25,64.44546060654271,65.31527478046706,63.88315581701566,65.06926727294922,11747100.0
2021-02-26,65.13074766074881,66.38714847663988,64.55087397052196,64.55966186523438,12583200.0
2021-03-01,65.57885849794758,67.5732889667412,65.34163888654136,66.69468688964844,12272600.0
2021-03-02,67.32726364778854,67.52055714537448,66.2905130997191,66.36959075927734,8738500.0
2021-03-03,66.5804735290826,66.7122651994967,63.33842927162848,63.71622848510742,11748900.0
2021-03-04,63.51414978176825,64.19067048310738,61.932663241595456,62.63554763793945,11998700.0
2021-03-05,62.91668413381249,63.25933834693567,60.03487090385309,62.11715316772461,15509900.0
2021-03-08,62.38075905691813,63.64594842788625,61.98539073009215,62.257755279541016,12479400.0
2021-03-09,63.61957556531961,65.64035619192657,63.540497897755934,65.03411865234375,9363700.0
2021-03-10,64.84960746788998,65.66670754552906,63.86557757874245,65.42070007324219,8247200.0
2021-03-11,65.86001463377595,66.37839337435727,65.42071357028769,65.77215576171875,6602500.0
2021-03-12,66.05330491015148,66.78254624827454,65.0516990711495,66.48381805419922,6113100.0
2021-03-15,66.32565564975143,66.95825009117577,65.93028747546148,66.35201263427734,7129200.0
2021-03-16,66.04449071715207,67.07245313687069,66.00934584341819,66.22899627685547,6512700.0
2021-03-17,65.89515511481581,66.06209165279792,63.9710144404386,64.1028060913086,10343300.0
2021-03-18,64.13795293029149,64.14674082813741,61.73936626170868,62.494964599609375,14198800.0
2021-03-19,62.53888239268403,63.81285244364053,61.55484586911459,62.24015426635742,22806700.0
2021-03-22,62.16987653304675,63.63714019668907,62.16987653304675,62.986976623535156,10057700.0
2021-03-23,62.89033427903904,65.27134495183331,62.881546381931635,65.03411865234375,10723800.0
2021-03-24,64.51575014079691,64.71783156590656,63.619578980575824,63.988590240478516,14537400.0
2021-03-25,64.23458849388213,64.77932411088791,63.67228378745073,64.53330993652344,6823600.0
2021-03-26,64.22581008865865,65.13076914982868,63.8216539401362,65.06926727294922,10106000.0
2021-03-29,65.113199080225,66.07087210628453,64.7441878244884,65.71943664550781,8644500.0
2021-03-30,65.113192114852,65.50856031753284,64.78810697488706,65.2098388671875,5964600.0
2021-03-31,65.4909875279663,66.72103154922107,65.39434078109052,66.43109130859375,9430500.0
2021-04-01,66.33445854405127,67.10762597882919,66.22902387890798,66.5716781616211,6548900.0
2021-04-05,67.24820567082115,68.08287498618411,67.24820567082115,67.45906829833984,7328400.0
2021-04-06,67.27455690334563,68.3113075627802,66.72982123374392,68.14437103271484,6570500.0
2021-04-07,68.18829093301605,68.58365908898041,67.45904977999712,68.0125732421875,6761600.0
2021-04-08,68.26736294753316,68.89117617706319,68.03893128653377,68.32008361816406,7454600.0
2021-04-09,68.44307320651907,68.68908060797959,68.19706580505854,68.47821807861328,4969600.0
2021-04-12,68.33766439170262,68.78575330108488,67.8368615058759,68.21466064453125,6052900.0
2021-04-13,67.8983533084196,69.58526733644483,67.87199632410679,69.44469451904297,6319000.0
2021-04-14,69.0054088082779,69.61164639413124,68.86482925663574,69.5237808227539,4478200.0
2021-04-15,69.59405936088011,70.52537527891833,69.42712284606161,70.44630432128906,5012400.0
2021-04-16,70.92953858378868,71.52698817969299,70.50780669712643,71.11404418945312,15124100.0
2021-04-19,71.16676054802745,71.49184569454741,69.95429222591719,70.10365295410156,7658200.0
2021-04-20,69.98943528285993,71.1316138078251,69.96307159339682,70.75381469726562,7192100.0
2021-04-21,71.06132100154433,71.32490425928862,68.25858542998685,68.50459289550781,8565100.0
2021-04-22,68.70666862614678,69.67313611707276,68.54852000974078,68.81210327148438,8261700.0
2021-04-23,68.69789520926695,69.08447554619498,68.38159794065211,68.7418212890625,6034900.0
2021-04-26,68.87361568121479,69.06690920898723,68.12680526289546,68.4694595336914,7425100.0
2021-04-27,68.46944615076251,68.66273964075411,67.72263587841353,67.89835357666016,5871900.0
2021-04-28,67.87203253750369,68.04775032881108,67.3272966593243,67.73145294189453,5522200.0
2021-04-29,67.74019982758014,68.3288614455658,67.35361958012687,67.84563446044922,5558700.0
2021-04-30,67.86321469189211,68.21465682263481,67.37998762742187,68.1004409790039,8024600.0
2021-05-03,68.38160335396024,68.52217620491639,67.23063003969646,67.38877868652344,6076000.0
2021-05-04,66.94947075040466,67.13398307206512,65.6842884090852,66.50138854980469,9178300.0
2021-05-05,66.56290810338464,66.68591188169687,64.48940626440252,64.82327270507812,10643200.0
2021-05-06,65.01655695052666,65.18349349853246,64.41031934204435,65.02534484863281,7069200.0
2021-05-07,65.45584363723022,66.4486614027366,65.45584363723022,65.4822006225586,5677400.0
2021-05-10,65.31527379985145,66.52774893041705,65.24499072961714,65.71943664550781,6210400.0
2021-05-11,64.68267291137417,65.1483308359289,63.86557289367611,65.07804107666016,10515100.0
2021-05-12,64.57724161985034,64.7178211456748,62.820037766248966,62.85518264770508,9093200.0
2021-05-13,63.3911447587669,64.26095898698385,62.97820068685718,63.812870025634766,5469300.0
2021-05-14,64.13795065413812,64.70904333621944,63.953445025133725,64.2433853149414,5446200.0
2021-05-17,64.13794677186954,64.27852631109796,63.00454937384549,63.171485900878906,10369300.0
2021-05-18,63.039683827087465,63.84799593429042,62.62673987793806,63.514129638671875,8195100.0
2021-05-19,62.91668721039464,63.89193592718827,62.556457187434376,63.8392219543457,8486600.0
2021-05-20,64.25216545118897,65.69307227576314,64.12916170054497,65.27134704589844,10798500.0
2021-05-21,65.52612566739256,66.1147872809265,65.00774710537316,65.40312194824219,8689300.0
2021-05-24,65.69306363955248,65.78971038852468,64.94625333647701,65.04290008544922,6746900.0
2021-05-25,65.0341292571683,65.0341292571683,64.26974966421709,64.46304321289062,7440600.0
2021-05-26,64.48939381363583,64.84961717965925,64.18188442722514,64.55089569091797,7408800.0
2021-05-27,64.68269813325087,64.849627997605,63.962244577819085,64.1379623413086,10956100.0
2021-05-28,64.66510413089219,65.2186276661456,64.30488080618547,64.33123779296875,9177500.0
2021-06-01,64.83027641743286,64.83027641743286,63.629060972418415,63.69972229003906,9056100.0
2021-06-02,63.664390123548756,64.62712528345286,63.434744216037124,64.22083282470703,6421000.0
2021-06-03,63.61139445074783,64.45931681394681,63.61139445074783,63.920536041259766,8871500.0
2021-06-04,64.19433492598212,64.3798158217744,63.823373134397556,63.89402770996094,6586300.0
2021-06-07,64.09718100558152,64.43281215945201,63.690888533432755,64.00885772705078,5988500.0
2021-06-08,64.40632305143484,64.5741420164521,63.33759576285305,63.71739196777344,5803000.0
2021-06-09,63.920544902209144,64.38866441975001,63.65556828464793,63.9911994934082,6660400.0
2021-06-10,63.89402603737957,64.96275985539248,63.74387580261643,64.92742919921875,8203300.0
2021-06-11,65.00690949902207,65.00690949902207,64.40630190100136,64.90975189208984,4548400.0
2021-06-14,65.01577008079015,65.30724301919784,64.50348553546186,64.75079345703125,4991900.0
2021-06-15,64.84794665537055,65.42205814171398,64.53881177461179,64.85678100585938,7770300.0
2021-06-16,65.36022065082375,65.88133268903604,64.57413204965457,64.74195098876953,9646200.0
2021-06-17,64.77727501533936,66.21697067722393,64.4946364924118,65.87250518798828,10553800.0
2021-06-18,65.74885790125144,66.17281235917902,64.50347736149065,64.72428894042969,17539000.0
2021-06-21,65.08643331906751,65.82835710551129,64.14135988330565,65.6517105102539,6499700.0
2021-06-22,65.51920917206351,66.01382493138415,65.43088589198973,65.45738220214844,5513100.0
2021-06-23,65.46621329821693,65.6340255004269,64.48580943926298,64.7861099243164,6079700.0
2021-06-24,64.90094779352496,64.99809869701731,64.11485230577445,64.3709945678711,7925200.0
2021-06-25,64.67130273592738,65.32490318763357,64.6624683850754,65.23657989501953,6676800.0
2021-06-28,66.04031580358541,66.99422332255702,65.9166618739373,66.3759536743164,8444300.0
2021-06-29,66.02265100031782,66.81757389855001,65.38671268173206,65.43087768554688,6477400.0
2021-06-30,65.5987009062106,65.79301617385849,64.53880802275705,64.72428894042969,8672600.0
2021-07-01,64.74194944250767,65.78418023267407,64.54763419946471,65.52803802490234,6423000.0
2021-07-02,65.6516936933426,65.74885131743758,65.11291295559181,65.60752868652344,4282300.0
2021-07-06,65.81068323655741,66.39362228636399,65.39555640029809,66.35829162597656,6957200.0
2021-07-07,66.47310803576688,66.78224284472545,66.1109738748201,66.5349349975586,5661800.0
2021-07-08,65.90784086796425,67.1443802883523,65.73118756602706,66.35829162597656,5881400.0
2021-07-09,66.24346874873144,66.61443055645215,65.60753037056216,66.23463439941406,5592800.0
2021-07-12,66.42013281088995,66.67627509953743,65.69587096454174,66.3229751586914,5743500.0
2021-07-13,66.33180452362498,66.91475039299144,65.91667762973712,66.11982727050781,5165500.0
2021-07-14,66.24346285835227,67.27685926167052,65.9254936975415,66.86173248291016,6956100.0
2021-07-15,66.82641291515552,67.90396765399385,66.41128610937842,67.8509750366211,7638200.0
2021-07-16,67.8951433699676,69.20234407918927,67.8951433699676,68.82254791259766,9088000.0
2021-07-19,68.38976734260774,69.22884870655457,67.14438671463634,68.00113677978516,9891800.0
2021-07-20,68.0276298049564,68.62823758272785,67.88631389534625,68.16011810302734,6562000.0
2021-07-21,68.1601021205785,68.2572597338063,66.9588868467013,67.02071380615234,8931900.0
2021-07-22,67.117862609448,67.700808212297,67.02953935591604,67.2326889038086,5534800.0
2021-07-23,67.5948415576439,68.37210265227958,67.056060749275,68.18661499023438,4953500.0
2021-07-26,67.82446611517865,68.13360089008904,67.51533134026826,67.93045806884766,6014000.0
2021-07-27,67.90395477422794,68.87553083266984,67.22385827195129,68.76953887939453,7592100.0
2021-07-28,68.79606522462528,69.18469581770758,68.2042917223486,68.76073455810547,5177500.0
2021-07-29,68.89320800407006,69.24650785438186,68.55757685252263,69.03453063964844,4141900.0
2021-07-30,68.87553190875627,69.64395168145151,68.6635479988937,68.80487060546875,5488900.0
2021-08-02,69.30833445765967,69.6969649648187,69.00802722795476,69.60863494873047,7520700.0
2021-08-03,69.55565692431452,70.52722665743498,69.22002570411233,70.14743041992188,6249400.0
2021-08-04,70.0944338132224,70.65971096182619,69.57331494078863,70.54489135742188,8050200.0
2021-08-05,70.47422144970812,71.20731747896295,70.24457553022127,71.09249114990234,6283700.0
2021-08-06,71.09249434391504,71.54295185351411,70.7126981571226,71.198486328125,4634300.0
2021-08-09,71.507627298145,71.66661191871833,70.76570356122626,71.15432739257812,5621600.0
2021-08-10,71.26031881121973,71.37513841568313,70.83635758023112,71.1278305053711,4506800.0
2021-08-11,71.66660246500294,73.67157528989885,71.51645221500014,72.75299835205078,9419300.0
2021-08-12,72.44384876148725,73.42425256095832,72.27603656945874,73.30943298339844,6762800.0
2021-08-13,73.53026259563256,73.7952392103502,73.15930072593606,73.7069091796875,3999500.0
2021-08-16,73.70689828981517,74.5724825965226,73.4419284528809,74.14852142333984,8579700.0
2021-08-17,73.83938706488019,74.19268692175827,73.4154326275339,74.15735626220703,5257000.0
2021-08-18,74.39583220934902,75.04059817747323,74.09552498991951,74.56364440917969,9511700.0
2021-08-19,74.16618239806748,75.16424814997852,74.122017393861,74.678466796875,6968000.0
2021-08-20,74.66963541474955,76.33897021284307,74.21034361183641,76.20648193359375,7589700.0
2021-08-23,75.79136378455595,76.02984406214246,74.20152446806236,74.54598999023438,8837100.0
2021-08-24,74.39584088815002,74.61665246930623,73.67157917150303,74.31634521484375,5786100.0
2021-08-25,74.31633924867617,74.95227762953402,73.82172350295745,74.66080474853516,5930000.0
2021-08-26,74.62975249656127,74.70073712154709,74.23934382860568,74.36356353759766,5294000.0
2021-08-27,74.47891301326848,74.70073488260086,73.94653511129779,74.00865173339844,5974200.0
2021-08-30,73.8755539809971,74.7539666491389,73.6537321215041,74.48777770996094,6001700.0
2021-08-31,74.37244002823111,74.9225607303952,74.09738306188235,74.52327728271484,6844000.0
2021-09-01,74.66523250113448,76.09376568852723,74.58537311882296,75.72109985351562,5862300.0
2021-09-02,75.79209095636867,76.7592377791523,75.79209095636867,76.73262023925781,5214000.0
2021-09-03,76.09377183658061,76.58177586104408,75.75659828096913,76.03166198730469,4621100.0
2021-09-07,75.80983599742149,75.85419630479134,74.94916615475344,75.446044921875,6791300.0
2021-09-08,75.52590914868583,77.16738955485613,75.23310266951619,76.69712829589844,6230100.0
2021-09-09,76.56402487817046,76.90119162814895,76.08488890538094,76.16474151611328,4108300.0
2021-09-10,76.28009472173734,76.28009472173734,75.0645086126941,75.35731506347656,5508000.0
2021-09-13,76.20912023704143,76.25348731831643,74.87818903238549,75.0467758178711,6498800.0
2021-09-14,75.23309292645871,75.58800920953735,74.93141171652911,75.0999984741211,4658200.0
2021-09-15,74.8249553622817,75.54365606012772,74.58538395002216,75.07339477539062,5707000.0
2021-09-16,74.95803590267177,75.39280479477851,74.2304605697836,74.53213500976562,5380600.0
2021-09-17,73.99978413482452,74.4700454602697,72.35830349657495,72.43815612792969,15390400.0
2021-09-20,72.34941895731252,73.2367064008369,71.56860844401884,72.48251342773438,8994100.0
2021-09-21,72.6954668727122,73.52064453809355,72.5180120762832,72.68659210205078,6450700.0
2021-09-22,72.83741085452861,73.56499293568744,72.37602443933004,72.66883087158203,5662200.0
2021-09-23,72.91728285062747,73.09473763269224,71.99450309106544,72.10984802246094,6414300.0
2021-09-24,72.08323150068904,72.51800723098366,71.41776590434358,71.60409545898438,6113800.0
2021-09-27,70.99186836923174,71.68395147371314,69.69642954837528,69.88275909423828,8600900.0
2021-09-28,69.6343232529982,69.73191864626911,68.3300095959359,68.56069946289062,9257400.0
2021-09-29,68.87125821979208,70.12233007526508,68.72041419992581,69.51897430419922,7496100.0
2021-09-30,69.95373914664582,70.45949949066187,69.11969354881433,69.66980743408203,10186800.0
2021-10-01,70.11344144026978,70.61919494472194,69.22615411530352,70.28202819824219,7961100.0
2021-10-04,70.14007367961314,70.9120094071865,69.66093765760253,70.41513061523438,6027800.0
2021-10-05,70.47725461614009,70.89428087289603,70.1755733108299,70.52162170410156,5434600.0
2021-10-06,70.32641587045647,72.12760858458199,69.78516990214219,72.0300064086914,6876200.0
2021-10-07,72.29619442093403,73.29882694133727,71.68396382938262,71.79930877685547,5753200.0
2021-10-08,71.87916716777046,71.8969099404141,71.1160993242233,71.1693344116211,3592900.0
2021-10-11,70.27315842976697,70.4151276612065,68.97771965547622,69.05757904052734,8798700.0
2021-10-12,69.29713927256857,70.25541121576232,68.82687806974157,69.98035430908203,7791200.0
2021-10-13,70.13121395738571,71.30243333933305,69.73193046863965,71.15159606933594,6260100.0
2021-10-14,71.30243496655476,72.6244916486704,71.16934046726867,72.27845001220703,6486000.0
2021-10-15,72.7043541777387,73.15686601748651,72.04775642492626,72.46478271484375,14634200.0
2021-10-18,72.17196131650272,72.45589981249887,71.65733971617553,71.86141204833984,4942100.0
2021-10-19,72.50914557899436,72.89067952737007,72.06550176783504,72.7842025756836,5717500.0
2021-10-20,73.42303409444848,75.11775631805668,73.09473531164085,74.4611587524414,6942600.0
2021-10-21,74.71847989306033,75.15324887453224,74.28371091158843,74.36356353759766,4945000.0
2021-10-22,74.50552379425542,75.05563764782706,74.30144471442149,74.90480041503906,4732400.0
2021-10-25,74.88706902795263,75.25085339582007,74.47004280494689,74.78946685791016,3987300.0
2021-10-26,74.89593380694723,76.55515693738121,74.86044149807888,75.83645629882812,6969100.0
2021-10-27,76.31558629350486,76.61726074088682,75.20647711436793,75.42829895019531,4356900.0
2021-10-28,75.34845110548078,76.74149217698121,75.17987108767768,76.67938232421875,6568400.0
2021-10-29,76.45756806317995,76.71488227007877,75.36620814610814,75.71224975585938,7792600.0
2021-11-01,75.8098444225405,76.14701122777748,75.3573259124982,75.94293212890625,5135200.0
2021-11-02,76.17361757115007,76.51965909576369,74.87817885371813,75.79208374023438,7266400.0
2021-11-03,76.01391915296064,76.12927086140951,74.74509774628827,75.63238525390625,5723200.0
2021-11-04,75.56139824755361,75.76547055869123,73.7956914472063,75.20648193359375,6594000.0
2021-11-05,75.19761864854902,76.04941387046208,74.81608473742965,75.88970184326172,4885400.0
2021-11-08,75.88968581857017,75.95179566217386,74.56762956502583,75.05563354492188,5391000.0
2021-11-09,75.14436621660188,75.5702603445133,74.85155977274708,75.3661880493164,3917600.0
2021-11-10,75.366211037568,75.74774497699131,74.98467709814467,75.5969009399414,5192700.0
2021-11-11,75.8364691016358,75.86308664541423,75.03790894094858,75.74774169921875,5370200.0
2021-11-12,75.74772631391046,76.90119584998182,75.44604508360746,76.58177185058594,6467100.0
2021-11-15,77.1141546621706,77.50455653254605,76.72374602232922,77.49568176269531,5543000.0
2021-11-16,77.25611451941347,77.56666375902633,76.90119820151347,77.17626190185547,5497200.0
2021-11-17,77.04317274978595,77.97482053287614,76.67051363654988,77.88609313964844,6203100.0
2021-11-18,77.83285632571494,77.97481879782717,77.0342962655023,77.72637939453125,5537400.0
2021-11-19,78.08130441483725,78.81775470614923,77.19401686466865,78.35636138916016,6765100.0
2021-11-22,78.21440098884224,78.45396565521649,77.48682544906325,77.51344299316406,5214500.0
2021-11-23,77.28273325851507,77.99256590533614,76.77697969773143,77.46906280517578,7408000.0
2021-11-24,77.18832400614204,77.80326606406796,76.8140144054253,77.72305297851562,4553900.0
2021-11-26,77.46461133298122,77.93695544607458,76.51992310679451,76.72489929199219,4340700.0
2021-11-29,77.7319723922335,79.24703905123599,77.13485844540473,79.01532745361328,8712500.0
2021-11-30,78.47169363909443,79.27378384777349,77.01900494674875,77.33984375,16328300.0
2021-12-01,77.53591886784784,79.92438192793882,77.53591886784784,78.28453826904297,10062800.0
2021-12-02,78.38254699503995,79.78175767305937,78.07953642246952,78.97966766357422,8303500.0
2021-12-03,79.4520464198592,79.4520464198592,76.66253111994735,78.4538803100586,11191000.0
2021-12-06,78.48951755543067,79.98676308629413,78.32018407056627,79.45203399658203,8946400.0
2021-12-07,79.79069834129697,80.69974396087075,79.26488330208146,80.5749740600586,7909700.0
2021-12-08,80.833418784081,81.0294877080552,79.84416688544715,80.49475860595703,5356500.0
2021-12-09,80.65515600588017,80.65515600588017,79.7728528882247,80.12934112548828,5731200.0
2021-12-10,80.21848073709263,81.0116636856552,80.03132589748847,80.4591064453125,4996700.0
2021-12-13,80.44128644642102,82.09895139597401,80.33433790793558,81.76028442382812,6446500.0
2021-12-14,81.30576251608596,81.68007217436642,79.71938990820668,80.23629760742188,11022600.0
2021-12-15,80.46802338965378,82.04547526505168,79.83525982384732,81.99200439453125,9590000.0
2021-12-16,81.65333260353027,82.61584213326645,81.56420543273842,82.19697570800781,7623300.0
2021-12-17,81.99198267605662,82.31282141309266,80.8690470964305,81.04729461669922,15335400.0
2021-12-20,80.03131989899713,80.28085966643256,78.88164871378498,80.15608978271484,10167700.0
2021-12-21,80.7888661675204,81.40380160696421,79.63919479889097,80.6106185913086,6287900.0
2021-12-22,80.42347516066536,80.99385388667037,80.11155035729554,80.92256164550781,4142900.0
2021-12-23,80.81559081489308,81.37705530624055,80.56605104096089,80.83341217041016,5845600.0
2021-12-27,80.96709022166827,81.4126988709889,80.77102132805545,81.3859634399414,5410300.0
2021-12-28,81.68899341768126,82.16133757067696,81.55530944244016,81.88505554199219,3096400.0
2021-12-29,81.94742849478725,82.223710483029,81.62658972095379,81.98307800292969,2945400.0
2021-12-30,82.19696373183041,82.80299168789428,81.82264734760896,82.67821502685547,3716300.0
2021-12-31,82.50889218094689,83.53379334782977,82.43759317120161,83.20404052734375,4811800.0
2022-01-03,83.25750986216538,83.46249281157198,80.69080675331043,81.68897247314453,7864400.0
2022-01-04,81.68006411477245,81.92960386233666,80.76211141504064,80.81558227539062,8379100.0
2022-01-05,80.4590908755805,81.54637699002585,79.92436189455188,79.96892547607422,6722300.0
2022-01-06,79.3985460615877,79.63917854048587,76.33276317057448,76.43970489501953,12658600.0
2022-01-07,76.4397083353104,77.42005284983468,75.31677938140774,77.01009368896484,13359300.0
2022-01-10,76.46645240112176,76.96553194816003,74.63054001125451,75.12071228027344,11378700.0
2022-01-11,74.71074691635926,75.7623835886199,74.57706296321331,75.56631469726562,8395900.0
2022-01-12,75.11179533913922,76.47535676348882,74.95137594807171,75.83367919921875,6484000.0
2022-01-13,76.2703804712885,76.47535664879321,75.50393302616526,75.66435241699219,7203100.0
2022-01-14,75.64652207125785,75.88715455025134,73.67693265171663,74.14927673339844,11084300.0
2022-01-18,73.07980506310096,73.23131034416934,71.92122006793149,72.41139221191406,10848100.0
2022-01-19,72.22425380404421,74.2829636766231,72.18860429463155,73.60563659667969,9673900.0
2022-01-20,74.25622653161645,76.0030116558536,74.10472121969376,74.4255599975586,12028900.0
2022-01-21,74.59489313205566,74.79987612436192,72.92832095750319,73.61455535888672,12809100.0
2022-01-24,72.76790395062444,73.12439227972794,70.62006669737657,73.00852966308594,14689800.0
2022-01-25,69.69319227667863,71.46671965364929,66.65414472622922,66.930419921875,22925000.0
2022-01-26,68.17812105152048,68.20485648166819,64.4884821032764,64.73802185058594,24721700.0
2022-01-27,65.32623970280304,66.29766342831014,64.53305674178094,64.62217712402344,21250600.0
2022-01-28,64.4528237447247,65.01428809906035,62.19804545262716,64.61324310302734,25537100.0
2022-01-31,64.97865372526363,69.78231421528993,64.8360556998519,69.62189483642578,21787800.0
2022-02-01,69.55061940144654,70.82506078794637,67.75927019676905,68.8287353515625,12082900.0
2022-02-02,68.99805572590392,69.52387757524588,68.47224067601175,69.27433776855469,8397700.0
2022-02-03,68.23159699548539,68.88218864182818,67.22452385468218,67.52753448486328,7960700.0
2022-02-04,66.9304286815955,68.48114513024211,66.43134908880107,67.74143981933594,12132000.0
2022-02-07,67.7325312522399,67.83947980201914,67.10868171048612,67.44734191894531,8184500.0
2022-02-08,67.50971269151717,68.40093002077812,67.03736859492064,67.25125885009766,6758500.0
2022-02-09,68.27614565172868,68.86434542852274,68.01769186514818,68.32070922851562,7390900.0
2022-02-10,66.76108874713539,68.49004562181257,66.57392713751618,67.24234008789062,9673300.0
2022-02-11,67.64339525171249,68.35636502070557,66.54719496763708,66.80564880371094,8999100.0
2022-02-14,66.7967397058669,67.11757850563647,65.84313738417653,66.77000427246094,8329200.0
2022-02-15,67.49190954797797,68.15140864573759,66.60959925833353,66.92152404785156,9102000.0
2022-02-16,66.95716035766945,67.41168313241619,66.37787449117847,67.0462875366211,7505100.0
2022-02-17,66.59176979883065,67.5899290038776,66.38678679096586,67.17996978759766,10093100.0
2022-02-18,66.80565466119444,67.56318808192842,65.78966738172552,66.08377075195312,9558600.0
2022-02-22,65.88769701998208,66.36004111368051,65.29949032254349,65.75401306152344,8233400.0
2022-02-23,66.14615714848581,66.32439791041071,64.36372233143989,64.45284271240234,7837100.0
2022-02-24,63.276429520335206,67.53644720858122,63.044711114020785,67.23343658447266,15750400.0
2022-02-25,67.83948271954935,68.8376420292826,67.0373855603349,68.76634979248047,12609500.0
2022-02-28,69.08445322152403,70.67961180651429,68.82457478642088,70.14191436767578,16345600.0
2022-03-01,69.96269121012551,70.64376966515275,68.59157768935893,69.39811706542969,13930300.0
2022-03-02,69.26369468193381,69.72969142529452,68.54676925218607,69.49669647216797,6988700.0
2022-03-03,69.76553151416478,71.11872488200616,69.59526704011553,70.60791778564453,10075500.0
2022-03-04,70.73336487741155,72.09551458919111,70.33009871485396,71.88043975830078,8996400.0
2022-03-07,72.55255719008979,75.62636272513727,72.33748235148374,75.43817138671875,19948900.0
2022-03-08,75.55468058105149,76.53149120808386,73.2515669331013,73.43975830078125,14717600.0
2022-03-09,73.82510807604922,73.91472887777849,71.79084304698972,71.97903442382812,12710000.0
2022-03-10,71.29794259267251,72.10448179697771,70.29425543807578,71.83563995361328,9554300.0
2022-03-11,71.961109930237,72.66906499308936,71.01118281989454,71.06495666503906,7230600.0
2022-03-14,71.40549791826476,72.2658042983514,70.5272646427201,71.04703521728516,7133800.0
2022-03-15,71.87150073323673,73.71758140671257,71.78188675967567,73.46665954589844,9567000.0
2022-03-16,73.35015533983871,74.14773132884395,72.44503848012982,73.94161987304688,8261200.0
2022-03-17,73.98641622438495,74.59580075804774,73.86095530602267,74.10292053222656,6341900.0
2022-03-18,74.30904240441987,74.81984959723843,73.69965778517069,73.816162109375,13470800.0
2022-03-21,73.48458685151316,74.16566542452733,73.02754665304626,73.30535888671875,7181700.0
2022-03-22,73.36807333599477,74.34487715389452,72.96480024761121,74.24629974365234,8516800.0
2022-03-23,73.9147336940258,74.47034441314997,73.49354051203962,73.9953842163086,6125800.0
2022-03-24,74.30006349751592,75.08867583521476,74.16563915298269,75.00801849365234,5498000.0
2022-03-25,75.35753154581903,75.4919559150736,74.56891906309023,75.22311401367188,5481000.0
2022-03-28,75.32169561642739,75.92211675042527,74.99011639877843,75.6622314453125,6177700.0
2022-03-29,76.17302478074508,76.20887173050646,74.96321928400162,75.83248901367188,8954300.0
2022-03-30,76.28953741476477,76.87203849931875,75.84146070927831,76.6211166381836,6829300.0
2022-03-31,76.2267916065487,77.32009964181182,75.91313934326172,75.91313934326172,10082800.0
2022-04-01,75.71599509598386,76.88996064098676,75.39337934101745,76.8093032836914,6453800.0
2022-04-04,76.74658064410615,76.9885459035452,75.85042719722297,76.7286605834961,6465700.0
2022-04-05,76.94372080686816,78.36860123357351,76.81825989522518,77.36491394042969,7203200.0
2022-04-06,77.22150918125305,77.53516139150119,76.55835781714197,77.5082778930664,7621900.0
2022-04-07,77.3380345823952,78.22522445860861,76.80033711840427,78.03703308105469,7817400.0
2022-04-08,78.10873971435697,78.431348673365,77.03335144826617,77.14984893798828,5731600.0
2022-04-11,77.20361426631176,77.26634472878709,75.59053546393531,75.7966537475586,6745200.0
2022-04-12,75.68015028503845,76.02964955663411,74.72126644092332,75.17830657958984,8714800.0
2022-04-13,75.60846459189479,75.70704201256684,74.45242588891973,74.87361907958984,7858500.0
2022-04-14,74.87361525095676,75.1783041086482,74.18357334153734,74.21045684814453,7164100.0
2022-04-18,74.38073975155494,74.92739392802301,72.64219979117398,73.22470092773438,6279100.0
2022-04-19,73.26949915380425,73.57418800826227,72.68699811410269,73.33222961425781,8104800.0
2022-04-20,74.40760591297501,74.40760591297501,72.87518462115735,73.04545593261719,8457000.0
2022-04-21,71.97903318097997,72.5884177018377,68.08973111926082,68.26895904541016,17712800.0
2022-04-22,68.25998416914234,68.43921890238937,66.2077926239291,66.27052307128906,15284800.0
2022-04-25,66.31534170856187,66.77238178878106,64.15560905489068,66.35118865966797,15697900.0
2022-04-26,66.36015691249385,67.18461633632056,65.85830639777154,65.93000030517578,10971600.0
2022-04-27,66.16301393467576,67.33697282095568,65.58947624694294,65.66116333007812,10989600.0
2022-04-28,65.86727033253426,66.23469648286743,65.21307538757097,65.85830688476562,11325600.0
2022-04-29,65.31164380457282,65.82245086330016,63.51933737576023,63.644798278808594,14912900.0
2022-05-02,63.7164919153377,64.08391801354725,61.404414990753985,62.614227294921875,14338100.0
2022-05-03,62.73073715410438,64.10185074367828,62.34539092381629,63.41181564331055,10419900.0
2022-05-04,64.52303354594554,65.71491900096375,63.38492193478149,65.47295379638672,10859600.0
2022-05-05,65.15036180665138,65.39232709934176,63.80613145159989,64.37966918945312,10382300.0
2022-05-06,63.85988448046047,65.29372835729552,63.70753322705697,64.94422912597656,9364900.0
2022-05-09,64.34380738263413,64.59472920375806,62.96373052934567,63.36699676513672,10442700.0
2022-05-10,63.62690351982275,64.29005524775147,61.58367447256027,62.72178649902344,14731900.0
2022-05-11,62.41707768114994,63.94053553113613,62.31850027281009,62.90995788574219,11129000.0
2022-05-12,62.36331011479666,63.169849520110816,60.23943099076166,61.395469665527344,15364900.0
2022-05-13,62.21991925543889,62.900997627070346,61.41337997812618,62.55149841308594,8010600.0
2022-05-16,62.4081230779424,63.3759704040135,62.19304817340703,62.838279724121094,7339500.0
2022-05-17,63.53727482804914,64.54992566726177,62.84723290949904,64.54096221923828,8889300.0
2022-05-18,64.3348618182575,64.74709161570374,63.367014378805244,63.62689971923828,10316800.0
2022-05-19,63.70754909772848,63.70754909772848,62.309551824186954,63.142974853515625,9593500.0
2022-05-20,63.53727447274571,64.12873213394505,62.71281502399146,63.82404327392578,9747800.0
2022-05-23,64.35277930627511,65.05177792777344,64.03912695523206,65.01593780517578,10378700.0
2022-05-24,65.06969770280956,67.13980983018082,64.67538802631685,66.915771484375,11133500.0
2022-05-25,67.31904770063818,67.34593120943224,65.94792721816901,67.0233154296875,11192100.0
2022-05-26,67.25631604857365,67.88362069973462,67.00538735100133,67.24735260009766,9431300.0
2022-05-27,67.13468577845315,69.80240781012786,66.84628358248968,69.78438568115234,9435300.0
2022-05-31,69.19855395766993,69.34275846694229,67.74752874435181,68.2161865234375,29712000.0
2022-06-01,68.27929159529222,69.06338146617301,67.89175047339036,68.6488037109375,7994100.0
2022-06-02,68.90114349036861,70.88391441429474,68.49558030477353,70.7667465209961,9640600.0
2022-06-03,70.37922269555335,71.14529737422353,70.11786396816085,70.91998291015625,9293500.0
2022-06-06,73.17312365298682,73.44349686983406,72.16371243235683,72.27186584472656,12716900.0
2022-06-07,71.88432924755486,72.26285590065434,70.5504645817091,71.90235137939453,7405600.0
2022-06-08,71.18134448087584,71.72209778879102,70.51440875426414,70.7397232055664,5198000.0
2022-06-09,70.51440329560309,71.07318556695476,69.6672257000032,69.7032699584961,8354800.0
2022-06-10,68.99129424574187,69.3067331321038,68.28830731549697,68.41448974609375,8598500.0
2022-06-13,67.21579042487488,67.37801706059575,64.85449314405977,65.26006317138672,11882300.0
2022-06-14,65.16993648913518,65.89995983914693,63.331370113925914,64.4218978881836,11412500.0
2022-06-15,65.30514726883119,68.09003778352168,65.07983279155421,66.86432647705078,12085300.0
2022-06-16,65.53046167150823,65.86392957287731,63.19620699008116,63.87215042114258,12729200.0
2022-06-17,63.66484965475993,65.56650413933187,63.66484965475993,63.81806182861328,15919000.0
2022-06-21,63.8090420667138,66.15231049690443,63.8090420667138,65.54846954345703,8466900.0
2022-06-22,65.07080472938924,68.09002359667528,64.75536590213493,67.31494140625,12686500.0
2022-06-23,68.08100328807652,69.7663575586057,67.882725506126,69.57708740234375,12502500.0
2022-06-24,69.69426081420465,70.41526286122603,69.06337628750393,70.31612396240234,9320500.0
2022-06-27,70.05478454013256,70.46034787335492,69.7213166182024,70.19898223876953,6557200.0
2022-06-28,70.21698543989638,70.59551199524756,68.7028723424416,68.89213562011719,6140200.0
2022-06-29,68.58571461134278,68.98227022868416,67.82866138847403,68.49559020996094,7082200.0
2022-06-30,68.00890132902065,70.51439649162134,67.88272580831774,69.81141662597656,8872900.0
2022-07-01,70.59553765027535,72.67744133733866,70.37923078913828,72.60533905029297,7718400.0
2022-07-05,72.55124000082553,72.74951778174115,69.90154033958979,71.29849243164062,11278600.0
2022-07-06,71.83024239601605,72.28087128652068,70.83886021211613,71.71308135986328,7918400.0
2022-07-07,71.94739715350302,72.62334036567187,71.92936815059056,72.44308471679688,5498000.0
2022-07-08,71.8302332673953,72.48815438938196,71.5688745950427,72.325927734375,5708300.0
2022-07-11,72.1006225219007,72.98385817325651,71.84827144324224,72.7134780883789,6100400.0
2022-07-12,72.59630973684646,72.91174855338372,71.66800853953612,72.05554962158203,7553900.0
2022-07-13,71.54183449379973,73.27225452157379,71.26244680423362,72.33494567871094,7552400.0
2022-07-14,70.93798921733789,72.4160512218167,70.76674806250978,72.2177734375,6124400.0
2022-07-15,70.52341817525159,71.0641714441967,68.79300496420689,70.93799591064453,8780600.0
2022-07-18,70.5955221789926,70.89293889083663,69.8474765859489,69.85649108886719,6610800.0
2022-07-19,70.41527482889808,71.49678839731854,70.22601150153616,71.13628387451172,6403800.0
2022-07-20,71.34355439986437,71.55985429700408,70.17191677792896,70.58649444580078,6323700.0
2022-07-21,70.94700144811945,71.16330135315458,70.41525587301436,71.08219146728516,7847600.0
2022-07-22,72.21777433902025,73.72287986782666,71.43368456986184,72.325927734375,11517100.0
2022-07-25,72.10062057368182,73.03792946626581,71.63196956541533,72.98385620117188,5035600.0
2022-07-26,72.58730594475423,72.65940822090144,71.36159475445788,72.01951599121094,6740900.0
2022-07-27,72.12764592632807,72.8035891384969,71.69504612112797,72.44308471679688,6056200.0
2022-07-28,76.43565831489445,77.75149364531893,75.96700736714675,76.19232177734375,13561500.0
2022-07-29,76.15628470600282,76.97643261103367,75.98504352230377,76.14727020263672,11474800.0
2022-08-01,76.11120178622156,76.9854227608779,75.30908307002241,76.88628387451172,7004500.0
2022-08-02,77.00347655917629,78.20214433076973,76.78716971415241,77.21076202392578,7664200.0
2022-08-03,77.30087469906135,78.24719809318876,76.03010483877274,77.92274475097656,7640400.0
2022-08-04,78.37338431663282,79.9055268362496,77.91374087314259,79.29267120361328,8679200.0
2022-08-05,79.20253991489022,79.75230777105158,78.35536218451936,79.29267120361328,8643200.0
2022-08-08,79.72525141345889,80.17588024139573,78.21113827654912,78.87806701660156,7243200.0
2022-08-09,79.50896148445904,80.31108034881633,79.11240586574718,80.13983917236328,5154000.0
2022-08-10,80.8067780856698,81.18530471346531,80.06774008466233,80.91492462158203,5693300.0
2022-08-11,81.39257630381293,82.04148291303851,80.47329652477681,80.59947204589844,7525800.0
2022-08-12,81.27542337037514,81.69901560887558,80.50935566562265,81.53678894042969,5262500.0
2022-08-15,81.54580668408417,82.19470650760667,81.23937546437386,82.01445770263672,5032700.0
2022-08-16,81.599865331527,82.32988179973735,81.41060205740024,81.59085083007812,5250600.0
2022-08-17,81.0861563520929,81.71703399153982,80.8788640556743,81.29344177246094,4178000.0
2022-08-18,81.29344715550994,81.68098826713235,80.99603732067726,81.32949829101562,5090700.0
2022-08-19,81.21231100308592,81.64491073719996,80.54538240196496,80.851806640625,5542800.0
2022-08-22,80.1488455962646,80.68959882796707,79.51796797195344,79.79735565185547,5783400.0
2022-08-23,79.86046119188808,79.89651233216692,78.97722544518645,79.29267120361328,3473600.0
2022-08-24,79.44587462611928,80.01366455173998,79.27463344770379,79.95057678222656,5669200.0
2022-08-25,80.2209553119893,80.62651855442375,79.36475631255392,80.56343078613281,5595200.0
2022-08-26,81.10418142190129,81.61789805438121,79.07635152378828,79.36475372314453,7990000.0
2022-08-29,78.77158885394999,79.55948141581635,78.25538076157596,78.80780792236328,5827800.0
2022-08-30,78.97079305244873,79.08852916547276,77.16859448622817,77.61235046386719,7394200.0
2022-08-31,77.61237001388582,78.12857805120018,76.7973097829459,77.03276824951172,6830900.0
2022-09-01,77.27727970421755,78.30063739721597,76.71578756034225,78.11951446533203,5896300.0
2022-09-02,78.2915876821701,78.9979837758019,76.77013139712837,77.07804870605469,5785700.0
2022-09-06,79.0070197452661,79.93981589251709,78.80778039160155,79.124755859375,11077100.0
2022-09-07,79.4326686516111,81.88692086424388,79.34210719062104,81.72390747070312,11366600.0
2022-09-08,81.26205763776458,82.4665384293598,81.17148924989004,81.75109100341797,8852500.0
2022-09-09,82.2401263829022,82.39408848748516,81.35261427350572,81.41600799560547,5700400.0
2022-09-12,81.66958405638854,82.27635353511037,81.30733124944798,82.24012756347656,5573800.0
2022-09-13,81.5518595030319,81.93222186288293,80.10284819225046,80.47415924072266,5624800.0
2022-09-14,80.02133998364943,80.93602676238676,79.74964865233416,80.49226379394531,7281500.0
2022-09-15,77.37690419435697,78.60855955395984,76.8244702355911,77.89311218261719,18681000.0
2022-09-16,77.349746032527,77.87500539647962,76.52562064750425,76.78825378417969,19190700.0
2022-09-19,76.72485484146473,78.69912543352048,76.56184141975746,78.64478302001953,8821000.0
2022-09-20,77.87500169620883,78.291590024776,76.91503758731047,77.60331726074219,6242000.0
2022-09-21,77.88405628288854,78.2825350609245,76.02751496820018,76.0456314086914,6706300.0
2022-09-22,75.89166191047002,76.24485643011947,75.19432418031349,75.65619659423828,6748700.0
2022-09-23,74.71435811983679,74.86831332073734,73.6638256467318,74.73246765136719,6719700.0
2022-09-26,74.68718969670564,74.96793234398955,72.74008687829058,73.49176025390625,7702900.0
2022-09-27,74.27963835386548,74.82302092157276,72.54989170214613,73.42835235595703,9247000.0
2022-09-28,74.5241743393558,75.19433753290006,73.58231981657592,74.59662628173828,8713400.0
2022-09-29,74.41548302342447,74.57849640972732,71.96123091976206,72.42310333251953,8291300.0
2022-09-30,72.72196742081641,72.99365181063436,70.90165229863007,71.01033020019531,12854300.0
2022-10-03,72.29632172952932,73.92644881435963,71.74388781534105,73.5279769897461,8115200.0
2022-10-04,74.24342578440817,75.06754410780974,73.86305657190279,75.004150390625,8193700.0
2022-10-05,74.03512075800934,74.69623252173204,72.92119480004806,74.05323028564453,5468700.0
2022-10-06,73.92644590925524,74.01701427935075,71.40879999108292,71.46314239501953,8374600.0
2022-10-07,71.14616339944666,71.22767354662166,68.99982855851759,69.4888687133789,7697400.0
2022-10-10,69.76057319882602,70.34923319809907,69.19002964165885,69.49794006347656,6118000.0
2022-10-11,69.05418937355675,69.67001717483787,68.12139290457185,68.85494995117188,9143100.0
2022-10-12,68.65570475543205,69.15380326950846,65.76675410198345,65.88448333740234,9715100.0
2022-10-13,64.83394008170897,66.62708752648781,63.74718866083497,66.1923828125,13643700.0
2022-10-14,66.82632935212594,67.77723515294574,64.69810371097996,64.99695587158203,8735000.0
2022-10-17,65.92974881421317,67.39686236749819,65.884464631464,66.69953155517578,7563500.0
2022-10-18,68.4202338736375,68.77342842522529,67.11612666199215,67.97647094726562,6998500.0
2022-10-19,67.23387420187773,67.44217184750077,65.6761916988147,66.69049835205078,8579600.0
2022-10-20,66.43690917476691,66.54558708519578,63.22192514590229,63.97359848022461,13023800.0
2022-10-21,64.37205967487431,66.11086431082184,63.66567072335784,64.88826751708984,11161300.0
2022-10-24,65.6490088239813,66.7357671827571,65.16902681868248,66.36445617675781,9989600.0
2022-10-25,66.79010438069652,68.90927183368856,66.65425871872071,68.70098114013672,9216900.0
2022-10-26,68.70098048794834,69.30774994169644,68.19383072474365,68.46551513671875,6247100.0
2022-10-27,68.87305215294235,69.67000276828755,68.3387277298175,68.34778594970703,7163300.0
2022-10-28,69.50699113395414,71.81634669760348,69.41642966093598,71.57182312011719,9123300.0
2022-10-31,71.04656268955479,71.789177883819,69.51605501552864,70.18621826171875,8273700.0
2022-11-01,70.81110093808338,70.81110093808338,69.88735591647868,70.37639617919922,5410300.0
2022-11-02,70.36733897467663,72.29633230149005,69.75151125451517,69.98697662353516,7119000.0
2022-11-03,69.49792529218746,71.70766092036196,69.15378896869993,70.80203247070312,6920300.0
2022-11-04,71.18240316307069,71.70766938412599,70.11376118996398,71.36353302001953,7758900.0
2022-11-07,71.3001322897167,71.65332683930633,69.09039661790722,69.99602508544922,7008500.0
2022-11-08,70.34016159246934,71.67143654860456,69.8782960476282,70.88353729248047,5518400.0
2022-11-09,71.18239742863746,71.64426988990175,70.63902172036025,70.82014465332031,4940000.0
2022-11-10,73.63665215356609,75.86449746558772,72.40499682359355,75.3482894897461,9315900.0
2022-11-11,75.41167290006423,75.93693902385692,74.24341835870624,75.4478988647461,5730900.0
2022-11-14,75.24867069552666,75.87355658770248,73.9083443501085,73.95362854003906,7904000.0
2022-11-15,74.73246136737482,75.90978119038918,74.29776355321984,75.08566284179688,5594900.0
2022-11-16,75.22150076343436,76.75201513464859,75.22150076343436,76.36259460449219,8444900.0
2022-11-17,75.40262401722137,75.48412725833096,74.14380106895459,74.57849884033203,8333900.0
2022-11-18,75.40263189889595,75.88261390510341,74.77774601415183,75.3482894897461,6664400.0
2022-11-21,74.82302871598243,75.84638642756241,74.82302871598243,75.71054077148438,6593800.0
2022-11-22,76.12713249646983,76.8969222792977,75.81922211085659,76.17241668701172,4105500.0
2022-11-23,76.04042750445166,77.36935919373505,75.94940611782694,77.29653930664062,4259700.0
2022-11-25,77.61511734296387,78.0975438848025,77.48768601326661,77.6788330078125,3622200.0
2022-11-28,76.76861917601035,77.3784771581284,75.85839125913384,76.21338653564453,6464200.0
2022-11-29,75.4670025543218,75.66724686965051,74.62049028431576,75.08470153808594,5398200.0
2022-11-30,74.72060290898617,77.278347959426,74.69329718386018,77.09629821777344,9739200.0
2022-12-01,77.73346740396141,78.25229705157517,76.45004267621323,77.21463775634766,5830700.0
2022-12-02,76.21338530688008,77.56051871322468,75.91300843247663,77.5514144897461,6316900.0
2022-12-05,77.3693695808564,78.30690318348287,77.16001411347483,77.50590515136719,5511700.0
2022-12-06,77.28743707302945,77.59691115660564,76.1951596701157,77.53319549560547,5027700.0
2022-12-07,77.51500418270427,78.59817056203508,77.0143761058589,77.63333129882812,5108800.0
2022-12-08,77.6151253234862,78.64368723328398,77.27834546515227,78.06114196777344,4281700.0
2022-12-09,77.87909787214954,78.27960037537595,76.84143860877917,76.9233627319336,4460300.0
2022-12-12,77.47860148406765,78.82573488952006,77.18732883333568,78.78022766113281,5348900.0
2022-12-13,80.10004722958436,80.43683401908773,78.27959161073017,79.32635498046875,7179500.0
2022-12-14,79.60851844190333,80.65528174672254,78.58906085855551,79.2353286743164,6111600.0
2022-12-15,79.09879556932557,79.23533112539285,77.80627378679404,78.10664367675781,6469100.0
2022-12-16,77.00527471738741,77.24193590283245,75.79467001026885,76.5865707397461,16949300.0
2022-12-19,76.44093533437282,76.71399951352049,75.51249906960417,76.02222442626953,5681100.0
2022-12-20,75.91300153240533,76.49554678130492,75.32135206085465,76.02222442626953,4811900.0
2022-12-21,76.32259626442172,77.32384541122684,76.14055349027049,77.05078125,5356200.0
2022-12-22,76.95066846855569,76.95066846855569,74.78432853928558,75.85839080810547,4491000.0
2022-12-23,75.54890390334589,76.70489010026873,75.54890390334589,76.6138687133789,3254700.0
2022-12-27,76.55015071761487,76.71399198682325,75.97670974762877,76.4591293334961,4726500.0
2022-12-28,76.64118039115233,76.95066146401304,75.53070827361762,75.69454956054688,3536400.0
2022-12-29,76.21338117409394,77.08719907948445,75.99492148938077,76.5319595336914,3378300.0
2022-12-30,76.41362535620021,76.47734102802619,75.07559624785463,76.09504699707031,4266900.0
2023-01-03,76.79592142475396,77.27834104411029,75.13020289625095,76.30439758300781,5535400.0
2023-01-04,76.78682424321778,77.78807351881083,76.3044045796267,76.9051513671875,4831100.0
2023-01-05,76.10414634911065,76.46823885530766,74.76611038191666,75.21212005615234,5472600.0
2023-01-06,76.05862460169358,76.7959137629986,75.3850580462729,76.14054870605469,5235300.0
2023-01-09,76.13146698983864,77.30566190655318,75.9949314051996,76.52286529541016,4749000.0
2023-01-10,76.5228373452608,77.00525688289068,75.8856807756526,76.95064544677734,4921100.0
2023-01-11,76.88694984338191,77.6970520979533,76.65939287424416,77.36936950683594,6153500.0
2023-01-12,77.46038067274318,77.97921021605814,76.81411979910433,77.43307495117188,4648600.0
2023-01-13,76.8596493510278,77.34206904732633,76.2315898512115,77.0781021118164,4943200.0
2023-01-17,77.54231705391646,78.7074076552594,77.53321283045628,78.04293823242188,8410200.0
2023-01-18,78.21588250615258,78.31600812915161,76.21338393514722,76.277099609375,6107700.0
2023-01-19,76.51374083149544,76.76860348501054,74.902640803497,75.17570495605469,7099700.0
2023-01-20,75.10290535428867,75.13021107994551,73.27334534591546,74.47484588623047,9429200.0
2023-01-23,74.07434789952387,75.74917093478098,73.63744237344854,75.24854278564453,6864300.0
2023-01-24,75.35775728488252,76.64117481877513,73.07308365672802,76.36811065673828,6652300.0
2023-01-25,73.30064779785563,73.71935177636526,69.08629534383473,69.71434783935547,28527400.0
2023-01-26,68.3581133158514,70.4971474736404,68.0850491148819,69.54141235351562,18508700.0
2023-01-27,69.24102307050916,69.54139988777004,68.73129776448084,68.79501342773438,13243200.0
2023-01-30,68.59477523886038,69.49589891723379,68.16696701387355,68.31260681152344,10669600.0
2023-01-31,67.84840354393603,68.11237052680619,66.76522988051873,67.9303207397461,19020400.0
2023-02-01,67.92120842944472,68.30350248094456,66.75611088353588,67.5753173828125,15188700.0
2023-02-02,66.96545592419685,69.94189763932357,66.63777337553323,68.81321716308594,18604100.0
2023-02-03,68.49464677956169,68.66759229599192,67.05648508747994,67.96671295166016,11671500.0
2023-02-06,67.90300483091276,68.78592706848151,67.76646924720316,68.73131561279297,9343400.0
2023-02-07,68.60386126476304,69.70523590051515,68.03951761529682,69.2501220703125,10855800.0
2023-02-08,69.1591006312912,69.31383766674503,68.13964315253445,68.29438018798828,9082200.0
2023-02-09,68.44913827229566,69.12271194755401,66.55586943595513,66.69239807128906,13163500.0
2023-02-10,66.82894805230374,68.49466720720973,66.82894805230374,68.03044891357422,9883000.0
2023-02-13,68.57656651237815,69.18642448194144,68.41273215742152,68.83143615722656,8114200.0
2023-02-14,68.53105371589093,69.47769148637715,68.08504402649889,69.20462036132812,7089400.0
2023-02-15,68.8587412844619,70.16946472413508,68.8587412844619,70.0329360961914,9344300.0
2023-02-16,68.99526721104831,69.65062536701909,68.86783587979123,68.8951416015625,7795600.0
2023-02-17,68.904256233681,69.61423990098726,68.61298355394835,69.24104309082031,9436100.0
2023-02-21,68.66759843069867,68.74951561243931,67.00187962375792,67.04739379882812,11915600.0
2023-02-22,67.33866104425366,68.03042922712875,66.84713715990289,67.06558990478516,9351200.0
2023-02-23,67.69364992525988,67.69364992525988,66.12805686078137,66.32830810546875,9049900.0
2023-02-24,65.64563928349126,66.74701421981447,65.35436663045114,66.37381744384766,9127800.0
2023-02-27,66.84836176251085,67.48963418194272,65.66658231297625,65.83148193359375,7029700.0
2023-02-28,65.6848885216397,65.8223060101306,64.86039756938199,65.07109832763672,11276700.0
2023-03-01,64.91535943058679,65.08025901296689,63.79770748215979,64.00841522216797,11809200.0
2023-03-02,64.4573175669922,66.16127789922947,64.23745374683588,66.15211486816406,16066500.0
2023-03-03,66.77505689950259,67.67284507989649,66.12462159066392,67.63619995117188,10724800.0
2023-03-06,67.37055599714073,68.34162784904485,67.25146452132024,68.15840911865234,6888900.0
2023-03-07,67.73698225636983,68.24083712431128,66.89415815060532,67.56291961669922,7308900.0
2023-03-08,67.22395726598357,68.14006464922352,66.91248411056742,68.0209732055664,5913600.0
2023-03-09,68.24999231992236,68.69888292984247,67.23311268057196,67.57207489013672,7678100.0
2023-03-10,67.7827911913044,68.03930017006994,66.29870153149076,66.885009765625,10167100.0
2023-03-13,66.93080984473099,68.87296020667141,66.87584563285614,67.14151763916016,8388800.0
2023-03-14,67.78278957948292,68.57064256086855,67.26977163415101,68.29581451416016,8635800.0
2023-03-15,68.20418322854866,69.48673480014476,67.7278105250469,69.18441772460938,12030300.0
2023-03-16,69.31268845226558,70.09137833555937,68.55231764145216,69.83486938476562,8895800.0
2023-03-17,69.8898197346156,69.8898197346156,68.46985076652756,69.32183074951172,14137400.0
2023-03-20,69.25772502853742,70.54027691578442,68.99205301701626,69.59668731689453,7140100.0
2023-03-21,69.94480919147928,69.94480919147928,68.03930383327865,69.0378646850586,6222300.0
2023-03-22,68.99205605741986,69.60585341628837,67.87440374912728,67.91104888916016,7038000.0
2023-03-23,67.58125189242536,69.36766583507851,67.21481445845696,67.6178970336914,7541200.0
2023-03-24,67.78277011369563,69.39512075086384,67.52626121469363,69.34015655517578,5293900.0
2023-03-27,69.50506381122725,69.67911944658535,68.66223977794104,69.11113739013672,5515900.0
2023-03-28,69.16610735685987,69.85318789351741,68.54315405738323,68.92791748046875,5935500.0
2023-03-29,69.1386292396959,69.90815613023199,69.1386292396959,69.72493743896484,5680500.0
2023-03-30,69.95395681927575,70.55858402729555,69.77989418863862,70.16465759277344,6187000.0
2023-03-31,70.32956547689476,70.65020867411884,69.60584674597304,70.61356353759766,10124400.0
2023-04-03,70.58607080651252,70.58607080651252,69.44093667265828,70.23794555664062,5778700.0
2023-04-04,70.4028534500395,71.17238731315523,70.01809001315408,70.68685150146484,6165600.0
2023-04-05,71.36477103067824,72.3266796498369,71.21819048527591,71.75869750976562,8200400.0
2023-04-06,72.18927986883341,72.3724985885089,71.41974586963484,72.34501647949219,5427700.0
2023-04-10,71.77702100208374,71.914438524522,70.8242683663495,71.85031127929688,5647500.0
2023-04-11,71.81366858475126,72.01521335927387,71.36477785289819,71.76786041259766,6019600.0
2023-04-12,72.08848063391802,72.77556106088456,71.69455424288347,71.99686431884766,6786400.0
2023-04-13,71.84114280142504,72.47325916311642,70.98000657215802,72.23506927490234,4928600.0
2023-04-14,71.8136555383984,71.88694580479124,71.05328475059773,71.47469329833984,4920900.0
2023-04-17,71.62128867388938,71.96025098419433,71.26400728786204,71.95108795166016,4393300.0
2023-04-18,72.12512757279919,72.43660068595872,71.40140199950388,71.731201171875,8147500.0
2023-04-19,71.74036043991819,72.52821327721405,71.7220413692261,72.31751251220703,3813300.0
2023-04-20,72.11596577603311,72.46408402422325,71.66707516848776,72.14344787597656,4350400.0
2023-04-21,72.77558725392373,73.0870604713676,71.96940812294703,72.36333465576172,5192600.0
2023-04-24,71.92359807942326,72.60151563750762,71.91443504787821,72.40913391113281,5725800.0
2023-04-25,71.20902708241425,72.46408967329832,70.99831931751527,71.29147338867188,8399800.0
2023-04-26,70.3387294728165,70.49446606315807,67.81943396453885,67.8560791015625,12656700.0
2023-04-27,68.07593397462928,70.10053035064078,67.70949663131147,69.48674011230469,8155600.0
2023-04-28,69.08366402075065,70.26543644404256,69.08366402075065,70.20130920410156,10005800.0
2023-05-01,70.05473092846427,70.88838499149766,69.9539585597297,70.35704803466797,5214700.0
2023-05-02,70.22879705863596,70.55858929440988,69.17527214447018,69.56919860839844,7674200.0
2023-05-03,69.86235410979312,70.13718214338039,68.95540272772374,69.06533813476562,6265900.0
2023-05-04,69.0561716482273,69.32184362661003,68.30496387772413,69.1752700805664,6042300.0
2023-05-05,69.26687942051174,70.14634166480732,68.88211599913456,69.1752700805664,6215500.0
2023-05-08,69.19358714676086,70.25627502948234,68.96456030886515,69.67912292480469,6751700.0
2023-05-09,69.82571098003946,69.82571098003946,68.88212142452733,69.2394027709961,5588100.0
2023-05-10,69.74325530577613,70.68685181857812,69.56919964888708,70.43949890136719,5696000.0
2023-05-11,70.16465754458729,70.39368437870229,69.20274903491085,69.71576690673828,6542700.0
2023-05-12,70.43949651440808,71.44721324348556,70.1555054606771,71.41973114013672,8315000.0
2023-05-15,71.88695336019487,71.94191757109405,70.37537465636004,71.03497314453125,5430000.0
2023-05-16,70.99834213570746,70.99834213570746,69.34018954306444,69.47760009765625,6215700.0
2023-05-17,69.77990210347222,69.88067448112974,68.88212072532619,69.01953125,5408600.0
2023-05-18,68.47902355837203,68.9370772276588,67.984324756821,68.7996597290039,6970600.0
2023-05-19,69.21191645635872,69.42261724307937,68.22251879276813,68.23168182373047,6338600.0
2023-05-22,68.62561273050908,68.86379563620832,68.22252321417926,68.32329559326172,4272600.0
2023-05-23,67.88355114680571,68.8912678029064,67.70949550841956,67.93852233886719,8751200.0
2023-05-24,67.92937161311895,68.17671755949429,67.4804809011475,68.0118179321289,6879400.0
2023-05-25,67.95685719978506,67.95685719978506,66.39031415425796,67.2331314086914,7716400.0
2023-05-26,67.42488889640543,68.74333023811896,66.93623704146978,68.15325927734375,7174000.0
2023-05-30,68.54971277688502,68.91850888007336,66.8901408638384,67.01921844482422,6874000.0
2023-05-31,66.97312752125657,68.01497018077917,66.27241551115372,67.72915649414062,11112000.0
2023-06-01,67.35114043108204,67.70149289253568,66.80716454613426,67.26815795898438,6738800.0
2023-06-02,67.34191518888477,68.41141619484546,66.86247812460513,68.0887222290039,7175400.0
2023-06-05,68.36531636742102,69.04758456737734,67.60928754200985,67.8489990234375,5266600.0
2023-06-06,68.0241839999528,68.36532164335767,67.63695123773165,67.65538787841797,5652900.0
2023-06-07,67.89510667155947,68.6880158739139,67.563190864332,68.38375854492188,6488100.0
2023-06-08,68.66958331436162,69.2596543324574,68.2915653314745,69.05681610107422,9984500.0
2023-06-09,69.01992767817289,69.33339979226221,68.22701852180506,68.29155731201172,6011400.0
2023-06-12,68.6050345844335,68.66035153618365,67.94120302663013,68.20858001708984,7564300.0
2023-06-13,68.13482949610636,68.86319995036642,67.99653006202128,68.54972076416016,8579300.0
2023-06-14,69.05680823504414,69.10290335152526,67.57240902086072,67.673828125,8893600.0
2023-06-15,67.98731787216366,68.70646659042002,67.68306751504149,68.55895233154297,10098300.0
2023-06-16,68.91851238002805,70.45822862726659,68.89085390186942,69.69297790527344,23053600.0
2023-06-20,69.72986609841621,70.22773986412022,68.68802344293665,68.92774200439453,7801600.0
2023-06-21,68.64192732953582,70.09866843515583,67.96888077836613,69.86817169189453,7176100.0
2023-06-22,70.13552190770066,70.43055734475652,69.14899650558891,69.26885223388672,6976200.0
2023-06-23,69.4163785377165,70.0617664052096,68.22701486687905,68.38375091552734,9080100.0
2023-06-26,68.3099984444095,68.95539342312391,68.05184326660415,68.49440002441406,5670200.0
2023-06-27,68.74332871921416,68.96461060026611,67.49864803364932,68.14404296875,5979100.0
2023-06-28,68.18092447457674,68.4206430242065,67.50787801588736,67.7107162475586,8735100.0
2023-06-29,67.01001178256809,67.85823808804564,66.85327568933462,67.12986755371094,7193200.0
2023-06-30,67.2497243414974,68.51284184761577,67.10220306633526,68.41142272949219,9259900.0
2023-07-03,68.10716910452628,68.66035979113843,67.7660314479182,68.57737731933594,2484500.0
2023-07-05,68.20859155012016,69.6929839352736,68.15326755481519,69.10291290283203,8450100.0
2023-07-06,68.49439821019709,68.49439821019709,67.31425626623056,67.32347106933594,7271200.0
2023-07-07,66.87171085870175,67.04689062621875,66.29086162553772,66.42916107177734,7511700.0
2023-07-10,66.19865171608903,66.83481779275822,65.5532567681078,66.11566925048828,7704700.0
2023-07-11,66.05113957039305,66.59511548778912,65.32276909053826,66.55823516845703,6623100.0
2023-07-12,66.88092477861618,67.83057007791028,66.5582307983999,67.73837280273438,9710500.0
2023-07-13,67.7844607746292,68.16247870744596,67.6553831961553,67.95964050292969,6058600.0
2023-07-14,67.74759551026276,67.99652885985365,67.1114223452397,67.48943328857422,6463500.0
2023-07-17,67.2681613602174,67.6922744773795,66.79794608575878,66.99156951904297,5148800.0
2023-07-18,67.09297034089424,67.37879100659029,65.73765577482754,66.42914581298828,7239500.0
2023-07-19,66.71496113696598,67.24049329793228,66.42914749821959,66.4752426147461,7464800.0
2023-07-20,66.4752478689593,68.34687997552419,66.06035661642464,68.31922149658203,9221600.0
2023-07-21,68.6142469043999,70.31992085225384,68.50361300490242,69.97879028320312,11878400.0
2023-07-24,69.96036071579252,70.68873118253777,69.49015247972531,69.6100082397461,8609700.0
2023-07-25,69.84972299911576,70.01568090700594,68.79865859387832,69.5546875,8847800.0
2023-07-26,69.04759105282943,70.24617670934916,68.11638241304722,68.56816101074219,7244600.0
2023-07-27,68.17171454351686,69.04759929648397,67.48022435932117,67.5539779663086,10185400.0
2023-07-28,67.99652226322301,68.57737137871867,66.82560219523002,67.16673278808594,6230700.0
2023-07-31,67.67383179364528,68.66035737758897,67.34191598650524,67.58163452148438,10876400.0
2023-08-01,67.60006579424343,68.05183731589823,66.46601903753401,66.53977966308594,6723400.0
2023-08-02,65.93126801613026,66.70573343399627,65.8851658694573,66.30006408691406,6589600.0
2023-08-03,65.64545540547964,65.92205425098227,64.59439104729096,64.63127136230469,9075100.0
2023-08-04,65.04616512996306,65.17524270647975,63.63551955654429,63.77381896972656,9140500.0
2023-08-07,64.0780806959644,64.28091891140937,63.257513031083086,63.28517150878906,8397200.0
2023-08-08,63.00857851665695,63.57099106292796,62.61213092044119,63.34971618652344,8890000.0
2023-08-09,63.42347919719109,64.15184968657715,63.165323992690055,63.5433349609375,7453000.0
2023-08-10,63.89368726375901,64.2256030703916,62.833401050027184,62.96247863769531,7959900.0
2023-08-11,62.97171136969504,63.56178245375022,62.84263375969561,63.543338775634766,6524200.0
2023-08-14,63.478787529112985,63.55254815871372,62.971699027559765,63.21141052246094,8021100.0
2023-08-15,62.83340991453871,62.907170556241184,61.9298596391884,62.09581756591797,7703900.0
2023-08-16,62.436949981876076,62.649003016098575,62.05893200074699,62.2894287109375,6433500.0
2023-08-17,62.086584999397374,62.83339905774162,62.04048988194943,62.24332809448242,6677600.0
2023-08-18,62.08658204051902,62.75041360109939,62.07736723798903,62.538360595703125,6291300.0
2023-08-21,62.464611390521945,62.510713548402265,61.46886386760116,61.84688186645508,6856100.0
2023-08-22,61.87453727191096,62.52914708290312,61.551843285393886,62.25254821777344,7370400.0
2023-08-23,62.75963923563701,62.824178028254444,62.049712516845304,62.59368133544922,7721800.0
2023-08-24,62.593681599553705,63.073118661763935,61.84687456265802,61.9759521484375,9242500.0
2023-08-25,62.049725900110104,62.89795222437576,61.98518709357255,62.658233642578125,10114100.0
2023-08-28,62.92559918286287,63.248293156447595,62.67666584158352,62.713539123535156,7152600.0
2023-08-29,62.92521469970699,62.990200623357865,62.30320556148653,62.674556732177734,11209700.0
2023-08-30,62.53529485499378,62.87879590376172,62.03397187149488,62.284629821777344,7461500.0
2023-08-31,62.66527060935788,62.9345000293354,61.95042545371265,62.015411376953125,11797800.0
2023-09-01,62.51672089405643,62.730250095899024,61.69046834780814,62.08039093017578,8296600.0
2023-09-05,62.03397632325225,62.45174196468121,61.0963162081444,61.45838165283203,10002700.0
2023-09-06,61.300552914757816,61.65333967618992,60.67854384361574,60.98490905761719,9250300.0
2023-09-07,61.53263753630256,62.17321796641984,61.15200781788071,61.50478744506836,9981100.0
2023-09-08,61.514089360164434,62.20108442884342,61.33769595867792,62.04326248168945,7484800.0
2023-09-11,62.20108934379297,63.02734205351601,62.15466778722804,62.6931266784668,7981600.0
2023-09-12,62.66525881083507,63.15729600600641,62.303193437673784,62.878787994384766,7171300.0
2023-09-13,63.0180435045718,63.844296046193456,63.0180435045718,63.52865219116211,8925700.0
2023-09-14,63.964999806573246,64.38276546796382,63.51937696254647,64.31777954101562,7944900.0
2023-09-15,64.37347679344276,64.88408554104241,63.686481728164196,63.72361755371094,18391400.0
2023-09-18,63.88143750669002,63.927859057908506,63.04590624823136,63.352264404296875,7534100.0
2023-09-19,63.17587970846529,63.278001457411314,62.526013389451066,62.74882125854492,8215500.0
2023-09-20,63.19443924503539,63.25942516367168,62.423886864823736,62.52600860595703,5804000.0
2023-09-21,62.303202858577244,62.8602260489814,61.98755189815659,62.117530822753906,9458600.0
2023-09-22,61.736886822603836,63.49151356566423,61.59762927032709,62.85093307495117,11796500.0
2023-09-25,62.40532325835487,62.66526693607954,61.99683628882525,62.63741683959961,8656500.0
2023-09-26,62.31248534226609,62.377471259715556,60.59498722708179,60.65997314453125,9042600.0
2023-09-27,60.06582171594303,60.33505114579077,55.2661276983986,55.66532897949219,25606200.0
2023-09-28,55.980966525944304,56.35231764226059,52.898764301505935,52.99160385131836,31153800.0
2023-09-29,53.539345089298045,54.55127323512232,52.89876808635985,53.18656539916992,19047600.0
2023-10-02,52.0632297193118,52.34174128644325,46.58582021937087,48.41471862792969,54022800.0
2023-10-03,48.340458249375665,49.30596854572697,46.88291061841751,48.999603271484375,36257500.0
2023-10-04,49.86298534667633,50.085796748287905,46.920040365453886,46.99430847167969,28467400.0
2023-10-05,46.242330741956025,46.53941027051274,44.78478319826611,45.90811538696289,29911400.0
2023-10-06,45.5460507877837,46.88290869138197,43.772855769035665,46.64153289794922,24718500.0
2023-10-09,46.13091969447523,46.808632537916665,44.91475157522388,45.78742218017578,20644600.0
2023-10-10,46.12163874232764,47.92268373572636,45.97309898556762,47.88555145263672,23164300.0
2023-10-11,48.32189016742674,49.7330197783989,47.99696052144887,49.705169677734375,22401400.0
2023-10-12,49.268828086399054,50.10436644537796,48.488993465174474,49.20384216308594,27972800.0
2023-10-13,49.69587798570561,51.29268300622778,49.66802788838346,50.587120056152344,22319200.0
2023-10-16,50.587114715646656,51.097719847628056,49.72372637513748,50.48499298095703,17089400.0
2023-10-17,49.74229779844827,50.91204788417752,49.714444160632276,50.290035247802734,13365500.0
2023-10-18,50.206489456510575,50.85634870598511,49.26882932546765,49.42665481567383,13593300.0
2023-10-19,49.46378387944814,50.12293235472868,48.62824909532977,48.63753128051758,11580400.0
2023-10-20,48.229044841757265,48.916039829830595,47.98766554429712,48.23832702636719,17798900.0
2023-10-23,47.597755644473324,48.79535946366969,47.30067612146655,47.82984924316406,15200700.0
2023-10-24,50.54070218100622,51.45979441561804,49.30596604320861,51.1719970703125,20060300.0
2023-10-25,51.626898833940565,52.86163489375361,50.97703607229138,52.416015625,19262400.0
2023-10-26,52.703807791708435,54.068519103401215,52.620253965656495,53.44650650024414,17357800.0
2023-10-27,53.25155504826293,53.864281997920045,51.923979400427974,52.21177673339844,11921000.0
2023-10-30,52.36959551844299,53.35367357762404,51.775436517226886,53.10301208496094,11017700.0
2023-10-31,53.43723432512558,54.3006228422283,53.27940882792432,54.124229431152344,19978300.0
2023-11-01,53.947831698089715,54.57912651194208,53.08444330683477,54.244911193847656,13428900.0
2023-11-02,54.32846813093071,56.13879884651415,54.30990021870039,55.6189079284668,15076500.0
2023-11-03,56.835074192943694,57.085735671923494,55.1175796610006,55.12686538696289,13938000.0
2023-11-06,55.145441244584404,55.59106053539012,54.64411821437772,54.81122589111328,9299500.0
2023-11-07,54.8205032930931,55.29397618301584,54.217062105510955,54.272762298583984,9615500.0
2023-11-08,54.00352836455441,54.00352836455441,52.71308872507602,53.38151931762695,12781600.0
2023-11-09,53.02873618188833,53.16799373601046,50.70780055629751,50.80064010620117,17147900.0
2023-11-10,51.060591354182954,51.40408888622754,50.60568634569101,51.1905632019043,12776100.0
2023-11-13,51.10700639012326,51.11629211668693,49.95582419892089,50.59640121459961,8951800.0
2023-11-14,52.063232552990414,53.604333752560755,51.47835575115421,53.427940368652344,13399500.0
2023-11-15,53.36295475273265,54.52342263672944,52.898767599133926,52.917335510253906,11295000.0
2023-11-16,53.307256720231365,53.63218988738008,52.52742561859599,52.545989990234375,11155400.0
2023-11-17,52.92662220920057,53.27012328201708,52.44387064477485,53.26083755493164,10136300.0
2023-11-20,52.91733523105762,53.54863003993847,52.27675823739922,53.23298263549805,8404900.0
2023-11-21,53.21442146206255,54.11494578257947,52.71309842539536,53.8271484375,11952600.0
2023-11-22,54.265164025039795,54.57402231465915,53.338596296753465,53.787841796875,9626900.0
2023-11-24,53.47897454055548,53.91886224766956,53.28243033663504,53.86270523071289,4629400.0
2023-11-27,53.81591300449999,54.00309950292057,53.2262767840751,53.89078903198242,9779100.0
2023-11-28,53.8720645846157,54.82671241689459,53.59128308019798,54.43362045288086,9473600.0
2023-11-29,54.77991383669262,55.43506473843851,54.26515368899413,54.62080764770508,17019100.0
2023-11-30,54.733123225851536,54.92030972532002,54.265158762323104,54.761199951171875,15381700.0
2023-12-01,54.79863515931329,55.725206320582764,53.97501674599435,55.378910064697266,10510200.0
2023-12-04,54.83607724768303,55.71584917416685,54.8267195291216,54.91094970703125,10239600.0
2023-12-05,54.9203065855728,55.08877406843474,54.1622029126941,54.49913787841797,12544800.0
2023-12-06,54.86414536074736,56.399068024423286,54.86414536074736,56.34291458129883,13235700.0
2023-12-07,56.51139130103023,56.67985879854846,55.631615798371556,56.01534652709961,12230500.0
2023-12-08,55.75328627730749,56.108940271681305,55.313398536115805,55.87495803833008,9408300.0
2023-12-11,54.77991906893908,56.09957871594684,54.77991906893908,55.884315490722656,11005700.0
2023-12-12,55.837522863780144,55.931114333766075,54.35875693034524,55.70649337768555,9931000.0
2023-12-13,55.781364040703274,58.589150893160536,55.52866636583346,58.50491714477539,13013400.0
2023-12-14,59.57187870216724,60.45164705376832,58.36452950777272,58.75761795043945,16809100.0
2023-12-15,58.121179594716054,58.87928324118607,57.110378303041216,57.55962371826172,28901500.0
2023-12-18,57.65322312923076,58.12118761427414,56.95127640166568,57.09166717529297,10755600.0
2023-12-19,57.428596934885626,57.86848465317405,56.96999021046946,57.62514114379883,11509600.0
2023-12-20,57.6064228147457,57.76553258355887,55.94982824096651,56.005985260009766,10091200.0
2023-12-21,56.277405367585196,56.76408882065458,55.27596173713188,55.7813606262207,12604200.0
2023-12-22,56.11828948966828,56.96998454724628,55.84686928322523,55.92174530029297,9799400.0
2023-12-26,55.856238475805235,56.67985692869162,55.80008145505656,56.35227966308594,6791600.0
2023-12-27,56.071503623651026,56.78280805944395,55.82816366596244,56.698577880859375,6787500.0
2023-12-28,56.26805215626923,57.18526217515412,56.26805215626923,57.110389709472656,5981900.0
2023-12-29,56.90447727189334,57.14782078895628,56.40843608983611,56.848323822021484,6814600.0
2024-01-02,56.67048950149537,58.167977760014644,56.32419683676968,57.62513732910156,10064300.0
2024-01-03,57.19461581882222,58.13990243968279,56.58626060391497,58.01823425292969,10306300.0
2024-01-04,58.18670103659178,58.73889925922778,57.7748935843983,57.84040832519531,10568100.0
2024-01-05,57.70001687923526,58.55171201721087,57.34436290516078,58.10246658325195,7803800.0
2024-01-08,57.82168678834453,59.01967821826667,57.64386158114391,58.88864517211914,7766600.0
2024-01-09,58.90735944302463,59.00095446846285,57.92463488277687,58.03694534301758,6921600.0
2024-01-10,58.04631002358632,58.71081867675585,57.933999556780925,58.289649963378906,8100100.0
2024-01-11,58.027592976333295,58.205418185635416,56.71729106165674,56.82960510253906,10686000.0
2024-01-12,57.260134097501535,57.70937957017386,57.0167905683755,57.12910461425781,7796900.0
2024-01-16,56.773449959240416,57.278852449064914,56.352281217720005,56.48331069946289,11633100.0
2024-01-17,55.65032937990659,56.16508954089539,54.09668760894325,54.53657531738281,11543100.0
2024-01-18,54.24644215274685,54.358756199562926,53.56321443423463,53.95630645751953,9626500.0
2024-01-19,54.02181954597457,54.08733428613558,52.954861125883276,53.59128952026367,12762600.0
2024-01-22,53.69423344591685,54.08732539253216,53.02972486481464,53.207550048828125,12979900.0
2024-01-23,53.610006804018866,53.82527002481117,53.244995100489064,53.7036018371582,16081000.0
2024-01-24,54.377470124086194,54.66760938152639,53.11396747998923,53.35730743408203,14471400.0
2024-01-25,55.17300794428352,55.55673864056274,53.404102940208936,54.26515579223633,15702600.0
2024-01-26,54.592736580990106,55.2385262618866,54.48978382672714,54.733123779296875,11650000.0
2024-01-29,54.723764089376694,55.95918995545368,54.4804205752881,55.7532844543457,10102800.0
2024-01-30,55.687770432955276,55.921752661665174,54.817356256531625,55.48186492919922,7807700.0
2024-01-31,55.87495590291387,56.13701485176056,54.686325774482164,54.873512268066406,11124900.0
2024-02-01,54.64888157242145,55.996621317360706,54.293227631919706,55.92174530029297,8687600.0
2024-02-02,55.116852199943224,55.247881674341414,54.2651570460696,54.42426681518555,14952900.0
2024-02-05,53.69423605747586,53.75039307266224,52.30906181544485,52.38393783569336,14293600.0
2024-02-06,52.41201417306243,52.954854605020294,51.95340747812268,52.62727737426758,10305400.0
2024-02-07,52.71152028258434,53.03909400004661,52.065730566607684,52.767677307128906,7761300.0
2024-02-08,52.80511317784041,52.80511317784041,51.841107437341364,52.68344497680664,8143000.0
2024-02-09,52.39330118587437,53.0016564197996,52.1499612344756,52.95486068725586,8003500.0
2024-02-12,52.96421813218158,53.93758507332197,52.87998438592355,53.862709045410156,9622000.0
2024-02-13,53.23562881116343,53.47896871757609,51.167223540373875,51.71006393432617,12759700.0
2024-02-14,51.84110036567426,52.47753229305743,51.56032241424882,52.4213752746582,8831300.0
2024-02-15,52.69279482356646,53.96565866179556,52.61792237029227,53.60064697265625,9880000.0
2024-02-16,53.21691614462884,53.741034027094265,52.7208749857854,53.37602233886719,9943500.0
2024-02-20,53.10461244215918,53.647449399592176,52.458819154336126,52.982940673828125,13014600.0
2024-02-21,53.36666730754817,53.66616427554365,53.01101331919648,53.4415397644043,9322100.0
2024-02-22,53.15140324181166,53.42282348046627,52.71151551504627,53.03908920288086,10426000.0
2024-02-23,53.16075544253396,53.77846831140126,52.889335232049156,53.14203643798828,10563900.0
2024-02-26,52.79730371363866,52.82563742774138,51.81502745781174,52.088932037353516,12753800.0
2024-02-27,52.36283514861535,52.882310614773736,51.74891516591924,52.47617721557617,12421800.0
2024-02-28,52.2778300878132,52.627296054409086,51.67335347948975,51.98503875732422,13240400.0
2024-02-29,52.410060536513576,52.759522887062595,51.90947543657617,52.126708984375,19993600.0
2024-03-01,52.19282724112153,52.53284624643256,51.2672219505331,52.14560317993164,15398200.0
2024-03-04,51.739469762362035,52.01337436138249,50.95554025839908,51.91892623901367,11674600.0
2024-03-05,51.94725830003048,53.373445078963165,51.900034240350685,52.32505798339844,16026100.0
2024-03-06,52.872861556524256,53.75124272453382,52.192823593429196,52.447837829589844,11074900.0
2024-03-07,52.9673137628432,53.33566646192223,52.447838312383325,53.12787628173828,10227300.0
2024-03-08,53.5717913135903,54.93186367363378,53.18454826367041,54.60129165649414,12735600.0
2024-03-11,54.37461482185344,54.91297705945872,53.73235748524275,54.657962799072266,9681500.0
2024-03-12,54.46905888254379,54.780744156304465,53.4112248318039,53.97792434692383,9634400.0
2024-03-13,55.725239161781474,57.019197096199505,55.67801510342375,56.235267639160156,17495300.0
2024-03-14,55.91414279109069,56.89641912460832,55.82913803909465,56.23527145385742,16996100.0
2024-03-15,55.91413559578855,56.79251671905834,55.61189731713276,56.74529266357422,32424500.0
2024-03-18,56.74529442201736,57.74645739997737,56.140814243009444,56.83029556274414,17073700.0
2024-03-19,57.0380865169175,57.98258208064315,56.91530108480307,57.86924362182617,11433900.0
2024-03-20,58.039251786975576,58.94596664274785,57.95424704406164,58.747623443603516,14564500.0
2024-03-21,58.7476267802967,59.871575242249435,57.88813593222348,57.95425033569336,18090300.0
2024-03-22,58.76651725865277,59.02153150246049,58.29426945966768,58.35093688964844,10046300.0
2024-03-25,58.55872574368013,59.1632023361728,58.00147320942007,59.13486862182617,11423500.0
2024-03-26,59.144315168032186,59.41821976463916,57.89758122833169,58.02036666870117,13829600.0
2024-03-27,58.70984557323644,60.3154887925344,58.577616767464505,60.24937438964844,13409000.0
2024-03-28,60.136028533404364,60.693284641961746,59.8715709385347,60.362709045410156,12830800.0
2024-04-01,60.36271070201412,60.49494310604246,59.27653937390835,59.86212921142578,13175200.0
2024-04-02,59.7582299833371,59.82434437928786,58.898739233012925,59.38987731933594,9905300.0
2024-04-03,59.21042628323697,59.49377783803002,58.42649682974635,59.07819747924805,10551400.0
2024-04-04,59.83379012370622,60.4288233138446,59.474884418003896,60.19269943237305,10690100.0
2024-04-05,59.55044437992239,60.787734861473,59.408772207600016,60.61772537231445,10278100.0
2024-04-08,60.58939207476908,61.31665049087661,60.38160189704427,61.25998306274414,8054900.0
2024-04-09,61.53389156202983,62.20448259272577,61.19387255971502,61.751121520996094,9188000.0
2024-04-10,59.97546242699125,60.67438705808674,59.503214691345654,60.457157135009766,10783400.0
2024-04-11,61.04274525395318,61.193868001917174,59.8054583801972,60.39104461669922,12145600.0
2024-04-12,60.56106124395443,60.74051051022709,59.45599950421981,59.57878494262695,9039500.0
2024-04-15,60.00379900834467,60.759398303891665,58.84206995544319,59.267093658447266,11147100.0
2024-04-16,59.02152770531527,59.1065324477824,57.90702268317487,58.27537536621094,11594100.0
2024-04-17,58.7854069496574,60.37215622188538,58.48316504693831,60.24937438964844,15653700.0
2024-04-18,60.306034400757454,60.816062819966135,59.62600011144351,60.457157135009766,10135000.0
2024-04-19,60.65550247296433,61.297759704484115,60.11714032344986,60.73106384277344,13419400.0
2024-04-22,61.00496720460627,61.85501468383378,60.37215688348728,61.68500518798828,14747200.0
2024-04-23,61.61888935980973,63.441766109704126,61.486660555645734,62.525604248046875,14349200.0
2024-04-24,62.25170333466192,63.375648106185686,61.59999911836694,62.86561965942383,12149600.0
2024-04-25,62.33670866558928,63.39454631586722,61.87390784618682,63.1867561340332,11418500.0
2024-04-26,63.48899564172552,63.56455701945422,62.10058595116146,62.32726287841797,9982800.0
2024-04-29,63.30009489348002,64.14070264613815,63.243427460734715,63.677894592285156,9795800.0
2024-04-30,63.186761872961675,63.74401086037452,62.59172498804205,63.25287628173828,10042600.0
2024-05-01,63.158428895029466,65.03797328590468,63.03563984448558,64.80184936523438,13991100.0
2024-05-02,65.0568523909629,65.18908119453957,63.91401361380497,65.02851867675781,10815900.0
2024-05-03,66.01079383559781,66.37914652598151,65.46298468366797,66.24691772460938,12687500.0
2024-05-06,66.45471047316433,67.34253863612386,66.36026235508831,67.2953109741211,14042100.0
2024-05-07,67.71088776317855,68.04145976194317,67.35197484515197,67.95645141601562,13621100.0
2024-05-08,67.7203168924229,68.84426871759467,67.51253395864572,68.80648803710938,9915000.0
2024-05-09,68.94818579385904,70.58216651821326,68.55149933104367,70.44049072265625,16627900.0
2024-05-10,70.71437750230804,71.03550249903576,69.56209189112559,69.69432067871094,12046700.0
2024-05-13,70.02488755745448,70.52546896062931,69.50541221118175,70.44046783447266,7685500.0
2024-05-14,70.78049476906277,71.41330502189662,70.5160371831578,71.23384857177734,8176600.0
2024-05-15,71.75333470610371,72.90562053635735,71.75333470610371,72.77339172363281,12470600.0
2024-05-16,72.78282349749058,73.11340269892194,71.83832796409598,72.16890716552734,10414200.0
2024-05-17,72.11222427058706,72.30112767917812,71.34718528209594,71.86665344238281,9490300.0
2024-05-20,71.77221699874823,71.96112043802218,71.37553058516707,71.65888214111328,7179700.0
2024-05-21,71.6588749150468,72.68837153304028,71.26218133553871,72.67892456054688,6420100.0
2024-05-22,72.16889352188876,72.89615177450455,71.93276968317969,72.0838851928711,8773600.0
2024-05-23,71.74388087035382,71.74388087035382,70.4782602964854,71.139404296875,9097800.0
2024-05-24,71.23384384390513,72.8205964599491,71.08272832167292,72.35779571533203,7601100.0
2024-05-28,72.36725078278059,73.91622289006219,72.09334621179518,73.22673797607422,11986600.0
2024-05-29,72.50892081911076,72.63170985344897,71.9327851581693,72.42391967773438,6896300.0
2024-05-30,72.603364016076,73.91621204603469,72.35779319433516,73.85009765625,21762300.0
2024-05-31,73.94456358606962,76.00356434349267,73.79344082673262,75.57853698730469,16196000.0
2024-06-03,75.57378403148365,75.81143744038769,73.69156584181682,73.87218475341797,15410500.0
2024-06-04,73.77711747904506,73.94822820648714,72.75045311439258,73.33983612060547,8484300.0
2024-06-05,73.24478149414062,73.51095214431501,72.8170010184121,73.24478149414062,9264600.0
2024-06-06,73.14020078854873,73.92920443602048,72.84550568878939,72.91204833984375,6550600.0
2024-06-07,71.82835059417395,73.19723629507126,71.30551754362938,71.666748046875,10059500.0
2024-06-10,71.74280377488954,73.25427579591805,71.15342077941497,73.1687240600586,11218500.0
2024-06-11,71.58119654785604,71.60020562593868,68.01639606743701,69.14762115478516,22781500.0
2024-06-12,70.145782956609,70.29787737110266,67.87381688569613,68.69134521484375,13930500.0
2024-06-13,68.97651210928295,70.07922723247032,68.78639231343942,69.5658950805664,10023200.0
2024-06-14,69.16664067352015,69.90811804720686,68.80540289985345,69.45182037353516,6568500.0
2024-06-17,69.13811659934056,69.77502584432645,68.62478448689372,68.73885345458984,8445300.0
2024-06-18,65.68739387817534,67.10380601589375,65.56381672945015,66.96121978759766,29169800.0
2024-06-20,67.49356708102584,69.29022624424182,67.2939390909581,68.88146209716797,14857200.0
2024-06-21,69.73701273275195,70.05071695443436,68.51072034558015,69.21417236328125,19465500.0
2024-06-24,68.91948529840954,70.59256724810754,68.68183190082883,70.20281219482422,12063700.0
2024-06-25,69.93665207850479,70.09825467256255,68.81492758295047,69.37579345703125,10753200.0
2024-06-26,69.2046639753153,69.97465857028054,68.36811947450838,69.74651336669922,11481500.0
2024-06-27,69.98417897786462,70.7161482915063,69.61344023746595,70.07923889160156,9824500.0
2024-06-28,69.59441645338052,69.68947635694173,66.40986254214272,67.31294250488281,23935600.0
2024-07-01,67.93083831176827,68.09244086250816,66.10566217344594,66.44788360595703,11036400.0
2024-07-02,66.54294893253437,67.11331561572064,65.95356591676524,66.98973846435547,9415200.0
2024-07-03,67.41750811343371,68.35862070636885,67.06578575783666,68.2825698852539,4487200.0
2024-07-05,68.44418000673089,68.77689332013124,68.10195852648873,68.52973175048828,7688800.0
2024-07-08,68.58676961426738,68.99553373403775,68.1970145744977,68.54874420166016,5368700.0
2024-07-09,68.50121630669376,69.38528727850216,68.1399857358605,68.55825805664062,6220100.0
2024-07-10,68.69133630924269,69.51836544590752,68.13997871639565,69.29972839355469,6740900.0
2024-07-11,69.87009280285582,71.49564103040552,69.8320673922423,71.01082611083984,12188700.0
2024-07-12,71.29602181284052,72.91206207288901,71.07737748813433,72.24663543701172,11099400.0
2024-07-15,70.50701042533987,70.7256547489954,67.26542175384844,67.46504974365234,19575400.0
2024-07-16,68.00689960851281,68.71985982732257,67.35097388637378,68.34912109375,10551800.0
2024-07-17,68.20652627971253,68.68183308305548,66.99925019036822,67.39850616455078,11878900.0
2024-07-18,67.49356094839966,68.78639593550704,67.32245022208822,68.1304702758789,10212300.0
2024-07-19,68.3681325163731,68.78640484656594,67.91184202216876,68.44418334960938,7752100.0
2024-07-22,69.34726235353374,70.48800307666026,69.1666506931421,69.29973602294922,9034700.0
2024-07-23,68.8529479131633,69.41380649317959,68.35863199946431,68.54875183105469,7027500.0
2024-07-24,69.13813835212216,72.00898856653184,68.71986599869022,71.68578338623047,17813700.0
2024-07-25,71.47663836257456,71.93292882565343,69.67997925241346,69.81306457519531,13934200.0
2024-07-26,70.5640425701634,71.28650360085459,69.8891006098146,70.59255981445312,7076200.0
2024-07-29,70.7826935006839,70.98232150248913,69.92713974108523,70.66861724853516,5977500.0
2024-07-30,70.84922564953062,70.84922564953062,69.58490790652729,70.611572265625,8505500.0
2024-07-31,71.17244115880641,73.08316922771697,71.00133042475109,72.61737060546875,15618100.0
2024-08-01,72.55081572128842,74.54710244718156,72.15155982663074,74.51858520507812,11136600.0
2024-08-02,75.440698770019,76.58143223273363,73.97675289955113,75.2885971069336,14513100.0
2024-08-05,74.67070119062736,75.09847440963978,72.71243224260377,72.89305114746094,11877600.0
2024-08-06,73.05466306130637,74.52811723096774,72.883552301298,73.16873931884766,9050900.0
2024-08-07,73.8816930328098,74.87033208566618,73.47292887876925,73.7295913696289,8193200.0
2024-08-08,73.31131536169869,74.36649692159261,72.81699228272936,73.7105712890625,6935900.0
2024-08-09,73.67255452835498,74.17637857955125,72.57934742999363,73.63452911376953,5041200.0
2024-08-12,73.51095042404847,73.77712106799409,73.09267812493047,73.74860382080078,5955600.0
2024-08-13,74.4805770776951,74.62317057389902,73.70107418473442,74.2619400024414,5108900.0
2024-08-14,74.14785572552255,74.69921331641461,73.29230209355306,74.15736389160156,4620700.0
2024-08-15,73.71059042014215,73.96725293931806,73.3208353046963,73.5870132446289,5946500.0
2024-08-16,73.69155778569954,74.89884103240891,73.4253871572424,74.68970489501953,6344200.0
2024-08-19,74.68971301580044,75.64032665085077,74.55662768710191,75.43119049072266,5617000.0
2024-08-20,75.43118251013135,75.84945478613452,75.06044381189426,75.07946014404297,5967300.0
2024-08-21,75.26008145368812,76.03958436200922,75.22205603711066,75.70687103271484,5125300.0
2024-08-22,75.74489885260334,75.99206044189563,74.58514899431665,75.02243041992188,8006600.0
2024-08-23,75.53575641074968,76.35328469372327,75.25057667995353,75.72588348388672,5052900.0
2024-08-26,76.0490937917883,77.06625013114919,76.0110683745796,76.65748596191406,5378700.0
2024-08-27,76.39131258497112,76.657483243386,75.6498351072135,75.67835235595703,5086000.0
2024-08-28,75.79242389963404,76.17266352942423,75.27909169629005,75.48822784423828,5462400.0
2024-08-29,75.60229939521417,76.22019969348044,74.82279652354781,76.07760620117188,5179200.0
2024-08-30,76.14936002030538,77.24964754697238,76.03455223289706,77.02959442138672,6808200.0
2024-09-03,77.27834645938046,77.67062584983432,76.18762872435258,76.47466278076172,9883900.0
2024-09-04,76.93392427760045,78.0150723831728,76.84781113136934,77.57495880126953,7517700.0
2024-09-05,78.41690938744263,78.58912836960896,76.76170050844699,76.85737609863281,8494900.0
2024-09-06,77.36446211404814,77.68019812645832,76.35985018349922,76.52250671386719,8181500.0
2024-09-09,76.6468923129099,77.7280404484327,75.83363877382955,77.68020629882812,6918000.0
2024-09-10,77.94808916849927,78.82831622426592,77.54624733429003,78.7422103881836,9588000.0
2024-09-11,79.12491857092783,79.95731154577727,78.19685730419467,79.8233642578125,10216500.0
2024-09-12,79.8233640926174,80.34002104494647,79.13448815617863,79.85206604003906,7856600.0
2024-09-13,80.27305316810276,81.06717450185893,79.89034347596652,80.99063110351562,6734400.0
2024-09-16,81.41160002746483,81.86128333971178,80.72273138484331,80.9810562133789,8791400.0
2024-09-17,81.12457209356751,81.32549302391232,80.54094150084129,81.29679107666016,7415100.0
2024-09-18,80.83753285598156,81.3159180784923,79.89990190762488,80.63661193847656,9286200.0
2024-09-19,80.01471981155477,80.17737635546547,77.94809918465184,78.73265075683594,13965200.0
2024-09-20,78.69437227996559,80.13909775415482,78.50302110306798,79.18232727050781,26032300.0
2024-09-23,80.04342453799049,81.2680896254219,79.35454860141539,81.15327453613281,7916000.0
2024-09-24,80.56006606604186,81.58381011865353,80.29217151763193,80.64617919921875,8205300.0
2024-09-25,80.95235194308859,81.52641277859252,80.22520432500784,80.96192169189453,8354700.0
2024-09-26,80.6079156203216,80.94278383954054,79.64157535950724,79.85206604003906,8462500.0
2024-09-27,80.14865863084358,81.17240273627768,80.13909618189196,80.8853759765625,8200900.0
2024-09-30,80.84711439561079,81.27765823883223,80.37829885305717,80.87581634521484,13884400.0
2024-10-01,80.47397408052066,82.04307724800293,80.19650973632707,81.58382415771484,9112600.0
2024-10-02,81.10542832497451,81.88997980673402,80.83753376528773,81.73690032958984,8403800.0
2024-10-03,81.947397652162,82.37794147239438,81.08630271211734,81.37333679199219,7031500.0
2024-10-04,79.88076650594222,80.44526489322433,79.42152075655363,80.22520446777344,8341800.0
2024-10-07,79.93818104058353,79.93818104058353,76.72343146217399,76.81910705566406,11971600.0
2024-10-08,77.28791408342605,78.2733864573218,77.01044978307827,77.02001953125,10098300.0
2024-10-09,76.21633817724617,77.59408267285643,76.21633817724617,77.09656524658203,10102500.0
2024-10-10,77.49841341778013,78.99097311810885,77.32619442931298,77.44100952148438,7928400.0
2024-10-11,77.47928022370209,78.34036785539783,76.91478181891821,78.32123565673828,7057000.0
2024-10-14,78.35950358466214,79.59373837686226,78.08203927017566,79.32584381103516,5815200.0
2024-10-15,79.41195762668052,80.4165696490188,79.09622158542219,79.2110366821289,15824900.0
2024-10-16,79.48849996628276,80.98105970569925,79.15363172982138,80.74186706542969,8061600.0
2024-10-17,80.65575072799709,80.97147942440586,80.08168262635395,80.1582260131836,6153000.0
2024-10-18,80.29217862117089,80.76100142194453,79.93817820784422,80.73229217529297,8595300.0
2024-10-21,81.09587615296927,81.28722734854325,80.043429978152,80.39743041992188,7053800.0
2024-10-22,79.60330267726354,80.58878242387448,79.54589878313112,80.0816879272461,8358500.0
2024-10-23,80.9332084937842,82.28225832594954,79.41194698899781,81.28721618652344,10825100.0
2024-10-24,80.36873055568454,80.89495730653606,78.93357465290445,79.23017120361328,9705100.0
2024-10-25,79.31627433158607,79.5363274544426,77.77587327327244,77.90982055664062,6580700.0
2024-10-28,78.49344594012173,80.21562831214798,78.08203436854821,79.28756713867188,8679600.0
2024-10-29,76.49379878667465,77.21137666384638,76.03455303304933,76.12065887451172,19232900.0
2024-10-30,76.30243906709353,76.4363863385428,75.47961594271719,75.67096710205078,11650200.0
2024-10-31,75.00123535773103,76.39811934560188,74.76204274406317,75.82405853271484,13034700.0
2024-11-01,75.95799989026938,76.02497352489155,73.64261732238428,74.00618743896484,14615300.0
2024-11-04,74.00619904138303,75.41265288852601,73.76700640886429,74.98210906982422,11759100.0
2024-11-05,74.408044846676,75.38395492672153,73.64263276189035,75.25000762939453,9051700.0
2024-11-06,71.08805481855516,71.738659084847,69.54765364835802,71.29853820800781,28637800.0
2024-11-07,70.42787065483012,71.8438867777014,70.38959896237698,71.39421081542969,16311300.0
2024-11-08,71.73865271880359,73.85311457172104,71.45161865930665,73.64262390136719,14657100.0
2024-11-11,73.65219257757914,73.81484180245565,72.46579196187237,72.62844848632812,10275700.0
2024-11-12,72.34141279040135,72.52320150795191,70.43744167873785,71.04977416992188,12569800.0
2024-11-13,71.40377955827508,71.79605896581589,70.72447338140206,71.0306396484375,12451500.0
2024-11-14,70.68619292302274,72.88676771300858,70.46613982377139,72.02567291259766,13780200.0
2024-11-15,72.18832834318933,73.37472897020713,72.03524886525177,73.04942321777344,12930300.0
2024-11-18,73.00158642619711,73.35558681209896,72.05437844872691,73.08769226074219,9044300.0
2024-11-19,73.01115403108584,73.97749427350855,72.44666294365744,73.74787139892578,7942200.0
2024-11-20,73.85311473397928,74.14971124308623,73.05899349392847,73.55651092529297,7065200.0
2024-11-21,73.47041103973108,74.15928700018793,73.05899941332379,74.0157699584961,8908500.0
2024-11-22,74.38659930167226,74.68518357168757,72.97071963024409,73.2018814086914,8165400.0
2024-11-25,73.90499621517269,74.26136903596057,73.03813049832505,73.81830596923828,20803100.0
2024-11-26,74.1650588883138,74.9163401272666,73.65457329510227,74.63701629638672,10563600.0
2024-11-27,75.25345634649395,76.45743463575471,74.99340026935376,75.62909698486328,8689700.0
2024-11-29,75.6868995413887,76.08180063349064,75.43646997779908,75.7735824584961,6186500.0
2024-12-02,76.01437706831899,76.13959552260326,74.06875124387227,74.23249053955078,11361500.0
2024-12-03,74.23248242141638,74.7140737196865,73.4234125676026,73.481201171875,9806900.0
2024-12-04,73.20188371710479,73.22114413737425,72.33501783496526,72.95145416259766,8310200.0
2024-12-05,72.85513605137754,73.7220019178959,72.64323468972854,73.39451599121094,6487200.0
2024-12-06,73.38487640921498,73.68346063018355,72.16163052934516,72.4698486328125,7079200.0
2024-12-09,72.72028657110074,72.84549766410751,71.81489257220542,71.94973754882812,9269700.0
2024-12-10,71.7570932582866,71.7763536741439,70.64943195976761,71.41034698486328,8619200.0
2024-12-11,71.46814246295166,71.80526223515874,70.87097398338422,71.2562484741211,7472800.0
2024-12-12,71.12139177037928,71.35256085966599,70.3990049004816,70.52422332763672,6969600.0
2024-12-13,70.36048637686783,71.03471120483597,70.25453571125863,70.90950012207031,7671200.0
2024-12-16,70.98655398165774,71.48741304388625,70.08116734355232,70.11006164550781,9767000.0
2024-12-17,69.64772770767311,69.92705152846646,69.15650989901897,69.60919952392578,7723000.0
2024-12-18,69.31061497544242,69.86926261452997,67.83694685907324,67.92362976074219,12496000.0
2024-12-19,67.92363513399783,68.38596602497154,67.14345956326119,67.20124816894531,13731700.0
2024-12-20,67.01824024529768,69.32987971953877,66.7678107372259,69.03128814697266,27547500.0
2024-12-23,68.71344447606342,69.85963414359102,68.62676156767907,69.82110595703125,7509000.0
2024-12-24,69.75368220720274,70.22564697265625,69.37804158065816,70.22564697265625,3001800.0
2024-12-26,69.8114789344521,70.21601386775559,69.60920411930019,69.70552825927734,4503800.0
2024-12-27,69.2528335398613,69.76331916517475,69.04093218252356,69.4551010131836,5458100.0
2024-12-30,69.0409322112708,69.26246745271625,68.36670729991577,69.11798858642578,8399000.0
2024-12-31,69.21429926892809,69.74405261571147,68.7712361736637,69.0505599975586,6216500.0
2025-01-02,69.80184069510703,69.9463195475571,68.66528499019934,68.97350311279297,5344800.0
2025-01-03,69.27207795171893,70.00409864922727,68.95422598916282,69.3395004272461,5088900.0
2025-01-06,69.15652140796536,69.2913663992719,68.23185954114777,68.61713409423828,7025900.0
2025-01-07,68.82902139118067,69.25282404776793,67.48056440535707,67.83694458007812,8975400.0
2025-01-08,67.44203574545736,68.09700014259045,66.90265589434752,68.05847930908203,7930600.0
2025-01-10,67.41313774411718,67.49019410390117,64.60064674849195,64.89923095703125,16261800.0
2025-01-13,64.7451270715956,64.87997203006225,63.464092617663326,64.49469757080078,17056600.0
2025-01-14,64.513974974953,65.50605189554803,64.4176508343708,65.47715759277344,10699100.0
2025-01-15,66.71963909791918,67.4612936331023,66.46921697428435,66.73890686035156,12416500.0
2025-01-16,66.42106665397978,68.79049480548449,66.35364417054875,68.74234008789062,11469500.0
2025-01-17,68.47264507689998,69.19503200126536,68.13553264856277,68.15480041503906,12664600.0
2025-01-21,68.73271077824228,69.233562495841,68.17406310778598,68.24148559570312,12153800.0
2025-01-22,67.96215604647882,67.97178992922845,65.82388968302678,65.96836853027344,14415200.0
2025-01-23,66.31512298045293,66.79671429817371,65.75647528825672,66.68113708496094,10780100.0
2025-01-24,65.59272605082346,71.32366627118752,65.49640927159449,70.1485824584961,24588500.0
2025-01-27,70.60127747090436,71.20807977707976,68.03920859227692,71.11176300048828,19128900.0
2025-01-28,69.66699935033299,70.19674537221152,67.34572575276496,67.94290161132812,16630500.0
2025-01-29,68.1451766760722,68.88682412881768,68.01033168466392,68.28002166748047,9496700.0
2025-01-30,69.3395100945577,69.34914397769006,68.18369396766275,68.67491912841797,8639200.0
2025-01-31,68.877184028241,69.08908535829465,68.31853640328127,68.92533874511719,10708600.0
2025-02-03,67.90436685907129,69.14687317703593,67.6057826329129,68.43412017822266,9128300.0
2025-02-04,67.66357421517927,68.24148227614278,67.05677185344253,67.32646179199219,10574700.0
2025-02-05,68.14517299652863,68.18370118463648,66.59444833056504,66.65223693847656,9026100.0
2025-02-06,66.8448763435485,67.05677769902394,65.74684872744889,66.71965789794922,9145300.0
2025-02-07,66.59444119398103,66.83523683247488,65.68904724172421,65.7564697265625,9320400.0
2025-02-10,65.82389074791566,67.17234776320049,65.5830951147755,67.13381958007812,9121300.0
2025-02-11,66.85449738373492,67.78877818752315,66.18026525961585,67.7406234741211,7020100.0
2025-02-12,66.75818049472004,67.6057858456417,66.44033583662413,66.72928619384766,8574000.0
2025-02-13,66.86412728701546,67.0952963775915,66.03578975036623,66.0743179321289,15173000.0
2025-02-14,66.07431865549125,66.4788535456791,65.38082607316959,65.55419921875,14184600.0
2025-02-18,65.49642075587363,66.02617415726986,65.04372373077149,65.97801208496094,12090900.0
2025-02-19,66.01653567610254,66.95082396523361,65.89132458471899,66.51738739013672,8843000.0
2025-02-20,66.53666115914062,67.84659018908611,66.28623160528322,67.55763244628906,9340500.0
2025-02-21,67.55762533389857,69.32025121269187,67.43241424440228,68.94461059570312,16742500.0
2025-02-24,68.6749278254281,68.8290332325635,67.34573102781941,68.1933364868164,11970900.0
2025-02-25,68.57859091435652,69.06981604588879,68.07773924876427,68.65564727783203,14063400.0
2025-02-26,68.56898017814322,69.0024094626785,67.91401563470039,68.3956069946289,8010500.0
2025-02-27,67.97178920492051,68.2992750784232,66.7581771888801,66.82559967041016,9379800.0
2025-02-28,67.58016656926436,68.19197627123926,67.27912205499092,68.14341735839844,11247700.0
2025-03-03,68.02688022123908,69.62922043925427,67.97832131382387,69.5515365600586,9492200.0
2025-03-04,69.88172228373858,70.96937822995105,68.71638244847878,68.80377960205078,17869500.0
2025-03-05,68.49301713841272,68.84262054691138,67.38594214785012,68.44446563720703,7722400.0
2025-03-06,67.997750594464,68.08515515906525,67.0266315734065,67.98804473876953,7482300.0
2025-03-07,68.15311903521457,71.00821073486799,68.03658210964042,70.7265853881836,13469300.0
2025-03-10,70.89168674524996,74.08666913285475,70.3867081270466,73.9604263305664,25263700.0
2025-03-11,73.70792460249297,74.05752799262724,71.08589917648585,71.89192962646484,14836800.0
2025-03-12,70.89167902136168,71.26070153257135,69.70691278925544,70.8139877319336,12110700.0
2025-03-13,71.08589809846383,71.42579562914193,69.9691173286894,70.62947845458984,11252600.0
2025-03-14,70.67803082294687,71.55203929579207,70.2410302910488,71.42579650878906,8699300.0
2025-03-17,71.30926627053229,71.30926627053229,69.01742490838107,70.02738952636719,14954000.0
2025-03-18,70.12449557085328,70.12449557085328,68.24052251539469,68.6581039428711,15212100.0
2025-03-19,68.96886869994775,69.12425129759829,67.97833057160074,68.4638900756836,9457000.0
2025-03-20,68.98828436542611,70.00795471800012,68.5512764351382,69.09510803222656,11815600.0
2025-03-21,68.96885704642355,69.8817111307523,68.14340751076718,68.83290100097656,15782000.0
2025-03-24,68.90089250757696,69.71663634894841,67.89093523205075,68.04631042480469,12385400.0
2025-03-25,68.44446861503187,68.44446861503187,66.44395848846422,66.60904693603516,12618800.0
2025-03-26,66.78384480598929,67.82294175305597,66.69644765961469,67.71612548828125,9154600.0
2025-03-27,67.74527028103924,68.96887500873883,67.59960093467956,68.0074691772461,8748800.0
2025-03-28,68.40561549592397,68.92030731099096,68.14340925225464,68.41532135009766,7846900.0
2025-03-31,68.66781914459145,69.67778372813396,68.58042199660724,68.84262084960938,13347100.0
2025-04-01,68.9494488052768,69.50298633735153,68.48330842661126,68.87175750732422,8715800.0
2025-04-02,69.03684906525879,69.2310773188803,68.10457567502652,68.44447326660156,8480100.0
2025-04-03,69.60009147515471,70.8528357756651,69.3087602435089,70.0565185546875,13652700.0
2025-04-04,70.68774608214574,71.29954832588713,64.92901067114103,64.97756958007812,20993500.0
2025-04-07,63.608290646169635,65.32716791204616,62.08363420490587,63.18099594116211,19494900.0
2025-04-08,64.51142988434611,64.6570992035517,61.37471623030125,62.2584342956543,14232600.0
2025-04-09,61.559221727239674,65.83214603927246,59.937455067576686,65.62821197509766,23207800.0
2025-04-10,64.87075160023164,65.5505319307079,63.35580093523467,64.79306030273438,12801900.0
2025-04-11,64.53085162887933,65.05525675393143,62.73428304302751,63.90933609008789,14856900.0
2025-04-14,64.55998581234925,66.15262016826978,64.05499985029698,65.73503875732422,11588800.0
2025-04-15,65.90013054951854,66.46338130168009,65.57965952752495,65.7059097290039,7851700.0
2025-04-16,65.98753774333782,66.08465557743173,63.41407813896029,63.74425506591797,11356100.0
2025-04-17,64.1326909968984,65.39514108115036,64.06471297243137,64.39488983154297,11212300.0
2025-04-21,63.91905245674889,64.1521189428461,61.802012734653346,62.81197738647461,11568700.0
2025-04-22,63.569441956742395,64.87074512832072,63.46261828560353,64.71536254882812,14352000.0
2025-04-23,65.59909086701983,67.1043208590476,65.05525919339728,65.3271713256836,19476200.0
2025-04-24,65.10381313261436,65.2591883067429,63.355796117109904,64.4337387084961,13724700.0
2025-04-25,64.73478877658133,64.93872285443588,63.47233125571131,64.18124389648438,9640200.0
2025-04-28,64.24923370562591,64.42402800507354,63.394644282283835,64.27836608886719,7123500.0
2025-04-29,64.14240715544166,65.45341620594003,63.821936136038914,65.30774688720703,8891500.0
2025-04-30,65.07469077229523,65.26891162212902,63.56945325440657,64.94844055175781,13763500.0
2025-05-01,65.54080874698518,65.67676479250416,64.03557898329674,64.14240264892578,11487900.0
2025-05-02,64.190968471406,65.42429382834996,64.08414478193681,65.15237426757812,13333200.0
2025-05-05,65.06496458448828,65.09409696527229,63.97730877790784,64.19095611572266,7117800.0
2025-05-06,63.90933552402189,64.95814576483642,63.462621697537834,64.61825561523438,7943000.0
2025-05-07,64.34634429636853,66.0166700912574,64.06471890917915,65.4145736694336,9961300.0
2025-05-08,65.32716965513139,67.37623126838292,64.97757364331027,66.34684753417969,13030100.0
2025-05-09,66.69644444498184,68.45416723292426,66.47308384437443,68.27936553955078,17326200.0
2025-05-12,68.86205058446004,68.9397344721585,66.71587111382438,67.67728424072266,18943800.0
2025-05-13,68.0463133518428,70.38671388110235,67.93948966076992,70.02739715576172,22962500.0
2025-05-14,69.72634385159299,70.34785938934678,68.70666598640807,70.1050796508789,15238900.0
2025-05-15,70.89168194421731,72.66883136564833,70.35756356868903,72.39691925048828,17789900.0
2025-05-16,72.39692276342461,72.83392333984375,71.58117896931246,72.83392333984375,12829800.0
2025-05-19,72.07644819524383,72.10558057770609,71.04706449997981,71.72684478759766,14438400.0
2025-05-20,71.86280112063199,73.03785414176178,71.69771268001323,72.2609634399414,8046700.0
2025-05-21,71.93078394651765,72.19298281621809,69.29905234879112,69.4738540649414,16133100.0
2025-05-22,66.91009067756632,67.00720108138172,62.035073574638794,65.00669860839844,40207600.0
2025-05-23,65.07468505552386,65.98753186041026,64.0647204252018,65.80302429199219,17161100.0
2025-05-27,65.79331811827558,66.3954146192361,65.52140595947102,66.07494354248047,10910700.0
2025-05-28,65.92925913464073,66.18175211400747,64.8998755089094,65.2688980102539,7835700.0
2025-05-29,64.84161219883725,67.10432124103573,64.84161219883725,66.99749755859375,11570200.0
2025-05-30,66.81298304359872,68.64839716528118,66.52164441102563,68.59983825683594,18802700.0
2025-06-02,68.28363208874329,68.72416866300604,67.58855945408413,68.67522430419922,9366900.0
2025-06-03,68.8220680040233,69.5856686683405,68.39131584712648,69.4583969116211,11014300.0
2025-06-04,69.65420102365552,69.65420102365552,68.32279197412421,68.41089630126953,10894900.0
2025-06-05,68.82207225439289,70.48632983227711,68.28363202501843,69.99684143066406,10967200.0
2025-06-06,70.11431887267118,70.7702315152294,69.96747086354621,70.6429672241211,9286000.0
2025-06-09,70.71149950927942,70.93665999687691,69.82062701147949,70.38843536376953,7062600.0
2025-06-10,70.78003167144226,71.52404872529301,70.41780753567218,71.27930450439453,9888000.0
2025-06-11,71.29888487323856,71.94500570215861,71.03455694445269,71.4653091430664,12000200.0
2025-06-12,71.87647496857582,72.86524362934219,71.71984256422684,72.28764343261719,11022200.0
2025-06-13,72.23870077723782,73.66800604474959,71.84710855363176,73.2078857421875,13213400.0
2025-06-16,73.6190577178943,73.71696138020329,71.03455937575337,72.22891235351562,14546000.0
2025-06-17,71.78837077751085,72.07227494674378,68.96891280388745,70.34927368164062,12971300.0
2025-06-18,70.45696086265129,70.91708114958762,69.87936067192263,70.06536865234375,7203300.0
2025-06-20,70.35907062063758,71.03455958475223,69.99684648843058,70.02621459960938,15182700.0
2025-06-23,70.28074741087228,70.79960393491194,68.65564229052121,69.24303436279297,8671300.0
2025-06-24,69.52693268581744,70.10453291190538,69.19408414152997,69.8989486694336,9001300.0
2025-06-25,69.15492498930558,69.6346215607479,68.66543655791526,68.8612289428711,12839000.0
2025-06-26,68.9199658863754,69.7031428185274,68.812277844492,69.49755859375,8010800.0
2025-06-27,70.00663414678813,70.31011456942225,68.87101745602759,69.39966583251953,14275000.0
2025-06-30,66.40399422449052,68.21509970399251,65.78723409666566,67.96056365966797,20894500.0
2025-07-01,68.10741339593054,71.61215201509673,66.12009175353742,71.52404022216797,23841100.0
2025-07-02,71.25971807162347,72.19953484931423,71.05413385172236,71.48487854003906,11240100.0
2025-07-03,71.46530065939328,73.47220592578431,70.9464441921116,72.32679748535156,8560900.0
2025-07-07,72.15058399096792,73.28620061401378,71.95479162720135,73.17851257324219,11368300.0
2025-07-08,71.328252995499,71.85690138416047,69.76189154890979,70.93666076660156,19550700.0
2025-07-09,71.33803812755808,72.33659112152604,71.15203015584844,72.10163879394531,8818700.0
2025-07-10,71.7589984158917,73.26661603088766,71.46530240471077,73.0708236694336,6955100.0
2025-07-11,72.29742865647967,72.87502880019241,71.9352120533543,72.83586883544922,8094100.0
2025-07-14,72.83588063256109,74.23581785562794,72.61071266606749,73.4624252319336,10420500.0
2025-07-15,73.75610691874888,73.95190675587995,72.63028959849568,73.12956237792969,8880100.0
2025-07-16,73.48199375838678,73.72673795019489,72.69881682600082,73.19808959960938,8906300.0
2025-07-17,72.94355941879115,73.8833761984523,72.80650327190307,73.59947204589844,7174600.0
2025-07-18,73.66800595444383,74.7448789662901,73.39389363895573,74.35328674316406,7986300.0
2025-07-21,74.73508882200433,75.47911331612008,74.36308030944676,74.56866455078125,8349900.0
2025-07-22,74.74487397163588,75.96859491900713,74.74487397163588,75.90985870361328,9032600.0
2025-07-23,75.87070491645436,76.81052178430069,70.55486038935437,71.28909301757812,21219500.0
2025-07-24,71.39677943176738,71.43593940065568,69.84999427118109,70.45696258544922,11166100.0
2025-07-25,70.58422938092139,71.19119771667323,69.58567628042708,70.33948516845703,8074800.0
2025-07-28,70.38844211563335,70.78003437784433,69.4779932803183,69.8402099609375,8157200.0
2025-07-29,70.1338975110899,70.76044206696896,69.55630478292025,70.4373779296875,7588500.0
2025-07-30,70.38843103678539,70.49611907866878,69.4388223778136,69.49755859375,6940300.0
2025-07-31,68.92976445953101,69.72273332791227,68.22489992363626,69.56609344482422,8845200.0
2025-08-01,69.92831255209839,70.28074479474232,68.86122396492641,68.91996765136719,6628500.0
2025-08-04,69.0178654721268,69.71293811464406,68.70459319002043,69.04723358154297,6543600.0
2025-08-05,69.37029857585911,70.42759534184015,69.17450619801097,69.6835708618164,7178900.0
2025-08-06,69.93811040625494,70.00663848880974,69.00807789272446,69.0570297241211,7720200.0
2025-08-07,69.18428890397273,71.13245812042611,69.18428890397273,71.05413818359375,7418600.0
2025-08-08,71.1324547605798,71.46530327289524,70.71149445623973,70.88771057128906,5575700.0
2025-08-11,71.26951247174343,71.4848810890816,69.62483118488781,70.92686462402344,8420000.0
2025-08-12,71.16182622092794,71.24993054810353,69.64440918823477,70.34927368164062,8671100.0
2025-08-13,70.38842947558987,70.78980605725286,69.70314127253138,70.78002166748047,8122300.0
2025-08-14,70.29053823970231,70.98561088143053,69.84999419195884,70.72128295898438,6781000.0
2025-08-15,70.72128378281764,75.07773513769399,70.27095533936757,73.82464599609375,23398400.0
2025-08-18,74.50992075588735,75.68468986380759,73.72673637127396,74.12812042236328,12568400.0
2025-08-19,74.20643955987089,74.97004021874083,73.8637917271474,74.9015121459961,8047300.0
2025-08-20,75.1070937497704,75.6357420649705,74.23580508277381,74.57844543457031,11011600.0
2025-08-21,74.8623606754952,75.79238569242526,73.99107187929738,74.48056030273438,8637100.0
2025-08-22,75.03856397471263,75.46930863475724,73.8442112307267,74.71549987792969,13128900.0
2025-08-25,74.21623067131166,74.5980310353263,73.53094988179835,73.73653411865234,6337700.0
2025-08-26,73.85400884998772,74.15748925421543,72.86524023527821,73.26661682128906,7162700.0
2025-08-27,73.33514639078332,73.43304256459214,71.85688951857242,72.33658599853516,10119000.0
2025-08-28,72.27444407265651,72.49148564319943,70.93273938817055,71.12017822265625,10917200.0
2025-08-29,71.42601662775326,71.8502322120091,70.85381746261606,71.08072662353516,11280500.0
2025-09-02,71.29776045760326,71.68252077740573,70.52825487151344,71.67265319824219,8661500.0
2025-09-03,71.14978007892817,71.65291368432115,70.40000216998493,70.66636657714844,7722300.0
2025-09-04,71.08072133426427,71.52466451711597,69.21614792347587,69.91659545898438,14596800.0
2025-09-05,70.29148752206633,70.76503348661998,69.31480790819927,69.94619750976562,10067600.0
2025-09-08,69.87713546342573,69.88699551552244,68.30852160295485,68.83139038085938,12596500.0
2025-09-09,68.72287707127192,69.37399426678336,68.60448870538015,69.12735748291016,7294500.0
2025-09-10,69.0582949527754,70.37040436329977,68.68340977552137,70.08430480957031,9254400.0
2025-09-11,70.01525230089969,70.47893066476112,69.56144151601075,70.36054229736328,7418300.0
2025-09-12,70.19282542821055,71.51479488714004,69.85739551101139,70.67623138427734,9345600.0
2025-09-15,70.61704202816281,71.22869640267682,70.34081004912333,70.53811645507812,10399100.0
2025-09-16,70.33094473784519,70.57758151661722,68.83138890792718,68.89058685302734,7930200.0
2025-09-17,69.33453290240142,70.05471563787816,69.15695411329466,69.36412811279297,10799600.0
2025-09-18,69.0582962686021,70.13362898336985,68.43677431181719,69.8376693725586,8488500.0
2025-09-19,70.02511846002795,70.43946644738287,69.42332410978318,70.12377166748047,14819300.0
2025-09-22,70.43946176812099,71.56412481723476,70.31120583287117,71.37667846679688,9856700.0
2025-09-23,71.13004248498656,71.64305117812539,70.75515730673652,71.34708404541016,7795900.0
2025-09-24,71.2188400352513,72.88609957406014,71.08072403858685,72.83677673339844,11281800.0
2025-09-25,73.06367760656362,73.90224868350352,72.59999925392829,73.64574432373047,12916500.0
2025-09-26,73.72466951695449,74.83946505182685,73.62600878364564,74.82959747314453,8271500.0
2025-09-29,74.66188466043089,75.26367899221216,74.25739673750113,75.18475341796875,10366000.0
2025-09-30,75.43139345887965,75.6681626651059,74.10942390346264,74.47444152832031,9392700.0
2025-10-01,75.30313965805314,77.64125139678318,75.19461887821471,77.61165618896484,15044800.0
2025-10-02,77.58206854468757,77.82870533622759,76.496868167263,77.12825775146484,9266600.0
2025-10-03,77.39461454944617,80.26547013297184,76.60538141032985,78.98295593261719,12116600.0
2025-10-06,79.07175485932099,81.26189071670026,79.07175485932099,81.00538635253906,15767600.0
2025-10-07,82.01165822635416,83.4717512552602,81.30135063238707,82.09058380126953,16109700.0
2025-10-08,82.57398628290741,83.25470616593304,81.75515793975754,82.90941619873047,13775600.0
2025-10-09,83.32376498091809,83.67892252975868,82.32735032851768,82.58385467529297,7486100.0
2025-10-10,82.77131032228642,83.68879950535613,82.0807227767699,82.22870635986328,10285600.0
2025-10-13,82.01165823755267,83.88609924488475,81.89327740192054,83.16592407226562,8424300.0
2025-10-14,83.03767203677937,83.6986568226701,82.30762925126957,83.50135040283203,8912900.0
2025-10-15,83.92556437594504,85.3264594995969,83.68879517131198,84.63587951660156,9268600.0
2025-10-16,85.0600963703221,85.57309757590376,83.83678001335244,83.90583801269531,8333700.0
2025-10-17,84.30044375971578,84.66546888368474,83.03766471980569,83.392822265625,9142200.0
2025-10-20,84.04395605780628,84.1919321123174,83.17578972863383,83.62960052490234,5225700.0
2025-10-21,83.85650688176128,83.96502766927826,81.9130078121028,82.86009216308594,7282200.0
2025-10-22,82.93901936681709,83.08700294603779,81.36054541756386,81.7255630493164,9208900.0
2025-10-23,82.76144023628083,82.76144023628083,81.45919829266504,82.13005065917969,5630800.0
2025-10-24,82.45560867813688,83.63946219107677,82.23856711118792,83.27444458007812,6249800.0
2025-10-27,82.86009305641352,86.1157016635076,82.66278663703218,84.87265014648438,18741000.0
2025-10-28,86.34260571840981,86.35247329768328,81.79463015183461,82.44574737548828,13998100.0
2025-10-29,82.1793786937068,82.66278467846773,79.95964765785135,80.66009521484375,11681500.0
2025-10-30,80.71928869056559,81.46906664300568,80.34440347772431,80.54170989990234,7620100.0
2025-10-31,80.24574132300533,80.92646126298811,79.77220290743615,80.30493927001953,9407300.0
2025-11-03,80.20628641146132,80.99551961644754,79.51569888949628,80.67982482910156,8508200.0
2025-11-04,80.67981956052247,81.10403510894987,79.71300763036687,80.59103393554688,6474500.0
2025-11-05,80.32466563501146,81.51838676083686,80.01883843282896,81.03498077392578,7291000.0
2025-11-06,81.01525421169298,81.8538177791222,80.88699826579001,80.89686584472656,6212700.0
2025-11-07,80.80808137176328,82.86996132034248,80.52198179256548,82.8009033203125,9167100.0
2025-11-10,83.04754130580498,84.32018806190385,82.56413529863426,83.62960052490234,11701700.0
2025-11-11,83.5506799532247,84.67534309415785,83.4125639553387,84.60628509521484,11733900.0
2025-11-12,84.28072442557307,85.09956037718202,83.86637642358693,84.73453521728516,7604800.0
2025-11-13,84.62601244651273,84.77399602283201,82.80090174326116,82.86009216308594,11859300.0
2025-11-14,82.38654643370253,83.35335832983945,81.41972701080893,82.7515640258789,8352100.0
2025-11-17,82.56412806927223,84.61614028864632,82.56412806927223,84.5964126586914,11607900.0
2025-11-18,84.96144350060908,85.52377507658078,83.4816227715512,83.50135040283203,11061200.0
2025-11-19,83.97489309015803,84.19192713285726,82.7910320367843,83.13632202148438,11138700.0
2025-11-20,83.64933004686338,85.32645711688008,83.06726334022939,83.16592407226562,10967000.0
2025-11-21,83.60989092073622,84.09657027203869,81.08709217143812,82.91463470458984,13930100.0
2025-11-24,83.20266980880257,84.215766168908,82.44782231515632,83.65956115722656,13291500.0
2025-11-25,84.11644191612089,84.76203374825349,83.60989375420522,84.2554931640625,7916800.0
2025-11-26,84.67264883049695,85.10967137836502,84.11644382610113,84.96068572998047,6550600.0
2025-11-28,84.86136266747762,85.88438581189892,84.57332577418114,85.70560455322266,4123300.0
2025-12-01,85.01034230548109,85.08980232807737,83.81847227743623,84.07671356201172,7986600.0
2025-12-02,84.33495379547934,84.70244313438847,83.67941998381752,84.00718688964844,7087000.0
2025-12-03,84.08665023673542,85.38777593665965,83.92773018723855,84.37467956542969,9615100.0
2025-12-04,83.9475854422564,84.23562232821811,82.17964169465812,82.82524108886719,12489600.0
2025-12-05,82.9444326516401,83.62975449035261,82.49747571920189,82.56700134277344,8194600.0
2025-12-08,82.57693405188004,82.59680284547987,79.86542721028898,80.00447845458984,18136600.0
2025-12-09,80.25278690750822,80.59048062809622,78.96158809622847,79.10063934326172,13760400.0
2025-12-10,79.50786565898687,81.36519626351132,79.10063874026199,80.71959686279297,13341100.0
2025-12-11,80.69974130424224,81.85188894047855,80.5209600357823,80.6600112915039,9494100.0
2025-12-12,81.28573872051976,81.71282686837296,80.77919812806407,81.09703063964844,7783100.0
2025-12-15,81.45459316239646,81.68303125443143,79.98461306024073,81.09703063964844,9489800.0
2025-12-16,81.08709673470533,81.29567361128714,79.64691981547266,80.7692642211914,6616600.0
2025-12-17,80.42163372705451,80.7593274474714,79.11057370017342,79.7462387084961,10212000.0
2025-12-18,79.85549509963451,80.63021136226808,79.4582025712334,80.30244445800781,9201300.0
2025-12-19,80.02434304477173,80.59048244264687,78.99138548803509,79.0013198852539,30492300.0
2025-12-22,78.48483610965603,79.63698368210525,78.18687239720255,79.49793243408203,7136200.0
2025-12-23,79.48799864700496,80.15345927875494,79.20989614882436,79.24962615966797,7875000.0
2025-12-24,79.59725325926304,79.9250201612163,79.15030390403562,79.9051513671875,3011300.0
2025-12-26,79.9349583662214,80.09387083739887,79.50787020695223,79.86543273925781,3636400.0
2025-12-29,79.87535741254788,80.69973809419484,79.67671493448286,79.72637176513672,5854600.0
2025-12-30,79.65684460877164,80.12366275874791,79.60718777907235,79.98461151123047,4075900.0
2025-12-31,80.14353216316505,80.14353216316505,79.66677961252819,79.7363052368164,5036200.0
2026-01-02,79.90515205169606,80.47129144277214,79.05097576653222,80.38190460205078,8852900.0
2026-01-05,80.61035175329687,80.7891254380314,78.71328349177087,80.7692642211914,8301900.0
2026-01-06,80.69974111832141,81.03743485923157,79.95482043107536,80.5010986328125,7254500.0
2026-01-07,80.12366755881486,80.24285759713798,77.82931425960169,77.83924865722656,9859900.0
2026-01-08,77.9186950087153,79.4184706682743,77.84916938623108,78.95165252685547,8696700.0
2026-01-09,79.65684372265004,80.3719687463415,79.32908440156194,79.34894561767578,5842200.0
2026-01-12,79.30921450494161,80.6004132884,78.98144761068649,80.57061767578125,11088100.0
2026-01-13,80.61035218401295,81.37513406889929,79.87535833568333,81.08709716796875,8543000.0
2026-01-14,80.39183950724565,82.07038889688368,80.39183950724565,81.42479705810547,10282400.0
2026-01-15,81.42480019310526,82.11012206919398,80.9877776338356,81.63337707519531,7419300.0
2026-01-16,82.43788328859665,83.48077520466269,81.5837070242077,83.06361389160156,12874900.0
2026-01-20,82.44782134284848,83.3615888734705,81.96113438564177,82.9444351196289,10054800.0
2026-01-21,83.47084303708826,83.81847115915298,82.6365279664082,83.2821273803711,8296600.0
2026-01-22,84.00718659717324,84.93088850638324,83.10334590443323,84.49386596679688,9802300.0
2026-01-23,84.67264876824991,84.67264876824991,83.62975680804956,84.23562622070312,13301700.0
2026-01-26,84.6925090029791,85.69567094015835,84.26542085766316,84.89115905761719,10990600.0
2026-01-27,83.92772936879126,88.35752340603005,83.23247310333505,86.55978393554688,15472300.0
2026-01-28,87.12592198853106,88.0198283000004,86.47038816754527,86.97693634033203,8200000.0
2026-01-29,87.98009433695886,88.5859637220904,87.04645805605622,87.58280181884766,11202400.0
2026-01-30,87.30470275878906,87.69206089528853,85.57648895150486,87.30470275878906,10205300.0
2026-02-02,87.54307792731926,88.14894735479274,85.73540404242011,85.7453384399414,9423100.0
2026-02-03,86.09296143331076,88.28799333544835,86.09296143331076,88.21846771240234,9600200.0
2026-02-04,89.12230714759006,90.07580464081363,88.35751772701866,89.36067962646484,12182700.0
2026-02-05,89.39047799213422,89.87715736166182,87.49340976632662,88.60582733154297,9799400.0
2026-02-06,89.9168858198277,90.37376956790538,87.79137954159803,88.86406707763672,8225200.0
2026-02-09,88.73494172700391,89.17196425440875,88.14894113591517,88.8740005493164,6528800.0
2026-02-10,89.12231023358042,91.3372033976732,88.66541889814025,90.21485900878906,7213700.0
2026-02-11,90.74127197265625,90.96971007166833,89.8473656384839,90.74127197265625,7305000.0
2026-02-12,90.76113299698035,92.95616502650392,90.6121549230393,91.30741119384766,9181600.0
2026-02-13,90.90018391944193,94.29702796967825,90.4631689412678,93.16474914550781,10402800.0
2026-02-17,94.26722790126793,94.91281972942194,91.65503466448153,92.08212280273438,9455400.0
2026-02-18,92.37016246043538,92.38009685773171,89.97648041958283,90.60221862792969,9064800.0
2026-02-19,90.44329724166259,91.5557148128954,90.41350162794002,91.01937103271484,8483500.0
2026-02-20,91.56565186569895,91.82388557726723,90.69160675662177,91.55571746826172,7175600.0
2026-02-23,92.31057125197297,93.55210569391268,91.96293554604996,93.42298126220703,8433600.0
2026-02-24,93.76068287916209,95.19092540812706,93.28393031769052,95.03201293945312,11597600.0
2026-02-25,95.05187434061212,95.26045879634606,93.1746748608059,94.46587371826172,9025500.0
2026-02-26,93.97918997309921,94.35661369991804,91.22794551958638,91.36699676513672,20015700.0
2026-02-27,90.9000015258789,94.13999938964844,90.6500015258789,93.7699966430664,25138500.0
2026-03-02,93.4000015258789,93.6500015258789,91.75,92.70999908447266,10147800.0
2026-03-03,91.3499984741211,93.0999984741211,90.33000183105469,92.58999633789062,11307700.0
2026-03-04,92.55999755859375,93.0999984741211,91.62999725341797,92.5999984741211,9384300.0
2026-03-05,92.30000305175781,92.37999725341797,89.9000015258789,91.12999725341797,12086800.0
2026-03-06,90.55000305175781,91.62999725341797,90.01000213623047,91.0199966430664,9745100.0
2026-03-09,90.2699966430664,92.19000244140625,89.6500015258789,92.01000213623047,9563600.0
2026-03-10,91.70999908447266,92.13999938964844,91.05999755859375,91.54000091552734,7485900.0
2026-03-11,91.54000091552734,92.45999908447266,91.0999984741211,91.66000366210938,9734300.0
2026-03-12,91.19999694824219,92.7300033569336,90.80999755859375,91.7300033569336,8730000.0
2026-03-13,92.7300033569336,93.9000015258789,92.30999755859375,92.77999877929688,7504400.0
2026-03-16,93.9000015258789,94.44000244140625,92.23999786376953,92.81999969482422,8466100.0
2026-03-17,93.58000183105469,93.70999908447266,92.2699966430664,92.52999877929688,5496600.0
2026-03-18,92.26000213623047,92.52999877929688,90.61000061035156,90.95999908447266,7053700.0
2026-03-19,90.6500015258789,92.45999908447266,90.30000305175781,92.41000366210938,10538400.0
2026-03-20,92.73999786376953,94.20999908447266,89.16999816894531,89.5,21860800.0
2026-03-23,91.04000091552734,91.41000366210938,90.1500015258789,90.2300033569336,10284300.0
2026-03-24,90.29000091552734,92.5,90.05000305175781,91.62000274658203,8808000.0
2026-03-25,92.41000366210938,92.56999969482422,91.06999969482422,91.16000366210938,8639900.0
2026-03-26,91.69999694824219,92.0,90.56999969482422,91.16000366210938,6537800.0
2026-03-27,91.22000122070312,92.22000122070312,90.69999694824219,91.4000015258789,7749600.0
2026-03-30,92.70999908447266,92.9800033569336,91.5,92.05000305175781,9362100.0
2026-03-31,92.26000213623047,92.98999786376953,91.36000061035156,92.87999725341797,13914200.0
2026-04-01,92.7300033569336,93.87000274658203,92.23999786376953,92.8499984741211,7759400.0
2026-04-02,93.04000091552734,94.27999877929688,92.73999786376953,93.1500015258789,10419000.0
2026-04-06,92.93000030517578,93.66000366210938,92.52999877929688,92.7300033569336,4790100.0
2026-04-07,92.87000274658203,93.66999816894531,92.16000366210938,93.66999816894531,6125400.0
2026-04-08,93.08000183105469,94.33999633789062,92.0199966430664,94.16999816894531,6935100.0
2026-04-09,94.0,96.20999908447266,93.97000122070312,94.4800033569336,7349000.0
2026-04-10,94.3499984741211,94.81999969482422,93.91999816894531,94.08000183105469,5323100.0
2026-04-13,93.8499984741211,94.04000091552734,91.93000030517578,92.30000305175781,6111500.0
2026-04-14,91.69000244140625,91.87000274658203,90.58000183105469,91.30999755859375,9370600.0
2026-04-15,90.16999816894531,91.29000091552734,89.9800033569336,91.23999786376953,9144800.0
2026-04-16,90.80000305175781,91.86000061035156,90.56999969482422,91.83000183105469,7734300.0
2026-04-17,91.05999755859375,92.0199966430664,90.45999908447266,91.9800033569336,8148800.0
2026-04-20,92.08000183105469,93.08000183105469,91.56999969482422,92.01000213623047,7734800.0
2026-04-21,92.5,92.58999633789062,90.55999755859375,90.5999984741211,8625800.0
2026-04-22,91.36000061035156,92.18000030517578,89.9000015258789,90.0,9477100.0
2026-04-23,92.5999984741211,96.69999694824219,92.31999969482422,96.25,17524900.0
2026-04-24,97.23999786376953,97.62999725341797,95.13999938964844,95.27999877929688,9761900.0
2026-04-27,95.86000061035156,96.9000015258789,94.7699966430664,94.83000183105469,7773800.0
2026-04-28,95.87000274658203,96.62000274658203,95.1500015258789,96.51000213623047,7245100.0
2026-04-29,96.58000183105469,97.0,93.66000366210938,94.16999816894531,9091700.0
2026-04-30,94.58999633789062,98.02999877929688,94.44000244140625,97.87999725341797,17551200.0
2026-05-01,98.0,98.75,96.68000030517578,96.94999694824219,7106200.0
2026-05-04,96.06999969482422,96.83000183105469,94.9800033569336,95.51000213623047,6806600.0
2026-05-05,95.93000030517578,97.05999755859375,95.30000305175781,96.27999877929688,7187400.0
2026-05-06,96.12999725341797,96.70999908447266,95.0199966430664,95.38999938964844,8242900.0
2026-05-07,94.31999969482422,94.8499984741211,92.72000122070312,93.31999969482422,9681800.0
2026-05-08,93.87999725341797,94.37000274658203,92.58000183105469,93.0999984741211,6230100.0
2026-05-11,94.0,95.80000305175781,94.0,94.83999633789062,7233800.0
2026-05-12,94.69999694824219,95.08000183105469,93.5999984741211,94.58999633789062,6922400.0
2026-05-13,94.0999984741211,95.4000015258789,93.31999969482422,94.8499984741211,6775700.0
2026-05-14,94.77999877929688,95.72000122070312,94.20999908447266,95.68000030517578,5438200.0
2026-05-15,94.66000366210938,95.08000183105469,92.69999694824219,93.36000061035156,11418400.0
2026-05-18,91.12000274658203,91.5999984741211,86.62999725341797,89.04000091552734,39950600.0
2026-05-19,88.94999694824219,90.2699966430664,87.36000061035156,90.05999755859375,25749400.0
2026-05-20,90.0199966430664,90.69000244140625,88.08999633789062,88.2699966430664,15748800.0
2026-05-21,88.97000122070312,89.8499984741211,88.45999908447266,89.69000244140625,12490600.0
2026-05-22,89.70999908447266,89.83999633789062,87.94999694824219,88.55000305175781,10755400.0
2026-05-26,89.12999725341797,89.5,87.52999877929688,87.6500015258789,11759500.0
2026-05-27,87.52999877929688,88.08999633789062,86.93000030517578,87.6500015258789,10856200.0
2026-05-28,87.70999908447266,88.45999908447266,87.02999877929688,87.25,12968200.0
2026-05-29,87.0199966430664,87.20999908447266,85.69000244140625,87.01000213623047,25347000.0
2026-06-01,85.88999938964844,86.19999694824219,83.56999969482422,83.66000366210938,14192200.0
2026-06-02,84.29000091552734,85.76000213623047,84.11000061035156,85.68000030517578,11700100.0
2026-06-03,85.66000366210938,86.30000305175781,84.5199966430664,84.58000183105469,11894800.0
2026-06-04,84.42165341541758,85.28533015050331,83.65724804008535,85.05699920654297,9488900.0
2026-06-05,85.08000183105469,86.0999984741211,84.61000061035156,85.83999633789062,11843200.0
2026-06-08,85.70999908447266,86.13999938964844,83.9800033569336,84.01000213623047,9541700.0
2026-06-09,84.11000061035156,85.05999755859375,83.37999725341797,84.83000183105469,12217300.0
2026-06-10,85.29000091552734,85.33000183105469,84.51000213623047,85.12000274658203,9142900.0
2026-06-11,85.2699966430664,85.87999725341797,84.7300033569336,84.83999633789062,8639100.0
2026-06-12,85.19000244140625,86.0199966430664,84.87999725341797,85.98999786376953,9973600.0
2026-06-15,85.52999877929688,86.66000366210938,85.06999969482422,86.12000274658203,10284300.0
2026-06-16,86.25,87.38999938964844,85.87000274658203,86.2300033569336,10342600.0
2026-06-17,86.26000213623047,86.91000366210938,85.27999877929688,85.7300033569336,9603400.0
2026-06-18,85.7699966430664,87.58000183105469,85.66999816894531,86.75,19303400.0
