date,open,high,low,close,volume
2016-06-06,1.1437358852059865,1.1525716751575006,1.12900968565356,1.1349002122879028,322512000.0
2016-06-07,1.1417725944440325,1.148153960287778,1.1366184413471876,1.1371092796325684,193400000.0
2016-06-08,1.137354799048819,1.141527275942764,1.1241012279074616,1.1334278583526611,234616000.0
2016-06-09,1.1295008376139555,1.1645982333282365,1.127046412077696,1.1628801822662354,472168000.0
2016-06-10,1.1491355591820553,1.159443863629102,1.1324457729390947,1.1339184045791626,400024000.0
2016-06-13,1.1351460190262006,1.1707343760224398,1.1351460190262006,1.1483995914459229,475588000.0
2016-06-14,1.145699330168131,1.1560076334677265,1.1329366020638227,1.1506080627441406,298344000.0
2016-06-15,1.1601803891805773,1.1724521650693744,1.1474176579921482,1.1623892784118652,301036000.0
2016-06-16,1.153799174629459,1.1690162161743227,1.142509073795057,1.1670527458190918,246456000.0
2016-06-17,1.1685253720198963,1.1687707911838945,1.142018112739284,1.1466814279556274,471000000.0
2016-06-20,1.1650890701964116,1.1822695790696138,1.1643526957970234,1.1672979593276978,293768000.0
2016-06-21,1.1722068068666023,1.1753974898295585,1.1584622813979248,1.1601804494857788,212508000.0
2016-06-22,1.1626346242814238,1.1702432020950961,1.157235052593283,1.159198522567749,202620000.0
2016-06-23,1.1702432050648208,1.191350770669128,1.1695068306766292,1.1901235580444336,297880000.0
2016-06-24,1.1412815543031896,1.162389118276159,1.1118291557874316,1.1223828792572021,1017684000.0
2016-06-27,1.1130562965254442,1.1216466675501116,1.093912201602037,1.1103565692901611,449088000.0
2016-06-28,1.1314640565497156,1.1326911520118834,1.1110927504432035,1.126555323600769,381920000.0
2016-06-29,1.1363730094007127,1.1537990557033244,1.1334277456547153,1.144963264465332,318932000.0
2016-06-30,1.1469267359139286,1.1609166802064979,1.137600223418997,1.153799057006836,430940000.0
2016-07-01,1.147417603342749,1.1623892230493953,1.1412816571738722,1.1452085971832275,218488000.0
2016-07-05,1.1388272539970714,1.164107296527468,1.1297461611616373,1.1621438264846802,371084000.0
2016-07-06,1.1540443310638961,1.176379108482723,1.1481538043057866,1.1695067882537842,273104000.0
2016-07-07,1.1773614263028027,1.20411411336408,1.1719618518553372,1.199941635131836,395400000.0
2016-07-08,1.2127040576368584,1.2539375226491836,1.20804074212752,1.2480469942092896,481932000.0
2016-07-11,1.2659637007559814,1.2860894749936664,1.264491068856462,1.2767629623413086,448776000.0
2016-07-12,1.2909982867309653,1.307687958373076,1.2747993363291628,1.2959070205688477,436760000.0
2016-07-13,1.2983610220999067,1.305724179633151,1.2934522894222167,1.2954157590866089,324604000.0
2016-07-14,1.302287844267635,1.3204501402055642,1.2914885875054136,1.308669090270996,316892000.0
2016-07-15,1.291979869549123,1.299343028288494,1.2723449356220504,1.293452501296997,428616000.0
2016-07-18,1.3094059748593612,1.3113694449360838,1.295170611994597,1.300079345703125,252992000.0
2016-07-19,1.299343005278214,1.3187325197428414,1.2968885800640768,1.3135783672332764,382652000.0
2016-07-20,1.3179960804387785,1.3378765491869535,1.3125965090804779,1.330758810043335,296460000.0
2016-07-21,1.3278135698886875,1.3319860458065305,1.3017972720208357,1.3062151670455933,361308000.0
2016-07-22,1.3108786351897463,1.3418036699295044,1.3013065866948872,1.3418036699295044,315768000.0
2016-07-25,1.349903210960541,1.3697835671893395,1.3440126830260273,1.3665928840637207,312528000.0
2016-07-26,1.37861928670875,1.3970270099874498,1.3766558165114866,1.3899093866348267,514508000.0
2016-07-27,1.401935520642566,1.4043899457731968,1.367574388047759,1.375919222831726,446676000.0
2016-07-28,1.3791100650927626,1.389172951820886,1.3746921695657408,1.3788646459579468,221916000.0
2016-07-29,1.384018629728273,1.4051261941773645,1.3592295446400253,1.401444673538208,409588000.0
2016-08-01,1.4073352849084064,1.4124894375201889,1.3832824556866505,1.3923635482788086,301120000.0
2016-08-02,1.3989906755387376,1.3997270501114447,1.3621752238404552,1.3754287958145142,282748000.0
2016-08-03,1.3737105256904558,1.3818099424991939,1.3661019471630207,1.3791100978851318,299828000.0
2016-08-04,1.3857368705276707,1.4110169143257532,1.3830371429709982,1.4046355485916138,272712000.0
2016-08-05,1.4208344951607912,1.4291793317004091,1.4139622906026892,1.4284430742263794,371588000.0
2016-08-08,1.44807777059224,1.4515138723001972,1.4264792498087435,1.4416964054107666,305064000.0
2016-08-09,1.4488145256254126,1.4593683705252862,1.4416969006473066,1.4453784227371216,372344000.0
2016-08-10,1.458140849868444,1.4603497392496407,1.4313881729770734,1.4360514879226685,375740000.0
2016-08-11,1.4436599549683171,1.4713943063115746,1.4407146913324336,1.4652583599090576,681064000.0
2016-08-12,1.5192547608203344,1.5555793719999926,1.4880843032093958,1.5472345352172852,1425744000.0
2016-08-15,1.548952626159338,1.5585246760469587,1.5248997918545575,1.5457619428634644,573304000.0
2016-08-16,1.5435526302042142,1.5460069382795347,1.5317716939691286,1.5364350080490112,287652000.0
2016-08-17,1.536435332177058,1.539871434427449,1.4888205049166008,1.5008468627929688,595212000.0
2016-08-18,1.4986377846140941,1.5266175544387681,1.49274725747903,1.5241632461547852,331684000.0
2016-08-19,1.5234268050895654,1.5396256369687815,1.5168000208692893,1.5280901193618774,291560000.0
2016-08-22,1.532753341900706,1.53668039859504,1.5145910411605181,1.5344713926315308,244748000.0
2016-08-23,1.5500858683038827,1.5569707375576736,1.5424632674876793,1.546889305114746,339764000.0
2016-08-24,1.5522987157435348,1.5530363299475218,1.5159070516171222,1.5230377912521362,298448000.0
2016-08-25,1.5235299120734098,1.5242675264036478,1.4940232283793957,1.5129566192626953,406032000.0
2016-08-26,1.516890460472499,1.5338567574855193,1.504841825355363,1.5252506732940674,300024000.0
2016-08-29,1.531398292751252,1.5375454302156653,1.5218086035379135,1.5242674350738525,274652000.0
2016-08-30,1.522300298853541,1.5304146419922509,1.51123526416455,1.5154154300689697,285544000.0
2016-08-31,1.5183662377721174,1.5225462867471773,1.5038587675810398,1.5082846879959106,388544000.0
2016-09-01,1.50951387254387,1.55844579714304,1.5082843983317973,1.5527904033660889,428492000.0
2016-09-02,1.5559867243136458,1.5577079410435861,1.5200869270902087,1.5375449657440186,323148000.0
2016-09-06,1.5429546711127025,1.5520524978637695,1.5350862011867112,1.5520524978637695,306812000.0
2016-09-07,1.5471347176404011,1.5547573161955843,1.5203328628884973,1.5291848182678223,397988000.0
2016-09-08,1.527709683613212,1.54270901142826,1.5102516418106435,1.5402500629425049,315808000.0
2016-09-09,1.5232837747726204,1.531889860035744,1.4507464354145263,1.4635326862335205,697760000.0
2016-09-12,1.444107379128502,1.496727608640303,1.4094369336051837,1.4937769174575806,598260000.0
2016-09-13,1.4900885436780977,1.5073008299541724,1.4637784301303711,1.4721386432647705,471768000.0
2016-09-14,1.47558103500222,1.4900885011965546,1.4632866456547649,1.4851707220077515,319048000.0
2016-09-15,1.4876293050234703,1.5432002079395624,1.4841867549122378,1.5414789915084839,515212000.0
2016-09-16,1.546889259445554,1.5552494743282133,1.527464009446472,1.5451680421829224,902444000.0
2016-09-19,1.5613963881914759,1.6046729162375801,1.554265649267285,1.5655765533447266,417128000.0
2016-09-20,1.5835264451633333,1.5835264451633333,1.5427088656009162,1.5513149499893188,331112000.0
2016-09-21,1.555986817625637,1.5977879988580126,1.555740946256486,1.5948373079299927,336212000.0
2016-09-22,1.60418157036573,1.6090993508661204,1.5896741003022083,1.5987719297409058,308732000.0
2016-09-23,1.6007388510466563,1.6054106420293768,1.5899196889703469,1.597050428390503,276132000.0
2016-09-26,1.578854238548453,1.5884439238735528,1.5621338156863176,1.5820508003234863,230040000.0
2016-09-27,1.5759038396555363,1.6386056128624327,1.5751662255321037,1.6361466646194458,402752000.0
2016-09-28,1.638605924521596,1.643277833272573,1.6211477638730247,1.6420483589172363,319788000.0
2016-09-29,1.6393432996205262,1.662456968582102,1.6240982184855006,1.6572932004928589,336684000.0
2016-09-30,1.6663912873097828,1.7013076064896555,1.656555727561758,1.68483304977417,429932000.0
2016-10-03,1.6848328825955357,1.7091759081438127,1.6801609745914288,1.683111548423767,242596000.0
2016-10-04,1.6855704664393856,1.7138476680885062,1.6668828347589109,1.679423213005066,281624000.0
2016-10-05,1.6936848820091743,1.710897168926123,1.6725384183821808,1.6777020692825317,305440000.0
2016-10-06,1.6575392024952602,1.6678665042588137,1.6292618824654979,1.655817985534668,360212000.0
2016-10-07,1.66688281492007,1.6713088514099954,1.6390973563566766,1.6437692642211914,286260000.0
2016-10-10,1.6523754800553923,1.6612275537395946,1.6344255785419495,1.649916648864746,287876000.0
2016-10-11,1.644506893945705,1.646965724788722,1.613524757680365,1.6260651350021362,388540000.0
2016-10-12,1.6194263199672863,1.6420481290424291,1.6059024556992094,1.6334420442581177,419920000.0
2016-10-13,1.6142628772541838,1.617951183030333,1.5663144331677372,1.6068861484527588,390116000.0
2016-10-14,1.626556904661406,1.6376219367609965,1.6130330416780732,1.6226227283477783,330636000.0
2016-10-17,1.6223775287800104,1.637622614869393,1.6110666206333235,1.6132795810699463,195328000.0
2016-10-18,1.6356547297731847,1.6472115037600994,1.6290157344455762,1.6378676891326904,269372000.0
2016-10-19,1.626803276257209,1.6420483596229003,1.6184429444366293,1.6344257593154907,199060000.0
2016-10-20,1.6536048912010406,1.6708171778754877,1.6302454681598935,1.6654075384140015,312084000.0
2016-10-21,1.6595063713202896,1.6636864196062466,1.644998903520843,1.660735845565796,279508000.0
2016-10-24,1.6720465596629759,1.7406495966872488,1.6718005710426822,1.738682508468628,339836000.0
2016-10-25,1.7357318324540394,1.7777788857660306,1.7273716195161235,1.7672055959701538,397460000.0
2016-10-26,1.7524523812155555,1.7937618233043355,1.7507311642326158,1.774336576461792,333792000.0
2016-10-27,1.7878606115709617,1.7913030458653922,1.7308143398005924,1.7379450798034668,388664000.0
2016-10-28,1.7463053166433955,1.7728613039022156,1.7317978487614911,1.7349944114685059,290856000.0
2016-10-31,1.740649689221726,1.7613044097380297,1.7396660864355744,1.749747633934021,252388000.0
2016-11-01,1.7561409945843554,1.765730683352047,1.6791776130255662,1.6978652477264404,473224000.0
2016-11-02,1.7108973668506773,1.7340109215065767,1.6877836949456522,1.6907343864440918,295848000.0
2016-11-03,1.6986025329527379,1.7000778784196127,1.6386055805465407,1.67106294631958,309664000.0
2016-11-04,1.659997928750921,1.6899964638461793,1.6371302496840205,1.661473274230957,328780000.0
2016-11-07,1.710159446039764,1.7635174067743433,1.7089299718433273,1.7524523735046387,487580000.0
2016-11-08,1.759091332781466,1.7647468436158953,1.7335189500817345,1.749747633934021,429884000.0
2016-11-09,1.7022910486402323,1.7433546209261794,1.6897507864936945,1.7202409505844116,456532000.0
2016-11-10,1.7578618464637559,1.7581077178299176,1.641556248333935,1.6663910150527954,869280000.0
2016-11-11,1.9550655963079,2.182758967266286,1.9302307045938456,2.163087844848633,2175344000.0
2016-11-14,2.166038376485371,2.1684973252303106,2.05612599396707,2.0566177368164062,1348796000.0
2016-11-15,2.072600352622779,2.1503013477004838,2.063748278190341,2.119319438934326,626092000.0
2016-11-16,2.147596310454018,2.275950314494399,2.1232532854293034,2.253082752227783,987984000.0
2016-11-17,2.2698030334904797,2.33078358647386,2.228985339094854,2.2717702388763428,832988000.0
2016-11-18,2.2717705875382217,2.319472921860028,2.257263119773255,2.295621871948242,576060000.0
2016-11-21,2.313571486091982,2.319964610659471,2.2720160591541996,2.2862777709960938,436436000.0
2016-11-22,2.294146172082548,2.3049652160022016,2.271524364251846,2.3027522563934326,330368000.0
2016-11-23,2.3079246152365136,2.345601972702966,2.2845303280203524,2.3140811920166016,443236000.0
2016-11-25,2.3251626166624444,2.3419080814883455,2.3002904241415587,2.3187599182128906,195564000.0
2016-11-28,2.311618029424007,2.333042395020517,2.3049689750012723,2.317528247833252,278736000.0
2016-11-29,2.3148190183280453,2.325654495893426,2.2786193453485533,2.2963497638702393,444568000.0
2016-11-30,2.304968912247847,2.3187594997770784,2.2680304004697334,2.2704930305480957,440500000.0
2016-12-01,2.2680308598986696,2.2697546543328415,2.087524218908041,2.1582000255584717,1035524000.0
2016-12-02,2.1239703761218074,2.1867660502064656,2.0961433066434214,2.178147077560425,478292000.0
2016-12-05,2.2160701412692054,2.280589597773427,2.1916906654250154,2.262612819671631,602284000.0
2016-12-06,2.270739157533535,2.3081703832873472,2.2549786537871577,2.299797534942627,498796000.0
2016-12-07,2.2862533576644997,2.3468325029073456,2.2680302252812816,2.3411686420440674,480804000.0
2016-12-08,2.344123033114243,2.3793377373037226,2.2914240378319533,2.3020129203796387,381544000.0
2016-12-09,2.319744576472415,2.321468370645537,2.2338007550778145,2.2611353397369385,382312000.0
2016-12-12,2.2126216530395775,2.2150842822888572,2.1557362325370226,2.206218957901001,601332000.0
2016-12-13,2.2185328811474396,2.2727095750947526,2.2175479229381994,2.245128631591797,387796000.0
2016-12-14,2.2788646225955422,2.3914043712711037,2.254977638210549,2.3751513957977295,983980000.0
2016-12-15,2.3862338768995066,2.4610963298416313,2.3788462213562886,2.4308066368103027,746548000.0
2016-12-16,2.458386776270794,2.479811136803835,2.40667272968609,2.472669839859009,1089528000.0
2016-12-19,2.4551858133707114,2.522906489801455,2.437947639397064,2.502713441848755,744656000.0
2016-12-20,2.5753596225127935,2.6135294491340564,2.564031665120103,2.58988881111145,848056000.0
2016-12-21,2.6014626644518426,2.6090966760823244,2.5539350355919788,2.6061415672302246,576136000.0
2016-12-22,2.63052111631508,2.681003855508447,2.623379583475497,2.637662649154663,718612000.0
2016-12-23,2.6196854762151247,2.704890681446031,2.6169767243763196,2.7034130096435547,647692000.0
2016-12-27,2.7595596566550897,2.8900759727649925,2.7388738967485207,2.8890910148620605,1194272000.0
2016-12-28,2.9452375493664547,2.953364039027718,2.6765709116030547,2.690361261367798,2295764000.0
2016-12-29,2.5832394805199907,2.745523167808001,2.5315254289195743,2.7440454959869385,2175368000.0
2016-12-30,2.742075509457421,2.756112217149762,2.617715525836595,2.6285507678985596,1212932000.0
2017-01-03,2.5709269679279445,2.6194397962424336,2.447305797708057,2.5120716094970703,1501996000.0
2017-01-04,2.546300909074693,2.5980149593791824,2.500250719293968,2.5706803798675537,1199220000.0
2017-01-05,2.574127737491566,2.6058948598173832,2.48843006200547,2.5054218769073486,984296000.0
2017-01-06,2.532757151310535,2.5672332695407025,2.4921246924336034,2.5389137268066406,822856000.0
2017-01-09,2.548763004168346,2.6595787359040894,2.548763004168346,2.641848087310791,916248000.0
2017-01-10,2.654900670913393,2.6888840724853043,2.6012164641911886,2.6219022274017334,880920000.0
2017-01-11,2.6103280487227205,2.6152530736855737,2.564770334857432,2.589642286300659,525664000.0
2017-01-12,2.566740721303315,2.57831480110489,2.5024673900122973,2.54728627204895,625616000.0
2017-01-13,2.5512261747920557,2.585702289869403,2.537928301725628,2.5470399856567383,457820000.0
2017-01-17,2.536450406293133,2.541375430500291,2.4766098708832414,2.489907741546631,580612000.0
2017-01-18,2.4684839439225295,2.5421148457131393,2.440656881489454,2.535219669342041,654424000.0
2017-01-19,2.53817458944981,2.621655770531802,2.5359583164740607,2.589642286300659,644872000.0
2017-01-20,2.61229717625343,2.6300278244061066,2.5394051378904066,2.561321973800659,492024000.0
2017-01-23,2.556151863317594,2.607865927179631,2.5536892329314593,2.587918996810913,369904000.0
2017-01-24,2.598015467163241,2.6492370485007815,2.5832399206815104,2.643080472946167,428052000.0
2017-01-25,2.685436268100216,2.691592842604154,2.6184544284123565,2.6544079780578613,522760000.0
2017-01-26,2.6571176204822877,2.7076003740877232,2.6275667575071098,2.7002127170562744,458800000.0
2017-01-27,2.707106456685453,2.755372911023118,2.6805107176226652,2.752417802810669,471996000.0
2017-01-30,2.7314868462959554,2.7337031194918775,2.6573634636139505,2.7093236446380615,496004000.0
2017-01-31,2.682974110712364,2.7100623363803122,2.664504620414469,2.6886379718780518,362756000.0
2017-02-01,2.7231138131462997,2.8102889418388366,2.7053833939313825,2.806102752685547,590004000.0
2017-02-02,2.790095298851984,2.8501821894828936,2.759559492039077,2.8415629863739014,483240000.0
2017-02-03,2.843041501829086,2.8541231028376357,2.8048716732714944,2.8166918754577637,372744000.0
2017-02-06,2.8073332396646085,2.889336968974111,2.8073332396646085,2.8888444900512695,506768000.0
2017-02-07,2.9230744869395826,2.9777436444103147,2.9033739192734633,2.9336636066436768,746224000.0
2017-02-08,2.9156874774737496,2.938096801822935,2.8659433334958204,2.920858860015869,449580000.0
2017-02-09,2.927015057659529,2.931940317849044,2.84673533627469,2.865943193435669,842568000.0
2017-02-10,2.9533647950607738,2.972326530841318,2.7728581825844203,2.797976493835449,1651092000.0
2017-02-13,2.7923115032496204,2.8068406879182004,2.6645039495420457,2.6689367294311523,1180724000.0
2017-02-14,2.6593332597593418,2.712524988306012,2.617469488484855,2.6787877082824707,850632000.0
2017-02-15,2.681742183791215,2.7039051443628312,2.6536687716115215,2.684204578399658,373020000.0
2017-02-16,2.6938094360660334,2.695040751113355,2.6019554002099445,2.641110420227051,647176000.0
2017-02-17,2.627565855492,2.6450501511821183,2.580530706971194,2.6406173706054688,563740000.0
2017-02-21,2.6652429629674677,2.7391202059340043,2.6649966060713837,2.735180139541626,551952000.0
2017-02-22,2.747261754539042,2.756631368455134,2.7120023684557135,2.7309882640838623,433772000.0
2017-02-23,2.6012939132964576,2.6232384155874513,2.457791310962338,2.4777631759643555,1592888000.0
2017-02-24,2.393436470411494,2.5149945501322906,2.3596566203254294,2.5016798973083496,1029904000.0
2017-02-27,2.519926109269733,2.58945821358181,2.5041457185052396,2.5744175910949707,715400000.0
2017-02-28,2.584034237825653,2.593897190094921,2.484913966005899,2.502173662185669,625360000.0
2017-03-01,2.5591310495918784,2.573432143131176,2.49305086437983,2.5344743728637695,504804000.0
2017-03-02,2.521652723951555,2.5357071490961296,2.438312609422034,2.4410247802734375,754332000.0
2017-03-03,2.4304219435214156,2.435353183439006,2.372478287256435,2.4269700050354004,864692000.0
2017-03-06,2.390725841386023,2.4188347016584357,2.3465901478924844,2.4082322120666504,883568000.0
2017-03-07,2.408231298256555,2.454092944619974,2.3954097424865046,2.4346139430999756,603400000.0
2017-03-08,2.482941305616891,2.4977354987385874,2.4279567110681763,2.43017578125,638712000.0
2017-03-09,2.4141487679898432,2.4521200963053884,2.4015736460201955,2.429682493209839,478060000.0
2017-03-10,2.456065098088673,2.4679002152124254,2.4257371842575153,2.4439830780029297,499740000.0
2017-03-13,2.454339285762394,2.5211592265030816,2.453599517411828,2.511296510696411,774136000.0
2017-03-14,2.524117882584532,2.533487262050806,2.4772698095247807,2.509570360183716,522016000.0
2017-03-15,2.521159843850617,2.5394057432306347,2.4735719874064266,2.5285568237304688,615036000.0
2017-03-16,2.539158989438443,2.5601172924028957,2.5251045648417083,2.559623956680298,523100000.0
2017-03-17,2.5771296383300237,2.616580730932381,2.559623279183123,2.6153478622436523,1119688000.0
2017-03-20,2.632854760257934,2.702633543331177,2.616827699169849,2.698688268661499,748568000.0
2017-03-21,2.681428190937113,2.7112630036722845,2.603512672093823,2.611402750015259,913484000.0
2017-03-22,2.6003074446980277,2.6693466920583524,2.596362405314903,2.6646618843078613,616764000.0
2017-03-23,2.656771415154315,2.676743513886307,2.6308818752662555,2.640497922897339,533940000.0
2017-03-24,2.686853135652,2.694743214657545,2.6239782308699864,2.6498677730560303,439500000.0
2017-03-27,2.6032663044178848,2.673045085573386,2.5539527238592745,2.669100046157837,506644000.0
2017-03-28,2.670333376438035,2.684880902852235,2.6449369309702035,2.6552927494049072,432444000.0
2017-03-29,2.6626885797767357,2.6750170305119907,2.6444426890225463,2.6466617584228516,349992000.0
2017-03-30,2.6538123640603892,2.7122491189190945,2.648141356036956,2.6974549293518066,525532000.0
2017-03-31,2.6878389929679356,2.7095370601765705,2.672798370124631,2.685866355895996,440808000.0
2017-04-03,2.686360007487081,2.703619702100318,2.6486348768891856,2.6723055839538574,445232000.0
2017-04-04,2.5495147018089255,2.574664711357841,2.4740649083078914,2.4849138259887695,1271280000.0
2017-04-05,2.466174459481665,2.524118121910284,2.4533529051281207,2.466421127319336,747048000.0
2017-04-06,2.4715987466752933,2.4965020841039265,2.4264766438748815,2.4844202995300293,635120000.0
2017-04-07,2.4908310849641615,2.508337445084725,2.458777202711416,2.473817825317383,429068000.0
2017-04-10,2.474558092919108,2.481215303377011,2.406505275745916,2.4106969833374023,756332000.0
2017-04-11,2.3806161524975242,2.438559836010972,2.375684910260979,2.4193274974823,618148000.0
2017-04-12,2.4193267976618027,2.4336276546714446,2.3941767876076034,2.3993546962738037,414092000.0
2017-04-13,2.375190461689198,2.3968882914502614,2.354478597640991,2.354478597640991,506892000.0
2017-04-17,2.3673000450870507,2.4469415219711546,2.362122138089537,2.44669508934021,497292000.0
2017-04-18,2.4323943241814665,2.454339058817344,2.406504785762517,2.4481747150421143,370116000.0
2017-04-19,2.465682124902628,2.489845704381368,2.4511345966033704,2.457792043685913,380828000.0
2017-04-20,2.4723386856137792,2.501433731781274,2.4511337178342854,2.496748924255371,404016000.0
2017-04-21,2.486393478180109,2.509817521510527,2.4745583577176955,2.5071053504943848,341896000.0
2017-04-24,2.5386659178333795,2.5514874747489897,2.5177078478342136,2.538419485092163,371820000.0
2017-04-25,2.55296690287803,2.597102581684842,2.5315154980199877,2.582555055618286,388440000.0
2017-04-26,2.596115567172264,2.5985810694356033,2.562828817587734,2.5648014545440674,327004000.0
2017-04-27,2.572199113328207,2.6131292834951916,2.554199648734342,2.604746103286743,319700000.0
2017-04-28,2.5978420282823707,2.604745906218431,2.566034574032472,2.5717058181762695,348248000.0
2017-05-01,2.5825540900229917,2.6345800645292385,2.5754035460285944,2.629401922225952,307732000.0
2017-05-02,2.6025269969861666,2.6037598660003085,2.5288029348730947,2.5514872074127197,629972000.0
2017-05-03,2.5445829422154547,2.580088764929595,2.529788986586212,2.5704727172851562,336904000.0
2017-05-04,2.576637120628911,2.5877327061912485,2.5527199799787925,2.560610294342041,209788000.0
2017-05-05,2.549021699900861,2.5680073653635804,2.5334877384674614,2.560856819152832,228428000.0
2017-05-08,2.5726919422869488,2.5741712438808233,2.522638593602529,2.5339808464050293,365240000.0
2017-05-09,2.5396520202799393,2.587239634254819,2.5312686052660673,2.538172483444214,847672000.0
2017-05-10,2.8180272533121498,3.0036931270678067,2.8113700433190947,2.9906249046325684,2129096000.0
2017-05-11,2.9600513262851287,3.215989149155749,2.9565993864679063,3.1190876960754395,1939792000.0
2017-05-12,3.1222924392301095,3.195523161194782,3.101334137547888,3.153359889984131,962620000.0
2017-05-15,3.1945369850549064,3.31412245138423,3.1900986098084436,3.3116567134857178,1087540000.0
2017-05-16,3.3626961605026904,3.3888326051798145,3.288232806481456,3.3732986450195312,1120700000.0
2017-05-17,3.306479106762389,3.32521834026824,3.144977022001207,3.1491687297821045,1271368000.0
2017-05-18,3.1930572441645997,3.2899586681001636,3.1326480803865255,3.2810821533203125,1156032000.0
2017-05-19,3.38228120004649,3.4116535788004247,3.337605430624573,3.356858015060425,1018372000.0
2017-05-22,3.400547375723203,3.4427548210799874,3.3896867959664116,3.428438901901245,836608000.0
2017-05-23,3.448184859986295,3.450406267149699,3.3497005141306935,3.38228178024292,681248000.0
2017-05-24,3.479284298695536,3.481999560562253,3.408197872069629,3.420292615890503,815996000.0
2017-05-25,3.455589755057592,3.4563303026035297,3.367719057325299,3.412641763687134,608228000.0
2017-05-26,3.4044960270114477,3.585914382037418,3.3842562012676813,3.5010056495666504,779140000.0
2017-05-30,3.5469161721095777,3.61084454187252,3.5308724654514063,3.5757951736450195,989652000.0
2017-05-31,3.620716953837603,3.6283686496116174,3.5061889156233286,3.5629594326019287,887316000.0
2017-06-01,3.578756758823279,3.5797442340188512,3.5177903462600546,3.563206672668457,503340000.0
2017-06-02,3.5602437711951014,3.5864075021434045,3.539510328501721,3.5454342365264893,487456000.0
2017-06-05,3.529144389520595,3.6661336748438966,3.5175434984808684,3.6532986164093018,817376000.0
2017-06-06,3.648609249845836,3.6947661265105416,3.6234329856590746,3.6367616653442383,758728000.0
2017-06-07,3.6611972077074006,3.6994554550305465,3.645647122380062,3.680696487426758,612612000.0
2017-06-08,3.787820244289543,3.9492457333152466,3.7466000371435957,3.9477648735046387,1161744000.0
2017-06-09,4.066242289337495,4.159049426690519,3.5234675154516033,3.69254469871521,3692928000.0
2017-06-12,3.6007246340193353,3.744378383511142,3.5076705733268643,3.701677083969116,1697532000.0
2017-06-13,3.8110216866247466,3.8201544785130337,3.595047329991126,3.736973524093628,1672504000.0
2017-06-14,3.7399356586448547,3.8026298604821727,3.66539363724414,3.7448720932006836,1184640000.0
2017-06-15,3.627381809959211,3.7912753796668484,3.6160276111541085,3.760915756225586,963824000.0
2017-06-16,3.770541959111869,3.8184266186768197,3.7083413813624295,3.742403507232666,924960000.0
2017-06-19,3.786585404414543,3.8882786259416813,3.7828831378486933,3.8830952644348145,778176000.0
2017-06-20,3.925302697424399,3.992193012446416,3.873222154821162,3.877418041229248,1095444000.0
2017-06-21,3.905062543808405,3.939865211832366,3.8431086678590898,3.9361627101898193,682652000.0
2017-06-22,3.944307889011412,3.9576368003060542,3.8850692771403486,3.9090116024017334,469132000.0
2017-06-23,3.916662911474838,3.93245992016165,3.7818948355923223,3.7969515323638916,1088588000.0
2017-06-26,3.829780381112145,3.865323600159204,3.6611970771122415,3.7554852962493896,1063960000.0
2017-06-27,3.7379607579484495,3.74659969453715,3.6123254328584182,3.618002414703369,999492000.0
2017-06-28,3.6856332124170392,3.7503021248603043,3.5975155901162217,3.745612382888794,994948000.0
2017-06-29,3.717226344011199,3.7201880625918164,3.5562945314656433,3.620469808578491,1064424000.0
2017-06-30,3.637748474507282,3.651324080246863,3.5419793930061854,3.568143129348755,731060000.0
2017-07-03,3.5802379980762433,3.595047537279027,3.4205403016683595,3.4390523433685303,709072000.0
2017-07-05,3.502486727821574,3.559750869758772,3.4834810681840955,3.530872106552124,820188000.0
2017-07-06,3.5017457339854516,3.5883822421321403,3.449664963906781,3.541484832763672,746284000.0
2017-07-07,3.5982553743971706,3.6407097353800637,3.575300289290965,3.6224443912506104,654972000.0
2017-07-10,3.695999350542832,3.8011479013923553,3.6698356177814646,3.793743133544922,958492000.0
2017-07-11,3.797445762277314,3.855203518364601,3.7554850174150967,3.8475518226623535,757956000.0
2017-07-12,3.9072850605516045,4.023293986918648,3.864337065028767,4.011199474334717,1145208000.0
2017-07-13,4.0232941518124585,4.10474733127804,3.918392493835522,3.9647960662841797,1369132000.0
2017-07-14,3.981085703303223,4.072905585227561,3.974174554706052,4.071424961090088,941948000.0
2017-07-17,4.105487964314764,4.13436696924901,3.9924407506466304,4.054147720336914,930792000.0
2017-07-18,3.993179705547325,4.110916850525457,3.9813318892340583,4.096354007720947,776640000.0
2017-07-19,4.10548482368716,4.131895473135668,4.063030713358667,4.075125217437744,687044000.0
2017-07-20,4.095614168938374,4.134612727697865,4.045755031548285,4.134366035461426,699596000.0
2017-07-21,4.113879824032513,4.178795670575825,4.099563669055027,4.149176120758057,648332000.0
2017-07-24,4.156332872971487,4.165959046502673,4.0904298113114335,4.101043224334717,652524000.0
2017-07-25,4.078088039416797,4.095613070022724,4.037608396526552,4.081296920776367,496556000.0
2017-07-26,4.138808533186248,4.194344883274969,4.093638905675865,4.12844181060791,640404000.0
2017-07-27,4.153370274715784,4.164971396875368,3.889017742184608,3.992191791534424,782856000.0
2017-07-28,3.956403035116838,4.0820385899293905,3.9314737016528074,4.057602405548096,513348000.0
2017-07-31,4.07117865270054,4.107215498175416,3.9645492115109833,4.011199474334717,559672000.0
2017-08-01,4.001819136240372,4.061798301822698,3.9739278497161474,4.060070514678955,431384000.0
2017-08-02,4.09117138139096,4.095120340346558,3.980592527260087,4.057602405548096,478444000.0
2017-08-03,4.057108733815611,4.112891776800878,4.040077554861996,4.109189510345459,442420000.0
2017-08-04,4.131897739349374,4.197800817671425,4.109189812930216,4.127208232879639,589096000.0
2017-08-07,4.156333178989565,4.254570342091713,4.146706533963002,4.254076957702637,717412000.0
2017-08-08,4.292087886767418,4.308625207269829,4.164231194212825,4.203476905822754,755336000.0
2017-08-09,4.1573219752136,4.250622975427268,4.138563004098742,4.248154640197754,530784000.0
2017-08-10,4.249388154481293,4.261729829415027,4.056122185807944,4.066242218017578,1328088000.0
2017-08-11,3.8786523342931205,3.924562277189722,3.7742443180808567,3.8495266437530518,1497196000.0
2017-08-14,3.941100633805639,4.160283669252891,3.9294997407708516,4.156581401824951,1279020000.0
2017-08-15,4.161764452996445,4.187927956892457,4.087222429939349,4.1215314865112305,764532000.0
2017-08-16,4.13658896007814,4.16003744104894,4.0440284977594505,4.076362609863281,596632000.0
2017-08-17,4.067970554342487,4.085001267711592,3.9833084889415344,3.985529661178589,525444000.0
2017-08-18,4.039832560054176,4.056863746163771,3.940360706717242,3.9862706661224365,601204000.0
2017-08-21,4.010705982383172,4.022059947045532,3.884330098934856,3.928265333175659,623672000.0
2017-08-22,3.9648277876467257,4.021648062326939,3.9455582478750277,4.015718936920166,450456000.0
2017-08-23,3.9823673017681447,4.107124872522273,3.973720289584098,4.096007823944092,579520000.0
2017-08-24,4.128124920679064,4.132572118622982,4.054505841937392,4.080939292907715,469700000.0
2017-08-25,4.1051480879288755,4.115277026310178,4.040422022995432,4.046845436096191,357200000.0
2017-08-28,4.065869650200142,4.078716010971737,4.010284390015232,4.075504302978516,389496000.0
2017-08-29,4.016706716917119,4.09057315352542,4.008553994406582,4.068832874298096,324096000.0
2017-08-30,4.088596607443365,4.104160853579683,4.0582102570273095,4.093043804168701,384400000.0
2017-08-31,4.113301683903051,4.189885549037243,4.105890630916627,4.1859331130981445,612684000.0
2017-09-01,4.198532594072303,4.246706323647156,4.189885580188464,4.211131572723389,445432000.0
2017-09-05,4.159745880885417,4.1646868967447945,4.040670508602392,4.09872579574585,695364000.0
2017-09-06,4.1315845847175,4.145419057043475,4.061423642606023,4.096256732940674,397672000.0
2017-09-07,4.11305416889211,4.147640334273255,4.075009386972851,4.1152777671813965,352868000.0
2017-09-08,4.103665994352666,4.118488567777649,4.019670626275912,4.043880939483643,498856000.0
2017-09-11,4.08958394443853,4.185684453237676,4.0841486404934155,4.175061225891113,567444000.0
2017-09-12,4.199768702637485,4.199768702637485,4.124914126040575,4.190134048461914,411488000.0
2017-09-13,4.164933700701559,4.237812033577525,4.132571131404988,4.2089080810546875,580960000.0
2017-09-14,4.169874673196361,4.263010886896249,4.145417446607477,4.1849446296691895,513712000.0
2017-09-15,4.270421381099326,4.44952917098999,4.265233456670554,4.44952917098999,1364792000.0
2017-09-18,4.573793142843224,4.723502701628072,4.566875909933131,4.633330821990967,1684460000.0
2017-09-19,4.58293448008823,4.69015207323598,4.560947289509564,4.628390789031982,874280000.0
2017-09-20,4.632096448835762,4.67952897699628,4.550818479622288,4.5910868644714355,724920000.0
2017-09-21,4.487327903465913,4.51351491123708,4.387768740209876,4.465588092803955,1075600000.0
2017-09-22,4.4542228664422705,4.503878979231145,4.4122251848955205,4.422106742858887,491232000.0
2017-09-25,4.391226833534277,4.392462322984361,4.203719869831027,4.224471569061279,874580000.0
2017-09-26,4.359112100197172,4.41420306708364,4.208414397010591,4.248188495635986,1125620000.0
2017-09-27,4.338606911938268,4.354664978327722,4.267704793105925,4.341324329376221,713720000.0
2017-09-28,4.348488482909472,4.352441389956523,4.292656321376752,4.340089321136475,435244000.0
2017-09-29,4.424084615084365,4.440142209971211,4.378875214843203,4.416426181793213,619092000.0
2017-10-02,4.46657493169675,4.495726258050364,4.372698010639883,4.422106742858887,503480000.0
2017-10-03,4.428284819931719,4.461142157992084,4.3870283186451555,4.431249618530273,390332000.0
2017-10-04,4.437425417656295,4.4905401681053965,4.400862554496504,4.468306064605713,427848000.0
2017-10-05,4.49276378200968,4.496222399401178,4.4359430333191385,4.4658355712890625,437364000.0
2017-10-06,4.438165886901295,4.492268737526768,4.42210782119383,4.478928089141846,318800000.0
2017-10-09,4.515737147732425,4.6130731644327705,4.496961667646053,4.5799689292907715,563492000.0
2017-10-10,4.729183560446871,4.766734515620653,4.6261658142774476,4.667422294616699,974876000.0
2017-10-11,4.6839758735281745,4.718562515356337,4.638025742724005,4.717080116271973,529508000.0
2017-10-12,4.72053862634883,4.770194753738508,4.692128490948991,4.719303607940674,528292000.0
2017-10-13,4.78155968391956,4.817381350640847,4.734621435665446,4.807252407073975,628728000.0
2017-10-16,4.837144799249876,4.892730061215982,4.773901102470605,4.88976526260376,576640000.0
2017-10-17,4.869013776605228,4.9137288976776645,4.850732578743913,4.885318756103516,478596000.0
2017-10-18,4.894211560199537,4.894952288515025,4.7758769133917385,4.881117820739746,567316000.0
2017-10-19,4.803545069448866,4.891492877806077,4.7543832406963995,4.886552333831787,570772000.0
2017-10-20,4.903598641504522,4.930773283316132,4.855424449017941,4.864318370819092,451620000.0
2017-10-23,4.886058413022966,4.912492327887612,4.837143489972931,4.857401371002197,428696000.0
2017-10-24,4.866540569497658,4.910020647783327,4.840600950861774,4.908291339874268,407244000.0
2017-10-25,4.868766654833862,4.921634498951088,4.722763045401439,4.784276962280273,828160000.0
2017-10-26,4.811947291803568,4.846039183986698,4.787983873621854,4.834428310394287,322744000.0
2017-10-27,4.886553702006832,4.987100985853059,4.860613600673474,4.986854076385498,572192000.0
2017-10-30,4.986854997339557,5.091354736770477,4.971043835671525,5.035769939422607,504056000.0
2017-10-31,5.067638413111955,5.135822659776911,5.061956196222653,5.109141826629639,411908000.0
2017-11-01,5.171891076557739,5.1872079466522685,5.054544513531485,5.118776321411133,502576000.0
2017-11-02,5.089129360038813,5.133844464633295,5.031073608406742,5.087646961212158,342308000.0
2017-11-03,5.118775518887614,5.155585289001465,5.072825387009423,5.155585289001465,353640000.0
2017-11-06,5.118774337678306,5.187452845795196,5.106422271073551,5.178806304931641,389944000.0
2017-11-07,5.201535756027736,5.259591517591013,5.189430596341997,5.23809814453125,427700000.0
2017-11-08,5.233651194508069,5.2373571920500614,5.119763746077131,5.167196273803711,522988000.0
2017-11-09,5.071094503097845,5.097281032992229,4.9500424694778555,5.072329521179199,978564000.0
2017-11-10,5.264038186200222,5.402136428571253,5.228216526426406,5.339633941650391,1253256000.0
2017-11-13,5.339634394653039,5.365079734338347,5.2376047128434555,5.2529215812683105,582376000.0
2017-11-14,5.262060750856264,5.306528946862564,5.218333754276892,5.29121208190918,529292000.0
2017-11-15,5.236122727303114,5.237358217125997,5.133599218465157,5.187454700469971,501948000.0
2017-11-16,5.261567609348659,5.291707053116871,5.218828716103121,5.22772216796875,441768000.0
2017-11-17,5.284790341813093,5.320117714530139,5.206477162159078,5.221546649932861,515664000.0
2017-11-20,5.237108311204726,5.300846267455436,5.200298554173453,5.288741111755371,396100000.0
2017-11-21,5.328516997821582,5.349021790880776,5.296648244513089,5.3374104499816895,399176000.0
2017-11-22,5.364604364296588,5.364604364296588,5.280797701577879,5.313430309295654,356640000.0
2017-11-24,5.329745130762653,5.364602872209521,5.305270446017308,5.363613605499268,180752000.0
2017-11-27,5.372267580222662,5.3735034565377005,5.290685597573749,5.2938995361328125,422896000.0
2017-11-28,5.299092494866648,5.308486760592151,5.148043000186751,5.209105491638184,512752000.0
2017-11-29,5.191799523116271,5.194518828512013,4.727526340591868,4.855832099914551,1396788000.0
2017-11-30,4.924558332358532,5.010589667152647,4.861518260215559,4.961887836456299,823768000.0
2017-12-01,4.927276889483337,4.947548843661864,4.758180631951143,4.8869805335998535,811548000.0
2017-12-04,4.945571666288444,4.951752463248595,4.561149954714467,4.614548683166504,1240844000.0
2017-12-05,4.509232041043909,4.763865382973739,4.46423880289225,4.6412458419799805,981488000.0
2017-12-06,4.590814570051742,4.700578857795668,4.569553822018862,4.678823947906494,467032000.0
2017-12-07,4.745573287943774,4.786117203623634,4.700085394827374,4.746315002441406,542600000.0
2017-12-08,4.796252306999405,4.815288386758836,4.725548484562322,4.733953952789307,466876000.0
2017-12-11,4.748044774099668,4.815288043594854,4.73222310570582,4.812321186065674,372748000.0
2017-12-12,4.768812955757313,4.792051304210866,4.694400541581964,4.717885971069336,455016000.0
2017-12-13,4.758924100371328,4.760159977080616,4.595266392479959,4.602683067321777,554280000.0
2017-12-14,4.59625388589069,4.680802257628915,4.56362128027844,4.609850883483887,438164000.0
2017-12-15,4.653854394307107,4.7559549140435,4.588836283896072,4.735682964324951,670036000.0
2017-12-18,4.776227638262321,4.895386201110876,4.746561891674161,4.892419815063477,477704000.0
2017-12-19,4.883026124541412,4.88821765437953,4.819738499490322,4.84816837310791,373100000.0
2017-12-20,4.887474379467583,4.896621088245738,4.80960098522997,4.865224838256836,288820000.0
2017-12-21,4.868686737240153,4.8936555875078716,4.834323624062236,4.842729091644287,300904000.0
2017-12-22,4.805894281653527,4.836796378809041,4.728020864793629,4.827402114868164,466276000.0
2017-12-26,4.77202466887576,4.888711001828573,4.742111371280177,4.881047248840332,355080000.0
2017-12-27,4.867697995878677,4.943593342851408,4.853112203687597,4.874372482299805,329488000.0
2017-12-28,4.898106056099769,4.9290081539900426,4.873878916976199,4.880059242248535,240248000.0
2017-12-29,4.906264267913076,4.906264267913076,4.783644676208496,4.783644676208496,279964000.0
2018-01-02,4.840009108801232,4.9319741433273965,4.808365773535016,4.928265571594238,355616000.0
2018-01-03,5.045692719801887,5.283020992788104,5.037040173177599,5.252613067626953,914704000.0
2018-01-04,5.33394783508857,5.390560484814146,5.258052029072682,5.280301570892334,583268000.0
2018-01-05,5.295136573936795,5.362379382310361,5.218251948629703,5.325049877166748,580124000.0
2018-01-08,5.448658412630829,5.562377912508374,5.403664680365826,5.488213062286377,881216000.0
2018-01-09,5.493649752231219,5.533204388054463,5.405146219212077,5.486727714538574,497000000.0
2018-01-10,5.394269754440875,5.533205644723922,5.339882235713851,5.529744625091553,582664000.0
2018-01-11,5.56237650284136,5.593773227918815,5.518124496307322,5.539632797241211,406032000.0
2018-01-12,5.527767235721763,5.562130352331942,5.471896286108399,5.512439727783203,359916000.0
2018-01-16,5.538891922709509,5.624428619904985,5.356940364207161,5.441488265991211,702348000.0
2018-01-17,5.456073493746901,5.56534315560548,5.362131337998211,5.555454730987549,538408000.0
2018-01-18,5.53617279356308,5.60292144269287,5.505023612580628,5.548533916473389,408632000.0
2018-01-19,5.638767263367014,5.712932105133003,5.611820820502418,5.688704967498779,609380000.0
2018-01-22,5.696616081971822,5.778939315000226,5.63901462125564,5.7772088050842285,550944000.0
2018-01-23,5.830608395474973,5.929000865815322,5.812067417139859,5.906257152557373,475228000.0
2018-01-24,5.909470022559056,5.945316570520847,5.773748056732924,5.829371929168701,579972000.0
2018-01-25,5.883760426588548,5.927023655205761,5.828137016482926,5.84296989440918,409884000.0
2018-01-26,5.886726367645368,6.015773375702054,5.87387108303846,6.015526294708252,516356000.0
2018-01-29,6.000939820891114,6.133695386472402,5.948282811925666,6.102545738220215,455116000.0
2018-01-30,5.960642217885685,6.091914327223942,5.893893591809595,6.000443935394287,570832000.0
2018-01-31,6.075846916184319,6.162372886297122,6.043214307710105,6.0765886306762695,478576000.0
2018-02-01,5.8966139327554,6.103781885220085,5.885242078829885,5.945562839508057,519224000.0
2018-02-02,5.859038734011418,5.883018795366627,5.714911284864153,5.773006916046143,718464000.0
2018-02-05,5.611820677836954,5.765836520410501,5.067943613617772,5.283022403717041,1165204000.0
2018-02-06,5.053110396274145,5.57968185528126,5.0432215001474106,5.576715469360352,1114800000.0
2018-02-07,5.675603257923874,5.808853001810103,5.604404794143706,5.656320095062256,802932000.0
2018-02-08,5.78190558077716,5.815032346768609,5.377211496741785,5.3774590492248535,1144000000.0
2018-02-09,5.889938639059941,5.905760305698723,5.37745838142469,5.737405776977539,1674604000.0
2018-02-12,5.818493642838531,5.821460500548078,5.563118960693679,5.637283802032471,1093172000.0
2018-02-13,5.60094261425498,5.797232864642064,5.56855709237193,5.751003265380859,625524000.0
2018-02-14,5.710706745557887,5.9972310431510225,5.699581973480021,5.968306541442871,744988000.0
2018-02-15,6.0516191020470895,6.140122653254458,5.9707793043641795,6.093893051147461,698900000.0
2018-02-16,6.0667006787423725,6.1804201837903685,6.018987638767597,6.028134822845459,637656000.0
2018-02-20,6.0506302700600525,6.226648576040035,6.046921698036113,6.157675266265869,686240000.0
2018-02-21,6.222198995329635,6.229121034663457,5.966823839825248,5.970531940460205,892292000.0
2018-02-22,6.004422258275409,6.076159433249199,5.924521625586391,5.990074634552002,534364000.0
2018-02-23,6.049938197992208,6.083580493927002,5.99922728365795,6.083580493927002,415300000.0
2018-02-26,6.129838566968247,6.134291147269622,6.037321903217607,6.099659442901611,469312000.0
2018-02-27,6.072943129896629,6.157296809960237,6.063790734613667,6.086796283721924,455436000.0
2018-02-28,6.0976807707522385,6.137260000285155,5.974737735935683,5.986364364624023,523116000.0
2018-03-01,5.984137430378738,6.0380642802830025,5.6430137154932725,5.74418830871582,1040120000.0
2018-03-02,5.636580852080425,5.857730203150112,5.487911307168166,5.8512983322143555,913428000.0
2018-03-05,5.801082934384353,5.868862461194918,5.67764497674849,5.829283237457275,620776000.0
2018-03-06,5.914626352576446,6.0096167807084235,5.871583954901183,5.990321636199951,636808000.0
2018-03-07,5.88741476867348,6.034600444574324,5.886178124393155,5.982405185699463,581208000.0
2018-03-08,6.009864767289169,6.009864767289169,5.92180066928841,5.966080188751221,411912000.0
2018-03-09,6.013572603347984,6.081599349882538,5.997493871574254,6.068736553192139,505524000.0
2018-03-12,6.110049266529086,6.258471133876668,6.1018858090413,6.178323268890381,605060000.0
2018-03-13,6.221118672796109,6.2955773156907275,6.086301776351757,6.127612590789795,619772000.0
2018-03-14,6.1706545175885985,6.197865412417521,6.090753890164477,6.1530914306640625,505496000.0
2018-03-15,6.166696819670506,6.249070735097421,6.125880477813714,6.167933464050293,401952000.0
2018-03-16,6.1842611795924665,6.215182485490429,6.146660765932487,6.1961350440979,399456000.0
2018-03-19,6.1392375906227015,6.168179593411435,5.862677529609231,5.961625576019287,713772000.0
2018-03-20,5.964595957830835,6.212708574538938,5.964595957830835,6.1738715171813965,554696000.0
2018-03-21,6.167439412804749,6.23373507357065,6.1182128440574095,6.148639678955078,438688000.0
2018-03-22,6.085311601035697,6.131817165746001,5.945299966079538,5.98265266418457,551196000.0
2018-03-23,5.9962575923837615,5.998731352652923,5.751855928377514,5.7629876136779785,735620000.0
2018-03-26,5.887415644090622,6.0489484936768525,5.835468083804829,6.0477118492126465,611424000.0
2018-03-27,6.128602539124909,6.184260982330215,5.4384392588441255,5.57869815826416,1409000000.0
2018-03-28,5.5443153324099415,5.674431991954752,5.367940319007484,5.475546360015869,945904000.0
2018-03-29,5.543818444736515,5.825573344917321,5.459465227589927,5.728851795196533,916628000.0
2018-04-02,5.658349578814529,5.80454535899915,5.380305166727556,5.468121528625488,922092000.0
2018-04-03,5.635098415873719,5.69817766625001,5.475544379516176,5.574492454528809,667432000.0
2018-04-04,5.3187098907714105,5.606896582110358,5.2937255263248995,5.5965070724487305,789168000.0
2018-04-05,5.6548873901333,5.667997896529313,5.404795999636376,5.476285934448242,701240000.0
2018-04-06,5.373627006394629,5.481727937384405,5.270720831073199,5.299910545349121,662988000.0
2018-04-09,5.362989161076236,5.490879678653389,5.308567383149751,5.328604698181152,499524000.0
2018-04-10,5.558908536547888,5.664782959900743,5.501765742427308,5.637819766998291,761676000.0
2018-04-11,5.622975787367334,5.664286591542333,5.563854192991754,5.5965070724487305,460244000.0
2018-04-12,5.689517878995717,5.8211187993268725,5.645238376300551,5.803308010101318,593920000.0
2018-04-13,5.866883850157043,5.875294542336591,5.678387810631916,5.726624965667725,503036000.0
2018-04-16,5.733302873426012,5.759771588892202,5.632128297546279,5.726376533508301,350792000.0
2018-04-17,5.778571987342751,5.897309651565031,5.722913559794327,5.876035690307617,447224000.0
2018-04-18,5.825572860136426,5.918336762188418,5.758041033859258,5.8470940589904785,391364000.0
2018-04-19,5.732808357753259,5.766203415613488,5.610360284087309,5.665771007537842,471996000.0
2018-04-20,5.657113568209707,5.741466776753307,5.626439974443959,5.657608509063721,386200000.0
2018-04-23,5.675419994369608,5.726625382941391,5.512155547665155,5.5381293296813965,427508000.0
2018-04-24,5.563854949887461,5.659834310078603,5.406527461266923,5.471833229064941,414596000.0
2018-04-25,5.442148733047257,5.481233489789923,5.202199617855037,5.359527111053467,588492000.0
2018-04-26,5.521307448364798,5.57943964540982,5.4552595001524455,5.5712761878967285,375824000.0
2018-04-27,5.677149197342116,5.696938804643074,5.556432262531253,5.5987324714660645,400848000.0
2018-04-30,5.615061018278359,5.664782525559266,5.544066017229242,5.563360691070557,327844000.0
2018-05-01,5.55519736650099,5.6214925482286375,5.496570229478221,5.618771553039551,253788000.0
2018-05-02,5.615308995721774,5.6598352771562865,5.572018887024208,5.598240375518799,268248000.0
2018-05-03,5.6301500420549875,5.789704054264329,5.584881121757189,5.763482570648193,443144000.0
2018-05-04,5.734788457312451,5.916853097428764,5.717472603794044,5.913637161254883,400660000.0
2018-05-07,6.018276368155179,6.208751746030499,6.008381322738508,6.151608943939209,687616000.0
2018-05-08,6.151854048239916,6.19687573438071,6.1028747227603075,6.194154739379883,506616000.0
2018-05-09,6.214191537651338,6.3294660393741395,6.186980644211815,6.327239513397217,596760000.0
2018-05-10,6.380177376179234,6.4439987965924095,6.36236658263779,6.4348464012146,994080000.0
2018-05-11,6.2530279529311095,6.4264346287742695,6.197617233659491,6.2963175773620605,1214456000.0
2018-05-14,6.334413265589218,6.394277039642068,6.293102458349417,6.316849708557129,523140000.0
2018-05-15,6.253275810922347,6.255997277719239,5.973994717322679,6.074427127838135,963528000.0
2018-05-16,6.035837863261541,6.147649204681876,5.998979630934426,6.085559368133545,553828000.0
2018-05-17,6.087291186305119,6.221365907329043,6.07121197705351,6.127612590789795,519784000.0
2018-05-18,6.179560095660319,6.242886573657646,6.078879974409376,6.083827495574951,483716000.0
2018-05-21,6.181290951186966,6.185001355712342,5.949009908374898,6.041773796081543,640624000.0
2018-05-22,6.05513284111137,6.080364444637207,5.943073796434276,6.0036797523498535,518264000.0
2018-05-23,5.947491988069215,6.128431809099097,5.946749353691373,6.127193927764893,442956000.0
2018-05-24,6.123481658641981,6.173233916435809,6.070264088250113,6.13090705871582,437372000.0
2018-05-25,6.143530811872501,6.186599831292713,6.107887664533281,6.170263290405273,292112000.0
2018-05-29,6.152193915246618,6.221253248895542,6.106402219022261,6.153183937072754,352684000.0
2018-05-30,6.186848115146273,6.2707582564830755,6.162095678625496,6.262094974517822,390996000.0
2018-05-31,6.230163810813742,6.316797092649026,6.2195204862231686,6.242292404174805,493868000.0
2018-06-01,6.287092780991013,6.382884571001167,6.278429501805767,6.3766961097717285,421968000.0
2018-06-04,6.410855486269727,6.577686192519927,6.378677654405407,6.555656909942627,642024000.0
2018-06-05,6.55887496386654,6.598726530315697,6.514073288139925,6.561102867126465,391712000.0
2018-06-06,6.471004526033939,6.566301097087873,6.454667984485077,6.563083171844482,371356000.0
2018-06-07,6.559371148483567,6.571252356674682,6.417044981888055,6.507391452789307,369448000.0
2018-06-08,6.434617037797069,6.534616304382778,6.415805210438967,6.492042541503906,360456000.0
2018-06-11,6.4794181326538105,6.521001870236983,6.4380817824286485,6.450953006744385,265372000.0
2018-06-12,6.477439520843168,6.511597396214167,6.427192021380675,6.499468803405762,319160000.0
2018-06-13,6.500955748577976,6.57595522782353,6.485856614470174,6.4950151443481445,338208000.0
2018-06-14,6.540063915400962,6.6633303763700225,6.52521217052203,6.606647491455078,430016000.0
2018-06-15,6.549468894664133,6.6207556598374895,6.518528469865954,6.565805435180664,432260000.0
2018-06-18,6.521745785467801,6.5791712953958426,6.494518535226833,6.5615973472595215,356268000.0
2018-06-19,6.458378055956875,6.5257047106524775,6.312339735465342,6.43981409072876,594932000.0
2018-06-20,6.480904725435145,6.545755634982468,6.442538432005595,6.492785930633545,369780000.0
2018-06-21,6.524717446791154,6.543034032415994,6.356401447084333,6.36407470703125,359516000.0
2018-06-22,6.384866403294761,6.398232878990694,6.19625377946546,6.211599826812744,434160000.0
2018-06-25,6.105163563477341,6.108876262595807,5.830165110613594,5.918778419494629,665816000.0
2018-06-26,6.032145429170807,6.080412416340128,5.938333660787194,5.989818572998047,478884000.0
2018-06-27,6.033382092386166,6.099718268112569,5.829175125029291,5.834620952606201,453892000.0
2018-06-28,5.824718696905479,5.973728030979211,5.817045439950323,5.961846828460693,338012000.0
2018-06-29,6.026945674867508,6.03956903963706,5.862589824374035,5.863827705383301,392300000.0
2018-07-02,5.794274344435092,5.999718711230233,5.773729860544244,5.996006011962891,357572000.0
2018-07-03,6.030660254118838,6.036600857321169,5.853928371104711,5.862344264984131,222732000.0
2018-07-05,5.917541480096584,6.013085427664046,5.878680410517236,6.0081353187561035,306216000.0
2018-07-06,5.983630347791446,6.130411819321849,5.962343226824989,6.12199592590332,296352000.0
2018-07-09,6.196253806458275,6.205907109995479,6.090808685652088,6.169520854949951,303880000.0
2018-07-10,6.181896613099179,6.290559174779788,6.141550275047445,6.268529891967773,360016000.0
2018-07-11,6.17571012294698,6.210363254066019,6.116304080866482,6.12694787979126,367508000.0
2018-07-12,6.172242759822992,6.266548817062336,6.16234159872692,6.218529224395752,345508000.0
2018-07-13,6.237094613728223,6.237094613728223,6.12917420751609,6.171253204345703,246988000.0
2018-07-16,6.143531322479248,6.196501509076621,6.131155340095751,6.143531322479248,197036000.0
2018-07-17,6.094274479719289,6.2945209396124415,6.068779407640491,6.279421806335449,362136000.0
2018-07-18,6.2719951808340175,6.285856429863127,6.1791739121311835,6.23016357421875,277640000.0
2018-07-19,6.211350505904904,6.271993930430591,6.19625185069976,6.238330364227295,235752000.0
2018-07-20,6.23585597654949,6.274717040670087,6.199222343096236,6.210113525390625,222352000.0
2018-07-23,6.183629537384063,6.185362193594304,6.021748931212923,6.173480987548828,301584000.0
2018-07-24,6.221500795903618,6.308134081443769,6.138580210335063,6.156154632568359,354620000.0
2018-07-25,6.165560661837882,6.246995980071679,6.107639897379476,6.234372138977051,319112000.0
2018-07-26,6.21432174708483,6.3447661924542755,6.197489962075434,6.30788516998291,325124000.0
2018-07-27,6.344518963231708,6.3514495873228665,6.184123643197227,6.238083839416504,295420000.0
2018-07-30,6.252193458258903,6.258134061124621,6.007887522732283,6.042788505554199,340340000.0
2018-07-31,6.032391690293681,6.135608882873556,5.993530625961449,6.060856819152832,283988000.0
2018-08-01,6.092293063786336,6.147490670835771,6.036847597216381,6.100708484649658,283556000.0
2018-08-02,6.029421010200333,6.207390262278958,5.970510710583737,6.20343017578125,269668000.0
2018-08-03,6.2279350755567755,6.263826075996751,6.2111037628224945,6.240063667297363,214288000.0
2018-08-06,6.227442390597964,6.291303295266516,6.180908051373321,6.287837982177734,207508000.0
2018-08-07,6.336598592891304,6.378677586179732,6.30986611707568,6.360113143920898,258132000.0
2018-08-08,6.361351258878166,6.441548689271029,6.326450276110314,6.396499156951904,262100000.0
2018-08-09,6.414319044687111,6.417041721824056,6.340309626732932,6.347982883453369,204280000.0
2018-08-10,6.266054529394272,6.339073945757565,6.25491595835196,6.306648254394531,256396000.0
2018-08-13,6.315310954738808,6.460359752374849,6.313578298782827,6.339568138122559,375208000.0
2018-08-14,6.445014166156838,6.4851131184338255,6.3618461961554695,6.471004009246826,466220000.0
2018-08-15,6.491795622740591,6.525706583220519,6.334123442219875,6.412836074829102,591136000.0
2018-08-16,6.4826386357558246,6.485113926660515,6.312094727696344,6.3722429275512695,801260000.0
2018-08-17,6.260856924129382,6.261599558523721,6.0328875217171865,6.059867858886719,1143188000.0
2018-08-20,6.019274380723681,6.267292561483654,5.908878681092118,6.134620189666748,854388000.0
2018-08-21,6.150957292472519,6.274719006718994,6.131155437077622,6.270263671875,673988000.0
2018-08-22,6.237591068580764,6.510361730330702,6.234125755421877,6.505411148071289,749856000.0
2018-08-23,6.46679506232907,6.670259385581425,6.452933814824774,6.604913234710693,720684000.0
2018-08-24,6.61333067995877,6.752686294113966,6.6088753453738045,6.738082408905029,531512000.0
2018-08-27,6.767785100761176,6.903428017718309,6.736349898426855,6.829171180725098,505776000.0
2018-08-28,6.82322940119538,6.846001789806466,6.671497355930979,6.79154634475708,475384000.0
2018-08-29,6.783869185933791,6.922062921635552,6.763065939614986,6.897049427032471,420108000.0
2018-08-30,6.865844143444432,6.9770432588958675,6.843307293074484,6.880208492279053,346608000.0
2018-08-31,6.8601492958626755,6.964166016017611,6.850242716623302,6.951287746429443,306592000.0
2018-09-04,6.938160430564915,7.063723421933758,6.909679728124105,7.0260796546936035,391720000.0
2018-09-05,7.008495408423813,7.043910525259163,6.814330836454758,6.895315170288086,393156000.0
2018-09-06,6.878970349510498,6.881446994105533,6.7212119150171805,6.754150390625,322796000.0
2018-09-07,6.662022686014146,6.858416436657872,6.6171964965421015,6.732853412628174,295420000.0
2018-09-10,6.755387474418489,6.833647631525241,6.711551866636087,6.803928375244141,220140000.0
2018-09-11,6.757617257802112,6.8452884880842015,6.736814011098898,6.756131649017334,243112000.0
2018-09-12,6.7162599468956925,6.73582511238472,6.486680191103665,6.642210006713867,419092000.0
2018-09-13,6.708084907521545,6.810615518833046,6.69074887087124,6.719972610473633,305536000.0
2018-09-14,6.810368075228793,6.912155647241551,6.773466880056739,6.8460307121276855,386936000.0
2018-09-17,6.820523378015662,6.869559807635637,6.7648000551812215,6.784117221832275,205528000.0
2018-09-18,6.788079574792285,6.890857722488368,6.705361633265959,6.712048053741455,299520000.0
2018-09-19,6.693473148469908,6.753654232335474,6.643446164059408,6.735822677612305,224860000.0
2018-09-20,6.6137280186247756,6.656077554890416,6.5406686561212855,6.594658374786377,430584000.0
2018-09-21,6.606545839657025,6.652115059487093,6.491384467825127,6.524570465087891,435128000.0
2018-09-24,6.493612988627571,6.58376086317136,6.40643727638973,6.580293655395508,293912000.0
2018-09-25,6.646418875734119,6.672422935138691,6.560728768700022,6.647409439086914,280388000.0
2018-09-26,6.652362453523829,6.6927308608061145,6.594658007354361,6.610507965087891,268548000.0
2018-09-27,6.645675406030237,6.666974170040904,6.5909431234419324,6.6223955154418945,214428000.0
2018-09-28,6.754398012100401,6.981996111045321,6.726412354859124,6.959706783294678,709396000.0
2018-10-01,7.037471375725969,7.233121549404895,6.998836575370029,7.166254043579102,622060000.0
2018-10-02,7.138764835612138,7.250458530825907,7.072639889324717,7.094929218292236,383964000.0
2018-10-03,7.165263336901111,7.172693270054652,6.997103292825695,7.1011199951171875,320552000.0
2018-10-04,7.0649628239554145,7.089233280992622,6.839840872342374,6.916862964630127,391220000.0
2018-10-05,6.892095521615473,6.9542577322798955,6.625862174457692,6.683319091796875,426636000.0
2018-10-08,6.600107471535767,6.715516383629945,6.441110459655694,6.582028388977051,408612000.0
2018-10-09,6.561471272419852,6.65607691425972,6.508472594594491,6.57633113861084,273500000.0
2018-10-10,6.470331726390654,6.516148930715803,6.082498166035388,6.0847272872924805,684940000.0
2018-10-11,5.997551136982147,6.1310395531606465,5.801653466270302,5.82319974899292,725436000.0
2018-10-12,6.080271106089191,6.180077568316361,5.935142945429617,6.105779647827148,608236000.0
2018-10-15,6.0924051307887295,6.0924051307887295,5.828400916327411,5.8293914794921875,449760000.0
2018-10-16,5.942076152805068,6.099339509295095,5.892792210954628,6.088194847106934,408712000.0
2018-10-17,6.150358484141825,6.188498245039542,5.970558238792122,6.019594669342041,329668000.0
2018-10-18,6.088938723706652,6.127325531337077,5.871741778746061,5.932170391082764,524020000.0
2018-10-19,5.987398835098779,6.006963523568632,5.63919055510305,5.675596237182617,613608000.0
2018-10-22,5.727851647242104,5.827905616194385,5.623587430403624,5.726365566253662,368844000.0
2018-10-23,5.459142841407292,5.552262888146131,5.36701383045677,5.474745750427246,626436000.0
2018-10-24,5.436356988008414,5.4829167625361945,4.924694041219195,4.938562870025635,884288000.0
2018-10-25,4.840986949323859,5.194643603184509,4.796655810976235,5.147340774536133,951720000.0
2018-10-26,4.91132125169537,5.0730424094284645,4.7827865641589655,4.910826206207275,664784000.0
2018-10-29,5.051991210550828,5.055458418159861,4.359041899960511,4.597042083740234,758016000.0
2018-10-30,4.6200755210153766,5.037380506219546,4.597043148404719,5.0274739265441895,807192000.0
2018-10-31,5.192166028776889,5.264977860383043,5.052486217473549,5.2213897705078125,745772000.0
2018-11-01,5.257795185700031,5.411096296902786,5.131241642928247,5.4016852378845215,566528000.0
2018-11-02,5.392275494575783,5.498025818701187,5.206035867552621,5.322683334350586,452960000.0
2018-11-05,5.309557263673199,5.332837631227085,5.083940251391473,5.244670867919922,379332000.0
2018-11-06,5.2367451270706376,5.3209491518387795,5.189937348354956,5.227086544036865,299012000.0
2018-11-07,5.293707198071008,5.384350132103305,5.230058889843961,5.2946977615356445,483812000.0
2018-11-08,5.235505927235626,5.236248967742835,5.0480282573411275,5.101522922515869,511352000.0
2018-11-09,5.01261308334997,5.183992799896752,4.9789315724393886,5.093597412109375,413240000.0
2018-11-12,5.002213113030679,5.024254923068485,4.67233136506613,4.694125652313232,617116000.0
2018-11-13,4.791949548212664,5.0574393896302965,4.785757701353562,4.936086654663086,644712000.0
2018-11-14,5.109200524907613,5.123564874254562,4.775604583769926,4.8835835456848145,526580000.0
2018-11-15,4.877638367050962,5.084433641858885,4.841727739633491,5.012364864349365,840708000.0
2018-11-16,4.044763563105875,4.2265449308494185,4.002413554547017,4.072253704071045,1963520000.0
2018-11-19,4.006871437548716,4.007614005727063,3.581888851770885,3.583622455596924,1697820000.0
2018-11-20,3.3201135112430618,3.820384104822775,3.301539150693231,3.6920969486236572,1692032000.0
2018-11-21,3.829299814728879,3.8461405711433354,3.556627554839746,3.5838699340820312,1025496000.0
2018-11-23,3.5491978057546882,3.7047273366228306,3.5363195387709654,3.5910520553588867,411968000.0
2018-11-26,3.712157034177006,3.8008188163816756,3.62968662616641,3.790417194366455,814832000.0
2018-11-27,3.7644133165110176,3.8884904623931336,3.7285029171076736,3.807258367538452,738060000.0
2018-11-28,3.924895850805073,3.969474502368306,3.792398454420789,3.964273691177368,804524000.0
2018-11-29,3.9665055230203015,4.003691417729756,3.87081365671528,3.9010581970214844,549172000.0
2018-11-30,3.9107263735194358,4.062197315560244,3.8604013185875687,4.05153751373291,729564000.0
2018-12-03,4.2788672880447995,4.330431897986579,4.148468195214734,4.215403079986572,890804000.0
2018-12-04,4.170780280728243,4.175738525961058,3.879737999950941,3.8948605060577393,812112000.0
2018-12-06,3.7542978508589564,3.9290719983161293,3.738679801953692,3.9241139888763428,692308000.0
2018-12-07,3.9283276146791746,3.938491875291798,3.6100157025727757,3.659348964691162,681676000.0
2018-12-10,3.6144774044825265,3.7894995064508104,3.6107587211983505,3.7647087574005127,629472000.0
2018-12-11,3.8564347832301142,3.864615698659635,3.59464548948545,3.6737277507781982,671912000.0
2018-12-12,3.679430116459748,3.7875173724044187,3.5901838169035876,3.6913297176361084,654136000.0
2018-12-13,3.7381834295596765,3.8023911901487404,3.6551347159699845,3.6910810470581055,471384000.0
2018-12-14,3.649432345753188,3.733224835556433,3.607040441886125,3.630591630935669,471820000.0
2018-12-17,3.6005953431535125,3.6727360149747184,3.5014325656201577,3.5594427585601807,662868000.0
2018-12-18,3.603321816101931,3.7267793190664302,3.576052179581129,3.6427390575408936,564372000.0
2018-12-19,3.6090233617525143,3.662571313188454,3.3821888840363905,3.433753490447998,745364000.0
2018-12-20,3.4253264692712437,3.5153165674014857,3.289473534324458,3.3492190837860107,749588000.0
2018-12-21,3.3757438466658303,3.408715514868951,3.184607893946795,3.212125539779663,863740000.0
2018-12-24,3.1357700947550464,3.2222894778505826,3.0864366008025543,3.1503965854644775,463840000.0
2018-12-26,3.196507376880517,3.3006281568249354,3.0854452431294224,3.2996366024017334,695100000.0
2018-12-27,3.2473280539922786,3.28178705102201,3.1032942599623907,3.2517902851104736,637044000.0
2018-12-28,3.272366709105406,3.405988478380253,3.2304705796899307,3.3132712841033936,628728000.0
2018-12-31,3.356655537319944,3.3891311958798074,3.2788128285278346,3.309553384780884,465140000.0
2019-01-02,3.2386513988649237,3.433010007847513,3.224024907740163,3.376983165740967,508752000.0
2019-01-03,3.316742024101778,3.3507052459793867,3.165519097139286,3.1729562282562256,705552000.0
2019-01-04,3.2460889111903297,3.41441746410469,3.2153485937451323,3.3762400150299072,585620000.0
2019-01-07,3.4335058842829964,3.5919181579337387,3.3821890457815105,3.5549800395965576,709160000.0
2019-01-08,3.636541262836668,3.6387726148066433,3.3938407168639566,3.466477394104004,786016000.0
2019-01-09,3.5177943883948593,3.5820023877661367,3.4672215634745385,3.5346522331237793,617260000.0
2019-01-10,3.515315921588131,3.609024451148577,3.4548265989412794,3.6003477573394775,523156000.0
2019-01-11,3.578035177313761,3.7124007198557143,3.5502697644699204,3.6895933151245117,874764000.0
2019-01-14,3.637285542069819,3.7547932623369165,3.613734349364408,3.729506731033325,730168000.0
2019-01-15,3.762230762261631,3.8016480130469583,3.6970314368176425,3.715376615524292,617012000.0
2019-01-16,3.742645200731957,3.7756166280062256,3.684387246825539,3.6898410320281982,470104000.0
2019-01-17,3.6568702549730676,3.8011518373038555,3.6296003784225475,3.7612388134002686,493436000.0
2019-01-18,3.8110677598638243,3.916428100042887,3.7595031475952823,3.890397787094116,651336000.0
2019-01-22,3.8601542808171283,3.871805875768449,3.6578624682051086,3.6881070137023926,661552000.0
2019-01-23,3.7433899797440273,3.832140498706805,3.6697617321374816,3.700997829437256,591020000.0
2019-01-24,3.7855334670386362,3.9305585846595252,3.780823228932097,3.9129574298858643,708972000.0
2019-01-25,3.8534599692729863,3.9883210734512042,3.750826750296248,3.970223903656006,1154572000.0
2019-01-28,3.385164247758499,3.511348652137013,3.247576258086447,3.421358585357666,2511528000.0
2019-01-29,3.3752481748667558,3.4235901208092536,3.2478242024071347,3.262450695037842,1153932000.0
2019-01-30,3.338558023729748,3.4203671788864196,3.2589799843642315,3.4059886932373047,974228000.0
2019-01-31,3.40276540758192,3.5993553648950183,3.380949556495698,3.563656806945801,842852000.0
2019-02-01,3.582250105752859,3.639020736411014,3.534652181397594,3.587951898574829,625048000.0
2019-02-04,3.6038173230506687,3.735455730742588,3.5817537032540603,3.698269844055176,528592000.0
2019-02-05,3.7101697053492084,3.754049180499091,3.6764544905665915,3.7173590660095215,542424000.0
2019-02-06,3.750578749480347,3.8574266662735943,3.745124963345141,3.792970895767212,702464000.0
2019-02-07,3.746611937324655,3.7488430529325694,3.611750845807799,3.6546385288238525,637120000.0
2019-02-08,3.5874564639333686,3.6838921195709684,3.5730779770913506,3.673232316970825,461604000.0
2019-02-11,3.629104062984058,3.6833955647755463,3.5822496916842774,3.630591630935669,495180000.0
2019-02-12,3.6690174094314227,3.7632219376409886,3.654638687915158,3.74760365486145,591060000.0
2019-02-13,3.7771045173246294,3.8631281274147784,3.7634695803135063,3.7899956703186035,605372000.0
2019-02-14,3.789004063817399,3.859161620302548,3.745868137747768,3.830900192260742,827264000.0
2019-02-15,4.039638096287828,4.062445269128536,3.8777551155326657,3.9005625247955322,1516748000.0
2019-02-19,3.8899020967574383,3.9637783399398536,3.8708133735449413,3.8832085132598877,551892000.0
2019-02-20,3.9124615126387052,3.9977413414428553,3.901305934134855,3.930558681488037,540988000.0
2019-02-21,3.9432018299304374,3.9677443376011072,3.847013962321036,3.861640453338623,448548000.0
2019-02-22,3.9134530552089353,3.965265435947853,3.8998181186262215,3.9464244842529297,401740000.0
2019-02-25,4.0299689568238275,4.097399378735154,3.9253521745854862,3.9340291023254395,656020000.0
2019-02-26,3.9293197991010156,3.985346650438618,3.86114534060757,3.8946127891540527,488464000.0
2019-02-27,3.8802340928291845,3.9067599488154197,3.795697806692139,3.8527164459228516,500256000.0
2019-02-28,3.8465122093622433,3.8688468342508746,3.805813738379342,3.828148126602173,324944000.0
2019-03-01,3.8780285749412227,3.924682975256033,3.81971057454771,3.882495641708374,357188000.0
2019-03-04,3.920961030205286,3.943791944150779,3.834104204905719,3.8906853199005127,409992000.0
2019-03-05,3.875050838071082,3.922449791756113,3.820703376411174,3.884232997894287,362924000.0
2019-03-06,3.8752993861415765,3.8837367593047767,3.770574997278908,3.7733047008514404,403524000.0
2019-03-07,3.749729058125882,3.759407506394355,3.657909114121381,3.7040672302246094,450104000.0
2019-03-08,3.614729381885403,3.748985177670246,3.5933873300727437,3.738314151763916,422416000.0
2019-03-11,3.7618882905429842,4.0217136808189755,3.714737372569361,3.998883008956909,859728000.0
2019-03-12,4.0266781888127765,4.079536553232424,3.950492384431136,4.033130645751953,579576000.0
2019-03-13,4.070602034749385,4.21379145284702,4.063157002925212,4.184508323669434,768900000.0
2019-03-14,4.193690742360727,4.205602604685603,4.100877994521936,4.1085710525512695,519384000.0
2019-03-15,4.151751733403672,4.256724382835705,4.148277479222248,4.214040756225586,661484000.0
2019-03-18,4.245554907813881,4.299406293536671,4.165646628998479,4.192696571350098,486992000.0
2019-03-19,4.28724721470183,4.404876253817737,4.27037247223958,4.36045503616333,854972000.0
2019-03-20,4.389490172372882,4.442845049775503,4.2932031779906765,4.327946186065674,719148000.0
2019-03-21,4.351026340687899,4.590998856980265,4.346062985080759,4.564693450927734,824312000.0
2019-03-22,4.537395351809043,4.586034905106406,4.390979693756557,4.404876708984375,747644000.0
2019-03-25,4.364177832270975,4.428451521700274,4.2463007662543,4.312560081481934,525212000.0
2019-03-26,4.45426234800424,4.510346953073678,4.332910975354563,4.389244079589844,703508000.0
2019-03-27,4.414803686265147,4.461209590640525,4.310575592412955,4.38006067276001,474372000.0
2019-03-28,4.406116661896155,4.46443489077638,4.345565254944239,4.398672103881836,480264000.0
2019-03-29,4.465429084674269,4.480319152760244,4.415052393645264,4.45599889755249,456896000.0
2019-04-01,4.547817833471747,4.553773764393231,4.476099110012129,4.523498058319092,483824000.0
2019-04-02,4.547570531284838,4.585787326890967,4.504638406005335,4.541366100311279,440920000.0
2019-04-03,4.590999717366156,4.739897100163296,4.586036360828847,4.6808342933654785,783504000.0
2019-04-04,4.665446386163067,4.714334435344545,4.609113778357138,4.67189884185791,457376000.0
2019-04-05,4.715078912494597,4.7560258776180335,4.67859925047417,4.738654136657715,481744000.0
2019-04-08,4.708131245510641,4.784565310046856,4.684059492263796,4.759500980377197,424192000.0
2019-04-09,4.725998485944832,4.737165797719995,4.654527785250104,4.696715354919434,439972000.0
2019-04-10,4.695971580854121,4.79300267580595,4.691504750071763,4.767193794250488,444772000.0
2019-04-11,4.7696741120197075,4.801190890957182,4.703911324628297,4.753295421600342,374600000.0
2019-04-12,4.7920093447847565,4.79598012337253,4.7066416284660155,4.715327262878418,471708000.0
2019-04-15,4.7076333711176135,4.712596725140489,4.543846475014645,4.583552360534668,440092000.0
2019-04-16,4.622764052340222,4.689519439447485,4.590006659955849,4.670659065246582,394964000.0
2019-04-17,4.705649823535029,4.72649534954194,4.625493474723939,4.647828102111816,351004000.0
2019-04-18,4.654527824770293,4.688525811871769,4.595465037399118,4.6232590675354,380988000.0
2019-04-22,4.599682160428927,4.692742900885404,4.568165862299888,4.6771087646484375,279936000.0
2019-04-23,4.690262176031965,4.762973940901237,4.6805839668735905,4.731705188751221,346856000.0
2019-04-24,4.742127819697894,4.784811906449244,4.6813283903114495,4.744113445281982,318204000.0
2019-04-25,4.703912471281764,4.726247097600911,4.558737873538937,4.638397693634033,499296000.0
2019-04-26,4.484537203505553,4.489004507650223,4.30064927615956,4.419518947601318,868988000.0
2019-04-29,4.42746047900362,4.478085671094279,4.3552452080308965,4.450291633605957,391920000.0
2019-04-30,4.418030134809722,4.517294888983902,4.3989217347143,4.491734504699707,362920000.0
2019-05-01,4.544095720899642,4.586283290364905,4.478332452616644,4.478580951690674,354280000.0
2019-05-02,4.488258410928474,4.58777115012668,4.44507827239045,4.546080112457275,394684000.0
2019-05-03,4.554518494249588,4.564444730621852,4.480069591465539,4.541614055633545,336824000.0
2019-05-06,4.3552440090825275,4.475354735160598,4.318019794360678,4.463194847106934,422176000.0
2019-05-07,4.414804355692643,4.414804355692643,4.247791165108241,4.295934677124023,555220000.0
2019-05-08,4.268388759410136,4.396192102920152,4.256476894047728,4.316035747528076,419168000.0
2019-05-09,4.247045911532932,4.256724122828362,4.104601025463672,4.223470211029053,660248000.0
2019-05-10,4.192698426677271,4.258213200204973,4.069857989647031,4.189472198486328,569500000.0
2019-05-13,4.057449822729202,4.080528996816518,3.9162455483649152,3.9321279525756836,656912000.0
2019-05-14,3.971834193262264,4.056457844049771,3.933121108335654,4.021218776702881,524880000.0
2019-05-15,3.9656294366424154,3.9966496928239077,3.9063188639694753,3.960170030593872,502320000.0
2019-05-16,3.954711629764427,4.017993000646602,3.9122760233684573,3.975308895111084,781088000.0
2019-05-17,3.93336900724729,4.062661426385714,3.8450233212653178,3.8844809532165527,1022068000.0
2019-05-20,3.7857125513092895,3.840804563253504,3.741043301264618,3.765859603881836,572064000.0
2019-05-21,3.8266589547037935,3.8638831687512023,3.787945639561651,3.8480007648468018,361848000.0
2019-05-22,3.8092882306886033,3.8353451369119655,3.766107842757893,3.777027130126953,325868000.0
2019-05-23,3.7147376505618173,3.7147376505618173,3.5961162696232405,3.655923366546631,591844000.0
2019-05-24,3.6747840242344525,3.710023089205994,3.5953722334997824,3.6020727157592773,357584000.0
2019-05-28,3.6196920056439863,3.6524493907931337,3.554921549251234,3.5569069385528564,428356000.0
2019-05-29,3.5092597383800683,3.544250538707785,3.4479637722032397,3.4827065467834473,559800000.0
2019-05-30,3.48593604441401,3.5217121809439496,3.417861990396215,3.456122636795044,394300000.0
2019-05-31,3.4071787568808998,3.4745074099456166,3.3637007823097766,3.3654398918151855,389720000.0
2019-06-03,3.376620553494657,3.415378061068025,3.2943853005049557,3.323701858520508,478644000.0
2019-06-04,3.3878004059898132,3.557985559569591,3.3656888343946365,3.5527682304382324,641836000.0
2019-06-05,3.6265568274442597,3.6320227028941674,3.47376299308284,3.510035991668701,511616000.0
2019-06-06,3.514259885657307,3.5967436938398136,3.5117753750832876,3.5721476078033447,408140000.0
2019-06-07,3.5781099939735763,3.6491651888373178,3.5589795487183062,3.614879846572876,348856000.0
2019-06-10,3.6710288242161817,3.756245689211645,3.6710288242161817,3.6876747608184814,402780000.0
2019-06-11,3.747549847548087,3.7853136497081814,3.7058112076060468,3.745313882827759,383872000.0
2019-06-12,3.701835441283549,3.708046716894873,3.6171156795941504,3.6322708129882812,358892000.0
2019-06-13,3.654382922813924,3.701835985556043,3.6367432765817465,3.6834511756896973,308080000.0
2019-06-14,3.5902840530405573,3.614631592869077,3.548793722226507,3.5935137271881104,394428000.0
2019-06-17,3.5917742148022604,3.640221217075607,3.5689172416942827,3.6032028198242188,276040000.0
2019-06-18,3.6645693899740683,3.853636246348004,3.653637874655716,3.7982330322265625,581920000.0
2019-06-19,3.8335117237315703,3.844940092005507,3.778108281375568,3.8041951656341553,331644000.0
2019-06-20,3.8948779079652946,3.9087907874263683,3.8141332136039043,3.828542947769165,350168000.0
2019-06-21,3.8136361587022307,3.862828325873782,3.7639468999166295,3.770406484603882,434428000.0
2019-06-24,3.791772146628921,3.82233095419807,3.744567407477911,3.7927658557891846,282948000.0
2019-06-25,3.7977354851308696,3.8727659883014587,3.7607170882054692,3.7634499073028564,311868000.0
2019-06-26,3.890902281694261,4.017857999583035,3.8779831134734057,3.956740140914917,584072000.0
2019-06-27,4.042454023040567,4.074503399227054,4.006429335736305,4.055373191833496,445440000.0
2019-06-28,4.0993480457661455,4.10854068621403,4.033510183336779,4.0802178382873535,397668000.0
2019-07-01,4.287420420704294,4.321705992505331,4.090900102637731,4.128415584564209,709756000.0
2019-07-02,4.111770572605332,4.132888674896865,4.017361543065561,4.030529022216797,400228000.0
2019-07-03,4.053881196335948,4.059595615532853,3.9835714260811717,4.0434465408325195,246636000.0
2019-07-05,3.985062633217425,3.989534561193575,3.917485200463918,3.9808390140533447,396552000.0
2019-07-08,3.92121332225618,3.940095223687914,3.875747915642792,3.9058096408843994,329788000.0
2019-07-09,3.863573485967393,3.9363680273034034,3.850902862411246,3.9082937240600586,342860000.0
2019-07-10,3.9517712790813873,4.034006524260164,3.9378584018696428,3.9766159057617188,452076000.0
2019-07-11,4.049658964227611,4.1718942189385295,4.0123922569733725,4.1311492919921875,682560000.0
2019-07-12,4.158975346633324,4.235248350308452,4.158975346633324,4.1641926765441895,506392000.0
2019-07-15,4.185310369926931,4.201458975860337,4.127422654913756,4.155745029449463,289840000.0
2019-07-16,4.140837992750941,4.178104694984818,4.095372360134823,4.151024341583252,341444000.0
2019-07-17,4.152764620848793,4.223323208289703,4.123448058029821,4.216366767883301,348204000.0
2019-07-18,4.226800107676858,4.2908988524978815,4.170154418749741,4.228042125701904,442192000.0
2019-07-19,4.266303829378748,4.272763177319047,4.178850769267074,4.184813499450684,344896000.0
2019-07-22,4.206178484559437,4.269283510925495,4.198724955887512,4.256364345550537,315940000.0
2019-07-23,4.295620369303317,4.366178474059461,4.2799679064719625,4.364191055297852,428176000.0
2019-07-24,4.407420539576318,4.444438939161471,4.3313963216236395,4.438724517822266,366236000.0
2019-07-25,4.397232995361022,4.409903852870786,4.284190408509909,4.307544231414795,392700000.0
2019-07-26,4.334625541146466,4.396239778419283,4.334625541146466,4.349532127380371,274160000.0
2019-07-29,4.342327614108528,4.359470402443908,4.255123345438182,4.343321323394775,248160000.0
2019-07-30,4.296861228114971,4.3711463153442445,4.282451261301873,4.358972549438477,197772000.0
2019-07-31,4.327422111210673,4.328416294726717,4.149535290387198,4.191771030426025,359416000.0
2019-08-01,4.2022042883899395,4.2926384699864295,4.045186844171994,4.097360610961914,421212000.0
2019-08-02,4.004691123962402,4.074007695039552,3.957238295063743,4.004691123962402,428348000.0
2019-08-05,3.821089087595534,3.8223313426400565,3.699350936463408,3.746307134628296,589156000.0
2019-08-06,3.821088904182659,3.866554299337405,3.7373628610752765,3.785064220428467,361272000.0
2019-08-07,3.724195196844107,3.8352503772102997,3.706804100698316,3.8233249187469482,372560000.0
2019-08-08,3.880964695975573,3.933138226420226,3.8235738361800475,3.9318959712982178,309300000.0
2019-08-09,3.890901905261621,3.8943801242971965,3.780095276837074,3.8305296897888184,341816000.0
2019-08-12,3.7783565982699034,3.830530126690227,3.7408413480102225,3.762704610824585,279200000.0
2019-08-13,3.7612139363125627,3.922951856155256,3.7222081208155413,3.8769893646240234,351956000.0
2019-08-14,3.7887915306196374,3.799971590156669,3.684693012038414,3.728419303894043,419880000.0
2019-08-15,3.747301036378363,3.767176644239833,3.6618358751868536,3.6961212158203125,477200000.0
2019-08-16,3.9589764916981913,4.0133857486541995,3.8976103218634126,3.964193820953369,1007960000.0
2019-08-19,4.077484348368043,4.258849300158553,4.061335271493826,4.242948532104492,815112000.0
2019-08-20,4.237482513754813,4.237979605222216,4.149532864405939,4.170650959014893,463188000.0
2019-08-21,4.236737836701404,4.309283823277182,4.2151231208071644,4.254128932952881,427244000.0
2019-08-22,4.263819387290122,4.306303425891061,4.221086565934948,4.260341167449951,303488000.0
2019-08-23,4.183819691538798,4.238229188545008,4.015870488711359,4.035746097564697,568056000.0
2019-08-26,4.114502825976818,4.1386020504512615,4.072267105940194,4.110527515411377,318208000.0
2019-08-27,4.14878789520998,4.151520713885262,3.9905284560210776,4.019845008850098,290968000.0
2019-08-28,3.993484332256128,4.062122887485374,3.9541908785054782,4.009400367736816,255612000.0
2019-08-29,4.100918005041658,4.185473054575782,4.097436343272871,4.153143405914307,357976000.0
2019-08-30,4.199401132947696,4.249139581746481,4.147673297986082,4.165827751159668,290616000.0
2019-09-03,4.092960580893258,4.126036372481835,4.0598847893046806,4.082764148712158,296140000.0
2019-09-04,4.143445058393143,4.204374628010244,4.143445058393143,4.196913719177246,227728000.0
2019-09-05,4.2991259394861,4.4761940885888105,4.297385108269852,4.469976902008057,695676000.0
2019-09-06,4.446597971701863,4.5035482731790735,4.404818036717332,4.442867755889893,376976000.0
2019-09-09,4.473955952854855,4.575422227704875,4.472463676193276,4.488877296447754,417524000.0
2019-09-10,4.456049849152838,4.5821363113629685,4.446350999984583,4.5555267333984375,352812000.0
2019-09-11,4.570200772383566,4.632373604881566,4.541103742574817,4.584127426147461,361512000.0
2019-09-12,4.630632065686321,4.68534397916281,4.574676430118892,4.582634449005127,327840000.0
2019-09-13,4.51598551662954,4.553040562902472,4.48091985660155,4.524689674377441,324592000.0
2019-09-16,4.449583560846985,4.516232723573079,4.439138574666537,4.481664657592773,231832000.0
2019-09-17,4.488380398702678,4.50728098950377,4.441875060065912,4.503053188323975,223048000.0
2019-09-18,4.496090264211417,4.5117577482728235,4.389401480829896,4.475945949554443,258152000.0
2019-09-19,4.481911992363841,4.500315464822193,4.389647498540797,4.400341510772705,245476000.0
2019-09-20,4.399347523876263,4.422973017452218,4.284452214392424,4.294648170471191,350244000.0
2019-09-23,4.294897727212279,4.393627987782096,4.2911670361485745,4.348117351531982,249712000.0
2019-09-24,4.379452289035473,4.409046413525972,4.255106686047216,4.2906694412231445,317268000.0
2019-09-25,4.290174396571986,4.452072710334968,4.245409877110496,4.4324259757995605,308432000.0
2019-09-26,4.422727000507626,4.431431159679353,4.359310441580929,4.410292148590088,234564000.0
2019-09-27,4.368511015596242,4.419244154293702,4.210840550728801,4.27152156829834,362056000.0
2019-09-30,4.297386429195988,4.3391663912282255,4.266050983330732,4.328969955444336,186184000.0
2019-10-01,4.35209729155392,4.501312150703961,4.322503158992095,4.32722806930542,366008000.0
2019-10-02,4.305343649411506,4.317280914728532,4.230985007369558,4.303354263305664,293372000.0
2019-10-03,4.307829141593345,4.515237513725679,4.2774888793517745,4.5090203285217285,450588000.0
2019-10-04,4.511260242747029,4.554781506902025,4.446103335376834,4.525435924530029,265524000.0
2019-10-07,4.590344614529047,4.683852417995811,4.581640455926613,4.584127426147461,480984000.0
2019-10-08,4.492358238452313,4.492358238452313,4.389400177797772,4.407554626464844,444436000.0
2019-10-09,4.484400767760316,4.543589504862352,4.455552774681767,4.4940996170043945,292412000.0
2019-10-10,4.491861559963687,4.602777648271692,4.486639066326071,4.551795959472656,309124000.0
2019-10-11,4.635853158175998,4.708719502549397,4.61695257257357,4.625408172607422,446404000.0
2019-10-14,4.616704593283885,4.659728267054926,4.585618184116955,4.638838291168213,200040000.0
2019-10-15,4.729113293362089,4.956168445454992,4.715186168860915,4.88355016708374,664124000.0
2019-10-16,4.84947927986465,4.9544272054000045,4.818392874224492,4.829832553863525,428944000.0
2019-10-17,4.874350404575522,4.919363476821955,4.777360458514098,4.83182430267334,263436000.0
2019-10-18,4.832320490182595,4.8648991788332,4.662961779081986,4.737320423126221,307440000.0
2019-10-21,4.798747574905551,4.888028046846711,4.779846981530951,4.874598503112793,261868000.0
2019-10-22,4.931547978763792,5.036744471881838,4.856940785781004,4.864650249481201,328720000.0
2019-10-23,4.782582749588405,4.865894109763343,4.750750197776818,4.851718902587891,279916000.0
2019-10-24,4.893000219060766,4.929309119275089,4.858929733657293,4.895736217498779,232020000.0
2019-10-25,4.976311048084749,5.107619973415817,4.968601586609567,5.086730003356934,423092000.0
2019-10-28,5.130500550761334,5.195160336109903,5.10115497411625,5.14268684387207,330792000.0
2019-10-29,5.128760121351249,5.13522633756321,5.0270457624179,5.046443462371826,211236000.0
2019-10-30,5.073301091653049,5.079021168401791,4.980290433289985,5.048431873321533,205960000.0
2019-10-31,5.027543125196636,5.048433102920363,4.919362544598043,4.999192237854004,209732000.0
2019-11-01,4.963878446909115,5.070567234133358,4.938760665698529,5.038237571716309,283640000.0
2019-11-04,5.119309075026829,5.2473853893637274,5.096181161014931,5.234950542449951,376716000.0
2019-11-05,5.234702336865044,5.260814805613796,5.164820057874853,5.212817668914795,300868000.0
2019-11-06,5.188695336038116,5.214310224843128,5.0760379234743285,5.163577556610107,269012000.0
2019-11-07,5.2501214716749915,5.264794260554901,5.136469377936064,5.181233882904053,280340000.0
2019-11-08,5.164322821244246,5.1988908907377365,5.126770198629659,5.167306900024414,189100000.0
2019-11-11,5.166560660798432,5.2003825913508255,5.080264766074003,5.177254676818848,243436000.0
2019-11-12,5.215553193115959,5.26877329790565,5.180487539124105,5.212817668914795,283504000.0
2019-11-13,5.181481545761005,5.209086287450705,5.120552460084292,5.186953067779541,300188000.0
2019-11-14,5.195906181842262,5.219532154092562,5.135971784320938,5.217293739318848,518080000.0
2019-11-15,5.215055323468847,5.266783148824371,4.9897410176055805,5.07802677154541,1053628000.0
2019-11-18,5.070565598357839,5.305827295235914,5.067581519823676,5.279217720031738,574588000.0
2019-11-19,5.2481315725735955,5.271757070400809,5.1143356544169425,5.172529220581055,414564000.0
2019-11-20,5.1496491804366125,5.335670008471485,5.1369657804544,5.251861095428467,472588000.0
2019-11-21,5.247387386561069,5.303094004046261,5.205358394375481,5.226994514465332,288388000.0
2019-11-22,5.249624306108858,5.296129646099661,5.221024864399534,5.244650840759277,224100000.0
2019-11-25,5.372725951750432,5.506273320249734,5.359793994971551,5.5012993812561035,506476000.0
2019-11-26,5.483641803354991,5.488367187497183,5.39013403114874,5.396600246429443,385244000.0
2019-11-27,5.442143689358788,5.4764880478189735,5.40506131401427,5.431441783905029,215784000.0
2019-11-29,5.400581188040788,5.4289525089409185,5.370218064462019,5.394110202789307,141556000.0
2019-12-02,5.387141946442765,5.400581393435698,5.192522025879976,5.207703113555908,372036000.0
2019-12-03,5.024034660449171,5.1721149662184756,4.986703542784489,5.16813325881958,465232000.0
2019-12-04,5.251754966653496,5.274153732856538,5.183314503117947,5.211935043334961,273424000.0
2019-12-05,5.23383611053888,5.249515151275066,5.164399748390317,5.195011615753174,184884000.0
2019-12-06,5.264198487857676,5.313226935848196,5.254243270631001,5.280375003814697,232236000.0
2019-12-09,5.257478763698759,5.335127749179644,5.24876818597086,5.280375003814697,211880000.0
2019-12-10,5.310489935126667,5.377188764051814,5.257728507924325,5.325422763824463,256388000.0
2019-12-11,5.335875399645226,5.414519826084976,5.333386594889991,5.40904426574707,233796000.0
2019-12-12,5.380174119493013,5.594704023157455,5.371214803568274,5.576536178588867,404348000.0
2019-12-13,5.579522514952342,5.698733528864786,5.5205388530199935,5.574544906616211,454704000.0
2019-12-16,5.622079852194508,5.675836691921466,5.59395679292863,5.603414058685303,320976000.0
2019-12-17,5.622081743871301,5.704210408502328,5.612624474932516,5.681562900543213,321196000.0
2019-12-18,5.716402302318086,5.77239919841047,5.7079404647413226,5.711922645568848,343548000.0
2019-12-19,5.746519103766496,5.873445307267032,5.741541493898004,5.860005855560303,445360000.0
2019-12-20,5.926454362351506,5.982700014163713,5.907291090118144,5.957314968109131,603044000.0
2019-12-23,5.985936088138887,6.018040861898894,5.932925924459894,5.94362735748291,355060000.0
2019-12-24,5.92819743559169,5.95582255253584,5.893852592971181,5.938650131225586,138864000.0
2019-12-26,5.942135080659654,5.980959586855747,5.923220541126348,5.952836990356445,182852000.0
2019-12-27,5.968016904612984,5.981456354930958,5.868715829045477,5.895096778869629,254644000.0
2019-12-30,5.873196108744252,5.878422456289142,5.750500835781686,5.781858921051025,258056000.0
2019-12-31,5.746517815671809,5.865480101531699,5.727354544133707,5.856022834777832,231004000.0
2020-01-02,5.941884868219942,5.970754146575928,5.891363512424235,5.970754146575928,237536000.0
2020-01-03,5.8510460365310895,5.918989028814216,5.826158464010726,5.875186920166016,205384000.0
2020-01-06,5.781859166410573,5.905051920734205,5.755727427577195,5.899825572967529,262636000.0
2020-01-07,5.928196075296092,6.017044442487873,5.883149809298522,5.971251487731934,314856000.0
2020-01-08,5.967021135605146,6.023764739731018,5.926952474390596,5.982451438903809,277108000.0
2020-01-09,6.068811004490261,6.120576999500233,5.994397505336159,6.048154354095459,255112000.0
2020-01-10,6.155419686593314,6.185782344219764,6.06632256758394,6.080508232116699,316296000.0
2020-01-13,6.163633065444852,6.296283085616818,6.140985084223415,6.271146774291992,319840000.0
2020-01-14,6.228339569543208,6.2537250915044345,6.140984569750498,6.154175281524658,359088000.0
2020-01-15,6.166866832502594,6.189265596413675,6.085733616503059,6.111616611480713,263104000.0
2020-01-16,6.165125624680976,6.201212580149905,6.141731430548025,6.195239543914795,284192000.0
2020-01-17,6.214401667413449,6.221868079998157,6.1564139062757155,6.203948974609375,253792000.0
2020-01-21,6.16736492115884,6.204198560894106,6.13650431691283,6.170600414276123,217916000.0
2020-01-22,6.215895459222514,6.311214340256056,6.196980925833093,6.224606037139893,239240000.0
2020-01-23,6.264676098533878,6.301509269273523,6.175827715920401,6.2930474281311035,244516000.0
2020-01-24,6.4085242141438945,6.458299349372817,6.17955944653442,6.233814239501953,373512000.0
2020-01-27,5.929191841222907,6.0289908580944,5.779618159624937,5.97797155380249,470536000.0
2020-01-28,6.043924884260092,6.203702565914356,5.990665498811657,6.171349048614502,310976000.0
2020-01-29,6.156912053677501,6.192999003620118,6.071049967628455,6.110870361328125,258848000.0
2020-01-30,6.013063476063364,6.131030355221164,5.958062456449191,6.11759090423584,290504000.0
2020-01-31,6.071796737498564,6.083742808298976,5.842334486746621,5.884145259857178,370420000.0
2020-02-03,5.865978512587702,6.000619860257822,5.859756738000507,5.981207847595215,255564000.0
2020-02-04,6.123065271647515,6.169604915500799,6.073041396690385,6.1504411697387695,271544000.0
2020-02-05,6.27139460720877,6.281598562985633,6.157409927409583,6.240783214569092,208220000.0
2020-02-06,6.275129269822066,6.327641487121582,6.193996033305588,6.327641487121582,218284000.0
2020-02-07,6.287571055701337,6.3097210809777176,6.236053805193534,6.261439323425293,189752000.0
2020-02-10,6.284087527331507,6.545405828690706,6.279109918334532,6.544659614562988,529608000.0
2020-02-11,6.652920962882322,6.78183801655105,6.590951003561365,6.667106628417969,638556000.0
2020-02-12,6.719867243823403,6.789303609316135,6.6810427471678455,6.782832622528076,374644000.0
2020-02-13,6.724845173517911,6.806227140199574,6.697468796769711,6.739030838012695,528016000.0
2020-02-14,7.149176609223402,7.341059034322316,7.117818524879411,7.212141990661621,1041924000.0
2020-02-18,7.108858700139689,7.399295984825902,7.0894466884047596,7.380878925323486,620164000.0
2020-02-19,7.5033260411474485,7.849759796148318,7.5033260411474485,7.832089424133301,694332000.0
2020-02-20,7.784055011926887,7.872405426871705,7.375402657191231,7.68276309967041,810052000.0
2020-02-21,7.5705212914852815,7.595657599846096,7.233793590100202,7.318659782409668,768180000.0
2020-02-24,6.724345781914618,7.0150317449623065,6.669842252847712,6.801248073577881,856916000.0
2020-02-25,6.876409179119824,6.9383791289907055,6.419972975741394,6.521762847900391,1055496000.0
2020-02-26,6.522012284469121,6.8552557873010365,6.520519381374337,6.661133289337158,747732000.0
2020-02-27,6.347611926679557,6.648930749588357,6.1979487749822635,6.290336608886719,906416000.0
2020-02-28,6.03782676252008,6.784897622495817,6.021142320573181,6.725380897521973,1133252000.0
2020-03-02,6.895465261487342,6.912647954782007,6.499517605060094,6.883760929107666,890744000.0
2020-03-03,6.939542910689141,6.999308535821948,6.535875460441235,6.621290683746338,652792000.0
2020-03-04,6.728618670281707,7.094434352559706,6.653911295478629,7.0849714279174805,597408000.0
2020-03-05,6.885502676379965,7.052348512985512,6.76099087219597,6.805566310882568,540328000.0
2020-03-06,6.626020340965271,6.683545020586872,6.424809118163866,6.625024318695068,515412000.0
2020-03-09,5.974076456092532,6.459672694457818,5.931244648976201,6.112035751342773,614160000.0
2020-03-10,6.388450464272933,6.50150728225708,6.125730998271825,6.50150728225708,580648000.0
2020-03-11,6.361556597447995,6.389945366883533,6.040565295838088,6.137684345245361,499964000.0
2020-03-12,5.614485926800339,5.879945078661735,5.373929229752029,5.386629581451416,816540000.0
2020-03-13,5.739994165932216,6.001967021688667,5.468807747955837,5.9974846839904785,634836000.0
2020-03-16,5.289510622766234,5.630424311039589,4.8310582281153325,4.890823841094971,726972000.0
2020-03-17,5.003132824039129,5.4999350927091735,4.7563506413155645,5.4105353355407715,833632000.0
2020-03-18,4.9829635271133,5.228002624011302,4.499359716733076,5.0506978034973145,874268000.0
2020-03-19,5.029280865027534,5.397089051683916,4.815868008217613,5.3034563064575195,765512000.0
2020-03-20,5.453617551932971,5.735512301243073,5.108221984216086,5.123661518096924,804636000.0
2020-03-23,5.12266549047354,5.390864363327464,4.943617513362338,5.296483993530273,643876000.0
2020-03-24,5.702641471566112,6.291831706746178,5.6789843958835755,6.20517110824585,1101644000.0
2020-03-25,6.320219057670394,6.519936005707331,6.067709130537337,6.116518020629883,793432000.0
2020-03-26,6.323705539046025,6.529897349588991,6.225590457622035,6.4058837890625,696108000.0
2020-03-27,6.225591647484127,6.552310765540486,6.19272053118501,6.293575286865234,638828000.0
2020-03-30,6.359067291374254,6.623032683251805,6.314990097114926,6.613818645477295,602252000.0
2020-03-31,6.653909598396458,6.858109324130412,6.418582401485569,6.564261436462402,949960000.0
2020-04-01,6.366289194622449,6.512714924766712,6.0084421721262595,6.0530171394348145,656912000.0
2020-04-02,6.08215214884335,6.375004040795711,6.034090873043499,6.3618059158325195,675764000.0
2020-04-03,6.324204046373109,6.365790946733612,5.936474454401283,6.073935508728027,663212000.0
2020-04-06,6.356078940367916,6.720649696082763,6.2985542597634785,6.683794021606445,727884000.0
2020-04-07,6.905425598520726,6.929083148905279,6.4073783058763185,6.4504594802856445,784520000.0
2020-04-08,6.559530201594614,6.67258702780402,6.4895545395003955,6.647684574127197,542444000.0
2020-04-09,6.773442208223735,6.796352144168481,6.48507263965406,6.5480756759643555,525564000.0
2020-04-13,6.488310013179635,6.728617826628868,6.399906748639716,6.719902038574219,398408000.0
2020-04-14,6.848149593092248,7.105141867954812,6.8205079558991155,7.071025848388672,530948000.0
2020-04-15,6.902935649755739,7.076505265302818,6.857613541451521,6.993580341339111,366148000.0
2020-04-16,7.148970722910891,7.445806762036778,7.135772595346985,7.33872652053833,745620000.0
2020-04-17,7.420904147198899,7.442320290044021,7.145484257149034,7.279458999633789,539120000.0
2020-04-20,7.152955099952114,7.308843758155547,7.1038973186254335,7.148223400115967,449388000.0
2020-04-21,7.030186206973382,7.091445616166111,6.651670181611287,6.711435794830322,735160000.0
2020-04-22,6.903681973130234,7.168643384661599,6.858110983321336,7.1258111000061035,483356000.0
2020-04-23,7.167896158666759,7.2998783766301765,7.047368434745223,7.072519779205322,424160000.0
2020-04-24,7.062310457773697,7.2134674170069335,6.987603082107009,7.211475372314453,352328000.0
2020-04-27,7.345948193997558,7.557867261209609,7.321294622853795,7.397994041442871,479388000.0
2020-04-28,7.545415186633848,7.575298228797527,7.250073455209136,7.255551815032959,442904000.0
2020-04-29,7.390274070522347,7.485152200070191,7.315068924983544,7.432359218597412,379160000.0
2020-04-30,7.378320164848729,7.432358525382171,7.264516672346665,7.278461933135986,375916000.0
2020-05-01,7.080985792503497,7.194291509256249,6.993578552435649,7.041889190673828,342096000.0
2020-05-04,6.994575294874223,7.26750535035429,6.994575294874223,7.253808975219727,317556000.0
2020-05-05,7.357900022527022,7.477431228295707,7.253807872315923,7.314818859100342,368896000.0
2020-05-06,7.394258543064645,7.520513510750665,7.356406846446579,7.415674209594727,323464000.0
2020-05-07,7.554878280997428,7.655234767610334,7.503579572014176,7.591982841491699,373732000.0
2020-05-08,7.663701359549101,7.788213162222441,7.629834229017725,7.78198766708374,339216000.0
2020-05-11,7.777008568160704,8.080817728764211,7.7483709050665075,8.034001350402832,469060000.0
2020-05-12,8.091773941626728,8.14058236175115,7.762315680862196,7.772027492523193,493060000.0
2020-05-13,7.886577506904461,8.046948482659857,7.565087945015073,7.749614715576172,625852000.0
2020-05-14,7.811123830529549,8.004615284650143,7.65747611657853,7.999136924743652,602312000.0
2020-05-15,7.858936085271432,8.467300485063323,7.843247666290746,8.457589149475098,987660000.0
2020-05-18,8.72628882156993,8.88167975378288,8.646601310170992,8.716078758239746,774460000.0
2020-05-19,8.755919887687877,9.052008785604071,8.728527135745038,8.771110534667969,717320000.0
2020-05-20,8.955883020422938,9.00767996380417,8.854032290890137,8.934965133666992,587536000.0
2020-05-21,9.016148234630046,9.017143781798746,8.70337448278316,8.74097728729248,761068000.0
2020-05-22,8.790782119460506,9.05748714261694,8.679220028686307,8.990997314453125,1038764000.0
2020-05-26,9.12099008919191,9.14589302725858,8.638133376986131,8.683704376220703,770780000.0
2020-05-27,8.591312863888776,8.599032153511645,7.965516532818356,8.491952896118164,1175892000.0
2020-05-28,8.379394654282432,8.726284915463808,8.34652354679556,8.453853607177734,734896000.0
2020-05-29,8.521090089361191,8.840836524963379,8.451861551510003,8.840836524963379,745256000.0
2020-06-01,8.798751283519696,8.806221687857695,8.655562517360025,8.771856307983398,389876000.0
2020-06-02,8.761895905306496,8.802735191457245,8.624185501823682,8.79078197479248,391320000.0
2020-06-03,8.787796002330985,8.831623838211076,8.666022881980009,8.735251426696777,365440000.0
2020-06-04,8.697879144021291,8.912386326144187,8.647553504406243,8.736247062683105,424280000.0
2020-06-05,8.764150747814513,8.965951317079053,8.677949089907083,8.889217376708984,481748000.0
2020-06-08,8.846616337617116,8.859073012868846,8.65577744970242,8.774616241455078,387736000.0
2020-06-09,8.769630627027317,9.078311257559477,8.721048943535084,9.01478099822998,468488000.0
2020-06-10,9.136113250908178,9.467216327764026,9.121911673712983,9.334425926208496,632180000.0
2020-06-11,9.118424384663026,9.229290402084363,8.755681123434155,8.76589584350586,583652000.0
2020-06-12,9.130879089754174,9.155543430146446,8.673213588252866,8.90167236328125,570908000.0
2020-06-15,8.784829388857338,9.150562516844673,8.713575356427903,9.142091751098633,400004000.0
2020-06-16,9.193164514152052,9.23477038751409,8.808246985074005,9.037203788757324,535716000.0
2020-06-17,9.082300523775523,9.266910589860908,9.038949737386892,9.20412826538086,408304000.0
2020-06-18,9.195158418164446,9.250466921441895,9.083046458766479,9.186189651489258,254408000.0
2020-06-19,9.210604521255469,9.412405087364501,9.195406943583055,9.229289054870605,524160000.0
2020-06-22,9.267906669276206,9.49835845482481,9.241248418658067,9.493873596191406,398468000.0
2020-06-23,9.518040209035501,9.60922473407461,9.375036034949984,9.417388916015625,375108000.0
2020-06-24,9.443548049476501,9.523521851780817,9.112942971120358,9.203629493713379,449372000.0
2020-06-25,9.323463251881568,9.47219821833434,9.150561942125533,9.457249641418457,376072000.0
2020-06-26,9.467217092844338,9.467217092844338,9.093511154968905,9.123407363891602,592084000.0
2020-06-29,9.138107732981206,9.172737804344859,8.86928797872755,9.168252944946289,342248000.0
2020-06-30,9.281859291207626,9.493376613630447,9.234523546788532,9.464975357055664,367892000.0
2020-07-01,9.487897365338183,9.5427078842638,9.380519232617074,9.497115135192871,326648000.0
2020-07-02,9.605735972928237,9.703896302605694,9.545195612171268,9.579078674316406,364056000.0
2020-07-06,9.708133497305749,9.87455704089892,9.678984287054332,9.805296897888184,315892000.0
2020-07-07,9.91192667092791,10.035249358720971,9.816756237339161,9.83768367767334,357800000.0
2020-07-08,9.959263037333473,10.189715796668938,9.9311107813618,10.180746078491211,365480000.0
2020-07-09,10.344429847075826,10.533524777131117,10.198185802877653,10.472735404968262,494548000.0
2020-07-10,10.552208677085298,10.61847890023209,10.342933337817453,10.443086624145508,497676000.0
2020-07-13,10.558436349316613,10.75500504348542,9.990402803817826,10.017559051513672,457076000.0
2020-07-14,10.04023152466325,10.366850682254316,9.751730337959055,10.34118938446045,542676000.0
2020-07-15,10.37831049776503,10.396995030671915,10.021047212531476,10.19195556640625,403984000.0
2020-07-16,9.980438549107026,10.171526393548673,9.86135078427712,10.099775314331055,344964000.0
2020-07-17,10.19021430782822,10.213134704535644,10.05293997765378,10.16629695892334,266284000.0
2020-07-20,10.238793197768803,10.494906250453667,10.121698390673775,10.47447681427002,284852000.0
2020-07-21,10.476718279060025,10.523556960018096,10.251249391175662,10.292855262756348,277036000.0
2020-07-22,10.331721147772265,10.565909799920115,10.255983217585523,10.402725219726562,367292000.0
2020-07-23,10.41393870623039,10.51060409801743,9.996633928572269,10.094794273376465,411660000.0
2020-07-24,9.840921543413533,10.328981333279204,9.743260165513863,10.159318923950195,473292000.0
2020-07-27,10.196940228932192,10.405716636707364,10.182489650442864,10.385537147521973,292132000.0
2020-07-28,10.338450010177334,10.346172824798396,10.1740194451191,10.18024730682373,271636000.0
2020-07-29,10.354894135095087,10.479960793275243,10.311295295130234,10.429386138916016,284508000.0
2020-07-30,10.339195130438815,10.586339409099345,10.259720292587549,10.577370643615723,308880000.0
2020-07-31,10.526793833755395,10.729343261864539,10.396993373728074,10.578116416931152,386080000.0
2020-08-03,10.69546229744022,11.06044840939836,10.678271766238865,10.972253799438477,412720000.0
2020-08-04,11.01186864600125,11.189004898071289,10.868365510639228,11.189004898071289,310336000.0
2020-08-05,11.205199894465501,11.332508502653472,11.127717987110488,11.247801780700684,249924000.0
2020-08-06,11.310580667455152,11.318802431737298,11.140171273584539,11.296380043029785,244316000.0
2020-08-07,11.27345951412212,11.465046292456627,10.99940894476079,11.160849571228027,342516000.0
2020-08-10,11.29513408169301,11.36887810244409,10.81903210025864,11.12646770477295,427796000.0
2020-08-11,11.035535200137302,11.098318470452666,10.75849467047517,10.8125581741333,354512000.0
2020-08-12,10.952820408317251,11.427426529688978,10.920432302149997,11.400769233703613,464412000.0
2020-08-13,11.50615432938051,11.681298546736729,11.316561436383628,11.403510093688965,374460000.0
2020-08-14,11.490212465774503,11.664359772315795,11.401021833447428,11.52409553527832,366436000.0
2020-08-17,11.81035296440147,12.366925960878032,11.77647084788185,12.294426918029785,621300000.0
2020-08-18,12.40703504191184,12.45287677557738,12.044540832043971,12.218438148498535,503448000.0
2020-08-19,12.254066733502945,12.272502269183928,12.05625109770303,12.096611976623535,622624000.0
2020-08-20,11.933675460535376,12.332294707284191,11.837757080597434,12.099102020263672,921388000.0
2020-08-21,12.159642451084375,12.764548088001417,12.153164638813207,12.639730453491211,999868000.0
2020-08-24,12.839289060494515,12.867940264465586,12.46433720627704,12.676353454589844,490564000.0
2020-08-25,12.587162502642434,12.717212003155831,12.530359043130268,12.706001281738281,289076000.0
2020-08-26,12.755081191057094,12.82409232523214,12.634000455714471,12.728921890258789,321244000.0
2020-08-27,12.737391908262952,12.805656037139427,12.523133704353224,12.584671020507812,317604000.0
2020-08-28,12.631259609222237,13.10262689195199,12.598871498450452,13.102377891540527,537160000.0
2020-08-31,13.13725649731869,13.5281529158447,12.992757381915121,13.32834529876709,500840000.0
2020-09-01,13.437502163161502,13.949632578291991,13.394139355571934,13.777427673339844,511316000.0
2020-09-02,14.65739247517934,14.68032067693343,13.856176456399352,14.30126953125,874012000.0
2020-09-03,13.78514895398756,13.840723073185023,12.838144401724493,12.97446346282959,945128000.0
2020-09-04,12.743446288728798,13.133463404372108,11.667848528156505,12.5827054977417,1463684000.0
2020-09-08,11.69750413983094,12.510433341431117,11.667349913206706,11.875441551208496,795728000.0
2020-09-09,12.360905048543636,12.76886502863657,12.193185421465744,12.674912452697754,736200000.0
2020-09-10,12.948297711708706,13.024058312072276,12.128639734136724,12.272933959960938,698684000.0
2020-09-11,12.446136279849737,12.612609582792775,11.858245343800984,12.126148223876953,636928000.0
2020-09-14,13.039759537676474,13.273021054817024,12.591427528763537,12.831666946411133,1201744000.0
2020-09-15,13.238132111969612,13.256823189308754,12.787308384101589,12.950043678283691,727556000.0
2020-09-16,12.916400310940178,13.051473084815894,12.474298932993047,12.475046157836914,556384000.0
2020-09-17,12.093998080166804,12.550056085435168,11.996805639874852,12.424203872680664,792512000.0
2020-09-18,12.554044480221386,12.592672005177674,11.950952377889003,12.150819778442383,698460000.0
2020-09-21,11.887402512276836,12.48301853522082,11.866966963073288,12.477785110473633,721044000.0
2020-09-22,12.53535123728596,12.608121024990037,12.117174508183115,12.59790325164795,646452000.0
2020-09-23,12.53585398796635,12.686877068434862,12.04116926533515,12.085528373718262,647012000.0
2020-09-24,12.034188858042343,12.52987072793665,11.976122083308846,12.30906867980957,731240000.0
2020-09-25,12.408256652197235,12.842881933702188,12.207142912715822,12.833162307739258,588016000.0
2020-09-28,12.999135631045021,13.010599730507748,12.709800926062767,12.993902206420898,573808000.0
2020-09-29,12.896710345478045,13.400367358569484,12.892474170877144,13.184051513671875,621460000.0
2020-09-30,13.116017451742245,13.579551557205184,13.10879047677623,13.487841606140137,689184000.0
2020-10-01,13.714624017312177,13.719358341774951,13.418310444661264,13.571576118469238,525004000.0
2020-10-02,13.18330571184835,13.476876636179565,13.009853546705289,13.021068572998047,552496000.0
2020-10-05,13.19426999628857,13.601232733408866,13.181061420646227,13.599488258361816,479820000.0
2020-10-06,13.786395919465548,14.09741250205041,13.621916178803843,13.693190574645996,784420000.0
2020-10-07,13.955612003069618,14.074735405554517,13.819791075017143,13.919974327087402,418084000.0
2020-10-08,14.030625334081545,14.040095885233358,13.714625307805663,13.795120239257812,378900000.0
2020-10-09,13.723597477510634,13.7806670103337,13.617682638155124,13.7193603515625,346892000.0
2020-10-12,13.945395309887523,14.301768294691879,13.868638402637721,14.18114948272705,434744000.0
2020-10-13,14.251425250890234,14.303261347469597,13.9745509443215,14.203327178955078,344604000.0
2020-10-14,14.245444791209522,14.297529966845348,13.915987137027978,14.050810813903809,276100000.0
2020-10-15,13.767207595825163,13.961592497317445,13.72434294529411,13.925955772399902,267224000.0
2020-10-16,13.992494903591206,14.076977879491116,13.749014676143386,13.76795482635498,242392000.0
2020-10-19,13.859168359537124,13.939414220058843,13.364482718053416,13.455196380615234,298068000.0
2020-10-20,13.540672280640038,13.756240880950452,13.464413539520768,13.602477073669434,229212000.0
2020-10-21,13.582042285326583,13.748017425435206,13.435007294119284,13.482108116149902,219596000.0
2020-10-22,13.47986707572771,13.568835305575032,13.1900332336967,13.318876266479492,290480000.0
2020-10-23,13.407594359777686,13.550393182013844,13.249345288495318,13.547402381896973,233484000.0
2020-10-26,13.384667711577912,13.649579792696025,12.997392352414028,13.099818229675293,336896000.0
2020-10-27,13.264048592896252,13.39962044326866,13.149909542923867,13.354513168334961,250520000.0
2020-10-28,13.156387540997912,13.218192332927055,12.569244869673387,12.587187767028809,376520000.0
2020-10-29,12.798022516795879,13.151155583949004,12.709801518732187,12.982937812805176,320080000.0
2020-10-30,12.809488644305967,12.89571515549581,12.261222419524849,12.494484901428223,416820000.0
2020-11-02,12.617844058143817,12.796279626218718,12.355922756739838,12.54108715057373,299652000.0
2020-11-03,12.668433313890562,13.063682887469264,12.563016632474788,12.978452682495117,272900000.0
2020-11-04,13.347037197678778,13.783906056536338,13.294952018751445,13.750760078430176,410228000.0
2020-11-05,14.117849095729678,14.293791998345476,13.946889592613063,14.1153564453125,319028000.0
2020-11-06,14.06526665473914,14.542756625411448,13.851194348548102,14.516091346740723,383348000.0
2020-11-09,14.5066202611926,14.645181976540904,13.567839732214685,13.587776184082031,582976000.0
2020-11-10,13.563604136300349,13.563604136300349,12.588438593301829,12.729742050170898,644068000.0
2020-11-11,13.012593473036725,13.392641827801297,12.907425878555323,13.37569522857666,404744000.0
2020-11-12,13.436503832434182,13.722598689302842,13.274017628340097,13.414323806762695,365812000.0
2020-11-13,13.584288874259524,13.625658133914891,13.01807969309859,13.255080223083496,346312000.0
2020-11-16,13.130968235107892,13.606464543099285,13.11452073690316,13.472638130187988,413776000.0
2020-11-17,13.50976980539542,13.553381674953355,13.261804360765339,13.37993049621582,312028000.0
2020-11-18,13.42279465375542,13.562851731669731,13.143428673187737,13.386409759521484,510924000.0
2020-11-19,13.171091213997725,13.444974695963419,13.058696656550353,13.397873878479004,565936000.0
2020-11-20,13.411583145369244,13.451955146489949,13.023808681876831,13.046487808227539,341088000.0
2020-11-23,13.129724206448,13.340307533900381,12.974464979112954,13.098572731018066,361356000.0
2020-11-24,13.101064907711441,13.120503208532503,12.844377045037543,12.916897773742676,346500000.0
2020-11-25,12.991411800755374,13.227664107698024,12.978951400504695,13.193023681640625,259916000.0
2020-11-27,13.332830370269797,13.365228168197541,13.12897493434627,13.219438552856445,167276000.0
2020-11-30,13.223177217073376,13.370212203387892,12.931349869037602,13.359246253967285,286952000.0
2020-12-01,13.449712726033608,13.48609762777796,13.186544162676142,13.347784996032715,296948000.0
2020-12-02,13.308410009830808,13.630391642696495,13.192526472963973,13.501798629760742,283360000.0
2020-12-03,13.548662227713455,13.620955227906979,13.290901954891696,13.357709884643555,199520000.0
2020-12-04,13.410060816255628,13.521242861894294,13.350481990906417,13.519497871398926,202244000.0
2020-12-07,13.562373622565351,13.692002161308737,13.46141332691698,13.56785774230957,223244000.0
2020-12-08,13.546170890394157,13.559881665713313,13.243538190304427,13.311842918395996,271920000.0
2020-12-09,13.262482439496566,13.375657659277737,12.831467938222275,12.893789291381836,401300000.0
2020-12-10,12.832217643916875,13.031396655684688,12.812772649418692,12.935172080993652,207764000.0
2020-12-11,12.930185195475408,12.982785004370417,12.786347593211344,12.976054191589355,209264000.0
2020-12-14,13.050592039608777,13.350482212225353,13.040122096463001,13.270710945129395,270156000.0
2020-12-15,13.401336179884739,13.425516898883563,13.14905999762585,13.32231330871582,193016000.0
2020-12-16,13.38413479354012,13.398843113626814,13.174734988056837,13.204649925231934,223116000.0
2020-12-17,13.328543256876912,13.341257437063334,13.14083174724949,13.303116798400879,231384000.0
2020-12-18,13.34075861756635,13.366684324788022,13.033141062616313,13.234065055847168,342064000.0
2020-12-21,13.037377156557108,13.331783154794788,12.930433506327743,13.294140815734863,302332000.0
2020-12-22,13.281180494833558,13.29912869656647,13.01668843755986,13.240297317504883,185580000.0
2020-12-23,13.218110529291765,13.237056275687273,12.96782849920963,12.972065925598145,179144000.0
2020-12-24,12.999985337124272,13.094963214418865,12.901767578496214,12.956609725952148,97884000.0
2020-12-28,13.025161685689636,13.025161685689636,12.726767422475538,12.863125801086426,212564000.0
2020-12-29,12.888058370495152,13.035136828772556,12.805544564367517,12.906255722045898,170372000.0
2020-12-30,12.953120278145812,13.175981710757751,12.859888338350087,13.108176231384277,225396000.0
2020-12-31,13.09895299632336,13.113411217008528,12.878085702431163,13.017685890197754,192424000.0
2021-01-04,13.066794130908479,13.613477268003745,12.925448959611947,13.076017379760742,560640000.0
2021-01-05,13.062307460654432,13.405074943901147,13.049594230220292,13.366436004638672,322760000.0
2021-01-06,13.184706458898969,13.207142186008463,12.55002633699992,12.578444480895996,580424000.0
2021-01-07,12.930433708618178,13.339511720637944,12.849665861110775,13.30585765838623,461480000.0
2021-01-08,13.324304563885628,13.38263668450352,13.004720314461348,13.238799095153809,292528000.0
2021-01-11,13.380398386023487,13.921099241241135,13.324309531570202,13.582569122314453,518344000.0
2021-01-12,13.713191537825285,13.71518662773532,13.30685695821669,13.446207046508789,291476000.0
2021-01-13,13.45144283836418,13.586057211439117,13.3467434043827,13.493073463439941,210028000.0
2021-01-14,13.536198445576108,13.56087745931454,13.142826263852895,13.162519454956055,283120000.0
2021-01-15,13.190189882912284,13.287161896457812,12.811775176828125,12.82274341583252,277780000.0
2021-01-19,12.979046798283063,13.05657477975122,12.807289326171569,12.988021850585938,226188000.0
2021-01-20,13.074269611442432,13.392108842485708,13.019427476011874,13.327544212341309,258572000.0
2021-01-21,13.380147607196607,13.959238189663656,13.215120946062724,13.827864646911621,337780000.0
2021-01-22,13.700727061039379,13.802186604239331,13.588299278392899,13.67330551147461,246820000.0
2021-01-25,13.742358087685238,13.788974533130535,13.198666607439788,13.614225387573242,251112000.0
2021-01-26,13.541683847092358,13.605750200050279,13.349235639705508,13.396849632263184,163980000.0
2021-01-27,13.192184594045496,13.19492712938978,12.757181781831777,12.880827903747559,371272000.0
2021-01-28,12.959102719549616,13.301621023796079,12.923454516478738,13.01369571685791,228316000.0
2021-01-29,13.037626732062714,13.296634637804713,12.874594241549072,12.952620506286621,271552000.0
2021-02-01,13.015941342408876,13.232819414804796,12.86587120677705,13.199166297912598,217204000.0
2021-02-02,13.360455054483342,13.533209131854946,13.247528006367123,13.518003463745117,220440000.0
2021-02-03,13.597023775479286,13.891929046731677,13.477866134624353,13.491826057434082,245408000.0
2021-02-04,13.492324230974786,13.634416844530163,13.299626897697083,13.62519359588623,201340000.0
2021-02-05,13.685769436183508,13.697984368062173,13.507031081489062,13.552151679992676,169152000.0
2021-02-08,13.68801533625432,14.43238173036447,13.68801533625432,14.397481918334961,434624000.0
2021-02-09,14.299759600879625,14.54156676786031,14.18184770115254,14.222481727600098,287560000.0
2021-02-10,14.421910407437885,14.862397344343986,14.300508522511068,14.722049713134766,485352000.0
2021-02-11,14.937433905716711,15.228599130658681,14.882341653535708,15.207159996032715,450828000.0
2021-02-12,15.006984725766184,15.247545230196673,14.73277015205529,14.918488502502441,374756000.0
2021-02-16,15.021193700381346,15.328563093363668,14.907270064514945,15.286433219909668,321960000.0
2021-02-17,15.127635715976565,15.179986376068083,14.737753530677445,14.863393783569336,274756000.0
2021-02-18,14.686901764314483,14.830739386268437,14.533341644579552,14.786616325378418,233868000.0
2021-02-19,14.981553332509813,15.133617573280127,14.804311784546396,14.883833885192871,271724000.0
2021-02-22,14.732521308254674,15.089997140840495,14.284056814366492,14.314719200134277,325884000.0
2021-02-23,14.035018976264617,14.198052434655088,13.35122901911437,14.101578712463379,391780000.0
2021-02-24,14.082382854481477,14.465285082228274,13.716680430519219,14.45755672454834,448320000.0
2021-02-25,14.005356069811985,14.333665368349983,13.178476782504909,13.269465446472168,824436000.0
2021-02-26,13.713191139209655,13.814899830880389,13.322810633589587,13.675300598144531,500932000.0
2021-03-01,13.83534082862855,13.885198102885361,13.514510804567648,13.802186012268066,353184000.0
2021-03-02,13.860269716548428,13.880711304669166,13.357710571906427,13.367931365966797,264116000.0
2021-03-03,13.387874897012532,13.413052208920957,12.76216791543942,12.76815128326416,377592000.0
2021-03-04,12.764160832619908,12.937913367179982,12.049210257649234,12.334891319274902,573344000.0
2021-03-05,12.514128448535434,12.514128448535434,11.645866892554002,12.425881385803223,542840000.0
2021-03-08,12.414412591748151,12.435601622284906,11.53343789904695,11.560111999511719,543112000.0
2021-03-09,12.099752572699794,12.585029220167039,12.02893097921558,12.48877239227295,521824000.0
2021-03-10,12.808217687288016,12.94736663668477,12.426181162680194,12.436903953552246,384376000.0
2021-03-11,12.917440112160783,13.013448647123326,12.702482057463122,12.960830688476562,299916000.0
2021-03-12,12.616450011981625,12.856345807578716,12.55834698640387,12.823678016662598,243964000.0
2021-03-15,12.832406735192682,13.17354692311485,12.735152011430825,13.158085823059082,221988000.0
2021-03-16,13.322920791007736,13.478528736507776,13.083773625331858,13.257835388183594,272128000.0
2021-03-17,13.006967363859617,13.419427631953024,12.956843642184772,13.307709693908691,243864000.0
2021-03-18,13.10347523322454,13.150855475897037,12.685029504987675,12.690515518188477,293896000.0
2021-03-19,12.717946442193226,12.889015495891451,12.580792308071988,12.813455581665039,299208000.0
2021-03-22,12.880286224197679,13.360824589518188,12.87430079133781,13.153098106384277,297804000.0
2021-03-23,13.220928454072864,13.310951581234148,12.988514412800267,13.037890434265137,222048000.0
2021-03-24,13.118186120651787,13.126166380625975,12.604979968071678,12.611213684082031,245840000.0
2021-03-25,12.468074080612768,12.682782915136395,12.241146098262075,12.50373363494873,295144000.0
2021-03-26,12.522936498340556,12.823928054668183,12.342391791953444,12.806970596313477,363968000.0
2021-03-29,12.788018639128039,13.029660048696257,12.668071206371831,12.91569709777832,273520000.0
2021-03-30,12.80971472304937,12.942629963313632,12.673059062634387,12.83938980102539,200204000.0
2021-03-31,12.982779650756408,13.436635723855625,12.949862618973997,13.314693450927734,314776000.0
2021-04-01,13.538128259715098,13.835129204542868,13.477280798414757,13.777026176452637,308276000.0
2021-04-05,13.83263715402911,13.978768485040936,13.698474787231888,13.952335357666016,255672000.0
2021-04-06,13.964554358734274,14.01891697125034,13.738873462216315,13.826651573181152,191744000.0
2021-04-07,13.845851593018876,14.207689643014694,13.677027574965955,14.107941627502441,251284000.0
2021-04-08,14.216914550440341,14.435114544921593,14.213173180034131,14.28100299835205,244416000.0
2021-04-09,14.178263049209333,14.371775539835284,14.13936154401989,14.363795280456543,195172000.0
2021-04-12,14.253822754507906,15.313900647385516,14.103700845388609,15.170761108398438,869324000.0
2021-04-13,15.1932049428372,15.660527186575505,15.08772073364079,15.6400785446167,676212000.0
2021-04-14,15.585717781764965,15.680977681236898,15.189217083345795,15.238593101501465,385500000.0
2021-04-15,15.623119052698852,16.17348193142564,15.59219686120026,16.096675872802734,598480000.0
2021-04-16,16.012639621052436,16.125107153595632,15.825361792350446,15.872493743896484,335208000.0
2021-04-19,15.497438724293298,15.767757295505456,15.194701596936312,15.323127746582031,404420000.0
2021-04-20,15.284725469092292,15.458038566239265,14.925381656950178,15.133108139038086,334132000.0
2021-04-21,15.08074025890028,15.323878028896175,15.064282220242037,15.321883201599121,216776000.0
2021-04-22,15.336343342592059,15.399684090795398,14.746330242338223,14.812912940979004,277788000.0
2021-04-23,14.896702404932322,15.296445004947893,14.862788442781444,15.2268705368042,227500000.0
2021-04-26,15.146825202745054,15.44008575706988,15.086975624680411,15.439087867736816,197796000.0
2021-04-27,15.539332683201211,15.631101386498317,15.315895881750716,15.343077659606934,164572000.0
2021-04-28,15.325872106378812,15.493200723239772,15.177246540337377,15.23834228515625,209416000.0
2021-04-29,15.361284863619876,15.39769308178993,15.033610900089379,15.286224365234375,173196000.0
2021-04-30,15.13635161976732,15.326372008336463,14.959297133568592,14.971765518188477,201912000.0
2021-05-03,15.086976191807661,15.208419994100598,14.750325037459865,14.799450874328613,203912000.0
2021-05-04,14.600449582589548,14.600698817066128,13.975026104461781,14.315168380737305,405324000.0
2021-05-05,14.672018629638556,14.776256666947063,14.351327112045158,14.422148704528809,292024000.0
2021-05-06,14.4588080917108,14.534617237657999,14.182255771749805,14.486488342285156,193380000.0
2021-05-07,14.771019501267666,14.933110372752017,14.634862332097414,14.775009155273438,229328000.0
2021-05-10,14.750070692560033,14.768773740589364,14.214171908257141,14.22988224029541,268904000.0
2021-05-11,13.790242830465013,14.318660873982997,13.715431575761658,14.270282745361328,285584000.0
2021-05-12,13.974278753404459,14.22439889185973,13.674784499511132,13.723910331726074,303408000.0
2021-05-13,13.998467009467184,14.045349728476552,13.425162054864115,13.63089370727539,285404000.0
2021-05-14,13.855077402397413,14.291975886691308,13.713932697016286,14.207189559936523,258616000.0
2021-05-17,14.12140694475875,14.133626093303139,13.818670761725361,14.12988567352295,216980000.0
2021-05-18,14.231130241326667,14.368035115402556,13.968790986386999,13.980511665344238,186256000.0
2021-05-19,13.532390775960163,14.044101476880362,13.509199604080083,14.030385971069336,344000000.0
2021-05-20,14.266542637893258,14.646834538609415,14.234623498296415,14.575763702392578,321592000.0
2021-05-21,15.125624220122027,15.18372819116599,14.832114502737982,14.954056739807129,672992000.0
2021-05-24,15.174253635999285,15.705415135802376,15.137845424049145,15.572750091552734,554816000.0
2021-05-25,15.726362482639168,15.778730264045185,15.44357551176999,15.608409881591797,435408000.0
2021-05-26,15.69469233324552,15.754042484575189,15.547064658382558,15.660528182983398,370440000.0
2021-05-27,15.660280994991329,15.71040472046622,15.421133814457916,15.449063301086426,581476000.0
2021-05-28,15.462027659013474,16.236575125057893,15.462027659013474,16.203657150268555,644536000.0
2021-06-01,16.229098796505948,16.3470514176023,15.863270065401705,16.22361183166504,472804000.0
2021-06-02,16.21139203355558,16.876216524208118,16.194683808700496,16.736068725585938,594168000.0
2021-06-03,16.65876306621484,17.215609998459154,16.541308933559474,16.927085876464844,580008000.0
2021-06-04,17.069476909819976,17.6165979934895,17.052521354002085,17.5340576171875,617120000.0
2021-06-07,17.52706898992521,17.76771146709637,17.149520722181645,17.574697494506836,575756000.0
2021-06-08,17.483183670666758,17.577196435464696,17.207627375092446,17.413110733032227,323848000.0
2021-06-09,17.475719983872768,17.53483445076462,17.216313965511866,17.318578720092773,381656000.0
2021-06-10,17.31035015277787,17.45202583585592,17.13674801084878,17.385177612304688,287772000.0
2021-06-11,17.439550960234815,17.898251342387297,17.403883229039902,17.78451156616211,416308000.0
2021-06-14,17.865074363855577,17.9982683850617,17.62238044017172,17.97756576538086,321376000.0
2021-06-15,17.874052822783106,17.975071092450634,17.687479972305677,17.747840881347656,243032000.0
2021-06-16,17.75009034027756,17.91371508228744,17.54431057593765,17.76954460144043,307124000.0
2021-06-17,17.73387852672111,18.79195408152908,17.715670721948143,18.61461067199707,809656000.0
2021-06-18,18.74106970383863,19.330718581922177,18.54152604115206,18.59615135192871,968856000.0
2021-06-21,18.39311488047978,18.494135068349298,17.78201553321056,18.385133743286133,672384000.0
2021-06-22,18.429282365618864,18.92040773197676,18.343977066903633,18.843582153320312,580144000.0
2021-06-23,18.964304575117165,19.10897361319787,18.86453275909637,19.013690948486328,332356000.0
2021-06-24,19.183806109567367,19.375616025449478,19.044623366172903,19.161605834960938,320924000.0
2021-06-25,19.236435003149623,19.30128697907614,18.851317522351227,18.987504959106445,278364000.0
2021-06-28,19.31699836660214,20.03285915279017,19.274845251778927,19.93932342529297,495436000.0
2021-06-29,19.8370606251026,20.052815878812567,19.612075871754318,19.980981826782227,367632000.0
2021-06-30,19.95354441508654,20.116421295455844,19.81835413049353,19.956787109375,326568000.0
2021-07-01,20.079008558061602,20.409251503208573,19.973249900488703,20.165809631347656,480136000.0
2021-07-02,20.39353564429944,20.458387624215238,20.24138402006787,20.44017791748047,342764000.0
2021-07-06,20.690102132517197,20.794363107269312,20.303738226115755,20.65119171142578,446708000.0
2021-07-07,20.805839022549197,20.827289518235947,20.285531292892728,20.3251895904541,418428000.0
2021-07-08,19.81111606957633,20.086982890992743,19.655721781967447,19.85725975036621,503300000.0
2021-07-09,19.916872317591555,20.03435334968637,19.709098258675084,20.00442123413086,296624000.0
2021-07-12,20.193741842138916,20.485822176822126,20.141611349333026,20.465620040893555,321984000.0
2021-07-13,20.353875481303678,20.41448760068872,20.068031230618036,20.203720092773438,290708000.0
2021-07-14,20.311226762267825,20.371089112577874,19.707609813917827,19.79615592956543,380100000.0
2021-07-15,19.766467672504746,19.80163681406628,18.81539558596507,18.92289924621582,550564000.0
2021-07-16,18.987009407333584,19.113219490789987,18.031697155658193,18.119495391845703,688224000.0
2021-07-19,17.874307343819012,18.99848131527796,17.82466976343855,18.736831665039062,749060000.0
2021-07-20,18.687192164183777,18.794945132479892,18.122485771322793,18.569461822509766,434687000.0
2021-07-21,18.83884187580024,19.482368072880394,18.6991624790966,19.36563491821289,371017000.0
2021-07-22,19.597109765716453,19.841548769491073,19.2319451068273,19.549219131469727,323826000.0
2021-07-23,19.611077449582748,19.654977514226925,19.206005202834984,19.513301849365234,195672000.0
2021-07-26,19.266867886400917,19.39756711649879,18.870773917905094,19.249906539916992,203943000.0
2021-07-27,19.220969582862597,19.577154015985894,18.698167007898192,19.164100646972656,248863000.0
2021-07-28,19.274847933928527,19.601100261911586,18.951589008448458,19.45842742919922,202191000.0
2021-07-29,19.474385006364894,19.807623128442792,19.283821585563704,19.6170597076416,190781000.0
2021-07-30,19.373615397327764,19.5851307207301,19.218970899932668,19.454431533813477,183497000.0
2021-08-02,19.654981432752642,19.915384664079596,19.31675543054081,19.704866409301758,217444000.0
2021-08-03,19.694886903097746,20.175785713093944,19.176074829948746,19.769716262817383,301811000.0
2021-08-04,19.944313619581152,20.271565011875875,19.782683207905936,20.227664947509766,231309000.0
2021-08-05,20.45314629356312,20.68561356328151,20.29550646605199,20.589832305908203,211435000.0
2021-08-06,20.477090195052455,20.52298458479839,20.163806797419902,20.31945037841797,178497000.0
2021-08-09,20.399267299813797,20.46112586521887,20.096960345968807,20.248613357543945,146443000.0
2021-08-10,20.27555363193905,20.383306595035517,19.78966527712816,19.89043617248535,179238000.0
2021-08-11,19.99719201633086,20.003178821250415,19.385594031751758,19.65397834777832,185925000.0
2021-08-12,19.82458675390574,19.98322184264855,19.57515814398387,19.859506607055664,151652000.0
2021-08-13,19.859512465987095,20.16780633402696,19.80563501780991,20.141864776611328,183063000.0
2021-08-16,20.088984173742237,20.24063722279305,19.408541689128278,19.904407501220703,210876000.0
2021-08-17,19.640010842343834,19.7248175706279,19.22296688145729,19.413530349731445,204585000.0
2021-08-18,19.455434460739273,19.589128991914862,18.956577166874165,18.99648666381836,285913000.0
2021-08-19,19.449442482837657,20.448155874466956,18.719115248706455,19.752748489379883,766555000.0
2021-08-20,19.945311597000565,20.817314696928367,19.887445490471492,20.7684268951416,675741000.0
2021-08-23,20.923070353137504,21.946724447846748,20.90211844107872,21.907814025878906,575807000.0
2021-08-24,21.70328507988881,21.90881365504365,21.48578289478911,21.743192672729492,297299000.0
2021-08-25,21.68731391324446,22.41863825209123,21.67234880862469,22.1622257232666,347701000.0
2021-08-26,22.14926114072246,22.288940552177326,21.74019837604241,22.017562866210938,237940000.0
2021-08-27,22.133298143105087,22.670068642424027,22.116336798954833,22.584264755249023,304722000.0
2021-08-30,22.777822203844707,22.990334740001824,22.499460525203325,22.636146545410156,262580000.0
2021-08-31,22.64712359993544,22.64712359993544,22.073337729589888,22.337778091430664,259850000.0
2021-09-01,22.43756739580158,22.649120064789688,22.309837159244136,22.393659591674805,201767000.0
2021-09-02,22.47049726134416,22.545339807951134,22.24796811279879,22.3487548828125,187834000.0
2021-09-03,22.27790436202972,22.93750922846225,22.153168059674176,22.794811248779297,280532000.0
2021-09-07,22.78483174949806,22.850692500855242,22.474487011995723,22.614192962646484,198107000.0
2021-09-08,22.465512411701877,22.562307925362596,21.93064182704281,22.291879653930664,254434000.0
2021-09-09,22.264932037922602,22.490455112570046,22.084314109745772,22.130216598510742,196856000.0
2021-09-10,22.30085711920523,22.578270564497437,22.223022541074023,22.430583953857422,248376000.0
2021-09-13,22.636149664254482,22.915559708547303,21.81189184174962,22.10527229309082,297500000.0
2021-09-14,22.228007318619177,22.362722745195637,22.039406863407024,22.195077896118164,199755000.0
2021-09-15,22.261936936889985,22.31981514344312,21.919660118755335,22.293869018554688,166538000.0
2021-09-16,22.136202349836225,22.23000390634264,21.8807419007731,22.195077896118164,156033000.0
2021-09-17,22.252955607329,22.273911214791905,21.78394779506993,21.85379981994629,294503000.0
2021-09-20,21.10138797741771,21.387783145343043,20.618409823242526,21.068458557128906,349440000.0
2021-09-21,21.37181828897263,21.379800833477784,20.905804421130274,21.20117950439453,204688000.0
2021-09-22,21.32092658519888,21.91367337565563,21.151285132509745,21.89471435546875,268726000.0
2021-09-23,22.093290867008587,22.48745799648261,21.843818289365494,22.4345703125,248555000.0
2021-09-24,22.023441631035194,22.102275447550486,21.81488289522603,22.0344181060791,217655000.0
2021-09-27,21.66420116567819,21.753014117831665,21.28001501008737,21.614307403564453,245215000.0
2021-09-28,21.169249364639114,21.373816837113832,20.607435394582403,20.65533447265625,343069000.0
2021-09-29,20.895828586899057,20.972665824032045,20.423824881192512,20.47372055053711,218394000.0
2021-09-30,20.724186869005347,21.021558534466575,20.64435571548034,20.67229652404785,221009000.0
2021-10-01,20.706226639761606,20.814995951669495,20.16037968568149,20.698244094848633,240978000.0
2021-10-04,20.460743167184962,20.498663106552392,19.51374583182753,19.690372467041016,345635000.0
2021-10-05,19.907915325430285,20.60444281688041,19.812117171843163,20.40785789489746,279282000.0
2021-10-06,20.077555660834182,20.676288377439814,20.0376391312872,20.65633201599121,297202000.0
2021-10-07,21.047504806233384,21.277021060391967,20.927759015939795,21.030542373657227,256919000.0
2021-10-08,21.056490719837914,21.16126878269148,20.731178150413644,20.787059783935547,151258000.0
2021-10-11,20.53159660479376,21.0185661050647,20.46773053541931,20.651342391967773,163388000.0
2021-10-12,20.784060195567157,21.012577186630253,20.4846938393816,20.627391815185547,162134000.0
2021-10-13,20.873871281370185,20.94571989479939,20.669303819377614,20.894826889038086,180652000.0
2021-10-14,21.24309449297666,21.70910844363068,21.07744429344667,21.70012855529785,243589000.0
2021-10-15,21.763991377195527,21.884736417584175,21.616304770157008,21.815881729125977,226994000.0
2021-10-18,21.70312142601179,22.243977904095235,21.598341475085665,22.17512321472168,189494000.0
2021-10-19,22.22900674096052,22.33179009685353,21.990512506917007,22.242979049682617,161473000.0
2021-10-20,22.257945210436517,22.38567543781395,21.935626663665868,22.056371688842773,146276000.0
2021-10-21,22.050384685989254,22.663089722334,22.03641428104515,22.644128799438477,187590000.0
2021-10-22,22.774852206054973,23.08120376239796,22.51340579315989,22.678056716918945,249384000.0
2021-10-25,22.924540415911828,23.3057345961295,22.721969506473112,23.11713409423828,230235000.0
2021-10-26,23.93839671538891,25.2057181702465,23.873533296730404,24.664859771728516,485898000.0
2021-10-27,24.422368162428235,25.037067811462226,24.230771884641264,24.399415969848633,245990000.0
2021-10-28,24.825520850776506,24.897369471375516,24.471270169615977,24.88838768005371,234204000.0
2021-10-29,24.948261206819474,25.654767902179138,24.94726386442255,25.5130672454834,292503000.0
2021-11-01,25.59489225344684,25.839374347203503,25.173781601491516,25.77251625061035,265740000.0
2021-11-02,25.76752362657921,26.621716711710945,25.745568776344143,26.345300674438477,294112000.0
2021-11-03,26.61373971651481,26.72749955329643,26.179657881858056,26.54189109802246,239910000.0
2021-11-04,27.171557859265718,31.29883224397883,27.060791963689024,29.73813247680664,1153631000.0
2021-11-05,30.123317473930538,31.333757862133087,29.347956214634998,29.68923568725586,851260000.0
2021-11-08,30.08539670658741,31.034390654499887,29.843906660251005,30.739015579223633,503101000.0
2021-11-09,32.21389899422513,32.24183980327339,29.90078828330195,30.59232521057129,646746000.0
2021-11-10,29.29407104741433,30.784918765255455,28.717289384564676,29.396852493286133,636206000.0
2021-11-11,30.40372606119835,30.52546843492164,29.714183788640867,30.325889587402344,332172000.0
2021-11-12,29.946692061105622,30.615278725972825,29.567492631483955,30.325889587402344,413054000.0
2021-11-15,30.48754713787992,30.579352109400386,29.1852998788009,29.961658477783203,384909000.0
2021-11-16,29.69622243740179,30.325889920627386,29.6433328431333,30.139284133911133,264484000.0
2021-11-17,30.353832978774516,30.444642523145944,28.739246093754417,29.19927406311035,428508000.0
2021-11-18,32.2987206204707,32.690889311922675,31.25492578342417,31.608179092407227,781711000.0
2021-11-19,32.174977704788965,33.018196245585706,31.83769143046511,32.91541290283203,533867000.0
2021-11-22,33.446291928728265,34.573909183585116,31.832704423703742,31.888586044311523,754335000.0
2021-11-23,31.468472250509617,32.29173255622799,30.814853381586094,31.679027557373047,532163000.0
2021-11-24,31.394627899499515,32.7856861116592,30.862751413189365,32.60506820678711,435162000.0
2021-11-26,32.53122653243234,32.640995088921485,31.283865396835044,31.436542510986328,283069000.0
2021-11-29,32.297716490868524,33.3415073019141,31.968410885942486,33.30558395385742,454964000.0
2021-11-30,33.09902325931394,33.282636999598125,31.79677797027339,32.60706329345703,622066000.0
2021-12-01,33.1529809663594,33.22284154092527,31.317633266156314,31.37252426147461,484368000.0
2021-12-02,31.151974015201976,32.41346220538605,30.963348504030208,32.06216049194336,472890000.0
2021-12-03,31.936407545327572,32.06515280246205,30.070122891831872,30.63200569152832,544325000.0
2021-12-06,29.820618786249153,30.180901433648863,27.98228032790173,29.97730827331543,658938000.0
2021-12-07,30.89547671326527,32.38451208748878,30.590083198512986,32.362552642822266,593053000.0
2021-12-08,31.935407148072855,32.22582919300085,31.358554819452596,31.76275062561035,475551000.0
2021-12-09,31.670932420721524,32.14099894850159,30.367528154513945,30.429405212402344,488507000.0
2021-12-10,31.088094881745874,31.242787533822337,29.801656967245915,30.13798713684082,488825000.0
2021-12-13,30.188883512765113,30.233794155650276,28.060121324277922,28.105031967163086,598344000.0
2021-12-14,27.6439528427401,28.621007355370885,27.195845739872162,28.280685424804688,667035000.0
2021-12-15,28.343558104801343,30.439384993244534,27.782674736715105,30.398466110229492,698297000.0
2021-12-16,31.090087687112458,31.0980712089087,28.037167251669285,28.330581665039062,707366000.0
2021-12-17,27.929384771071867,28.864522903312924,27.704831542890716,27.745750427246094,713758000.0
2021-12-20,27.250733155410387,28.088064487130367,27.09105129868075,27.663909912109375,461847000.0
2021-12-21,28.31761243890149,29.062130190371207,27.346544620384616,29.01721954345703,524385000.0
2021-12-22,28.833582616767877,29.49626253795648,28.39245970985011,29.341569900512695,395184000.0
2021-12-23,29.695862140217667,29.999258803639915,29.37250667280015,29.581090927124023,343022000.0
2021-12-27,29.601053125766303,31.02521713058112,29.58109241720771,30.883499145507812,403686000.0
2021-12-28,31.24977398426647,31.267737862639216,29.952356330148934,30.261741638183594,420591000.0
2021-12-29,30.212836426014583,30.48728951276,29.30763749732145,29.941375732421875,343139000.0
2021-12-30,29.767724800283915,30.396473874297598,29.481296400919582,29.527204513549805,308864000.0
2021-12-31,29.61502640680273,29.97031979961117,29.272707665423898,29.352548599243164,266530000.0
2022-01-03,29.755748425658155,30.649967690712824,29.725807360139775,30.061140060424805,391547000.0
2022-01-04,30.21682456762122,30.407444937866018,28.292656990618887,29.231786727905273,527154000.0
2022-01-05,28.89146724200374,29.357540102995376,27.47828288572463,27.54914093017578,498064000.0
2022-01-06,27.585066961351565,28.381481331155296,27.01121087291353,28.121997833251953,454186000.0
2022-01-07,28.085072447229507,28.36551411614278,27.003225284481758,27.192848205566406,409939000.0
2022-01-10,26.52817595400394,27.41441175231118,25.593037744752408,27.345548629760742,594681000.0
2022-01-11,27.268695372872294,28.009221223323784,26.785658071173884,27.7617130279541,404089000.0
2022-01-12,28.011221217951395,28.53817178912904,27.553133765083295,27.943357467651367,383413000.0
2022-01-13,28.322600004609768,28.423399112253964,26.445337738615446,26.522186279296875,540171000.0
2022-01-14,26.247726437452545,27.14294486101147,26.157905165475963,26.888450622558594,395832000.0
2022-01-18,26.20781332431235,26.585062377950432,25.718787337317245,25.85152244567871,424270000.0
2022-01-19,26.027173172244265,26.49024985304365,25.002213722761,25.017183303833008,488315000.0
2022-01-20,25.25371283114106,25.52816592790516,24.030147591877117,24.102005004882812,435181000.0
2022-01-21,23.46028025235357,24.77366471205507,23.216765715499022,23.327545166015625,718958000.0
2022-01-24,22.285621139528853,23.33353360141309,20.846487542973147,23.325550079345703,913982000.0
2022-01-25,22.501189559876266,22.89740178998286,21.95627520194665,22.279630661010742,664616000.0
2022-01-26,23.193812088529306,24.009187801451084,22.255679732041738,22.726741790771484,755959000.0
2022-01-27,23.52116377527102,23.94731523787376,21.63192420739024,21.900390625,573353000.0
2022-01-28,21.968249899217838,22.812569129559332,21.25367335760815,22.794605255126953,543774000.0
2022-01-31,23.135932134973686,24.460296700397127,23.00619130743321,24.437341690063477,564680000.0
2022-02-01,25.054104625035727,25.095023500950617,23.842516810764977,24.589031219482422,518925000.0
2022-02-02,25.74273842128798,25.765691523974446,24.50420361965189,25.191835403442383,543419000.0
2022-02-03,24.40939059418106,25.027159831286212,23.73273860269154,23.90040397644043,410178000.0
2022-02-04,23.924361305059936,24.586043852193274,23.585036824296264,24.270671844482422,354829000.0
2022-02-07,24.323556876804346,25.131946352010587,24.153894700175137,24.678850173950195,376868000.0
2022-02-08,24.310589623943148,25.1798589396147,23.93234311537428,25.058101654052734,410359000.0
2022-02-09,25.571078226959134,26.671886749229056,25.302613739727306,26.651926040649414,524282000.0
2022-02-10,25.943338051848187,26.871488159313945,25.549122622898047,25.772676467895508,513200000.0
2022-02-11,25.864495192370278,26.100026229482054,23.72575451723449,23.901403427124023,605472000.0
2022-02-14,23.886432615759617,24.825562419077983,23.707787514804277,24.21877098083496,440424000.0
2022-02-15,24.89941755103267,26.49224644503513,24.734746450060985,26.442346572875977,699869000.0
2022-02-16,26.206814897463676,26.529172937045136,25.501219224442693,26.45831298828125,732676000.0
2022-02-17,25.57906520835988,25.73375786543632,24.116978322985712,24.458297729492188,810595000.0
2022-02-18,24.61897260173139,24.9363413812796,23.054090050944854,23.595012664794922,761255000.0
2022-02-22,22.98922136037415,24.01617571252817,22.9542910697266,23.343515396118164,633422000.0
2022-02-23,23.754697128771827,24.106996233636202,22.25668069011676,22.34250831604004,566511000.0
2022-02-24,20.9732370526292,23.75270237205634,20.8484854605416,23.7008056640625,735801000.0
2022-02-25,23.673857307735503,24.168869937955396,23.33453287499,24.108989715576172,528866000.0
2022-02-28,23.944319699810443,24.615982537692595,23.659886251331425,24.336538314819336,477319000.0
2022-03-01,24.242721132949434,24.32855064649455,23.08602429102147,23.43033790588379,412056000.0
2022-03-02,23.712827876260754,24.364641033795944,23.372447983953073,24.175983428955078,389642000.0
2022-03-03,24.217906685184186,24.281791456450637,23.426348571587415,23.6709041595459,365095000.0
2022-03-04,23.341505344158694,23.636966955127175,22.441144110309114,22.894319534301758,431415000.0
2022-03-07,22.775527867711148,22.991136779764602,21.29123108652079,21.313190460205078,450821000.0
2022-03-08,21.270271945662213,22.332337355011067,20.612469250055778,21.474899291992188,557467000.0
2022-03-09,22.346310554439718,23.177796752088618,22.206565614963267,22.972171783447266,492742000.0
2022-03-10,22.49005698722869,22.74658993845794,21.84223617720569,22.6168270111084,428066000.0
2022-03-11,22.980160740629042,23.10293830541665,22.005934624302842,22.059837341308594,367209000.0
2022-03-14,21.829256910095523,22.221542360192014,21.1205481082041,21.291236877441406,385354000.0
2022-03-15,21.47889215070773,22.996130111197097,21.28324922029345,22.93124771118164,491996000.0
2022-03-16,23.457292552284873,24.552299054127236,23.12988952261609,24.45148277282715,671422000.0
2022-03-17,24.076165263385313,24.796851321954325,23.862553485348077,24.720991134643555,471941000.0
2022-03-18,24.75393455872764,26.520718537026188,24.579253333704855,26.40492820739746,730719000.0
2022-03-21,26.45883040449885,27.10265874201125,25.919810799916604,26.68541717529297,591727000.0
2022-03-22,26.67842593251297,27.188498830843827,26.024617540690265,26.47579574584961,547007000.0
2022-03-23,26.078520250553925,26.56363709584055,25.52852290161085,25.58741569519043,502120000.0
2022-03-24,26.118448890609304,28.268533755984528,25.859918794556325,28.09884262084961,877379000.0
2022-03-25,27.835323644890032,28.306466021323548,27.221441486555513,27.64167594909668,579016000.0
2022-03-28,27.705560928979263,28.198662689661013,27.15655927410769,28.1677188873291,425494000.0
2022-03-29,28.642848661602688,28.89339193940493,27.929147968750208,28.603919982910156,488984000.0
2022-03-30,28.25256539037633,28.444215914701186,27.45302041414032,27.639680862426758,463487000.0
2022-03-31,27.731514833640286,28.196667634094922,27.22044609539734,27.23641586303711,523440000.0
2022-04-01,27.32524923988458,27.446029626371523,26.219263094224697,26.663454055786133,517235000.0
2022-04-04,26.679426533913535,27.507918058034864,26.56463575752181,27.310277938842773,397120000.0
2022-04-05,27.204470536288614,27.269352943730603,25.773076554519676,25.883874893188477,436615000.0
2022-04-06,24.88868689300515,25.254020976141952,23.959379064062016,24.36264419555664,703833000.0
2022-04-07,24.396585485641776,24.677074985912075,23.435336116546427,24.16400909423828,557992000.0
2022-04-08,23.873536476701478,23.8795260910143,23.020090688541902,23.07698631286621,524781000.0
2022-04-11,22.17363171495148,22.27943807836627,21.62063763333046,21.87717056274414,575207000.0
2022-04-12,22.496041696902733,22.683699749756602,21.243321479658512,21.46491813659668,662258000.0
2022-04-13,21.68851017180904,22.459106428219584,21.416005631286996,22.16264533996582,516943000.0
2022-04-14,22.464099572114247,22.735606515539892,21.124539407798157,21.2193660736084,569097000.0
2022-04-18,21.161473248993577,22.047858038582817,21.040692857198728,21.7434139251709,525701000.0
2022-04-19,21.680527560297847,22.332340741600348,21.27526524698662,22.15765953063965,512781000.0
2022-04-20,22.47607766412993,22.62879947914328,21.161471751554885,21.44295883178711,468974000.0
2022-04-21,21.669550192138768,22.35130961288542,19.963656140480197,20.146324157714844,656209000.0
2022-04-22,20.26610021349829,20.448768187334096,19.464560112515493,19.47953224182129,624713000.0
2022-04-25,19.167104604165587,19.908754409123173,19.061298239164504,19.865833282470703,641566000.0
2022-04-26,19.682166873800284,19.75203935812216,18.636071069969407,18.753856658935547,653143000.0
2022-04-27,18.564200662650713,19.13216683922804,18.25676174406092,18.381534576416016,499460000.0
2022-04-28,18.932532271184286,20.00058946914846,18.456399790239256,19.746051788330078,570327000.0
2022-04-29,19.366737920929154,20.091418271941166,18.483346151251226,18.51329231262207,500435000.0
2022-05-02,18.507310912314864,19.538432966339265,18.35758384678244,19.497509002685547,572049000.0
2022-05-03,19.364743170731728,19.788971942411177,19.098228203230406,19.566375732421875,475751000.0
2022-05-04,19.886790534609133,20.36292287728353,18.716919746382064,20.297042846679688,648855000.0
2022-05-05,19.83089295751336,19.888786204081587,18.46637685642343,18.809751510620117,626331000.0
2022-05-06,18.701947924887726,19.476536638322926,17.957303468838983,18.64105796813965,633297000.0
2022-05-09,18.001226735376935,18.221823872571708,16.796419517005482,16.91919708251953,644455000.0
2022-05-10,17.656853560798723,18.164929349233372,16.994060667065273,17.563024520874023,761474000.0
2022-05-11,17.315475166719338,17.720737474100222,16.537891524903785,16.599777221679688,670167000.0
2022-05-12,16.189525752393525,16.75749197618236,15.538711130202692,16.145605087280273,708728000.0
2022-05-13,16.757491408122753,17.895419085973305,16.56284608468857,17.6738224029541,670437000.0
2022-05-16,17.477183493359433,17.755675825530098,17.074915945165092,17.232627868652344,521446000.0
2022-05-17,18.04115321874996,18.337614359005986,17.601954209019933,18.143966674804688,585830000.0
2022-05-18,17.672827284467367,18.08507690816682,16.833355903559767,16.9072208404541,545161000.0
2022-05-19,16.906221705811088,17.65485877694169,16.70358958474404,17.09288215637207,621310000.0
2022-05-20,17.30050299605302,17.378360361940025,15.726368287812404,16.66366195678711,739105000.0
2022-05-23,16.244423998494888,16.884259799237338,16.149597335733432,16.867290496826172,639889000.0
2022-05-24,16.479993381421657,16.566835152715054,15.751319657965462,16.1246395111084,588550000.0
2022-05-25,15.990890166789026,17.079907290972063,15.970926052291802,16.944154739379883,781132000.0
2022-05-26,16.006854041805614,18.059117040216766,15.992879547579298,17.81855583190918,996575000.0
2022-05-27,18.152951232834447,18.846687898146087,18.06710707974636,18.77681541442871,738379000.0
2022-05-31,18.945508098862536,19.165109521892898,18.316653805372184,18.63806915283203,664100000.0
2022-06-01,18.68997592200463,19.018376635802273,18.089068680481994,18.28670883178711,544514000.0
2022-06-02,18.258754262823782,19.583342116528346,18.164925244103703,19.5563907623291,648656000.0
2022-06-03,19.047323404464223,19.296869084599603,18.488339710165604,18.68597984313965,598779000.0
2022-06-06,19.104216857601944,19.301856968127392,18.53026109692932,18.75185775756836,422406000.0
2022-06-07,18.43843370634058,18.965474128700176,18.154949381251356,18.89160919189453,388914000.0
2022-06-08,18.768804244012014,19.14919278784211,18.505228350019344,18.6180477142334,363252000.0
2022-06-09,18.451315596651252,18.902589231705353,18.01202181811601,18.019010543823242,395574000.0
2022-06-10,17.571733237446892,17.668577568814857,16.841906388728386,16.946739196777344,465248000.0
2022-06-13,15.974297907810348,16.285796991229645,15.580930768510546,15.621865272521973,604153000.0
2022-06-14,15.705729359064668,16.040191246565456,15.387241563186638,15.810561180114746,469680000.0
2022-06-15,16.069146736449664,16.840905821966867,15.90041852007138,16.50045394897461,563936000.0
2022-06-16,15.834522958828355,15.916391969438846,15.376260638736387,15.575939178466797,545749000.0
2022-06-17,15.622864496998716,15.969307235334867,15.303378815321718,15.8544921875,630334000.0
2022-06-21,16.4485390272336,16.980681988476544,16.380647453384604,16.539392471313477,483089000.0
2022-06-22,16.19993563125689,16.635236096967933,16.15400999438934,16.333721160888672,437135000.0
2022-06-23,16.492464841611433,16.558358811416724,15.827535215459164,16.198938369750977,463680000.0
2022-06-24,16.47349953602624,17.112471029870516,16.283804159684244,17.098493576049805,472153000.0
2022-06-27,17.28419095345656,17.302161688571072,16.599292094417013,16.841901779174805,427968000.0
2022-06-28,16.872852064808622,17.17436698853459,15.91938621875453,15.956327438354492,461149000.0
2022-06-29,15.788597926333088,15.794587854289764,15.145632337338009,15.517034530639648,482352000.0
2022-06-30,15.336325419135894,15.541994845285537,14.838127375234018,15.134650230407715,686070000.0
2022-07-01,14.875068383035895,15.03880451331611,14.368882791299097,14.499671936035156,577610000.0
2022-07-05,14.152230235873315,14.946951112194402,14.032423111650445,14.939962387084961,651397000.0
2022-07-06,14.985888603236944,15.29439224990289,14.765242940869179,15.105695724487305,529066000.0
2022-07-07,15.431171558205026,15.919385388443493,15.36427879961872,15.832525253295898,492903000.0
2022-07-08,15.405213591913181,16.011238859044735,15.36427908858629,15.8125581741333,467972000.0
2022-07-11,15.501059566316355,15.502058363657559,15.013843557279245,15.127660751342773,437321000.0
2022-07-12,15.243475654572288,15.40621394491729,14.853103898095975,15.057774543762207,458483000.0
2022-07-13,14.56656528451449,15.350304243121299,14.4417660630257,15.139642715454102,521918000.0
2022-07-14,15.083731337790685,15.448144798089075,14.704341629701336,15.347307205200195,456235000.0
2022-07-15,15.63384864449676,15.756650272392122,15.42019167415229,15.736682891845703,385935000.0
2022-07-18,16.275811592879943,16.869855065757967,15.976294291524628,16.07513427734375,670517000.0
2022-07-19,16.45951683745517,17.082514988008967,16.146022071859953,16.964704513549805,702366000.0
2022-07-20,16.919777466324557,17.904193653189743,16.774012086751018,17.77839469909668,760538000.0
2022-07-21,17.856271659241287,18.11485450174296,17.516817646879083,18.021005630493164,557049000.0
2022-07-22,17.86425701094861,17.93813754600972,17.109470902798687,17.291179656982422,536671000.0
2022-07-25,16.991663382388573,17.09649617987304,16.62225873846163,16.99665641784668,480748000.0
2022-07-26,16.861875999941123,16.89182850511951,16.451536771709865,16.50644874572754,397865000.0
2022-07-27,17.004639434525583,17.907188485590435,16.885831113737122,17.761423110961914,569776000.0
2022-07-28,17.946126134465974,18.11086009552277,17.411985687188125,17.955110549926758,474646000.0
2022-07-29,17.784385247533635,18.21469265324764,17.663579330275038,18.13382339477539,435460000.0
2022-08-01,18.15279410603998,18.815729008879483,17.96110307249906,18.411378860473633,476469000.0
2022-08-02,18.09289210018399,18.90758142194784,18.062939600781153,18.49624252319336,489527000.0
2022-08-03,18.154792892998703,18.937534029090394,18.107867500762456,18.862653732299805,418146000.0
2022-08-04,18.818724113299595,19.243040681587424,18.72986637165179,19.18413543701172,409652000.0
2022-08-05,18.779784678395007,19.198112256942917,18.636016886602366,18.958498001098633,386068000.0
2022-08-08,17.473886632127186,18.2097022715193,17.214304052200333,17.76441764831543,981859000.0
2022-08-09,17.224291252645365,17.418977745827792,16.69713942952305,17.058557510375977,668263000.0
2022-08-10,17.669567252284956,18.0888925779283,17.28917882944146,18.06792640686035,597422000.0
2022-08-11,18.101874963139256,18.67694989267418,17.84728352756443,17.913177490234375,509327000.0
2022-08-12,18.130827666952836,18.68793186075144,17.92415946001401,18.678945541381836,478094000.0
2022-08-15,18.670959037819138,19.133214622291845,18.583101055571028,19.001426696777344,457666000.0
2022-08-16,18.889607370873275,19.11125087643797,18.47127981939262,18.84867286682129,451240000.0
2022-08-17,18.49324350751231,18.657977444704226,18.115850505713258,18.305543899536133,446799000.0
2022-08-18,18.2716035897907,18.83469681060988,18.1537931034188,18.74284553527832,415447000.0
2022-08-19,18.376432185051982,18.490249371942653,17.74145419450282,17.820327758789062,441588000.0
2022-08-22,17.461906404566534,17.529797971537494,16.93874791361986,17.00663948059082,409593000.0
2022-08-23,16.961709411115542,17.436944603324772,16.942738927006292,17.153400421142578,369986000.0
2022-08-24,16.98467227619529,17.37804038834426,16.867861541977685,17.1943359375,522661000.0
2022-08-25,16.816946359702275,17.91817544800935,16.805964346953886,17.88422966003418,770691000.0
2022-08-26,17.82831787419481,17.895209693014834,16.210919131366463,16.233882904052734,769127000.0
2022-08-29,15.994266622399852,16.31175468886111,15.741672771666877,15.775617599487305,496132000.0
2022-08-30,15.934363667656111,16.013236290955273,15.157613482274343,15.443154335021973,530181000.0
2022-08-31,15.359288739854978,15.515038296538872,14.934971220455097,15.069754600524902,573710000.0
2022-09-01,14.186175206862451,14.356901003294752,13.248684378970617,13.914612770080566,1178865000.0
2022-09-02,14.07735157024542,14.148236669923433,13.56916839929729,13.625079154968262,743157000.0
2022-09-06,13.70894332767748,13.756866558635831,13.329553621636906,13.443370819091797,535751000.0
2022-09-07,13.545236934215922,13.819877351748058,13.328521120783083,13.696039199829102,512657000.0
2022-09-08,13.441372149210842,13.989653853498535,13.351490823804518,13.97167682647705,624873000.0
2022-09-09,14.138459061636421,14.455044295388618,14.107500475650557,14.368158340454102,486612000.0
2022-09-12,14.350182305946856,14.527948688246315,14.179405773307693,14.486003875732422,484159000.0
2022-09-13,13.783924633033108,13.903767364016517,13.081845229225642,13.113802909851074,714956000.0
2022-09-14,13.23664185667735,13.272594961389391,12.896088837173366,13.110807418823242,588507000.0
2022-09-15,12.99795522520399,13.215669180142505,12.773249515880076,12.912067413330078,523625000.0
2022-09-16,12.725310579538897,13.194695255875637,12.600474300374623,13.180713653564453,670751000.0
2022-09-19,12.99495805230326,13.445367583490736,12.992960816504965,13.364473342895508,569685000.0
2022-09-20,13.197691379981011,13.465340007846075,13.039898333195593,13.15874195098877,524818000.0
2022-09-21,13.195696747526322,14.012625346801554,13.092830994775037,13.243633270263672,807679000.0
2022-09-22,13.052881193995141,13.131778195732636,12.411722811191895,12.544548034667969,759162000.0
2022-09-23,12.40373404951629,12.594483888456596,12.240947418073999,12.499608039855957,663309000.0
2022-09-26,12.474640670046318,12.642420860837374,12.198003031202267,12.211984634399414,547343000.0
2022-09-27,12.490620532839431,12.719320720938102,12.241947032432883,12.396743774414062,553854000.0
2022-09-28,12.393746102104021,12.80620529041185,12.337819690787777,12.719319343566895,542414000.0
2022-09-29,12.431696780132437,12.483628721329582,11.930354395452484,12.203995704650879,532763000.0
2022-09-30,12.071169294217576,12.616454666511402,12.059184927057526,12.123101234436035,565638000.0
2022-10-03,12.330830178093539,12.661397019747188,12.089146528346182,12.495614051818848,547478000.0
2022-10-04,12.862132554319986,13.20268651528483,12.862132554319986,13.149755477905273,584182000.0
2022-10-05,12.894093681996612,13.303556646836327,12.604473466444704,13.191702842712402,507131000.0
2022-10-06,13.202686696750762,13.638115559922221,13.085839346698974,13.112804412841797,644157000.0
2022-10-07,12.488622525605487,12.653406389776919,12.006255300705963,12.060184478759766,672478000.0
2022-10-10,12.02123351044237,12.108119450232586,11.393057670962447,11.654714584350586,698699000.0
2022-10-11,11.545858700912863,11.830485290733634,11.26822291287926,11.570826530456543,667482000.0
2022-10-12,11.563834668576538,11.719629529490467,11.33014094856781,11.48493766784668,492590000.0
2022-10-13,10.956630043298636,12.062180459420011,10.798836997287173,11.944334983825684,850103000.0
2022-10-14,12.041211425664171,12.095140613196103,11.189328748128137,11.212298393249512,713432000.0
2022-10-17,11.50291639818063,11.932353601891439,11.501918256315049,11.872431755065918,580774000.0
2022-10-18,12.327833437876679,12.475639372211802,11.602784417601008,11.951327323913574,659362000.0
2022-10-19,11.863440730045152,12.33382449005694,11.81849959434434,12.035215377807617,523131000.0
2022-10-20,12.09713671776913,12.752277756580911,12.089146821227374,12.178030967712402,652398000.0
2022-10-21,12.082153718025369,12.481630372955836,11.87143059449203,12.449671745300293,609494000.0
2022-10-24,12.491620026626292,12.69335515427323,12.048201240588062,12.582500457763672,517457000.0
2022-10-25,12.677376368924335,13.282582706939756,12.647414970734918,13.243633270263672,505482000.0
2022-10-26,12.852146223274735,13.370465602720852,12.691356829552692,12.879110336303711,532953000.0
2022-10-27,13.612147782251093,13.819875530409153,13.104812778282382,13.15874195098877,583113000.0
2022-10-28,13.086840951766506,13.83186438552005,13.04389703750446,13.815884590148926,521040000.0
2022-10-31,13.75995843307189,13.819880285823185,13.279588326373862,13.479326248168945,486341000.0
2022-11-01,13.792915370335802,13.906766415641112,13.501297905966638,13.525266647338867,432817000.0
2022-11-02,13.83186295115386,14.191391166061656,13.193699822047904,13.201688766479492,672628000.0
2022-11-03,13.025918106836965,13.762951481566452,12.939032155387688,13.403422355651855,500065000.0
2022-11-04,13.967683273201919,14.210365058332465,13.67906125202417,14.137460708618164,612576000.0
2022-11-07,14.209367030009965,14.393126083132001,13.93572663883021,14.282271385192871,410061000.0
2022-11-08,14.781614983674388,14.871497264348415,14.197381111718515,14.582876205444336,595292000.0
2022-11-09,14.143452570833958,14.192389137520287,13.740980477958338,13.75795841217041,454414000.0
2022-11-10,14.78061644211266,15.752341664941923,14.527947540373134,15.729372024536133,700819000.0
2022-11-11,15.78630345192753,16.367541196163586,15.461729177310234,16.305622100830078,655487000.0
2022-11-14,16.1967618318074,16.51834065367654,15.901148984019148,16.27366065979004,527852000.0
2022-11-15,16.70010099439711,16.975738615290787,16.36054610593409,16.644174575805664,545876000.0
2022-11-16,16.140835725955686,16.340572673265275,15.852213675087597,15.889164924621582,649547000.0
2022-11-17,15.694419686718572,16.244698687867267,15.514655111106975,15.656469345092773,710894000.0
2022-11-18,15.945090404179322,15.981044462160867,15.10019861437429,15.38882064819336,492072000.0
2022-11-21,15.12716430732762,15.45673207416043,15.060251659699267,15.296941757202148,404739000.0
2022-11-22,15.30792800033822,16.036972558111696,15.102197430405885,16.016998291015625,472866000.0
2022-11-23,16.07691590341239,16.50535489230616,16.026982150723164,16.497364044189453,427241000.0
2022-11-25,16.296629028257563,16.465406408074,16.15082033660223,16.24869155883789,167934000.0
2022-11-28,16.005011300506297,16.33557910048079,15.704406802903588,15.806272506713867,303741000.0
2022-11-29,15.806272346937764,15.9111353323506,15.499675191959904,15.618518829345703,298384000.0
2022-11-30,15.68045251052316,16.912153494374177,15.580558497425681,16.905160903930664,565298000.0
2022-12-01,16.98108510411153,17.24680360515922,16.617468407865708,17.116941452026367,470977000.0
2022-12-02,16.641441188481675,16.91515254992387,16.427666051305167,16.858211517333984,371389000.0
2022-12-05,16.661416742045997,16.977083578578082,16.454634243569135,16.59248924255371,352255000.0
2022-12-06,16.512575914907618,16.55552985566231,15.802324959390125,15.970148086547852,352694000.0
2022-12-07,15.7553764476407,16.16894059762961,15.650486623430005,16.103010177612305,372388000.0
2022-12-08,16.255848218840367,17.160893389958503,15.94217810718751,17.150903701782227,515456000.0
2022-12-09,17.14190886566031,17.564463251970096,16.95710443596456,16.983076095581055,465338000.0
2022-12-12,17.019039641707874,17.519510920881718,16.77929288691793,17.51651382446289,457328000.0
2022-12-13,18.51146764054295,18.770195420423224,17.692332261799088,18.05295181274414,656589000.0
2022-12-14,17.9680385827717,18.232760529632582,17.401636847702704,17.65536880493164,496888000.0
2022-12-15,17.127921595408722,17.301737920767152,16.682392700233958,16.934125900268555,478542000.0
2022-12-16,16.846222027891535,17.023035477455014,16.39270016925894,16.553529739379883,478232000.0
2022-12-19,16.554531578863497,16.591491326415667,16.127981643599433,16.236865997314453,354039000.0
2022-12-20,16.047066889019305,16.292807881891594,15.835291407365762,16.068044662475586,403260000.0
2022-12-21,16.097011404935554,16.60947103919092,16.08502301997595,16.48360252380371,325025000.0
2022-12-22,16.077033433532407,16.120987673315565,14.866311240758934,15.322829246520996,565045000.0
2022-12-23,15.17998128298212,15.322830189395079,14.867311505326436,15.189970970153809,349326000.0
2022-12-27,15.058110852321793,15.08408346858157,14.041183324202558,14.106115341186523,464902000.0
2022-12-28,13.912319639203043,14.246966554872388,13.86936474434743,14.021204948425293,351066000.0
2022-12-29,14.38681810611413,14.667521065652995,14.212002397327266,14.587605476379395,354923000.0
2022-12-30,14.318888212075395,14.613577288601492,14.217994857604205,14.598593711853027,310490000.0
2023-01-03,14.835344825073602,14.980192432307444,14.081140585137454,14.299909591674805,401277000.0
2023-01-04,14.551643550441703,14.837341342052907,14.225987013110903,14.733450889587402,431324000.0
2023-01-05,14.475725368544696,14.548648374304229,14.133086509590795,14.249963760375977,389168000.0
2023-01-06,14.458742666001996,14.994177909991919,14.019206897315305,14.843337059020996,405044000.0
2023-01-09,15.267888310654865,16.03907384357529,15.125038456294371,15.611525535583496,504231000.0
2023-01-10,15.490654302177573,15.945174618132851,15.455691347514714,15.892230987548828,384101000.0
2023-01-11,15.823302234215715,16.011103777484436,15.546593810156406,15.984131813049316,353285000.0
2023-01-12,16.083027207439695,16.619459833672344,15.475667427433098,16.493593215942383,551409000.0
2023-01-13,16.260843564073028,16.90416582170696,16.147963697731562,16.881189346313477,447287000.0
2023-01-17,16.881187014032182,17.709313641691512,16.881187014032182,17.683340072631836,511102000.0
2023-01-18,17.648375934651437,17.854158152300805,17.263781558432793,17.35868263244629,439624000.0
2023-01-19,17.018042058487556,17.17887355641003,16.713365152180454,16.74732780456543,452932000.0
2023-01-20,16.99306976542005,17.837180338916934,16.80726689515637,17.82019805908203,564967000.0
2023-01-23,18.044956208931275,19.224712866778543,17.799217156484602,19.172767639160156,655163000.0
2023-01-24,18.80715382585874,19.474450850170054,18.800161235154988,19.244691848754883,496204000.0
2023-01-25,18.893061849004603,19.349580807071824,18.560412717739826,19.302629470825195,449537000.0
2023-01-26,19.680232657858443,20.14474263652142,19.25767822252368,19.781126022338867,489535000.0
2023-01-27,19.441484557009698,20.60625581574819,19.384545434625117,20.34353256225586,542142000.0
2023-01-30,19.92897130354372,20.118769651142287,19.12981344690093,19.141801834106445,488611000.0
2023-01-31,19.14979328260832,19.66624851924581,18.930025867048208,19.516407012939453,498017000.0
2023-02-01,19.670244043953495,21.169661317208572,19.59032844677635,20.92092514038086,660477000.0
2023-02-02,20.97786301741522,21.925862042165335,20.67818002215878,21.686115264892578,564276000.0
2023-02-03,20.9778619200745,21.72207738368297,20.76708391302964,21.077756881713867,429366000.0
2023-02-06,20.78406792196353,21.54726252016348,20.764088546903054,21.066770553588867,452197000.0
2023-02-07,21.359459276744385,22.235535559887833,21.12770349826597,22.149625778198242,664150000.0
2023-02-08,22.363398373809797,22.853881881192613,21.98479821168747,22.181591033935547,559651000.0
2023-02-09,22.582171117953777,22.995734263923605,22.0966833667124,22.313453674316406,523876000.0
2023-02-10,21.6671373847091,22.054726981350132,20.789064216864638,21.242584228515625,550737000.0
2023-02-13,21.515295357490146,22.024757958584203,20.93990234696834,21.765031814575195,474919000.0
2023-02-14,21.555250107252977,23.02469994876541,21.343473718903144,22.9467830657959,675474000.0
2023-02-15,22.52523007264076,22.830907263123883,22.082698167631655,22.74000358581543,420575000.0
2023-02-16,22.109667968901128,22.526228206382104,21.903885748285937,21.97880744934082,412026000.0
2023-02-17,21.608199514245356,21.717083871627388,20.952890859592024,21.365455627441406,465888000.0
2023-02-21,20.97786007402784,21.471338740374534,20.596262840309503,20.633224487304688,410015000.0
2023-02-22,20.6851767924116,21.08175773796776,20.39947701512826,20.732126235961914,513184000.0
2023-02-23,23.415294236092592,23.86282198809331,23.00073074104482,23.639057159423828,1117995000.0
2023-02-24,23.200519010604086,23.449257089535415,22.922812171124363,23.26145362854004,589716000.0
2023-02-27,23.645051208026654,23.854828947358715,23.429279274617038,23.476228713989258,452994000.0
2023-02-28,23.347362102450354,23.79988559289662,23.1815367258424,23.191526412963867,455963000.0
2023-03-01,23.1675548821103,23.231488507829404,22.48427580835061,22.674076080322266,460026000.0
2023-03-02,22.464295399339527,23.355353400499368,22.40835276964801,23.2894229888916,389415000.0
2023-03-03,23.295417814080157,23.874806353174602,23.105617561777713,23.864816665649414,412393000.0
2023-03-06,23.865815628810815,24.222437736222577,23.462240277861365,23.529170989990234,437429000.0
2023-03-07,23.579128902669357,24.103664219579663,23.22044523812733,23.267404556274414,515154000.0
2023-03-08,23.466222520970515,24.178593039415297,23.40327852623449,24.159608840942383,513573000.0
2023-03-09,24.153616530475606,24.432370990770355,23.36231723479036,23.415271759033203,501257000.0
2023-03-10,23.388292457422022,23.606100023101337,22.705896084995054,22.944684982299805,474866000.0
2023-03-13,22.731873047033044,23.27738955062946,22.277275643092484,22.945682525634766,421890000.0
2023-03-14,23.475219568886814,24.197579694405405,23.439250204223796,24.041717529296875,474910000.0
2023-03-15,23.73998179778675,24.26451702592668,23.339337433810194,24.20656967163086,524486000.0
2023-03-16,24.005750694887265,25.565369047622582,23.872866995148154,25.51841163635254,583253000.0
2023-03-17,25.95902028263856,26.375651279421106,25.645296921004547,25.702247619628906,848547000.0
2023-03-20,25.592342695819287,26.000981321988803,25.107771080019624,25.877090454101562,432747000.0
2023-03-21,26.156846636843376,26.36865903671038,25.358553488198883,26.17582893371582,547408000.0
2023-03-22,26.401630282737884,27.56460236261101,26.21379681499764,26.44459342956543,797295000.0
2023-03-23,27.091017232493737,27.474678371614985,26.66639389662088,27.166950225830078,564889000.0
2023-03-24,27.00709756854411,27.142976988345602,26.331694737153786,26.755319595336914,454920000.0
2023-03-27,26.81326506197413,26.97612101034624,26.341682380127203,26.507535934448242,361026000.0
2023-03-28,26.42361038825946,26.4895520016458,25.8271382618564,26.386642456054688,356104000.0
2023-03-29,26.80127663568218,27.054051235079495,26.573477639400732,26.960134506225586,393694000.0
2023-03-30,27.204920580045023,27.47468226741287,27.078032082373483,27.358783721923828,364516000.0
2023-03-31,27.115994254760153,27.809380660660256,27.08102536446216,27.752431869506836,433933000.0
2023-04-03,27.484665851184033,27.975230726775877,27.311818554511483,27.940261840820312,398716000.0
2023-04-04,27.941265336695817,27.975235662091706,27.28284778669967,27.42871856689453,368592000.0
2023-04-05,26.8052732678004,26.97412252588098,26.371657076286322,26.857227325439453,515015000.0
2023-04-06,26.560484102488175,27.05604564313856,26.40362339232595,27.013084411621094,397654000.0
2023-04-10,26.79927368503425,27.59656814998943,26.645410576438564,27.55460548400879,395279000.0
2023-04-11,27.699479353630412,27.765420962103274,27.102006799330113,27.144969940185547,314378000.0
2023-04-12,27.345795224515363,27.443708127929558,26.424609743141254,26.471569061279297,446259000.0
2023-04-13,26.710354492654048,26.863219050562652,26.305713912619126,26.439594268798828,353615000.0
2023-04-14,26.480556091603322,26.85922056456347,26.196806902127364,26.734331130981445,395660000.0
2023-04-17,26.541503250119483,26.98211316139373,26.409620037298097,26.978116989135742,321471000.0
2023-04-18,27.508648184223265,28.08513749604695,27.332803260522113,27.642528533935547,604812000.0
2023-04-19,27.33680022607394,27.975234992237034,27.20791461166313,27.906295776367188,358660000.0
2023-04-20,27.646526498743864,28.005210147455717,26.976120423056454,27.080028533935547,427713000.0
2023-04-21,26.928160559616323,27.15895713906588,26.698364452495547,27.095012664794922,345103000.0
2023-04-24,26.989107985798988,27.341794498427166,26.647409518060194,27.018081665039062,339282000.0
2023-04-25,27.05404825153496,27.22289939376249,26.20180400715183,26.217788696289062,378527000.0
2023-04-26,26.978118263771744,27.305827272348722,26.68138006807285,26.932157516479492,406337000.0
2023-04-27,27.338797504535222,27.470680716229086,26.601449417885966,27.20191764831543,377161000.0
2023-04-28,27.200920093090993,27.733447698531908,27.047055069952613,27.724456787109375,292216000.0
2023-05-01,27.81537661530885,29.03229974718171,27.755430216862095,28.884429931640625,570329000.0
2023-05-02,28.654636529358847,28.810498704607454,28.058164377201287,28.18505096435547,402730000.0
2023-05-03,27.815373184826456,28.341907433104844,27.44769868321829,27.777406692504883,383387000.0
2023-05-04,27.62654444288627,27.834360670007325,27.215908633799796,27.53762435913086,321850000.0
2023-05-05,27.801389698676097,28.72956699907564,27.70647440681242,28.654634475708008,361494000.0
2023-05-08,28.496768426952514,29.194150921324063,28.324921601827587,29.125211715698242,344979000.0
2023-05-09,28.873437666396427,28.94737161540953,28.42483542221699,28.545726776123047,314869000.0
2023-05-10,28.97934408614239,29.087250267045963,28.435826537614037,28.859451293945312,369350000.0
2023-05-11,28.87044053584294,28.92439362497088,28.221015861335896,28.55272102355957,322149000.0
2023-05-12,28.503765785473174,28.75454513594309,28.02119319112188,28.31493377685547,274222000.0
2023-05-15,28.48278306832434,28.943375739340738,28.12709896933045,28.92738914489746,293926000.0
2023-05-16,28.81549355064841,29.843584771006334,28.806502638110807,29.187164306640625,449405000.0
2023-05-17,29.557833570142268,30.17228939441913,29.403970448812785,30.151308059692383,432535000.0
2023-05-18,30.383102432113493,31.799847490043984,30.293181883981152,31.649980545043945,748725000.0
2023-05-19,31.508105976511025,31.552067683944458,30.888655428377344,31.236347198486328,473908000.0
2023-05-22,30.873663982244203,31.49211780089983,30.65286071416473,31.148422241210938,372000000.0
2023-05-23,30.972586338167794,31.260331763123325,30.60391316751481,30.66086196899414,356253000.0
2023-05-24,30.1832773408898,30.579927446615685,29.779635363047586,30.510988235473633,721419000.0
2023-05-25,38.48892244912427,39.44507664562874,36.60259203294565,37.94640350341797,1543911000.0
2023-05-26,37.85648296620509,39.13534949472907,37.51678356815055,38.91154861450195,714397000.0
2023-05-30,40.559096455146374,41.90090712766281,39.91366790954096,40.075523376464844,923401000.0
2023-05-31,39.45307354763965,40.259358998541856,37.78854668617227,37.800537109375,1002580000.0
2023-06-01,38.45495609590561,40.01457626339759,38.306089619716126,39.734825134277344,635873000.0
2023-06-02,40.061528913678025,40.46417228382388,39.023446585861166,39.29220962524414,482731000.0
2023-06-05,38.87458325572637,39.53000121935848,38.67276227118168,39.1363525390625,396094000.0
2023-06-06,38.79565501764921,39.125361136510946,38.11425525753202,38.619808197021484,388729000.0
2023-06-07,38.88459809447063,39.468141471393565,37.32681416120832,37.44572067260742,511998000.0
2023-06-08,37.694534053593046,38.833643027365426,37.47570715034152,38.47991943359375,417772000.0
2023-06-09,39.00650530356787,39.67997860030122,38.53687503234718,38.739715576171875,427717000.0
2023-06-12,39.16938679625348,39.49912709454757,38.58784058808382,39.45116424560547,388701000.0
2023-06-13,40.15461038931082,41.06889657145173,39.70895962649225,40.98995590209961,613208000.0
2023-06-14,40.7921176516414,42.96641687824926,40.52032691306219,42.96342086791992,740465000.0
2023-06-15,42.56872727104233,43.2551909701653,42.11408081517457,42.619686126708984,568622000.0
2023-06-16,43.41605281707227,43.68684099042033,42.62766780743099,42.65864562988281,655709000.0
2023-06-20,42.96441968644821,43.95564551444472,42.64067141901623,43.77378463745117,451153000.0
2023-06-21,43.467020523272616,43.58093370313804,42.04713285457767,43.011375427246094,551603000.0
2023-06-22,42.21999014630877,43.39207412960286,42.20100779460612,42.991390228271484,417737000.0
2023-06-23,42.43083876167625,42.77556674456682,41.982188093599774,42.1760368347168,358140000.0
2023-06-26,42.42783159494467,42.73059631968799,40.06867574743641,40.60026168823242,594322000.0
2023-06-27,40.76713004512084,41.907237605323324,40.416406298926006,41.84328842163086,462175000.0
2023-06-28,40.628248412856465,41.81232441738964,40.48636100844834,41.08489227294922,582639000.0
2023-06-29,41.52553669526217,41.56750370507978,40.56828482936424,40.79011154174805,380514000.0
2023-06-30,41.647443251980995,42.51676261089797,41.468582218513255,42.26895523071289,501148000.0
2023-07-03,42.483786406248804,42.86448930889797,42.169033838728204,42.37986755371094,198209000.0
2023-07-05,42.102086134617814,43.143272032107916,42.0521259526018,42.2839469909668,323618000.0
2023-07-06,41.81131756799603,42.14605498586675,41.31370545626282,42.07011413574219,303582000.0
2023-07-07,42.28894446417988,43.18024990252509,42.14705707601412,42.46980285644531,355881000.0
2023-07-10,42.623685218893456,42.77756426984942,41.616469261927726,42.147056579589844,353908000.0
2023-07-11,42.44782043348418,42.72460451753315,42.03414612426581,42.37187957763672,298244000.0
2023-07-12,42.99939311654847,43.90068910125284,42.74359252853758,43.867713928222656,481277000.0
2023-07-13,44.48323328046501,46.11895201895111,44.45725261049975,45.94109344482422,478204000.0
2023-07-14,46.54661523204283,48.05044077711324,45.024806002911156,45.43348693847656,772075000.0
2023-07-17,46.25284659122238,46.459681830207685,45.2266483214971,46.42470932006836,510488000.0
2023-07-18,46.66451419857792,47.85858027791971,45.698270630412644,47.45689392089844,569164000.0
2023-07-19,47.42692856470666,47.78065216165784,46.70549236660369,47.04022979736328,427502000.0
2023-07-20,46.47066830923723,47.05021703797439,45.02679746035021,45.484439849853516,537865000.0
2023-07-21,45.75223611318822,45.83017811976025,44.06555477681696,44.274391174316406,963769000.0
2023-07-24,44.69606260557121,45.0737695401444,44.00560422049565,44.57715606689453,382516000.0
2023-07-25,44.90589571026622,46.14692227530892,44.887908215993086,45.64331817626953,348081000.0
2023-07-26,45.985052064508444,46.017028562917005,44.59513975878737,45.41649627685547,364237000.0
2023-07-27,46.4826670082,47.357982253239214,45.71426663486367,45.86415100097656,455976000.0
2023-07-28,46.63154903236518,46.99026979268205,46.344774445154044,46.71348571777344,331194000.0
2023-07-31,46.717486882574775,47.09319267881654,46.469679472055226,46.6925048828125,251055000.0
2023-08-01,46.42370462471362,46.86336333707945,45.99104422518508,46.47066879272461,237858000.0
2023-08-02,45.79520091213266,45.80419275361582,43.35310977121058,44.23442077636719,530142000.0
2023-08-03,43.765783009489404,45.08275419071188,43.765783009489404,44.480224609375,324176000.0
2023-08-04,44.94986170170467,45.60634618505477,44.35832507301121,44.64509963989258,362666000.0
2023-08-07,45.0757624027515,45.504428150828545,44.528190127809225,45.38152313232422,322154000.0
2023-08-08,44.817971444919216,45.20666758358326,44.02159299987499,44.629119873046875,353843000.0
2023-08-09,44.23941737277786,44.27738970488,42.10108946258739,42.5207633972168,586449000.0
2023-08-10,42.12707017302428,43.53996721168232,41.80232325660613,42.35489273071289,492705000.0
2023-08-11,41.71838968414298,41.985183246912044,40.607258703595875,40.823089599609375,533085000.0
2023-08-14,40.454379600754656,43.76579047022575,40.279517041963544,43.71882629394531,690286000.0
2023-08-15,44.52520013627042,45.2326473732039,43.67586169687328,43.90568161010742,676512000.0
2023-08-16,44.48522285041412,44.640100549597996,43.372090845714155,43.452030181884766,527451000.0
2023-08-17,43.93565682241001,44.027584017095954,42.96741192711898,43.31014633178711,452395000.0
2023-08-18,42.60168835866918,43.543952402445264,41.62745163344557,43.26517105102539,583768000.0
2023-08-21,44.4592488124891,47.02823995825299,44.1874618900852,46.93031692504883,692573000.0
2023-08-22,48.09740011660735,48.14936145105243,45.29759061646536,45.632328033447266,755293000.0
2023-08-23,45.830177068585726,47.1631347697341,45.172690060210584,47.079200744628906,779046000.0
2023-08-24,50.17677640386691,50.22673658703904,47.12216498787686,47.12615966796875,1156044000.0
2023-08-25,46.975282602767756,47.76766250313572,44.98883254303396,45.982059478759766,925341000.0
2023-08-28,46.445698798489914,46.94331098821709,44.85294565969937,46.798423767089844,685192000.0
2023-08-29,46.62954971759292,49.04266428440614,46.35476299443785,48.74589538574219,701397000.0
2023-08-30,49.005680311289076,49.88798983805279,48.38716445855737,49.22550964355469,735206000.0
2023-08-31,49.34143020878583,49.705144301675666,48.91975894986802,49.31644821166992,528570000.0
2023-09-01,49.72313481683707,49.761103338104185,48.10439736069892,48.47111129760742,463830000.0
2023-09-05,48.185339110764936,48.81285082996846,47.82262363775037,48.51008605957031,382653000.0
2023-09-06,48.40715103407181,48.515073458793,46.547451450862816,47.028114318847656,468670000.0
2023-09-07,45.49319509398626,46.31162313659779,45.120454595762936,46.20869445800781,433330000.0
2023-09-08,45.909901542782364,46.57343525598355,45.23936893896436,45.540157318115234,473069000.0
2023-09-11,46.11575054004364,46.13073944810292,44.2810350025815,45.14643096923828,473966000.0
2023-09-12,44.706734397330045,45.64108235714804,44.49987832466093,44.83864212036133,349256000.0
2023-09-13,44.56883283924793,45.89790529019353,44.47190049902718,45.453216552734375,398355000.0
2023-09-14,45.917894023696675,45.95486692026357,45.099466041293624,45.54915237426758,370097000.0
2023-09-15,45.30931876274773,45.56713791255012,43.777388961117786,43.869327545166016,506831000.0
2023-09-18,42.7181249588287,44.211080299105845,41.97064663049677,43.935272216796875,500271000.0
2023-09-19,43.802366857424914,43.93527332902396,42.97194633294254,43.489585876464844,373064000.0
2023-09-20,43.56953710623469,43.872326816521394,42.193500252380844,42.20948791503906,367108000.0
2023-09-21,41.55394101252563,42.07057801307491,40.951361762571175,40.98833465576172,450736000.0
2023-09-22,41.54295333933315,42.085577039704084,41.202191983473384,41.580928802490234,479236000.0
2023-09-25,41.56193389222181,42.506273177622504,41.14822175071883,42.1924934387207,419091000.0
2023-09-26,41.97165113191076,42.79007909728291,41.625892229485075,41.8817138671875,402282000.0
2023-09-27,42.3004199239516,42.84204096958368,41.59990959746065,42.43832015991211,444935000.0
2023-09-28,42.430325448929366,43.41563643301945,42.085569148140415,43.05888748168945,424663000.0
2023-09-29,43.79637496273023,44.113154796580034,43.276737862234015,43.468605041503906,397830000.0
2023-10-02,43.99922478728352,45.14342496714759,43.83034418769884,44.750701904296875,433298000.0
2023-10-03,44.77668570728605,45.098463094837925,43.2157769974795,43.48658752441406,470850000.0
2023-10-04,43.71143633979229,44.11215712134903,43.26175000991843,44.01022720336914,361821000.0
2023-10-05,44.01921794767318,44.868626271295504,43.85733240049327,44.65677261352539,393483000.0
2023-10-06,44.162114923887266,45.75700017274814,43.99523182082683,45.730018615722656,434436000.0
2023-10-09,44.81066115962172,45.57312842393476,44.3369933910708,45.24135971069336,409675000.0
2023-10-10,45.27833709467453,46.22667139823051,45.05649211437215,45.765995025634766,368582000.0
2023-10-11,46.163710658950464,46.82624927082432,46.01781279648485,46.773284912109375,378137000.0
2023-10-12,46.74431143305413,47.575730741552675,46.297625211200135,46.912193298339844,481325000.0
2023-10-13,46.92718276252737,47.08307579073531,45.24835646569822,45.429229736328125,474115000.0
2023-10-16,45.03150585760048,46.19269250254442,44.880610413399644,46.06278610229492,375099000.0
2023-10-17,43.96925599511655,44.72273077097073,42.45031760329598,43.90729904174805,812333000.0
2023-10-18,42.5612359572998,43.18879926057118,41.79577241593963,42.16651153564453,627294000.0
2023-10-19,42.781089631153165,43.26675013363428,41.85273785103801,42.07158660888672,501233000.0
2023-10-20,41.860728698935155,42.4403252529677,41.049295810508625,41.35808181762695,477266000.0
2023-10-23,41.200194491752654,43.21778487682209,40.91639251850647,42.94497299194336,478530000.0
2023-10-24,43.04689542430625,43.66646107168209,42.6611674055464,43.632484436035156,401463000.0
2023-10-25,43.36767758718175,43.61950423451798,41.52596674486631,41.74980926513672,398379000.0
2023-10-26,41.8237544285133,42.22647269652664,39.852133556535904,40.297821044921875,541001000.0
2023-10-27,41.1012634608965,41.177210573030834,39.987040836148445,40.471702575683594,416784000.0
2023-10-30,41.05829449956598,41.73681712722262,40.45271510334961,41.132240295410156,388028000.0
2023-10-31,40.42173556666503,40.85043664876845,39.20258684468398,40.751502990722656,517969000.0
2023-11-01,40.855437818322336,42.35139367956083,40.84044890706074,42.295433044433594,437593000.0
2023-11-02,43.29772796802442,43.85333927413613,42.86403307329686,43.47560501098633,409172000.0
2023-11-03,43.98923665598296,45.27733347769254,43.6924433329055,44.973548889160156,424610000.0
2023-11-06,45.25335451197863,45.90290181424292,44.867622664486824,45.71902847290039,400733000.0
2023-11-07,45.68705076383751,46.18569877151303,45.126441998746536,45.92288589477539,343165000.0
2023-11-08,46.06779027302312,46.83425650544142,45.93588252657113,46.54146194458008,346719000.0
2023-11-09,47.43383140399592,48.19629874432979,46.71733335440422,46.91719436645508,540496000.0
2023-11-10,47.466808147596865,48.43812905946533,47.24996072733801,48.30122375488281,421245000.0
2023-11-13,48.28623562834099,49.08168084897678,48.065389383307924,48.58602523803711,384136000.0
2023-11-14,49.64528886328257,49.79918059248535,49.005736641538505,49.62130355834961,416954000.0
2023-11-15,49.90010916476034,49.92508940872805,48.1663208904743,48.85383987426758,475497000.0
2023-11-16,48.644984172997816,49.49039366266599,48.29622902861317,49.4454231262207,339756000.0
2023-11-17,49.489397461523026,49.68226341163358,48.9727603803161,49.26355743408203,325205000.0
2023-11-20,49.27753819263548,50.51267446523686,49.14662922458695,50.37377166748047,414120000.0
2023-11-21,50.09097543368955,50.48170107547834,49.18760774710226,49.90910339355469,565747000.0
2023-11-22,49.817168906440536,50.29982932340877,47.65667696410155,48.68196105957031,899420000.0
2023-11-24,48.43613001762004,48.886815068886136,47.711634365879085,47.74261474609375,294645000.0
2023-11-27,47.766597618423056,48.49608705256933,47.6187022270162,48.208290100097656,395662000.0
2023-11-28,48.202293315261734,48.289234319970646,47.439826002688484,47.78758239746094,401491000.0
2023-11-29,48.34520044689955,48.72793227517069,47.826562052543174,48.10636520385742,382005000.0
2023-11-30,47.990441518765145,48.07638377452515,46.3895635380406,46.73731994628906,526247000.0
2023-12-01,46.49249632095064,47.16702396235708,46.1547312180282,46.73232650756836,369317000.0
2023-12-04,46.04480030339198,46.04480030339198,44.97854459860675,45.47819519042969,437543000.0
2023-12-05,45.438229098759074,46.57153532629203,45.24334850919928,46.537559509277344,371718000.0
2023-12-06,47.18615263660435,47.35804843216662,45.38425283422849,45.475196838378906,380590000.0
2023-12-07,45.67207911260122,46.600512368918565,45.57613709541874,46.56753158569336,350823000.0
2023-12-08,46.566539290284055,47.71183918008555,46.52156479549851,47.47698211669922,359224000.0
2023-12-11,47.46199285274284,47.50196552269277,45.80200812005124,46.59851837158203,509728000.0
2023-12-12,46.017868142614965,47.63687728383164,46.017868142614965,47.62788391113281,372387000.0
2023-12-13,47.59990881517736,48.56431952524785,47.578921733918634,48.05862808227539,447792000.0
2023-12-14,48.36043775200682,48.6402654789673,47.39303060139569,48.32046127319336,391232000.0
2023-12-15,48.16456390223083,49.37382393315781,48.0906077891267,48.860137939453125,479948000.0
2023-12-18,49.36982501987744,50.402191134156865,49.11997773498407,50.046409606933594,412587000.0
2023-12-19,49.39379819493803,49.669630515204666,48.865122122671124,49.57368850708008,464444000.0
2023-12-20,49.624663268494515,49.9684548790202,48.0686152726536,48.081607818603516,397894000.0
2023-12-21,48.781183869365606,49.065010780060334,48.38942122420045,48.96007537841797,300425000.0
2023-12-22,49.16494577989552,49.352830653569725,48.43738988482299,48.8001708984375,252507000.0
2023-12-26,48.93808291084912,49.56969677808233,48.930088377699356,49.24889373779297,244200000.0
2023-12-27,49.48075464580007,49.64965012045702,49.05501239405432,49.386810302734375,233648000.0
2023-12-28,49.6126770927999,49.85352719386826,49.38181539341571,49.49174880981445,246587000.0
2023-12-29,49.782567581126976,49.96645709185245,48.721216111915,49.49174499511719,389293000.0
2024-01-02,49.213911661432995,49.26487918925224,47.565920930034586,48.13856887817383,411254000.0
2024-01-03,47.455983946851106,48.15455430794737,47.29108385844773,47.53993225097656,320896000.0
2024-01-04,47.73781584044559,48.47036973426666,47.478975200634494,47.96867752075195,306535000.0
2024-01-05,48.43239477719924,49.516731000212985,48.27648803927744,49.0670051574707,415039000.0
2024-01-08,49.48175774230581,52.24307051371221,49.44877695414858,52.2210807800293,642510000.0
2024-01-09,52.368989354850214,54.291813775257275,51.658421354299875,53.10753631591797,773100000.0
2024-01-10,53.58324641272958,54.566642620850935,53.45632128428564,54.316795349121094,533796000.0
2024-01-11,54.965395542446196,55.312183643545765,53.52727561107459,54.78850173950195,596759000.0
2024-01-12,54.58663334731275,54.93642183109273,54.29681339629927,54.676578521728516,352994000.0
2024-01-16,54.98439562296978,56.80028329797536,54.866467668882784,56.34756088256836,449580000.0
2024-01-17,56.312579806380306,56.43650460830921,54.706563019184806,56.018760681152344,474394000.0
2024-01-18,57.225019450786334,57.5648119047759,56.07272391506558,57.072113037109375,491650000.0
2024-01-19,57.95357707318065,59.46365569707979,57.190043807244585,59.45466232299805,543501000.0
2024-01-22,60.01231668308295,60.29414590763177,59.03391464914335,59.617557525634766,452955000.0
2024-01-23,59.53360947543731,59.8734019281728,58.549210583878605,59.83642578125,294654000.0
2024-01-24,60.26716017281773,62.810603561548206,59.901382639629475,61.32451248168945,560271000.0
2024-01-25,62.3119072339738,62.680685096135214,60.81282362309359,61.5793571472168,482777000.0
2024-01-26,60.92276141821586,61.74526054571479,60.53600059416135,60.993717193603516,390309000.0
2024-01-29,61.1945932389414,62.450825336358335,60.869794823781135,62.426841735839844,348733000.0
2024-01-30,62.86157157548254,63.45420777642383,62.22195939324812,62.73564529418945,410735000.0
2024-01-31,61.40245794445025,62.230953792991116,60.662912229529944,61.48940658569336,453795000.0
2024-02-01,62.06206301871128,63.1523999678792,61.61234096321601,62.98849868774414,369146000.0
2024-02-02,63.934921410632114,66.55931680667902,63.65109449153059,66.11959075927734,476578000.0
2024-02-05,68.18331639891433,69.45454244217241,67.16394292298222,69.28964233398438,680078000.0
2024-02-06,69.58745829595591,69.71138308978904,66.25949848302591,68.18132019042969,683111000.0
2024-02-07,68.27725642617484,70.17709586585252,67.55869397580136,70.05616760253906,495575000.0
2024-02-08,70.0311991651721,70.75076063857006,69.41258155591092,69.59846496582031,414422000.0
2024-02-09,70.48991468195457,72.14090604638328,70.16911160679686,72.08894348144531,436637000.0
2024-02-12,72.55565505937633,74.5654283449227,71.20648115197012,72.20387268066406,613710000.0
2024-02-13,70.35701222131028,73.40514518374027,69.5774897432117,72.08395385742188,602580000.0
2024-02-14,73.15730185072407,74.19066701109121,71.89407378756496,73.85487365722656,504917000.0
2024-02-15,73.82387565740021,73.92980608164119,72.35577132172895,72.61360931396484,420122000.0
2024-02-16,74.0547328068878,74.35655027525982,72.45671056832468,72.56864166259766,495327000.0
2024-02-20,71.90304738257117,71.91204456852859,67.69262359545532,69.40957641601562,704833000.0
2024-02-21,67.96445653317794,68.84592156210476,66.2075347659216,67.4307861328125,673755000.0
2024-02-22,74.97917375100998,78.52700071768926,74.17466516688725,78.49002838134766,865100000.0
2024-02-23,80.74064650613892,82.34366290568272,77.5226123761237,78.76885223388672,829388000.0
2024-02-26,79.65130857177527,80.596737435313,78.4570388969918,79.04368591308594,503973000.0
2024-02-27,79.33250852556469,79.43145470230726,77.11486980989693,78.65292358398438,391705000.0
2024-02-28,77.57258181183745,78.88477556464643,77.07788148076835,77.61555480957031,393110000.0
2024-02-29,79.04569580641504,79.94114467845763,78.30214690396402,79.06368255615234,507289000.0
2024-03-01,79.95112232187887,82.24972013852617,79.38646508056598,82.22872924804688,479135000.0
2024-03-04,84.07859536447201,87.6414196546175,83.6678509917937,85.18492126464844,615616000.0
2024-03-05,85.22191083370436,86.04844794548417,83.36995895717057,85.91551971435547,520639000.0
2024-03-06,87.97235961581464,89.67339555623481,86.98091470216241,88.64997100830078,582520000.0
2024-03-07,90.10713703099752,92.71466639598263,89.55145092677502,92.6167221069336,608119000.0
2024-03-08,95.08433828640496,97.34506345152579,86.45720334881955,87.47863006591797,1142269000.0
2024-03-11,86.3802534333582,88.74691405918401,84.11852931570184,85.72562408447266,678364000.0
2024-03-12,87.99934858682109,91.90813847414768,86.10141744907258,91.86116790771484,668075000.0
2024-03-13,91.00363657004534,91.45238079004136,88.38511175577527,90.83673095703125,635713000.0
2024-03-14,89.52647603225017,90.5948732884495,86.55115025815236,87.89439392089844,602318000.0
2024-03-15,86.88096661769565,89.49548835416286,86.20834970674177,87.7874526977539,642086000.0
2024-03-18,90.33701387030251,92.35287440054489,87.03587564379455,88.40510559082031,668976000.0
2024-03-19,86.65110342037197,90.49293740706634,84.96206166270107,89.34758758544922,672171000.0
2024-03-20,89.74635698272712,90.35901787579786,88.17324712477493,90.32103729248047,479063000.0
2024-03-21,92.24794813241263,92.59575144201277,90.35401259550207,91.38343048095703,480372000.0
2024-03-22,91.0895899885777,94.72453954495887,90.78276394753543,94.2358169555664,586719000.0
2024-03-25,93.88801905784321,96.71142270452334,93.45726238634705,94.94841766357422,552136000.0
2024-03-26,95.79693429152606,96.3206408094852,92.44982423178193,92.5087890625,513648000.0
2024-03-27,93.0594819501001,93.18740810778951,89.07273343467564,90.1990966796875,586067000.0
2024-03-28,89.9492364441801,91.24850624285476,89.14269241707345,90.30503845214844,435212000.0
2024-04-01,90.24807533872301,92.1729839586744,89.15369169415271,90.3120346069336,452441000.0
2024-04-02,88.39811114522563,90.04318648075638,87.57058285516493,89.40155029296875,433064000.0
2024-04-03,88.43410854117649,90.32304223513688,88.35015627144904,88.91383361816406,370067000.0
2024-04-04,90.35499714995936,90.58287298050408,85.83154944356146,85.85653686523438,434965000.0
2024-04-05,86.81700456921507,88.4310991932804,85.87753991776991,87.95836639404297,399678000.0
2024-04-08,88.64996450448324,88.77989605626742,86.68307988880372,87.08385467529297,283220000.0
2024-04-09,87.39268218376482,87.58557412064634,82.97517698832382,85.30585479736328,501700000.0
2024-04-10,83.87866326448999,87.35070274664696,83.66178279831279,86.98990631103516,431929000.0
2024-04-11,87.37069146521046,90.687819723934,86.87697442257391,90.56488800048828,431637000.0
2024-04-12,89.64840815742117,90.1241452492344,87.48063273280795,88.13626098632812,426805000.0
2024-04-15,89.04776086993422,90.5619060136459,85.88054901990306,85.95250701904297,443077000.0
2024-04-16,86.38424380509475,88.06829089560239,86.01545628049773,87.36569213867188,370453000.0
2024-04-17,88.29016660250515,88.72492641813315,83.90264346955806,83.98760223388672,495400000.0
2024-04-18,84.92208786592035,86.14140114557978,82.35553513097022,84.62325286865234,447260000.0
2024-04-19,83.10310538210794,84.27643922651326,75.56336143765269,76.15702056884766,875198000.0
2024-04-22,78.05994814693265,80.02783946358336,76.35691439393003,79.47315216064453,596341000.0
2024-04-23,80.7234441336971,82.72231614993429,80.21873169463018,82.37651062011719,438559000.0
2024-04-24,83.90264988256477,84.03457921776213,79.13834013698539,79.63206481933594,512208000.0
2024-04-25,78.82351858715127,83.27600801866915,78.17888569012331,82.58540344238281,424641000.0
2024-04-26,83.7707330936579,88.28118855401848,83.3399763925944,87.6855239868164,551011000.0
2024-04-29,87.54560831747182,87.94238000481042,85.21791921054779,87.70751953125,388971000.0
2024-04-30,87.19079630766022,88.76890816331654,86.25133163329888,86.353271484375,363709000.0
2024-05-01,85.02901046138126,85.95148630832341,81.20916027802339,82.99415588378906,559863000.0
2024-05-02,84.40136817425811,86.18836175340402,83.15307206256357,85.76860046386719,377898000.0
2024-05-03,87.73947860212795,89.23063371341577,86.9909005732954,88.7389144897461,398341000.0
2024-05-06,89.3395790876885,92.16798466023728,89.00476895897276,92.08802795410156,376203000.0
2024-05-07,91.04661392300342,91.72922732116892,88.96079315014337,90.50292205810547,437342000.0
2024-05-08,89.43253836914545,91.14257199813075,89.36957035953105,90.36101531982422,325721000.0
2024-05-09,90.47793776117966,91.0206307579062,88.18123739175036,88.69694519042969,378013000.0
2024-05-10,90.25406212026445,91.3494445724532,89.17666725781999,89.82730102539062,335325000.0
2024-05-13,90.42696502755186,90.94667600491073,88.47906681215352,90.34801483154297,289680000.0
2024-05-14,89.5484686052902,91.5993133075769,88.88384272491611,91.30448150634766,296507000.0
2024-05-15,92.41984207783547,94.80849340867992,91.54733338803841,94.57662200927734,417735000.0
2024-05-16,94.85647788998737,95.7649618311796,94.04992617640089,94.3057861328125,323952000.0
2024-05-17,94.31578286476113,94.68656820618962,91.75422475858959,92.42684173583984,359691000.0
2024-05-20,93.69712933361367,95.14630855060346,93.38730659931326,94.72654724121094,318764000.0
2024-05-21,93.54620449229954,95.3461911389766,93.12744211033531,95.33219909667969,328946000.0
2024-05-22,95.4051618418388,95.96584245517248,93.19640917175742,94.89644622802734,548648000.0
2024-05-23,101.9704583406549,106.26003756449907,101.46274160839002,103.74046325683594,835065000.0
2024-05-24,104.39008586204577,106.41494412748668,102.94190563238328,106.40895080566406,429494000.0
2024-05-28,110.18182631936331,114.87417806167193,109.82102986026253,113.83676147460938,652728000.0
2024-05-29,112.98624580119811,115.42686229387073,110.83845570707368,114.76023864746094,557442000.0
2024-05-30,114.58533630630252,115.75367568258609,109.60114957621623,110.43767547607422,484553000.0
2024-05-31,112.45653205108225,112.65342715935483,106.87968513049076,109.5711669921875,613263000.0
2024-06-03,113.55692243893306,114.93514251708984,111.93983111247248,114.93514251708984,438392000.0
2024-06-04,115.6507286685858,116.53422506807837,113.98066602426375,116.3713150024414,403324000.0
2024-06-05,118.30423600418825,122.37993114467406,117.40174545593459,122.37094116210938,528402000.0
2024-06-06,123.97803915924119,125.51617269807858,118.25327265969561,120.92976379394531,664696000.0
2024-06-07,119.70244332667052,121.62336396697008,117.95543577009146,120.81981658935547,412386000.0
2024-06-10,120.3021010809677,123.0305567964374,116.94399587339676,121.72129821777344,313434100.0
2024-06-11,121.71131653242202,122.81079255068147,118.68277788836801,120.85173797607422,222551200.0
2024-06-12,123.00068806264866,126.81884668595569,122.51092635625676,125.13965606689453,299595000.0
2024-06-13,129.32763594350715,129.7374419918796,127.09871503024357,129.5475311279297,260704500.0
2024-06-14,129.89737910282292,132.7759808624214,128.2581700274141,131.8164520263672,309320400.0
2024-06-17,132.92592665460285,133.66556033801308,129.5175660413327,130.91688537597656,288504400.0
2024-06-18,131.07678620278367,136.26428691629846,130.62700616579136,135.5146484375,294335100.0
2024-06-20,139.73263779444994,140.69216665961412,129.45759262565218,130.71697998046875,517768400.0
2024-06-21,127.05873301556977,130.56704338903992,124.24009251378381,126.50899505615234,649445800.0
2024-06-24,123.1806025577778,124.40001580098117,117.98311173916277,118.0530776977539,476060900.0
2024-06-25,121.14159285282038,126.43904192857353,119.2625015362155,126.02923583984375,414192600.0
2024-06-26,126.06921428451571,128.0582531537486,122.54091663746888,126.3390884399414,362975900.0
2024-06-27,124.04019204451785,126.34908399185862,122.8607604065947,123.93024444580078,252571700.0
2024-06-28,124.5199608102888,127.6484495693471,122.69084094404647,123.48046112060547,315516700.0
2024-07-01,123.41051038858464,124.7798454089979,118.77274666283829,124.2401123046875,284885500.0
2024-07-02,121.07161927076024,123.35052684202405,120.9716689903923,122.61087799072266,218374000.0
2024-07-03,121.60136576540062,128.21817016601562,121.30150730962696,128.21817016601562,215749000.0
2024-07-05,127.3186041478144,128.78790450042015,125.61942654400949,125.76935577392578,214176700.0
2024-07-08,127.42854201917729,130.70696731901708,126.9787619894619,128.13819885253906,237677300.0
2024-07-09,130.28719371816868,133.7555228326683,128.58800070420872,131.3166961669922,285366600.0
2024-07-10,133.965420342518,135.03491211498738,132.35619546389498,134.84500122070312,248978600.0
2024-07-11,135.68459054854569,136.08439171293904,126.98878558577707,127.33861541748047,374782700.0
2024-07-12,128.1981955828636,131.85643576222122,127.15870339191848,129.177734375,252680500.0
2024-07-15,130.49708637675548,131.32668826604316,127.11871779694197,128.37811279296875,208326200.0
2024-07-16,128.3781021800115,128.97780386568002,124.51996185494663,126.29910278320312,214769500.0
2024-07-17,121.29151734126509,121.7912763806817,116.66375138152577,117.93313598632812,390086200.0
2024-07-18,121.79127496540796,122.34101295266511,116.50382347473696,121.0316390991211,320979500.0
2024-07-19,120.29200089882109,121.54139851435873,117.31344125378135,117.8731689453125,217223800.0
2024-07-22,120.29200352530061,124.01021213043963,119.8022417845173,123.48046875,258068900.0
2024-07-23,122.720840459146,124.62992383611729,122.04116779427122,122.53092956542969,173911000.0
2024-07-24,119.1125656978158,119.89218856658098,113.38533146913761,114.19493865966797,327776900.0
2024-07-25,112.98552700492492,116.57379332567128,106.24877714220031,112.22589111328125,460067000.0
2024-07-26,116.13400480341201,116.14399449340688,111.52622597755057,113.00550842285156,293399100.0
2024-07-29,113.63520299096253,116.22395093081532,111.24635559929368,111.53620910644531,248152100.0
2024-07-30,111.46624662712419,111.93602131829121,102.49057904635741,103.68000793457031,486833300.0
2024-07-31,112.84558326649312,118.28295597890576,110.82655264429766,116.96359252929688,473174200.0
2024-08-01,117.47335365334001,120.10209097077005,106.75851907796755,109.15736389160156,523462300.0
2024-08-02,103.70998217587321,108.66759017560734,101.32113494189423,107.2182846069336,482027500.0
2024-08-05,92.01562533705626,103.36016082359782,90.64629054713856,100.40158081054688,552842400.0
2024-08-06,103.78996956029714,107.65810786375978,100.50156128734051,104.19977569580078,409012100.0
2024-08-07,107.75803985921162,108.74756823143176,98.64244001125142,98.86233520507812,411440400.0
2024-08-08,101.95084088326249,105.44915405082541,97.47299667346623,104.9194107055664,391910000.0
2024-08-09,105.58909444979487,106.54863093775165,103.3801603016259,104.69952392578125,290844200.0
2024-08-12,106.26877223508454,111.01648357411331,106.20880358471621,108.96746826171875,325559900.0
2024-08-13,112.38580888904526,116.1739831093698,111.52622277964618,116.08402252197266,312646700.0
2024-08-14,118.4728819117515,118.54284787534027,114.0150319977807,118.02310180664062,339246400.0
2024-08-15,118.70276637796893,123.18060299513529,117.41338717159643,122.80078887939453,318086700.0
2024-08-16,121.88123896431732,124.93976189528415,121.12160307679298,124.51996612548828,302589900.0
2024-08-19,124.22008831845955,129.9373321533203,123.36050228031101,129.9373321533203,318333600.0
2024-08-20,128.33813000806336,129.81742791620712,125.82934483165957,127.18869018554688,300087400.0
2024-08-21,127.25863301570179,129.28766098618868,126.59895509298427,128.4380645751953,257883600.0
2024-08-22,129.95734653679833,130.68699047324503,123.04067554756361,123.68036651611328,376189100.0
2024-08-23,125.79932992863567,129.53753255606168,125.15963905002394,129.30763244628906,323230300.0
2024-08-26,129.50755712849073,131.196729770517,124.31005885081005,126.3990478515625,331964700.0
2024-08-27,124.98974063480068,129.1377346219971,123.82029866993177,128.23817443847656,303134600.0
2024-08-28,128.05825393148814,128.26815944285755,122.580899020736,125.54946899414062,448101100.0
2024-08-29,121.30151255769351,124.37003270157089,116.65375204642187,117.5333251953125,453023300.0
2024-08-30,119.47238840117339,121.69131963851615,117.16350420185492,119.31246948242188,333751600.0
2024-09-03,115.95408600386334,116.15398655476369,107.23828777198462,107.94794464111328,477155100.0
2024-09-04,105.3592035946603,113.21540862229497,104.06982436712501,106.1588134765625,372470300.0
2024-09-05,104.93940145906154,109.5971593888533,104.70951657024186,107.15833282470703,306850700.0
2024-09-06,107.98793734308131,108.09788494505915,100.90134998938433,102.78044891357422,413638100.0
2024-09-09,104.82945579489092,106.4986568208146,103.64003443897201,106.41869354248047,273912000.0
2024-09-10,107.75803619556127,109.34727382600163,104.89941402443941,108.04789733886719,268283700.0
2024-09-11,109.33728046789619,117.13352442144715,107.36822866067497,116.8536605834961,441422400.0
2024-09-12,116.79368208487448,120.7421209186122,115.33426173002456,119.0927734375,366052700.0
2024-09-13,119.03279906427295,119.91244749081417,117.55338237388469,119.05278778076172,238358300.0
2024-09-16,116.74369415431079,118.13314241484437,114.31465733439065,116.73369598388672,248772300.0
2024-09-17,118.12315326201993,118.75290839853001,114.78448096424103,115.54417419433594,231925900.0
2024-09-18,115.84405559100924,117.65333558843457,113.17511592459984,113.32505798339844,310318900.0
2024-09-19,117.30347459042382,119.6125639674696,117.2035157611041,117.82327270507812,293506400.0
2024-09-20,117.01359501507952,118.57298181753792,115.3442588328446,115.95401763916016,382462400.0
2024-09-23,116.50380656220895,116.94362697511984,114.81447398076047,116.21392059326172,206228500.0
2024-09-24,116.47380837806097,121.75172180406905,115.33426088161053,120.82209014892578,354966800.0
2024-09-25,121.97162190060216,124.89047006468225,121.5617884105282,123.4610366821289,284692900.0
2024-09-26,126.7497296956914,127.61937987933592,121.75171208350119,123.9908218383789,302582900.0
2024-09-27,123.92085618310571,123.98082995705606,119.21272426875333,121.35187530517578,271009200.0
2024-09-30,118.26309688166123,121.45183473616015,118.1031642748816,121.39186096191406,226553700.0
2024-10-01,121.72171083436712,122.39145095337135,115.74408637181682,116.95360565185547,302094500.0
2024-10-02,116.39385371455397,119.33268331688961,115.09436589368318,118.80289459228516,221845900.0
2024-10-03,120.87206480654892,124.31070361178112,120.29229289145833,122.80130004882812,277118000.0
2024-10-04,124.890479741768,124.99043857930913,121.78171184810518,124.8704833984375,243678100.0
2024-10-07,124.94045138468705,130.58821322989388,124.9004663256647,127.66937255859375,346250200.0
2024-10-08,130.20834865989482,133.42707320550807,129.36868536610157,132.83731079101562,285722500.0
2024-10-09,134.0568400839603,134.46668122269037,131.32792651292905,132.597412109375,246191600.0
2024-10-10,131.8577168886846,134.94648840712318,130.94807393580103,134.75656127929688,242311300.0
2024-10-11,133.9568713960576,135.72617401836632,133.60701929174726,134.74656677246094,170209500.0
2024-10-14,136.4159022137037,139.54466630986312,136.24597143489578,138.01527404785156,232347700.0
2024-10-15,137.8153397242487,138.5150744275185,128.68896947491228,131.54783630371094,377831000.0
2024-10-16,133.92686795182897,136.56582048896271,131.52782573724866,135.6661834716797,264879700.0
2024-10-17,139.28476556198524,140.83415423256426,136.81574338597488,136.87571716308594,306435900.0
2024-10-18,138.61502982502418,138.8449343829922,137.22558142668973,137.94529724121094,176090200.0
2024-10-21,138.07524085271365,143.6530303955078,137.94528751258602,143.6530303955078,264554500.0
2024-10-22,142.85337309657714,144.36276924192205,141.72381599778205,143.53309631347656,226311600.0
2024-10-23,141.97369118156848,142.37352650102258,137.40551088320953,139.50466918945312,285930000.0
2024-10-24,140.76418072009866,141.293969386979,138.40511570705533,140.35433959960938,172354900.0
2024-10-25,140.8741279131319,144.0728716327459,140.74418981710016,141.48388671875,205122100.0
2024-10-28,142.9433224828564,143.08326638426843,139.99449475491215,140.4643096923828,173586700.0
2024-10-29,140.23437413304583,142.20359433012132,138.8449258203989,141.19400024414062,157593600.0
2024-10-30,139.48467718743143,140.27437255912164,136.75576367804047,139.28475952148438,179418100.0
2024-10-31,137.54547571977304,137.55546626582213,132.05764589588958,132.70738220214844,270039600.0
2024-11-01,134.64660922766117,137.25557537634637,134.5166711244238,135.34632873535156,207127800.0
2024-11-04,137.15560698724303,138.90491316378314,135.5162578090522,135.99606323242188,187528200.0
2024-11-05,137.3955214816271,140.31436236962443,137.27557392202525,139.85455322265625,160537400.0
2024-11-06,142.90333324876622,146.4319326348536,141.90372967757455,145.55227661132812,242043900.0
2024-11-07,146.33198051831096,148.8709671267726,146.1120664908763,148.8209991455078,207323300.0
2024-11-08,148.7110349444156,149.71063856526422,146.20202009433146,147.5714874267578,175665800.0
2024-11-11,148.62105018654825,148.7909962143961,143.51309063046196,145.20240783691406,182325600.0
2024-11-12,146.72180532829077,149.5906625866308,145.95210633724608,148.231201171875,198634700.0
2024-11-13,149.01091396688446,149.27080540839845,145.84215717514013,146.21202087402344,191903300.0
2024-11-14,147.5814687564354,148.94093020600926,145.49230097997514,146.70181274414062,194463300.0
2024-11-15,144.81254410002094,145.18240774117885,140.0244503789864,141.92369079589844,250132900.0
2024-11-18,139.44468522690033,141.49387540802257,137.09561095173166,140.09442138671875,221205300.0
2024-11-19,141.26398946372595,147.07168399645053,140.9341184421503,146.95172119140625,227834900.0
2024-11-20,147.3515703217148,147.5015047606034,142.67341754276418,145.83216857910156,309871700.0
2024-11-21,149.290807835149,152.8293979645091,140.64422730754492,146.6118621826172,400946600.0
2024-11-22,145.8721561256333,147.1016796207282,141.0440838257902,141.89373779296875,236406200.0
2024-11-25,141.93371415065735,141.99368792347047,135.7661620516237,135.96607971191406,344941900.0
2024-11-26,137.64541224160723,139.2447840977321,135.61621816013385,136.86572265625,190287700.0
2024-11-27,134.95646019838466,137.1655905980091,131.74774157257602,135.2863311767578,226370900.0
2024-11-29,136.7257870913165,139.29477581313424,135.99608069190262,138.19520568847656,141863200.0
2024-12-02,138.77496038075373,140.39431322408433,137.76536630294407,138.57504272460938,171682800.0
2024-12-03,138.2051993772479,140.48429454860658,137.8953246767264,140.20440673828125,164414000.0
2024-12-04,141.94371889092554,145.73221002899123,140.23438993110327,145.0824737548828,231224300.0
2024-12-05,145.06246836220566,146.49199262942497,143.90284467102651,145.01248168945312,172621200.0
2024-12-06,144.5526526293818,145.65228325014007,141.26372149336697,142.3933563232422,188505600.0
2024-12-09,138.92447761551347,139.90415231737651,137.08508402113657,138.7645263671875,189308600.0
2024-12-10,138.96445323342698,141.77354545828368,133.74616214517607,135.0257568359375,210020900.0
2024-12-11,137.31501545162718,140.1240927409604,135.16572567436427,139.26437377929688,184905200.0
2024-12-12,137.03510407678786,138.39465924672223,135.75552453494274,137.29501342773438,159211400.0
2024-12-13,138.89449032268433,139.55427778956917,132.4965775973186,134.20602416992188,231514900.0
2024-12-16,134.13603509853905,134.35596424649526,130.37727237183418,131.95675659179688,237951100.0
2024-12-17,129.04771280436398,131.54689392732612,126.81844751374322,130.3472900390625,259410300.0
2024-12-18,133.8161583001621,136.6552244722092,128.23798405143236,128.86778259277344,277444500.0
2024-12-19,131.7168091066324,133.9860693668965,129.50754199406654,130.6371612548828,209719200.0
2024-12-20,129.76747112979962,135.2356803497186,128.1779956829599,134.65586853027344,306528600.0
2024-12-23,136.23536324975828,139.74420813475027,135.07573952144836,139.62425231933594,176053500.0
2024-12-24,139.9541431061549,141.85351466107915,138.60457919611483,140.174072265625,105157000.0
2024-12-26,139.65425012018665,140.8038826879709,137.68489400548984,139.88417053222656,116205600.0
2024-12-27,138.50462254046806,138.97446981750295,134.66588395063462,136.96511840820312,170582600.0
2024-12-30,134.78581438230358,140.22403398735426,133.97608228188028,137.4449462890625,167734700.0
2024-12-31,137.98479821279548,138.02479365615312,133.7861766339878,134.2460174560547,155659200.0
2025-01-02,135.9554382894446,138.83449951090427,134.58589206435911,138.26467895507812,198247200.0
2025-01-03,139.96413776465596,144.85253555834646,139.68423069189672,144.4226837158203,229322500.0
2025-01-06,148.5413213081193,152.11015917129038,147.77158452702758,149.38104248046875,265377400.0
2025-01-07,152.97986196669754,153.07983530547875,139.9641234037018,140.09408569335938,351782200.0
2025-01-08,142.5332942493383,143.90284057175748,137.51493447299714,140.06410217285156,227349900.0
2025-01-10,137.40498271998055,139.87417502688794,134.17604480086774,135.86549377441406,207602500.0
2025-01-13,129.94742663109315,133.4462801889749,129.4675728747113,133.1863555908203,204808900.0
2025-01-14,136.00543044799826,136.33532416409136,130.00739616366573,131.71682739257812,195590500.0
2025-01-15,133.60622538989423,136.4053114797544,131.24699764678536,136.1953887939453,185217300.0
2025-01-16,138.59457607585483,138.70454064615834,133.44626949753135,133.5262451171875,209235600.0
2025-01-17,136.6452315490251,138.45463626831489,135.41563868932835,137.66490173339844,201188800.0
2025-01-21,139.11440825447346,141.783531605571,137.04507916268696,140.7838592529297,197749000.0
2025-01-22,144.61263605764083,147.7416007949869,143.62295473278476,147.0218505859375,237651400.0
2025-01-23,145.0024960002277,147.18177468068177,143.67292977388993,147.17178344726562,155915500.0
2025-01-24,148.32138900097752,148.92119854206575,141.83352489203162,142.57327270507812,234657600.0
2025-01-27,124.75912547322825,128.3579371600633,116.66177248371496,118.38121032714844,818830900.0
2025-01-28,121.77008342453179,128.9577298793433,116.21190774010589,128.94773864746094,579666400.0
2025-01-29,126.458570906435,126.84844257022412,120.0106863497111,123.65948486328125,467120600.0
2025-01-30,123.0596737005113,124.95905282888948,118.06131158735572,124.60916900634766,392925500.0
2025-01-31,123.73945402173636,127.80812056780856,119.15096116009843,120.03067016601562,388161100.0
2025-02-03,114.71241004430098,118.53115837860842,112.97298217131676,116.62178802490234,371235700.0
2025-02-04,116.92168099297385,121.16028976109213,116.66176403787988,118.61112976074219,256550000.0
2025-02-05,121.72012173666313,124.95905839472358,120.72044926950534,124.78911590576172,262230800.0
2025-02-06,127.37826606210074,128.72783001681898,125.16899078801299,128.63784790039062,251483600.0
2025-02-07,129.17766285547097,130.32727996151158,124.95904429961287,129.79745483398438,228186300.0
2025-02-10,130.04738916543755,134.955784699492,129.91744211571256,133.52626037597656,216989100.0
2025-02-11,132.5365863252507,134.43595803743202,130.9770996135579,132.7565155029297,178902400.0
2025-02-12,129.97741762356085,132.19669170682792,129.03772306980744,131.0970458984375,160278600.0
2025-02-13,131.51689288233604,136.455276767875,131.12702127315083,135.24566650390625,197430000.0
2025-02-14,136.43528567888637,139.20438251414282,135.45561099221797,138.8045196533203,195479600.0
2025-02-18,141.22373753647113,143.3930250185803,137.8848198127303,139.35433959960938,219176600.0
2025-02-19,139.46430955469114,141.31370984182348,137.17506616632772,139.1844024658203,167536000.0
2025-02-20,139.9841417995603,140.6139403685729,136.74519734237094,140.06411743164062,143903600.0
2025-02-21,139.99411868487,141.41366694156105,133.98609294492073,134.38595581054688,228217600.0
2025-02-24,136.51527743543022,138.544611438826,130.03740375103862,130.23733520507812,251381100.0
2025-02-25,129.93741732851836,130.15734648197986,124.39923881429249,126.58851623535156,271428700.0
2025-02-26,129.9474287481865,133.68619399137987,128.44792005609298,131.23699951171875,322553800.0
2025-02-27,134.9557838016939,134.96577503505506,119.97069557287365,120.11064910888672,443175800.0
2025-02-28,117.98134023479652,125.04902421361967,116.36187573271177,124.87908172607422,389091100.0
2025-03-03,123.46954557652553,123.65947815441595,112.2432206852501,114.02263641357422,411381400.0
2025-03-04,110.61375634258967,119.27091565466138,110.07393231302608,115.9520034790039,398163300.0
2025-03-05,117.54148848655969,118.2412561507128,114.47249437052442,117.26158142089844,284337900.0
2025-03-06,113.49281250827367,115.31221606989396,110.18389912538346,110.53378295898438,321181900.0
2025-03-07,111.21356065439609,113.44283358559466,107.52476685365718,112.65309143066406,341755500.0
2025-03-10,109.86400325750407,111.81336147496829,105.42545516002185,106.94496154785156,366487400.0
2025-03-11,106.95494843650206,112.20322856084239,104.73567447790636,108.72437286376953,354865700.0
2025-03-12,114.09312447156262,116.7325020716217,112.85341103244578,115.71273803710938,323857500.0
2025-03-13,117.0024278677365,117.73225924433854,113.76319330991835,115.55277252197266,299033100.0
2025-03-14,118.5820578648422,121.85128414551467,118.12216714928688,121.6413345336914,277593500.0
2025-03-17,122.711081524258,122.86104771124882,118.00219206936818,119.50183868408203,255501500.0
2025-03-18,117.97220343827061,118.99195980676369,114.51301940530757,115.4028091430664,299686900.0
2025-03-19,117.24237608211885,120.42162740294437,115.6527542355049,117.49231719970703,273426200.0
2025-03-20,116.52253841801043,120.17167220516042,116.44255543913019,118.50206756591797,248829700.0
2025-03-21,116.91244866461768,117.9621966837067,115.39280254041711,117.6722640991211,266498500.0
2025-03-24,119.8517551027078,122.19120779583362,119.31188140429414,121.38140106201172,228452500.0
2025-03-25,120.5216012824151,121.26142480153007,118.89198043130345,120.66156768798828,167447200.0
2025-03-26,118.70203035263671,118.81199741904777,112.68344440410922,113.73320007324219,293463300.0
2025-03-27,111.32377219977147,114.42304053099558,110.6339399022949,111.40375518798828,236902100.0
2025-03-28,111.46373602695421,112.84341584506377,109.04430789656145,109.6441650390625,229872500.0
2025-03-31,105.10522740758995,110.9338556226425,103.6255803841977,108.35446166992188,299212700.0
2025-04-01,108.49443304563391,110.17403760023085,106.4449205320371,110.12405395507812,222614000.0
2025-04-02,107.26472214391917,111.95361956622256,106.76483994973236,110.39398193359375,220601200.0
2025-04-03,103.48561239808684,105.60510798745378,101.5760587841681,101.77601623535156,338769400.0
2025-04-04,98.88670323249266,100.10640942744341,92.08830207120735,94.28778076171875,532273800.0
2025-04-07,87.43938789235719,101.72602116602216,86.59958951154498,97.61698913574219,611041300.0
2025-04-08,103.78553826456235,105.82505852328022,94.43774279946976,96.27731323242188,476243400.0
2025-04-09,98.86669810018236,115.07287764897656,97.5070179445592,114.30306243896484,612918300.0
2025-04-10,109.34423379452805,110.83388059600858,99.12664053501021,107.5446548461914,437812400.0
2025-04-11,108.4744417347206,111.52372632761113,107.45468536211307,110.90386962890625,313417300.0
2025-04-14,114.08311462021162,114.2630725146749,109.04430120283689,110.68391418457031,264705000.0
2025-04-15,110.94385517244878,113.5932323217664,110.47396469045397,112.1735610961914,228966900.0
2025-04-16,104.52537649088836,106.76484672728219,100.4263361362673,104.46538543701172,397016900.0
2025-04-17,104.4253812132841,104.44538077133734,100.02642426353728,101.46607971191406,292517500.0
2025-04-21,98.74673137333838,99.41657935183265,95.01761424618036,96.88717651367188,288501100.0
2025-04-22,98.75672452641882,99.78648062043173,97.2570779520085,98.86669921875,241004800.0
2025-04-23,104.4953697335839,104.77531016741209,101.99595878138034,102.68579864501953,247526000.0
2025-04-24,103.45562063709751,106.51489717654988,103.08570507328525,106.40492248535156,220815000.0
2025-04-25,106.82483233532861,111.8936379045766,105.70510100806126,110.98385620117188,251064700.0
2025-04-28,109.66415673478784,110.343996814893,105.9950156815573,108.70438385009766,207708500.0
2025-04-29,107.64463563001284,110.17403844763395,107.41469407982767,108.99431610107422,170444300.0
2025-04-30,104.44538450923935,108.89433288574219,104.05547701680861,108.89433288574219,235044600.0
2025-05-01,113.05335693358144,114.91291927434723,111.27377757314032,111.58370208740234,236121500.0
2025-05-02,114.15310576985596,115.37281962529518,113.34329900218786,114.47303009033203,190194800.0
2025-05-05,112.88340831442672,114.64298826396649,112.63346720059009,113.7931900024414,133163200.0
2025-05-06,111.4537475013017,114.7129742117387,110.7938992837595,113.51325988769531,158525600.0
2025-05-07,113.02337494499027,117.65228163619798,112.25355204144066,117.03242492675781,206758800.0
2025-05-08,118.22214377270919,118.65204278244111,115.82270761670769,117.34235382080078,198428100.0
2025-05-09,117.32235248570746,118.20215005190205,115.18285724943865,116.62252044677734,132972200.0
2025-05-12,121.94126742822685,122.97102355957031,120.25166311897564,122.97102355957031,225023300.0
2025-05-13,124.95056035306071,131.18908818741485,124.44067836400953,129.89938354492188,330430100.0
2025-05-14,133.16861033831793,135.40808800730593,131.6489642323906,135.30810546875,281180800.0
2025-05-15,134.258351724734,136.2678878895653,132.6287461607251,134.79823303222656,226632600.0
2025-05-16,136.18791721457987,136.31789147723805,133.42857277146337,135.36810302734375,226542500.0
2025-05-19,132.35879696756518,135.83797251007488,132.35879696756518,135.53805541992188,193154600.0
2025-05-20,134.2583525069389,134.54829272140586,132.58874781513978,134.3483428955078,161514200.0
2025-05-21,133.02864907239967,137.36762292180558,130.55922977564506,131.76895141601562,270608700.0
2025-05-22,132.19884131725317,134.21836966107523,131.51900885300861,132.7987060546875,187344000.0
2025-05-23,129.96937433382988,132.64873565144939,129.12957588399638,131.25906372070312,198821300.0
2025-05-27,134.1183754403962,135.6280293045703,133.27857708527512,135.4680633544922,192953600.0
2025-05-28,135.9979578766118,137.2176717346689,134.75824445795843,134.7782440185547,304021100.0
2025-05-29,142.21648797143945,143.45620133736625,137.87751407348716,139.15721130371094,369241900.0
2025-05-30,138.6873257641086,139.58710766728817,132.88868890141003,135.09817504882812,333170900.0
2025-06-02,135.45808684638126,138.08745689917103,135.36809645457458,137.34764099121094,197663100.0
2025-06-03,138.74729436292043,141.9665367692297,137.91748812723765,141.1867218017578,225578800.0
2025-06-04,142.15650682982962,142.3564566649135,139.5071219355859,141.88656616210938,167120800.0
2025-06-05,142.13649493837005,143.96606551828813,138.79728569106723,139.95701599121094,231397900.0
2025-06-06,142.47640682683559,143.23623746842864,141.47664251332282,141.6865997314453,153986200.0
2025-06-09,143.15627066728982,144.96584183837217,141.9065651342004,142.59640502929688,185114500.0
2025-06-10,142.65638139553192,144.25599524562207,141.4966510569608,143.92608642578125,155881900.0
2025-06-11,144.5859620448177,144.96590375929992,141.84641202362192,142.80625915527344,167694000.0
2025-06-12,141.94641106631286,144.9759063720703,141.82643588786814,144.9759063720703,162365000.0
2025-06-13,142.4563055840922,143.556128789635,140.8265869783813,141.94639587402344,180820600.0
2025-06-16,143.32618096280035,146.1556971839991,143.1761967394354,144.66595458984375,183133700.0
2025-06-17,144.46598768948277,145.1958620737219,143.75609899624828,144.09603881835938,139108000.0
2025-06-18,143.9860537050978,145.62578045463974,143.0962022725339,145.455810546875,161494100.0
2025-06-20,145.42582047781178,146.17569581398777,142.6262828381709,143.8260955810547,242956200.0
2025-06-23,142.47632119978937,144.7559411184857,142.00639807778802,144.1460418701172,154308900.0
2025-06-24,145.53580457152245,147.9354148301798,145.4758169849003,147.8754119873047,187566100.0
2025-06-25,149.24520677628502,154.4243389252029,149.23519867353343,154.28436279296875,269146500.0
2025-06-26,155.95406403411533,156.69394650127538,153.97439748110884,154.99423217773438,198145700.0
2025-06-27,156.01404775885302,158.68361723049148,155.2341786737402,157.72377014160156,263234500.0
2025-06-30,158.37368067249696,158.6336472456001,155.93409881773164,157.96376037597656,194580300.0
2025-07-01,156.26402965591922,157.17388214393176,151.46483925954294,153.2745361328125,213143600.0
2025-07-02,152.9545671877056,157.57380961936815,152.94457434216997,157.22386169433594,171224100.0
2025-07-03,158.34368228178877,160.95324924613055,157.74379112425564,159.3135223388672,143716100.0
2025-07-07,158.17371270193448,159.28352889047815,157.31385497697042,158.21371459960938,140139000.0
2025-07-08,159.3035323273478,160.19338386133896,158.36368604860908,159.97341918945312,138133000.0
2025-07-09,161.1932080055649,164.39267314506114,161.13322041798892,162.85293579101562,183656400.0
2025-07-10,164.29270331195812,164.4726660794993,161.5831469026993,164.07273864746094,167704100.0
2025-07-11,163.6927958392512,167.862101078866,163.44283738179527,164.89259338378906,193633300.0
2025-07-14,165.3425116109199,165.4625020418882,161.99307751467913,164.04273986816406,136975800.0
2025-07-15,171.1615549258278,172.37134531045626,169.17188012202328,170.671630859375,230627400.0
2025-07-16,171.03157616389174,171.72146396229547,168.87193138356372,171.34152221679688,158831500.0
2025-07-17,171.99141956059896,174.13106334471073,170.80161486292053,172.97125244140625,160841100.0
2025-07-18,173.61115431570738,174.22105359276725,171.23154479926822,172.38136291503906,146456400.0
2025-07-21,172.72129949000853,173.35119970444802,170.97159023323564,171.35153198242188,123126100.0
2025-07-22,171.31154005146294,171.36153479867312,164.55266825003173,167.00225830078125,193114300.0
2025-07-23,169.5018251648929,171.23153339032083,167.94208685699226,170.75161743164062,154082200.0
2025-07-24,172.41134882841166,173.80111724784433,171.27153886755505,173.7111358642578,128984600.0
2025-07-25,173.58115848322245,174.69097468726906,172.9312725713388,173.47117614746094,122316800.0
2025-07-28,173.99108478739527,176.97058528484683,173.94109004538618,176.7206268310547,140023500.0
2025-07-29,177.93044011853775,179.35020236643535,174.99092613442062,175.4808349609375,154077500.0
2025-07-30,176.48066791766442,179.86011122312902,176.01074478620916,179.24021911621094,174312200.0
2025-07-31,182.86960179799485,183.26954448460754,175.9007587673991,177.84043884277344,221685400.0
2025-08-01,174.06106522140865,176.51065501732398,170.86160006411595,173.69113159179688,204529000.0
2025-08-04,175.1309006070304,180.17005649193501,174.49100755408614,179.9700927734375,148174600.0
2025-08-05,179.59015184800575,180.23004490386853,175.87076869322405,178.23037719726562,156407600.0
2025-08-06,176.30069964693718,179.87009845787975,176.22071111043454,179.3901824951172,137192300.0
2025-08-07,181.53984513179375,183.84945895635624,178.7703010091291,180.73997497558594,151878400.0
2025-08-08,181.51984435483087,183.2695536485861,180.37002623661053,182.66964721679688,123396700.0
2025-08-11,182.01974653412333,183.80944232526838,180.2200426409657,182.0297393798828,138323200.0
2025-08-12,182.9295986692803,184.44933506001817,179.4301803710301,183.1295623779297,145485700.0
2025-08-13,182.58965738273272,183.93943921657484,179.3202115957667,181.55982971191406,179871700.0
2025-08-14,179.72011917648817,182.98957985829236,179.43017409752198,181.98974609375,129554000.0
2025-08-15,181.84978375259033,181.86976944489334,178.01041021115256,180.42001342773438,156602200.0
2025-08-18,180.56998232776263,182.90958965389834,180.55997422620712,181.979736328125,132008000.0
2025-08-19,182.39967416584764,182.46966985536903,175.46084035755914,175.61080932617188,185229200.0
2025-08-20,175.1408920976954,175.9707560164781,168.77195541250927,175.370849609375,215142700.0
2025-08-21,174.8209444570093,176.87059152353538,173.78110877087863,174.95091247558594,140040900.0
2025-08-22,172.58132291943235,178.56032512128596,171.17155351749952,177.96043395996094,172789400.0
2025-08-25,178.3203719824875,181.87977802218637,176.54066896263805,179.78012084960938,163012800.0
2025-08-26,180.03006938032237,182.35968393651802,178.7802771456414,181.7397918701172,168688200.0
2025-08-27,181.94975068857377,182.45967569067753,179.07023971825097,181.56982421875,235518900.0
2025-08-28,180.7899615720414,184.43934897141472,176.3806906932069,180.1400604248047,281787800.0
2025-08-29,178.08040158317536,178.12038822306508,173.12121914292007,174.1510467529297,243257900.0
2025-09-02,169.9717482776903,172.351357635579,167.19221149694363,170.75161743164062,231164900.0
2025-09-03,171.03158891427162,172.38137081666613,168.851958278929,170.59165954589844,164424900.0
2025-09-04,170.54166973363456,171.83144870716828,169.381858788342,171.63148498535156,141670100.0
2025-09-05,168.00209055003162,169.0019244592772,164.04275681292185,166.9922637939453,224441400.0
2025-09-08,167.5221599855096,170.93159698121408,167.32219627229085,168.2820281982422,163769100.0
2025-09-09,169.0618925540675,170.95157781434446,166.71229229208453,170.7316131591797,157548400.0
2025-09-10,176.61064931709572,179.26020289704138,175.44084555219968,177.300537109375,226852000.0
2025-09-11,179.66027757334626,180.26021784214308,176.4606317396978,177.1505584716797,151159300.0
2025-09-12,177.75047851465564,178.5803891806412,176.43061617633268,177.80047607421875,124911000.0
2025-09-15,175.65071055071581,178.830369337568,174.49083425075145,177.73048400878906,147061600.0
2025-09-16,176.98057174387853,177.4805168617991,174.36086420825131,174.86080932617188,140737800.0
2025-09-17,172.62104942275718,173.18098551277336,168.39151800406466,170.27130126953125,211843800.0
2025-09-18,173.96089569350613,177.08056354559588,172.94101865721873,176.2206573486328,191763300.0
2025-09-19,175.7506939671915,178.06043774665943,175.16074718989944,176.6505889892578,237182100.0
2025-09-22,175.28075846993005,184.52974299714734,174.69082690233378,183.58984375,269637000.0
2025-09-23,181.95002022927713,182.3999677661597,176.19065819152993,178.410400390625,192559600.0
2025-09-24,179.75025700209653,179.76025041106172,175.38072666046574,176.9505615234375,143564100.0
2025-09-25,174.4608472798892,180.2402117285651,173.11100459099512,177.67050170898438,191586700.0
2025-09-26,178.15043859744398,179.750269051669,174.91078879333958,178.17044067382812,148573700.0
2025-09-29,180.41019002973698,183.97980553666213,180.30021674934378,181.83004760742188,193063500.0
2025-09-30,182.06000352373024,187.32942897828707,181.4600633204032,186.55950927734375,236981000.0
2025-10-01,185.21967144700423,188.11934700723293,183.87980694521147,187.21945190429688,173844900.0
2025-10-02,189.57919146332628,191.0290292282152,188.03935198339767,188.8692626953125,136805800.0
2025-10-03,189.1692307003317,190.33910041164867,185.35965145286306,187.59939575195312,137596900.0
2025-10-06,185.4796339074747,187.20943969833962,183.3098739831843,185.51962280273438,157678100.0
2025-10-07,186.20955566811082,189.03924688644503,183.97980469837793,185.01968383789062,140088000.0
2025-10-08,186.5495190429729,189.57918508139647,186.51950830089396,189.0892333984375,130168900.0
2025-10-09,192.20888438710807,195.27855455286462,191.039014711271,192.54885864257812,182997200.0
2025-10-10,193.4887469873255,195.59851591827854,182.03001384654092,183.139892578125,268774400.0
2025-10-13,187.9493639887039,190.08912842775598,185.93959015922437,188.29933166503906,153482800.0
2025-10-14,184.74970821605342,184.77970370013514,179.6802578066599,180.01022338867188,205641400.0
2025-10-15,184.77971248532194,184.84969686580231,177.2705272995106,179.8102569580078,214450500.0
2025-10-16,182.20999112544493,183.2598789113643,179.75026972003684,181.7900390625,179723300.0
2025-10-17,180.1602152773484,184.07979842608083,179.7302697995737,183.19989013671875,173135200.0
2025-10-20,183.10990104163824,185.1796658652692,181.7100455780644,182.6199493408203,128544700.0
2025-10-21,182.76991679751694,182.76991679751694,179.7802549646251,181.14010620117188,124240200.0
2025-10-22,181.12011433169937,183.4198648953589,176.74059027394597,180.2602081298828,162249600.0
2025-10-23,180.4001849787377,183.0098989665471,179.7702492811968,182.13999938964844,111363700.0
2025-10-24,183.81980015643103,187.44940625639555,183.47984116964938,186.23953247070312,131296700.0
2025-10-27,189.9691435897376,191.97891738858848,188.4093020699799,191.46897888183594,153452700.0
2025-10-28,193.0288146936141,203.12769700573313,191.8889404255143,201.0079345703125,297986200.0
2025-10-29,207.95717223581016,212.1667169482571,204.7575264516481,207.01727294921875,308829600.0
2025-10-30,205.12746791137428,206.13736677538768,201.38788833732997,202.8677215576172,178864400.0
2025-10-31,206.42733011185774,207.94716749796044,202.04782138155986,202.4677734375,179802200.0
2025-11-03,208.05714970598171,211.31678618801203,205.53742218982754,206.85728454589844,180267300.0
2025-11-04,202.9777066091775,203.9476013046771,197.90825607143535,198.66818237304688,188919300.0
2025-11-05,198.7481902403631,202.89772869539195,194.6286320152979,195.18858337402344,171350300.0
2025-11-06,196.39843756369172,197.59830279082226,186.35954634625867,188.05935668945312,223029800.0
2025-11-07,184.87970536775757,188.29934352754728,178.8903723972709,188.1293487548828,264942300.0
2025-11-10,195.08858253564551,199.91805415635875,193.76872011438098,199.0281524658203,198897100.0
2025-11-11,195.13857433756354,195.3985402959953,191.2789975702345,193.1387939453125,176483300.0
2025-11-12,195.69851973704638,195.86849924763862,191.1090271797132,193.7787322998047,154935300.0
2025-11-13,191.02901978717685,191.4189763426968,183.82981362374773,186.8394775390625,207423100.0
2025-11-14,182.8399289693184,190.98902828114038,180.56018045425046,190.1491241455078,186591900.0
2025-11-17,185.9495778546046,188.9792438771453,184.29976516169708,186.5795135498047,173628900.0
2025-11-18,183.3598703733926,184.7797126313021,179.6302689297591,181.340087890625,213598900.0
2025-11-19,184.76970592228736,187.8393762025218,182.8099296469334,186.49952697753906,247246400.0
2025-11-20,195.92847930218133,195.97847686300787,179.83025642841662,180.6201629638672,343504800.0
2025-11-21,181.22010834266524,184.5397359279593,172.91100782704066,178.86036682128906,346926200.0
2025-11-24,179.47030653663683,183.4798609481747,176.4606271183833,182.52996826171875,256618300.0
2025-11-25,174.89079203873564,178.14043506786686,169.53138015579162,177.80047607421875,320600300.0
2025-11-26,181.6100638206842,182.8899220695924,178.22043661727494,180.24020385742188,183852000.0
2025-11-28,178.99033405428943,179.2703020816569,176.48061521713345,176.98056030273438,121332800.0
2025-12-01,174.7408159055669,180.2802164760195,173.66093259662904,179.90025329589844,188131000.0
2025-12-02,181.7400335835938,185.63961443898967,179.98023235974816,181.44007873535156,182632200.0
2025-12-03,181.06012391136443,182.4299686383783,179.09033894604931,179.57028198242188,165138000.0
2025-12-04,181.61017209543593,184.51002440204854,179.95027347354184,183.37008666992188,167364900.0
2025-12-05,183.88004685245298,184.6500094505641,180.9002124089338,182.40013122558594,143971100.0
2025-12-08,182.6301165694494,187.98982714518382,182.39012406320575,185.5399627685547,204378100.0
2025-12-09,185.54995586495326,185.70995086836587,183.31008684903045,184.95999145507812,144719700.0
2025-12-10,184.9599880707457,185.46995496958337,182.03013874897007,183.77005004882812,162785400.0
2025-12-11,180.27023782951787,181.31019006496976,176.61043233199788,180.92019653320312,182136600.0
2025-12-12,181.10019518559332,182.81010931847595,174.61054106596097,175.01052856445312,204274900.0
2025-12-15,177.93037643785232,178.4103461991077,175.02053019793698,176.28045654296875,164775600.0
2025-12-16,176.25046044282257,178.48035080582065,174.8905333961456,177.71038818359375,148588100.0
2025-12-17,176.0904801521757,176.12047730871902,170.30078481189744,170.93075561523438,222775500.0
2025-12-18,174.52054772862792,176.14045512074784,171.8107030234881,174.1305694580078,176096000.0
2025-12-19,176.6604358481607,181.4401759084778,176.3304518785618,180.98020935058594,324925900.0
2025-12-22,183.91003698180788,184.15002947616998,182.34012994783166,183.6800537109375,129064400.0
2025-12-23,182.96010023623109,189.31975669034466,182.89009670029142,189.19976806640625,174873600.0
2025-12-24,187.92983057380172,188.899779295176,186.57989753660073,188.59979248046875,65528500.0
2025-12-26,189.9097162518428,192.67957056140054,187.98982202804387,190.51968383789062,139740300.0
2025-12-29,187.6998414610299,188.749772392931,185.8999358866866,188.20980834960938,120006100.0
2025-12-30,188.22982052336855,188.9797799436452,186.91987858592935,187.52984619140625,97687300.0
2025-12-31,189.55975523635485,190.54969193131708,186.47991997410415,186.4899139404297,120100500.0
2026-01-02,189.82971935613102,192.91954841717475,188.24980305842183,188.83978271484375,148240500.0
2026-01-05,191.74961996436147,193.61952916959007,186.13992286460274,188.1098175048828,183529700.0
2026-01-06,190.50969495089785,192.15959956375178,186.80989821500853,187.22987365722656,176862600.0
2026-01-07,188.55979791265688,191.35963411085106,186.54989697142676,189.09976196289062,153543200.0
2026-01-08,189.09977067708235,189.53974931649188,183.70006889406122,185.0299835205078,172457000.0
2026-01-09,185.06998015284367,186.32990643372668,183.66005283935564,184.84999084472656,131327500.0
2026-01-12,183.2100845491025,187.10986736077922,183.010098425574,184.92999267578125,137968500.0
2026-01-13,184.9899882929175,188.0998205983224,183.3900687774691,185.79994201660156,160128900.0
2026-01-14,184.3100252062831,184.45001701406107,180.79021156477043,183.1300811767578,159586100.0
2026-01-15,186.48991316970114,189.6897370464893,186.31992419508657,187.03988647460938,206188600.0
2026-01-16,189.06976141755646,190.4296883714215,186.06992389502736,186.21990966796875,187967200.0
2026-01-20,181.89014292514364,182.37012791600927,177.60038196777572,178.06036376953125,223345300.0
2026-01-21,179.04031586008543,185.3699752173061,178.3903418724365,183.31008911132812,200381000.0
2026-01-22,184.7399951080077,186.15991637882954,183.92003219020145,184.82998657226562,139636600.0
2026-01-23,187.48984685190618,189.58973923983262,186.80989099781206,187.6598358154297,142748100.0
2026-01-26,187.1498802806874,189.1097657209082,185.97994539629804,186.4599151611328,124799600.0
2026-01-27,187.22986667366473,189.9897117301412,185.6899415183402,188.50979614257812,143711600.0
2026-01-28,191.25965707901594,192.33960048487265,189.82972650403363,191.5096435546875,148552700.0
2026-01-29,191.32963792417547,193.46952146246272,186.04992498376654,192.49957275390625,171764400.0
2026-01-30,191.19965692455457,194.47947816452233,189.45974561417185,191.11965942382812,179489500.0
2026-02-02,187.1898706566695,190.2897090701948,184.87000408758857,185.59996032714844,165794100.0
2026-02-03,186.22992037566058,186.25991753048794,176.22045266395375,180.33023071289062,204019600.0
2026-02-04,179.45029148582987,179.57028010697434,171.90069716024271,174.18057250976562,207014100.0
2026-02-05,174.92051964769362,176.81043194569037,171.020736948564,171.87069702148438,206312900.0
2026-02-06,176.6804343618602,186.98987361565233,174.59055120100808,185.39996337890625,231346200.0
2026-02-09,184.25002288009932,193.64952333361757,183.9400420976916,190.0297088623047,196387400.0
2026-02-10,191.36964298604585,192.46957427391544,188.10980972728564,188.52978515625,136764800.0
2026-02-11,192.43958265041238,193.24953637655122,188.75978911487715,190.0397186279297,144192700.0
2026-02-12,193.01955263160718,193.5995230748733,186.49990120030046,186.9298858642578,189932500.0
2026-02-13,187.4698554447334,187.4898586352177,181.58017462912434,182.80010986328125,161888000.0
2026-02-17,181.74016448672575,187.13986615921206,179.17029624003743,184.95999145507812,162276900.0
2026-02-18,188.73978069812654,190.3596881055438,186.7498829478333,187.96981811523438,164749100.0
2026-02-19,187.04988063530703,188.41980165789556,185.64996245587088,187.88983154296875,126554500.0
2026-02-20,186.5599139825128,190.31970507557438,185.92994318264132,189.8097381591797,178422300.0
2026-02-23,191.3896412925324,193.93950641757905,189.56974766836524,191.53964233398438,171584800.0
2026-02-24,191.47964208446245,193.75951747058733,187.38985183856119,192.83956909179688,175123600.0
2026-02-25,194.43946745531196,197.61930319203404,193.77949953248776,195.54940795898438,250637100.0
2026-02-26,194.25948668244985,194.27947461393586,184.31002841741252,184.87998962402344,360807900.0
2026-02-27,181.2401979138715,182.5801217841234,176.3704661683341,177.180419921875,311636500.0
2026-03-02,175.00052620838028,183.45008125730604,174.63055110847353,182.47012329101562,209095300.0
2026-03-03,178.4803396065267,180.8901975001603,176.91041730394699,180.04025268554688,178099400.0
2026-03-04,180.4302401537762,184.69000418349444,180.0502558302461,183.03009033203125,177731200.0
2026-03-05,181.1601973472636,184.05004039552568,177.87038204113773,183.330078125,198779700.0
2026-03-06,179.83025866705609,182.7500987288974,176.81043317462274,177.8103790283203,189021900.0
2026-03-09,176.82042919903367,182.90010189125664,175.55049367782217,182.64010620117188,177213600.0
2026-03-10,182.39012758732315,186.42991760168223,182.00014929336922,184.760009765625,179118500.0
2026-03-11,185.91000366210938,187.6199951171875,184.4499969482422,186.02999877929688,145280400.0
2026-03-12,184.0500030517578,184.94000244140625,181.75,183.13999938964844,155762700.0
2026-03-13,184.9199981689453,186.08999633789062,179.94000244140625,180.25,160988400.0
2026-03-16,182.97000122070312,188.8800048828125,181.41000366210938,183.22000122070312,217307400.0
2026-03-17,185.05999755859375,185.39999389648438,181.67999267578125,181.92999267578125,182497800.0
2026-03-18,182.47999572753906,183.3800048828125,180.3300018310547,180.39999389648438,156683100.0
2026-03-19,178.00999450683594,179.97999572753906,175.7899932861328,178.55999755859375,170968500.0
2026-03-20,178.0,178.25999450683594,171.72000122070312,172.6999969482422,241323500.0
2026-03-23,177.25999450683594,178.3699951171875,174.75999450683594,175.63999938964844,182836300.0
2026-03-24,174.8300018310547,176.22000122070312,173.97999572753906,175.1999969482422,147667800.0
2026-03-25,177.10000610351562,181.22000122070312,176.85000610351562,178.67999267578125,162602100.0
2026-03-26,176.07000732421875,176.50999450683594,171.13999938964844,171.24000549316406,186152200.0
2026-03-27,170.0,170.97000122070312,167.00999450683594,167.52000427246094,196212700.0
2026-03-30,168.77999877929688,169.4499969482422,164.27000427246094,165.1699981689453,185627000.0
2026-03-31,166.97000122070312,174.6199951171875,166.9600067138672,174.39999389648438,226181300.0
2026-04-01,176.0,177.3699951171875,174.75,175.75,168132000.0
2026-04-02,172.17999267578125,177.49000549316406,171.3699951171875,177.38999938964844,143143200.0
2026-04-06,177.16000366210938,177.7899932861328,175.75999450683594,177.63999938964844,107564300.0
2026-04-07,175.72999572753906,178.22999572753906,173.66000366210938,178.10000610351562,132534900.0
2026-04-08,184.5,185.25999450683594,180.3000030517578,182.0800018310547,147732700.0
2026-04-09,181.83999633789062,184.0800018310547,180.6199951171875,183.91000366210938,116428500.0
2026-04-10,184.30999755859375,190.0,184.3000030517578,188.6300048828125,160459500.0
2026-04-13,186.02999877929688,189.66000366210938,185.74000549316406,189.30999755859375,133648200.0
2026-04-14,190.83999633789062,196.50999450683594,190.77000427246094,196.50999450683594,161307000.0
2026-04-15,196.5399932861328,200.39999389648438,195.74000549316406,198.8699951171875,185338400.0
2026-04-16,197.42999267578125,199.85000610351562,195.80999755859375,198.35000610351562,134012900.0
2026-04-17,199.89999389648438,201.6999969482422,199.27000427246094,201.67999267578125,160324400.0
2026-04-20,199.97999572753906,202.1699981689453,197.83999633789062,202.05999755859375,119381400.0
2026-04-21,202.1300048828125,202.75,199.0,199.8800048828125,107945300.0
2026-04-22,200.99000549316406,202.5,199.0,202.5,107501000.0
2026-04-23,202.4600067138672,203.8300018310547,197.22000122070312,199.63999938964844,113561800.0
2026-04-24,199.9600067138672,210.9499969482422,199.80999755859375,208.27000427246094,214134400.0
2026-04-27,209.64999389648438,216.8300018310547,207.3800048828125,216.61000061035156,187172400.0
2026-04-28,209.49000549316406,214.72999572753906,208.1999969482422,213.1699981689453,180275400.0
2026-04-29,212.6999969482422,212.72000122070312,207.5800018310547,209.25,123711800.0
2026-04-30,209.92999267578125,210.3000030517578,198.6999969482422,199.57000732421875,225239200.0
2026-05-01,201.27999877929688,203.0,197.1199951171875,198.4499969482422,128647000.0
2026-05-04,199.5,201.72999572753906,194.74000549316406,198.47999572753906,125368100.0
2026-05-05,199.3000030517578,200.24000549316406,196.02999877929688,196.5,113406600.0
2026-05-06,199.88999938964844,208.27000427246094,198.61000061035156,207.8300018310547,188362800.0
2026-05-07,208.33999633789062,214.1999969482422,206.5,211.5,168307900.0
2026-05-08,213.02999877929688,217.8000030517578,212.88999938964844,215.1999969482422,136421400.0
2026-05-11,214.0399932861328,222.3000030517578,213.88999938964844,219.44000244140625,160685800.0
2026-05-12,218.5500030517578,223.75,214.9199981689453,220.77999877929688,159176600.0
2026-05-13,224.92999267578125,227.83999633789062,221.57000732421875,225.8300018310547,150405400.0
2026-05-14,229.85000610351562,236.5399932861328,229.3000030517578,235.74000549316406,180782900.0
2026-05-15,229.75999450683594,231.5,224.24000549316406,225.32000732421875,180977600.0
2026-05-18,229.8699951171875,230.0,218.3699951171875,222.32000732421875,146280900.0
2026-05-19,219.6199951171875,224.47999572753906,217.91000366210938,220.61000061035156,140948200.0
2026-05-20,223.17999267578125,226.1300048828125,220.5,223.47000122070312,184201600.0
2026-05-21,222.2899932861328,227.39999389648438,217.92999267578125,219.50999450683594,203381800.0
2026-05-22,220.89999389648438,221.00999450683594,214.8000030517578,215.3300018310547,169275700.0
2026-05-26,216.5399932861328,218.17999267578125,212.0,214.86000061035156,187202600.0
2026-05-27,214.1199951171875,214.14999389648438,208.77999877929688,212.60000610351562,167601200.0
2026-05-28,211.27999877929688,215.52000427246094,211.22000122070312,214.25,143996000.0
2026-05-29,214.5800018310547,217.86000061035156,211.1300048828125,211.13999938964844,288291500.0
2026-06-01,215.72999572753906,224.8699951171875,215.6999969482422,224.36000061035156,212850700.0
2026-06-02,227.17999267578125,232.27999877929688,221.35000610351562,222.82000732421875,192211900.0
2026-06-03,221.72000122070312,222.82000732421875,214.50999450683594,214.75,159711900.0
2026-06-04,213.91000366210938,221.60000610351562,210.97000122070312,218.66000366210938,169022200.0
2026-06-05,214.52999877929688,214.8699951171875,204.3300018310547,205.10000610351562,219655500.0
2026-06-08,210.17999267578125,210.47000122070312,206.0,208.63999938964844,138372800.0
2026-06-09,210.6199951171875,211.39999389648438,199.33999633789062,208.19000244140625,180962500.0
2026-06-10,204.42999267578125,207.22000122070312,199.9199981689453,200.4199981689453,161746600.0
2026-06-11,201.49000549316406,205.66000366210938,199.5399932861328,204.8699951171875,158643200.0
2026-06-12,204.86000061035156,207.07000732421875,203.44000244140625,205.19000244140625,112001800.0
2026-06-15,208.9199981689453,212.7100067138672,208.33999633789062,212.4499969482422,149936700.0
2026-06-16,211.17999267578125,211.49000549316406,207.2899932861328,207.41000366210938,125694100.0
2026-06-17,208.52999877929688,209.2100067138672,203.0800018310547,204.64999389648438,128363500.0
2026-06-18,207.3300018310547,211.38999938964844,206.5,210.69000244140625,240892100.0
