date,open,high,low,close,volume
2016-06-06,62.72984881615371,63.0572014088124,62.60043183509197,63.01152038574219,5292300.0
2016-06-07,63.003923885788915,63.1028888066238,62.61566705950511,62.6689567565918,6327500.0
2016-06-08,62.70701868710205,62.99630476305907,62.44056441319267,62.9201774597168,4712600.0
2016-06-09,62.866926568095145,63.384600681728934,62.752732638530645,63.31608200073242,6144900.0
2016-06-10,63.011526009715865,63.445458014701096,62.88972348965128,63.3388786315918,6840800.0
2016-06-13,63.15616488038133,63.491131937323175,62.82881229513548,62.8592643737793,6167400.0
2016-06-14,62.84405494237237,63.468308170345615,62.63089034538275,63.45307922363281,6868600.0
2016-06-15,63.491152654828355,63.56727997220858,63.049606082624194,63.1485710144043,7082200.0
2016-06-16,62.93540157727489,63.651011017747145,62.92779291252083,63.498756408691406,6630100.0
2016-06-17,63.422649356081315,63.52162011996108,62.69181647766422,63.28561782836914,11741700.0
2016-06-20,63.58248871182092,63.7195201753263,63.20946087544434,63.21707534790039,6164300.0
2016-06-21,63.25513974117656,63.780428016258625,63.25513974117656,63.498756408691406,6594700.0
2016-06-22,63.567273809266226,63.765209461778284,63.40740471582469,63.62056350708008,4940100.0
2016-06-23,63.80328061753298,64.10779571533203,63.620573882110506,64.10779571533203,7361300.0
2016-06-24,62.889743372333605,63.81089736508286,62.417744663525944,62.623294830322266,12401100.0
2016-06-27,62.29592675080863,62.34160197299792,61.66405907253128,61.83915710449219,9601800.0
2016-06-28,61.99903528110875,62.79838082733391,61.62600155139499,62.775543212890625,9257100.0
2016-06-29,63.15617443703528,63.87939834594726,63.11811368907633,63.879398345947266,7927500.0
2016-06-30,63.87939751568684,64.55694038684445,63.81087887722569,64.45796966552734,10969300.0
2016-07-01,64.34378948212995,64.70159427155723,64.33618081590456,64.5417251586914,9531100.0
2016-07-05,64.31333395061122,65.43241757971158,64.29049053079416,65.0441665649414,11403100.0
2016-07-06,64.99086491687333,65.08982981864956,64.51125192731564,64.73202514648438,8356500.0
2016-07-07,64.88431094194468,64.8919196086549,64.35140805695997,64.57979583740234,7905700.0
2016-07-08,64.69396233780986,65.39434271603382,64.53408747430173,65.29537200927734,6827300.0
2016-07-11,65.17357960981032,65.43241360392992,64.64068267595175,65.28015899658203,6156800.0
2016-07-12,65.082223360517,65.42480493926121,64.85384144949518,65.28015899658203,6649800.0
2016-07-13,65.32583746895637,65.58467728410149,65.02132823910269,65.3867416381836,7572100.0
2016-07-14,65.80545305415987,66.1480288548968,65.35629204913481,65.37152099609375,11342600.0
2016-07-15,65.66080270258499,65.83590073204063,65.3106124518148,65.47809600830078,8491300.0
2016-07-18,65.4857033827114,65.50854680117025,65.24209252575254,65.41719055175781,4781300.0
2016-07-19,65.21926453821774,65.60752139532981,65.13552274926923,65.59990692138672,6078200.0
2016-07-20,65.50784040416738,65.77638274086404,65.31602779433052,65.46180725097656,6289000.0
2016-07-21,65.23161195581996,65.50015421914833,65.12419739195049,65.41575622558594,5407000.0
2016-07-22,65.59990363572864,65.96818637209904,65.5615387775204,65.7686996459961,6165600.0
2016-07-25,65.6229096604305,65.83007049560547,65.33135668734317,65.83007049560547,5605300.0
2016-07-26,65.73801449960247,66.04491583030313,65.34671515661775,65.4234390258789,5379300.0
2016-07-27,65.40043354178935,65.44647255407865,64.69456445902803,64.8019790649414,7744700.0
2016-07-28,64.77126086458584,65.20092495962787,64.7559184361025,65.07048797607422,5911600.0
2016-07-29,65.13188005229989,65.82240652010405,65.0628303323472,65.66895294189453,7520900.0
2016-08-01,65.55385449386313,66.42851919396489,65.53850621286256,66.29808807373047,10420600.0
2016-08-02,66.76612363986455,66.86586993283728,66.16766929665091,66.56664276123047,13083200.0
2016-08-03,66.37482612479148,66.53594798785986,65.5692109557943,65.96051025390625,8192100.0
2016-08-04,66.07559601819918,66.39016558813346,65.83007616349863,66.02188873291016,5564100.0
2016-08-05,66.04490520762081,66.32111577546,65.62291521407342,65.81472778320312,6729700.0
2016-08-08,65.68430397513609,65.90680728260905,65.31602122567773,65.79939270019531,5388200.0
2016-08-09,65.87609729692532,66.24437408500701,65.73799203798119,65.97583770751953,4158800.0
2016-08-10,66.18303838210434,66.61269684485006,65.98355158711918,66.22139739990234,5981400.0
2016-08-11,66.52058719704044,66.75076458880838,66.29041565892675,66.54360961914062,7387100.0
2016-08-12,66.68941434075846,67.09605618311015,66.58199973536959,66.78148651123047,8063400.0
2016-08-15,67.1497614207841,67.18812628738186,66.74311959093765,66.7661361694336,6871200.0
2016-08-16,66.73543676639828,67.05768050247441,66.34413745621696,66.42853546142578,8071100.0
2016-08-17,66.32878585343596,66.83517385935741,65.96050898881602,66.72008514404297,6762100.0
2016-08-18,66.70474610871912,67.1037137079725,66.70474610871912,67.08837127685547,7082800.0
2016-08-19,66.90423418777549,67.06536192696468,66.7891513078634,66.98863220214844,6199900.0
2016-08-22,66.85819973071305,66.91190702484235,66.42854137767867,66.63569641113281,5921100.0
2016-08-23,66.85050214938907,67.13438680662968,66.78145244699901,67.05766296386719,5420100.0
2016-08-24,66.99630634536129,67.0960467925038,66.41319438796347,66.98863220214844,5713300.0
2016-08-25,66.98097318233401,67.47201305010283,66.78148640678513,67.44132232666016,10595500.0
2016-08-26,67.41829647597294,67.90166213299328,66.88121767007195,67.19579315185547,16408200.0
2016-08-29,67.04997627285564,67.8249004031081,66.9962690076096,67.74817657470703,8934500.0
2016-08-30,67.30321304760818,67.74821973092162,67.10372628376825,67.16510772705078,11619400.0
2016-08-31,67.32622425964024,67.40294813080034,66.7738030214377,66.98863220214844,11407800.0
2016-09-01,67.02699671052832,67.7558822631836,66.73544366019743,67.7558822631836,29793300.0
2016-09-02,67.88632093935443,68.18554814016072,67.54872887540631,67.6714859008789,17470400.0
2016-09-06,67.70984417839495,68.00907135009766,67.42595943826296,68.00907135009766,14472100.0
2016-09-07,67.75587060429395,67.83260031550188,67.2955216053219,67.47966003417969,17556400.0
2016-09-08,67.47966669073972,67.65613684880879,67.23414681015821,67.34923553466797,23465700.0
2016-09-09,66.8274838829895,66.88119115692325,66.16764831542969,66.16764831542969,21955000.0
2016-09-12,66.01422384766157,67.80958693934586,65.95284241196572,67.70984649658203,16105700.0
2016-09-13,67.17276393152419,67.4489744988734,66.75844808050039,66.78913879394531,19682700.0
2016-09-14,66.8428437353466,67.21112057646259,66.65103117328269,66.7584457397461,25397900.0
2016-09-15,66.55895290759128,67.72517060194924,66.55895290759128,67.56404876708984,13833600.0
2016-09-16,67.2264785956978,67.60242963276764,66.98095871484423,67.556396484375,23518300.0
2016-09-19,67.4566746190275,68.24694183877325,66.94261809697161,67.80194091796875,19173900.0
2016-09-20,67.90166939727439,68.24692978156054,67.65614947088815,67.96305084228516,33986500.0
2016-09-21,67.9323418263857,68.12415440014881,66.32111737750651,67.36457824707031,55409800.0
2016-09-22,67.34154931392099,68.5154470689877,67.34154931392099,68.27759552001953,52692700.0
2016-09-23,68.00138918003061,68.2392407437167,67.12672434235918,67.3338851928711,48281400.0
2016-09-26,67.07302856600754,67.84795310906455,66.45155761515073,67.40294647216797,60276600.0
2016-09-27,67.5640806144337,68.13951851888184,67.25718508165369,67.79425811767578,65150800.0
2016-09-28,68.26993722940865,68.8453749793564,67.87863792042064,68.63821411132812,89806000.0
2016-09-29,68.40803145400919,68.49242359164911,67.1650840079352,67.69448852539062,74587500.0
2016-09-30,67.74819961966801,69.22131869920936,67.74052547812163,68.86071014404297,123735700.0
2016-10-03,68.55382816386779,68.63055203995754,67.83261670423646,68.02442932128906,26789500.0
2016-10-04,67.74054978828883,68.03977702577814,67.47968156498762,67.78658294677734,23317600.0
2016-10-05,67.88632523056613,68.28529290564187,67.67916432235523,68.17020416259766,64580300.0
2016-10-06,67.98607063665915,68.8453933464875,67.87865602963774,68.45409393310547,61462800.0
2016-10-07,68.29292957176222,69.09087033767719,67.74818273086566,69.05250549316406,20518800.0
2016-10-10,69.19831072607754,69.30572530645352,68.11648492616207,68.33131408691406,15492400.0
2016-10-11,68.1548534739866,68.3773567892818,67.67148198247583,67.9323501586914,11723100.0
2016-10-12,68.08579920578295,68.2929600928916,67.77122958407251,67.95536804199219,17118000.0
2016-10-13,67.55638250925487,67.95535003798821,67.21111640676682,67.70215606689453,11158100.0
2016-10-14,67.90166109078686,68.25459557593867,67.6868319131863,67.84795379638672,7369000.0
2016-10-17,67.84793746411401,68.01673344978383,67.29551636688721,67.38758850097656,7610600.0
2016-10-18,67.67915840215561,67.7251915538839,67.08837815823661,67.0960464477539,10749500.0
2016-10-19,66.99552984534209,67.1269680126897,66.05998999134205,66.1373062133789,12788800.0
2016-10-20,66.01359059538657,66.12183447790188,65.55742079033625,65.66566467285156,10175100.0
2016-10-21,65.26362994215229,65.61155593470096,65.13218585934801,65.20177459716797,13974100.0
2016-10-24,65.24816223831424,65.48784432319273,64.99301336798212,65.02394104003906,10573200.0
2016-10-25,67.64498301409049,68.10115868353553,67.24293518066406,67.24293518066406,20761200.0
2016-10-26,67.19655532635139,67.83828526470512,67.09603893085601,67.57540893554688,8464100.0
2016-10-27,67.6604505936874,67.7300334142201,66.84088223692649,66.94139862060547,6598300.0
2016-10-28,67.1656333435547,67.44397647966426,66.84089575219356,67.1424331665039,7021100.0
2016-10-31,67.27390001988474,67.62955950337262,67.02648447055176,67.11153411865234,8207100.0
2016-11-01,66.94139974980126,67.25839799121216,66.86408353717779,67.15015411376953,8564500.0
2016-11-02,67.08831116050523,67.58314799004995,66.9259453143882,67.06511688232422,7773200.0
2016-11-03,67.1115323218739,67.2507039333259,66.85638338440326,66.95689392089844,6899900.0
2016-11-04,67.02646514054831,67.05739281265208,65.77392096517164,65.78165435791016,9378100.0
2016-11-07,66.50841920567821,66.93366722890816,66.18368756912933,66.92593383789062,8878500.0
2016-11-08,67.08830371990211,67.79962826537825,66.94913216740127,67.62179565429688,7674600.0
2016-11-09,65.92081760356714,66.91047939043874,65.18629875632526,66.4388427734375,11972500.0
2016-11-10,66.11411323414919,66.26101228924723,63.53944228773142,64.14251708984375,22095000.0
2016-11-11,63.918303550648325,64.99301511337507,63.90284266362979,64.62189483642578,8905700.0
2016-11-14,64.60642223905054,64.77652147520581,63.98788653349038,64.17344665527344,12862500.0
2016-11-15,65.39506315934804,65.39506315934804,64.08066372308656,64.65281677246094,9464000.0
2016-11-16,64.93116655181069,65.10125990673565,64.3048914902873,64.32035827636719,8542900.0
2016-11-17,64.38217909081895,64.56001165854515,64.11930283287785,64.22754669189453,9083700.0
2016-11-18,64.11159494017939,64.25076651409846,63.39254279140591,63.40027618408203,14565500.0
2016-11-21,63.40026117566902,63.98014161325136,63.176040031941994,63.89509201049805,11482100.0
2016-11-22,64.18117802942845,64.31261619910649,63.91056829807669,63.987884521484375,7426500.0
2016-11-23,63.856444285581134,64.11932653956497,63.80232233606242,63.92603302001953,7693300.0
2016-11-25,64.16571338924477,64.52910614013672,64.13478571907845,64.52910614013672,3882900.0
2016-11-28,64.27393523180227,64.45176779952847,63.987864703907306,64.22754669189453,6990100.0
2016-11-29,64.49816777440806,64.54456222138904,63.93375410930511,64.08838653564453,6183100.0
2016-11-30,63.80230895748801,64.04199688268274,63.601287986484486,63.75592041015625,12115500.0
2016-12-01,63.56264008130779,63.64768970157742,62.76627172682865,63.292030334472656,12516900.0
2016-12-02,63.670880259719,63.92602910561939,63.45439247490039,63.70954132080078,9079400.0
2016-12-05,63.833245383726435,64.23529917861696,63.7713959450776,64.16571044921875,8597500.0
2016-12-06,64.35901720325928,64.36675059675095,63.87191959259991,64.10387420654297,7327200.0
2016-12-07,63.97241250970375,65.16310112919882,63.949218234461846,65.08578491210938,8567700.0
2016-12-08,64.7842492408253,65.08578662460246,64.56002807617188,64.56002807617188,7522800.0
2016-12-09,64.57549387352617,65.25589081081998,64.53683871044802,65.23269653320312,8004500.0
2016-12-12,65.10898615905755,65.85896593271454,65.10898615905755,65.82030487060547,7494100.0
2016-12-13,65.46463502858073,65.99812692621086,65.35639115063388,65.85895538330078,11795900.0
2016-12-14,65.94401524141952,66.29194120337213,65.07805818434096,65.23269653320312,12292200.0
2016-12-15,65.06259268993321,65.56515696514703,64.64507802585632,65.47237396240234,8768100.0
2016-12-16,65.64247318467619,65.81257240695005,65.06259268993321,65.47237396240234,21172400.0
2016-12-19,65.52649498892607,65.70432760031893,65.1940299406389,65.49556732177734,6431200.0
2016-12-20,65.38732147216797,65.49556535451256,65.09351749135392,65.38732147216797,7485400.0
2016-12-21,65.09351074924403,65.51102535169275,65.03938881367745,65.16309356689453,6099300.0
2016-12-22,64.94662765773347,65.41826435429886,64.84611714327794,65.31002044677734,7864800.0
2016-12-23,65.4723702702135,65.858957244908,65.37185978037861,65.68885803222656,5284200.0
2016-12-27,65.64245406262108,65.67338172119322,65.27132805860313,65.4104995727539,3782600.0
2016-12-28,65.25588123592257,65.4337079374595,64.90794942617161,65.000732421875,4298800.0
2016-12-29,65.13216689182617,65.32546036447427,65.02392301905113,65.21721649169922,3718300.0
2016-12-30,65.07804381602283,65.29453155778255,64.884750346759,65.00846099853516,6209800.0
2017-01-03,64.85382664561179,65.24814699867588,64.56002267796832,65.10124206542969,8792700.0
2017-01-04,65.29454511533817,65.41052240074734,65.13217927530523,65.33320617675781,8096700.0
2017-01-05,65.26363111004295,66.05226612672936,65.24043093112088,65.76618957519531,6852400.0
2017-01-06,65.67339051067249,65.91307252312505,65.42597510782994,65.74297332763672,4799900.0
2017-01-09,64.9930076526365,65.45691679384528,64.75332558883512,65.25588989257812,11000600.0
2017-01-10,65.20949625935741,65.27908499095392,64.35900598786006,64.55229949951172,10918200.0
2017-01-11,64.47497569067515,64.7533187866211,64.3899260836445,64.7533187866211,9572300.0
2017-01-12,64.7223883783543,64.85382652952408,64.45951207601472,64.8228988647461,6545400.0
2017-01-13,64.83061980897489,64.96205793491018,64.51362162884578,64.95433044433594,6762800.0
2017-01-17,64.86930031140136,66.16823287800065,64.8538335279189,65.88215637207031,13145100.0
2017-01-18,66.08480434231795,66.47445529729482,65.92114570909814,66.18611145019531,10520400.0
2017-01-19,65.95228506927789,66.24062877022263,65.67953072816731,66.0068359375,14074500.0
2017-01-20,67.71350306022111,68.56294473927365,67.34723042447541,68.14990997314453,22944400.0
2017-01-23,67.86936583301011,68.0719858909181,67.68233513487895,67.76805877685547,9408900.0
2017-01-24,67.97068411468283,68.53957093315547,67.97068411468283,68.46943664550781,8704700.0
2017-01-25,68.45383128609407,68.5005934125295,67.84597715281338,67.92391204833984,8082900.0
2017-01-26,67.89278150334445,67.9785051852589,67.47974651521058,67.48754119873047,6542300.0
2017-01-27,67.37063226121643,67.68235414271108,67.03553227908974,67.58104705810547,9332300.0
2017-01-30,67.62779399098275,67.6901395478573,67.40959048752138,67.60441589355469,7350000.0
2017-01-31,67.5109143589073,68.31360022582331,67.4329853662206,68.26683807373047,9712400.0
2017-02-01,67.82262648265376,68.25903353516927,67.604422956396,68.0564193725586,8291000.0
2017-02-02,68.27460596441293,68.85128741871488,67.9940569443528,68.3915023803711,8997200.0
2017-02-03,68.67205491442182,68.7110164246691,68.10316216530079,68.1187515258789,7161900.0
2017-02-06,68.18889088595513,68.41488906636337,67.90054714979301,68.1109619140625,7483000.0
2017-02-07,68.29798290404464,68.7967353878103,68.17329775590252,68.5863265991211,6646100.0
2017-02-08,68.63310376050379,68.84351261349319,68.43048364405445,68.83572387695312,6815800.0
2017-02-09,68.83571017680205,69.18639351052248,68.6019173239223,69.10066986083984,9914100.0
2017-02-10,69.01496863963668,69.14745447031004,68.55518341064453,68.55518341064453,11057600.0
2017-02-13,68.60972055718992,68.85909685673519,68.29799869635835,68.82012939453125,6905100.0
2017-02-14,68.57853839002583,68.74998568729676,67.97847879517673,68.46943664550781,20123400.0
2017-02-15,69.98905981001505,71.03332682216802,69.98905981001505,71.00994873046875,25847700.0
2017-02-16,70.8541070654149,71.0099709682178,70.5579745684893,70.75279998779297,12408500.0
2017-02-17,70.61251845652932,71.19699465656971,70.487827346633,70.98657989501953,12152400.0
2017-02-21,70.58913232178921,71.53988111688838,70.58913232178921,71.43856811523438,9018700.0
2017-02-22,71.26711185341807,71.53987210449543,71.11125394902923,71.25932312011719,6749900.0
2017-02-23,71.39181332047448,71.5398825131056,70.8463046301475,71.01774597167969,7611600.0
2017-02-24,70.89305301736584,71.18139074526476,70.65926020689814,70.95539855957031,6643400.0
2017-02-27,70.55019275172103,70.8463312482472,70.18391994534458,70.83074188232422,11840300.0
2017-02-28,70.83852843364866,71.53210649757852,70.64370300118296,70.97100830078125,10535600.0
2017-03-01,70.95542684757031,71.61003746489828,70.69046116036576,71.43080139160156,8792200.0
2017-03-02,71.22816960747289,71.3762328729935,70.82292943354389,70.8463134765625,7031200.0
2017-03-03,70.84631860578041,70.84631860578041,70.05142756238533,70.52680206298828,8334900.0
2017-03-06,70.05142392981942,70.53459308693782,69.81763105962672,70.42549133300781,9533800.0
2017-03-07,70.24625510560175,70.5190095128145,70.18390954235308,70.36315155029297,5363000.0
2017-03-08,70.15275086240273,70.40992190329833,69.9501366595165,70.24626922607422,5503700.0
2017-03-09,70.24625690165756,70.5190113158441,70.2150841192362,70.40211486816406,5587400.0
2017-03-10,70.76059944978245,71.04114854818108,70.64370300118296,70.97100830078125,6797800.0
2017-03-13,70.96318703066699,71.29828688677885,70.79953444218417,71.15801239013672,7397500.0
2017-03-14,71.11905529287165,71.37622026465372,70.77616073636423,70.91643524169922,6686400.0
2017-03-15,70.91645045179955,71.52430479009044,70.706041621468,71.2281723022461,7855300.0
2017-03-16,71.25932312011719,71.47752656450072,70.99435754793863,71.25932312011719,6601200.0
2017-03-17,71.26711853223746,71.69573672787175,70.85408969586179,70.91643524169922,37010100.0
2017-03-20,70.88527055072595,71.23595982684633,70.86968713528911,71.087890625,7772900.0
2017-03-21,71.15025308821984,71.50093650208794,70.93983828341851,71.06452941894531,8211000.0
2017-03-22,71.15802954168299,71.5398916191163,70.72162253387299,70.90865325927734,7798000.0
2017-03-23,70.84630556107444,71.27491783893515,70.60471804167047,70.73719787597656,6831400.0
2017-03-24,70.73720254389036,70.85409897123863,70.30079555709605,70.58134460449219,9252000.0
2017-03-27,70.48782441620469,70.6982391690072,70.27741560900131,70.51899719238281,10072000.0
2017-03-28,70.26964001085537,70.96321811876771,70.23846722621202,70.72943115234375,11855800.0
2017-03-29,70.5735177889525,70.8151052142945,70.44103800622736,70.60469055175781,4252800.0
2017-03-30,70.52678446215388,70.58133532833382,70.21506267872633,70.2929916381836,3691900.0
2017-03-31,70.16052294059713,70.4021045369111,70.01245373222436,70.02024841308594,6942400.0
2017-04-03,70.02805378476603,70.18391175219497,69.70853722225625,69.88777923583984,6967400.0
2017-04-04,69.94231786359312,70.10597048439814,69.68514691135697,70.06700897216797,5680800.0
2017-04-05,70.13716289304058,70.52681379800192,69.95013212342741,70.11378479003906,6320100.0
2017-04-06,69.95788575446124,69.98905852468715,69.59940781526015,69.66954803466797,7231500.0
2017-04-07,69.71630723258123,69.83320363958494,69.49810377716003,69.53707122802734,4739100.0
2017-04-10,69.45912846239231,69.8877465910133,69.16299608436172,69.73967742919922,5956000.0
2017-04-11,69.87219096586436,69.99687614203012,69.58384720598117,69.98129272460938,5186000.0
2017-04-12,69.90336386514757,70.46446207057116,69.79426209693747,70.37873840332031,6286300.0
2017-04-13,70.17611182255408,70.55796794376863,69.97349174073436,70.1605224609375,5040100.0
2017-04-17,70.31638539339966,70.59692849709165,70.23845047757483,70.44107055664062,6931700.0
2017-04-18,70.44887535772192,71.0177622731314,70.40211321238951,70.7605972290039,7087800.0
2017-04-19,70.75274195658538,71.02758493265713,70.28158171315843,70.360107421875,6919000.0
2017-04-20,70.43862460465324,70.43862460465324,70.13237018393859,70.14807891845703,6983500.0
2017-04-21,70.02240165517722,70.10878168297265,69.58265314358168,69.59050750732422,9061200.0
2017-04-24,69.98316543742962,70.40721135577607,69.89678538048166,70.32083129882812,8338500.0
2017-04-25,70.34439805448831,70.8705268436008,70.25801798569348,70.67420959472656,9088400.0
2017-04-26,70.55640818462595,70.6741997157107,68.7974075581058,68.89949035644531,11951300.0
2017-04-27,68.77384181691588,69.29211610105305,68.49899893963666,68.86022186279297,8517500.0
2017-04-28,68.72673456031637,68.78170314612548,68.43618888866531,68.5775375366211,8295400.0
2017-05-01,68.61678965856842,68.78954976339921,68.38121259926577,68.3890609741211,4546600.0
2017-05-02,68.54612434060923,68.54612434060923,67.54882946307272,67.70588684082031,13197500.0
2017-05-03,67.76871339599316,68.0278475985868,67.45460461491942,67.87079620361328,6122000.0
2017-05-04,68.20058327784085,68.50683758203581,67.76868910093427,67.886474609375,5986200.0
2017-05-05,67.95720800067664,68.01217661369753,67.63524470217607,67.92579650878906,4506200.0
2017-05-08,67.79225912592834,68.01998780420011,67.72158181626608,67.96501922607422,4634600.0
2017-05-09,68.1613530677007,68.17705581194375,67.70589559999925,67.84724426269531,9577600.0
2017-05-10,67.9100593391968,68.15349078903404,67.83938202048914,67.91790771484375,6178500.0
2017-05-11,68.01215391025121,68.02785665538846,67.43890485913836,67.66663360595703,6064700.0
2017-05-12,67.72160238781224,67.78442535078982,67.47031652702941,67.68234252929688,5892400.0
2017-05-15,68.04356797411754,68.09068220244488,67.72945913930393,67.79228210449219,5820700.0
2017-05-16,68.2241366925173,68.31837108530175,67.68230540959834,67.72156524658203,6554500.0
2017-05-17,67.72159595268455,68.02785037918959,67.47816448318744,67.7373046875,7805800.0
2017-05-18,67.67448464158969,67.70589612144487,67.15620421067014,67.4310531616211,6985600.0
2017-05-19,67.53310245213736,67.8315023759351,67.2739623653233,67.72156524658203,7320700.0
2017-05-22,67.72944767112308,67.8472392131243,67.55668754167155,67.69803619384766,4260000.0
2017-05-23,67.75299099953483,67.9571625647309,67.51741395457829,67.59593963623047,4394200.0
2017-05-24,67.88653064614722,68.04358810558512,67.69806768595123,67.92579650878906,4878800.0
2017-05-25,67.98858361073522,68.30269237270669,67.96502650203446,68.20845794677734,4368000.0
2017-05-26,68.26343887465417,68.61680755131667,68.17705879971402,68.51472473144531,4337000.0
2017-05-30,68.51470055107099,68.79739778908176,68.39690903671229,68.63249206542969,4594500.0
2017-05-31,68.8445201785464,69.37850324811232,68.6717600691095,69.17433166503906,10146600.0
2017-06-01,69.1193846887893,69.21361913915347,68.60896455825174,69.20576477050781,6251300.0
2017-06-02,69.41778141722581,69.63765578060612,69.1115269837851,69.56697845458984,6136400.0
2017-06-05,69.3392240279589,69.70044688717228,69.10364103706463,69.68473815917969,4115300.0
2017-06-06,69.70046871329119,69.8653744621063,69.45703128217022,69.73188018798828,6503000.0
2017-06-07,69.63762642439494,69.80253212741306,69.41775215370411,69.70829772949219,4781600.0
2017-06-08,69.7083162977867,69.73187939688685,68.60109028512483,68.98587036132812,7712100.0
2017-06-09,68.98588685426084,69.26858419978777,68.75030972707346,69.22932434082031,9696900.0
2017-06-12,69.22932017720063,69.62195469002651,69.17434559392288,69.2921371459961,7867700.0
2017-06-13,69.38636279843205,69.41777427441527,68.92305101658755,69.1507797241211,6419300.0
2017-06-14,69.48844808545917,69.69261969108372,69.15078219547983,69.44918823242188,6183900.0
2017-06-15,69.28430030455577,70.37582395265028,69.28430030455577,70.1873550415039,7047500.0
2017-06-16,70.45433315428353,70.49359300822297,69.73973551374006,70.40721893310547,13855000.0
2017-06-19,70.36009841011655,70.56427001953125,70.04598962435395,70.56427001953125,5246200.0
2017-06-20,70.49358890383083,70.83910914869061,70.36794899096229,70.38365173339844,5674200.0
2017-06-21,70.37580884194733,70.63494305465936,70.11666863810837,70.20304870605469,4164500.0
2017-06-22,70.10096135758326,70.2109045299905,69.81041566039723,69.9124984741211,4536700.0
2017-06-23,69.91248038813862,70.51714071988431,69.81039760082302,70.21873474121094,8782100.0
2017-06-26,70.38364317829301,70.42290901630031,70.10094591979247,70.17162322998047,4373300.0
2017-06-27,70.17162374683375,70.17162374683375,69.58267211914062,69.58267211914062,5180400.0
2017-06-28,69.95176636446492,70.05384918117122,69.3078460019568,69.39422607421875,4875000.0
2017-06-29,69.11936524588049,69.27642261897469,68.26342502924031,68.31053924560547,8123500.0
2017-06-30,68.35766205017323,68.68747355951213,68.31839620762634,68.43618774414062,6070300.0
2017-07-03,68.63250181103761,69.10366194425046,68.45974169759681,68.89949035644531,3607400.0
2017-07-05,68.9937388635433,69.1036760506974,68.7031871597061,68.84453582763672,4974300.0
2017-07-06,68.82882209310773,69.06439917462659,68.60109338718436,68.60894775390625,6038900.0
2017-07-07,68.86023838225368,68.96232119226822,68.53827522654146,68.82882690429688,5142200.0
2017-07-10,68.8131068702169,69.00157570701003,68.23200960125266,68.3890609741211,5356400.0
2017-07-11,68.49902353863321,68.67177770130054,67.77657144175214,68.1377944946289,5838600.0
2017-07-12,68.50686165253104,68.6874761474749,68.18490449779632,68.2869873046875,4374200.0
2017-07-13,68.13777039460139,68.3576506887417,67.92575045701571,68.08280181884766,5448900.0
2017-07-14,68.28699731923287,68.54613754910665,68.10638878892874,68.39693450927734,4577700.0
2017-07-17,68.37337340965584,69.03300250259352,68.11423319489008,68.75030517578125,5227800.0
2017-07-18,68.79741325811291,69.7004737497482,68.6796217172689,69.60623931884766,7492300.0
2017-07-19,69.54293053746714,69.97030330388198,69.32924113519498,69.92281341552734,6008500.0
2017-07-20,69.89906716572666,70.68258083661279,69.89115117846909,70.12066650390625,7285000.0
2017-07-21,69.77244486763472,70.18398565260067,69.49543964365041,70.12858581542969,5714800.0
2017-07-24,70.08111551951164,70.12068338906937,69.62208475810203,69.78828430175781,6202000.0
2017-07-25,70.17606937583523,70.59552614670581,70.07318568954999,70.54804229736328,6766700.0
2017-07-26,70.43724366132324,70.7696426878773,70.33435997352207,70.67467498779297,6987000.0
2017-07-27,71.45820379519664,71.82226081137281,70.43725853677334,71.76686096191406,11089200.0
2017-07-28,71.67186610912653,72.02009708216463,71.19700953379298,71.39486694335938,6137500.0
2017-07-31,71.39486720633725,72.075497180803,71.39486720633725,71.87763977050781,7835700.0
2017-08-01,72.04384332758528,72.59784773048682,71.79850205720463,72.0992431640625,8662100.0
2017-08-02,71.99635797717814,72.25753121717948,71.64812699050967,72.0517578125,7167700.0
2017-08-03,71.90929412841797,72.61366599122259,71.87763621975917,71.90929412841797,6413200.0
2017-08-04,71.7747659973571,72.08342311696863,71.64813433898834,71.7589340209961,5824400.0
2017-08-07,71.75892010876078,72.46329196702008,71.64020446158848,72.36832427978516,5011300.0
2017-08-08,72.3366760179782,72.76404878191468,72.20213441770082,72.47913360595703,5623400.0
2017-08-09,72.43164923831236,72.76405432768377,72.43164923831236,72.74822235107422,5572800.0
2017-08-10,72.70072476492541,72.81152442774342,72.56618317980767,72.60575103759766,6338200.0
2017-08-11,72.7640472120834,72.87484688499546,72.2496167089178,72.2891845703125,7094200.0
2017-08-14,72.44748051292378,72.77196357271634,72.21796515934862,72.53453826904297,5398400.0
2017-08-15,72.74030880889862,73.09644976933787,72.716560845157,72.96981811523438,5293400.0
2017-08-16,73.04105909918121,73.56339964260448,72.96191732449653,73.15977478027344,7965500.0
2017-08-17,73.12810133590935,73.34178468600092,72.86692810058594,72.86692810058594,5711400.0
2017-08-18,72.79570335151624,73.42884346157842,72.69281363051088,73.18350219726562,6815000.0
2017-08-21,73.11227568773583,73.5713063765454,73.09644975004187,73.4921646118164,4334300.0
2017-08-22,73.5317260437829,73.5712939003727,73.27846277859099,73.43675231933594,4731500.0
2017-08-23,73.20725863745818,73.33389030745798,73.03314311027364,73.15977478027344,3631900.0
2017-08-24,73.15976278577415,73.2626464721835,72.84318970080699,73.02521514892578,5173700.0
2017-08-25,73.32596386095294,73.49216337552687,73.13602242117265,73.21516418457031,4933000.0
2017-08-28,73.22307005769686,73.37344362647137,72.79570335151624,73.18350219726562,5386500.0
2017-08-29,73.19142810981587,73.35762763767474,73.00148061672292,73.0647964477539,3676300.0
2017-08-30,72.87485584082805,72.87485584082805,72.54245678124225,72.70865631103516,4709600.0
2017-08-31,72.72447403917813,73.12018888585474,72.68490013925872,73.02521514892578,5864400.0
2017-09-01,73.14393742103549,73.33388491206017,73.0173117984823,73.23099517822266,4960700.0
2017-09-05,72.9539977364639,73.39719648333764,72.84319804974547,73.3813705444336,6532100.0
2017-09-06,73.43677038779282,73.53174413560721,73.09645533912047,73.3813705444336,6747200.0
2017-09-07,73.39719974700111,73.88788840866593,73.07271666093447,73.57923126220703,7735400.0
2017-09-08,73.41302382841236,73.721680941672,73.2151663948803,73.47633361816406,6070100.0
2017-09-11,73.67419423960719,74.54477181532224,73.52382668954455,74.38648223876953,10177300.0
2017-09-12,74.17276836715304,74.37854171301731,73.76913766053052,74.0065689086914,5804000.0
2017-09-13,73.9986875076763,74.21237090038638,73.95911360177836,74.03826141357422,5369300.0
2017-09-14,73.78500411496621,74.1174031872398,73.74543020906827,74.03826141357422,5492300.0
2017-09-15,74.25192382117054,74.25192382117054,73.46049423192842,73.81663513183594,12428800.0
2017-09-18,73.73748273203924,73.99865590792373,73.49214152700527,73.7216567993164,6177700.0
2017-09-19,73.8720199015741,74.7505070495896,73.8720199015741,74.5289077758789,6587200.0
2017-09-20,74.52893652217513,74.92465138875326,74.25985331120424,74.71096801757812,5941500.0
2017-09-21,74.51308384045842,74.79008294001817,73.16765015411069,73.31802368164062,9376700.0
2017-09-22,73.24680447141611,73.60294534006844,72.87483163101635,73.00145721435547,6837700.0
2017-09-25,73.15185518247968,73.67419570013371,73.07271341169938,73.3813705444336,6436200.0
2017-09-26,73.460515130037,73.48425705836782,72.96982647138908,73.32597351074219,4885200.0
2017-09-27,73.22306751324868,73.22306751324868,71.4977506594164,71.9172134399414,9631200.0
2017-09-28,71.90929488198847,72.11506827136279,71.7272634148249,71.93303680419922,4999800.0
2017-09-29,71.99636410228996,72.36042105653871,71.7826746920622,72.00428009033203,6634500.0
2017-10-02,72.22586895383832,73.12809823936138,72.21003698005507,72.6294937133789,7302400.0
2017-10-03,72.7798701273037,73.0806112215602,72.46329705864318,72.90650177001953,5909900.0
2017-10-04,72.9064956454839,73.44466800555871,72.8273478563708,73.1439208984375,6140700.0
2017-10-05,73.1993076746031,73.3259392840995,72.76402510274607,72.83525085449219,6912800.0
2017-10-06,72.81152726874292,73.08852643659603,72.71655353770942,73.07270050048828,5241900.0
2017-10-09,73.12810110664317,73.30221659631292,72.75612820382675,72.90650177001953,5149000.0
2017-10-10,73.10436021165812,73.63461663720037,71.11787006504163,72.51078796386719,17125600.0
2017-10-11,72.09129373424665,72.597814053236,72.07546780465005,72.38412475585938,7115400.0
2017-10-12,72.34459575564917,73.05687769433486,72.32876377942561,72.93025207519531,5984900.0
2017-10-13,73.36551622325932,74.00657825903758,73.2784584904762,73.63460540771484,6956700.0
2017-10-16,73.57921877868102,73.89579186029884,73.37344536991004,73.71376037597656,4159100.0
2017-10-17,73.63463599760031,73.67420386831228,73.12812136269359,73.44469451904297,5316100.0
2017-10-18,73.42882968214148,73.56337125099249,72.81943161032171,73.42091369628906,7399700.0
2017-10-19,73.1179301430911,73.3491653381689,72.67141036411367,73.03022003173828,8585000.0
2017-10-20,71.53916309032294,71.73052784828035,69.84078185290109,70.3670425415039,19997800.0
2017-10-23,70.67005044930895,70.853446019,69.26670051764904,69.60956573486328,13358200.0
2017-10-24,69.66534767008984,69.70521202137014,69.19490209133815,69.35437774658203,11519000.0
2017-10-25,69.29062317482114,69.4580681365444,68.79625751398768,69.25872802734375,9024300.0
2017-10-26,69.52184035610408,69.98430466584396,69.45007477209438,69.7690200805664,6233800.0
2017-10-27,69.79294175790417,69.79294175790417,68.93179122729252,69.40223693847656,7433800.0
2017-10-30,69.2986005935643,69.43415041193941,68.70058024774498,68.78828430175781,5387100.0
2017-10-31,68.96369859822495,68.97167390549023,68.34973377309318,68.8440933227539,7119000.0
2017-11-01,68.8361187119251,69.48197863219758,68.6606984660791,69.28263854980469,4884100.0
2017-11-02,69.1949446970995,69.40226013488085,68.75640006274345,68.97966003417969,5021200.0
2017-11-03,69.194908123369,69.49790885305922,68.93975313611,69.03543853759766,5106500.0
2017-11-06,69.01152646713903,69.08328596379175,68.59689576411638,68.61284637451172,5186700.0
2017-11-07,68.60485737537131,69.37032227041931,68.11049196917659,69.35437774658203,6875100.0
2017-11-08,69.3623637556215,69.84875397593876,69.21086945068916,69.83280944824219,6910000.0
2017-11-09,69.6494139152183,70.30324905148433,69.60954955429243,69.99227905273438,5280000.0
2017-11-10,70.15973220941574,70.47867755116324,69.992287273758,70.2952880859375,7227300.0
2017-11-13,70.70193464972544,71.29198563764176,70.67003950848326,70.9650650024414,6873500.0
2017-11-14,70.75775131598292,71.00493714566947,70.54246671167662,70.86141204833984,5035500.0
2017-11-15,70.74978490214271,70.91722984177966,70.16770918336773,70.35110473632812,6688100.0
2017-11-16,71.63484547343836,71.68269122749403,70.78167020718969,71.1644058227539,7205100.0
2017-11-17,70.9251760136409,71.03680593711796,70.23147664394405,70.51055145263672,5941800.0
2017-11-20,70.51056853860567,70.61422318313045,69.93646817396623,70.38298797607422,4926200.0
2017-11-21,70.31123832584605,71.1325185412672,70.183657745435,70.74181365966797,6196400.0
2017-11-22,70.56638169083548,70.89330231134453,70.21554123631375,70.43083190917969,6006900.0
2017-11-24,70.63814209506495,70.93316757953319,70.5025923116779,70.5265121459961,2196700.0
2017-11-27,70.43082416534914,71.04478880988118,70.28729909367765,70.93315887451172,6199700.0
2017-11-28,71.34780212465536,71.37969118319658,70.89330699823915,71.28401184082031,4841300.0
2017-11-29,71.2840246511579,71.61093926865331,70.98899909793445,71.26807403564453,5158900.0
2017-11-30,71.24415300866883,72.05746405173227,71.1325230354448,71.75446319580078,9789900.0
2017-12-01,71.90594391314131,72.18501876970231,71.06074403802073,72.04946899414062,7953200.0
2017-12-04,73.1657783624902,73.28538361686016,71.62687283414917,72.88670349121094,9003700.0
2017-12-05,72.97441775353025,73.22957282638475,72.61560802348939,72.87873840332031,8683000.0
2017-12-06,72.87074706607103,73.18171705259904,72.61559204934612,72.75911712646484,6737400.0
2017-12-07,72.59965132454354,72.61559585244716,71.6747105383641,71.84215545654297,7273600.0
2017-12-08,71.77836078151317,72.05744171142578,71.42752643874158,72.05744171142578,5883400.0
2017-12-11,71.94583892822266,72.02557375970353,71.56310322038566,71.94583892822266,4856000.0
2017-12-12,72.12123723247093,72.16908298751898,71.61890242978916,71.642822265625,6558900.0
2017-12-13,71.77835822239813,72.88669443063101,71.73849386481432,72.4640884399414,7141000.0
2017-12-14,72.51193664208117,72.90264142653841,72.48004150490858,72.55977630615234,5853500.0
2017-12-15,73.01426943122884,73.57241910852846,72.94250993702256,73.26942443847656,15924000.0
2017-12-18,73.3411926065152,74.26612725919173,73.20563675149003,73.2614517211914,7405700.0
2017-12-19,73.35714478898124,73.46079943399377,73.02225493582442,73.10198974609375,5644400.0
2017-12-20,73.19766675332293,73.33321652353501,72.83885102329785,72.98237609863281,6938500.0
2017-12-21,73.08604017729995,73.42093000736243,72.9823794560599,73.09400939941406,4860400.0
2017-12-22,73.2614524928457,73.70000303324395,73.13387802505973,73.4607925415039,4919400.0
2017-12-26,73.6362074528677,73.97109725047768,73.47673785877963,73.7398681640625,3431900.0
2017-12-27,73.74787503280736,73.95519047765396,73.30135507471763,73.43690490722656,4276700.0
2017-12-28,73.5963441191869,73.787708851428,73.28537414802943,73.41294860839844,3005400.0
2017-12-29,73.5485018749058,73.72392208921741,73.2614517211914,73.2614517211914,4346700.0
2018-01-02,73.29334542359902,73.30132072865034,72.20096588320658,72.28070068359375,7558900.0
2018-01-03,72.34450119399267,72.63154529932814,72.17705018109739,72.19300079345703,5863600.0
2018-01-04,72.42421043329225,73.1737246983912,72.2487902595327,72.70328521728516,6322500.0
2018-01-05,72.77506424232112,72.79899015883822,72.21691452443545,72.75114440917969,5949700.0
2018-01-08,72.50398043652213,73.17376024345901,72.50398043652213,73.13389587402344,4860700.0
2018-01-09,72.93451434702692,73.07803937889649,72.5677295063321,72.59962463378906,6630100.0
2018-01-10,72.4880322728235,72.4880322728235,71.77040674179857,72.13719177246094,6564700.0
2018-01-11,72.08136673186324,72.17704606706269,71.69863114093793,71.88202667236328,5469700.0
2018-01-12,71.8022946274948,72.03352375203949,71.24413878939697,71.45145416259766,8111000.0
2018-01-16,71.87406066484581,72.37639548975652,71.4753804942694,71.93785095214844,9465300.0
2018-01-17,72.20894345847483,73.14185958939396,72.1052888143176,72.71925354003906,8345500.0
2018-01-18,72.50232882595947,72.83174173635179,72.04436887158059,72.4541244506836,7699800.0
2018-01-19,72.53446434461732,73.32183717926789,72.50232605241195,73.16918182373047,9364000.0
2018-01-22,73.01653543802855,73.85211274875881,72.92815665604485,73.82801055908203,8658000.0
2018-01-23,72.16488706167398,72.47822776534493,71.1846905508047,71.5462417602539,18756300.0
2018-01-24,71.55426987750282,71.63461867512822,70.46159243112584,70.95169067382812,15141900.0
2018-01-25,71.2489720128019,71.54624665471847,70.71066934451665,70.97579956054688,11264400.0
2018-01-26,70.83921148809812,70.83921148809812,70.08398303546483,70.48570251464844,11503100.0
2018-01-29,70.45358389810876,70.49375217939426,69.65014471534462,69.78672790527344,11685800.0
2018-01-30,69.75457155842689,70.25270592959593,69.60191619166883,69.85901641845703,9662900.0
2018-01-31,69.74652900724804,70.22859725146301,69.16002204240675,69.36891174316406,11798100.0
2018-02-01,69.21626147442255,69.49746385946415,68.74222934270763,68.97522735595703,8606300.0
2018-02-02,68.74223853583041,68.7824129375314,67.65759711718748,67.68973541259766,12846300.0
2018-02-05,67.48082305926785,67.78613372614416,64.35544661933392,65.12674713134766,17462200.0
2018-02-06,64.70094073364547,66.24354211972143,64.37153393598223,66.18730163574219,19955500.0
2018-02-07,66.12304351340929,66.99878923160169,65.73739003005349,65.75345611572266,11851800.0
2018-02-08,65.90610412399097,66.05875950462585,64.39564092052385,64.4518814086914,14596100.0
2018-02-09,65.06251095033686,65.10267923361835,63.14228556873898,64.21086120605469,18838800.0
2018-02-12,64.76520439867882,65.61684759461758,64.74110221460536,65.34368133544922,10769000.0
2018-02-13,65.19908318979996,65.74542201460093,65.00625952509192,65.48028564453125,9278700.0
2018-02-14,65.12675384839844,65.28744530273612,64.49203639570706,64.82144927978516,9412000.0
2018-02-15,65.05444141593847,66.21139526367188,64.67682419453928,66.21139526367188,8910700.0
2018-02-16,66.05071873204938,66.88629601848125,65.9864421416116,66.36405944824219,10371700.0
2018-02-20,66.03465845303502,66.05876064412924,65.13480449707814,65.35173034667969,7087700.0
2018-02-21,65.32760527526091,65.72932466547601,64.42775776421998,64.46792602539062,9134500.0
2018-02-22,64.65273607635442,65.3035196924081,64.41170192905521,64.95000457763672,10277700.0
2018-02-23,65.08656746758874,65.17494621043932,64.66074595917257,65.11870574951172,10321800.0
2018-02-26,65.44010515873545,65.63293493528303,65.11873445732925,65.58472442626953,9422200.0
2018-02-27,65.7936259093327,65.88200469869906,64.68488218330985,64.708984375,8919600.0
2018-02-28,64.82145635581362,64.90983513290888,63.06995915572565,63.08602523803711,16862000.0
2018-03-01,62.98962001407702,63.69664414070196,62.58790050649968,63.230648040771484,13504200.0
2018-03-02,63.05388901277874,64.00194718167566,63.005678509443314,63.87339401245117,9317700.0
2018-03-05,63.69664257410212,64.58846034937007,63.59219771141196,64.50811767578125,8177000.0
2018-03-06,64.60453797490497,64.6125679521095,63.76896061411468,64.29119110107422,9085300.0
2018-03-07,63.89748816595424,63.98586692624685,63.39132391771164,63.6002197265625,9089500.0
2018-03-08,63.608261088596045,64.2670807916058,63.48774401846258,64.25101470947266,7951700.0
2018-03-09,64.41973889590763,64.87769887809227,64.19477695795771,64.50811767578125,7662200.0
2018-03-12,64.45989509549669,64.77323572483961,64.08227789353181,64.1626205444336,7182000.0
2018-03-13,64.27510225800216,64.42775758738537,63.760901930318255,64.05014038085938,9620200.0
2018-03-14,64.0260622435886,64.14657320177973,63.359206336080334,63.47168731689453,8898100.0
2018-03-15,63.54397819846038,63.584152594438095,63.10209049146649,63.20653533935547,6996900.0
2018-03-16,63.41543632203319,63.78501750202536,63.34312362934303,63.447574615478516,17715400.0
2018-03-19,63.4476001313627,63.9296624674018,62.8851889645211,63.19853591918945,8368200.0
2018-03-20,63.26278016598543,63.55201867360763,62.63609877605489,62.917301177978516,8465500.0
2018-03-21,62.70842112076422,62.86107037401909,61.768392761413914,61.89694595336914,9822800.0
2018-03-22,61.72821666468825,62.28258537792905,61.358635479276785,61.39077377319336,10481600.0
2018-03-23,61.69609516166039,62.00943595043324,60.90872207079882,60.989070892333984,11728300.0
2018-03-26,61.51932081910688,61.76035495860483,61.077426939944914,61.39077377319336,12937000.0
2018-03-27,61.487184511208945,63.021755914089646,61.30239697741102,62.49951934814453,11288200.0
2018-03-28,62.62806420872707,63.58415852850514,62.62806420872707,63.34312438964844,12857800.0
2018-03-29,63.81716855081016,64.66881204319746,63.61630877394493,63.696651458740234,10036400.0
2018-04-02,63.68057715206639,63.768955932857075,61.91300766600585,62.186180114746094,12017200.0
2018-04-03,62.31471886107696,63.310987506319435,62.00941428706852,63.03781509399414,11933100.0
2018-04-04,62.523627156814364,63.88947110151289,62.3388334766534,63.51185989379883,9030800.0
2018-04-05,63.543965957675105,63.728759561921834,63.077976154761366,63.31097412109375,7864700.0
2018-04-06,62.965501840124176,63.76090454687753,62.58788461810189,63.01370620727539,8300800.0
2018-04-09,63.31099151266175,63.3511597821837,62.32275891018051,62.796791076660156,9031200.0
2018-04-10,63.23868144792977,63.34312630873052,62.62003612975878,62.96551513671875,6779000.0
2018-04-11,62.820876654533954,63.22259602205546,62.70035961832728,62.88514709472656,7143500.0
2018-04-12,63.18244125910984,63.230645636665294,62.49951934814453,62.49951934814453,8282300.0
2018-04-13,62.7164448844201,63.02175562018884,62.44327857320908,62.96551513671875,6198500.0
2018-04-16,63.11815080300672,63.35918489733811,62.70036531988418,63.1583251953125,5962200.0
2018-04-17,63.41542561287328,63.4234617173157,62.748569928440375,63.01370620727539,6492400.0
2018-04-18,63.13421382393042,63.2145564670981,62.68428398864006,62.82890319824219,7349400.0
2018-04-19,61.13176502950084,61.39935482335499,60.16682338974049,60.77497863769531,16955600.0
2018-04-20,60.03706852013687,60.750634899765416,59.79380402051615,59.84246063232422,14085000.0
2018-04-23,59.672195341761785,59.98844179077822,58.99917484171192,59.193782806396484,13653400.0
2018-04-24,59.24241726871194,59.46135658308349,58.50452558400816,58.788330078125,16551700.0
2018-04-25,58.71537153467364,58.99106564170381,58.342364163493386,58.62617492675781,14208800.0
2018-04-26,58.845104649636966,59.20189106026848,58.682932382881965,58.99106216430664,11204300.0
2018-04-27,58.81266735667366,59.2586503578125,58.553188025049764,59.039710998535156,8144800.0
2018-04-30,59.12081148603945,59.12891576974353,58.51265613852336,58.658607482910156,13076500.0
2018-05-01,58.423464805939005,58.650508499694375,58.107224491568786,58.35048294067383,8103800.0
2018-05-02,58.334261688598126,58.39102260571547,57.35310515758353,57.52338790893555,10830900.0
2018-05-03,57.41797715987801,58.15587535628969,57.36121623603687,57.86396026611328,9386500.0
2018-05-04,57.88016653701319,58.88565444977309,57.84773084436198,58.73158645629883,8107400.0
2018-05-07,58.926201788783565,59.372184885370146,58.29372116924374,58.366703033447266,6633600.0
2018-05-08,58.42346273114926,58.48022365257235,57.6612393407736,57.928829193115234,8084100.0
2018-05-09,58.19639327313602,58.828879853029946,58.17206805592363,58.68292236328125,7528400.0
2018-05-10,59.145124080749774,59.46946858098633,58.94240567486454,59.315406799316406,7618500.0
2018-05-11,59.70462763702366,60.08573926160306,59.23432559799778,59.493804931640625,7586200.0
2018-05-14,59.82625514189436,59.82625514189436,59.26675036023145,59.42081832885742,8646900.0
2018-05-15,59.44515142816251,59.52624375069977,58.86943181970665,59.153236389160156,11502800.0
2018-05-16,59.17756217176972,59.947889670833234,59.161341234214156,59.623538970947266,8325000.0
2018-05-17,59.61542736341036,60.004649433133714,59.51812648583572,59.97221374511719,8053600.0
2018-05-18,59.988442138421895,60.061417805673145,59.28297975594806,59.55867385864258,7042700.0
2018-05-21,59.80194909866828,60.2073860417101,59.53435923150625,60.05331802368164,6428400.0
2018-05-22,60.37764852704383,60.76687058362563,59.866800377600256,60.02897262573242,7744200.0
2018-05-23,60.02085008237125,60.247899845142946,59.77759175911177,60.15059280395508,6592500.0
2018-05-24,60.06952844882693,60.28846163768879,59.67219585994785,59.818153381347656,6508900.0
2018-05-25,59.92355322826805,60.50738314142593,59.80192096528117,60.25600814819336,7546500.0
2018-05-29,60.053300815478394,60.57225945894679,59.81814671352006,60.045196533203125,8905600.0
2018-05-30,60.27225009166897,60.83174879807355,60.0452064210728,60.72633743286133,8128600.0
2018-05-31,60.54793743692059,60.56415837527786,59.031607583709146,59.331626892089844,15526000.0
2018-06-01,59.46137296897425,59.793827986133856,59.080261320504796,59.55867385864258,7209300.0
2018-06-04,59.6316342905667,60.50737910183713,59.558652463057435,60.15059280395508,8743800.0
2018-06-05,60.231684977400555,60.31277109331957,59.68029072808751,59.980316162109375,6910100.0
2018-06-06,60.061423726982525,60.34522832728757,59.777619126677486,60.28846740722656,7002900.0
2018-06-07,60.15060754764938,61.94263757007989,60.08573617095665,61.43178939819336,13476100.0
2018-06-08,61.50476561689054,62.607554284803825,61.41556901974497,62.583229064941406,13625300.0
2018-06-11,62.41293248607885,62.99676237908854,62.339950656215805,62.86701965332031,9049400.0
2018-06-12,63.102193779388664,63.15895469335188,62.526474170197226,62.63188552856445,8786000.0
2018-06-13,62.76162390682284,62.76162390682284,61.78857178145667,62.007511138916016,8022400.0
2018-06-14,62.0804877031754,62.0804877031754,61.38313583512194,61.618289947509766,8895200.0
2018-06-15,61.75613883978101,62.850817006699124,61.56152471365901,62.745399475097656,14943500.0
2018-06-18,62.323737498086764,62.518345405228246,61.13175246720674,61.49664306640625,7384900.0
2018-06-19,61.29392725156996,62.17778261751088,61.27771250299517,61.893978118896484,8514000.0
2018-06-20,61.910205218047935,61.910205218047935,61.25339950644528,61.50476837158203,6603500.0
2018-06-21,61.24528681119769,62.47781824408093,61.24528681119769,61.983184814453125,8691200.0
2018-06-22,62.266983476967525,62.94811432041791,62.2507625408047,62.78594207763672,11446400.0
2018-06-25,62.664322072796416,63.19950171442351,62.58323593552811,63.0778694152832,11300500.0
2018-06-26,63.07786332935211,63.499514914350584,62.7291874049115,63.248146057128906,9558500.0
2018-06-27,63.33733819769744,63.82386112659976,62.891355237426744,62.99677276611328,7873300.0
2018-06-28,63.134601664790864,63.50760267605066,62.97242946388588,63.28866958618164,5714400.0
2018-06-29,63.191402586123665,63.68603615465384,62.672443790694764,63.29681396484375,7679900.0
2018-07-02,62.84271318582649,63.49951891816103,62.77784180359023,63.35356140136719,6092800.0
2018-07-03,63.68601181978748,63.8644049975153,63.069746165766226,63.16705322265625,5897200.0
2018-07-05,63.36168194214997,64.26175240769959,63.345467187251316,64.22931671142578,7956100.0
2018-07-06,64.3671475652756,64.56176169389101,63.97793168099465,64.31038665771484,7244000.0
2018-07-09,63.621139758027475,63.921165206992946,63.06974548125069,63.13461685180664,9095900.0
2018-07-10,63.30489409995493,64.8212297769339,63.24002273499378,64.72392272949219,12773500.0
2018-07-11,64.56986425557957,64.74014697372463,64.08334131995444,64.18875885009766,7851600.0
2018-07-12,64.33470876239086,64.48066625854837,63.71033880945152,63.969818115234375,8556800.0
2018-07-13,64.12388918421874,64.44012941012511,63.97793168099465,64.31038665771484,6021300.0
2018-07-16,64.22929785311605,64.56986328428319,63.921168108699305,64.48877716064453,6931200.0
2018-07-17,64.59420674212632,65.2753377315559,64.50501013353781,64.89422607421875,8983400.0
2018-07-18,64.6428451538086,65.04017149034063,64.32660494094999,64.6428451538086,9105100.0
2018-07-19,64.16580012647472,64.79584273546352,63.73213783963847,64.4194564819336,8010600.0
2018-07-20,64.08399099801825,64.68948150651086,64.08399099801825,64.37855529785156,8234700.0
2018-07-23,64.22309565302845,64.59130418686004,64.01853743732912,64.23946380615234,5881600.0
2018-07-24,63.445774666165946,64.64857793037177,63.445774666165946,64.63220977783203,8297100.0
2018-07-25,64.41128876225764,65.13133139844845,64.41128876225764,65.02496337890625,6208400.0
2018-07-26,65.09858714825432,66.08864789821652,65.02494920676392,65.5322494506836,9771100.0
2018-07-27,65.18861730302984,66.13777051675285,65.01678913350177,65.93321228027344,7492900.0
2018-07-30,65.51590065910639,65.86774101610222,65.32770436659291,65.62226867675781,7090700.0
2018-07-31,65.77772526271157,66.26048579460169,64.99222263165883,66.17865753173828,9878200.0
2018-08-01,65.80226700404597,66.12956130654788,65.5486168848513,65.99046325683594,7556700.0
2018-08-02,66.11320082855514,67.27508969704348,65.94136647800006,67.09507751464844,9261700.0
2018-08-03,67.20962322957303,67.99512575267475,67.02961106420446,67.3650894165039,7102800.0
2018-08-06,67.258742197531,67.85605496407824,67.21783429791265,67.52057647705078,5669200.0
2018-08-07,67.43058432050582,67.65150448307722,66.87418563250033,67.6187744140625,6418000.0
2018-08-08,67.17689631441492,67.74966288939044,67.17689631441492,67.38145446777344,4891300.0
2018-08-09,67.45511942329746,67.45511942329746,66.52233445612237,66.60415649414062,5167400.0
2018-08-10,66.5223474691675,66.89873391177696,66.27687506447228,66.62871551513672,5566000.0
2018-08-13,66.84960604255843,67.16053844964723,66.3995818236654,66.70232391357422,5068100.0
2018-08-14,66.59596243698874,66.86598074034127,66.46504844430355,66.53050231933594,6226900.0
2018-08-15,66.52232812552776,67.39783695851018,66.12138956493732,67.34056091308594,8753500.0
2018-08-16,67.47146866183691,68.73154778704719,67.34873250655028,68.47789764404297,12368000.0
2018-08-17,68.51062770162741,68.89519183234923,68.40425345382293,68.47789764404297,8409300.0
2018-08-20,68.6415699809994,68.69066196629997,68.16699331435133,68.43701171875,6795800.0
2018-08-21,68.37972376900179,68.73156416861744,67.98696922699902,68.64974212646484,8534500.0
2018-08-22,68.57607043046724,68.60880048273302,67.9623959963773,68.23241424560547,5132600.0
2018-08-23,67.92150538944831,68.40425973726808,67.78240107128161,68.10969543457031,4323200.0
2018-08-24,68.09332603463692,68.36334432284194,67.93785982458795,68.20787811279297,5356000.0
2018-08-27,68.32244555187293,68.5842798240435,67.92969102230632,68.27335357666016,3941500.0
2018-08-28,68.50245782278158,68.61700992675641,68.17516342172999,68.30608367919922,5405200.0
2018-08-29,68.33063817506373,68.53519642086403,68.15062591993991,68.31427001953125,4520400.0
2018-08-30,68.23244166043418,68.51882192954919,68.06879757597464,68.24880981445312,4549700.0
2018-08-31,68.1997156958694,68.34699787778773,67.41421280651232,67.87242126464844,6674900.0
2018-09-04,67.48785593468752,67.88060425174609,67.15237743135394,67.66786193847656,5800700.0
2018-09-05,67.1850743425862,68.297871096127,67.1850743425862,68.15058898925781,7651900.0
2018-09-06,67.83968778200571,68.16697592401081,67.4960252447065,67.62694549560547,7541100.0
2018-09-07,67.17689855539011,67.25872057093916,66.48140205929374,67.02143859863281,11110900.0
2018-09-10,67.56968673244252,67.99516517146947,67.37330630585524,67.40603637695312,6783000.0
2018-09-11,67.20145542189103,67.43874367525581,66.79233903525255,67.103271484375,5210300.0
2018-09-12,67.01326550757875,68.0606024605493,66.84961520703918,68.00332641601562,5925200.0
2018-09-13,68.13425011744658,68.31426235236695,67.62694972007631,68.28153228759766,5328400.0
2018-09-14,68.29789297549955,68.4615370388362,67.88877657453705,68.41244506835938,5004100.0
2018-09-17,68.32243686755263,68.95247335897935,68.1915166267976,68.93611145019531,7098800.0
2018-09-18,68.96885568598684,68.96885568598684,68.3879110441277,68.7315673828125,6022800.0
2018-09-19,68.66610724898055,68.96885568598684,68.54337105870114,68.7315673828125,6157600.0
2018-09-20,68.96883633691476,70.07344925428858,68.91974437162443,69.84434509277344,10053000.0
2018-09-21,70.21254193872213,70.59711228435505,69.97525372029713,70.2207260131836,17402500.0
2018-09-24,70.06529688568232,70.13075703077207,68.91977555972659,68.95249938964844,6389400.0
2018-09-25,68.9606518247313,69.06702607234638,67.97877506942696,68.01150512695312,5657200.0
2018-09-26,68.11787641040937,68.72336689723484,67.93786420666169,68.12606048583984,6581000.0
2018-09-27,67.94606452849531,68.42881896977562,67.75786820431803,67.79878234863281,6277600.0
2018-09-28,67.93789686703069,68.15063923215328,67.74152266063786,68.10154724121094,5125800.0
2018-10-01,68.1669683038005,68.50244672726097,68.05241621837997,68.46153259277344,4899900.0
2018-10-02,68.30608039329675,69.09158317246062,68.21607428127182,69.026123046875,7390900.0
2018-10-03,69.09158517742864,69.1570390622925,67.79059167480101,67.93787384033203,7958700.0
2018-10-04,67.50420142905864,67.50420142905864,66.35867433810205,67.02962493896484,7029900.0
2018-10-05,67.07872114966015,67.46328528435838,67.07872114966015,67.21781921386719,5454600.0
2018-10-08,67.07872988044443,67.70058233405692,66.89053358354785,67.4223861694336,7192300.0
2018-10-09,67.4141942439559,67.68421254356008,67.14417594435173,67.25872802734375,6268100.0
2018-10-10,66.93962876178568,67.65149360246392,66.63688659667969,66.63688659667969,9295800.0
2018-10-11,66.80052144905272,67.07053975574554,64.37036917405837,64.53401947021484,12560300.0
2018-10-12,64.94314771672236,64.95132555105954,64.22309876726722,64.68949127197266,9878700.0
2018-10-15,64.64857803221776,65.9004732707728,64.5749338309151,65.56499481201172,9691500.0
2018-10-16,65.3849944907338,66.3505033265399,65.37681041374277,66.28504943847656,9462600.0
2018-10-17,66.08050516494505,67.24239463813896,65.76957259984881,66.98056030273438,10375300.0
2018-10-18,66.62312183838952,67.14316129134984,66.03704383013111,66.23515319824219,9869500.0
2018-10-19,70.04880279204673,72.44264716538918,70.04880279204673,72.06293487548828,30276400.0
2018-10-22,71.59240638009808,72.01338796169394,70.35421192127633,71.48509216308594,14124100.0
2018-10-23,70.99806595165383,72.06291385077652,70.99806595165383,71.94734954833984,16269500.0
2018-10-24,72.04639977299902,74.86948133520004,71.99687401506702,73.84590911865234,26703500.0
2018-10-25,72.73151760892497,73.73858309129719,72.0711449424506,73.46617889404297,14647000.0
2018-10-26,73.21029737514893,73.6065159903773,72.13719322149116,72.52516174316406,14335900.0
2018-10-29,72.88011232957916,73.81288303868824,72.17847019987542,72.83883666992188,12878900.0
2018-10-30,73.34237097995278,73.82114093147567,72.81407527405908,73.62303161621094,13844000.0
2018-10-31,73.27633789245276,73.73034500055861,72.03814355883537,73.2020492553711,13362400.0
2018-11-01,73.30935651261723,74.15133217875658,72.78931716431843,73.95321655273438,9732400.0
2018-11-02,74.19259354494827,74.25037568852935,73.44968206970053,74.13481140136719,11336000.0
2018-11-05,74.20088703739229,75.48035752501073,74.1431048649196,75.28224182128906,12270100.0
2018-11-06,75.0015642770471,75.5546229430838,74.6466149559911,75.53811645507812,8857800.0
2018-11-07,75.60414143061024,75.62891060690937,74.80344773483223,75.35650634765625,9019800.0
2018-11-08,75.07584097324606,75.55461092039882,74.84471239124997,75.4142837524414,6614400.0
2018-11-09,75.40605642662238,76.49566751730278,75.25747280981216,76.28105163574219,10713500.0
2018-11-12,76.1159183929279,77.13949042571387,75.73620628879408,76.52039337158203,12522100.0
2018-11-13,75.91784173638436,77.23858142676765,75.6041617301921,77.15603637695312,13438700.0
2018-11-14,77.11476421943547,77.51098929350934,76.75981482104275,77.17254638671875,11623000.0
2018-11-15,77.0404697593483,77.51098345687757,76.53693678331724,77.45320129394531,12506000.0
2018-11-16,77.4449234008789,78.26212984914214,77.3211027153162,77.4449234008789,13013500.0
2018-11-19,77.36238031228496,77.75034886445823,76.69375741040957,77.00743103027344,9458300.0
2018-11-20,76.96615842027653,77.4201655307773,75.82702189454109,76.02513122558594,12074000.0
2018-11-21,75.66193978067436,76.24801774082516,75.31524054270936,75.45557403564453,8911800.0
2018-11-23,75.32350405652252,75.9343449561769,74.81171469326524,75.5628890991211,4399600.0
2018-11-26,75.24092722190208,76.27275560865944,75.24092722190208,75.8930435180664,8171400.0
2018-11-27,75.88481734310432,76.65249822043509,75.81877878858951,76.53693389892578,9023400.0
2018-11-28,76.46265661241264,76.94968319222636,76.11596356780368,76.77633666992188,8093700.0
2018-11-29,76.65249559448561,77.01570133409118,76.48740551163743,76.61947631835938,6126900.0
2018-11-30,76.9166212237448,78.13005250428735,76.56167198044176,78.01448822021484,16291800.0
2018-12-03,78.14659289750682,78.14659289750682,76.15723003180696,77.03221893310547,13934700.0
2018-12-04,77.1725246136732,78.30341105176537,76.9083767380772,77.02394104003906,11123600.0
2018-12-06,76.52040505446584,77.28808577070753,75.18315924395458,77.22205352783203,14199200.0
2018-12-07,77.2550683220151,77.41190828532908,76.05814965884157,76.31404113769531,7996800.0
2018-12-10,76.97441136879031,77.09823205682194,75.42254346576844,76.79280853271484,9307600.0
2018-12-11,77.36238610365481,78.02275266297954,77.09823822036846,77.51922607421875,8743800.0
2018-12-12,77.76686972711755,78.0475304264862,76.85060527853358,77.6182861328125,9644000.0
2018-12-13,78.3116872082287,79.89657486179458,78.25390504266487,79.64893341064453,18541300.0
2018-12-14,79.61591085536374,79.98737301680742,79.2609614821354,79.77275085449219,12657300.0
2018-12-17,79.24443381905036,79.65716524519125,76.27276881039234,76.57818603515625,12427600.0
2018-12-18,76.87536458674485,77.02394817414108,75.82702937962566,76.3470687866211,12250600.0
2018-12-19,76.3965850601216,77.05695152491906,75.35650016328336,75.74446868896484,10825600.0
2018-12-20,75.53811077885253,76.13244506691663,74.3989679608023,75.10061645507812,14439200.0
2018-12-21,74.79518670147056,76.9083695075686,74.58882099625687,75.09235382080078,24030000.0
2018-12-24,74.6631273447786,74.8364801203425,71.71622462693765,72.1124496459961,7396300.0
2018-12-26,72.16195964696061,74.3659439086914,71.6006446662947,74.3659439086914,8630900.0
2018-12-27,73.96972892738081,75.9838603629755,72.8058232476302,75.95909118652344,11360100.0
2018-12-28,76.404860969804,76.99919539738528,74.9850634589784,75.2657241821289,9611800.0
2018-12-31,75.63717897939391,76.0911861878626,75.24096023180618,75.8765640258789,7239500.0
2019-01-02,75.1418704039569,75.43903748701892,74.2338626713922,75.34823608398438,9843900.0
2019-01-03,75.06761060748381,76.35533093004037,74.60534702422561,74.8199691772461,9820200.0
2019-01-04,74.98505361845281,76.3470687866211,74.59709131037967,76.3470687866211,10565700.0
2019-01-07,75.8683252377997,76.35534549967191,75.44733724517863,76.04167175292969,9012500.0
2019-01-08,76.52039016944235,76.84232012029666,75.7939852568599,76.32228088378906,9551300.0
2019-01-09,76.51216925749631,76.73504150163409,74.9602947509701,75.07585906982422,15015600.0
2019-01-10,75.02634051731619,75.56289279088699,74.79521185738626,75.2574691772461,11102300.0
2019-01-11,75.6701862887001,75.92608408289776,75.20792905703844,75.75273132324219,7166600.0
2019-01-14,75.52985466150139,75.8682974703517,74.99330252183594,75.2409439086914,7952000.0
2019-01-15,75.24095276551411,76.44612797465892,75.23269637223848,75.95085144042969,7834500.0
2019-01-16,75.72795596458307,76.06639873755591,75.10885886085546,75.42253875732422,7964500.0
2019-01-17,75.46996707092968,76.17715875321072,75.1704495482424,75.41172790527344,8044500.0
2019-01-18,76.01911130085557,76.4101422087507,75.74455241752041,76.06070709228516,9100300.0
2019-01-22,76.03572809007113,76.33524563798406,74.1138291139578,75.2453384399414,13518500.0
2019-01-23,78.35697856145231,80.21232284542987,77.8993805874061,78.90608978271484,22869000.0
2019-01-24,78.4484959328628,78.67313089255971,77.53330635830173,78.45681762695312,12146400.0
2019-01-25,78.5566761800545,78.9477134011413,77.42516665215871,77.87444305419922,10618000.0
2019-01-28,77.64148075259877,78.1822767355148,77.35028486874988,77.80787658691406,9765600.0
2019-01-29,78.0324913038801,78.30705004959576,77.45841508058223,77.82449340820312,9769800.0
2019-01-30,77.88274526814783,78.75633911151533,77.84946483770027,78.63985443115234,7750200.0
2019-01-31,78.56495884148423,80.54509635766911,78.27376308139696,80.26222229003906,16044400.0
2019-02-01,80.16243538701673,81.21074718185507,79.86291773134862,81.09426879882812,12720800.0
2019-02-04,80.8779171661443,81.71823061003903,80.47024298642228,81.56015014648438,11887500.0
2019-02-05,81.5268588654913,81.55181759902729,80.87790640318593,81.06926727294922,9772300.0
2019-02-06,80.91117984474742,81.8014105670276,80.80302322623201,81.46861267089844,8693900.0
2019-02-07,81.13582618546957,81.2023870435747,80.15407574499362,80.81967163085938,8732500.0
2019-02-08,80.71150037282524,81.30221359939179,80.45357868129949,81.29389190673828,7483200.0
2019-02-11,81.11088924701315,81.85968323293277,81.06097176381668,81.75984191894531,8494100.0
2019-02-12,81.85133178972049,82.65004296856503,81.51854022589609,82.58348846435547,11238800.0
2019-02-13,82.60845850924846,82.94957181315804,82.37550184363353,82.56685638427734,11587200.0
2019-02-14,82.1175839593983,82.21742525547226,81.40207053985168,81.91790771484375,7930100.0
2019-02-15,82.32557053515103,82.53356844589936,81.74317892409272,81.93453979492188,12069100.0
2019-02-19,82.00110090501516,83.19917099862512,81.92622469796105,83.19084930419922,10098200.0
2019-02-20,83.01612398964924,83.3822023388014,82.31725406591411,82.60012817382812,8947400.0
2019-02-21,82.45038910040822,83.08270466866432,82.0260714896948,83.01614379882812,7444800.0
2019-02-22,82.94125221996683,83.53196554827478,82.69997387219155,83.40716552734375,7925400.0
2019-02-25,83.4986819366412,83.57355813778997,82.64173155855633,82.8414077758789,7436100.0
2019-02-26,83.06603934486196,83.34891979317783,82.89132186836932,83.05772399902344,7115300.0
2019-02-27,82.65007833027437,82.89135676059222,82.21744530364595,82.29232788085938,6013600.0
2019-02-28,82.29230776260788,82.5335797863463,81.60175308061623,81.99279022216797,10575400.0
2019-03-01,82.0427050761747,82.1841421469783,81.39375254181165,81.9012680053711,7733200.0
2019-03-04,82.00943311907486,82.26734855102454,81.43535673431582,82.259033203125,6895300.0
2019-03-05,82.29230233578409,82.93293315372667,82.29230233578409,82.44205474853516,6274600.0
2019-03-06,82.25070553311295,82.45038177729272,81.86799008693785,82.30894470214844,4622300.0
2019-03-07,82.34222523681674,82.86637775878991,81.74319015593693,81.99279022216797,8408600.0
2019-03-08,82.21741791597819,82.51693542986897,81.32718706846747,81.87630462646484,5144500.0
2019-03-11,82.19246483774464,82.9329369792708,81.95950816592875,82.84973907470703,7544400.0
2019-03-12,83.01614234653744,83.63181451276691,82.97454656431292,83.24078369140625,7597500.0
2019-03-13,83.19087389136709,84.52205975126016,83.1659151483058,84.18094635009766,9883300.0
2019-03-14,83.98125445824265,84.68012452452122,83.7982152463334,84.29740905761719,8590200.0
2019-03-15,84.66347059273505,85.60361885557164,84.6385118592887,85.2292251586914,30802700.0
2019-03-18,84.91308179763317,85.10444270619894,84.19756833575137,84.45549011230469,8442800.0
2019-03-19,84.78828232715406,84.97963687508714,84.27244515679044,84.77996063232422,7334100.0
2019-03-20,84.63851731189148,85.1210676673237,84.07276270948795,84.63019561767578,7513800.0
2019-03-21,84.26411150429708,85.62026192741436,84.26411150429708,85.27082061767578,8221000.0
2019-03-22,85.26250940693367,85.81994230419228,82.37549728719554,84.58027648925781,11035900.0
2019-03-25,84.58027843237181,85.14602668908752,84.2474804861445,84.82987213134766,6955500.0
2019-03-26,85.22924157489707,86.0945138040567,85.1959611413609,85.7117919921875,6909400.0
2019-03-27,85.4954830152812,85.71179632280516,84.89644787655087,85.6119613647461,6037100.0
2019-03-28,85.95306551797587,86.26090475009626,85.7866697072906,86.15274810791016,6793700.0
2019-03-29,86.4106603869895,86.65193874705388,85.78666659814505,86.56874084472656,7535400.0
2019-04-01,86.71848606502913,86.71848606502913,85.81161193278767,86.22760772705078,6626500.0
2019-04-02,86.20266686390569,86.54378018516272,85.91147101707811,86.31914520263672,6088800.0
2019-04-03,86.1776988531563,86.43561424007896,85.487144242423,86.26921844482422,5226500.0
2019-04-04,86.09452724517686,86.25260139466025,85.52045078534161,86.05292510986328,4786100.0
2019-04-05,86.20265859691978,86.26921945483802,85.83658022596217,86.2359390258789,4281800.0
2019-04-08,86.46889537338801,87.47560454234728,86.11113869784108,87.33416748046875,8468600.0
2019-04-09,86.9847438234058,87.15946133687119,86.64362414407314,87.07626342773438,5820300.0
2019-04-10,87.07624619305639,87.35912029765208,86.72680488769561,87.06792449951172,5394300.0
2019-04-11,87.00970884455315,87.40074602808684,86.834991318471,87.1511459350586,5078400.0
2019-04-12,87.15113458016978,87.40904998779297,86.66857784857082,87.40904998779297,6707900.0
2019-04-15,87.34249030308192,88.008079845718,87.18440985094416,87.96648406982422,5639200.0
2019-04-16,88.17449341649977,88.60712635788815,87.89993460013736,88.54056549072266,8136100.0
2019-04-17,89.03993592297871,89.24102818238913,88.26910143911884,88.68803405761719,6778100.0
2019-04-18,88.83047238098325,89.4086014580903,88.67128232782981,88.8556137084961,7248900.0
2019-04-22,88.92262988009722,89.81914537333215,88.59586296898195,88.82209014892578,9057200.0
2019-04-23,87.1463653887878,87.23015063429393,85.57117464669268,86.4341812133789,15979800.0
2019-04-24,86.56823007504975,87.68259229776613,86.12416255277734,86.87824249267578,10094800.0
2019-04-25,86.38389014270534,86.7776877607174,85.95657715375572,86.53470611572266,6085300.0
2019-04-26,87.09608552254545,88.71316562425845,87.06257653965356,88.6964111328125,7747400.0
2019-04-29,88.4534181004613,88.60423407372974,87.74123404596165,87.79150390625,4787600.0
2019-04-30,87.85852251687106,89.33316667494559,87.69095207744549,89.21586608886719,8251300.0
2019-05-01,88.93939477688144,89.14048064070221,87.81665205303979,87.91719818115234,6733800.0
2019-05-02,88.143413498014,88.61262234095884,88.01773883619339,88.4450454711914,6270300.0
2019-05-03,88.80533373950016,89.1572419935416,88.46181232001763,88.88074493408203,4793400.0
2019-05-06,88.07639080233562,88.66289387656454,88.00936005316545,88.54559326171875,4890400.0
2019-05-07,88.00097671220766,88.46180510706549,87.2217618578869,87.72447967529297,6021700.0
2019-05-08,87.96743125106245,88.62096482940143,87.27200826450274,88.03446197509766,5392600.0
2019-05-09,87.69934017802356,88.00935257228123,86.9536407360017,87.33905792236328,6901700.0
2019-05-10,87.12122484429909,88.93939076356183,87.07094858630931,88.82209014892578,5815800.0
2019-05-13,88.0931458994992,89.30804787264782,87.85016422638866,88.90587615966797,7575500.0
2019-05-14,88.62096638055567,89.23261056137967,88.45339595993634,88.47853088378906,7004000.0
2019-05-15,88.48693003752174,89.65156196663058,88.39476436896754,89.40019989013672,5535600.0
2019-05-16,89.43372642019939,91.0591868949193,89.30804536626881,90.58160400390625,9284200.0
2019-05-17,89.8777942427438,90.48943863133557,89.86942019354954,90.02861022949219,6370200.0
2019-05-20,90.0202433854995,90.59836605397116,89.76888125666524,89.9280776977539,6565300.0
2019-05-21,90.04536093948016,90.10401123923364,89.05667989191932,89.12371063232422,5226400.0
2019-05-22,88.88909499810423,89.69345102537729,88.76342036172032,89.41695404052734,4889700.0
2019-05-23,89.38346210697344,89.67671365608862,88.72154781473954,89.45049285888672,6175600.0
2019-05-24,89.77725528932972,90.02023695854741,89.26615701828626,89.39183807373047,4372100.0
2019-05-28,89.40019226064523,89.86102056408878,87.48986109801126,87.52337646484375,7615500.0
2019-05-29,87.10446836062837,87.81665252615056,86.88662161141302,87.29718017578125,7137300.0
2019-05-30,87.44798484687975,88.28584996660395,87.44798484687975,88.25233459472656,4729200.0
2019-05-31,87.88367025403815,87.89205069495176,85.80576837570163,86.22470092773438,10282300.0
2019-06-03,86.42579953142308,87.10446832041387,85.79740061053403,86.97041320800781,8532900.0
2019-06-04,87.14633465813941,88.05960437919515,87.01227319868046,87.70770263671875,6906400.0
2019-06-05,88.1769302757784,89.44210849494776,87.88367873952168,89.42535400390625,6481700.0
2019-06-06,89.52588794779506,90.22131754053824,89.09020089243522,89.96995544433594,6681600.0
2019-06-07,90.27160517586154,91.64570374952396,90.27160517586154,91.13460540771484,8063400.0
2019-06-10,90.75756501871359,91.34406814576288,90.0370003812504,91.09271240234375,4767000.0
2019-06-11,91.27701938887532,91.83000699053335,91.21836909184486,91.64567565917969,8074400.0
2019-06-12,91.83001820471682,92.7181596012976,91.81326371454905,91.89704895019531,7687800.0
2019-06-13,92.14841271233847,92.96113654441675,92.04786659230639,92.92762756347656,8611400.0
2019-06-14,92.97789548890741,93.63142927448162,92.70977890014866,93.17060089111328,6438100.0
2019-06-17,93.13710901121905,93.17899844041398,92.36626808365493,92.99466705322266,6020000.0
2019-06-18,93.38008957841984,93.47225527720474,91.68760440441622,91.83003997802734,7731200.0
2019-06-19,91.74624012901292,92.77681714585968,91.54515426928826,92.51707458496094,7028000.0
2019-06-20,92.81869712554754,93.85764808620652,92.58409591434103,93.623046875,7044200.0
2019-06-21,93.52250910768714,94.23469319728972,93.01978491041126,93.17060089111328,13799400.0
2019-06-24,93.69008807357852,94.25983667540156,93.33818621750072,94.11740112304688,5518100.0
2019-06-25,93.93306726777426,94.36875435533337,93.26277255663274,93.6063003540039,6805600.0
2019-06-26,93.32980246834748,93.37169828456923,91.88029927769291,91.93894958496094,7170300.0
2019-06-27,92.09812793118738,92.3913794302984,91.57027523278752,91.98082733154297,5613300.0
2019-06-28,93.72359899441962,93.80738423344555,91.34405857317843,91.87191772460938,12152000.0
2019-07-01,92.09812366481833,92.75165737324943,91.83838754798109,92.5757064819336,6775900.0
2019-07-02,92.67627496961332,93.42197452392764,92.40815834775204,93.40522003173828,6578200.0
2019-07-03,93.80737992029806,95.74284634014387,93.70683380264754,95.58365631103516,6223300.0
2019-07-05,94.6536121415935,95.05578377063814,94.03359381791473,94.80442810058594,8694800.0
2019-07-08,94.96364277201712,95.70934871300743,94.93013378789581,95.55853271484375,5317800.0
2019-07-09,95.43284010102282,95.44122054224111,94.10901165429443,94.60335540771484,7537700.0
2019-07-10,95.06418537672374,95.93556595687028,95.01391551000128,95.30716705322266,5600700.0
2019-07-11,95.23176438129302,95.85178285687444,95.0474330093191,95.83502197265625,4625300.0
2019-07-12,95.57527311369574,96.53043883041872,95.57527311369574,96.34610748291016,7058600.0
2019-07-15,96.41314792123997,97.09181668494602,96.17854668896648,96.75667572021484,6240700.0
2019-07-16,96.95774605314475,97.62803426768807,96.73151890652898,97.10018157958984,7644300.0
2019-07-17,96.96615415631074,97.43535667958628,96.96615415631074,97.14210510253906,7861700.0
2019-07-18,96.91944519445842,97.62780662156676,96.80138495660704,97.34952545166016,5828700.0
2019-07-19,97.40014943025652,97.77962795841192,96.9869384765625,96.9869384765625,6547000.0
2019-07-22,97.01221832135705,97.35796436030074,96.62430514980507,97.23147583007812,4018800.0
2019-07-23,97.57723509391221,97.86395748014633,96.00027805412962,96.00871276855469,8194600.0
2019-07-24,96.00871158015947,96.03400928931951,94.68474451910079,94.95459747314453,9635900.0
2019-07-25,94.0100986343399,95.27503533783111,93.92576437373319,95.09793853759766,7809400.0
2019-07-26,95.46899487434135,96.87728961791993,95.19070723745182,96.75080108642578,5559600.0
2019-07-29,96.75080037094524,97.99886772033341,96.65803782600139,97.82177734375,7768700.0
2019-07-30,101.04315763518379,102.67914472414154,100.18300338835341,101.54070281982422,18788800.0
2019-07-31,100.90822539342241,101.76837956364722,98.72409789800076,99.5420913696289,12641800.0
2019-08-01,99.98058808231757,100.4949961542592,98.43737030029297,98.43737030029297,11308600.0
2019-08-02,98.25185544158435,98.73253114831152,97.56035694359439,98.19282531738281,12266100.0
2019-08-05,97.89768483351527,98.07478166989773,95.14855980244617,95.35938262939453,12974800.0
2019-08-06,95.84002870064093,96.97847032640831,95.44368087946411,96.37129974365234,9490600.0
2019-08-07,95.92437717437255,98.0241705303955,95.02205581786457,97.41699981689453,9507600.0
2019-08-08,97.41699360960968,99.07827825213896,97.26520094090647,99.03611755371094,7416600.0
2019-08-09,99.18791354890041,99.54209430981912,97.69528451762672,98.47954559326172,6939500.0
2019-08-12,98.47955249155437,99.23008119960804,97.47603383152232,97.84708404541016,4996200.0
2019-08-13,98.2518665374074,99.5673988446373,98.10850213346944,98.87590026855469,6722000.0
2019-08-14,98.20970271603123,99.45777665425742,97.5350735453106,97.64469909667969,10148300.0
2019-08-15,98.49641877931916,99.58425881025771,98.1928334201451,98.99395751953125,7758000.0
2019-08-16,99.55896755554174,100.8070414945736,99.17105433452153,100.50345611572266,8302400.0
2019-08-19,101.16966828335997,101.57444454441229,100.4444371790217,101.39735412597656,5867100.0
2019-08-20,101.23712023835368,101.41421063422428,100.17457142932824,100.267333984375,6744300.0
2019-08-21,100.57933194159182,100.89978669403224,100.08179325471977,100.52030181884766,4037400.0
2019-08-22,100.41910230029228,101.01783818877445,100.0986475756115,100.70581817626953,4558400.0
2019-08-23,100.46971870705862,101.28771224649802,98.18440019851235,98.93492889404297,7336800.0
2019-08-26,99.29753881051651,100.85762624392149,98.85059550387739,100.62150573730469,5661500.0
2019-08-27,101.18652779621846,102.08042100671994,101.0094373838801,101.65877532958984,6996300.0
2019-08-28,101.58283841721462,102.4008317595364,100.88290530638257,102.37553405761719,4600300.0
2019-08-29,102.70445646688809,102.88154688208783,101.46481712668731,102.19004821777344,5011500.0
2019-08-30,102.84779862519439,102.8815310467741,100.78173766539864,101.38890838623047,6007100.0
2019-09-03,101.01785284667183,102.49361243537354,100.88292316748023,102.3418197631836,4959300.0
2019-09-04,102.7550474082948,103.96095426912599,102.4261643038683,103.90192413330078,5586900.0
2019-09-05,103.92721425576316,104.08744165579097,103.03332756887492,103.5224380493164,7491900.0
2019-09-06,103.72481413480203,104.04526246392815,103.33690096781743,103.61518859863281,5306900.0
2019-09-09,103.48028810641327,103.53931824773684,102.69602683808425,103.02490997314453,7662400.0
2019-09-10,102.0635439006177,102.19003888100367,100.84077410242456,101.09375762939453,9582200.0
2019-09-11,101.07688528190377,102.32495267393125,100.65523967549963,102.26592254638672,7565500.0
2019-09-12,103.4296700714742,103.90191109883335,102.56108113880943,103.5308609008789,6194300.0
2019-09-13,102.72972949827931,103.370632585364,102.45987658273854,102.98271942138672,6777400.0
2019-09-16,102.72131659936292,102.84781158777947,100.36853297650357,100.98413848876953,9626700.0
2019-09-17,100.88292343375518,102.87309117047566,100.72270248154378,102.17316436767578,6377100.0
2019-09-18,102.26590549875992,102.84777839741643,101.84425996264369,102.38397216796875,5684200.0
2019-09-19,102.36709993926061,103.07546776610639,102.240604995131,102.79718017578125,4525800.0
2019-09-20,102.99114554011472,103.38749340889444,102.67069722019535,103.08390808105469,15362000.0
2019-09-23,103.05019388864936,104.37416096718604,102.85624049332726,103.91035461425781,6060400.0
2019-09-24,104.31509751097676,105.18369267355006,104.02838164989815,104.23920440673828,7633200.0
2019-09-25,104.19705433191189,104.42474654948512,103.68264620634389,103.7416763305664,5812600.0
2019-09-26,104.26453282730337,105.41140947711857,104.17177027225935,104.82953643798828,6984800.0
2019-09-27,104.91385910500689,105.31020055639632,104.33198613025466,105.04878234863281,5589800.0
2019-09-30,105.04878482134794,105.71498564327302,104.6777346334906,104.88855743408203,5206900.0
2019-10-01,104.87169255057094,105.107813053569,103.89347168523472,104.44161224365234,5415700.0
2019-10-02,103.89349410497032,104.27297908136647,101.37205471269569,102.10572052001953,6755100.0
2019-10-03,102.60323184022373,103.33689745091304,101.90329864731561,102.66226196289062,5171000.0
2019-10-04,103.0417826813608,104.61873354992994,102.87312053378452,104.5681381225586,4377900.0
2019-10-07,104.17178553895637,104.475370957446,103.4549891362236,103.58991241455078,4749700.0
2019-10-08,103.43809883728338,103.66578462415299,101.93703513814624,101.97920227050781,5545300.0
2019-10-09,102.72130539720577,103.21041586771578,102.40085703745869,102.86466979980469,3775600.0
2019-10-10,102.31653964478502,103.04177071060252,101.86959626478635,102.83094787597656,3943400.0
2019-10-11,102.91526630070037,102.93212929505353,101.88644993251016,102.1141357421875,6292200.0
2019-10-14,102.56108864532358,102.56108864532358,100.84077364771665,101.23712158203125,7360200.0
2019-10-15,101.35516244405639,101.66717604289401,98.412071783394,98.8337173461914,11113900.0
2019-10-16,99.23006738658852,99.31439521424213,98.25185300496504,99.11200714111328,7973100.0
2019-10-17,99.55841692813598,99.83848223004497,98.91342629179339,98.98131561279297,5956900.0
2019-10-18,98.91340888823976,99.93181974794096,98.59090715191232,99.6941909790039,9016700.0
2019-10-21,99.651776333261,101.09453292138858,99.59236912800807,101.06058502197266,6731600.0
2019-10-22,105.23608405122472,105.42279426858994,103.1992553229952,103.69149017333984,14410500.0
2019-10-23,103.53023114221642,105.0069355774208,103.4029281426437,104.38739776611328,8249300.0
2019-10-24,105.0323798186238,106.73821775358887,104.67593017596222,105.9065170288086,6725600.0
2019-10-25,105.93199552747356,105.93199552747356,104.53167542903523,104.59957122802734,6093300.0
2019-10-28,104.79476928710938,105.337922725389,104.04792845330009,104.79476928710938,5459500.0
2019-10-29,104.55713392787206,105.71133660222972,104.47226741723688,104.8966064453125,5659800.0
2019-10-30,105.22758077061206,106.22902104451754,104.81173037400276,106.03382873535156,4734500.0
2019-10-31,105.90653598657266,106.46666013976524,104.69292610060572,105.66890716552734,6399500.0
2019-11-01,105.9404931722669,106.20358132221395,104.59958016465868,105.12576293945312,6010200.0
2019-11-04,105.16818862638385,105.16818862638385,100.6871692931595,101.0521011352539,10351400.0
2019-11-05,100.84841445064268,101.49340510809104,100.34769103312651,100.90782165527344,9239600.0
2019-11-06,101.07754971882856,102.13839723156794,100.70413579727587,102.1129379272461,6756300.0
2019-11-07,102.12991023062389,102.12991023062389,100.8314338907725,101.51886749267578,8909700.0
2019-11-08,101.71406447894341,102.34208443211836,101.12848101884641,101.58676147460938,4249900.0
2019-11-11,101.40004621496281,101.84135590827643,101.0690558513538,101.27274322509766,3850400.0
2019-11-12,101.40851955953651,101.50187464570126,100.6107667435357,101.22180938720703,4759600.0
2019-11-13,101.75649685010671,102.73247787726673,101.73103754525116,102.39300537109375,7262800.0
2019-11-14,102.36752971320865,102.83429866909393,101.93470217510904,102.26568603515625,5188300.0
2019-11-15,102.68156994482476,102.68156994482476,101.81592106063816,102.29966735839844,7108600.0
2019-11-18,102.05350432945765,104.01394795396479,101.98560855222767,103.4453353881836,7493700.0
2019-11-19,103.47932117501095,104.20069626630678,102.80037610385014,103.04649353027344,5989000.0
2019-11-20,103.04646845702644,103.86119845923943,102.63061810144761,103.78482055664062,6480000.0
2019-11-21,103.35198863079546,103.99698561659298,102.07897184232306,102.12989044189453,7094200.0
2019-11-22,102.03655240345508,102.3590476923094,101.32365956112065,102.08747100830078,4414900.0
2019-11-25,102.21478560602417,102.6221474408604,101.85833590691793,102.2741928100586,5134300.0
2019-11-26,102.46089265749869,103.83574680470755,102.18931597009579,103.75936889648438,8235200.0
2019-11-27,103.89516902683862,103.91214621438701,102.65609980670203,103.33504486083984,3751400.0
2019-11-29,103.53023055353812,104.07338397205379,103.29260174229994,103.58963775634766,2927300.0
2019-12-02,103.48778963088219,104.20067598946748,102.65608240430053,104.1497573852539,6146200.0
2019-12-03,103.80181723244215,104.35345929717008,103.36899605964494,104.344970703125,6396200.0
2019-12-04,104.17520650767203,105.72828853341167,104.12428790843407,105.68585205078125,6857300.0
2019-12-05,105.4652103329873,105.77073492553865,104.9475227191133,105.76225280761719,7029200.0
2019-12-06,105.85560284593299,106.46664552693956,105.14271000574368,105.3973159790039,7150900.0
2019-12-09,105.49916977245692,106.20357413096086,105.38884395331408,105.97443389892578,7452800.0
2019-12-10,105.89804520538036,105.974429596224,105.33792106375867,105.46521759033203,4740100.0
2019-12-11,105.46522083869156,106.31389890811819,105.29548781476616,105.79621124267578,4823300.0
2019-12-12,105.89804736035796,106.72975470866002,105.13423581087643,105.7198257446289,5897800.0
2019-12-13,105.41431390856559,106.71279046270224,105.05787063388112,106.48365020751953,5471600.0
2019-12-16,106.48362727767454,107.23046156974972,106.38178358902373,106.56000518798828,8281900.0
2019-12-17,106.58549110159827,106.91648155362381,105.49918405104505,106.34786224365234,8832200.0
2019-12-18,106.34783775307726,106.8231018344225,104.97298354160164,105.24456024169922,8607600.0
2019-12-19,105.37185513678286,106.25447448808251,105.15119706150855,106.016845703125,6629100.0
2019-12-20,107.06074579632036,107.44264835915936,106.11022397394527,106.39028930664062,16250500.0
2019-12-23,106.52606178539254,106.78066778031013,105.8216639525995,105.99988555908203,6619500.0
2019-12-24,105.90652208019227,106.34783176491466,105.72830048781022,106.27145385742188,2022100.0
2019-12-26,106.1696101725326,106.72125213460977,105.97441787011846,106.27145385742188,4760400.0
2019-12-27,106.560005476952,107.18803184631967,106.41573177381315,107.00980377197266,5192000.0
2019-12-30,106.72974409672221,106.91645428746453,105.35488344435525,105.63494873046875,3884300.0
2019-12-31,105.60100585533088,106.07626347261765,105.19363755844265,105.99988555908203,4798900.0
2020-01-02,105.66040744341043,105.85560622579561,104.33647187994262,104.7353515625,8130800.0
2020-01-03,103.67450163864886,104.83718628799332,103.41989566329957,104.03094482421875,7970500.0
2020-01-06,104.02246200549038,104.54864469546514,103.86121111382568,104.17522430419922,6674400.0
2020-01-07,104.28552750982638,104.56559274257353,103.42836757914871,103.53020477294922,7583400.0
2020-01-08,103.69997327008548,104.75233224183954,103.5387223681999,103.97154998779297,5385100.0
2020-01-09,103.97153928352525,105.13422395139837,103.97153928352525,105.1087646484375,5944000.0
2020-01-10,105.15122511213163,105.50766838465434,104.64201951211342,105.21063232421875,3927100.0
2020-01-13,105.23607582010342,105.99988734280988,105.07482492228219,105.98291015625,8409200.0
2020-01-14,105.78773788636082,106.25450700683761,105.64346414775349,105.82168579101562,7829700.0
2020-01-15,106.1356712133218,107.03527431833568,106.09324119721985,106.89948272705078,4843700.0
2020-01-16,107.02677626396084,107.59538893367711,106.5854601061968,106.99282836914062,6233700.0
2020-01-17,107.23046987277792,107.78211189794416,106.83159015496693,107.2813949584961,11315200.0
2020-01-21,107.28138694244463,107.45960854189248,105.94895629318842,107.00980377197266,8553100.0
2020-01-22,107.2135027611732,107.5105387924223,106.7891637237031,107.19652557373047,7396700.0
2020-01-23,106.11742703426745,108.03829754886978,105.56250758293086,106.70648956298828,11096500.0
2020-01-24,106.90283286318883,108.24317317092637,106.51865490693743,106.83453369140625,9508600.0
2020-01-27,106.50158577469098,107.90168626100028,106.50158577469098,107.30408477783203,9338400.0
2020-01-28,107.50899725393703,108.40540617106952,107.32971677318433,107.59436798095703,6200200.0
2020-01-29,107.49190265901382,107.62849449027583,106.74062479028635,106.7662353515625,5271000.0
2020-01-30,106.53575747581512,107.61997939558583,106.21987861864665,107.52606964111328,5894400.0
2020-01-31,107.56019449021028,108.3797650115778,106.25400376823805,106.3906021118164,6612900.0
2020-02-03,106.42476557972176,107.5260589299788,106.27962819239622,106.8089370727539,6052300.0
2020-02-04,107.321170263029,108.7212709313096,107.0223694826097,107.27848815917969,6512200.0
2020-02-05,107.4919109551948,108.47368395118046,107.05651183979359,108.26025390625,6125400.0
2020-02-06,108.33709353601718,109.3530161341741,108.08097487338068,108.54198455810547,9102700.0
2020-02-07,108.58467677846974,108.65296944585468,107.61143624952444,107.63704681396484,5915100.0
2020-02-10,107.961446806686,108.27732559944766,107.36384532131821,107.7138671875,5216100.0
2020-02-11,107.79925328414944,107.79925328414944,105.8869217446546,105.99790954589844,6105700.0
2020-02-12,105.58810501505978,105.83568463219763,104.87951575015155,105.3917465209961,6031700.0
2020-02-13,105.63079791034099,106.95406024590638,105.45151094557525,106.68087005615234,7159000.0
2020-02-14,106.9626020894278,107.69680196499264,106.5357419996049,107.68826293945312,5889100.0
2020-02-18,107.42361265081344,107.7224134134713,106.56989246415202,106.60404205322266,6767600.0
2020-02-19,106.58696940200889,107.96999851928118,106.41622796137361,107.09066772460938,4734000.0
2020-02-20,107.11628143389615,108.21758134441859,106.82601316025283,108.06391143798828,6094600.0
2020-02-21,107.67972344920155,109.33594918821252,107.55167063350177,108.16634368896484,8723900.0
2020-02-24,106.93700869044577,108.0724517614629,105.12711927428202,105.26371765136719,7533900.0
2020-02-25,105.02465594662783,105.82715501744248,103.19769524302836,103.66724395751953,8903200.0
2020-02-26,103.65869813174295,104.48680771204769,102.31835776864833,102.58301544189453,6894200.0
2020-02-27,101.69514139741761,102.37811357437096,96.83747190876356,96.89723205566406,13298900.0
2020-02-28,93.44820426374136,96.66673278808594,91.06632432923651,96.66673278808594,22784300.0
2020-03-02,96.63258476774689,102.26713639122313,96.08620439900784,102.0707778930664,12399800.0
2020-03-03,102.21592510261375,104.01726877973356,100.00478633945626,100.88411712646484,12510900.0
2020-03-04,102.34396531537921,106.45036350861267,102.10492472467807,106.28815460205078,9459300.0
2020-03-05,103.5562518624329,104.92220273462614,102.68545370346952,103.83797454833984,9363500.0
2020-03-06,100.76460802257972,104.67464863955779,100.35482591770631,103.86361694335938,9817400.0
2020-03-09,98.40831635927253,102.47202599521063,98.28026355067482,99.08275604248047,13116500.0
2020-03-10,101.55856643902413,103.14648672329447,97.69975353626796,102.91598510742188,11419100.0
2020-03-11,100.39749220287159,101.11462054343404,94.48975010061758,95.26663208007812,16456000.0
2020-03-12,87.93317432268144,95.25809467898297,86.22573404457113,86.94285583496094,20988000.0
2020-03-13,90.92119642042478,97.8619389291152,89.99064457878255,97.38385772705078,17378700.0
2020-03-16,86.86602087064821,98.98884378238431,86.22573079052059,92.62863159179688,17367400.0
2020-03-17,95.14711703038773,102.1903089280532,94.56658701343936,100.94387817382812,19451400.0
2020-03-18,96.48746611083553,103.72701717104252,95.69350596578168,100.26944732666016,23139200.0
2020-03-19,99.5522988625383,100.73896925043591,93.72992818842916,94.6177978515625,16428100.0
2020-03-20,93.21771431912889,93.6531069483036,86.72943533808089,87.44656372070312,19922900.0
2020-03-23,85.53423837639534,88.57348054004558,80.53996944368315,83.4084701538086,17776800.0
2020-03-24,86.42210505559315,88.78690731729661,82.01690537381799,88.16368865966797,14625500.0
2020-03-25,85.80742589229106,89.38450938328008,84.1768170552888,86.1574478149414,13789100.0
2020-03-26,88.68444947877128,92.4664301164573,87.5319285446155,91.67247009277344,15796000.0
2020-03-27,90.91265387110123,97.57167342094809,90.91265387110123,94.0543441772461,16073100.0
2020-03-30,97.23874253882147,98.85227336925607,94.07997355113596,98.1778335571289,14571600.0
2020-03-31,96.89723840193315,97.57167811162125,93.01280905888734,93.90921783447266,21691000.0
2020-04-01,92.15908134255515,95.77032019824344,91.3480498603569,93.33721923828125,11095800.0
2020-04-02,91.93713402351726,98.16928781961398,91.77492509488559,97.66559600830078,9168800.0
2020-04-03,97.10212070719537,98.94615921840884,96.4789086922265,98.24610900878906,7768700.0
2020-04-06,99.8852557430607,101.59269601217284,97.81925458064325,100.57676696777344,16848400.0
2020-04-07,99.63767677028363,102.49763793696853,96.0435157620373,96.27401733398438,14438400.0
2020-04-08,97.65704309580188,100.14137174827037,95.49713225446587,98.26318359375,12564500.0
2020-04-09,98.39978878358711,101.30243866914698,97.4948409727735,97.88755798339844,12747300.0
2020-04-13,96.99115133581249,99.6718322121402,96.6069798555455,98.98885345458984,7926700.0
2020-04-14,101.38780943811348,103.70139032234752,99.24496998291144,103.2659912109375,10474200.0
2020-04-15,103.18061342414903,105.36613483012364,102.09638523267088,103.48795318603516,14192900.0
2020-04-16,104.45265051160284,104.58070982630852,102.3610389204236,103.72698974609375,12020200.0
2020-04-17,104.53805538245498,106.70650587650537,102.9074528832764,106.45039367675781,15899800.0
2020-04-20,103.70138755619062,105.20393684239127,102.9074275569709,102.95864868164062,10832000.0
2020-04-21,102.01957075476119,102.70254956599827,101.10609033991857,102.1732406616211,9465400.0
2020-04-22,102.43788828000574,102.68546792759952,101.40488758627421,101.93419647216797,10259400.0
2020-04-23,101.96943054831245,102.84602958343329,101.45378367137043,102.6139907836914,17277000.0
2020-04-24,102.35616597959095,102.92338214459103,101.94365109305082,102.0811538696289,12751100.0
2020-04-27,102.43352549362444,102.43352549362444,100.4654672474942,100.93814086914062,10635700.0
2020-04-28,100.63734713037941,101.33347671486442,99.83809209397548,100.45687103271484,9958000.0
2020-04-29,100.99828523737824,101.45377996143984,98.90132047358779,100.62014770507812,8707900.0
2020-04-30,99.62321949879667,101.65143604931534,99.39977669141112,101.29907989501953,10026400.0
2020-05-01,101.06705492769984,101.72880718202916,99.96700638507122,100.39671325683594,7366400.0
2020-05-04,100.62874186507486,100.72327789180873,98.83257047074295,99.49431610107422,5636000.0
2020-05-05,99.52009309164801,100.77483610521682,99.01303568058373,99.70056915283203,5425200.0
2020-05-06,99.29663220064317,99.8122789665568,97.01918521465325,97.19966125488281,7892200.0
2020-05-07,98.02472006657052,98.09347473307768,96.09963530201118,96.40042877197266,8762800.0
2020-05-08,97.5606342809949,99.94980972635666,97.44891286738245,99.64900970458984,9279900.0
2020-05-11,99.47713551924876,99.70058491658001,98.76382057644918,99.09899139404297,6947500.0
2020-05-12,99.00444489790115,99.60603835684933,98.09346857271206,98.44583129882812,6734400.0
2020-05-13,98.21378547868068,99.13335777140244,97.74111193122496,97.9043960571289,9312600.0
2020-05-14,97.57782144127272,98.35988441182508,95.60976350016062,97.80986022949219,9310000.0
2020-05-15,97.91298925147363,98.65208545345783,96.29729408449705,98.49739074707031,10694800.0
2020-05-18,99.7177570748771,100.54279332847248,98.58333140658277,99.87245178222656,10020800.0
2020-05-19,98.90992563487414,99.38260582150482,96.54653781533388,96.63248443603516,8047600.0
2020-05-20,97.11374297237658,97.77548860144157,96.36605073240464,97.35437774658203,6593800.0
2020-05-21,96.94186566723353,97.28562589357774,95.76446656590588,95.9277572631836,6552700.0
2020-05-22,96.50356523524708,97.6293950849491,96.04807702298005,96.76998138427734,5571900.0
2020-05-26,98.10205702902805,98.10205702902805,95.9793045333984,96.28009796142578,10432400.0
2020-05-27,96.68404700226891,97.94738626552095,96.09964538922739,97.87863159179688,8279700.0
2020-05-28,99.28804975494918,100.5427927937527,98.74662156050819,99.74353790283203,6586700.0
2020-05-29,99.80370606240947,100.31076353179084,98.5059961555777,99.62322998046875,7868000.0
2020-06-01,99.69197599821761,100.98109637750491,99.05601178034138,100.76624298095703,5105600.0
2020-06-02,100.61156172736739,101.53113412528916,100.39670830208841,101.4623794555664,6327900.0
2020-06-03,101.49673154023426,102.43349565094316,101.36781820577649,101.86627960205078,6171000.0
2020-06-04,101.41081655491132,102.12413149922766,99.3224410025676,99.7349624633789,6895800.0
2020-06-05,99.90683787617466,102.12412669041478,99.73495776706703,101.69441986083984,7337800.0
2020-06-08,100.92953781957242,102.37335296614252,100.41388440116442,102.31319427490234,6926700.0
2020-06-09,102.61398581016388,102.92337523269465,101.53971880326687,101.7030029296875,5563200.0
2020-06-10,102.2702122479198,103.03508978136404,101.50533471447555,102.46788024902344,6678200.0
2020-06-11,102.10691334016396,102.76006942009866,99.69196356239038,99.91541290283203,8937500.0
2020-06-12,100.19902020777334,101.45376973021347,99.0560051972732,99.36539459228516,7998500.0
2020-06-15,98.44584357956587,100.79203934740674,97.766905958564,100.28498840332031,8786000.0
2020-06-16,101.86630402013455,102.24444814337332,100.49124342218371,101.52253723144531,8165200.0
2020-06-17,101.7459917635111,102.36477070302499,100.92955133636754,101.35066223144531,6320800.0
2020-06-18,100.94673159873531,103.09526583135816,100.86938751362783,102.5108642578125,6274400.0
2020-06-19,103.55074085602364,104.69376249588868,102.12411771673176,102.20146179199219,17506200.0
2020-06-22,102.08114834527649,102.33897505301563,100.8435906390175,101.19595336914062,5695600.0
2020-06-23,101.98660865530235,102.4335073917383,101.11000968276306,101.17876434326172,5340400.0
2020-06-24,100.74048162624405,101.37644597040214,99.93263059663337,100.05294799804688,6547800.0
2020-06-25,100.54280293960738,101.43659393897674,99.71776660714474,101.31627655029297,5489300.0
2020-06-26,101.05845320704258,101.81474145469362,98.86695221975974,99.03024291992188,23201700.0
2020-06-29,100.13027206858438,101.45376968964975,99.99276275672077,101.11859893798828,6866900.0
2020-06-30,101.38504816380677,103.12106117413872,101.23894938981392,102.7601089477539,7818000.0
2020-07-01,102.82885679284077,103.4648211337531,102.18429647849803,103.11246490478516,6501200.0
2020-07-02,103.98905729701931,105.3383365385183,103.58513181049562,103.88592529296875,6150900.0
2020-07-06,104.65079681708083,105.20082758293275,103.88591919647585,104.53047943115234,6023300.0
2020-07-07,104.24687764222963,105.92273162534441,103.89451490091507,105.03753662109375,6866300.0
2020-07-08,104.9773931908148,105.9141510517228,104.84847981410823,105.61335754394531,6494100.0
2020-07-09,105.55319147129644,106.55011452094855,104.68518178934848,105.26099395751953,5341000.0
2020-07-10,105.33832968856686,106.99699827755133,105.25238963584964,106.4727554321289,6752600.0
2020-07-13,106.5672867069197,107.93375118758858,106.00007058201949,106.61026000976562,7681500.0
2020-07-14,106.55870505944716,107.99393095168715,106.13759417353083,107.50405883789062,6272100.0
2020-07-15,108.26892132119016,109.05958020922786,106.79072897419489,106.99698638916016,8145000.0
2020-07-16,107.49545581827282,107.87359334771385,106.48994346908691,107.22044372558594,3959300.0
2020-07-17,107.50405546844398,108.34628377068543,107.28061262966668,107.9681396484375,4868600.0
2020-07-20,107.83064075835816,108.14861963917137,107.2462391650721,107.63297271728516,4242100.0
2020-07-21,107.84780667769854,108.83613359102502,107.35794120682264,107.48685455322266,5162300.0
2020-07-22,107.8563937338562,108.62986719151569,106.74774953734502,108.40641784667969,5929200.0
2020-07-23,109.07322433822834,109.98994927470638,108.62350548767506,109.10781860351562,6664800.0
2020-07-24,109.82563353068292,110.50020524129383,108.38135752481784,108.93485260009766,6014200.0
2020-07-27,108.71864950720017,109.52294811476006,108.57162881289557,109.24620056152344,6464600.0
2020-07-28,109.2894304475682,111.09694281801428,109.2202419189562,110.59532928466797,7644400.0
2020-07-29,110.31860400988793,111.7715370109426,110.14563925166755,110.96723175048828,6702000.0
2020-07-30,112.99958907827909,114.18441137234373,112.12609539021966,113.6568603515625,10400700.0
2020-07-31,112.99960516198865,113.47526814947214,111.79748226436602,113.39742279052734,8487000.0
2020-08-03,112.83525901688874,114.08926974500885,112.83525901688874,113.54441833496094,7769400.0
2020-08-04,113.09472966803354,115.82760435298827,113.0341847483377,115.70652770996094,7773700.0
2020-08-05,115.53358992086005,116.45031517431339,115.1271154109149,115.40386962890625,5680000.0
2020-08-06,114.89359862258233,115.34330435295631,114.26225812277156,114.77252197265625,3974100.0
2020-08-07,114.92815933020852,115.57678691613332,114.54762903504803,115.49895477294922,4934900.0
2020-08-10,115.6286819826224,116.26866599000861,115.18761994829306,115.97462463378906,5812700.0
2020-08-11,116.12164380068786,116.52811816279205,114.84167580257298,115.22220611572266,5329900.0
2020-08-12,115.68922626050588,117.59186464421421,115.62868134824782,117.15080261230469,5920400.0
2020-08-13,116.82217567895398,117.50539105655834,116.69244221986858,117.42755889892578,4989500.0
2020-08-14,117.28053197586726,117.30647602703405,116.36380697767044,116.83946990966797,5845200.0
2020-08-17,116.70111814938568,117.35838958210006,116.45896482173477,117.1854248046875,5603800.0
2020-08-18,117.45350045986271,118.93237740533144,117.11621458757885,118.05888366699219,8670700.0
2020-08-19,117.2199927977526,117.89457775020688,117.18540512662479,117.41891479492188,6827700.0
2020-08-20,116.96054030573039,118.46534797855676,116.91729582397218,118.3529281616211,4352200.0
2020-08-21,118.13670709534419,119.43396223974536,117.53996761750177,118.86316680908203,5706600.0
2020-08-24,118.90643478879352,120.02206862708847,118.65562468800653,119.78855895996094,7420500.0
2020-08-25,120.21232546100066,120.34204571352831,119.17452385168917,120.26421356201172,4718300.0
2020-08-26,119.84045380797616,120.48908147345419,119.56369966978433,119.68477630615234,4746200.0
2020-08-27,120.07395204306826,120.8090686867007,119.50315652187345,119.52911376953125,6156100.0
2020-08-28,119.62424613991152,120.13449674292112,118.43941061538825,120.01342010498047,4166300.0
2020-08-31,119.51181215698057,119.9788182720264,119.19182672993739,119.63288879394531,5596800.0
2020-09-01,119.2264100069443,119.53775180429305,118.54319469417626,119.5031509399414,5671800.0
2020-09-02,119.4426533630781,122.32256251264963,119.01023480962353,121.51825714111328,8384800.0
2020-09-03,121.71714687628462,122.54738288862723,118.56048435594829,119.57234191894531,7277900.0
2020-09-04,119.1831556630818,120.37663465356016,117.72157937969591,119.3128890991211,7437700.0
2020-09-08,119.79719852032818,119.90097471460916,116.78755692255531,117.56591796875,6847500.0
2020-09-09,117.9810393409192,120.69662647251987,117.85131909433112,119.47720336914062,6002900.0
2020-09-10,119.45129554807984,119.97020308453673,118.05890729483293,118.22322845458984,5242500.0
2020-09-11,119.07940814421833,119.91830108642488,118.6210455918414,119.46858215332031,4398000.0
2020-09-14,119.72801287523141,120.71392633373017,119.63288029606211,119.892333984375,4767400.0
2020-09-15,120.03069784796081,120.87824744287376,119.68476839445213,119.892333984375,4046500.0
2020-09-16,120.70528952054237,121.22418373005658,119.00155981342547,119.0880355834961,6049900.0
2020-09-17,118.53454987414929,119.24372250512225,117.78214595290711,118.93238067626953,4648500.0
2020-09-18,118.40481002352973,119.28693406238351,117.84265818301374,118.80262756347656,10192800.0
2020-09-21,118.48267712879407,118.88915160239047,116.49354925305201,118.23188018798828,7092600.0
2020-09-22,118.04157796483643,120.23825760032977,117.82536876779976,119.3128890991211,4722800.0
2020-09-23,119.71070083791727,119.71070083791727,117.69562963549788,117.88589477539062,6373700.0
2020-09-24,118.1972581810529,118.61237620032445,117.36702214250984,118.41346740722656,5708200.0
2020-09-25,117.52268052973638,119.33884321663358,117.52268052973638,119.01884460449219,4969900.0
2020-09-28,119.83180308820143,121.02528227621897,119.15723133750393,119.35614013671875,5810800.0
2020-09-29,119.68478185263446,119.7107259047468,118.18861766324441,118.70751190185547,4492100.0
2020-09-30,119.48587334018661,120.94744986237842,119.18317513633278,120.20368957519531,8727800.0
2020-10-01,120.7139327281163,121.06851901438142,119.5291104309065,120.41989135742188,5713400.0
2020-10-02,119.28693469326399,120.31609260706541,118.43939831569442,119.45125579833984,6077900.0
2020-10-05,119.97017481805753,120.77446679406091,119.60694490666597,120.54961395263672,6333900.0
2020-10-06,120.57553181991608,121.74306665013664,120.047980902045,120.73985290527344,6042900.0
2020-10-07,121.14636906227936,122.27930342571182,120.53232898324944,121.68256378173828,4640900.0
2020-10-08,121.56146612778544,122.74628839532849,121.38850139619977,122.50413513183594,4569800.0
2020-10-09,122.6684678118661,124.22517693564396,122.54739116870361,123.60249328613281,6551700.0
2020-10-12,123.95706745761949,125.68674115990171,123.95706745761949,124.96028137207031,5791500.0
2020-10-13,124.38086138190286,125.26298560426216,124.0695195397863,124.71814727783203,4509400.0
2020-10-14,124.69219787335244,125.48785956155328,123.74088504884736,124.57112121582031,3860700.0
2020-10-15,123.72354496024305,124.87377943633622,123.57652429438535,124.38947296142578,4997100.0
2020-10-16,124.89976149887426,126.15377254516775,124.46734298660989,124.87381744384766,6806100.0
2020-10-19,124.94296865731467,125.73861689858325,122.05441702559493,122.72898864746094,6427600.0
2020-10-20,125.9289057862789,125.9980943241773,122.72035497260747,123.22196197509766,7582100.0
2020-10-21,123.23062234232283,124.830562789614,123.21332190825846,123.88789367675781,5649700.0
2020-10-22,123.04520710893989,124.14094729574231,122.68865199153896,123.01041412353516,4502900.0
2020-10-23,123.27999824082329,124.2540027733463,123.27999824082329,123.81918334960938,4278100.0
2020-10-26,123.05388420404358,123.53218817466463,121.75811767811285,122.87995910644531,5315500.0
2020-10-27,123.43653399526404,124.65402301332921,123.18433131104229,123.8017807006836,6806700.0
2020-10-28,122.14077946263053,122.56690729585566,119.41011387845698,119.71449279785156,8192200.0
2020-10-29,119.44490123098382,120.95806433584136,118.09695836096019,119.63622283935547,5476900.0
2020-10-30,119.29705271781205,120.0014713425149,117.1229555628471,119.22749328613281,6422000.0
2020-11-02,120.45369130762425,121.74945817527359,119.52318449178206,120.44499969482422,6682800.0
2020-11-03,121.15809337628885,124.06268400870887,121.15809337628885,122.8104019165039,6244200.0
2020-11-04,122.14948638124282,124.35836336033168,121.9842528662236,122.30601501464844,5820600.0
2020-11-05,123.8713595573161,124.81926271635001,123.29739473327078,123.81918334960938,5673100.0
2020-11-06,124.07138444969169,125.28888691248227,123.81919499883738,124.55838012695312,4702300.0
2020-11-09,127.09772364944217,127.76734933755166,119.66232145239161,120.00148010253906,12664700.0
2020-11-10,120.09711530875768,122.28859537954712,119.27094789000292,121.97552490234375,7854000.0
2020-11-11,123.35825423113518,124.35833342283608,122.31467718111094,123.54957580566406,5554300.0
2020-11-12,123.74092770141348,123.96704233440224,122.67998032750803,123.61917877197266,5631700.0
2020-11-13,123.67135852004358,125.64542934412574,123.38437607975195,125.47150421142578,6466800.0
2020-11-16,125.90628898913698,125.90628898913698,122.84515707237917,123.86263275146484,7976600.0
2020-11-17,123.3930605082404,124.76709153495901,123.27131159547476,123.38436889648438,6396800.0
2020-11-18,123.4800209806579,123.57568178176089,121.45376093521085,121.48854064941406,6097100.0
2020-11-19,121.636395187436,121.85380492403733,120.40150947589683,121.3407211303711,5284100.0
2020-11-20,121.3406992412499,122.05380941808745,120.55802963852877,121.14068603515625,4726900.0
2020-11-23,121.15810576379188,121.70596928291943,119.88842704892565,120.67109680175781,4770600.0
2020-11-24,120.73193995174543,121.61027024449656,120.07101932974162,120.27972412109375,7101800.0
2020-11-25,120.149321648905,121.2189738519861,120.04495595056818,120.60152435302734,8411300.0
2020-11-27,120.52322240725275,120.78411666719418,119.60140752247514,120.54061889648438,4252200.0
2020-11-30,120.01018768959489,121.05375188514188,118.91444727471634,120.76676940917969,11640400.0
2020-12-01,121.01897472017873,121.3494285394764,120.14933566056774,121.20159149169922,7169700.0
2020-12-02,121.20156503954756,121.69726556476627,119.56665298765175,120.32323455810547,6963000.0
2020-12-03,120.08841683396616,120.31453141100529,117.87083527463237,119.43618774414062,8742500.0
2020-12-04,119.32316927406693,119.88842929842546,118.15784296580968,119.54927062988281,6617200.0
2020-12-07,118.80137344339676,119.78406966970581,118.75788884345057,119.73188018798828,6918000.0
2020-12-08,119.15791534605505,120.68847489879059,118.64481835511823,120.05364227294922,6493500.0
2020-12-09,119.86231159129794,120.04492829945801,118.48828076148749,118.62742614746094,6773400.0
2020-12-10,118.72310082078708,119.07095105675133,117.4360257545204,117.84475708007812,6800500.0
2020-12-11,116.93165963390528,118.96661160225582,116.70554501321921,118.71440887451172,6548000.0
2020-12-14,119.1579331366664,119.94929449951067,118.07088444467647,118.14045715332031,6485300.0
2020-12-15,118.61003455493963,119.61011385995013,118.47959404372432,118.83613586425781,5397000.0
2020-12-16,118.88832483524754,120.2449592246852,118.88832483524754,119.37532043457031,5382500.0
2020-12-17,120.01884386534627,120.98414344687494,119.96666766142062,120.2275619506836,7405300.0
2020-12-18,120.23624887616843,121.81030616118542,119.53184361135156,120.91456604003906,19988800.0
2020-12-21,119.97539380543449,120.38411189850194,118.46221727523218,119.5927505493164,6732400.0
2020-12-22,119.3926848775033,120.07101523516549,118.60132378789082,118.74916076660156,5023100.0
2020-12-23,119.4796899818154,119.6188353929058,118.38394972616116,118.56656646728516,6004200.0
2020-12-24,118.44482293031507,120.12323301244712,118.44482293031507,119.76667785644531,2588200.0
2020-12-28,120.1406167667551,121.2189738519861,119.96669162904362,120.60152435302734,3714700.0
2020-12-29,121.07114109111193,121.69728222466449,120.1841056069728,120.37542724609375,5139300.0
2020-12-30,120.53197502286484,120.8102526126153,119.61885138624767,119.81017303466797,3261400.0
2020-12-31,120.27970142766945,121.13194346070726,119.47963558262549,121.00150299072266,4076400.0
2021-01-04,121.45377006160568,121.62769518496167,118.57526747070972,119.8536376953125,8330900.0
2021-01-05,120.0014831507883,120.81024100259265,118.50570309941519,120.6189193725586,6856400.0
2021-01-06,120.67980555319411,122.65387649319315,120.53196851823633,121.88860321044922,10578000.0
2021-01-07,121.53202878476745,121.86249579268387,120.04494051877924,120.74935913085938,7355400.0
2021-01-08,120.41889653143971,120.93198028488852,119.14052631885627,120.69717407226562,7448500.0
2021-01-11,120.66239226420937,121.26244520293531,119.66231287942348,119.87972259521484,7239900.0
2021-01-12,119.87972713751975,120.22757738811178,118.47960798398667,119.18401336669922,6333500.0
2021-01-13,119.22749841521942,120.07104920920568,119.22749841521942,119.36663055419922,6078800.0
2021-01-14,119.5144643191494,119.70578593337608,117.64474604423127,118.09696197509766,6172800.0
2021-01-15,117.6186617663741,118.4448160712494,117.10557799772525,117.20993041992188,7757600.0
2021-01-19,118.01000306240755,118.58396795509974,116.14897623701798,116.18376922607422,9184900.0
2021-01-20,115.25324158626691,116.35768669739443,114.14879647513938,114.73145294189453,12506600.0
2021-01-21,114.30363241569358,115.47598756406809,114.1811491434366,114.61859130859375,8761600.0
2021-01-22,114.62735590371841,115.02105120718122,113.72622605480362,113.73497009277344,7202800.0
2021-01-25,113.69121716600522,116.35961706948875,113.64747027912668,115.69470977783203,9640000.0
2021-01-26,115.70346242616243,116.77082246699038,114.98605080705528,116.43836212158203,5996700.0
2021-01-27,115.8259153160172,116.44708895370373,111.72270640209143,112.31763458251953,10826700.0
2021-01-28,111.84519196659443,115.17849860411091,111.49524362945965,114.0499038696289,8242000.0
2021-01-29,113.90119735453585,113.98867778102999,112.04644677687838,112.16893005371094,8344100.0
2021-02-01,112.86008487989723,113.43751177390271,112.16017470683084,112.8338394165039,6534200.0
2021-02-02,113.38503637105333,114.36490273769745,112.58888827331597,112.6763687133789,6825600.0
2021-02-03,112.81634521484375,113.03506632357733,111.76648656285799,112.81634521484375,7309400.0
2021-02-04,113.19254452149103,113.26253687333597,112.49263435271769,112.8863296508789,6613700.0
2021-02-05,112.96508644705712,113.82248289978426,112.88635004313683,113.35879516601562,5063700.0
2021-02-08,113.67371158865578,113.82245366854414,112.08142909191506,113.00880432128906,7011200.0
2021-02-09,113.26254680677282,113.68248760499634,112.18642932116394,112.57138061523438,5917800.0
2021-02-10,112.64135332022059,113.00005908617202,111.9501939241102,112.17766571044922,8594100.0
2021-02-11,112.45762876060888,113.14879487468178,112.16892867209069,112.27391052246094,6139200.0
2021-02-12,111.98519412061964,112.09893335529453,110.74285997530507,111.65274047851562,8407300.0
2021-02-16,111.95896906232971,112.13394329009571,111.10157932666284,111.91522216796875,8246000.0
2021-02-17,111.27656533502015,113.28880242085226,111.20657297076669,112.3876724243164,8845200.0
2021-02-18,111.81895893994451,113.60373036689943,111.62648332822046,113.32376098632812,6936400.0
2021-02-19,113.16629656055122,113.24503294851044,111.12780773837775,111.21530151367188,8277900.0
2021-02-22,110.92659143508826,111.3202867364863,110.56788563506228,110.74286651611328,6975500.0
2021-02-23,111.79271837629109,113.67371434182998,111.27653982663581,111.56524658203125,10145300.0
2021-02-24,111.41652544154095,112.19517868746543,111.03158084983284,111.687744140625,7263000.0
2021-02-25,111.53900783167147,112.85134107762056,110.48914924471792,110.74286651611328,7790800.0
2021-02-26,110.70788228862182,111.04908669994987,106.57842649785903,108.07447814941406,17718800.0
2021-03-01,108.62564731688593,109.78923846396906,108.48566261281809,108.7393798828125,7740200.0
2021-03-02,108.37192500910825,109.23805863204117,107.98697376565461,108.3981704711914,10206500.0
2021-03-03,108.28444393508133,108.66064451034799,107.42706092390333,107.75077056884766,7537000.0
2021-03-04,107.69825625250118,109.15931143503305,106.33343887718638,106.86711883544922,10228100.0
2021-03-05,107.40081984079927,110.52415714434568,107.2170949023364,110.21794891357422,10490900.0
2021-03-08,110.02546394742932,112.77259375296795,109.64051267571033,111.38153076171875,9224700.0
2021-03-09,111.67897179902842,112.79007181932195,110.28790242104033,110.39289093017578,8859700.0
2021-03-10,110.36665286946199,112.35263724116062,109.7717312941573,111.40776062011719,9070900.0
2021-03-11,111.22405466019042,111.85397251480389,110.86535551649236,111.03158569335938,6941500.0
2021-03-12,111.67899740750254,112.70261725049227,111.67899740750254,112.1076889038086,6521900.0
2021-03-15,112.32638419995988,112.89505360171407,111.27652580843551,112.47511291503906,7172600.0
2021-03-16,112.4313718654954,113.71745280045967,112.4313718654954,112.80757904052734,6485200.0
2021-03-17,112.95632587782372,113.59498775451424,112.29141853700048,112.35265350341797,6192900.0
2021-03-18,112.16894849725333,112.89509089022307,111.14532855135971,112.5976333618164,6871300.0
2021-03-19,112.94756866575453,113.5074940847386,111.89770349903125,111.99393463134766,20262100.0
2021-03-22,111.99394331634073,114.513614572004,111.99394331634073,113.89244079589844,8077600.0
2021-03-23,114.09366013825868,116.61331774225975,113.72621034912675,116.00965881347656,9503800.0
2021-03-24,114.55738460551504,116.4821279370536,114.27741514290935,115.97469329833984,8318000.0
2021-03-25,116.43835952784455,116.90204718365013,115.52848564183257,116.7795639038086,7517300.0
2021-03-26,116.552086413329,118.64305933659615,115.90466723155983,118.5030746459961,10821200.0
2021-03-29,118.10939737047943,120.38410221526313,118.10939737047943,120.35785675048828,11176000.0
2021-03-30,119.5179436283343,119.85914796812517,118.23186265150524,118.5030746459961,8090600.0
2021-03-31,118.70429388712405,119.64042648390972,118.33684408781818,118.4855728149414,9202600.0
2021-04-01,118.15314165900531,118.52933554560927,116.64833941323629,117.47947692871094,9117800.0
2021-04-05,118.07439868642521,120.0778779899595,117.87316567256248,119.37796783447266,8279100.0
2021-04-06,118.98428020547162,119.87666604492213,118.66932128270535,119.42172241210938,6180600.0
2021-04-07,119.96416090644072,120.14789252918668,119.20301564723253,119.6317138671875,10244500.0
2021-04-08,119.77166523746786,120.41034044106414,119.5004532179816,120.08662414550781,6190300.0
2021-04-09,119.43045904532015,120.09537970197562,118.5993215741767,119.30797576904297,5855400.0
2021-04-12,119.42171946896471,119.89415116663268,118.73056667336824,119.78916931152344,6440900.0
2021-04-13,119.00176773907049,119.32547066229596,117.96939731009508,118.20561981201172,9161200.0
2021-04-14,118.56433077020316,118.80053993277781,117.7419373458079,118.63432312011719,7584000.0
2021-04-15,118.9580306685116,120.52406784080365,118.87053689030871,120.06913757324219,7945300.0
2021-04-16,120.39281682116837,120.64652736852614,119.75415508498612,120.0778579711914,7708500.0
2021-04-19,119.80667305153034,119.92915633474921,118.45059954824353,119.51795959472656,9149400.0
2021-04-20,117.96941808531713,121.25023482986363,116.8233215718373,120.51533508300781,10040500.0
2021-04-21,120.63780200814831,121.2327303056157,119.5092070749902,119.7279281616211,8465900.0
2021-04-22,119.19083943821938,119.56064025172884,118.03741021237329,118.53929138183594,7338300.0
2021-04-23,118.80341591611759,118.93549626172317,117.32421277796537,117.93174743652344,6708300.0
2021-04-26,117.53553635714574,117.77325680232234,115.49281185356094,115.57205200195312,9910600.0
2021-04-27,115.55446526776804,116.12677320735799,114.717996599782,115.50162506103516,8296800.0
2021-04-28,115.96826551814672,116.09153243458078,115.23746400104253,115.69530487060547,6262800.0
2021-04-29,115.61606247137787,117.09527887475203,115.61606247137787,116.67263793945312,6786800.0
2021-04-30,116.88395577535796,117.69399739714639,116.45251486844518,117.473876953125,9188600.0
2021-05-03,118.01098278930618,119.46377248634343,118.01098278930618,118.86505126953125,8070300.0
2021-05-04,118.84742082687559,119.59583567564954,118.16945956419596,118.46000671386719,9624000.0
2021-05-05,118.31033774184397,118.83863220737692,117.42985592267992,117.50910949707031,8295900.0
2021-05-06,117.993370584456,119.19082646528669,117.91413044056188,118.98831939697266,9771100.0
2021-05-07,118.93547409501797,119.77192905427478,118.6537134916428,118.99710083007812,6299100.0
2021-05-10,119.64864048048773,121.87625778654258,119.47254685281163,121.21589660644531,8852700.0
2021-05-11,121.93794855532737,122.20208238892776,120.15937127691834,120.61722564697266,10973700.0
2021-05-12,120.1769683543439,120.62600924556125,119.29648653503322,119.34049987792969,8853700.0
2021-05-13,119.64870314194557,121.97317517583849,119.20846212465457,121.2599868774414,8753600.0
2021-05-14,121.21594393797989,122.47504006591781,121.21594393797989,121.51530456542969,5989500.0
2021-05-17,121.48009644584226,122.44863197069404,121.16312240453519,121.2687759399414,7690700.0
2021-05-18,120.15058017557656,121.35683622181092,119.87761946886552,120.02731323242188,9239100.0
2021-05-19,119.79835887443622,120.47633366366404,119.38453132835701,120.2738265991211,9806800.0
2021-05-20,120.44111125085138,122.13164829451631,120.37948450508891,121.50650024414062,8768200.0
2021-05-21,121.68259393428858,122.33415536643209,121.31279315445167,121.50650024414062,10161000.0
2021-05-24,121.50650395344853,122.210892170631,121.26877007519329,121.4712905883789,6981300.0
2021-05-25,121.55051972829574,121.92912046763057,120.4058906584196,121.88509368896484,8142400.0
2021-05-26,122.20205034358384,122.26369051198533,121.39200878442273,121.61212921142578,8122900.0
2021-05-27,121.61217866516579,121.75305902015722,118.56571824024395,118.84746551513672,33095700.0
2021-05-28,118.99712026514257,119.86000217759438,118.548079344645,118.73298645019531,10477100.0
2021-06-01,119.56062022596643,119.74552731929451,116.64622755626506,116.99842834472656,9993900.0
2021-06-02,117.10408194881687,117.65878979411784,116.6814544374423,117.50910949707031,8254100.0
2021-06-03,117.30660774369478,119.66630638223228,117.28019435970756,119.61347961425781,11249800.0
2021-06-04,119.48140233153578,120.2914441431797,119.2172550497828,119.70152282714844,6894400.0
2021-06-07,120.06249916917929,120.4851266727061,119.4637645570207,120.11532592773438,8418000.0
2021-06-08,120.34425794827405,120.40589812924797,118.64493435404873,118.72417449951172,6911500.0
2021-06-09,119.34928939321354,120.13291751806408,118.63610141201158,118.68011474609375,6200700.0
2021-06-10,118.88265423912333,120.05369662406957,118.53045346446704,119.56061553955078,6515500.0
2021-06-11,119.52540377351232,119.6310572897752,117.8965070773343,118.74177551269531,10641400.0
2021-06-14,118.84744675597433,118.89147353934614,117.949364863612,118.78582000732422,6302000.0
2021-06-15,119.04113718593989,119.42855132922305,118.4688293875082,118.55686950683594,5543400.0
2021-06-16,119.02354407650442,119.37574491910902,116.79592580799793,116.91039276123047,8936400.0
2021-06-17,116.9456068808571,118.12544934668544,116.79591314205345,117.97576904296875,7875600.0
2021-06-18,117.4034597198236,117.41227313775997,116.17079036668072,116.25003051757812,13997600.0
2021-06-21,116.83114591487339,117.33301361357918,116.57579863923151,117.16573333740234,8014800.0
2021-06-22,117.13929189997124,118.00217373089384,116.99842502367156,117.20973205566406,6550900.0
2021-06-23,117.0600633506101,117.42106414611362,116.50536890163526,117.04244995117188,5796000.0
2021-06-24,117.06004867001364,117.37702264471328,116.83992822744683,117.12168884277344,6056700.0
2021-06-25,117.33301351632623,119.34051117966078,117.06006627610522,118.79461669921875,24504900.0
2021-06-28,118.77700583844538,119.88642165801154,118.65373890683668,119.14682006835938,6065400.0
2021-06-29,119.31407383957405,119.59583444070162,117.82607100828068,118.33673858642578,5792300.0
2021-06-30,118.49526801396794,119.1204027042076,118.23992071281396,118.80342864990234,5776600.0
2021-07-01,119.2436887058591,119.86883693111326,118.79464765510434,119.07640838623047,5922300.0
2021-07-02,119.3933445249454,120.30903973973837,119.23485080531408,119.65747833251953,5572000.0
2021-07-06,119.32290639698974,120.00968117855399,119.18202607382602,119.72792053222656,6534400.0
2021-07-07,119.77194623124826,121.1454957819758,119.77194623124826,120.62601470947266,5532700.0
2021-07-08,120.61721185433765,120.97819919734185,119.6486764582614,120.6083984375,7585200.0
2021-07-09,120.83735005674353,121.19833745275241,120.48514920868917,120.6524429321289,5948700.0
2021-07-12,120.53795473592581,121.03983581780356,120.12412720931701,120.74927520751953,6807300.0
2021-07-13,120.088913056209,121.12788857416773,120.088913056209,120.59959411621094,5603800.0
2021-07-14,120.63481548830192,121.70900443842032,120.07130763209942,121.48888397216797,5903600.0
2021-07-15,121.51528518561699,122.61588740667204,121.24233798440903,122.52784729003906,7357100.0
2021-07-16,122.65113138243606,123.9542408328816,122.48383767178738,123.71650695800781,9346300.0
2021-07-19,123.54922318318292,124.91395934174248,122.21968695310755,123.65487670898438,9544100.0
2021-07-20,123.65482984512859,125.01076550768201,122.95044192487083,122.99446868896484,8136300.0
2021-07-21,123.22341825847761,123.44353869603654,122.37816330189904,122.56305694580078,6954700.0
2021-07-22,121.64159679778825,122.56306453960669,121.12771744589239,122.09347534179688,6013800.0
2021-07-23,121.8099560705495,124.02500480229291,121.45555368130438,123.85665893554688,7906000.0
2021-07-26,123.70602594548293,124.76926005527721,123.35162358860705,124.29080200195312,5925800.0
2021-07-27,124.175628192094,125.47807794573994,124.04273067420553,124.79585266113281,7075400.0
2021-07-28,124.6363617734893,124.6363617734893,122.89977111984703,122.94406127929688,8520000.0
2021-07-29,123.83009276491575,124.20221936956476,122.91749367074618,123.5820083618164,5430500.0
2021-07-30,125.81478159697507,128.06526540368338,125.41607548597227,126.01856231689453,14394300.0
2021-08-02,125.6109723851592,126.19573490618353,124.7515324974863,125.70843505859375,7009500.0
2021-08-03,125.69072586063231,127.77287707772628,125.38948247760986,127.5425033569336,8455700.0
2021-08-04,126.7362121341259,127.66653523084797,126.12487008958963,126.19573974609375,6628000.0
2021-08-05,127.0109346841511,127.18813592760186,125.34521325261969,126.2578125,5363300.0
2021-08-06,126.7273931417174,126.80713166783443,125.12369969173425,125.29204559326172,6030100.0
2021-08-09,125.77045485211411,126.33750674413005,125.54894999555188,125.97423553466797,4743800.0
2021-08-10,125.73501806643537,126.26662160215942,125.51351321332119,126.05398559570312,5253500.0
2021-08-11,126.47044440086094,126.91345420727053,126.23121531991558,126.3641128540039,4205000.0
2021-08-12,126.83369534974675,126.83369534974675,126.12489051325973,126.656494140625,4956100.0
2021-08-13,126.65645914204654,127.57792680619046,126.42609898580152,127.26781463623047,4888800.0
2021-08-16,127.29444472381621,128.1981885752371,127.03750496741348,128.1538848876953,6040800.0
2021-08-17,127.94123220545814,129.0044666024016,127.48936705046803,128.3665313720703,7577000.0
2021-08-18,128.20701271320982,128.3665032456401,126.86025935319948,126.96659088134766,7162000.0
2021-08-19,126.842556668614,128.72091370906028,126.842556668614,128.46397399902344,5787200.0
2021-08-20,128.6943176179756,129.34110799332623,128.27788741915975,128.55255126953125,5273800.0
2021-08-23,127.84376197689087,128.77408525965475,127.79060296409057,127.89693450927734,4522200.0
2021-08-24,127.59566545879142,127.71970765007954,126.68306644011783,126.86026763916016,4560400.0
2021-08-25,126.76281740394302,126.81597641124961,126.03627491852691,126.40840148925781,3861500.0
2021-08-26,126.31092419494125,126.44383521742147,125.3451662883344,126.18688201904297,4749400.0
2021-08-27,126.24004581549991,126.49699902363894,125.49579273183936,126.08942413330078,4741200.0
2021-08-30,126.34637365998502,126.69192069015779,125.859060279079,126.63874816894531,3845800.0
2021-08-31,126.73624672895676,127.17040123115922,125.85909591455462,126.16033935546875,9642400.0
2021-09-01,126.1071608529737,127.75515771335915,126.0185534924729,127.4450454711914,6214200.0
2021-09-02,127.5602275322833,128.23359748014255,127.21468047067884,127.5425033569336,5392500.0
2021-09-03,127.37416553416165,127.91463799999195,127.16152949487459,127.63111877441406,5466400.0
2021-09-07,127.8703667408025,128.0298437938427,126.95775403214085,127.15267944335938,6520600.0
2021-09-08,126.77165495533997,128.41965154867682,126.70962710912366,128.118408203125,6897800.0
2021-09-09,128.09186542397387,128.3665293483389,127.27671546061174,127.57797241210938,6354700.0
2021-09-10,127.63998324610618,127.99439920294823,126.98433738522458,127.70201110839844,5750000.0
2021-09-13,128.33994824917045,130.4486657659819,128.33994824917045,129.07533264160156,9952500.0
2021-09-14,129.47404532134664,129.6778260389001,128.42853518862185,128.85382080078125,5831800.0
2021-09-15,128.78294156086093,129.15506813379298,128.24246911740573,128.5791473388672,6237100.0
2021-09-16,128.33104022204287,128.6411524043398,126.54129085780737,127.68424987792969,6142100.0
2021-09-17,127.91464865995796,129.6069493847702,127.79060645350812,127.88806915283203,18737400.0
2021-09-20,127.78171703806974,128.33991357798624,125.78817341789131,126.60330963134766,10238700.0
2021-09-21,126.68307667730579,128.0564097401356,126.59448283041786,126.79826354980469,6651300.0
2021-09-22,127.42736255365492,127.8969519234441,126.57677767427772,127.23243713378906,6332500.0
2021-09-23,127.63997060618787,128.19816723319556,127.1349465071307,127.75515747070312,5171200.0
2021-09-24,127.40960759854946,127.98551486930742,126.78052780100873,127.18810272216797,5009400.0
2021-09-27,126.83371817122642,126.85144235120345,125.38951521341903,125.51355743408203,5749700.0
2021-09-28,124.97308099076541,125.25660026367653,123.65290677491978,124.56550598144531,7015300.0
2021-09-29,124.28197001072168,126.41726691914593,124.20221797380414,125.83250427246094,5460000.0
2021-09-30,126.38183190440034,126.47043926992198,123.62631047954146,123.86553955078125,6934900.0
2021-10-01,123.98069959799044,124.24650814644542,122.55422121110361,123.67060089111328,5587200.0
2021-10-04,123.50225920473926,124.39713404457571,121.91629022728955,122.97064208984375,5816000.0
2021-10-05,122.97949983302372,124.50345433722777,122.90861665613242,123.44908905029297,6902700.0
2021-10-06,123.14786655729979,125.15912127414308,122.82003011867313,125.09710693359375,5332900.0
2021-10-07,125.59325953320459,126.72736337017403,125.59325953320459,126.09829711914062,5334600.0
2021-10-08,126.07171504646698,126.36410311852119,124.96419061577012,125.57554626464844,6131800.0
2021-10-11,126.14258727685362,126.49700317564667,125.6109837080403,126.09829711914062,5995600.0
2021-10-12,126.34637821083258,126.73621541001556,125.54895259892312,125.91222381591797,6734800.0
2021-10-13,126.16917963743867,126.48814721906687,124.95533716938003,126.20462799072266,5689800.0
2021-10-14,126.55017384275347,127.86147899017018,126.5324496662844,127.63111877441406,6777800.0
2021-10-15,128.047545959258,128.35764468227597,127.30327928092765,127.95893859863281,6923700.0
2021-10-18,127.18805595295325,127.32095342207958,125.90333084627287,126.115966796875,9119000.0
2021-10-19,123.22759005031737,124.76926880192812,122.97950567919624,124.62750244140625,9555300.0
2021-10-20,124.17563033989472,125.77933702780089,123.90983529952047,125.11482238769531,7352700.0
2021-10-21,125.57838302271371,125.84583934798975,124.08063576320416,124.21437072753906,6545500.0
2021-10-22,124.26786384572124,125.71210901061748,124.20546507611665,125.55164337158203,5265000.0
2021-10-25,125.1772286185406,125.6318949336988,123.96477150805572,125.56949615478516,5382100.0
2021-10-26,126.25591617965705,127.6466726249973,125.91715089386429,127.35248565673828,6234900.0
2021-10-27,127.61103966889983,128.09245021068733,126.31834986261988,126.44316101074219,9643500.0
2021-10-28,126.49666957682649,127.37927158039767,126.33620390530284,127.20095825195312,4538500.0
2021-10-29,126.73735356269655,127.91414236958165,126.61254242252095,127.47731018066406,6239500.0
2021-11-01,127.80719599602402,128.19946356039426,127.03158469590842,127.1653060913086,5038900.0
2021-11-02,127.23654524258502,128.89475747483033,126.8442779355223,128.43116760253906,9954300.0
2021-11-03,128.49362288673348,129.3673007968078,127.94980004810304,129.31381225585938,7620100.0
2021-11-04,127.34359027852938,129.6169489466709,126.8978342103995,129.55455017089844,6402500.0
2021-11-05,129.66151207579261,130.49061173570075,129.09094491960164,130.1964111328125,6062700.0
2021-11-08,129.71498944727603,130.2499020616116,128.39555556287914,129.2246551513672,5854400.0
2021-11-09,129.29599846002037,130.00921085896343,128.89482073667585,129.616943359375,4873100.0
2021-11-10,129.92898046944245,131.32864741549565,129.79524549022514,130.89181518554688,7334900.0
2021-11-11,130.9274354352761,131.02550228635732,130.34795815377262,130.517333984375,4096300.0
2021-11-12,130.8204829046173,131.12359373631702,130.14292504153053,130.66000366210938,5687400.0
2021-11-15,131.07901939680886,131.7209091795595,130.57977481097942,131.40887451171875,5510200.0
2021-11-16,131.39996412294084,132.46977589171502,131.06118518152775,131.22166442871094,7603900.0
2021-11-17,131.02553279117936,131.74765540663014,130.53519842161558,131.1414337158203,4900200.0
2021-11-18,131.08794863143018,132.01512894248793,130.61544825107453,131.15927124023438,5509300.0
2021-11-19,131.89921462466177,132.14883692845973,130.86505730698715,130.89181518554688,6274300.0
2021-11-22,131.02559170715224,132.78187240023615,130.90078050272297,131.7655487060547,6625400.0
2021-11-23,131.79224965817926,133.2810733941207,131.6496044419055,133.2275848388672,7912800.0
2021-11-24,132.63027819309286,132.72834508247482,131.65851952434565,132.53221130371094,5665200.0
2021-11-26,132.46087725118673,133.4772005609034,131.32865300855806,131.47129821777344,6299800.0
2021-11-29,131.75657963374752,133.42371666745228,130.8650674501137,132.8531494140625,7113300.0
2021-11-30,131.77440144364613,132.42520146828417,128.48471961512743,128.8948211669922,11696400.0
2021-12-01,129.13550145103727,131.8278575381916,129.13550145103727,130.517333984375,8313500.0
2021-12-02,131.06119484091408,132.353898326993,130.99879606486235,131.28407287597656,9468800.0
2021-12-03,131.96159928286824,133.72678908990508,131.64065444491675,133.61981201171875,11200800.0
2021-12-06,133.89621372745216,135.85753776229595,133.89621372745216,135.64356994628906,11935100.0
2021-12-07,135.46528703844578,136.02694412301213,134.8590652229881,135.2869873046875,7913400.0
2021-12-08,135.21561378442624,136.09821549883398,133.97641273675472,135.89315795898438,8329300.0
2021-12-09,135.78620955556607,137.4622567033238,135.15324356484172,136.6866455078125,8334300.0
2021-12-10,137.15910203883115,138.89754740632372,136.78465509501018,138.5944366455078,7172300.0
2021-12-13,138.45186323906813,141.15314442620334,138.1041739853794,140.5647430419922,8944000.0
2021-12-14,140.76976766406395,141.4205813493703,139.66430126795308,141.08180236816406,8677500.0
2021-12-15,140.53794937810554,142.32097335580463,140.53794937810554,141.62559509277344,9152600.0
2021-12-16,141.5097123440464,143.81873903011152,141.23334576857408,143.6315155029297,10852900.0
2021-12-17,143.230322896022,144.17532345076918,140.24375221898327,140.3774871826172,24349400.0
2021-12-20,139.6107848584825,141.26899772519712,139.5840405867124,140.7340850830078,9202600.0
2021-12-21,140.54689161084949,140.99264770679684,139.7801905816841,140.64495849609375,6946000.0
2021-12-22,140.65385917571106,142.267493800929,140.20810315312514,142.03570556640625,6626300.0
2021-12-23,142.19618165258876,143.46212721733917,142.1426931024915,142.73109436035156,5640900.0
2021-12-27,143.2392704987714,144.41607318955946,143.18578194071688,144.3982391357422,4548600.0
2021-12-28,144.3892915454348,145.6552369709129,144.37145749623264,145.17381286621094,5929400.0
2021-12-29,145.50370228327458,147.08166897585298,145.38780135204502,146.37738037109375,5346100.0
2021-12-30,146.5645750638219,146.73396452927,144.9687744854208,145.11141967773438,5911500.0
2021-12-31,145.1916217265584,145.96723268987196,144.8350224247431,145.83351135253906,5327000.0
2022-01-03,144.14858819818045,145.26297828122236,142.5349535344789,145.22731018066406,9317300.0
2022-01-04,144.68348235642594,146.55566307363563,144.58541548831695,145.7354736328125,9253800.0
2022-01-05,145.70873453557263,147.38478157609757,145.67306643496022,146.39520263671875,9330200.0
2022-01-06,146.51109536704823,147.2777963178008,144.9687832417581,145.1649169921875,7556000.0
2022-01-07,145.43236016414446,145.7889595307586,144.38036890686314,145.0846710205078,6098500.0
2022-01-10,144.87964565161155,145.42346864873366,142.79351032628298,143.1055450439453,8055000.0
2022-01-11,142.83806808460605,142.83806808460605,139.88716524456038,141.4473114013672,11957900.0
2022-01-12,141.09074984429066,142.07141894175868,140.70740603562578,141.75938415527344,7127500.0
2022-01-13,142.02679306696356,142.15160421910602,140.66278061733698,141.11744689941406,6551000.0
2022-01-14,140.92134215157532,143.07880007635822,140.46666221640666,142.47256469726562,10708000.0
2022-01-18,141.3314244699524,141.3314244699524,139.1115542498257,139.72669982910156,10988400.0
2022-01-19,140.5112346250745,146.37738637646294,139.94066737648274,144.4249725341797,14088300.0
2022-01-20,143.51967614581005,147.29321360878393,143.51967614581005,145.20477294921875,10799100.0
2022-01-21,146.10109093495413,148.20746182714697,145.29440326556048,145.76048278808594,10900400.0
2022-01-24,146.4865422773793,147.10500936625124,142.26485474552493,144.57737731933594,14838100.0
2022-01-25,143.81547668224107,144.57735910844858,141.52088474583053,142.99981689453125,9369600.0
2022-01-26,141.02788460969074,143.02670079996727,140.1674195829705,141.75390625,10707100.0
2022-01-27,142.27377048405384,144.62215305150107,142.1393271036164,142.63230895996094,9083000.0
2022-01-28,142.16620515859353,144.26360379778882,141.00995114268127,143.86026000976562,9494200.0
2022-01-31,142.8295252653684,143.9947378929718,142.3992790233013,143.8154754638672,8950100.0
2022-02-01,144.12022358330108,144.57735850786534,141.37746874330247,143.17909240722656,6284100.0
2022-02-02,143.53761668706144,145.95769367276222,142.93708002712862,145.74258422851562,7558800.0
2022-02-03,145.18681250789308,147.87578922731663,144.86413475448853,147.1228790283203,10474500.0
2022-02-04,146.21760426058805,147.43660766331212,144.67592308429457,144.78347778320312,8959900.0
2022-02-07,145.0882379979177,145.43780447701343,143.1163241754074,143.69894409179688,6430500.0
2022-02-08,144.41600927733475,144.5504663541482,143.098409250272,143.37628173828125,5048700.0
2022-02-09,143.73480681495585,143.98577694651908,142.75781496873853,143.05360412597656,8077400.0
2022-02-10,142.5964626258569,142.9639594718325,140.4094255716602,140.87551879882812,7033000.0
2022-02-11,141.62844303511434,142.1393553359449,139.45037777834514,140.08676147460938,9341400.0
2022-02-14,139.95229614787104,140.77691416182674,137.46051176224444,140.49009704589844,9472200.0
2022-02-15,141.41333544905052,142.80264327417262,139.9254312317753,140.56182861328125,6659200.0
2022-02-16,140.57079050451674,142.31862324886043,140.0688501960742,141.62844848632812,9315700.0
2022-02-17,141.96009726024062,143.7527490203574,141.03688269792826,143.2508087158203,7925500.0
2022-02-18,142.96396964617358,144.36223575034222,142.35447464767822,143.32249450683594,8063200.0
2022-02-22,143.51072960476415,144.20090432538376,140.41840821766127,141.55673217773438,8179500.0
2022-02-23,141.8883843068309,142.15728479628393,139.46830725544766,139.79098510742188,6273000.0
2022-02-24,139.5041305168397,139.80887797046566,134.9507943484744,136.02638244628906,13145100.0
2022-02-25,136.53729145608605,142.46200470371951,136.46558376100015,141.83457946777344,8888800.0
2022-02-28,140.0867352523825,140.89343657476778,137.87282339373724,139.72821044921875,8669200.0
2022-03-01,138.31200556023586,139.2889972129622,136.54624297775575,137.41567993164062,8311900.0
2022-03-02,137.10197848849015,139.00218450440684,136.779300704953,137.84591674804688,6111300.0
2022-03-03,137.82799793536915,139.70131524654846,137.82799793536915,138.35682678222656,7451200.0
2022-03-04,137.24537242570338,139.24418837457915,136.73447394219883,139.0559539794922,8639100.0
2022-03-07,138.47339172599038,138.50028040855346,135.47069452253209,136.99444580078125,8374500.0
2022-03-08,136.40283486313947,137.0930094634509,131.38341928164633,131.57164001464844,9517200.0
2022-03-09,133.40015186392867,134.87012542399216,132.48589584582686,133.34637451171875,7044100.0
2022-03-10,132.47695981663065,132.90719238358858,129.01714158123698,129.91346740722656,9221000.0
2022-03-11,130.32573306551436,131.00694925533443,128.20144583047465,128.3717498779297,7086100.0
2022-03-14,129.47422312437035,130.89937746821397,128.4882732242404,130.01202392578125,7964600.0
2022-03-15,131.76885646729448,134.932885580004,131.6613017433691,134.69088745117188,9868400.0
2022-03-16,135.01353145559236,136.05325877221597,132.69203772364492,134.2337188720703,6908900.0
2022-03-17,134.43988937614267,134.87012185929512,133.10435923190283,134.65499877929688,6003800.0
2022-03-18,135.2286686564582,135.2286686564582,132.87134110991235,134.58331298828125,15570300.0
2022-03-21,134.84323766708516,135.7216330051386,133.76764958502156,135.09420776367188,6937500.0
2022-03-22,137.52325085594094,137.67563826640378,134.91495336339426,136.1339569091797,7292100.0
2022-03-23,136.42075795802492,137.1467795290049,135.06731118229953,135.183837890625,5531900.0
2022-03-24,135.24659654808016,135.84713318012894,134.59228255746675,135.41690063476562,4203100.0
2022-03-25,135.90988540835772,137.96246547220957,135.80231701211983,136.9854736328125,5047700.0
2022-03-28,137.71148212961995,137.94452189155808,136.80619808229054,137.92660522460938,4234000.0
2022-03-29,139.26209374509543,140.2480573025534,138.05206248113402,139.3427734375,5643400.0
2022-03-30,136.68967295549373,138.4195750385038,136.1877327381819,138.38372802734375,5779300.0
2022-03-31,138.12379855597024,138.3389079750182,136.6000338945403,136.9585723876953,7538600.0
2022-04-01,137.60392989074978,139.3428039951393,136.29528830721745,139.0111541748047,5742600.0
2022-04-04,137.86385371003186,138.3478772469994,135.57822043997248,138.10586547851562,5992000.0
2022-04-05,137.68455992312713,141.05473886284517,137.62181057355252,138.58984375,7653000.0
2022-04-06,138.41062190452098,140.98307245330454,137.98038937021212,140.57077026367188,8884700.0
2022-04-07,141.50290685070374,142.86532548395354,140.69621934554547,142.39027404785156,6889700.0
2022-04-08,143.1432162628424,143.88716825953355,142.44408328799437,143.5017547607422,6045400.0
2022-04-11,143.36731932858618,144.49669867133136,142.18417629909996,142.95501708984375,6158400.0
2022-04-12,142.7936960736261,143.97685298504422,142.24693665429191,142.52479553222656,7221500.0
2022-04-13,142.58750766947642,143.77962260600583,142.25587150526724,142.92811584472656,5247700.0
2022-04-14,143.39417992105268,143.68101070646682,142.0228027107974,142.13037109375,7806500.0
2022-04-18,142.04971279185705,142.49787570396387,140.30188017000984,140.7769317626953,6034500.0
2022-04-19,140.51700118782546,143.43901840735194,140.09572696260415,142.88330078125,7897000.0
2022-04-20,143.86025004648033,147.427621887899,143.41208727374988,146.6836700439453,10196100.0
2022-04-21,147.65987392410148,148.6333245038274,146.40697819363845,146.56922912597656,9365700.0
2022-04-22,147.13711472751154,147.38949288927714,145.0369570750079,145.34341430664062,9394600.0
2022-04-25,145.74899528052092,147.1821453925858,144.03642752122553,146.51515197753906,6986800.0
2022-04-26,146.63234936247892,147.49765576889516,143.9913871728573,144.02743530273438,7769500.0
2022-04-27,144.40603427190902,145.52370523363484,143.41453865723568,143.63987731933594,6754900.0
2022-04-28,144.70340246171284,147.56070748243073,143.5586924887918,147.29029846191406,9306800.0
2022-04-29,146.4430623164939,146.87570861249637,144.3969838119512,144.71246337890625,10637000.0
2022-05-02,145.65886222720508,146.01939845034372,140.78253210155466,142.75650024414062,10351600.0
2022-05-03,142.612300355789,143.3063471244163,139.71894655671048,140.8005828857422,10344000.0
2022-05-04,140.458056565973,142.00838722061155,139.84512842750877,141.83712768554688,7771000.0
2022-05-05,140.88172522945206,141.77405747165216,138.0334414229448,139.22323608398438,8217100.0
2022-05-06,139.50266573501702,140.82765819648137,138.69143828214743,140.611328125,7304800.0
2022-05-09,138.77255139035836,141.29633310604942,137.68190634255134,140.25978088378906,8540800.0
2022-05-10,140.20565263823312,141.17009450842312,138.75447178388632,139.52061462402344,7447400.0
2022-05-11,138.83558536723496,140.52111330845503,137.32131692340437,137.5556640625,7692200.0
2022-05-12,138.3759740229273,138.45709264309102,135.09504354502334,136.9969024658203,9600800.0
2022-05-13,137.52864673308997,138.5651987217964,135.58171805945327,138.46604919433594,5675500.0
2022-05-16,138.33085551577372,140.52114002130702,137.03290302942384,139.81808471679688,5971000.0
2022-05-17,139.8270834112518,141.2872728346191,137.97029593374188,139.4214630126953,6509100.0
2022-05-18,139.41248447395074,139.49360306971866,130.28175993030945,130.73243713378906,9670700.0
2022-05-19,129.26323827996936,129.27224687271487,126.73043460723224,127.72191619873047,9694100.0
2022-05-20,128.1275276981939,128.39793677996727,125.450503920434,127.80303955078125,7786900.0
2022-05-23,128.7494708805449,131.26425758679184,128.06444642565913,130.74147033691406,7134500.0
2022-05-24,130.59725451441446,133.34638852295953,130.53416685052176,133.0669708251953,7207400.0
2022-05-25,132.59824904593717,132.62528857820402,129.34435904524813,130.88568115234375,8217800.0
2022-05-26,132.03038024902344,132.84160740948417,130.73242779514686,132.03038024902344,5702600.0
2022-05-27,132.47203798855188,134.04940795898438,132.16558083801146,134.04940795898438,6028800.0
2022-05-31,132.7604877974462,134.29280132962646,131.74196664509628,133.29229736328125,12416700.0
2022-06-01,133.4004513307594,133.5086094577209,130.43500140342638,131.27325439453125,7036000.0
2022-06-02,131.57073088208082,132.73347225407582,128.56020984594468,132.68841552734375,6479800.0
2022-06-03,131.92220325451206,132.68835983751245,130.8045190783456,131.49856567382812,4720700.0
2022-06-06,132.8325828738328,133.0759523933163,130.32681894307837,130.9848175048828,4751100.0
2022-06-07,129.49760465537355,132.66135412834473,129.28127461524693,132.44503784179688,4918600.0
2022-06-08,131.86813073568723,131.98529743683176,130.68735885792483,130.79551696777344,4369600.0
2022-06-09,131.06597475903237,132.39997570658656,128.2988095549031,128.43402099609375,4625700.0
2022-06-10,126.99181693237708,129.02887286199314,125.69386443600794,127.94725036621094,6630800.0
2022-06-13,125.73892856898287,126.63127430366285,124.05340037927401,124.5220947265625,8549500.0
2022-06-14,123.94524486065646,124.00834627356431,119.46551216582905,120.63727569580078,9980200.0
2022-06-15,121.1780823705365,121.59269767417348,116.72538963113941,119.43846130371094,12178100.0
2022-06-16,118.10447725505628,121.74595708218843,117.716901427614,120.16858673095703,9683300.0
2022-06-17,119.48352892022145,121.01582854507473,118.46499411649351,119.30326080322266,17113300.0
2022-06-21,121.34033143656805,123.4855594248006,120.26771744245178,122.9177017211914,9017000.0
2022-06-22,122.29578184029458,125.91022247964658,122.28677324585479,124.83760833740234,8374500.0
2022-06-23,125.33330930342633,128.42494773210123,125.19809791584201,128.26271057128906,6418300.0
2022-06-24,129.9752775046561,130.9126936079446,129.00181328365994,130.11048889160156,19440600.0
2022-06-27,129.9031924861264,130.48005875535503,128.63229322741637,129.1190185546875,5618500.0
2022-06-28,129.38039620896237,129.87614384781529,126.71239505844156,127.01885223388672,6077300.0
2022-06-29,127.63177258405783,128.76747403477728,127.22615215190986,128.17257690429688,5174600.0
2022-06-30,127.7129224521457,130.19164734939906,127.29829332684888,129.6057586669922,7410100.0
2022-07-01,130.01135592797615,131.82307321367682,129.25420782397995,131.69688415527344,5937200.0
2022-07-05,130.3178214868343,131.68788403303108,128.4790507991745,130.4259796142578,5760900.0
2022-07-06,131.15608315288512,132.94077489482783,130.6693577937229,131.642822265625,5485200.0
2022-07-07,130.9577497317175,131.7689767890444,130.33582686741312,131.59771728515625,6623400.0
2022-07-08,131.58873135590466,132.32783479827594,130.3088097821777,130.71441650390625,4294200.0
2022-07-11,130.83159937135105,132.1205434503083,130.4079616586624,131.63380432128906,5482900.0
2022-07-12,131.4715426713582,132.42697605729708,130.12851977299428,130.47103881835938,5204400.0
2022-07-13,130.16457531066675,132.46303148306313,129.98430720477927,131.3273162841797,5075600.0
2022-07-14,129.57870434657386,131.17410549485703,129.3173176206269,130.93975830078125,4867000.0
2022-07-15,131.00286204230667,131.32735021817942,129.8851912448616,130.75950622558594,6264600.0
2022-07-18,130.64232319541446,130.77752086873983,129.04692188228432,129.17311096191406,6047500.0
2022-07-19,130.30883101811196,130.7054154583494,129.4705641532591,129.8311004638672,5943600.0
2022-07-20,129.79501566356973,129.99331470445284,126.76646474794346,127.58670043945312,8635300.0
2022-07-21,127.55316647590445,128.24263803808807,126.05626830141642,127.70738983154297,8310200.0
2022-07-22,127.69828690923654,129.88465626918568,127.61664170729546,129.7485809326172,5292700.0
2022-07-25,129.54900855237315,131.01867771768303,129.30405907720024,130.6285858154297,5262100.0
2022-07-26,129.4491968042334,131.08217000003174,128.56013900318945,130.88258361816406,5375700.0
2022-07-27,130.52879554575696,132.6425870546931,130.21126792847085,132.12547302246094,5500000.0
2022-07-28,132.5790738707572,134.81987362214724,131.6174378011626,134.32090759277344,7115700.0
2022-07-29,128.30610709980417,129.27682393108842,125.40305136606435,126.01995849609375,18694700.0
2022-08-01,125.50285304199507,130.58321130170754,125.43935583125153,129.63970947265625,12590000.0
2022-08-02,129.83020923203668,130.38360526680606,128.61455690741556,128.77784729003906,7495000.0
2022-08-03,128.51478540429022,131.78979911144276,127.83438100953163,131.4359893798828,6811000.0
2022-08-04,131.4087624104567,132.86936426597325,130.64669903676776,131.22731018066406,6124700.0
2022-08-05,130.41084173223945,131.3996927924786,129.521783869823,131.29083251953125,4580300.0
2022-08-08,131.57207577262287,132.8784545351421,131.29991122328735,131.78981018066406,4486800.0
2022-08-09,132.06199419223245,132.39765600825712,131.08220997595032,131.4813690185547,3977300.0
2022-08-10,132.35225494244804,132.90565103974097,131.89865203787554,132.72421264648438,4641300.0
2022-08-11,133.1869031910454,133.622358170672,131.4813515767835,131.78073120117188,5954300.0
2022-08-12,132.37040405094692,133.11430562243103,131.50856129356345,133.05987548828125,5038700.0
2022-08-15,133.24131035183578,134.96500966378252,133.13245008642127,134.7744903564453,6008000.0
2022-08-16,134.59307363510467,136.62521992146318,134.59307363510467,136.0173797607422,7093000.0
2022-08-17,135.2643949356201,135.85407318860933,135.06480854537645,135.3914031982422,4834600.0
2022-08-18,135.05572933646414,136.0718092931596,134.73821559732266,135.87222290039062,3829000.0
2022-08-19,135.36416998042833,136.65240042653787,134.9196341994254,135.83590698242188,6502500.0
2022-08-22,135.15554061282444,136.19883577692778,135.02853233160522,135.4730682373047,6380700.0
2022-08-23,134.6565696529668,134.66565057170698,132.29784253879964,132.8603057861328,5268200.0
2022-08-24,133.00547450327332,133.59515287627806,131.65373255657303,132.28878784179688,5903200.0
2022-08-25,131.75351322887062,132.25247925853049,131.08218970065903,132.17990112304688,5097600.0
2022-08-26,132.45204322905545,132.93286118266352,128.84136811840162,129.0863037109375,6086600.0
2022-08-29,128.18818247874478,129.44919798870433,127.93416596183653,128.5419921875,5272100.0
2022-08-30,129.19519830780789,129.19519830780789,126.92718350924177,127.172119140625,5203700.0
2022-08-31,127.37168736319329,127.80715610920024,125.06739074773583,125.13996887207031,8406900.0
2022-09-01,125.04018013565138,126.79108072793304,124.0694632613182,126.68222045898438,7446500.0
2022-09-02,127.38985949900925,128.05211597514304,123.8789768564442,124.432373046875,7077800.0
2022-09-06,123.27114351858567,125.13998547890463,122.73588151094401,123.04434204101562,8217200.0
2022-09-07,123.40722188867993,124.9766842758793,123.39815481278609,124.90410614013672,6609400.0
2022-09-08,124.2962675675842,125.63894218210238,123.43442478529572,125.06739807128906,7380500.0
2022-09-09,125.14905663985587,127.99768273740963,124.55937831607015,126.97254943847656,6434300.0
2022-09-12,126.47356436230686,128.64178567851312,126.20139985274024,128.00674438476562,5818700.0
2022-09-13,127.71644503118496,128.3061233269001,125.06740547393993,125.35770416259766,6350200.0
2022-09-14,125.79317079188277,126.70037667295587,124.89503198618966,125.6570816040039,6137800.0
2022-09-15,125.90201562949953,126.00180881789522,123.96059583577902,124.68636322021484,5320700.0
2022-09-16,124.68636810932334,126.1560370843589,124.3869885323972,125.44841766357422,9321500.0
2022-09-19,125.37585399984833,125.61173639589312,124.49586315967417,125.18534851074219,6056000.0
2022-09-20,124.65916137393396,125.16719444405457,123.86081578210843,124.74080657958984,5589800.0
2022-09-21,125.26700275083245,125.37586303816938,123.1169290187403,123.13506317138672,6413900.0
2022-09-22,123.14415343359647,124.3507391336288,122.69055041145796,123.57054138183594,5061600.0
2022-09-23,123.08968231045101,123.83359774735348,121.52022007580842,122.99897003173828,6523600.0
2022-09-26,122.99900213911248,124.12394266313055,122.4637538735408,123.116943359375,7396400.0
2022-09-27,123.34371385879513,124.23277171869071,119.48808898373095,119.73302459716797,7722200.0
2022-09-28,120.67652643624564,120.67652643624564,119.01633806419211,119.73302459716797,10455100.0
2022-09-29,119.63323383456157,119.63323383456157,116.35822008501749,116.75739288330078,7128500.0
2022-09-30,117.02956826993734,117.06585041730028,114.49846282329474,114.53475189208984,9431900.0
2022-10-03,115.44195510857179,117.1202916237202,114.9248480030174,116.58502960205078,8477700.0
2022-10-04,117.12029041321156,118.72603493303153,116.75739973762164,118.02749633789062,7211600.0
2022-10-05,117.21099853515625,118.01841122571663,116.20399944082918,117.21099853515625,5071100.0
2022-10-06,116.92977865349556,117.08400200953874,114.62547462495398,114.74341583251953,5530800.0
2022-10-07,114.76154414848385,114.83412228023518,112.27580196816972,112.73847198486328,6095400.0
2022-10-10,111.92200047512902,112.7203392189278,110.84242318042749,112.27581024169922,6923300.0
2022-10-11,112.21230218768274,114.03578109903212,112.13065005593607,112.70219421386719,5516200.0
2022-10-12,113.25557965990167,114.13557047810231,112.8654877728969,112.88362884521484,6823500.0
2022-10-13,112.04900751517245,114.98835282087673,111.51375241177281,114.58917999267578,6910500.0
2022-10-14,114.98833679506635,115.23327931914096,113.1920662399386,113.47330474853516,5516800.0
2022-10-17,114.31702666217691,116.3763811766537,114.18094438186137,115.52360534667969,6664600.0
2022-10-18,117.32893149900117,118.00026879573878,115.81389942605958,116.4580078125,7114200.0
2022-10-19,119.42457214129675,120.65837259523316,117.49221933843918,117.53758239746094,9993700.0
2022-10-20,117.51291926238274,118.5636185171255,115.74045415300635,116.023681640625,8168000.0
2022-10-21,115.61254428716698,117.81442330604055,115.55772786271736,117.47637939453125,6394600.0
2022-10-24,118.30780505977278,119.17576435386631,117.2662511186394,118.19815826416016,6946000.0
2022-10-25,118.40830721585841,119.85185294606718,117.37588469257079,119.55949401855469,6776000.0
2022-10-26,119.3676323240831,121.12184179676542,119.13922122974608,120.40005493164062,6612800.0
2022-10-27,120.6010345153148,121.6243115591399,120.14421241487798,120.49140167236328,6676700.0
2022-10-28,121.6700103957515,123.80793472309121,121.44159931955438,123.54298400878906,6996400.0
2022-10-31,123.52468897392527,123.95410284903758,122.66586122370062,123.04045867919922,8346300.0
2022-11-01,123.06789759885947,124.51145742035645,122.28216285908535,123.23236083984375,6428300.0
2022-11-02,123.08613957886803,124.74896466325116,121.34107592669805,121.45985412597656,7318100.0
2022-11-03,120.35435242475651,121.18577203311861,119.65085639408534,120.62844848632812,5204000.0
2022-11-04,121.80706040620817,123.34197608351701,121.07614220415888,122.83033752441406,5555400.0
2022-11-07,123.66174761146553,125.34284958768731,123.39678298737921,124.71243286132812,6746800.0
2022-11-08,125.00483475849052,125.64438305670913,124.07291355759637,124.99568939208984,5266200.0
2022-11-09,125.05047350186996,126.05548766864771,124.56624320545077,124.69415283203125,5690700.0
2022-11-10,127.41685620021083,129.39946290705342,126.26565531545182,128.98831176757812,8068700.0
2022-11-11,129.00658205516962,129.39945638303416,127.09706867070457,128.79644775390625,7175200.0
2022-11-14,128.37612814763997,131.16274545552199,128.1477171214382,128.8055419921875,8516200.0
2022-11-15,129.81968657239784,130.8338320790832,127.63607773525945,128.3578643798828,7732400.0
2022-11-16,129.28062886361212,130.5688702780114,128.80553006958021,129.49990844726562,6193700.0
2022-11-17,128.92435779291236,129.4542732012038,127.78230232877738,128.705078125,5186300.0
2022-11-18,129.66439312351767,130.43185096444088,129.0705299244687,130.25827026367188,5671400.0
2022-11-21,130.70593972642052,132.65200637384825,130.49580545958088,131.91195678710938,6377200.0
2022-11-22,132.87129669307515,133.2002092304934,132.3322498498668,133.04489135742188,5372900.0
2022-11-23,133.30071543651974,133.9676859013924,132.99922504578907,133.80322265625,4296000.0
2022-11-25,134.113828827427,134.4884263032343,133.75750813951637,134.0498809814453,2411100.0
2022-11-28,133.7483904010344,134.61634971002442,133.51997932282094,133.9402618408203,6628200.0
2022-11-29,133.16364952108609,133.44687700818707,132.04900242009802,132.91696166992188,5634200.0
2022-11-30,133.07227467950815,136.2791748046875,132.59718972408518,136.2791748046875,12396800.0
2022-12-01,136.61722369385663,137.37555009488116,135.74013302019068,136.3614044189453,6927400.0
2022-12-02,135.64876003402065,137.7501445526456,135.29243934172678,137.6039581298828,4938300.0
2022-12-05,135.86806508588643,136.74515590433694,135.46605931863525,136.21524047851562,5402500.0
2022-12-06,136.79081489489084,137.11972737452712,135.47516497634572,136.38880920410156,6866700.0
2022-12-07,136.14215273781804,137.43952616732386,136.14215273781804,137.2659454345703,6175500.0
2022-12-08,136.5532761613971,138.3074714538896,136.14212509474163,138.25265502929688,5187100.0
2022-12-09,137.6861736809104,138.8282288938262,137.24762838265974,137.88717651367188,5868200.0
2022-12-12,138.16127424090516,139.38555409824303,137.99681103886215,139.30332946777344,6142400.0
2022-12-13,140.16213199296683,140.91131283752952,137.76837518849274,139.09317016601562,7680600.0
2022-12-14,139.59571819118278,141.10323977750207,139.02926313874534,139.6414031982422,7385600.0
2022-12-15,138.61812991780536,138.8739492353187,136.80911790364476,138.06080627441406,7117200.0
2022-12-16,137.37556095603617,138.02425455941557,136.1512809091519,137.4486541748047,19966400.0
2022-12-19,137.24766007809262,138.30749090629652,136.352292487903,137.412109375,5881800.0
2022-12-20,136.425380209042,137.86892600514213,136.37969520359687,137.46693420410156,5646100.0
2022-12-21,137.73188370479068,139.449539518283,137.70447548998865,138.72775268554688,5024700.0
2022-12-22,138.07905522793286,139.24851871253517,137.85064417326672,139.04751586914062,5904900.0
2022-12-23,139.15714119044762,139.71446469134452,138.57240947976103,139.44036865234375,3401800.0
2022-12-27,139.51346236241906,140.9935754019245,139.47692272960208,140.655517578125,4215100.0
2022-12-28,140.9570345065921,141.2950784196937,138.78255671914815,138.83738708496094,4197500.0
2022-12-29,139.61396670465206,140.0068409564615,139.00182676913875,139.4129638671875,3809100.0
2022-12-30,139.26677453834853,139.4951855814996,137.44863155717226,138.47190856933594,4532000.0
2023-01-03,137.9146101316446,138.60898875132986,136.24263931897448,138.4810791015625,6447300.0
2023-01-04,138.8648102053634,140.1439067228822,138.1704315749048,139.08407592773438,7313400.0
2023-01-05,139.0657934659008,139.31246736877986,137.16541180709234,137.35726928710938,5373800.0
2023-01-06,138.73687655907614,141.12148846518704,138.64550656315302,140.62811279296875,7882200.0
2023-01-09,140.1895871009711,141.43214393744572,138.87393704575018,138.9104766845703,5727000.0
2023-01-10,138.96530894445678,139.51348718085032,137.90547816988058,138.7734375,4716400.0
2023-01-11,139.16629571097272,139.3855614037171,136.45277123442418,137.64964294433594,8691300.0
2023-01-12,138.5998340004847,138.6272422134999,136.60809616881787,136.873046875,7801600.0
2023-01-13,136.69031488787965,138.00596482005082,136.5167202522314,137.85064697265625,5535800.0
2023-01-17,137.76842132317273,138.99271531116298,137.4121005948674,137.4486541748047,9611800.0
2023-01-18,136.736006512473,136.98268043087728,133.42860473355623,133.76666259765625,10461200.0
2023-01-19,131.75597421454933,134.43136584109908,130.7722476819682,130.93772888183594,12683700.0
2023-01-20,130.84581537482643,131.6088863712384,128.85075381135005,131.4434051513672,8603300.0
2023-01-23,131.80196731245383,132.11455231539907,129.34723091534593,129.67820739746094,7473100.0
2023-01-24,129.3471923196688,130.90094217407176,128.53813582066988,130.38609313964844,6822500.0
2023-01-25,129.07141560994268,130.32176965774963,127.54524548730113,130.294189453125,6902600.0
2023-01-26,130.30333632430546,130.31253907528324,129.39316180686927,129.7700958251953,5398600.0
2023-01-27,129.69656610437733,129.96317935632328,128.0600615579024,129.23687744140625,6870800.0
2023-01-30,129.59544555072992,130.66191268184411,128.97026161868345,129.6414031982422,6369300.0
2023-01-31,129.84369307240755,130.98372633398967,129.41158448293788,130.90098571777344,9373400.0
2023-02-01,130.6251357207913,132.48228189791863,129.95399418252768,131.64564514160156,7207900.0
2023-02-02,130.7078857421875,131.2043574035684,129.82529127753318,130.7078857421875,6444300.0
2023-02-03,131.26868869652412,131.82032068343955,129.78849069450467,131.11239624023438,5993100.0
2023-02-06,130.56077497925565,131.13998721024237,129.6413976112566,129.9999542236328,6108100.0
2023-02-07,128.68526001223128,129.43914221004167,127.59119862584828,128.73123168945312,6278300.0
2023-02-08,127.84860295660647,128.28990012522718,127.2510133330281,127.39811706542969,7123800.0
2023-02-09,127.6831413888178,128.09685842472535,125.9547073391044,126.00067901611328,6547400.0
2023-02-10,125.9087161479271,127.14988109187198,124.8790180797313,127.11309814453125,8108900.0
2023-02-13,127.73827513972768,129.1265297128124,127.55440249863973,128.7771759033203,5081600.0
2023-02-14,128.84156857000164,128.93351193591892,127.44411077386984,128.0509033203125,5253500.0
2023-02-15,127.89458434134569,128.08765975836167,126.93843806527524,127.75668334960938,5530300.0
2023-02-16,126.31324122668738,127.05793456292876,125.54096769492473,126.0833969116211,7595700.0
2023-02-17,125.57774658450573,128.74959557857068,125.57774658450573,128.72201538085938,8034700.0
2023-02-21,127.67395122121178,129.5310977324591,127.67395122121178,128.63011169433594,6899500.0
2023-02-22,128.69446613045005,130.16547582885153,128.60253679216757,129.17254638671875,6126300.0
2023-02-23,128.92430079365644,129.76093767186808,127.8854137750448,128.75881958007812,5835400.0
2023-02-24,127.7290745273883,128.1887631520954,126.9476122825364,128.032470703125,5260700.0
2023-02-27,128.35425808682223,129.14492308082913,127.36132897607516,127.92214965820312,5820900.0
2023-02-28,127.28779639955242,127.41650867256384,126.21212654040295,126.46955108642578,6709900.0
2023-03-01,126.92004953534169,127.17747407827974,125.504200520597,126.56149291992188,7101800.0
2023-03-02,126.87407643592704,129.10815670031698,126.67181229323512,128.64846801757812,5924600.0
2023-03-03,129.80688301892104,129.8528546895626,128.6852415924718,129.5862274169922,5259400.0
2023-03-06,129.38396076075742,129.76090881263423,128.65765888171694,129.03460693359375,4943100.0
2023-03-07,129.10815969745263,129.28284364552218,126.26728693903847,126.46955108642578,5606800.0
2023-03-08,126.13859286887389,126.58909290371754,125.58697477433,126.48796081542969,5518800.0
2023-03-09,127.0119835398208,127.388931644662,125.12727107278675,125.55937957763672,4467200.0
2023-03-10,125.90873127704934,126.86489162262345,125.35711325791264,126.12938690185547,5928000.0
2023-03-13,125.99149432177988,129.92644317463575,125.99149432177988,127.00281524658203,8337100.0
2023-03-14,127.14068028632568,128.81395370133328,126.32243505277367,128.57492065429688,9219700.0
2023-03-15,127.61874073375353,130.68945706682618,127.61874073375353,130.395263671875,8823500.0
2023-03-16,130.49643676243443,131.58129541360142,130.1930405222132,131.36984252929688,7063400.0
2023-03-17,131.0112754161925,131.82952071554317,130.1194782437042,131.40660095214844,16018800.0
2023-03-20,131.93068553627077,133.67749736399142,131.68244965638578,133.4292755126953,8379200.0
2023-03-21,133.22696728514097,133.5211607248976,131.3238495493445,132.46388244628906,7753200.0
2023-03-22,132.4271222005769,133.9992638182959,132.23406079139266,132.38116455078125,5729100.0
2023-03-23,132.6109966636337,133.42003920835916,131.64564762113065,132.197265625,5788400.0
2023-03-24,132.6661606380872,134.92782116924226,132.6661606380872,134.89105224609375,6144800.0
2023-03-27,135.04730696248015,135.53457572233344,134.1095383556421,134.18309020996094,5917200.0
2023-03-28,134.7347272420582,134.9829630062797,134.04519436367366,134.56004333496094,4213800.0
2023-03-29,135.2220212108557,135.41508259676246,134.46812505632658,134.97378540039062,4987700.0
2023-03-30,135.07491072056345,135.64492015525582,134.50490128587106,135.5621795654297,4117700.0
2023-03-31,135.8288341883899,136.70223999023438,135.67254169994084,136.70223999023438,7685900.0
2023-04-03,136.4632015546245,137.97099418795784,135.23123901764956,137.4561309814453,5721700.0
2023-04-04,137.98018674513358,139.47877666638857,137.98018674513358,138.1180877685547,6714300.0
2023-04-05,139.12938085063286,140.067149707934,138.96388562706886,139.0650177001953,6094800.0
2023-04-06,139.62585935157193,140.6279915092252,139.21214227365002,139.94764709472656,5399700.0
2023-04-10,139.42355836585816,139.44194983939116,137.45609155534703,138.78919982910156,4891800.0
2023-04-11,139.06501521880116,139.23051043941214,138.38468494680401,138.51339721679688,6311800.0
2023-04-12,138.19162972258252,140.1223280832093,137.8422617835808,138.89036560058594,6137900.0
2023-04-13,138.73405236271256,139.62584961644365,137.74113705636398,139.53392028808594,5489500.0
2023-04-14,139.1477917682978,139.36843339243092,138.37550399806938,138.8260040283203,4478800.0
2023-04-17,138.9822690324338,139.2580850366343,138.21918416653247,138.8719482421875,4296400.0
2023-04-18,138.80759133195303,139.36841208854335,137.9985487861562,139.01905822753906,4158400.0
2023-04-19,138.98226771328575,139.6534092285552,138.55936200229908,139.046630859375,3837600.0
2023-04-20,139.11232223303625,140.0282094954531,139.11232223303625,139.556396484375,5370900.0
2023-04-21,143.34016909730113,146.27284023719344,142.9331081488011,144.3855743408203,14876900.0
2023-04-24,143.59923261923677,145.47725262073473,143.59923261923677,144.64463806152344,8109800.0
2023-04-25,144.79265213781687,146.11560050336368,144.12655482807915,144.681640625,8341800.0
2023-04-26,143.67323837651819,144.32082901677154,142.78510398672987,143.00714111328125,4843700.0
2023-04-27,143.67322606228126,144.88514861011373,143.40492945947523,144.75563049316406,4805600.0
2023-04-28,144.57985954520356,145.58825165339374,144.09878618160903,144.67237854003906,5754700.0
2023-05-01,144.3485797916754,145.6160081774647,144.13580303792193,144.84815979003906,3844600.0
2023-05-02,144.86665267895785,145.18119468384452,144.01553154527895,144.7186279296875,5262900.0
2023-05-03,144.91289267001437,145.77327405746192,143.79347506442275,144.53358459472656,5775000.0
2023-05-04,144.41334743727234,144.87591419509008,143.47895355197346,143.8675079345703,4892600.0
2023-05-05,143.76570278939462,144.60757744294978,143.10886608075378,144.34854125976562,3989200.0
2023-05-08,143.71950779345823,144.07104895590194,143.2754335097111,143.67324829101562,4950700.0
2023-05-09,144.18205554978329,144.30231330055548,142.08199864062397,142.2022705078125,4472100.0
2023-05-10,141.9617423728676,142.76661817157984,141.02736255645212,142.49832153320312,4754900.0
2023-05-11,143.2199295378768,143.29394191942353,141.90624152736387,142.8313751220703,3495300.0
2023-05-12,143.11816661129677,144.3671026310813,142.8313774508887,144.28384399414062,5252900.0
2023-05-15,144.88514857667627,145.01466669359604,143.06263457089483,144.33006286621094,5414900.0
2023-05-16,144.2005342284991,145.17192709273314,143.33090659987843,144.0802764892578,5591500.0
2023-05-17,144.56136210675425,144.838904992476,142.37804638425004,143.46971130371094,4286900.0
2023-05-18,141.8322292960249,142.14677133061778,140.25025875259578,141.11062622070312,6997600.0
2023-05-19,141.0551223105193,141.8414915237164,140.47228362035162,141.7027130126953,4754100.0
2023-05-22,141.0828469057374,141.17536589453695,137.68760893974627,137.99290466308594,7876200.0
2023-05-23,137.65060497281212,137.7338777149091,136.05938836628326,136.50344848632812,6116000.0
2023-05-24,136.54044950183973,137.1047814999456,135.1527492556532,135.37478637695312,5755400.0
2023-05-25,134.59766119693296,135.26375836310655,133.54300970322728,134.50514221191406,6510300.0
2023-05-26,134.4496675443161,135.07875161532328,133.8945817387299,134.51441955566406,4716400.0
2023-05-30,133.08969989893092,133.25621714557417,131.6927534585639,132.46060180664062,5561000.0
2023-05-31,132.44211922624197,133.2007213784921,131.27644194672047,131.83152770996094,19854800.0
2023-06-01,132.52535430098882,133.33021580985726,131.7852447870197,133.1822052001953,6091100.0
2023-06-02,133.69104021280197,135.69857826202977,133.58002870739017,135.55056762695312,6124400.0
2023-06-05,135.11575756454909,136.78100077492115,134.81970805318622,135.0139923095703,4753700.0
2023-06-06,135.13425903135388,135.35628203998593,132.8029186257976,133.67254638671875,4635900.0
2023-06-07,133.22845677211964,134.2553554178677,132.7288909438926,133.95932006835938,6194400.0
2023-06-08,134.45890992455057,135.67083264486524,134.07035551840207,135.4765625,4863700.0
2023-06-09,134.7734633201817,135.79111598147801,133.89458917619987,135.58758544921875,5569500.0
2023-06-12,135.99460984155667,136.00385609364994,133.72803583414714,134.52365112304688,5354000.0
2023-06-13,133.69103338462904,134.77343785636282,133.47825663798477,134.19985961914062,5321200.0
2023-06-14,134.4311244907232,135.89283687400527,133.9870644364396,135.45802307128906,5693300.0
2023-06-15,136.15187474139202,137.81711761076895,135.5690362080064,137.33604431152344,5863000.0
2023-06-16,137.77088886977347,138.8532934473557,137.75238224586786,138.34446716308594,11244900.0
2023-06-20,138.53873838366007,139.0290579978749,137.02152004381455,137.06777954101562,5340700.0
2023-06-21,137.1602731112146,138.39996259848425,136.79947164905806,138.25193786621094,4649700.0
2023-06-22,139.09383202382915,139.7876821720363,138.288956252745,138.72377014160156,6666800.0
2023-06-23,139.00130436123223,139.26034060443902,136.8827549186304,137.34532165527344,13843300.0
2023-06-26,137.0122568903662,137.8171184000014,135.73556833046356,137.48406982421875,4353100.0
2023-06-27,137.3268007538222,138.92727754359117,137.2805412616847,138.78851318359375,5445400.0
2023-06-28,138.15018123372403,139.04756181896423,136.882752911163,138.76077270507812,6733300.0
2023-06-29,137.36381306124886,138.49247701893566,136.0871384774978,138.19644165039062,7343000.0
2023-06-30,138.6127523897613,140.68505648761325,138.57573914499753,140.3797607421875,7058300.0
2023-07-03,140.13919996886256,141.11059283781185,139.20482034017866,141.0828399658203,3996100.0
2023-07-05,140.2779837280557,141.04584615370774,140.10220612121282,140.84231567382812,8279800.0
2023-07-06,139.88019005647723,140.79607735367176,139.4731290355019,140.61105346679688,7958300.0
2023-07-07,140.35199262351745,140.54626272996938,137.61359158149656,137.65985107421875,9169500.0
2023-07-10,137.78939018396963,139.06607897231876,137.60436630129723,137.7153778076172,5529200.0
2023-07-11,137.59510556022963,137.89115506484058,135.9576293807589,136.9937744140625,5150300.0
2023-07-12,136.947484364843,138.2149124972358,136.58668293434508,137.7061004638672,6764600.0
2023-07-13,137.84487399436176,138.3259473058645,137.10476446506874,137.79861450195312,5561400.0
2023-07-14,138.09469636012693,139.35287862019626,137.5951163111658,138.81629943847656,6128900.0
2023-07-17,138.44622497487927,138.91805210238283,137.81714096009742,137.8356475830078,4625300.0
2023-07-18,137.5118421668822,139.21408441017218,137.2713125400315,138.0946807861328,5351200.0
2023-07-19,138.3537250278228,139.52864858723862,137.71538062060932,139.03831481933594,6203600.0
2023-07-20,139.2254586031504,140.34261087350893,137.91279793793223,140.1657257080078,6445400.0
2023-07-21,140.71498857074036,143.06101825460794,140.29605824996156,142.37210083007812,9938400.0
2023-07-24,142.28828718362362,143.32165599678777,141.78557374724906,142.8282470703125,5549500.0
2023-07-25,142.88413002122041,143.23790034045385,141.92523971890367,143.16342163085938,5883800.0
2023-07-26,142.54898181633303,144.15023854669298,142.33486440627362,143.3123779296875,7013800.0
2023-07-27,143.5171640767806,143.92678979731375,141.43180322922936,141.6086883544922,7191600.0
2023-07-28,143.98266256125254,146.60796940444413,143.92680708453616,145.61184692382812,9397300.0
2023-07-31,145.6025176509654,146.79414841905316,144.35503141021093,145.50942993164062,7955200.0
2023-08-01,145.1184238230586,146.31935907172414,145.10910510760547,145.46287536621094,5718800.0
2023-08-02,145.2022115249174,146.84070028983484,145.2022115249174,145.77940368652344,5636000.0
2023-08-03,145.9376814320556,146.8127884851712,145.42566340364024,146.16111755371094,5792700.0
2023-08-04,146.56140851273722,146.84070008276413,144.4388153091076,144.55984497070312,4785900.0
2023-08-07,144.92293623461694,146.3007568100169,144.7553697967563,146.08663940429688,4107400.0
2023-08-08,146.4217734445592,146.7476159851933,145.72355160493723,146.24488830566406,4625500.0
2023-08-09,146.44968779253205,147.17583730292176,145.94697436432315,146.05868530273438,4293200.0
2023-08-10,146.31936798255214,147.4458388083479,145.04395395938351,145.33255004882812,4307800.0
2023-08-11,145.63043941305025,146.58934374080894,145.0346240534487,146.17971801757812,3862300.0
2023-08-14,146.28213796134813,146.6545172684885,144.7646645842991,145.03463745117188,4297600.0
2023-08-15,145.03463064239673,145.2022112664947,143.79646311186983,144.10366821289062,6921100.0
2023-08-16,144.07571636602557,144.97875090795657,142.31619823692068,142.6327362060547,6356800.0
2023-08-17,142.63276802496034,142.95859637023267,141.31078880066184,141.60870361328125,6419500.0
2023-08-18,141.1524886218913,142.33481463027655,140.7335584598929,142.00897216796875,5448200.0
2023-08-21,141.5900605998092,142.23242689506293,140.81736014358788,141.2921600341797,4504700.0
2023-08-22,140.96632446882793,141.6459230412326,140.51014778030492,141.3480224609375,4195600.0
2023-08-23,141.94384858059905,142.8841155590064,141.94384858059905,142.6699981689453,4522500.0
2023-08-24,142.0183214012679,144.00126171562042,141.95314721265797,142.00900268554688,4088900.0
2023-08-25,142.80963774575892,143.4426996144951,141.93454495321419,142.93997192382812,3541500.0
2023-08-28,143.09826163831505,143.71268613308715,142.4838229381816,143.16342163085938,3614700.0
2023-08-29,143.32168635264637,143.40546957556117,141.53423990365587,143.24720764160156,4034600.0
2023-08-30,143.4613262251962,144.17815711880428,143.09825142019974,143.40545654296875,3712200.0
2023-08-31,143.47992528797667,144.44813417100178,143.20995243340505,143.6847381591797,5451400.0
2023-09-01,144.20606180750985,144.55983204493566,142.95857567234043,143.84298706054688,4126300.0
2023-09-05,143.18203362530812,144.15954707966657,141.8786776177101,141.91592407226562,5097000.0
2023-09-06,141.77628115706807,141.9252385750565,141.07805924127865,141.6366424560547,3877400.0
2023-09-07,141.96247626588638,143.5451096695407,141.8507511066136,142.9865264892578,4824800.0
2023-09-08,142.82829291681512,142.8655393790852,141.83217023421952,142.3721160888672,3384700.0
2023-09-11,142.74445669619465,144.39226400856114,142.51171611217399,144.06642150878906,4288500.0
2023-09-12,144.2898651140616,144.43880829953636,141.1059754631304,141.53421020507812,4537800.0
2023-09-13,141.48765780663274,142.9865077989322,141.18975723335257,142.52102661132812,4040600.0
2023-09-14,143.2285991357428,144.2247217131754,142.78172686785817,144.0850830078125,4606800.0
2023-09-15,143.39615362489593,144.59710321232077,142.65138077922046,142.87481689453125,10262400.0
2023-09-18,143.78712839372352,143.8150561270718,142.91202153452306,143.4147491455078,3536500.0
2023-09-19,143.13548830606587,143.42408441613418,141.26425874360424,142.995849609375,4704200.0
2023-09-20,143.15407791009576,144.0943447261399,142.7723799549794,142.87478637695312,5446400.0
2023-09-21,142.85617034909347,143.09822965250996,141.57145196049703,141.63661193847656,5096400.0
2023-09-22,141.91590837141015,142.75376883652922,140.92909051526948,141.1152801513672,6327000.0
2023-09-25,140.74289456120033,140.83599648714608,139.66298892917104,140.25880432128906,5527000.0
2023-09-26,139.62573112576524,139.97950136916788,138.5178836417272,139.0113067626953,6366500.0
2023-09-27,139.10438732758695,139.36505563921767,136.50700872049603,137.16798400878906,5403700.0
2023-09-28,137.6148799800159,137.763823180058,135.62260664482204,136.23704528808594,6237100.0
2023-09-29,136.42322400577234,136.6373555858821,134.82198174482303,135.79017639160156,6683300.0
2023-10-02,134.7847296345968,135.54812559001257,133.9654782103181,135.1664276123047,5153800.0
2023-10-03,135.14782492640524,136.37670224957967,134.99886751656098,135.44573974609375,4670600.0
2023-10-04,135.5388078791027,136.20910192114053,134.9243693063416,135.892578125,4727800.0
2023-10-05,135.6226057895373,136.0043038114632,133.7699995659612,133.87240600585938,5205700.0
2023-10-06,133.68623244582201,134.57994856946246,131.68465437147754,134.14239501953125,7406700.0
2023-10-09,133.46278381347656,134.03067150347954,131.82429493667203,133.46278381347656,5062200.0
2023-10-10,134.03995627671588,135.19435471412888,133.79791117765626,134.78472900390625,5988900.0
2023-10-11,135.11988349913432,135.51088600634384,132.71799877882526,133.12762451171875,5469100.0
2023-10-12,132.9321139716888,133.99341053249702,131.880136126249,133.425537109375,5965600.0
2023-10-13,133.30452968700297,135.01749736816973,133.30452968700297,134.7009735107422,7078900.0
2023-10-16,135.7901941345151,136.90734632072636,135.41781480756492,135.98570251464844,6509800.0
2023-10-17,136.02291320574923,136.68390274248472,135.21298048505744,136.1625518798828,6160100.0
2023-10-18,139.70021472272634,140.8546132064711,138.49927948351802,139.6722869873047,10508500.0
2023-10-19,140.16039228781707,140.78807229455717,137.88386756365156,138.88629150390625,8146000.0
2023-10-20,139.635751876922,140.41332938356786,138.57712002046156,138.69891357421875,7284200.0
2023-10-23,138.52094092316807,140.0573554884986,138.2398865146886,138.79261779785156,5981800.0
2023-10-24,138.76449669322363,140.59134297579507,138.7176662100966,140.43206787109375,6322000.0
2023-10-25,140.18850417027804,141.6406066172948,139.70134417685523,141.08787536621094,6172900.0
2023-10-26,141.50944215657807,141.8186005417467,140.2821861486483,140.33839416503906,7582100.0
2023-10-27,139.5701967298906,140.47893122501947,137.04073562072634,137.8651580810547,8131800.0
2023-10-30,138.55835802778012,140.10414956747084,138.22109571866724,139.83245849609375,5412800.0
2023-10-31,140.0198882734539,140.76934763622546,139.25167384308565,140.5538787841797,6762100.0
2023-11-01,141.16281009381058,141.16281009381058,139.7856707304663,140.160400390625,5896900.0
2023-11-02,140.09480019844156,142.07152968351105,139.50460176011623,141.8748016357422,5859200.0
2023-11-03,142.20270336779302,142.671122597181,140.16976562765166,140.5913543701172,6587700.0
2023-11-06,140.86303455359058,141.69682022975326,140.619461694775,141.40640258789062,6480800.0
2023-11-07,141.38763430608154,141.69679266001464,140.63816080821505,141.07847595214844,6003800.0
2023-11-08,141.4251183088131,141.64995035558013,140.06669131617718,140.5351104736328,4832600.0
2023-11-09,140.28216578659024,140.8536376953125,139.70131634648442,140.8536376953125,6581500.0
2023-11-10,141.31269023669245,141.87479895258167,140.45080068867583,141.84669494628906,5387200.0
2023-11-13,141.88416740409372,143.24258017322785,141.88416740409372,142.83038330078125,6297500.0
2023-11-14,142.9146887317639,143.80468227773645,142.09962967185743,142.5118408203125,7982600.0
2023-11-15,142.4556704725322,142.76482891561284,140.8817885386913,141.85609436035156,7672600.0
2023-11-16,142.39009154611693,143.2332404945991,141.75303392024622,143.17703247070312,7590500.0
2023-11-17,143.07394518939134,143.18636121009754,141.35952939853217,141.52816772460938,8495600.0
2023-11-20,140.72250902155548,141.49070911254438,140.20724501813723,140.77871704101562,6856500.0
2023-11-21,140.38523148046502,140.53511475119905,139.42965236756478,140.16038513183594,7310400.0
2023-11-22,140.61943372662412,141.91226085246024,140.61943372662412,141.4813232421875,4372700.0
2023-11-24,141.63122439703395,142.1558659160613,141.4907043531104,141.818603515625,2132500.0
2023-11-27,141.9497678495477,142.0621838906482,141.2190349923533,141.6874542236328,6021300.0
2023-11-28,141.60311686821734,143.12080477996307,141.60311686821734,142.67111206054688,6110400.0
2023-11-29,142.6710873240165,142.82098487116576,141.45320906472517,141.58436584472656,5342700.0
2023-11-30,141.36891413130846,143.9264933514143,140.60071404797642,143.8234405517578,9771300.0
2023-12-01,143.64542595090856,143.79532351774438,142.61489804768578,143.0177459716797,5685400.0
2023-12-04,142.18398108772953,142.89597319120705,142.08092828242167,142.45565795898438,6578300.0
2023-12-05,142.5305817086439,142.9708968634969,136.9470190208376,137.49038696289062,11895800.0
2023-12-06,137.72459145675936,137.86512577685178,136.44112757768528,137.3873291015625,7610000.0
2023-12-07,137.31238118959624,137.80890428965893,136.7971173230171,137.24679565429688,6119600.0
2023-12-08,136.70345574237714,137.00325088788506,135.39188771832832,135.98208618164062,6385300.0
2023-12-11,135.65419263220423,136.65660220885903,135.5136583061187,136.60977172851562,8471200.0
2023-12-12,136.6472344484448,136.9938600436151,135.91650172104815,136.72218322753906,6069200.0
2023-12-13,136.64724826236593,139.26102108305153,136.26314109130945,139.19544982910156,9055500.0
2023-12-14,139.0830294032974,139.16734142500675,135.2607271739315,135.52304077148438,10565200.0
2023-12-15,134.1365166827243,135.13894064303773,133.49947342553122,134.8672637939453,14550000.0
2023-12-18,135.0639759879961,138.17428600542968,135.0452352193921,136.93765258789062,8421800.0
2023-12-19,136.46923343791698,137.09691338347952,136.2069198575332,136.93765258789062,5233600.0
2023-12-20,136.3755590715618,136.8439782245808,134.75481850970303,134.82040405273438,7663800.0
2023-12-21,135.39190258591617,135.64483868581704,134.08969765653518,135.1483154296875,6104700.0
2023-12-22,135.3731338494518,136.43176569894322,135.17639151737134,136.10386657714844,4413800.0
2023-12-26,135.9258801277197,136.9376673158852,135.81346409404114,136.72219848632812,3634900.0
2023-12-27,136.45050282298635,137.0688195777666,136.1788259855933,136.83460998535156,4569400.0
2023-12-28,136.77841730972662,136.78778054826643,135.87904608418233,136.5254669189453,5023000.0
2023-12-29,136.77840007622106,137.67777118844836,136.52544971731044,137.28428649902344,5300900.0
2024-01-02,137.11567215187122,139.97303220081244,137.06882737172074,139.34535217285156,7238400.0
2024-01-03,138.9705858842037,139.77626737019415,137.88385005751564,138.50216674804688,7697500.0
2024-01-04,138.69892240530294,139.8418663509746,138.43660880744574,139.26101684570312,7067400.0
2024-01-05,139.32659628999818,139.46711632018852,137.29365884814055,138.10870361328125,5294200.0
2024-01-08,138.56777486258386,139.5139765255586,138.32418772328865,139.2985076904297,8255300.0
2024-01-09,139.18607662585387,139.96363985497652,138.69891669488226,139.86996459960938,9786800.0
2024-01-10,139.9167970666379,140.52573620552167,139.8324707607016,140.4695281982422,8591100.0
2024-01-11,140.57261759975935,141.27524646384177,139.86061120200915,141.00355529785156,6659400.0
2024-01-12,141.4157449503064,141.74364408820958,140.42269859439665,141.08786010742188,5684700.0
2024-01-16,140.66627238721327,141.9310098763966,139.47649797637249,140.32901000976562,8120100.0
2024-01-17,139.73879551357484,141.0878448683506,139.59826120035905,140.4695281982422,6541400.0
2024-01-18,139.74455823573214,139.90482484643766,138.5095515880084,139.6597137451172,6526200.0
2024-01-19,139.76341138611465,140.11222608948282,138.87721949456517,139.12234497070312,7848100.0
2024-01-22,138.55668542918352,139.72570665541855,137.90618226237925,139.39573669433594,11084100.0
2024-01-23,144.34521305836623,147.44687055921094,144.13780581554144,145.1654052734375,19101600.0
2024-01-24,145.11826467603234,145.40109404223847,143.38359899507336,143.41188049316406,11592700.0
2024-01-25,143.6758303710703,146.74922032417038,143.35529718126756,146.7115020751953,10352500.0
2024-01-26,146.89062563456267,147.22059557440554,146.44752972005227,147.2017364501953,8356600.0
2024-01-29,147.7108490822252,148.32364847413825,146.50412381191327,147.2206268310547,8987400.0
2024-01-30,147.390310444129,148.8798650420333,146.90008821086892,148.4744873046875,7794700.0
2024-01-31,148.94586347297243,149.42666333084975,147.72970150113673,148.14451599121094,8870000.0
2024-02-01,147.79570515096458,150.18087414647852,147.65428327000188,150.06773376464844,7601100.0
2024-02-02,149.86975959691955,150.46369983474412,148.51219013063445,149.04013061523438,7937700.0
2024-02-05,149.1155562804518,149.89804465488623,148.54047515636387,149.1532745361328,6931900.0
2024-02-06,149.24752174587078,149.96402465643527,148.83270729981717,149.86032104492188,6185400.0
2024-02-07,149.99229417746145,150.68050115240078,149.65290187463034,150.01113891601562,7209300.0
2024-02-08,149.7094684914493,149.99229781488347,148.73843217638625,149.55862426757812,6121600.0
2024-02-09,149.20040380375798,149.27582593134997,147.97483378996327,148.4084930419922,5978000.0
2024-02-12,148.3519149265113,148.5876036567336,146.58896782774434,148.11622619628906,5482000.0
2024-02-13,148.71959891170184,149.86976114444195,146.57954106746575,147.32432556152344,6046800.0
2024-02-14,147.22060620354392,147.22060620354392,146.04216259801856,146.720947265625,5727300.0
2024-02-15,147.35259421332086,148.40847510136652,147.21117234669447,148.02194213867188,6249200.0
2024-02-16,148.05022070393682,149.37950854329824,147.7014060000341,148.49331665039062,6617600.0
2024-02-20,149.61520667355055,150.64280610961168,149.0778438360493,149.4360809326172,6622100.0
2024-02-21,150.07715487546494,151.21788024902344,150.07715487546494,151.21788024902344,7121000.0
2024-02-22,150.33169169588044,151.86837228856263,149.54920345983624,151.36871337890625,6619500.0
2024-02-23,151.40643567123846,152.48117563197547,150.99162123283162,151.8118133544922,5486500.0
2024-02-26,151.81184707498699,151.9438322087696,150.90681026770636,151.0482177734375,4531900.0
2024-02-27,150.28458131324345,150.65225519593133,149.86034443095744,150.18087768554688,3868200.0
2024-02-28,149.9640284228384,150.95390955679386,149.55863633663253,150.88792419433594,3802900.0
2024-02-29,150.77479464919872,150.9444980232562,149.1249734604302,149.8414764404297,8348100.0
2024-03-01,149.00243069583414,149.92632656837665,148.58761619399473,149.7566375732422,4819800.0
2024-03-04,148.7101730617295,150.61452772982258,148.64417330936732,150.4259796142578,3841600.0
2024-03-05,150.33170740477217,150.83136636664037,149.6906265722837,150.19972229003906,4481600.0
2024-03-06,150.5390987772509,150.83136488621147,149.81318784599287,150.43540954589844,5405700.0
2024-03-07,150.79364888890146,151.698699955509,150.34113054824704,151.42529296875,4783900.0
2024-03-08,150.69938363613687,152.01923480434968,149.22867383902982,151.17076110839844,5080200.0
2024-03-11,152.1040933608827,153.31081865062578,151.61387110181846,152.3020782470703,5170900.0
2024-03-12,152.55661959873407,153.2165452155912,152.0003832210335,152.66030883789062,4229100.0
2024-03-13,153.0845468748882,153.41450246217858,152.09465134242038,153.00912475585938,5410500.0
2024-03-14,152.95257244965396,153.31080955844777,151.90611385112345,152.2549285888672,5848100.0
2024-03-15,151.5007190741136,152.2549259185719,151.12362284453394,152.1417999267578,10956900.0
2024-03-18,152.23607035277035,153.40509170829267,151.78355198962922,151.98153686523438,6086300.0
2024-03-19,152.53774328454458,152.88655798873236,151.94380310364284,152.56602478027344,6148100.0
2024-03-20,152.73571790974526,153.10339174952063,152.2266365874787,152.7168731689453,4870300.0
2024-03-21,152.81112890220413,153.1599579757803,151.89665555455122,152.59429931640625,5211500.0
2024-03-22,152.914858348759,153.11284322858322,152.2266512256266,152.40577697753906,6393200.0
2024-03-25,151.94382386425502,152.4057789997747,150.58625434258903,151.01992797851562,7145600.0
2024-03-26,151.18018821812157,151.91553594707634,150.97278097300108,151.35931396484375,5842700.0
2024-03-27,152.12294784790228,153.42395435523906,152.1040887199598,153.3013916015625,6599700.0
2024-03-28,153.49935226950606,153.8010263425027,152.4434570507742,152.96197509765625,7191500.0
2024-04-01,152.51889154077875,152.7922985264543,150.6522408058402,151.38758850097656,5971900.0
2024-04-02,150.50140421761702,151.51015894972522,150.50140421761702,151.378173828125,6771200.0
2024-04-03,151.43473423005096,151.67042297067655,146.76808565742496,147.211181640625,9601800.0
2024-04-04,147.89943213121273,148.0879802836372,146.51358091367493,146.55128479003906,6801700.0
2024-04-05,146.4004036802731,148.06908389926585,145.83475936531335,147.16404724121094,5121200.0
2024-04-08,147.04148228899814,147.72968933523703,146.72094907680994,147.1074676513672,5476800.0
2024-04-09,147.32432746920534,147.77684584006616,146.7869502157522,147.69200134277344,4608100.0
2024-04-10,146.73980867944812,148.55933329348062,146.73980867944812,148.23880004882812,7784900.0
2024-04-11,148.5310473707655,148.5781879959985,146.85294468662403,146.91893005371094,8209800.0
2024-04-12,146.33443724019278,147.04150351430067,145.8819188526478,146.43814086914062,6770500.0
2024-04-15,147.46572772585827,147.84283833748026,146.43812828162382,146.55125427246094,5754000.0
2024-04-16,146.92836192214872,147.95596134566776,146.75865855401514,147.0226287841797,6103300.0
2024-04-17,147.35260127976716,148.12565285693074,146.8246608104264,147.97482299804688,6621900.0
2024-04-18,148.34202602478584,149.56604090022063,147.98147573684668,149.24342346191406,7819300.0
2024-04-19,147.05159644873888,150.08788934358046,145.66629460211735,150.04994201660156,12034200.0
2024-04-22,150.32509044810303,153.0387802184015,149.20546339568045,152.3271484375,8926300.0
2024-04-23,153.408852331744,153.80737893263185,152.21331596364422,153.23806762695312,7707300.0
2024-04-24,152.9533959760382,154.52847787590827,151.26445761821628,154.2817840576172,7217600.0
2024-04-25,154.63285657749992,155.9137996873976,153.78838736879447,154.23434448242188,7094600.0
2024-04-26,154.1868781693161,154.9649358271454,152.2797103037991,153.0387725830078,5659800.0
2024-04-29,152.924939296451,153.5132169953848,152.20382423071962,153.38987731933594,4621000.0
2024-04-30,153.56063286537025,154.99339399048884,153.3329199816206,154.85105895996094,8106100.0
2024-05-01,154.92699131936723,155.83788642555152,153.92122065678424,155.0408477783203,7543000.0
2024-05-02,155.17365741357395,156.07506914651108,154.31970516763596,155.45831298828125,5647500.0
2024-05-03,155.17365274477694,156.28381090055188,153.8642603056141,156.04660034179688,5581500.0
2024-05-06,156.35025187188222,156.54001745910713,154.90800734823762,156.02764892578125,5472400.0
2024-05-07,156.5400248895718,157.54579557997226,156.16997690955301,157.28012084960938,6433000.0
2024-05-08,157.48886285604738,157.85891082550935,156.4925754065154,156.62542724609375,4579400.0
2024-05-09,156.6064620486461,157.82097932550678,156.6064620486461,157.54580688476562,4671100.0
2024-05-10,157.59324726540282,158.79828129364668,157.22319926972952,158.3143768310547,4879400.0
2024-05-13,158.3143669827463,159.07342935256844,156.90058653430728,157.38449096679688,5725500.0
2024-05-14,157.0618759002342,157.5742588863579,155.56270322252445,157.2801055908203,6009800.0
2024-05-15,156.85313699502015,158.15304646796386,156.67285462001908,157.9917449951172,5102700.0
2024-05-16,158.3902588366495,159.72813012881383,158.06765588736044,159.27268981933594,6793600.0
2024-05-17,159.09239843901676,159.40551815849608,158.3428193371255,159.06393432617188,4700800.0
2024-05-20,158.97855136899227,159.29167110694885,158.25742185920632,158.75082397460938,3804600.0
2024-05-21,159.17779709812513,159.91789301785076,158.73184000826657,159.7376251220703,5147100.0
2024-05-22,159.41500056275166,159.81351261874752,159.05445030914711,159.22523498535156,4536700.0
2024-05-23,158.73183042943708,159.509888106301,156.8626243190628,157.02392578125,4729800.0
2024-05-24,157.3655334986717,157.80199293834167,156.70133216999466,156.87213134765625,3820100.0
2024-05-28,156.07509319364527,156.33127021998655,153.9591641955854,154.76568603515625,6466200.0
2024-05-29,154.32922886502786,154.41463569457454,153.16215662855922,153.38038635253906,4360400.0
2024-05-30,153.38035597473237,154.37664331116306,153.2190545169384,154.26278686523438,4748200.0
2024-05-31,154.1299525830933,156.34075698066476,153.68399552342694,156.1225128173828,10341400.0
2024-06-03,155.543715302689,157.73555323391608,155.2590741878925,156.2268829345703,5828400.0
2024-06-04,156.35973988198486,158.5705445125529,155.98969190817567,158.46617126464844,6277000.0
2024-06-05,158.4661785312373,158.4661785312373,156.54002944100975,157.5552978515625,5243300.0
2024-06-06,157.34652773673915,159.95584418429527,156.63489597831477,159.85147094726562,6302000.0
2024-06-07,159.78505619561608,160.32590331932911,158.30486435120218,158.51361083984375,4558200.0
2024-06-10,158.2479254956164,159.13983961842558,157.58373874826444,158.7887725830078,4110600.0
2024-06-11,158.42820499884508,158.93109027549184,157.5268076809793,158.912109375,3947700.0
2024-06-12,158.93110344199425,159.06394080007206,155.8189015000119,156.7297821044922,5474500.0
2024-06-13,156.05609420779902,158.45666406806038,156.05609420779902,157.8968505859375,4902200.0
2024-06-14,157.49833825684445,158.39023785528767,156.79618974417946,158.2574005126953,3695000.0
2024-06-17,157.3655072451861,160.07919690576173,156.93851661136122,158.93109130859375,6759400.0
2024-06-18,158.48514665990842,160.02226673182463,158.39975431773223,159.93687438964844,5112600.0
2024-06-20,159.7565787041136,160.14560753475033,158.32383199585234,159.09239196777344,8483600.0
2024-06-21,158.9121257443038,160.2405138300542,158.627470120344,159.6522216796875,14682000.0
2024-06-24,160.12664310894672,160.74339937472035,158.91212595805848,159.83250427246094,7565200.0
2024-06-25,160.00331532189054,160.2689900634925,157.41296487398986,158.3143768310547,7968200.0
2024-06-26,157.5553084710052,159.22526614842468,157.18526045528543,158.88368225097656,5164000.0
2024-06-27,158.921617840549,159.50041228022528,157.03341626366077,158.0961151123047,5007000.0
2024-06-28,157.5078294742407,158.68439919571304,156.1604750799758,156.4830780029297,9253100.0
2024-07-01,157.1188028213239,157.70709492932937,153.90222780202302,154.3956298828125,7638600.0
2024-07-02,154.26279438821294,155.6480961418524,153.43730615860335,155.5152587890625,5449200.0
2024-07-03,154.86059008357563,155.80943257921422,154.64234588528376,155.44886779785156,2980500.0
2024-07-05,155.61964772130187,157.15678236222655,155.13574327552556,156.75827026367188,6509200.0
2024-07-08,157.46038885992536,158.14355652655024,157.14726913954016,158.00123596191406,5144500.0
2024-07-09,158.1056353701488,158.22897505385225,156.6918547886299,157.1852569580078,4393100.0
2024-07-10,157.41293993711122,158.38076318716315,157.07135611228026,158.26690673828125,5037100.0
2024-07-11,157.79247952145525,158.10559922207568,156.35023515204193,157.07135009765625,5831500.0
2024-07-12,157.716591432066,159.06394595860377,157.52682583982724,158.08663940429688,4684600.0
2024-07-15,157.95380359226263,158.09612416829194,156.04663548253592,156.16049194335938,5752500.0
2024-07-16,156.47360853671617,158.5231116593726,156.18895291220502,158.40924072265625,6378300.0
2024-07-17,159.16833490628056,161.46453209869352,158.76982277981432,160.77188110351562,7982300.0
2024-07-18,160.1645971426643,162.1761383615625,159.67119504962267,159.82301330566406,5926300.0
2024-07-19,160.3355900507979,161.35694986453584,159.53377241968863,160.3260498046875,6597100.0
2024-07-22,160.29744253359613,161.03244950673246,160.07790029262586,160.6029052734375,6383000.0
2024-07-23,160.46926535200524,160.76517327127146,158.76062870595274,159.04698181152344,4863400.0
2024-07-24,158.76060711949998,160.63151512607942,158.0542355695188,160.36424255371094,5907000.0
2024-07-25,160.66971204596277,162.35925347167932,159.28560419407748,159.31423950195312,7338300.0
2024-07-26,159.64832062188657,161.62424404781498,159.43831867617644,161.4237823486328,5581600.0
2024-07-29,161.17562746038095,162.7888032656062,160.4692558561553,162.20652770996094,6797800.0
2024-07-30,154.43647659321047,154.99967157387405,150.85691783644415,154.35057067871094,15746300.0
2024-07-31,153.5010232099965,155.45785158389023,151.97375354069212,153.4532928466797,9660900.0
2024-08-01,153.56787675559985,158.7510718122235,153.3769552673679,158.1592559814453,12532700.0
2024-08-02,159.8296920687001,162.60743324435785,157.64376663133254,162.34970092773438,11899000.0
2024-08-05,163.1133440640788,163.1133440640788,159.0946862105632,160.4215087890625,10338800.0
2024-08-06,160.26879812409518,162.58836015663292,160.22108231831072,160.45016479492188,7454900.0
2024-08-07,160.90834147327172,163.91516517566004,160.3737817667189,162.2924346923828,8385500.0
2024-08-08,161.7197273427954,163.76246209399392,161.31881841763666,163.10382080078125,6386900.0
2024-08-09,162.3878942116526,163.4760796431185,161.9392549529087,162.78880310058594,5377300.0
2024-08-12,161.70062668048482,161.93926397757247,158.64607219081586,159.2283477783203,7208100.0
2024-08-13,159.73423854546292,160.17333752821304,158.89424526473243,159.68650817871094,3770000.0
2024-08-14,158.93243321545435,161.76744535154575,158.28334678584113,161.12789916992188,5476600.0
2024-08-15,161.75790138459251,161.9678887923788,159.17106684307447,160.2878875732422,9491400.0
2024-08-16,160.19245121594943,160.6983611187717,159.21880696898793,160.25926208496094,5640800.0
2024-08-19,160.5360549581622,161.5478892031296,160.52651471099506,160.76515197753906,3885300.0
2024-08-20,161.09927376959735,162.80791044168578,160.46926779721232,162.66473388671875,4513600.0
2024-08-21,162.45470647350447,164.0774369586728,161.89152602507912,162.4260711669922,4082000.0
2024-08-22,163.11338112477375,163.45701943869875,161.4524601799253,162.4165496826172,4097300.0
2024-08-23,162.32107168223374,162.3783422957855,160.60288044936624,161.48106384277344,4771300.0
2024-08-26,161.03240734493815,163.19923757191103,161.03240734493815,162.607421875,6472400.0
2024-08-27,163.06562339765964,163.3233557311898,161.39516248396066,161.55743408203125,4456400.0
2024-08-28,161.71970637299245,163.41880260155645,160.91788862664473,161.37606811523438,5644800.0
2024-08-29,162.03469887067192,162.8460713774253,161.26151648190773,162.30197143554688,4413200.0
2024-08-30,162.42609444263985,164.06792022251076,161.97745515597367,163.7433624267578,7301600.0
2024-09-03,163.2565543311034,167.04611595542775,163.21837877045894,166.5879364013672,10101400.0
2024-09-04,165.73836590158092,168.0006426214514,165.73836590158092,167.90518188476562,7517500.0
2024-09-05,167.99109003582032,168.5256351653687,166.73107831737425,167.49472045898438,6061900.0
2024-09-06,167.77153978301249,168.9933614309112,167.3706309202891,167.60926818847656,5785700.0
2024-09-09,167.56152229559302,168.80243888823748,166.72152909378548,168.05789184570312,6450200.0
2024-09-10,167.91474702586885,169.85248066461742,167.91474702586885,169.70928955078125,6396300.0
2024-09-11,168.57338173057175,168.95519555543896,165.738369656878,166.0151824951172,6828200.0
2024-09-12,165.99606614626106,166.67380234853798,164.60243275548365,165.5856170654297,4838900.0
2024-09-13,165.4901562541246,166.60697684159086,164.94607089547986,166.1678924560547,3918000.0
2024-09-16,166.7692874833674,169.2511065204902,166.39701389953578,169.18429565429688,6892300.0
2024-09-17,168.602004933821,168.92654811818286,167.38972355074856,167.88609313964844,4757100.0
2024-09-18,167.0938276699996,167.9051856891584,164.72654991224246,166.0151824951172,5102900.0
2024-09-19,165.02246941707457,165.28974202633125,162.63609643066508,163.7433624267578,8692000.0
2024-09-20,163.7146796951829,166.60696175172282,163.70513944949596,166.301513671875,28647500.0
2024-09-23,166.10110703061366,167.22748270111768,164.7456488656288,165.8720245361328,10265000.0
2024-09-24,165.0224658407702,166.56883084156658,164.77427373379285,165.36610412597656,5422400.0
2024-09-25,166.1583643453391,166.74062529797675,164.2397113843362,164.4306182861328,8916500.0
2024-09-26,163.70517793653715,166.6738263522826,163.57154163919952,165.33746337890625,4957200.0
2024-09-27,165.14653788251965,166.5210909447199,164.73608875255735,165.66200256347656,4599500.0
2024-09-30,165.8338059603711,166.09153828771187,164.860176395329,165.32789611816406,6296600.0
2024-10-01,165.36607709542767,166.09152910549756,164.3733379603193,165.17515563964844,7130600.0
2024-10-02,164.19196975790135,164.6119736522094,163.3042461710555,164.10606384277344,6212700.0
2024-10-03,163.58109546267795,163.58109546267795,162.05382544710932,162.38790893554688,4794300.0
2024-10-04,161.17563409913765,162.35926575491388,160.61243901602705,161.2042694091797,6002800.0
2024-10-07,161.4715346008774,161.87244348832706,159.28560893291476,159.5242462158203,6325300.0
2024-10-08,159.26652601922856,160.92743216126587,158.71288578346162,160.51698303222656,7473000.0
2024-10-09,160.7269747497099,162.09197290879968,160.3642414474566,161.57652282714844,8758800.0
2024-10-10,161.12788059924742,162.07287482552053,160.71741693878806,161.27105712890625,6932300.0
2024-10-11,161.75789191633507,163.61925969099556,161.29015762823562,163.3137969970703,7036500.0
2024-10-14,163.24701198717617,164.98428399687876,162.97973937029883,164.66928100585938,5909000.0
2024-10-15,165.03197515928295,166.96016820741352,164.96516430357056,165.6810760498047,7172200.0
2024-10-16,164.06792193095137,164.7456437096005,163.1229129749975,164.54519653320312,6117000.0
2024-10-17,164.3542615513173,165.78608524056094,163.95335266616075,164.44972229003906,7045600.0
2024-10-18,163.5154973005173,165.34940917990053,161.7488037548344,164.45645141601562,8372500.0
2024-10-21,164.16837066384682,164.64845130124914,161.73916381066292,162.78573608398438,5522500.0
2024-10-22,161.85440447704755,163.92834184138738,161.85440447704755,162.9393768310547,7511400.0
2024-10-23,162.7953693035273,163.39066468690817,162.0080299182426,162.8241729736328,4837800.0
2024-10-24,162.67053474640042,163.18903008177676,162.2000504088774,162.86256408691406,5861200.0
2024-10-25,162.19046639155104,162.651339773977,161.34551964801952,161.5183563232422,4877900.0
2024-10-28,162.53610578185294,162.90097176883208,161.67196646110116,162.55531311035156,5753800.0
2024-10-29,162.13283729052085,162.13283729052085,160.18371102856395,160.51016235351562,5681000.0
2024-10-30,160.43336359503337,160.65421126400935,159.3483911838606,159.54042053222656,5518100.0
2024-10-31,159.15633685807876,160.38534218895973,158.51303052479724,158.5994415283203,6056500.0
2024-11-01,158.72426972107164,159.72284572515082,158.41702570890075,158.52264404296875,5454800.0
2024-11-04,159.11795120721033,159.6460429167733,158.02336777779826,158.50344848632812,5130200.0
2024-11-05,157.78331784214802,159.6940442203923,157.78331784214802,159.15634155273438,4397400.0
2024-11-06,159.01232081253875,159.4251831581482,153.44338208552463,154.6339874267578,11473700.0
2024-11-07,155.50773240785048,157.41844404055706,155.04684442982872,156.89996337890625,9056700.0
2024-11-08,157.485673433179,161.06707127339962,157.39924777441394,161.02867126464844,7506200.0
2024-11-11,160.34694606404483,161.80639542388562,159.17554804048703,159.41558837890625,6364400.0
2024-11-12,159.52120563120303,160.4045523124827,158.97392128178927,159.233154296875,6507500.0
2024-11-13,159.4444070153247,160.15493175807015,159.07954097838774,159.94369506835938,5412300.0
2024-11-14,160.0685272881872,161.3455291678705,159.87648327085296,160.4237823486328,7444300.0
2024-11-15,161.24948683483595,163.77471567585965,160.23171822768677,162.78573608398438,9939400.0
2024-11-18,162.3728914657215,164.6196655774309,162.10404745154602,163.9475555419922,6681000.0
2024-11-19,163.88994964162885,164.35082300555993,162.90098458418296,163.9571533203125,5683700.0
2024-11-20,163.23702355040305,164.25480687388813,162.75694288213433,164.08197021484375,7081100.0
2024-11-21,164.82133210935885,166.59762215312549,163.4386971590504,165.86790466308594,6240400.0
2024-11-22,167.21209948466537,170.33262398866384,166.95286645913507,169.2572479248047,10609800.0
2024-11-25,170.4094395734276,171.69606697205924,169.8525442085363,170.32302856445312,19357000.0
2024-11-26,170.14059332928494,172.310567421134,170.14059332928494,172.16653442382812,6276700.0
2024-11-27,172.82904124594614,173.2419035898242,171.60963224157015,172.21453857421875,5522900.0
2024-11-29,171.58084222426044,172.47379996020845,171.17757618737767,172.1185302734375,3823700.0
2024-12-02,171.98410499701828,172.98268105588105,170.91832525873411,172.54100036621094,5728200.0
2024-12-03,171.64806524874908,172.46419368467002,168.22028186517832,168.4315185546875,8127300.0
2024-12-04,167.2312961085982,168.1722501042357,166.54958977279418,168.13385009765625,6823500.0
2024-12-05,167.89380966454308,169.4300736429721,167.50014000557204,169.01719665527344,5022200.0
2024-12-06,168.3835021398046,169.69893323690107,166.82804534060054,166.895263671875,5741200.0
2024-12-09,166.7224278120555,166.83764249377293,163.6403032180097,163.9859619140625,7164300.0
2024-12-10,163.6307249581114,166.0407251060241,163.16024053761276,165.4166259765625,6219900.0
2024-12-11,166.11751048435713,166.48237648695223,163.61148876584232,163.83233642578125,5237500.0
2024-12-12,164.60045981415468,164.97493682057024,163.24664339092186,164.0435791015625,4072800.0
2024-12-13,163.9667683772393,164.94612246851887,163.34265466909793,164.24520874023438,3884500.0
2024-12-16,164.6196538879374,165.89667019004116,164.28360621953047,164.32200622558594,5943600.0
2024-12-17,163.87073234166164,165.09973767130472,163.24663333786913,163.54428100585938,6069200.0
2024-12-18,162.99700371065478,163.76513580664547,162.28649360885683,162.34410095214844,7517100.0
2024-12-19,162.27688560608027,163.3234727484551,160.68302869235714,162.44972229003906,8585200.0
2024-12-20,162.14242860013326,163.10258986790387,160.82701235157498,161.3647003173828,21999300.0
2024-12-23,161.36470873049117,161.96000405925855,159.7324374203587,161.4127197265625,6983900.0
2024-12-24,160.94225092632115,162.44010038243235,160.75022157441722,162.2096710205078,2460800.0
2024-12-26,161.60475339328082,163.5154797413226,161.374324047398,163.3810577392578,3629400.0
2024-12-27,162.6705504781105,163.9571632999685,162.51692113048244,162.7761688232422,4367900.0
2024-12-30,161.9504062357481,162.24805389740314,160.06849827455537,160.433349609375,4354500.0
2024-12-31,160.6926289478164,161.3839463986916,159.95330049184395,160.9710693359375,3957600.0
2025-01-02,161.393509905093,161.98881987556433,159.30036529698393,159.36756896972656,5401700.0
2025-01-03,159.62681332679108,159.86685364758324,157.70649076045373,158.5514373779297,5256600.0
2025-01-06,156.32388341560574,156.9863971606112,154.0483054661531,154.20193481445312,8731700.0
2025-01-07,155.02765276451038,156.13183241923707,154.3363354438627,154.8740234375,8447400.0
2025-01-08,154.57638641589224,155.93020283204748,154.1731203928992,155.6421661376953,4974800.0
2025-01-10,153.76981691981229,154.78760014225165,151.19659182579392,152.2431640625,8501500.0
2025-01-13,153.00171558638743,153.7122256023268,152.09916158148127,152.51202392578125,6772200.0
2025-01-14,152.5216319357895,153.69302992128303,152.00313661714856,153.3761749267578,5982200.0
2025-01-15,154.19230313202883,154.72999112802458,152.99210147993153,153.2897491455078,8059200.0
2025-01-16,153.26096449865497,154.18272592825815,152.80009110930385,154.1059112548828,5774400.0
2025-01-17,153.3761765049588,155.30609550867175,153.24175450446486,154.71080017089844,7262700.0
2025-01-21,154.5475654194633,155.88218900696467,154.5475654194633,155.27728271484375,13914700.0
2025-01-22,160.44296807526828,161.44152943679293,157.88893535802512,158.17698669433594,14356700.0
2025-01-23,157.3512366599105,159.84764721966562,156.81354868245245,159.53079223632812,7614300.0
2025-01-24,160.2717492521424,160.2717492521424,157.65383889755577,158.54257202148438,6199800.0
2025-01-27,161.05421254914805,164.1647857090002,160.46494211227576,163.89430236816406,9170800.0
2025-01-28,163.16978609050466,163.82666997567875,160.46493801103847,160.54222106933594,6716300.0
2025-01-29,161.05422483472123,161.6048464133415,160.2427747503136,160.58087158203125,4850300.0
2025-01-30,161.788392889627,161.9043248597407,160.29106479603263,161.7207794189453,4136500.0
2025-01-31,160.35868439624093,160.95760970542335,159.59553810680646,160.34902954101562,5464700.0
2025-02-03,159.84670030230876,163.623827146736,159.61485110998578,163.02488708496094,8668600.0
2025-02-04,163.53688847560036,163.53688847560036,160.6291847984869,162.41632080078125,6410900.0
2025-02-05,162.3776700056818,163.39199002922777,160.94797006462719,163.2664031982422,7536800.0
2025-02-06,163.6141771796659,164.15514395308136,162.31971886610188,163.14083862304688,4957900.0
2025-02-07,163.3436520201419,163.37263132271815,162.1651112479222,162.26171875,4535600.0
2025-02-10,161.99125130303753,162.75439757937187,160.74508220922692,161.83668518066406,7062900.0
2025-02-11,161.99126037148656,163.80737556045113,160.84169872486484,163.672119140625,5438100.0
2025-02-12,162.62883604061628,164.3000399688889,162.26174516125184,163.81703186035156,6037400.0
2025-02-13,163.86532226375996,165.55585050585773,163.39196904948744,165.2080841064453,6328300.0
2025-02-14,164.0198756575033,164.22274553475035,156.78442412622368,157.3543701171875,13179500.0
2025-02-18,157.79875888227255,160.1268468207794,156.68783136084718,159.8080596923828,7075300.0
2025-02-19,160.455300770878,161.1991226507038,159.62452622827445,160.83204650878906,7910700.0
2025-02-20,157.60553454252343,162.07819419185904,157.26743772222494,161.52757263183594,6162600.0
2025-02-21,161.7497523600738,164.75406328475907,160.28140363174143,164.44493103027344,9813700.0
2025-02-24,164.4352824982785,167.10148196467858,164.01988785786904,164.74440002441406,8564100.0
2025-02-25,165.4592469022744,168.03850828371213,164.9955632721895,166.78268432617188,7314900.0
2025-02-26,166.42526840117856,166.78268967539125,164.85065729112844,165.47857666015625,5519000.0
2025-02-27,165.04387527812872,167.2077421535119,164.83135053283394,166.1258087158203,5467000.0
2025-02-28,167.68107683761312,168.7147064023459,166.00987310758572,167.93223571777344,10240100.0
2025-03-03,167.68108506205735,170.2989805736537,167.61345685625332,169.62277221679688,7615300.0
2025-03-04,170.74334705578843,173.87324455158458,167.0338487394466,167.29466247558594,12117600.0
2025-03-05,167.48789064709445,169.89326151076014,167.1401242313523,168.67608642578125,6989100.0
2025-03-06,168.94656007538927,169.8642724491543,166.96622406448395,168.72438049316406,6702500.0
2025-03-07,168.1737597827804,172.8106405752653,168.13512561978135,169.97055053710938,9566700.0
2025-03-10,170.75302765798816,173.8732707696882,169.85463961756952,170.27001953125,11047000.0
2025-03-11,169.85460432460494,170.00917043070206,166.46389328592227,167.2366943359375,11032300.0
2025-03-12,163.93293555568687,165.9905546450608,162.06853148596676,162.64813232421875,10158800.0
2025-03-13,162.000902967338,163.53686508505072,161.5951779592763,162.86065673828125,6609000.0
2025-03-14,162.08782819430704,162.8606439902235,160.95759117312625,162.26171875,6790500.0
2025-03-17,162.64812869164913,165.27569370570313,162.4162942576207,163.9908905029297,9931700.0
2025-03-18,164.29037303512285,164.4739037210748,161.88498752495727,162.0105743408203,6099900.0
2025-03-19,162.16514644804894,163.01524548210602,161.43097938969686,162.84136962890625,7569200.0
2025-03-20,163.15046086239158,163.45959309410634,160.38765418744418,161.8560028076172,8789200.0
2025-03-21,161.45992706639382,162.4259431466619,158.54255437671833,161.0252227783203,16027300.0
2025-03-24,160.7740602630653,161.1991097261651,159.74043065074227,160.02056884765625,6102100.0
2025-03-25,159.68248695513194,159.75010042681131,156.68783072375567,157.3157501220703,8366700.0
2025-03-26,157.79874771927368,161.15082501803002,157.45098130746436,160.91897583007812,7756000.0
2025-03-27,162.16512823971053,163.28571052419312,160.95760803838965,162.97659301757812,6211700.0
2025-03-28,163.62382992450833,163.94261704177538,161.92363196575081,162.3197021484375,5479100.0
2025-03-31,162.38731403418996,165.32399652373778,162.38731403418996,164.6284637451172,11520100.0
2025-04-01,164.77338724693942,165.2370708870552,163.31469337829785,164.7637176513672,7021100.0
2025-04-02,164.29036709361307,165.07283778518305,162.59016930428953,163.73973083496094,6274500.0
2025-04-03,168.30899084881347,168.85962713342727,164.9279343004792,166.53152465820312,9393300.0
2025-04-04,165.93260407023814,167.7004154559708,157.91466679415515,158.18515014648438,13454200.0
2025-04-07,158.09820249387286,159.10285277777945,153.7801092375778,154.78475952148438,15708000.0
2025-04-08,156.79407514858104,157.73111197059342,151.38439368381208,153.00729370117188,11541100.0
2025-04-09,152.01230987449574,159.0835407960324,151.36508078909904,156.8037567138672,10670200.0
2025-04-10,157.36401276672237,159.4602806214833,155.28708410096849,158.0015869140625,10581600.0
2025-04-11,157.8180718904526,162.31005634960496,157.09355969448333,161.23777770996094,8602800.0
2025-04-14,161.36333916316352,164.32901596514188,160.14616406065966,163.38232421875,9877300.0
2025-04-15,163.39196474458132,164.37730530699508,162.56119029788658,162.74473571777344,8765000.0
2025-04-16,163.53686881709416,163.91361452890882,160.15581226585195,160.7354278564453,5897500.0
2025-04-17,161.8366885668536,165.8166704897069,161.66281273072292,164.8313446044922,7227100.0
2025-04-21,165.13948513995462,165.19780502912656,159.68635302060318,161.11524963378906,8062400.0
2025-04-22,161.22216401283848,164.050797112827,159.93906720504756,163.18568420410156,7907400.0
2025-04-23,161.7470581197266,161.95119255121304,158.54906079529954,161.09579467773438,9309200.0
2025-04-24,156.0120611675341,156.45920506523706,152.2016749113963,155.06918334960938,20077700.0
2025-04-25,155.40937953679128,157.27568998859715,153.35837956392203,156.5175018310547,12892800.0
2025-04-28,156.53694729361825,158.01444877526282,155.90512871092395,157.32431030273438,8127000.0
2025-04-29,156.77994638753447,157.8491937377355,154.74839125427,157.7228240966797,8266200.0
2025-04-30,157.90750006900282,158.59765326891144,155.47740614725112,158.02415466308594,12475500.0
2025-05-01,156.16758516557064,156.8382935719976,154.60260382794732,155.506591796875,6792800.0
2025-05-02,156.43001832108675,157.2854162345033,155.42882068702784,156.031494140625,5750200.0
2025-05-05,156.3911434383269,156.41058834513083,153.60140001274362,154.3887481689453,7576200.0
2025-05-06,153.6208098348935,155.24412561635657,153.2417157788438,154.79698181152344,7703800.0
2025-05-07,154.57342173584286,155.57461926710988,154.1068330134554,154.8358612060547,6430000.0
2025-05-08,153.9513209012817,155.52601707791823,153.59165690094957,154.21376037597656,7230800.0
2025-05-09,153.6013990033309,154.6803614260288,153.008455422711,153.25146484375,6453200.0
2025-05-12,153.02787663345322,156.54666293212006,152.30857828139708,156.40084838867188,7378400.0
2025-05-13,155.54547131775647,156.22589471688306,152.95984756895766,154.29153442382812,7780800.0
2025-05-14,153.69857425126816,154.7095016197212,153.16396545892502,153.60137939453125,5988900.0
2025-05-15,155.12748381357605,158.35465590623195,154.26237090499833,157.86863708496094,8727300.0
2025-05-16,158.10190601362285,158.86009413734095,157.32428781748268,158.71429443359375,7100800.0
2025-05-19,158.89899155520567,160.53200764383564,158.84067167091416,160.1626434326172,8119900.0
2025-05-20,160.0071184453218,161.35825018794822,159.99740340836675,161.00831604003906,5576600.0
2025-05-21,160.211240020034,161.71788639360778,160.01682063959686,160.80416870117188,6424200.0
2025-05-22,159.84189129714247,161.55267241164336,159.43363721864063,160.41539001464844,6245600.0
2025-05-23,160.2209703587637,161.57210212199593,158.90871357606207,161.22216796875,5349800.0
2025-05-27,160.64865147439548,163.28286495240638,160.64865147439548,163.0690155029297,11423800.0
2025-05-28,162.96210594974352,164.1188331253892,162.38860729644406,162.6802215576172,5385900.0
2025-05-29,162.07756361282063,164.2646483322331,161.78594935047548,163.84666442871094,4842500.0
2025-05-30,164.03135823072415,166.2087279699122,163.88555851181067,165.1394805908203,12587500.0
2025-06-02,164.2938178171488,164.31324789221412,161.58182430158382,163.08848571777344,7574400.0
2025-06-03,162.11644426104394,162.72883275016855,161.26104635015471,162.1844940185547,6223000.0
2025-06-04,162.0289751407745,163.3509470758553,161.28050191926428,161.30966186523438,4939000.0
2025-06-05,160.80419078332454,160.81392065295233,157.96584245814336,158.24774169921875,10351800.0
2025-06-06,158.72402608276096,160.61951142256478,158.7143110455331,159.43362426757812,5697700.0
2025-06-09,158.82122782748692,159.43361628087678,157.53814586814295,158.01443481445312,6544200.0
2025-06-10,158.14082136645246,158.93788459587694,157.39234815804798,158.28662109375,7680000.0
2025-06-11,158.08250541339714,158.21859010630433,157.168787547255,157.57704162597656,5960100.0
2025-06-12,157.4409387016477,158.74346558751714,157.15903947833547,158.61709594726562,6509900.0
2025-06-13,158.20885187537516,158.4713062092975,155.4385533092826,155.79820251464844,7104500.0
2025-06-16,156.3814239501953,157.4214965367743,155.53574109765088,156.3814239501953,6332000.0
2025-06-17,155.58436451467347,155.88569385298769,153.8832984016304,154.08743286132812,6809700.0
2025-06-18,154.11655811479665,154.21375297153352,153.25144527962306,153.60137939453125,7211200.0
2025-06-20,153.6111019304421,154.8844688231598,153.43614228050384,154.63174438476562,16173400.0
2025-06-23,154.622021117552,156.6827359895313,154.55397136923162,156.52720642089844,6588200.0
2025-06-24,156.67303981696412,157.2173934242528,155.18582322333347,155.8759765625,7470100.0
2025-06-25,155.35107932361856,155.8565282712367,154.27211683478467,154.52484130859375,5933700.0
2025-06-26,155.08860878852232,155.09832382538264,152.7751544536732,154.1943359375,7410400.0
2025-06-27,154.24292622193488,155.65239267135047,153.86383213408064,155.3899383544922,19257000.0
2025-06-30,154.80671654938587,155.42882007520782,153.70832404992842,154.86505126953125,11238200.0
2025-07-01,155.4094022787118,157.98529641754885,154.9233833972619,156.71192932128906,10664900.0
2025-07-02,156.63415447633918,156.8382889195906,155.38994740618082,156.69247436523438,8848700.0
2025-07-03,157.26595724100488,157.48953656878732,155.3218820352797,156.3328094482422,6999600.0
2025-07-07,156.39114856180615,156.67303297516668,154.8358822731371,156.01205444335938,7225700.0
2025-07-08,155.0594628675265,155.3121873378044,153.03762260894715,153.47503662109375,12034800.0
2025-07-09,153.6791706245995,153.77636549806186,151.58928061155683,153.11538696289062,18770900.0
2025-07-10,153.34865986736696,155.1469355177143,152.64879154750017,154.05825805664062,7200500.0
2025-07-11,153.63054590240085,153.63054590240085,152.06556477050864,152.65850830078125,8053800.0
2025-07-14,151.22962597360984,151.44347545252165,148.5856822635347,149.46051025390625,11491700.0
2025-07-15,149.26608812263814,149.74239187547778,147.65250218325457,148.4106903076172,9142600.0
2025-07-16,148.46904288245773,149.46051065229005,148.0121839792118,149.4313507080078,8479000.0
2025-07-17,149.7326572886723,151.394848021005,149.57714255348256,151.2684783935547,8320000.0
2025-07-18,150.50219586228826,152.2540505817674,150.35539906838767,151.7940673828125,7337300.0
2025-07-21,151.76469592541798,152.61614712926362,151.5885248532318,151.7255401611328,6328400.0
2025-07-22,151.61789621928125,154.99435687922127,151.59831833558792,154.9454345703125,8187000.0
2025-07-23,154.84754654639278,155.49348224984857,154.31904826772953,154.90626525878906,4804800.0
2025-07-24,155.48370651317148,155.63051824722876,154.68119244781664,155.42498779296875,7027400.0
2025-07-25,153.98631325761204,155.06287286345747,153.67314178453415,154.9258575439453,5799900.0
2025-07-28,154.27012032926817,154.7203070635647,152.89995237801628,153.76119995117188,7885000.0
2025-07-29,155.26837677032339,155.26837677032339,151.53958912972797,153.27186584472656,11466100.0
2025-07-30,153.65354585182126,153.65354585182126,148.8090580616741,149.62136840820312,8162900.0
2025-07-31,148.56439400111145,148.76012802496086,146.71467984866936,147.2627410888672,11845400.0
2025-08-01,148.54483811957488,150.21839637848714,147.31170014649018,147.4389190673828,8594200.0
2025-08-04,147.04743055990627,148.23164605564276,146.82233717704855,147.5465545654297,7679400.0
2025-08-05,147.49762883750319,148.83842256255264,147.11594226953406,147.3018798828125,6670100.0
2025-08-06,147.64442135979624,150.20857130993284,147.00828207605258,149.60179138183594,7376200.0
2025-08-07,149.85624491942409,150.72727398660254,149.44519900459755,150.21836853027344,6719000.0
2025-08-08,149.51372813417484,150.5119761922033,149.31799409928004,150.23794555664062,5811000.0
2025-08-11,150.26729635992447,152.07786968010555,150.0422029792883,151.67660522460938,7331700.0
2025-08-12,151.7549118814028,152.22467655625786,151.02089804351374,151.78427124023438,6938000.0
2025-08-13,151.90172384870633,153.6633451155789,151.6472561603649,152.0974578857422,5812400.0
2025-08-14,151.34386912233953,151.4025878412435,150.0030752621984,150.4630584716797,6343700.0
2025-08-15,151.17748017109554,152.28339905123167,150.92302743534637,151.06982421875,7121700.0
2025-08-18,151.12855474339406,153.57526754833222,150.88388346290026,152.40084838867188,8274500.0
2025-08-19,152.41062476202555,155.31732067167744,152.35190604604057,155.02371215820312,7868100.0
2025-08-20,155.19989163142847,157.59766724294354,155.03351694929194,156.1100616455078,7840400.0
2025-08-21,154.56372863114285,155.66964755825543,153.82971481584852,155.3466796875,6417500.0
2025-08-22,155.9828215356498,157.2551001006948,154.9356214077657,155.28794860839844,5797300.0
2025-08-25,155.01393050563155,155.31732049357234,152.56721778540026,152.82167053222656,4692500.0
2025-08-26,152.59657057349244,153.35994371465452,152.02893145481193,152.6455078125,6338000.0
2025-08-27,152.8216629740615,153.78078506511198,152.46933576243143,153.61441040039062,4551200.0
2025-08-28,153.6535673413081,153.66334881665304,151.72555641629046,152.33233642578125,5857400.0
2025-08-29,152.76295537841256,154.20162368613916,152.33233154024273,153.6927032470703,5318200.0
2025-09-02,154.0058754405069,155.47390297142167,153.6339703539397,154.62245178222656,6432800.0
2025-09-03,154.28969408819634,155.2585976758883,153.16421224004372,154.79861450195312,6592500.0
2025-09-04,155.14117300519342,156.34495154934362,154.44629998310094,155.79689025878906,6934900.0
2025-09-05,155.1705236211177,157.137675271058,155.0335083061997,156.60919189453125,6436200.0
2025-09-08,156.2079293133361,156.8538650629951,154.87691698080363,155.62071228027344,7178400.0
2025-09-09,155.2292536095078,156.46239153331825,154.8279891104126,156.06114196777344,4984900.0
2025-09-10,155.21945002404337,155.55219934653158,152.5672070511561,153.99609375,6205500.0
2025-09-11,154.35821803166013,155.95347955300494,154.03525015063974,155.2488250732422,5819500.0
2025-09-12,154.56372214966544,155.73815615172708,154.41692536618206,154.53436279296875,5957000.0
2025-09-15,154.51480493608133,155.1411627888325,152.87060623914135,153.4871826171875,5995000.0
2025-09-16,153.79057583731483,155.0139322108882,153.54590456260016,154.68118286132812,6559600.0
2025-09-17,155.0530717648413,158.22401683505996,155.0530717648413,156.91258239746094,6764200.0
2025-09-18,154.77904661120462,155.63051282513092,153.8101578945142,153.9667510986328,7651500.0
2025-09-19,154.25054717180527,154.26032864596417,152.64550433039255,152.71400451660156,17224800.0
2025-09-22,152.75316388507665,152.75316388507665,149.78774938817966,149.8073272705078,8712900.0
2025-09-23,149.93454247147426,150.02262053945424,147.75207905252998,149.2494659423828,8853400.0
2025-09-24,148.80906440699047,150.35538857352498,148.55459673725838,149.17117309570312,6483300.0
2025-09-25,149.9639183785686,150.6000726735806,148.54482792592634,148.9069366455078,7511400.0
2025-09-26,148.98521680489458,149.42562207834277,148.30014027580313,149.2494659423828,5721100.0
2025-09-29,149.17118152195687,150.44347514183943,148.55460512868348,150.2575225830078,8139700.0
2025-09-30,150.18901660551364,151.0894050730471,149.58222171056255,150.3749542236328,7762600.0
2025-10-01,150.42389846609262,150.60985102641718,148.18271613427206,149.91497802734375,7566000.0
2025-10-02,149.46479929847973,149.54309590355126,148.39803605478735,148.80908203125,6892100.0
2025-10-03,148.76013438797045,150.15964690522725,148.76013438797045,149.02438354492188,5212600.0
2025-10-06,148.270803782386,149.0733327927448,147.19424411813654,147.20404052734375,6737000.0
2025-10-07,147.54656169532586,149.90519639268422,146.85170363054203,149.2886199951172,6844400.0
2025-10-08,149.53328757988405,149.53328757988405,147.4193391455907,147.47805786132812,5254700.0
2025-10-09,147.52700030768344,147.65421921842022,146.3917219848716,147.3704071044922,6134500.0
2025-10-10,147.72273075948178,148.28057349868007,146.26448459056263,146.49937438964844,7374000.0
2025-10-13,145.824076793637,146.24490420956874,143.83734727764255,144.3462677001953,7511100.0
2025-10-14,144.4245614531163,146.0687451855944,143.9450003977024,145.9806671142578,8585300.0
2025-10-15,145.3640967963042,146.22534446356136,144.13095894563563,144.2777557373047,10003100.0
2025-10-16,144.85516486447088,147.19422147187802,144.76708679646077,146.41128540039062,8809700.0
2025-10-17,147.36061713670907,148.7894889662187,147.2235868916517,148.17291259765625,8612900.0
2025-10-20,148.35886940340424,149.1418204631398,148.07505729769414,148.7209930419922,5601300.0
2025-10-21,148.72097835900828,149.03414979185396,147.65420036533453,148.38821411132812,6013400.0
2025-10-22,148.07504578300208,150.18900899983615,147.57590686779093,148.9558563232422,6394400.0
2025-10-23,149.1026677703594,150.03241554641374,147.3703911151846,148.9656524658203,8205400.0
2025-10-24,154.13671657234877,155.1222454891489,149.33719555968506,150.28330993652344,11968500.0
2025-10-27,149.41605061362142,149.56387394676975,147.95747192063496,149.54417419433594,7775300.0
2025-10-28,148.9331374037572,150.95347485777054,148.44037290463098,149.1795196533203,5819300.0
2025-10-29,148.47979078198844,148.78530234128826,146.32148003986663,146.6171417236328,7405500.0
2025-10-30,147.30701174739386,148.61776704110622,147.17888817314298,147.41542053222656,6760700.0
2025-10-31,146.55801833970665,148.91343195389567,146.3806153070593,148.19398498535156,7930300.0
2025-11-03,147.92790809463196,148.04616676182263,145.631623732812,145.8780059814453,8946400.0
2025-11-04,146.4496127257825,147.33658279430247,144.13361360312197,145.04029846191406,9295400.0
2025-11-05,144.74462509442617,145.28666899838325,143.54227863036783,143.6802520751953,11199900.0
2025-11-06,143.76896810418373,144.55737923416314,142.3695187990984,144.01535034179688,10024500.0
2025-11-07,144.82347793672176,145.79915702262863,143.887228430557,144.85304260253906,8500100.0
2025-11-10,144.26172520024414,144.49824251194846,142.0048555978814,143.3944549560547,10208100.0
2025-11-11,143.8478058079964,146.49886593455332,143.56199400384676,146.3904571533203,7332500.0
2025-11-12,146.38061280628526,146.99163593923274,145.37536907306662,145.86813354492188,7851100.0
2025-11-13,146.03566543847782,146.84380635611657,145.50348644825976,145.81886291503906,7566800.0
2025-11-14,146.942364680746,147.21831156909852,145.47392120931636,145.53305053710938,9150800.0
2025-11-17,145.611902524575,145.83856997269334,142.91154778489712,143.7098388671875,9902300.0
2025-11-18,144.212447091072,145.2571053287713,143.4043061672803,144.86289978027344,10735200.0
2025-11-19,144.833335116035,145.40492864996358,143.74924730069924,144.86289978027344,6367000.0
2025-11-20,144.51795940169347,146.50873201935462,144.0153450690368,146.0455322265625,9021300.0
2025-11-21,146.2327861066487,149.30763152794248,146.1539419884132,148.73602294921875,12018000.0
2025-11-24,147.92790318934624,148.23341476144415,144.41940745324712,144.85304260253906,13846900.0
2025-11-25,145.1881195563709,146.49885971291667,145.0895606547165,146.3411865234375,10477700.0
2025-11-26,145.77943369126635,146.81424204817648,145.47392213706894,146.1046600341797,9238500.0
2025-11-28,145.6611849210701,146.55801989379296,145.05014673322594,146.01597595214844,4707200.0
2025-12-01,145.95684922596197,146.7354105102405,145.21770248451648,145.306396484375,8240700.0
2025-12-02,143.18749360323747,144.0744786752911,140.4477243429854,143.74925231933594,16376800.0
2025-12-03,143.80838354188865,146.14408235686736,143.74925421056946,144.5869598388672,9125300.0
2025-12-04,144.54754086593837,145.28668763762224,142.40894467775726,143.25650024414062,10479300.0
2025-12-05,143.05939143435612,143.52259126151858,141.17702745911959,141.37413024902344,12791700.0
2025-12-08,140.84194832936856,140.84194832936856,136.1409709445997,136.33807373046875,17507500.0
2025-12-09,137.1757703942462,138.84131664614492,136.98851749662762,137.60940551757812,10375700.0
2025-12-10,137.6291082264464,139.23552518477814,137.5206994432833,137.79666137695312,13650400.0
2025-12-11,138.95958534596835,139.78742607508474,138.32884740407317,138.72305297851562,11798000.0
2025-12-12,138.9595795906534,141.03904624136598,138.8018913522159,140.77294921875,10268800.0
2025-12-15,141.19673129774333,143.21706857300535,141.12773705574003,143.02981567382812,13877700.0
2025-12-16,143.98577795425717,144.41939803729915,142.55674902235805,143.10865783691406,10251700.0
2025-12-17,144.5672481238911,146.30177371071878,144.3307157556051,145.67103576660156,9833300.0
2025-12-18,144.49824207550833,145.3655123170783,143.2466312035797,143.41416931152344,12239900.0
2025-12-19,143.40430011657747,143.93649412637006,141.85702761413128,142.3695068359375,19345600.0
2025-12-22,141.6303657655459,142.31036807910905,140.35902505493178,140.6251220703125,11731400.0
2025-12-23,140.42801467658208,141.65006085609454,140.02394422910842,141.10801696777344,9541600.0
2025-12-24,140.8320910560058,142.64547588312772,140.76311184429966,142.3990936279297,3259200.0
2025-12-26,142.2216767785809,143.5324320535533,142.2216767785809,142.6454620361328,4711500.0
2025-12-29,142.70458796897623,142.97068498306004,141.86688238736824,142.47792053222656,7662100.0
2025-12-30,142.20195615078617,142.36950929459834,141.49238918877063,141.96543884277344,6006400.0
2025-12-31,141.91617770255507,142.05415116269117,141.15731615281692,141.2361602783203,5293200.0
2026-01-02,141.03904935980404,141.2657168088333,139.19611502599955,139.73814392089844,8946100.0
2026-01-05,139.05814632996376,139.30452857715505,137.57985284681592,138.3386993408203,12297300.0
2026-01-06,138.35841040902034,139.3735040371015,137.49114011008558,137.88536071777344,10421800.0
2026-01-07,137.77694468141317,137.77694468141317,135.62848383699432,136.0424041748047,14369100.0
2026-01-08,135.89457850580993,139.72828529951533,135.82559930302205,139.48190307617188,9297100.0
2026-01-09,139.64944796852805,140.27033601367305,138.79204260178747,139.81698608398438,9528500.0
2026-01-12,140.2210554653958,141.7979077743001,139.65931179300915,141.3839874267578,12812000.0
2026-01-13,141.91616235122444,142.25123856988353,140.9010687818893,142.15269470214844,15549200.0
2026-01-14,142.58633104163619,144.77420666364677,142.2808194522708,144.232177734375,13475000.0
2026-01-15,143.57185701473924,144.2321746759209,142.26111668260722,142.5370635986328,10102800.0
2026-01-16,141.6796303517559,142.63559459522585,141.58108648377637,142.43849182128906,11729300.0
2026-01-20,142.3695200191174,144.8727569580078,142.03442874422842,144.8727569580078,12901400.0
2026-01-21,144.93189437029253,145.23740595850845,142.8721423404669,143.9463653564453,14126800.0
2026-01-22,145.93712595877486,148.72617463905098,145.36551737403482,147.76034545898438,18501900.0
2026-01-23,149.712647008589,150.51659080010117,148.68042643368705,149.02780151367188,14562600.0
2026-01-26,148.9980382071651,149.75236786197235,147.41000526839778,148.3727569580078,12655700.0
2026-01-27,146.96336732095224,148.5216256392456,146.82439910868234,147.23133850097656,9546000.0
2026-01-28,146.89388627303396,147.59858658033056,145.69292283643657,146.2388153076172,7465800.0
2026-01-29,146.1891842346614,149.0079702857208,146.01053677970796,148.77967834472656,11035600.0
2026-01-30,149.30571499844902,150.83421388895187,148.03528262295887,150.63571166992188,12651400.0
2026-02-02,151.28084031358154,152.58104720148043,150.1195864867234,152.0450897216797,10554900.0
2026-02-03,151.44957220395347,155.36012793207712,151.0624875841251,154.1591796875,12424700.0
2026-02-04,154.9631263363213,157.18637541610013,154.5958813299483,155.6975860595703,12178500.0
2026-02-05,157.65286786424556,158.45681171352453,154.95319521929093,157.42459106445312,13077700.0
2026-02-06,157.05735036526295,158.794271204482,156.82905843646145,157.9803924560547,10441700.0
2026-02-09,157.57346483951432,158.08958273935144,154.85395255811076,156.15415954589844,11439900.0
2026-02-10,156.35264888745172,158.95306264875933,155.54870509985648,157.8910675048828,9910100.0
2026-02-11,157.45436291960067,159.93567853239364,157.00772913824767,158.80419921875,10217300.0
2026-02-12,158.8240488540049,161.92072579242517,158.45680385674487,160.00515747070312,13512900.0
2026-02-13,160.531204802217,161.35500342594642,158.51637768017062,158.87368774414062,13998900.0
2026-02-17,158.75456362862204,160.95797301763113,157.69256846341835,158.35755920410156,13319100.0
2026-02-18,157.79181864584456,157.79181864584456,154.60581787124107,155.6876678466797,14434300.0
2026-02-19,155.65788811225167,158.76450001144985,155.65788811225167,157.3749542236328,10724600.0
2026-02-20,157.94070688728465,159.85627527883125,156.9779552139456,159.578369140625,11508100.0
2026-02-23,159.12181881303948,164.12414454817443,159.1019640471176,163.93556213378906,14772400.0
2026-02-24,163.66757394503628,165.6228518855779,162.7147572180737,164.04473876953125,9709500.0
2026-02-25,163.31025282164364,163.76682153324356,160.88850163692203,162.16885375976562,7878500.0
2026-02-26,162.99265735907807,163.27056348960818,161.64282109161113,162.5261688232422,7028600.0
2026-02-27,162.81399197597887,166.00000775715966,162.46661689113853,165.95037841796875,14878500.0
2026-03-02,164.05465940435903,165.30525218881115,162.22841471454672,162.2879638671875,9095500.0
2026-03-03,160.97783189673535,160.97783189673535,157.43450598109627,158.5262908935547,10161000.0
2026-03-04,158.24839219296612,158.4171198428621,156.13430637443312,157.11691284179688,8752700.0
2026-03-05,155.76707607012526,155.92588390891444,152.62076959476622,152.83912658691406,10060300.0
2026-03-06,152.5115860991408,153.27582040185652,150.7548104089041,152.4818115234375,8187900.0
2026-03-09,152.00538471730655,155.0623672959407,151.75725316200914,154.05992126464844,12494900.0
2026-03-10,154.32790667166816,155.97548867908492,152.45203273050996,154.84400939941406,7756800.0
2026-03-11,154.06984694547987,154.21873497118054,150.29824413229485,152.17413330078125,8855100.0
2026-03-12,151.0724248897603,151.9061432924026,149.20647072168128,149.3751983642578,8489300.0
2026-03-13,150.2386985039696,151.40988739234177,149.05758980488423,149.52407836914062,7298900.0
2026-03-16,150.7250418803543,151.49921116919685,149.52407841472717,150.98309326171875,6944000.0
2026-03-17,151.86643380137835,152.3130827230334,150.06996373876063,150.34786987304688,6147700.0
2026-03-18,148.19408442244597,148.50176512112768,145.36539384075292,145.613525390625,10059300.0
2026-03-19,145.12718307624942,146.27851711013417,143.7078627261721,143.7574920654297,10340300.0
2026-03-20,143.90639099733644,144.7301896282972,143.17191609696502,143.20169067382812,60620900.0
2026-03-23,145.05770938492896,145.05770938492896,142.4076660416259,142.9138641357422,10315600.0
2026-03-24,142.25878501317578,144.14457877437948,141.1670001126379,142.09005737304688,8567600.0
2026-03-25,142.6657281554216,143.0230382100302,141.16700383023758,142.84437561035156,8418100.0
2026-03-26,142.61610343501624,143.48953140674783,141.1769433595942,141.3555908203125,6443200.0
2026-03-27,141.65335242791525,143.0031887796008,140.9486521027654,141.6434326171875,11558300.0
2026-03-30,141.97094527513215,144.48205057019396,141.50447188020192,143.63839721679688,11616300.0
2026-03-31,143.73765369955214,143.83689723418516,141.21662863285317,143.36048889160156,10407500.0
2026-04-01,142.8443796504602,143.8865352679399,142.13969447641853,143.0131072998047,8061700.0
2026-04-02,143.0131056912039,143.1322191412683,141.51439648523746,142.05035400390625,5941700.0
2026-04-06,141.9411690118371,142.59623995058482,140.85931906874507,141.70297241210938,6823100.0
2026-04-07,141.454840716097,141.70297227039742,139.68814526105808,140.24395751953125,7207500.0
2026-04-08,142.08012618705075,144.0254842946808,140.8096938025878,143.81704711914062,10849700.0
2026-04-09,143.31086497516455,145.84180994767988,141.93125409014817,145.56390380859375,6794800.0
2026-04-10,145.79218524932554,145.79218524932554,143.67809941810964,144.0751190185547,9790300.0
2026-04-13,143.9162976044084,144.0056213268027,141.5640153795384,142.5069122314453,7121400.0
2026-04-14,142.16946974371214,143.63840439700792,141.70298118071463,143.3009490966797,6621600.0
2026-04-15,143.2810820748224,143.32077645892193,141.1967710080221,142.30841064453125,7698200.0
2026-04-16,142.12975952100697,143.2116095257885,141.59380199630985,142.04043579101562,6947100.0
2026-04-17,142.33819707004346,146.48694963990266,142.09006550070504,145.83187866210938,10886000.0
2026-04-20,144.9683840959239,145.56390591386355,142.51684300551244,143.41012573242188,8084700.0
2026-04-21,143.5391459879603,143.5391459879603,141.25634765625,141.25634765625,11197200.0
2026-04-22,141.43498890920546,142.22901292852262,141.15708277415672,141.78237915039062,7236300.0
2026-04-23,142.32825390720163,145.13710492750891,142.32825390720163,144.62100219726562,11288800.0
2026-04-24,152.00999450683594,152.4199981689453,147.6199951171875,148.17999267578125,13786200.0
2026-04-27,147.4199981689453,149.6999969482422,147.4199981689453,148.39999389648438,9166400.0
2026-04-28,150.02999877929688,151.19000244140625,148.42999267578125,149.1699981689453,7965700.0
2026-04-29,148.3000030517578,148.75,145.88999938964844,146.4600067138672,9002400.0
2026-04-30,147.08999633789062,147.72000122070312,145.9499969482422,147.08999633789062,9491700.0
2026-05-01,147.8699951171875,149.27999877929688,146.4600067138672,147.25999450683594,6814800.0
2026-05-04,146.05999755859375,146.05999755859375,143.27000427246094,143.4199981689453,9642800.0
2026-05-05,143.3800048828125,145.89999389648438,142.17999267578125,144.89999389648438,7664300.0
2026-05-06,146.39999389648438,148.9499969482422,145.94000244140625,147.89999389648438,9399500.0
2026-05-07,147.99000549316406,147.99000549316406,146.02000427246094,146.05999755859375,9545800.0
2026-05-08,146.5500030517578,147.52000427246094,146.2100067138672,146.4199981689453,5741000.0
2026-05-11,145.7899932861328,145.9499969482422,141.97000122070312,143.36000061035156,7489500.0
2026-05-12,144.35000610351562,145.86000061035156,142.86000061035156,143.91000366210938,9051200.0
2026-05-13,143.14999389648438,144.6699981689453,141.66000366210938,142.24000549316406,6685900.0
2026-05-14,143.17999267578125,144.27999877929688,142.6300048828125,142.7100067138672,9636200.0
2026-05-15,143.39999389648438,143.39999389648438,141.1999969482422,141.57000732421875,6989400.0
2026-05-18,142.10000610351562,144.42999267578125,141.6300048828125,142.38999938964844,7731200.0
2026-05-19,142.47000122070312,143.7100067138672,140.85000610351562,141.3000030517578,8355800.0
2026-05-20,141.4499969482422,143.22000122070312,140.6199951171875,142.44000244140625,8375600.0
2026-05-21,141.8800048828125,143.72000122070312,140.08999633789062,143.39999389648438,6297300.0
2026-05-22,143.8699951171875,144.63999938964844,143.52999877929688,144.44000244140625,4616700.0
2026-05-26,144.50999450683594,145.61000061035156,142.52999877929688,142.9600067138672,8157200.0
2026-05-27,143.4600067138672,148.5399932861328,143.4600067138672,147.49000549316406,10048900.0
2026-05-28,146.6999969482422,146.6999969482422,145.00999450683594,145.91000366210938,10196700.0
2026-05-29,145.52000427246094,145.63999938964844,143.1999969482422,143.55999755859375,12355800.0
2026-06-01,141.52000427246094,141.82000732421875,138.86000061035156,140.27999877929688,11093800.0
2026-06-02,140.1199951171875,141.1199951171875,139.02999877929688,140.82000732421875,9591800.0
2026-06-03,140.92999267578125,142.4499969482422,140.0,140.19000244140625,9347700.0
2026-06-04,142.6999969482422,143.13999938964844,139.88999938964844,140.77999877929688,8194000.0
2026-06-05,142.22000122070312,148.22999572753906,141.8000030517578,146.5399932861328,10963200.0
2026-06-08,145.7899932861328,146.5500030517578,145.02000427246094,145.10000610351562,7200700.0
2026-06-09,144.6699981689453,149.47999572753906,144.52999877929688,148.6699981689453,8259300.0
2026-06-10,149.91000366210938,150.42999267578125,148.3800048828125,149.0500030517578,7345900.0
2026-06-11,148.6999969482422,149.6199951171875,147.77000427246094,148.33999633789062,6684700.0
2026-06-12,149.3800048828125,150.1999969482422,148.3000030517578,149.61000061035156,6832000.0
2026-06-15,148.75999450683594,151.5,148.75999450683594,150.4600067138672,9158900.0
2026-06-16,151.50999450683594,153.02000427246094,150.5500030517578,152.49000549316406,8518900.0
2026-06-17,152.3800048828125,152.94000244140625,149.77000427246094,150.55999755859375,7055800.0
2026-06-18,150.8699951171875,152.2899932861328,150.17999267578125,150.3800048828125,17076100.0
