date,open,high,low,close,volume
2021-06-10,395.0374479909109,396.5972121670287,393.7205285195885,395.64453125,51020100
2021-06-11,396.195554371816,396.4103521952226,394.90665341979326,396.29827880859375,45570800
2021-06-14,396.4103860815458,397.2883323557152,395.1682012696967,397.18560791015625,42358500
2021-06-15,397.3350079519186,397.3723467449024,395.5791155832376,396.4570617675781,51508500
2021-06-16,396.59718555484613,396.8213323424478,392.19813383077667,394.2435302734375,80386100
2021-06-17,393.8326399762295,395.0934942745737,391.6377741374557,394.1128234863281,90949700
2021-06-18,390.82934732782405,391.5227466010482,388.5898403960133,388.7959899902344,118676300
2021-06-21,390.5576558078238,394.5494491775668,389.74243684552914,394.3620300292969,72822000
2021-06-22,394.352679752593,397.3043454678535,393.6311417670724,396.4703674316406,57700300
2021-06-23,396.5452808624093,397.35112015635656,395.9081016165707,395.992431640625,49445400
2021-06-24,398.13831292432985,398.75673318670397,397.88529422084855,398.3350830078125,45110300
2021-06-25,399.08477157347613,400.1998499000936,398.75680231338544,399.75006103515625,58129500
2021-06-28,400.274777553691,400.72453776466034,399.07536933086004,400.5558776855469,53159600
2021-06-29,400.9400528954754,401.57723223614346,400.237273994288,400.7713928222656,35970500
2021-06-30,400.31221515795005,401.78337248653116,400.28410514640404,401.10870361328125,64827900
2021-07-01,401.86769002620366,403.48877689800884,401.802090469254,403.3294677734375,53441000
2021-07-02,404.4914663355306,406.7684632777236,403.4138490651717,406.4123840332031,57697700
2021-07-06,406.468546524495,406.68407566728763,402.93592178588835,405.67205810546875,68710400
2021-07-07,406.35612403799763,407.38687211913964,404.34149695894274,407.1057434082031,63549500
2021-07-08,401.7833895422592,404.5476647115918,400.60271181491555,403.7886657714844,97595200
2021-07-09,405.29729335492465,408.39888874783514,403.59187628680496,408.0990295410156,76238600
2021-07-12,408.01468314938586,409.8138097220538,407.58365342944904,409.560791015625,52889600
2021-07-13,408.7737117077264,410.2729791942714,407.90227266855015,408.1646423339844,52911300
2021-07-14,409.86071097096965,410.3479893837978,407.5274938195921,408.77374267578125,64130400
2021-07-15,407.43375298751454,408.10842192602513,405.4753457373174,407.3775329589844,55126400
2021-07-16,408.5581415441631,408.60498202795424,403.7886192907794,404.1821594238281,75874700
2021-07-19,399.35650617263855,404.24784908958907,395.40220190953943,398.21331787109375,147987000
2021-07-20,398.8785584072042,405.1942176052661,398.0820699298473,403.9198303222656,99608200
2021-07-21,405.11927714998365,407.3307031828911,403.8730283565818,407.19012451171875,64724400
2021-07-22,407.368055832489,408.2863637387383,406.384176972762,408.042724609375,47878500
2021-07-23,409.973137588627,412.57810387739073,409.2891176794418,412.24078369140625,63766600
2021-07-26,411.65041860813767,413.2621261186514,411.60357811733337,413.25274658203125,43719200
2021-07-27,412.2127139090476,412.2408239272899,408.5395094805176,411.369384765625,67397100
2021-07-28,411.99714163798257,412.5781010183634,409.77636464052375,411.2006530761719,52472400
2021-07-29,412.1283678734607,413.9836861978173,412.1189883356927,412.9060974121094,47435300
2021-07-30,410.33858897512397,412.35321630587856,410.20738984106623,410.90081787109375,68951200
2021-08-02,412.6155215961337,413.1683708687938,409.6825865730587,410.0386657714844,58783300
2021-08-03,410.83529714464163,413.4964839270291,408.6426297661144,413.3746643066406,58053900
2021-08-04,412.0908364864167,413.34646478534535,411.1069573898092,411.3412170410156,46732200
2021-08-05,412.5031195904007,414.0304970317783,412.18452990878626,413.9461669921875,38969700
2021-08-06,414.2647578157139,415.0518667835452,413.983629086822,414.63018798828125,46930000
2021-08-09,414.6021178906313,414.92070760379596,413.5245291498375,414.29290771484375,41222600
2021-08-10,414.74262797604996,415.52038600343246,414.05860812109773,414.8082275390625,43339300
2021-08-11,415.87653984943745,415.93275988606405,414.75208192459974,415.83905029296875,44034300
2021-08-12,415.6890876543333,417.22584478983765,414.78953854358605,417.08526611328125,38909400
2021-08-13,417.5350605392358,417.8630297953268,417.0478107219428,417.84429931640625,39470300
2021-08-16,416.5417486330433,418.95929552799396,414.98626119675987,418.828125,73740000
2021-08-17,416.26997110737653,416.9446399663895,413.0934254851267,416.08258056640625,92673900
2021-08-18,415.07059964436183,416.6354666486862,411.2849843863083,411.5285949707031,89351900
2021-08-19,408.80177618265736,413.36517769933806,408.6612261268582,412.1657409667969,92812200
2021-08-20,412.51249736786883,415.7733732693985,412.0252190130029,415.4454040527344,72008700
2021-08-23,417.1320972978909,420.0088125987634,415.5203897980154,419.0998840332031,54973000
2021-08-24,419.76513671875,420.2992555252089,419.2497769837676,419.76513671875,38744700
2021-08-25,419.9525966891945,421.16135587884156,419.57775837696613,420.64599609375,40529700
2021-08-26,420.3647982049888,420.5990578135191,418.0690711990779,418.16278076171875,57829600
2021-08-27,418.96864575668053,422.27639048792906,418.91242573488046,421.9015808105469,77235100
2021-08-30,422.57631070476276,424.544097540426,422.33267151100796,423.7569885253906,48357400
2021-08-31,423.66320814660753,424.0005282697617,422.5293996044798,423.12908935546875,59300200
2021-09-01,424.0661623524176,424.58152211457764,423.11974426960506,423.35400390625,48721400
2021-09-02,424.77831372503533,425.4623335511139,423.45708596482183,424.656494140625,42501000
2021-09-03,423.52271669627993,425.068824666954,423.11976836523195,424.5534362792969,47170500
2021-09-07,424.20675973967593,424.3004693240175,422.3607924531319,423.03546142578125,51671500
2021-09-08,422.5012890564802,423.23217791852863,420.59907351191805,422.52001953125,56181900
2021-09-09,422.32328581858627,424.0755433312676,420.46793919543404,420.7115783691406,57970400
2021-09-10,422.64186111668704,423.0635112920505,417.27262011455633,417.3944396972656,89948200
2021-09-13,420.3929721292917,420.65534176904265,416.1481602138,418.462646484375,83738600
2021-09-14,419.90575326564493,420.1119029115105,415.314269621711,416.2044677734375,78197100
2021-09-15,416.62603163088704,420.17741536814293,415.52033312145613,419.6807861328125,78792200
2021-09-16,419.15605298019295,420.1305523944603,416.0638088883506,419.0155029296875,77786700
2021-09-17,418.2428600689456,418.665861109797,414.5766789216659,414.93389892578125,118425000
2021-09-20,408.8048283528595,410.38408955076596,403.1457660287209,408.01519775390625,166445500
2021-09-21,410.3559031370975,411.6531636956014,407.10337084294684,407.6297912597656,92526100
2021-09-22,409.9046690416803,413.64604074631075,407.74258725869817,411.60614013671875,102350100
2021-09-23,413.4768249344985,418.21463714747955,413.2418148065021,416.6071472167969,76396000
2021-09-24,414.97149473457984,418.0078359804858,414.7552750846295,417.29339599609375,62094800
2021-09-27,416.2593696919336,417.4250108387706,415.40392931593607,416.0995788574219,61371100
2021-09-28,413.326336369903,413.6553562240501,406.98106412126083,407.71429443359375,130436300
2021-09-29,409.09622503378733,410.83530568589765,407.8365742138815,408.4006042480469,82329200
2021-09-30,409.8763891529963,410.5814194259435,403.0705060982276,403.408935546875,140506000
2021-10-01,405.13861287211046,409.88580531099444,401.6134614508335,408.203125,129240100
2021-10-04,407.037558391636,407.9399892875987,400.79567536580527,402.9389953613281,128570000
2021-10-05,404.4430607487151,409.3782739253751,403.64404918460883,407.131591796875,90682500
2021-10-06,403.5312059070278,409.0304489893108,401.90495407806975,408.8236389160156,113032200
2021-10-07,412.10435369862415,415.197066176869,411.9257437150467,412.358154296875,72437500
2021-10-08,413.1290299205683,413.51444998736724,410.9763290353788,411.60614013671875,74557400
2021-10-11,410.9481219621356,413.8622533457,408.5604109808945,408.626220703125,65233300
2021-10-12,409.54746158614824,409.9516721203581,406.83073074231044,407.620361328125,71181200
2021-10-13,408.645002322282,409.90465316392994,405.6650899688843,409.0868225097656,72974000
2021-10-14,412.7530051375808,416.11836647826146,412.2829848477017,415.96795654296875,70236800
2021-10-15,418.0830539008593,419.5025243769304,417.4626236667043,419.1358947753906,66260200
2021-10-18,417.34980775714325,420.71514033276804,416.69176789132155,420.3767395019531,62213200
2021-10-19,422.0030630096661,423.6857151251095,421.3920136343644,423.61993408203125,46996800
2021-10-20,424.0805321054758,425.58460284430237,423.9677318204224,425.2837829589844,49571600
2021-10-21,424.682063831623,426.6185448638883,424.24965325713134,426.3929443359375,41305400
2021-10-22,425.96055094238534,427.40822132656245,424.0052506620859,425.9511413574219,58845100
2021-10-25,427.0416019944035,428.56446303148596,425.26494034706053,428.2354431152344,45214500
2021-10-26,429.78648871271434,430.9991201914676,428.24480866378605,428.6208190917969,56075100
2021-10-27,429.08152637361746,429.74894714064544,426.64679607068757,426.7220153808594,72438000
2021-10-28,428.15085513172806,430.9145766067055,428.1414742340312,430.8393859863281,51437900
2021-10-29,428.53631168742606,432.005063860842,428.2449013910372,431.7136535644531,70162400
2021-11-01,432.70065934906575,433.07669852419264,430.7265971184563,432.4562683105469,48433600
2021-11-02,432.62542031361994,434.51491081247156,432.4938008795022,434.2046813964844,48908400
2021-11-03,433.6407005054024,437.25986241274643,433.19888029300824,436.85565185546875,52509800
2021-11-04,437.4572266750685,438.99890684181076,437.1094162853852,438.914306640625,52847100
2021-11-05,441.14219466561576,442.4300455313022,438.9237129061649,440.4371643066406,66390600
2021-11-08,441.5370209098921,442.0352412122443,440.1269602027339,440.81317138671875,50405200
2021-11-09,441.1798210293701,441.41483115793073,437.946079365355,439.35614013671875,51149100
2021-11-10,437.6640350330447,439.35612511347824,434.3363123816006,435.8215637207031,69429700
2021-11-11,437.3162154925545,437.39143479469317,435.94376444998505,435.9625549316406,34848500
2021-11-12,437.23154358651664,439.80724485106003,436.2820936950958,439.25262451171875,53466700
2021-11-15,440.54063749790726,440.7004283336517,438.27513622509247,439.4031677246094,46980500
2021-11-16,439.1399514053057,442.2796835013746,439.0647607814874,441.1422424316406,48857500
2021-11-17,440.87897766963937,441.0575876528418,439.4501264917785,440.070556640625,47858300
2021-11-18,441.1046377023812,441.82848731755604,438.37852572627077,441.5652770996094,50625600
2021-11-19,441.45237530402534,442.7026451488348,440.4089441903681,440.77557373046875,57315600
2021-11-22,442.6556087777109,445.1467099372487,439.32785794676454,439.53466796875,72762000
2021-11-23,439.20574375407494,440.9730245653836,436.60184177692975,440.1175842285156,73206500
2021-11-24,438.115291443818,441.4148429167893,437.2974607646824,441.2926330566406,61858800
2021-11-26,434.61840245701467,436.08486361573597,430.32240968502606,431.4504699707031,112669600
2021-11-29,436.2445775616634,438.5852690969573,434.0448863560093,436.7427978515625,86268800
2021-11-30,434.29876746658414,436.20704878218436,428.00048382259115,428.2449035644531,148559600
2021-12-01,433.9603470803366,436.80866888995706,423.290880760792,423.48828125,131939200
2021-12-02,423.7044938415965,431.54442870471775,423.3096641820062,429.97454833984375,127637800
2021-12-03,431.63844870413465,432.70067046910617,422.00303269299377,426.23321533203125,137331600
2021-12-06,428.7807384739588,433.16133126579666,426.36482716234684,431.28125,98977500
2021-12-07,436.5642266881175,440.7662090115453,431.1495840464495,440.2021789550781,95484700
2021-12-08,440.59707784999495,441.8191192579429,438.8391776820334,441.3678894042969,72238800
2021-12-09,440.07993978691974,441.471210008513,438.1904779520681,438.38787841796875,61272600
2021-12-10,441.09526765313603,442.66511941343407,438.53835603543934,442.51470947265625,77159800
2021-12-13,441.99766876550603,442.3454791791736,438.3126971846737,438.5947265625,87724700
2021-12-14,435.32340883194223,437.814510746309,432.6536969041149,435.57720947265625,97264100
2021-12-15,435.6336329677367,442.6275087271845,433.1143023252697,442.38311767578125,116899300
2021-12-16,444.23494635106454,444.5169470262026,436.93081329963405,438.4819030761719,116568600
2021-12-17,435.3999644120147,438.4092309837767,432.1077064463905,433.8151550292969,135511600
2021-12-20,428.7305989396733,429.59845850346267,425.5798363191293,429.2022705078125,107134800
2021-12-21,432.62660471506297,436.96598912839397,430.45692690267214,436.8244934082031,69806300
2021-12-22,436.56976321936594,441.30533523820264,436.37164043974565,441.192138671875,58890200
2021-12-23,442.1921262120378,445.4372291320165,442.0883722782573,443.93731689453125,56439700
2021-12-27,445.3145747017814,450.26712634622396,445.26741905868244,450.219970703125,56808600
2021-12-28,450.65389822973356,451.6821388256294,449.0879451201847,449.85205078125,47274600
2021-12-29,449.9558491527363,451.4463187392995,448.95590766548065,450.4275207519531,54503000
2021-12-30,450.85198851964896,451.8613726077948,448.72005255913206,449.1822814941406,55329000
2021-12-31,448.6917271226337,449.84257807075835,447.77668316160356,448.05023193359375,65237400
2022-01-03,449.31429199851436,450.77649102777576,447.0031187538817,450.6444091796875,72668200
2022-01-04,452.0689566969098,452.7859067844487,448.6351734234885,450.4935607910156,71178700
2022-01-05,450.12563049513625,450.8991788038624,441.7487385385624,441.84307861328125,104538900
2022-01-06,441.380853389721,444.1448419921144,439.0602084439973,441.4280090332031,86858900
2022-01-07,441.43740286255314,442.6165817047028,438.32435344615055,439.6827697753906,85111600
2022-01-10,436.48488919074714,439.3526316532516,430.7304901894249,439.13568115234375,119362000
2022-01-11,438.87147596382505,443.22971603463884,435.8716233328437,443.1353759765625,74303100
2022-01-12,444.87117806328797,446.38997545502053,442.3713245554861,444.3334655761719,67605400
2022-01-13,445.4371934481838,446.0881025089078,437.18294108680465,438.211181640625,91173100
2022-01-14,435.06044163485194,438.73947426347723,433.8435208770397,438.39044189453125,95890900
2022-01-18,433.6925127781855,433.90004939507276,429.5135100897984,430.62664794921875,109709100
2022-01-19,432.1738074172843,433.5699368723863,425.88169585972383,426.1552734375,109357600
2022-01-20,428.0419704136264,432.7492436968586,419.31604594789405,421.4385681152344,122379700
2022-01-21,420.31596407281415,422.6743219055185,413.1371366485651,413.1654357910156,202271200
2022-01-24,407.5524763611368,415.42939619247676,396.9210110831176,414.91998291015625,251783900
2022-01-25,408.52413091783615,414.8067989622443,402.9489701470522,409.854248046875,167997300
2022-01-26,415.7501849161173,418.8820910132849,404.56212043743244,408.8260498046875,186391100
2022-01-27,413.4295686804275,416.5708886311564,405.11871802199556,406.8072814941406,149878300
2022-01-28,408.1657129140467,416.95767810367454,403.5810789597359,416.9105224609375,164457400
2022-01-31,416.2407272712182,424.7685575099905,414.8917534598383,424.4195251464844,152251400
2022-02-01,425.14585473478627,427.9287283515847,421.6177608084225,427.2872619628906,123155400
2022-02-02,429.6927673307446,432.16432156191325,427.3815652994968,431.4379577636719,117361000
2022-02-03,425.40063739567904,427.3061803398797,420.4574993371218,421.2970886230469,118024400
2022-02-04,421.06124440475634,427.1269342906215,418.6840011085922,423.2781066894531,118454400
2022-02-07,424.04213853628335,425.4382678088837,420.58949956003295,421.91961669921875,84472900
2022-02-08,421.4196471387826,426.3155998254575,419.995189934305,425.39111328125,81012000
2022-02-09,429.42862471301396,431.9379206826289,429.2305307331496,431.6171875,92589900
2022-02-10,425.7685496405388,431.7776416870408,421.863123457987,423.8630065917969,140103700
2022-02-11,423.947877125735,426.0232149227556,414.0710725267029,415.50494384765625,153214600
2022-02-14,414.995546790282,416.58035643251037,410.67501887953995,414.1465148925781,123006300
2022-02-15,418.5896294380124,420.9951427431811,418.0707734780917,420.8253479003906,88482700
2022-02-16,418.7783495538221,422.6743616661116,416.90110575473415,421.2970886230469,84863600
2022-02-17,418.1084816308631,421.26868640848454,411.6937608073531,412.2974853515625,102259100
2022-02-18,412.5521783816633,413.80684068369413,407.35437806745165,409.6278381347656,132642900
2022-02-22,407.4205273459961,410.82598263729784,401.7321399493936,405.2319641113281,124391800
2022-02-23,408.146899453587,408.7129111688608,397.4776894566013,398.043701171875,132578000
2022-02-24,387.7329054308326,404.4678331044579,387.3744592030102,404.03387451171875,213942900
2022-02-25,405.26959895160047,413.0333227139032,403.61874859349035,412.94842529296875,121804500
2022-02-28,407.55255287050466,413.37299295759,406.29791910816897,411.8919372558594,145615000
2022-03-01,410.39193496566537,412.40126010398416,402.91120331174136,405.6186218261719,137785900
2022-03-02,407.87329353346485,414.8068717900214,407.11863049118716,413.08056640625,117726500
2022-03-03,415.5143088873288,416.11803346129733,409.22219816012046,411.02398681640625,105501700
2022-03-04,407.2883840604993,408.8165952787163,403.63765086397046,407.6846008300781,113978200
2022-03-07,407.0998209773191,407.80732850685115,395.6004629609071,395.66650390625,137896600
2022-03-08,395.84562657872834,403.0055972451965,391.60058263341585,392.66656494140625,164772700
2022-03-09,401.052866089248,405.175270488169,398.86430336951577,403.1942443847656,116990800
2022-03-10,398.5813407511495,402.26981595352635,396.6191996494863,401.3736572265625,93972700
2022-03-11,403.8640420157582,404.4772092709991,395.7607282684723,396.2701416015625,95636300
2022-03-14,397.04364145545367,400.49625143515976,392.23258649023603,393.3740234375,95729200
2022-03-15,395.9870572254296,402.6564987485311,394.7135672819069,402.02447509765625,106219100
2022-03-16,405.5338401149026,410.9957767582318,400.7321976792803,410.9391784667969,144954800
2022-03-17,409.02407595057997,416.0802917480469,408.64674451932643,416.0802917480469,102676900
2022-03-18,414.4678490660908,420.95927229277345,413.72975679136624,420.6375427246094,106345500
2022-03-21,420.4672563901048,422.47335203270006,417.00389114982016,420.51458740234375,88349800
2022-03-22,421.9055391743934,426.37195178227597,421.9055391743934,425.4351501464844,74650400
2022-03-23,422.8991638853642,424.39426355842147,419.87107662912183,419.95623779296875,79426100
2022-03-24,421.981331093405,426.29633721311484,420.86473496549416,426.286865234375,64736900
2022-03-25,426.9208242937579,428.6430492710812,424.33748682777303,428.3686218261719,77101300
2022-03-28,427.7724596050413,431.4156188964844,425.87991232408183,431.4156188964844,68529800
2022-03-29,435.30485728967426,437.24473588066155,432.61744319877937,436.7526550292969,86581500
2022-03-30,435.60762945908306,436.4214398536475,431.9455548784965,434.0557556152344,79666900
2022-03-31,433.2892715675178,434.1125250531456,426.9208392701977,427.37506103515625,121699900
2022-04-01,428.9553659870978,429.0973012788602,425.00942048618305,428.5863342285156,89048800
2022-04-04,428.78500420961205,432.36191762304253,427.96175071510544,432.2578125,59601000
2022-04-05,430.7627409154782,433.2325015603828,425.6528684021026,426.7978515625,74214500
2022-04-06,422.8802663750546,424.8106439250677,419.64399762453365,422.5301208496094,106898000
2022-04-07,421.6500972677455,426.47609894481815,419.70077574327007,424.65924072265625,78097200
2022-04-08,423.90221584948597,426.4193072695884,421.9812814601947,423.5237121582031,79272700
2022-04-11,420.24958914576314,421.09178658035466,415.7832051098399,416.28472900390625,89770500
2022-04-12,419.27490896658617,421.80147227519615,413.19037643183964,414.7422790527344,84363600
2022-04-13,414.49626033587003,420.24959162395425,414.3164660258067,419.4925842285156,74070400
2022-04-14,419.71968183285964,420.8363067294956,414.16505991706254,414.2691650390625,97869500
2022-04-18,413.34180271144544,416.123849633217,412.2062627473825,414.4394836425781,66002500
2022-04-19,414.33543188109996,421.8488481574368,414.16510952795005,421.12969970703125,77821000
2022-04-20,422.9086685500845,423.5237406996165,419.65348460531936,420.8173828125,65224400
2022-04-21,424.44161705872466,425.8326405645599,413.61624352930863,414.524658203125,85417300
2022-04-22,413.43650465990896,414.5436288750389,402.58274261879126,403.1505126953125,132471800
2022-04-25,400.90780109531795,405.65808479066646,396.33728283967,405.4877624511719,119647700
2022-04-26,402.95176302506155,403.15050131692556,393.71615029439,393.7445373535156,103996300
2022-04-27,394.8232059633786,400.19806220831515,392.71303421926314,394.8515930175781,122030000
2022-04-28,399.6019274903522,406.5570449371299,395.1639015423122,404.8253479003906,105449100
2022-04-29,400.83211704855785,402.9896201658994,389.1172427381389,389.86480712890625,145491100
2022-05-02,389.93102468617633,393.5741843394114,383.2597775315031,392.2115478515625,158312500
2022-05-03,392.7131004763314,396.4224776148035,391.1517255979903,394.0094909667969,100028200
2022-05-04,394.67183940897127,406.5759792490273,391.48290152050896,406.0082092285156,144247900
2022-05-05,401.740453562189,402.16628824210756,387.44227303458774,391.5774841308594,172929100
2022-05-06,389.01316841951103,392.5143641838962,383.9316826887412,389.2402648925781,151770800
2022-05-09,383.3354711443122,384.575087347115,375.1975117716512,376.7778015136719,155586100
2022-05-10,382.75827972149085,384.26285159656214,373.60782825671424,377.6484069824219,132497200
2022-05-11,376.6832315730373,382.3324875102671,370.90148343777554,371.6490478515625,142361000
2022-05-12,368.45055253884505,374.5350849474075,364.4572767318207,371.260986328125,125090800
2022-05-13,375.396274457315,381.51866715299093,374.35536749244255,380.1371154785156,104174400
2022-05-16,378.4905892750784,382.26621234005705,376.2384531036934,378.59466552734375,78622400
2022-05-17,384.6886388298432,386.61904522716617,380.9508462343475,386.3824768066406,83029700
2022-05-18,381.82143279357103,382.1053033485448,369.5671769928699,370.8067932128906,117674500
2022-05-19,367.7408392133795,372.9642879303813,366.31195684652164,368.53570556640625,98510700
2022-05-20,372.12213091455766,375.6990443299585,360.09500032544264,368.6966247558594,131432200
2022-05-23,371.7246556441584,376.36141951205695,369.40630258818845,375.5949401855469,76414900
2022-05-24,371.46922293735594,373.9200684973476,366.17008413397616,372.727783203125,91448800
2022-05-25,371.2326397707966,377.9890479746067,370.83522098115014,376.0207824707031,91472900
2022-05-26,377.2509075043551,385.1712128882923,377.04272615796106,383.5341491699219,82168300
2022-05-27,385.99452816985354,393.0631942254229,385.7958187685275,392.94964599609375,84768700
2022-05-31,391.33155824207057,394.08521874551013,388.000684523354,390.744873046875,95937000
2022-06-01,392.8644826922193,393.87697365023195,385.06716741079504,387.5842590332031,86585800
2022-06-02,387.42343703743313,395.0125426179488,385.17130074310455,394.9652404785156,79609600
2022-06-03,390.2433318753729,391.79523485840576,387.5086154520342,388.4832763671875,71874300
2022-06-06,392.4953952002465,394.22706332553315,388.4926471442496,389.6660461425781,57508900
2022-06-07,386.17435264332806,393.85809145966977,385.71065883338656,393.40386962890625,59272400
2022-06-08,391.6910721501235,393.47954333395916,388.33181201108613,389.1266784667969,64350000
2022-06-09,387.34768809546443,389.61873928900354,379.87213134765625,379.87213134765625,86289800
2022-06-10,373.6645386433497,374.5161791416106,368.8101502618891,368.8574523925781,132893900
2022-06-13,359.4420637467876,361.2967520769685,353.2439538052529,354.8526306152344,170004900
2022-06-14,356.60326183152415,357.6346967344851,350.6795790257293,353.7833557128906,104011800
2022-06-15,357.08582684228884,363.27446487884,352.1273619331276,358.8269958496094,125666800
2022-06-16,350.60386426743156,351.01075501197846,344.51930266450194,346.95123291015625,134473300
2022-06-17,347.3665849634016,351.0444787331084,344.19238154711957,347.6991882324219,111113900
2022-06-21,353.42985407891445,357.8395151338056,353.3538089384876,356.4519958496094,76811900
2022-06-22,352.2229356289405,359.9208687301767,351.80477429485757,355.8058166503906,90059400
2022-06-23,357.94408234086904,360.02534683784137,354.3802275814878,359.2935791015625,79292100
2022-06-24,362.46781975387455,370.7264623574381,362.4393100729595,370.7169494628906,98050300
2022-06-27,371.6387840560035,371.93339374615164,368.20799359853146,369.3009033203125,66009600
2022-06-28,370.85948192125505,373.64403342980467,361.6409661729738,361.7550048828125,86548900
2022-06-29,362.3062847809654,363.29463974904866,359.63577158326706,361.46044921875,65676000
2022-06-30,357.56389907239446,361.7645084605366,354.0665767146873,358.5237731933594,112508300
2022-07-01,357.86805091376164,362.7529219458162,355.2450444294537,362.31573486328125,74839700
2022-07-05,357.22181596212545,363.01902578805715,354.3897288005455,363.0,81438000
2022-07-06,363.1425568197513,366.7159247303021,360.75716958402745,364.2259826660156,70426200
2022-07-07,366.0031367080708,370.4793302796413,364.2449625145711,369.6810302734375,64525900
2022-07-08,368.04639364512565,371.24913544426704,366.51632594229847,369.3769226074219,72397800
2022-07-11,366.6969600116307,367.66631821985214,364.4636048722329,365.1573791503906,58366900
2022-07-12,364.6061122917404,366.99152847059673,360.17742508846254,361.92608642578125,62219200
2022-07-13,356.48056122161495,362.96203282628903,356.06239989210513,360.025390625,84224600
2022-07-14,355.06452096685234,360.2344894812079,352.6221141267699,359.1510925292969,89704800
2022-07-15,363.56071631441466,366.12670351443825,361.6505097570627,366.0126647949219,79060400
2022-07-18,369.1013252129824,369.7760736131692,361.764534839165,362.9905090332031,63203600
2022-07-19,366.91550902545094,373.3684709198661,366.25978635540963,372.7982482910156,78506000
2022-07-20,372.98828349436786,376.59016077722407,371.6197609648057,375.1741027832031,71843800
2022-07-21,374.59442084284586,379.0421048535145,372.1900078667484,378.9945983886719,64903900
2022-07-22,379.1181717855212,380.31560739398503,373.2544293512537,375.478271484375,72197300
2022-07-25,376.10550632547137,376.78976766133366,373.6915803624673,375.9344482421875,53631500
2022-07-26,374.29030390175836,374.4993845551237,370.59341339787153,371.48675537109375,52946400
2022-07-27,374.78449853291994,382.8815960228277,374.4898888264092,381.1329345703125,82342100
2022-07-28,381.94070485844315,386.6069531734175,378.3863339855172,385.9132080078125,73966600
2022-07-29,387.3483007860886,392.5277822061919,386.5785103442153,391.5393981933594,87003700
2022-08-01,388.8403934093861,392.8889425916025,388.12762229999475,390.3799743652344,69997500
2022-08-02,388.81185464934134,392.49926155328086,386.6260350117583,387.8044738769531,63435400
2022-08-03,389.9332658563709,395.04621476373677,389.6481690410905,393.8772888183594,67820600
2022-08-04,393.8011998743411,394.48546115765066,391.96700956030446,393.61114501953125,45656600
2022-08-05,389.32504829644654,393.5921616324373,389.2680289335886,392.9459228515625,56814900
2022-08-08,394.63754145835884,396.88989316531894,391.387292955347,392.4897155761719,53886100
2022-08-09,391.7579620888554,392.26165245097286,389.8572393634721,390.93115234375,44931800
2022-08-10,397.9923437821938,399.28485036063125,396.03460162898654,399.14227294921875,68665700
2022-08-11,401.993357133819,403.85608634972215,398.40099222133176,399.14227294921875,59489700
2022-08-12,401.0810138483799,406.0038788583054,400.130652464098,405.89935302734375,61694500
2022-08-15,403.6850464057109,408.0947377142402,403.6280270355775,407.572021484375,54048300
2022-08-16,406.49814795260437,410.299594075267,405.6903348509921,408.370361328125,59289000
2022-08-17,404.76845200711864,408.18024616058966,403.4664614502562,405.4717102050781,63563400
2022-08-18,405.671185528094,407.3343177003201,404.3787081612712,406.65008544921875,49023200
2022-08-19,403.88463102510104,404.15073107861025,400.3112625899229,401.18560791015625,68016900
2022-08-22,396.34816754384633,396.5192546194772,391.92899331076484,392.83184814453125,77695600
2022-08-23,392.40421793285645,394.7991472328157,391.33030490584025,391.88153076171875,49105200
2022-08-24,391.6534263650644,394.50451059223457,390.9691939931629,393.1360168457031,49177800
2022-08-25,394.62797428207705,398.73354161502573,393.5350647057372,398.68603515625,50942300
2022-08-26,398.5720838369905,399.11376779613755,385.13395963978553,385.19097900390625,103087000
2022-08-29,382.2353030427063,385.6946028813485,381.284941800932,382.6439514160156,65370800
2022-08-30,383.80344189629403,384.04103223682625,376.3430994030369,378.4433898925781,85652400
2022-08-31,380.07796715106764,381.3229380663818,375.4307157273297,375.5637512207031,76029700
2022-09-01,373.38750446992157,377.0843952355188,370.6789686786316,376.7422790527344,78740100
2022-09-02,380.4106274783638,381.62708880615634,370.95452075647603,372.76971435546875,99632100
2022-09-06,373.6156334387337,374.5564820738422,369.1394387470958,371.36328125,76637400
2022-09-07,371.0495973756983,378.8045499413538,370.8310328137159,378.0347595214844,70964200
2022-09-08,375.7633824847431,380.9618311489722,374.5564050265275,380.50567626953125,80821700
2022-09-09,382.74852125573165,387.28176346215974,382.4824212375365,386.41693115234375,76706900
2022-09-12,388.48874399097315,391.2923218090903,388.1846213728781,390.5700378417969,69256300
2022-09-13,381.883702988719,383.09068051072757,372.4656471755256,373.5870666503906,122947100
2022-09-14,374.8890521407821,376.5331877578143,371.7053357392143,375.0126037597656,85023700
2022-09-15,373.4539971854713,376.30508130578556,369.4814936051546,370.7549743652344,87633800
2022-09-16,366.5715037074268,368.5849896074333,364.63431709955245,367.9265441894531,103084800
2022-09-19,364.77741710532587,370.77972412109375,364.7010595826664,370.77972412109375,73278500
2022-09-20,367.4492893651144,368.46080796508204,363.7658403353939,366.5236511230469,77274900
2022-09-21,368.45144694082427,371.50510826179584,360.1207275667907,360.1302795410156,106746600
2022-09-22,359.35721571534805,360.9985532046951,356.36083780125125,357.10516357421875,89472600
2022-09-23,353.63164165790215,353.66982042614035,346.67506820312684,351.1219482421875,122346900
2022-09-26,349.6523393463072,353.27853570562985,346.42691809015844,347.64837646484375,92581200
2022-09-27,351.18873199675016,353.4598882434016,344.3657404059386,346.7609558105469,108294100
2022-09-28,347.7152275322068,355.27299311416255,346.01663630256644,353.5839538574219,110802200
2022-09-29,350.03404240715685,350.3203103402681,343.24923029563433,346.1979064941406,112952300
2022-09-30,345.25318357199444,349.17522920833704,340.7109004194997,340.844482421875,153711200
2022-10-03,344.56611454293574,351.6944777642895,342.7816430249758,349.84320068359375,89756500
2022-10-04,355.3684502374429,360.7123426191376,349.80509543871267,360.6837158203125,103602800
2022-10-05,356.3131081925854,362.10547600581526,353.9846987017383,359.8438720703125,88065700
2022-10-06,358.44104960176855,361.39927721467654,355.6355078983759,356.1317443847656,82333500
2022-10-07,352.09525889115315,356.2176918591457,344.432509914981,346.1979064941406,107789500
2022-10-10,347.3144037026543,347.5529700367685,341.31209570408595,343.5545959472656,76042800
2022-10-11,341.8560084056642,346.42694756944854,339.4417182439327,341.3788757324219,92482800
2022-10-12,341.7891897787711,343.36372158176107,340.0046893387279,340.2528076171875,76991800
2022-10-13,333.23895758959026,350.7020290219594,332.18925999717504,349.2324523925781,147254500
2022-10-14,351.6943928689464,353.32620716656004,340.6344637944201,341.2738342285156,123737000
2022-10-17,347.36209613161253,351.1505302643893,340.9398806417008,350.0435791015625,93168200
2022-10-18,357.97352458781444,358.27889645424324,350.71155095897484,354.1564636230469,97162900
2022-10-19,352.11430914770796,354.84352278104876,348.83163450834223,351.646728515625,79746900
2022-10-20,351.1982907828058,355.6260961767777,347.9346903310534,348.6981201171875,88283100
2022-10-21,348.42125164648894,357.65853037438234,346.91352567569743,357.171875,131038400
2022-10-24,358.698788584184,362.67805847697105,356.0459031598392,361.54248046875,85436900
2022-10-25,361.4661151762165,367.6306600761956,361.35160801427605,367.3157653808594,78846300
2022-10-26,364.1666701170704,369.8540823855379,363.9090290046154,364.5483703613281,104087300
2022-10-27,365.55039117436706,367.3921160917615,361.9814193866082,362.6017150878906,81971800
2022-10-28,362.49669033266815,371.7053430142965,362.31537762818976,371.22821044921875,100302000
2022-10-31,368.7663054799875,370.6366574184391,367.6402793522776,368.54681396484375,96631300
2022-11-01,372.2970155430231,372.53558182792375,365.76029351237366,366.93402099609375,85407600
2022-11-02,366.3423854587386,370.85607010454953,357.6204171263898,357.7253723144531,126990400
2022-11-03,354.4809155332156,357.08607016392386,351.92349163838855,354.0419616699219,87100100
2022-11-04,359.7580535469761,361.5425251743016,353.0781957888094,359.1377868652344,103505200
2022-11-07,360.435515659066,363.16472938893213,358.3552244250396,362.5730895996094,68286900
2022-11-08,363.6800782301254,367.50669186220006,360.445133617555,364.5293884277344,84641100
2022-11-09,362.5539523085774,363.7086341105511,356.5229895570527,357.01922607421875,78495500
2022-11-10,370.3026114178393,376.9729451885855,368.00285783726986,376.6389465332031,141455800
2022-11-11,377.49783406496215,381.08588117365133,375.608378149284,380.2843017578125,93839900
2022-11-14,378.5188625471577,381.8778657875463,376.77254080840333,377.0492858886719,71903500
2022-11-15,382.8035471312726,383.910498454461,376.44813627609847,380.26519775390625,93194500
2022-11-16,378.63338733958733,379.5876526465697,376.73440869768956,377.3642272949219,68508500
2022-11-17,372.6024725571936,376.8871441512699,372.29712975146606,376.2095947265625,74496300
2022-11-18,379.54944898801807,379.61625454437336,375.0644198124641,377.91766357421875,92922500
2022-11-21,376.59127932303574,377.7173054097724,374.70182350827446,376.5435485839844,51243200
2022-11-22,378.4902804799536,381.772955700867,377.0779572405803,381.6107177734375,60429000
2022-11-23,381.2766761134872,384.5020973782574,381.0476617682043,384.01544189453125,68261600
2022-11-25,383.45243275471506,384.4830556409012,383.17571677097555,383.9295654296875,30545400
2022-11-28,380.8377796763317,382.4791173493977,377.0397928537372,377.80322265625,67881600
2022-11-29,377.93671115122805,379.1295426207394,375.3124819183031,377.15423583984375,52310000
2022-11-30,377.4023553187591,389.03485107421875,375.48430196447526,389.03485107421875,144566700
2022-12-01,390.075071036669,391.24882800455583,386.2389344752292,388.7486572265625,76398200
2022-12-02,383.853229920111,389.2066444558519,383.7482747120534,388.30010986328125,85342700
2022-12-05,385.4755232109301,386.4106846727753,379.9598703175565,381.3149108886719,77289800
2022-12-06,381.15260520692095,381.69651421862574,373.728423384414,375.8182373046875,77972200
2022-12-07,374.9689850432598,377.54551283524984,374.0433465972937,375.1789245605469,65927900
2022-12-08,377.068403979044,379.18684498444895,375.2839034087124,378.1180725097656,60737900
2022-12-09,376.87751028175563,379.4349340954439,375.1693673749268,375.2934265136719,81447700
2022-12-12,376.0855229503339,380.7041931152344,375.41755464321574,380.7041931152344,75405800
2022-12-13,391.4587178854205,391.71635903607296,380.8186654692543,383.5860290527344,123782500
2022-12-14,383.2424323385713,386.9545379387217,378.1848384359595,381.1335144042969,108111300
2022-12-15,376.2667660559643,377.17332966722427,370.1499515992905,371.81036376953125,117705900
2022-12-16,369.2517350620785,370.59383534034583,365.2829507209457,367.42071533203125,119858000
2022-12-19,367.6124594366193,367.9479918227815,362.63707790509415,364.30511474609375,79878100
2022-12-20,363.5477938735729,366.4237355185501,362.22485603598886,364.8036193847656,74427200
2022-12-21,367.40155201274337,371.38952801231983,366.86471190276114,370.2583312988281,78167400
2022-12-22,367.20980089104194,370.23912957543627,359.2722031883447,364.9761657714844,100120900
2022-12-23,363.95045341487634,367.2194443247234,362.39744941933026,367.0756530761719,59857300
2022-12-27,366.96058546509136,367.3056844290648,363.9504190865602,365.6280517578125,51638200
2022-12-28,365.56097308852884,367.5358135013805,360.854040448147,361.0841064453125,70911500
2022-12-29,363.93126597675223,368.45608223881914,363.40399242752494,367.5837097167969,66970900
2022-12-30,364.8994905444754,366.7592392294088,362.78085913190785,366.6154479980469,84022200
2023-01-03,368.4752072280289,370.4500180533657,362.2056465586836,365.072021484375,74850700
2023-01-04,367.33444063245616,369.9227998702252,364.2859494452824,367.8904724121094,85934100
2023-01-05,365.9347896482895,366.04982262488596,363.09720228841604,363.6915588378906,76970500
2023-01-06,366.787997866155,373.15342943340613,363.7203443233328,372.03179931640625,104189600
2023-01-09,374.2271061896771,377.4194177778674,371.6387762794701,371.8208923339844,73978100
2023-01-10,371.2361537559992,374.4955486092587,370.29666890331214,374.4284362792969,65358100
2023-01-11,376.01025589251583,379.24089274048094,375.1953998041472,379.1641845703125,68881100
2023-01-12,380.2665995563064,382.0113152345906,376.19234893637963,380.5445861816406,90157700
2023-01-13,377.3427317250366,382.5961292686462,377.07431166109114,382.02093505859375,63903900
2023-01-17,382.00170542419727,383.6793378425403,380.6404136751404,381.321044921875,62677300
2023-01-18,382.5098579883935,383.57394241937,375.0995040316948,375.3008117675781,99632300
2023-01-19,373.2588930285292,374.9077675297641,371.2457571335137,372.5686950683594,86958900
2023-01-20,373.96835756273396,379.66272547397637,372.3194828602261,379.50933837890625,91806400
2023-01-23,380.31452159871134,385.9992925218667,379.3558743905331,384.0628356933594,84178800
2023-01-24,382.385274229188,384.56139326464876,381.1965608316531,383.65069580078125,59524900
2023-01-25,379.57636134944494,384.12993543916394,377.2851805542504,383.7944030761719,84800300
2023-01-26,386.4594777963223,388.1754645974599,383.4876654146606,388.0124816894531,72287400
2023-01-27,386.967595605409,391.28150871155356,386.7566920166625,388.904052734375,68346200
2023-01-30,386.1431078861568,388.3767724039486,383.7273273025726,384.0245056152344,74202000
2023-01-31,384.5421906397612,389.7188801347345,384.19706240377985,389.67095947265625,86811800
2023-02-01,388.45348175657574,396.5636593442866,385.7117643976384,393.81231689453125,101459200
2023-02-02,397.70430664099183,401.0116507116367,395.8062041792188,399.544921875,101654500
2023-02-03,394.56954508377066,399.7270710150305,394.09022154749135,395.2981262207031,94736800
2023-02-06,392.8440604283562,394.2820312874674,391.2239442533102,392.88238525390625,60295300
2023-02-07,391.9621243970152,399.2670122823971,390.7158945853212,398.0207824707031,90990700
2023-02-08,396.0459432619734,397.388043561494,392.97826035827575,393.6684875488281,76227500
2023-02-09,397.2730427680662,397.4264298512411,389.02866989488314,390.2557373046875,78694900
2023-02-10,389.0765392196659,391.5498653830581,388.26171250273467,391.1664123535156,70769700
2023-02-13,391.8183051444725,395.8925559564968,391.358143932513,395.7583312988281,64913500
2023-02-14,394.23410329587506,397.88654714068605,391.6170149103328,395.57623291015625,88389300
2023-02-15,393.38091503799455,396.9374882356896,392.5373007553342,396.8608093261719,61555700
2023-02-16,391.88540381719497,395.83502566820573,391.2622889776,391.396484375,76431500
2023-02-17,389.26831273199565,390.6583629922171,387.34142233465536,390.418701171875,89257800
2023-02-21,386.3923171645057,387.4468348785111,382.3276626184369,382.58648681640625,82655900
2023-02-22,382.9987512663258,384.54218860202,380.6021330632425,382.0592956542969,83742300
2023-02-23,384.95442103644666,385.56796937278995,379.8640060342025,384.0916442871094,96242400
2023-02-24,379.06835418151985,380.82266598812186,377.3619630409599,379.9886474609375,108194400
2023-02-27,383.3342657519672,384.69555770016393,380.3432910551879,381.28277587890625,80444700
2023-02-28,380.8034546692743,382.76866981415725,379.7680992642455,379.8735656738281,96438600
2023-03-01,379.058688324708,380.2857555557943,377.1126357022291,378.4163818359375,99706800
2023-03-02,376.4416013971857,382.20308082772186,376.1060690029621,381.3594665527344,85127800
2023-03-03,383.1809267997028,387.724935164796,382.5290536184137,387.4756774902344,90120000
2023-03-06,388.3000821585358,390.60085911261217,387.3031100177366,387.74407958984375,72795900
2023-03-07,387.69611880425083,387.93578060753197,381.18689603557027,381.8004150390625,108310600
2023-03-08,381.9155020986243,383.18089426793244,380.18991944950625,382.423583984375,74746600
2023-03-09,383.20967866619384,384.87774493306273,374.38054484861016,375.3679504394531,111945300
2023-03-10,374.82148382483746,376.901761257044,368.4273229667233,369.9515686035156,189253000
2023-03-13,366.02116036617707,374.2463714168759,364.9091258748091,369.4243469238281,157790000
2023-03-14,374.351798026972,377.1798194710275,371.04445289786275,375.53094482421875,149752400
2023-03-15,369.9323910671056,373.38349766674736,367.8425178859198,373.18218994140625,172996900
2023-03-16,370.8239843207203,380.0749256309138,370.31590238260264,379.72979736328125,143254200
2023-03-17,378.3979622867853,379.5334763060183,373.9039803951704,375.2897033691406,140553400
2023-03-20,376.06913373609086,379.3121292855333,375.3666692245707,378.8983154296875,93055800
2023-03-21,382.2664102459138,384.35462710121084,380.66897882785537,383.87347412109375,91524200
2023-03-22,383.70026302343734,387.31851343521214,377.29130185553555,377.32977294921875,111746600
2023-03-23,380.1974645439356,384.2391613901428,375.636143615093,378.349853515625,119351300
2023-03-24,377.069990985465,380.91921510254883,374.7219619246639,380.8326110839844,107682400
2023-03-27,383.11321049277444,383.8830728135966,380.64970980063305,381.5446472167969,74010400
2023-03-28,380.8518079845922,381.54466943004763,378.8502245684134,380.688232421875,62871700
2023-03-29,384.8550092196648,386.46207306808367,383.6521267894026,386.22149658203125,77497900
2023-03-30,388.85822473969705,389.1084336951085,386.61606470017716,388.4829406738281,69840000
2023-03-31,389.4068079754219,394.25683916675666,389.3009390285505,393.9585266113281,112062600
2023-04-03,393.4387769608017,395.86377728046097,393.04422801384897,395.4596252441406,67391100
2023-04-04,396.10434874148575,396.39305813101834,391.8894442126204,393.26556396484375,66601500
2023-04-05,392.5341828254698,393.29441266985214,390.5807031245207,392.2358703613281,65200200
2023-04-06,391.43719778873736,394.0450681714436,390.38828778154027,393.7659912109375,63743300
2023-04-10,391.2832478731585,394.24716694508413,390.66738727373564,394.170166015625,63681000
2023-04-11,394.7956238624572,395.6809288356751,393.50613749381705,394.2759704589844,59297900
2023-04-12,396.34496122221753,396.6336706379783,392.08195275810823,392.6689453125,86420400
2023-04-13,393.75631259262076,398.2406615136449,392.6111662470231,397.8846130371094,85814800
2023-04-14,397.2495632394048,399.443619886818,394.6032215680084,396.9127502441406,78161500
2023-04-17,396.82611712486937,398.356180127704,395.59436663010166,398.3369445800781,66436400
2023-04-18,399.9150645614992,400.04980148093387,397.220619845255,398.5967102050781,63560000
2023-04-19,396.68174813685937,399.43392897608123,396.62401213094887,398.5293884277344,55227300
2023-04-20,395.7098258250606,398.10598763661955,394.80525587274064,396.3545837402344,75840400
2023-04-21,396.65290416377644,397.1244246963598,394.7090566567866,396.66253662109375,73457400
2023-04-24,396.4604040641478,397.4997108968018,395.1228141148149,397.0762939453125,64332100
2023-04-25,395.103601057788,395.6617550067555,390.71548786392196,390.7732238769531,97766700
2023-04-26,391.3890073473372,392.4667851203364,388.55982600959345,389.1179504394531,80447000
2023-04-27,391.65851488224934,397.1340379925136,391.4083059420538,396.8645935058594,92968400
2023-04-28,395.9793118624164,400.26158558313546,395.9215758481045,400.251953125,89433100
2023-05-01,399.8092778572073,401.8782298985706,399.6168049089298,399.8477783203125,62122300
2023-05-02,399.1356149746384,399.1837478908785,392.4476064659251,395.353759765625,103998500
2023-05-03,395.8541433677578,398.2695405891648,392.39946868953274,392.6400451660156,91531800
2023-05-04,391.5911783811914,391.9183589011733,388.5214198537967,389.8590393066406,94901900
2023-05-05,393.4965147709688,398.12520386737816,393.23670274642825,397.0762939453125,87891800
2023-05-08,397.4035003706773,397.6633124121759,395.7772009206819,397.1821594238281,50046800
2023-05-09,395.63287211761855,396.55667765861574,395.2094551264847,395.4403991699219,49220100
2023-05-10,398.27919887504333,398.914324338217,393.4580365761441,397.28802490234375,96142900
2023-05-11,396.4219762908843,396.8838643849846,394.5165998009732,396.5951843261719,70157100
2023-05-12,397.8365368137777,398.0482452964263,393.65050007841785,396.07550048828125,70481500
2023-05-15,396.6817257085728,397.8461075849292,394.766746430572,397.44195556640625,54289400
2023-05-16,396.3353398421656,397.2591747577228,394.77640880213,394.7860412597656,57705500
2023-05-17,396.8068622851723,400.18453618231763,395.1613273420889,399.57830810546875,87287000
2023-05-18,399.2607196795313,403.8509377054382,399.0394081133319,403.4275207519531,97177200
2023-05-19,404.3321069908471,404.86136352045077,401.6183971431854,402.84051513671875,103793300
2023-05-22,402.85977985297563,404.54381527738377,401.6183969458684,403.0041198730469,60745400
2023-05-23,401.35854756315524,402.9367433972177,398.08671324851565,398.48126220703125,86383500
2023-05-24,396.8741825133282,397.2590989710873,394.42991748733095,395.59429931640625,89213700
2023-05-25,399.1067761340057,400.4732635587891,396.8646161031706,399.0201721191406,90961600
2023-05-26,399.6744966018046,404.90944304818487,399.5975250513779,404.1877136230469,93830000
2023-05-30,406.1219771957275,406.6512337191027,402.955982410714,404.3417053222656,72216000
2023-05-31,402.5133634004825,403.41793341434715,400.53101533620446,402.0995788574219,110811800
2023-06-01,402.3304796935779,406.9784337458306,401.0794937409788,405.9198913574219,88865000
2023-06-02,408.49887873292437,412.5790465929496,407.9696222034908,411.78997802734375,91426200
2023-06-05,412.13642960632063,413.4259161757562,410.29842154598526,411.00091552734375,65460200
2023-06-06,410.58706057707866,412.4250389550156,409.9326702630217,411.8957824707031,64022200
2023-06-07,412.29042176844786,413.4259359016037,410.04823214277036,410.4716491699219,85373300
2023-06-08,410.5389484373123,413.4066306619177,409.76911544531237,412.954345703125,61952800
2023-06-09,413.75304850629004,415.7065283650919,412.70413856902655,413.6953125,85742800
2023-06-12,414.6768867959098,417.5253041431819,413.9551573440261,417.44830322265625,76104300
2023-06-13,418.91104452208407,420.84525956412307,418.2470510492617,420.2005310058594,95899700
2023-06-14,420.5373216552151,422.5100370544421,417.2462224703346,420.7008972167969,100612100
2023-06-15,419.8829487810575,427.1676119841462,419.7867416783568,425.9166259765625,110303100
2023-06-16,427.9043831698667,428.4742491472454,423.99257880127806,424.4658508300781,114165800
2023-06-20,422.52444796434224,423.41304154167295,420.1870041214196,422.2636413574219,76160400
2023-06-21,421.27850373439446,422.0801716964907,419.510925655376,420.1001281738281,76982300
2023-06-22,419.143925012139,421.7228098726015,418.80586088521426,421.6165771484375,70637200
2023-06-23,418.1586622892244,420.2159925909701,417.71436548656794,418.4291076660156,92074500
2023-06-26,417.8592755318311,419.781368562751,416.47807329831915,416.71954345703125,72823600
2023-06-27,417.59847607026,421.90629521825156,417.1445110170716,421.28814697265625,72813700
2023-06-28,420.20627410375766,422.5147425065915,419.5881259491554,421.5005798339844,75636000
2023-06-29,421.08528892018165,423.3261389375307,420.67963558379535,423.16192626953125,67882300
2023-06-30,426.3783009507995,429.1407051013052,426.0595438710738,428.155517578125,104964000
2023-07-03,427.8078209721531,428.92821645735074,427.5277073626863,428.64813232421875,32793400
2023-07-05,426.83224475721846,428.7446987114959,426.8225765200303,428.0106201171875,58418400
2023-07-06,424.42725571135543,425.0840474287703,422.1477622241082,424.6590576171875,80658300
2023-07-07,423.6642315383372,427.53742235269715,423.3454744191098,423.5869445800781,86134200
2023-07-10,423.2295437531058,424.83290904656155,422.659677750378,424.6590576171875,62443500
2023-07-11,425.422125413234,427.85613393293494,424.4465765671181,427.363525390625,64463800
2023-07-12,431.15943303446664,432.2122392972248,429.729919208418,430.8020324707031,91924500
2023-07-13,432.61791761555475,435.0133121303779,432.1832890285731,434.2212829589844,72425200
2023-07-14,435.1098740968055,435.9598242076378,433.18775178790105,433.9508056640625,69815800
2023-07-17,433.8058722872245,436.51032563863066,433.7575605810342,435.45751953125,52680200
2023-07-18,435.12919667930265,439.3404218148386,434.69453863237396,438.69329833984375,80668200
2023-07-19,439.4853035858035,440.85683741354967,438.61598753921226,439.6688232421875,65891700
2023-07-20,438.6739532656,439.57221504319733,436.037088927524,436.7518310546875,70591600
2023-07-21,438.4710971405942,438.6739532656,436.7421922937348,436.7518310546875,71275600
2023-07-24,437.9012445599851,439.5142779903244,436.867745334165,438.70294189453125,54023400
2023-07-25,438.43253737447066,441.1562982796933,438.38422565839835,439.9006652832031,55191200
2023-07-26,438.9637376866275,441.39774607749916,437.91093141721467,439.96826171875,71052900
2023-07-27,443.35846818342566,443.7641509737044,436.14333947921443,437.05126953125,92194400
2023-07-28,440.325676064509,442.16084340685165,437.05132650770946,441.3302001953125,80011800
2023-07-31,441.8034623534966,442.5278728257474,440.4898493694529,442.1705017089844,62040400
2023-08-01,440.70229523457317,441.6488687577706,439.94890960634154,440.9051513671875,55291500
2023-08-02,437.7853934206833,438.0461705780349,434.01846487725106,434.7718505859375,93933400
2023-08-03,432.75309476673715,435.40926606374575,432.10594188115226,433.5257873535156,64276100
2023-08-04,435.3416597654818,437.44727217935485,431.0434797536367,431.5650634765625,100128900
2023-08-07,433.40030045755196,435.4866062095408,432.704865206889,435.3320617675781,58357500
2023-08-08,432.7917508600607,435.32238270202885,430.07762882885913,433.43890380859375,71361300
2023-08-09,433.70931608230507,433.8735287355085,429.7781754061016,430.5412292480469,78789600
2023-08-10,432.89797658868093,436.2882265207825,429.52706313111736,430.6957702636719,93005500
2023-08-11,428.82196893936987,431.4588333292262,428.22312774254544,430.44464111328125,68690900
2023-08-14,429.5270825673996,432.8207092285156,429.2179937241371,432.8207092285156,47867400
2023-08-15,431.0434905199487,431.40089107368914,427.2089436634091,427.7788391113281,75707500
2023-08-16,427.3635314579317,429.02484730566357,424.5335083117714,424.6397705078125,80107200
2023-08-17,426.1078556541094,426.3686327842003,420.8824384802807,421.4040222167969,95711300
2023-08-18,418.5836616313642,422.6403718520157,418.23595877170976,421.60687255859375,98852000
2023-08-21,422.6210106803204,425.09366245894176,420.4671159807588,424.3499450683594,68719000
2023-08-22,426.1271477129419,426.1271477129419,422.6403332909712,423.2005310058594,64994200
2023-08-23,424.263004912033,428.53220964419495,424.1181287339091,427.9140319824219,68441000
2023-08-24,429.5174072282619,430.0293227205553,421.9545463127507,421.9835510253906,88517300
2023-08-25,423.71241056057767,426.2430125148385,420.1579777313309,424.9584045410156,102325100
2023-08-28,427.1509825528838,428.2714074691659,424.95844443108183,427.65325927734375,61595400
2023-08-29,427.5470684062289,434.1150745823747,427.3635487226564,433.8349609375,83081900
2023-08-30,434.17297483140425,436.25928035352985,433.4678714194492,435.6217956542969,69053900
2023-08-31,436.23991629050073,437.3796481914474,434.80076379653127,434.9842834472656,66084600
2023-09-01,437.7081390777522,438.19107939386777,434.3371956273561,435.7956848144531,58944100
2023-09-05,435.35135247874024,435.6700800917991,433.84458117342785,433.91217041015625,55166200
2023-09-06,433.1008518755981,433.2071140684911,428.6674634922226,430.9952392578125,70758500
2023-09-07,427.9912839614794,430.3480346831722,427.6435811384425,429.67193603515625,70355400
2023-09-08,429.72022009729625,431.85480770691146,429.3628490355431,430.3190612792969,61659700
2023-09-11,432.94628326819304,433.4581987746905,431.23668532604137,433.1491394042969,60180100
2023-09-12,431.70027670410997,433.22635483769756,430.1935055679439,430.77301025390625,67565400
2023-09-13,430.9952464774697,432.4343991522864,429.89412843469466,431.2753601074219,60199300
2023-09-14,433.747962382289,435.6893621396805,432.4440178145085,434.9939270019531,83430800
2023-09-15,433.4072234999764,433.73677769771734,429.31682909931095,429.75299072265625,111848900
2023-09-18,429.4428320631367,431.3038771522312,428.96789063501143,430.0050354003906,55752200
2023-09-19,429.0841732913192,429.675454034148,426.42833506959016,429.1132507324219,66514600
2023-09-20,430.3733738455972,430.7901603921495,424.96473276036625,425.1683044433594,82562600
2023-09-21,422.31855674804774,422.58025371246634,417.98584063306095,418.14093017578125,104095800
2023-09-22,419.16842775985725,420.7677463582612,416.78395900410345,417.2007751464844,100829700
2023-09-25,415.98915213200996,418.9939198820318,415.5529609010411,418.9551696777344,70874500
2023-09-26,415.91160628125357,416.6191968671865,411.9665987111882,412.8002014160156,96168400
2023-09-27,413.9730331962355,414.5352365633177,409.320464597115,412.9649658203125,104705800
2023-09-28,412.4124874162186,417.0359784928409,411.8212066146307,415.3591003417969,92258300
2023-09-29,418.41232999892884,418.5867946420908,412.8292247753013,414.35101318359375,115111300
2023-10-02,413.51743802249865,415.436637965525,411.4237734247356,414.1862487792969,83798600
2023-10-03,412.00536625897985,414.2444181473067,407.27523825202337,408.6419372558594,103760600
2023-10-04,409.107224446792,412.3640165843667,407.64359070503724,411.61767578125,87453000
2023-10-05,411.3268404794052,412.3058303467078,408.23484048426144,411.4625549316406,70142700
2023-10-06,409.01026454136644,417.8889419596687,407.68234534407696,416.3477783203125,113273300
2023-10-09,414.44794019758774,419.5851817448939,413.89546879833836,419.0133056640625,80374400
2023-10-10,419.643378299873,423.7919280682824,419.2459668319729,421.1942443847656,78607300
2023-10-11,422.2604167519184,423.17151977952034,419.8759482263836,422.9195251464844,62451700
2023-10-12,423.5302119190894,423.90821868639375,417.9858858829249,420.34124755859375,81154200
2023-10-13,421.8436377363804,423.0455744454242,416.6773479708049,418.2475891113281,95143100
2023-10-16,420.49634324027045,423.7143850912576,420.25402134631616,422.6481628417969,75433200
2023-10-17,419.51737915223515,424.6836988143986,419.16844980200625,422.6287841796875,75324700
2023-10-18,420.85496751569167,421.81455273319096,415.91159504982164,416.9971923828125,93559800
2023-10-19,417.71448112410957,419.52704410810907,412.6547989345063,413.3332824707031,121323000
2023-10-20,412.8970760474875,413.4398746497076,408.14754390760345,408.2541809082031,123919900
2023-10-23,406.72273053416484,411.4141082592817,404.9683224528733,407.546630859375,92035100
2023-10-24,409.66935030950145,411.7727171708306,407.8180076603951,410.6192626953125,78564200
2023-10-25,408.9327472697519,408.9618247136512,404.21229195450024,404.72601318359375,94223200
2023-10-26,403.65982284727204,404.512771066671,398.9587721877273,399.87957763671875,115156800
2023-10-27,401.46916391920945,401.8665753160578,396.642101857825,398.06695556640625,107367700
2023-10-30,400.85854988329856,403.88272225418063,399.5597081383843,402.8262023925781,86562700
2023-10-31,403.39809925222016,405.67593098866274,401.48860153022065,405.3560791015625,79665200
2023-11-01,406.32532025886866,410.49324455803196,405.79219440086933,409.6790466308594,98068100
2023-11-02,413.478629395965,417.68536297988317,413.45925429578176,417.5302734375,94938900
2023-11-03,419.8372157670484,422.8904655764815,419.71120365505175,421.339599609375,100167800
2023-11-06,422.0956239774314,422.75473237061436,420.3605910898025,422.3088684082031,67831700
2023-11-07,422.30892655420246,424.15056712063193,421.1651742590875,423.5108337402344,64256100
2023-11-08,424.11172778289733,424.635151307966,421.51404441898217,423.8209533691406,61746000
2023-11-09,424.9647121167065,425.0034918992464,420.0891971681386,420.51568603515625,83174400
2023-11-10,422.59001262842264,427.38796843360757,420.5060206531149,427.0777893066406,89462200
2023-11-13,425.7401770580696,427.7756572288507,424.9550565166978,426.6706848144531,52236100
2023-11-14,432.612438681597,436.23756475568536,432.3894918898645,434.94842529296875,97176900
2023-11-15,436.28601873814944,437.51703289700214,435.01625437389265,435.8692321777344,77327600
2023-11-16,435.42338430911985,436.7222261657172,434.3571620148054,436.4023742675781,66665800
2023-11-17,436.41200351038174,437.55578526494025,435.4911981146269,436.94512939453125,83133200
2023-11-20,436.69317062740305,441.15189980346776,436.683468285051,440.3086242675781,69936200
2023-11-21,439.2617056622207,440.1825406267048,438.0791737195552,439.34893798828125,49244600
2023-11-22,441.00650736003314,442.3635041592452,439.94998736706395,441.0452575683594,59394900
2023-11-24,441.09367216063396,441.51045868866237,440.7641179584505,441.31658935546875,29737400
2023-11-27,440.68655185927656,441.5007498020653,440.1340508901427,440.52178955078125,50506000
2023-11-28,440.13407696271906,442.25681906014256,439.57190319998205,440.9579772949219,62115000
2023-11-29,443.10979527762873,444.2438747206066,440.2504147680835,440.6477966308594,63146000
2023-11-30,441.491084558086,442.7317713844543,439.4167950935211,442.3828125,79752700
2023-12-01,441.77216442546705,445.53300475365734,441.18091323402564,444.9999084472656,89183400
2023-12-04,441.60742053346644,445.01930211338146,440.3861087358581,442.6639404296875,72430900
2023-12-05,441.2778489374918,443.5362758597069,440.8998126034742,442.5766906738281,69793500
2023-12-06,444.7187848215884,444.74786226267736,440.35699117640615,440.7931823730469,69124700
2023-12-07,442.87718005735604,444.80605282503006,442.27622650644105,444.1566467285156,66995400
2023-12-08,443.4102333183171,446.5991973452758,443.1679114532356,446.06610107421875,83194400
2023-12-11,445.5717979195869,447.97564170163525,445.358553474564,447.8011474609375,65002200
2023-12-12,447.45223299144266,449.94330918636626,446.45386796122364,449.84637451171875,68327600
2023-12-13,450.2243768877482,456.3018289230582,449.8657452173365,456.0498046875,93278000
2023-12-14,457.9883386207796,459.1805728813377,454.83815428105993,457.5133972167969,119026000
2023-12-15,456.9158807196401,458.09349529466084,454.91105501868043,456.7601623535156,141553700
2023-12-18,458.3659919459903,460.3124269591709,457.30518842783584,459.3294677734375,70375300
2023-12-19,459.8744287176748,462.2004326198957,459.79658439176796,462.12255859375,55761800
2023-12-20,461.26613266046417,463.15417688283,455.2905929826461,455.71881103515625,102921000
2023-12-21,458.7065536605437,460.31238616429494,456.28325178797456,460.0398864746094,86667500
2023-12-22,461.16881437336167,462.64812393044707,459.06669078214355,460.9644470214844,67160400
2023-12-26,461.3732181207506,463.81597380070593,461.2953440901739,462.910888671875,55387000
2023-12-27,462.70645305578125,463.89377939487036,462.1711954005529,463.747802734375,68000300
2023-12-28,464.10794836189996,464.75998742977106,463.5045582870676,463.92303466796875,77158100
2023-12-29,463.7283148554509,464.2538605283432,460.6237492048473,462.5799255371094,122283100
2024-01-02,459.5143439023402,460.9839117212058,457.8890577311239,459.9912109375,123623700
2024-01-03,457.83068032303305,458.570335093064,455.6312290704376,456.234619140625,103585900
2024-01-04,455.7577162648923,458.3464782249613,454.5411944622418,454.7650451660156,84232200
2024-01-05,454.9694333616534,457.8404368275673,453.9378252017517,455.387939453125,86118900
2024-01-08,455.8842127147601,462.0349537185437,455.7576897026201,461.88897705078125,74879100
2024-01-09,459.23211686361327,462.2101599071882,458.72605447786003,461.18829345703125,65931400
2024-01-10,461.4607624691406,464.6626560070687,461.17852110920177,463.7964782714844,67310600
2024-01-11,464.7989126874992,465.3147167416708,459.6116768106503,463.5921325683594,77940700
2024-01-12,465.0422353972928,465.78189018349474,462.50215203979474,463.9132995605469,58026400
2024-01-16,462.53132242501596,463.8451421871986,460.39023221216354,462.21014404296875,85014900
2024-01-17,459.1834252725011,460.1274473065962,457.28563952656407,459.6408386230469,68843900
2024-01-18,461.314802822399,464.28310409945385,459.7673906749951,463.7283630371094,91856200
2024-01-19,464.85726900395974,469.7914881784232,463.7770119836413,469.5092468261719,110834500
2024-01-22,471.0469830334159,472.22456782073624,469.8499148891261,470.5019836425781,75844900
2024-01-23,471.0469649925702,472.1174803762762,469.956966252641,471.8741760253906,49945300
2024-01-24,474.745184157241,475.6794645582401,471.8936642634199,472.3900146484375,81765000
2024-01-25,474.52132983790426,475.23178923650255,472.3900110425858,474.95928955078125,72525000
2024-01-26,474.53109852869903,476.0201200569098,473.509232074134,474.3559265136719,76641600
2024-01-29,474.66734997690736,478.2585246858996,474.12235058965683,478.1125183105469,61322800
2024-01-30,477.4214974259143,478.45310543351826,476.9835377414516,477.74267578125,58618400
2024-01-31,475.5334936248827,475.98116532447904,469.9277517507619,469.9472351074219,126011100
2024-02-01,471.65035080339914,476.1271567596163,470.8425637335658,476.09796142578125,91891600
2024-02-02,476.53591254829524,482.7644982110768,476.1952805049677,481.11004638671875,99228200
2024-02-05,480.47743909484853,481.13921979443177,477.10037355108614,479.35821533203125,75757100
2024-02-06,480.30229855776366,481.0808903919301,478.87166761898953,480.75,55918600
2024-02-07,482.9980918458816,485.17808940845316,482.0929770540646,484.7596130371094,70556500
2024-02-08,484.759615339305,485.3532637246949,483.9421162494583,484.9737243652344,52343600
2024-02-09,485.47980263839474,488.2145413726089,485.1391705814137,487.776611328125,63979400
2024-02-12,487.7473831666172,490.01496666720067,486.84226840178366,487.5624694824219,56502300
2024-02-13,481.2851887040555,483.7766228154562,477.57723287028176,480.84722900390625,113099200
2024-02-14,483.48468469887587,485.703619202311,481.1586808363787,485.2170104980469,68387800
2024-02-15,485.9177581862181,488.74982458371477,485.4408614304675,488.5649108886719,61683000
2024-02-16,488.26318443249403,489.4018321652925,485.39218120492103,486.1318359375,75532900
2024-02-20,484.3897857981468,485.06130820828355,481.20737545898015,483.45550537109375,71736700
2024-02-21,482.15139479243277,484.0491509708409,480.3411949189208,483.8934326171875,59293400
2024-02-22,490.51134795574427,494.87134322560775,489.5478424615369,493.9078674316406,76402500
2024-02-23,495.6304262293698,496.4674086571224,493.51856105397593,494.24847412109375,61321800
2024-02-26,494.6864234153272,495.12438315275733,492.3117704350963,492.43829345703125,50386700
2024-02-27,493.1292978892794,493.5769696039291,491.2315119659273,493.3531188964844,48854500
2024-02-28,491.7959350516518,493.28495648375826,491.4358493661455,492.7010498046875,56506600
2024-02-29,494.46257806109645,496.0878345083775,491.815425510208,494.4722900390625,83924800
2024-03-01,495.3482154895911,499.54275051356746,494.9394511031337,499.1145324707031,76844800
2024-03-04,498.31652584892447,500.42839094094944,498.28730081516426,498.5792541503906,49799300
2024-03-05,496.5744479650044,497.0221493633574,491.38721217314117,493.5964050292969,72855600
2024-03-06,496.8761572948693,498.3554668272533,494.8032290742474,496.09759521484375,68382400
2024-03-07,499.39680772832526,502.0731556685532,496.15597704493354,501.0220642089844,58652100
2024-03-08,501.6546542384204,504.34068432238394,497.4406063327474,498.0148010253906,86532500
2024-03-11,496.8080468189585,498.17054528765857,494.88106560592894,497.58660888671875,62557200
2024-03-12,499.69856102852447,503.5232988574305,497.1779014473905,502.93939208984375,73114400
2024-03-13,503.2604525888654,503.43562459877114,500.7106276661075,502.1509704589844,55104100
2024-03-14,503.1241533654222,503.27990140830235,498.1121195690471,501.1582946777344,110171800
2024-03-15,498.08807852140865,499.5426983558434,496.04773772547895,497.71710205078125,107646300
2024-03-18,501.78803927024387,503.232857358906,500.26510519204714,500.67510986328125,88893300
2024-03-19,499.9819506807113,503.7404554386333,498.9763936514032,503.4573669433594,60755300
2024-03-20,503.51601611982346,508.2507627953458,502.84240721032234,508.11407470703125,69594600
2024-03-21,510.9549118204902,511.6577769054798,509.5100342818405,509.7931823730469,60256100
2024-03-22,509.7053025616341,510.19342318455074,508.59237324097523,508.82672119140625,79070800
2024-03-25,507.4501546887545,508.57285588251494,507.26466648069925,507.4208984375,48512100
2024-03-26,508.84619067556724,509.1879108526766,506.0834709315648,506.48370361328125,65463700
2024-03-27,509.3148686626399,510.77923060858313,507.1475819984231,510.7401428222656,82999800
2024-03-28,510.7792051650659,512.1459071621757,510.359428578344,510.64251708984375,96294900
2024-04-01,511.38448570971826,511.92140649600015,508.59239036798215,509.7541198730469,62477500
2024-04-02,505.9272809933223,506.6496900205949,504.20908677438206,506.5130615234375,74230300
2024-04-03,505.41957743973774,508.5728771082824,505.3707772955882,507.0694274902344,59155800
2024-04-04,511.08186037390533,511.4235209921689,500.5774945359362,500.880126953125,96858100
2024-04-05,502.23711314886503,508.0750169684766,501.7977926534172,506.1127624511719,74546500
2024-04-08,506.8156491443553,507.8211466086966,505.5855756833857,506.39581298828125,48401800
2024-04-09,508.1334942168097,508.37755449261033,502.12958759810414,506.9815368652344,68049200
2024-04-10,501.28031218136,503.8966314464908,499.9233821983309,501.9051208496094,82652800
2024-04-11,503.4281061989144,507.13781122017554,499.9136613545702,505.6929931640625,70099000
2024-04-12,502.14918793409277,503.56474960986543,496.9848635757255,498.71282958984375,92561100
2024-04-15,502.8911540643935,503.05709839116423,491.61554988176164,492.46490478515625,92101400
2024-04-16,492.9432762462562,494.4662102656471,490.2781268160622,491.5667724609375,73484000
2024-04-17,494.0268893119992,494.1928634388067,487.2615443714678,488.6575622558594,75910300
2024-04-18,490.0535829309475,492.15249561510325,486.71482481856754,487.6520080566406,74548100
2024-04-19,487.57394131853926,488.56969668668467,482.1264983587833,483.3956298828125,102212600
2024-04-22,486.0021493308909,490.44406471980994,483.6591763812229,487.8472595214844,67961000
2024-04-23,489.85833417865257,494.0659315908711,487.6617913619136,493.6363830566406,64633600
2024-04-24,494.52477110173174,495.31552414024065,491.1762707245871,493.402099609375,55928100
2024-04-25,487.3200821932215,492.28914639879576,485.6702321576898,491.5276794433594,69122400
2024-04-26,494.3197628446228,497.7658932650639,493.6852119906925,496.18438720703125,64306100
2024-04-29,497.97090591945084,498.61522873285696,495.1983842873063,497.9416198730469,46415400
2024-04-30,496.4772431240589,497.45348436502843,490.0535888671875,490.0535888671875,77483600
2024-05-01,489.46786865773555,496.11606953951656,487.9937347584278,488.46234130859375,80242800
2024-05-02,492.17203084435516,493.8707109149056,487.68131503899394,493.0311279296875,62550200
2024-05-03,499.01547889074567,500.372438730604,496.47724569258963,499.14239501953125,72756700
2024-05-06,501.54392863434595,504.3359642334882,501.1046081667102,504.29693603515625,47264700
2024-05-07,505.2634592637331,506.2494725384783,504.17984569021877,504.85345458984375,52561300
2024-05-08,503.017991979403,505.439050807753,502.90084781577497,504.9021301269531,42047200
2024-05-09,505.08764898476056,507.8504281122988,504.43358410061904,507.81134033203125,43643700
2024-05-10,509.4123793926299,510.22267621072865,507.24515269449853,508.4654541015625,52233200
2024-05-13,510.1446047910038,510.2519770237958,507.3915974260266,508.5337829589844,36716400
2024-05-14,508.7290945781237,511.3845019246286,508.19217377481715,510.8670654296875,57535900
2024-05-15,513.3369504006804,517.4859756907869,512.7023697575905,517.193115234375,59504900
2024-05-16,517.290757880065,518.891807952925,515.9825682875961,516.1290283203125,50244800
2024-05-17,516.2461019816988,516.9392546781255,514.7915121402848,516.8709106445312,59187600
2024-05-20,516.9881429675341,518.9308537358257,516.5976225904213,517.4664916992188,37764200
2024-05-21,516.7049957755823,518.8917666350982,516.4999636631139,518.7355346679688,33437000
2024-05-22,518.0424072439434,518.7550442398426,515.064823969773,517.2418823242188,48390000
2024-05-23,520.2974940619036,520.4048662857896,512.2532170997966,513.4638061523438,57211200
2024-05-24,515.3089561408403,517.6715030328614,514.3620306627067,516.8612060546875,41291100
2024-05-28,517.6713823915322,517.9056707197677,514.5864271763583,517.2222900390625,36269600
2024-05-29,513.1904592530791,514.7817371522767,512.8878268689698,513.6004638671875,45190300
2024-05-30,512.0580745471788,512.7219114405311,508.94386260650384,510.19342041015625,46377600
2024-05-31,511.15011057316815,514.967187107586,506.04432903435765,514.8402709960938,90785800
2024-06-03,516.4511771729021,516.7342656913833,510.18366530067414,515.2601318359375,46835700
2024-06-04,513.9519821715993,516.5780734778808,512.4876203186922,515.8361206054688,34632700
2024-06-05,518.1595530381444,521.9864018010747,516.1679828855217,521.9668579101562,47610400
2024-06-06,522.2696187618435,522.6991673724779,520.0242754001383,521.9572143554688,30808500
2024-06-07,520.980911626184,524.1342115774243,519.8875261250549,521.3226318359375,43224500
2024-06-10,520.5122296802525,523.2554648254413,519.9167369014993,522.9332885742188,35686100
2024-06-11,521.3812301755825,524.2513821567796,519.4092035615838,524.1928100585938,36383400
2024-06-12,528.7615289974312,531.1923600659605,527.4631115100716,528.4979248046875,63251300
2024-06-13,530.2454535391702,530.4211698122318,526.7700371068663,529.5620727539062,44760900
2024-06-14,528.0294558754849,529.9135946368305,527.0238986275654,529.8843383789062,40089900
2024-06-17,529.2009324320882,535.4977011129996,528.7420680092554,534.1016235351562,55839500
2024-06-18,534.1602004613839,535.5855343086499,533.7404238235347,535.4586181640625,41376400
2024-06-20,536.3859370269113,537.0497738552268,532.2271402161125,534.00390625,70328200
2024-06-21,533.1802452520325,534.404483453128,531.8286814958426,533.2879638671875,64338600
2024-06-24,533.1117619254674,535.6777608035513,531.4369822915095,531.5545043945312,45528700
2024-06-25,532.7788478393535,533.9639323519827,531.2608038949288,533.6015625,37936200
2024-06-26,532.4849577215607,534.9823921713983,531.8385861304241,534.2674560546875,38550600
2024-06-27,534.1302894973802,535.6875469780335,533.3859430174333,535.1096801757812,35041500
2024-06-28,535.8833782760337,538.9391321933387,531.7601817698417,533.0039672851562,76144500
2024-07-01,534.3849539324244,534.6298016081159,531.3390631933655,534.1009521484375,40297800
2024-07-02,532.4947501316359,537.6953125,532.4457925507478,537.6953125,40434800
2024-07-03,537.3818563773293,540.457157354787,537.3427022712717,540.0947875976562,32789900
2024-07-05,540.3983822148235,543.6107523683424,539.7617544001083,543.209228515625,41488400
2024-07-08,543.9928578751316,544.7861620751073,542.7686193086706,543.836181640625,36110500
2024-07-09,544.795863484972,545.6968861634513,544.0711239537649,544.3649291992188,27289700
2024-07-10,545.5892976455715,550.094471889601,545.2954923300525,549.751708984375,38701200
2024-07-11,549.8690290838814,550.7407010140586,544.3746624818856,545.01123046875,53054200
2024-07-12,546.1376877405125,552.0531865568831,545.667599292853,548.4490356445312,53084400
2024-07-15,550.4470318184875,553.1991175344059,548.0964700225896,549.9573364257812,40584300
2024-07-16,551.2696499606263,553.5124331903285,550.51549997726,553.2186279296875,36475300
2024-07-17,547.2835666023501,548.9583463886919,545.1386983611491,545.4619140625,57119000
2024-07-18,546.9995524787638,547.988746727991,539.0860582622142,541.2700805664062,56270400
2024-07-19,541.0350233261719,542.6608454522978,536.6179614633988,537.6757202148438,65509100
2024-07-22,541.6030975244146,543.8263337080781,539.6639229224022,543.2191162109375,43346700
2024-07-23,543.1113522241114,545.2660239376293,541.8773700301276,542.3670654296875,34439600
2024-07-24,537.5483166712224,537.8519253696913,529.1549319575545,530.0755615234375,74515300
2024-07-25,530.193193121847,536.1773164246895,526.3736048145187,527.3137817382812,61158300
2024-07-26,531.1039639898098,535.9127455404142,530.3302071573028,533.2194213867188,53763800
2024-07-29,534.7668786438925,535.775619885458,531.534841817287,533.5328369140625,39515800
2024-07-30,535.0018639723148,536.0596224497041,527.4213910684044,530.8296508789062,46853600
2024-07-31,537.6658891932146,542.0927543010554,536.2947780748914,539.4581909179688,65663400
2024-08-01,541.1818806021787,543.4344670666311,528.3126735436618,531.8189086914062,76428700
2024-08-02,524.7086595069954,525.9230946235249,517.7059908635142,521.9174194335938,82789100
2024-08-05,501.0954700551791,512.7893973566776,499.75367969518885,506.7171630859375,146267400
2024-08-06,508.51921810050686,518.8322310175004,507.19706454680966,511.3888854980469,84826300
2024-08-07,517.5786469147923,520.6344013211964,507.3734111313128,507.9708251953125,70698300
2024-08-08,513.1126009988247,520.3405097902447,511.08531467340157,519.7137451171875,63276600
2024-08-09,518.8909162499233,523.4940638910218,517.6666780356554,522.00537109375,45619600
2024-08-12,523.2003538167259,524.6889871074426,520.0075304089534,522.2797241210938,42542100
2024-08-13,525.4725645280489,531.1040615199245,525.2277168327499,530.8689575195312,52333100
2024-08-14,531.6622256176499,533.728785456597,528.9885080949739,532.543701171875,42446900
2024-08-15,538.1751988274788,541.9556326474029,537.5679813653051,541.671630859375,60846800
2024-08-16,540.0555332245729,543.581375155023,539.8988570348282,542.885986328125,44430700
2024-08-19,543.2974116195307,548.0768432617188,542.4453464492109,548.0768432617188,39121800
2024-08-20,547.6263456901657,549.2815184001456,545.8438474042439,547.1856079101562,33732300
2024-08-21,548.2334599233565,550.5252003042482,543.2972933603506,549.06591796875,41514600
2024-08-22,550.9660777475402,551.5732952522009,543.5422788578662,544.7567138671875,56121500
2024-08-23,547.998590612835,551.4852196453214,545.8047048974495,550.5449829101562,50639400
2024-08-26,551.5732410031779,552.2881770773529,547.528352675827,549.2324829101562,35788600
2024-08-27,547.9592873998898,550.476328645617,546.8134170306081,549.9866333007812,32693900
2024-08-28,549.6438836929623,550.0748179978751,543.6009999526875,546.7938232421875,41066000
2024-08-29,548.7624007293272,552.0629426061665,545.6969030561269,546.8427734375,38715200
2024-08-30,549.212926690368,552.5722295246512,545.657733766081,552.0629272460938,62700100
2024-09-03,548.9191927129024,549.2522119231385,538.1851066343386,540.7021484375,60600100
2024-09-04,538.8607329114091,543.0035361193702,538.1359934145067,539.5952758789062,47224900
2024-09-05,539.5366078915503,542.3866087950116,535.8246785314534,538.282958984375,44264300
2024-09-06,538.6060276735342,540.2317896429337,528.3224271617227,529.2234497070312,68493800
2024-09-09,533.4251872668898,536.4221205223048,531.4957564364314,535.1488647460938,40445800
2024-09-10,537.0586665381934,537.8324234437913,532.1813200114981,537.4797973632812,36394600
2024-09-11,537.3916883108078,543.9144040618945,528.8318231688719,542.9937744140625,75248600
2024-09-12,543.5716351743016,547.8711746400817,541.3483991843773,547.5675659179688,51819600
2024-09-13,548.1747207597754,551.4263046450518,547.920069645679,550.4273071289062,39310500
2024-09-16,550.1628688432331,551.5046291897925,548.3608236054457,551.240234375,36656100
2024-09-17,553.4537083801224,554.9032473896473,549.2325364902464,551.465576171875,49321000
2024-09-18,552.1217580784818,556.969754476821,549.2717571625421,549.8300170898438,59044900
2024-09-19,559.2418737919741,561.0733295553275,556.3722663136862,559.2124633789062,75315500
2024-09-20,557.8430941207945,559.2871857073619,555.2200568119598,558.245849609375,77503100
2024-09-23,559.3166610051752,560.2892222272916,558.0984411315784,559.6408081054688,44116900
2024-09-24,560.4364946014963,561.3010067117204,557.6071931426925,561.2420654296875,46805700
2024-09-25,561.0849426444706,561.8217386948093,558.8941616149112,560.0042724609375,38428600
2024-09-26,564.2678851150425,564.5920921622151,559.866775948692,562.2244873046875,48336000
2024-09-27,563.2952985697877,564.1106429805404,560.377555197848,561.4090576171875,42100900
2024-09-30,560.3775886747461,564.2678934162012,558.078818569817,563.6588134765625,63557400
2024-10-01,563.3051282373419,563.9534823374194,556.0353836889657,558.6092529296875,72668800
2024-10-02,557.715374727311,559.866821742494,555.3183290115846,558.8450927734375,38097800
2024-10-03,557.3715020969081,559.7685478192003,555.5344286086627,557.8234252929688,40846500
2024-10-04,562.273664576873,563.2658929623027,558.09848649286,562.892578125,42939100
2024-10-07,561.2422152859031,561.8906295220091,556.6544477209696,557.8038330078125,49964700
2024-10-08,560.377637870892,563.67853004462,559.5033520489247,563.0792236328125,37398700
2024-10-09,563.0693978961492,567.5393423690588,562.4701514366566,566.9793701171875,37912200
2024-10-10,565.6334128471475,567.411544847049,564.375918856187,565.987060546875,44138100
2024-10-11,565.9084606662699,570.1131388058892,565.7709110163313,569.3763427734375,42268000
2024-10-14,570.9874990099419,574.966246072679,570.5061351329805,574.032958984375,36217200
2024-10-15,574.2981924836022,574.6027324678581,568.3546560789198,569.5728759765625,54203600
2024-10-16,569.5729286407808,572.5692210133667,568.7673576490918,572.0485229492188,30725400
2024-10-17,575.594918349773,575.801242846272,571.9109378019983,572.0975952148438,34393700
2024-10-18,573.787292295603,575.0840605235142,572.3235337539761,574.2981567382812,37416800
2024-10-21,573.5711395635755,574.5535342943244,570.378356688641,573.3550415039062,36439000
2024-10-22,570.8204209471064,574.2096946097226,570.1622332957213,573.0504760742188,34183800
2024-10-23,571.0267810694698,571.4688706983893,564.3071746074978,567.8143310546875,49314600
2024-10-24,569.7693209618997,569.8479293354313,566.4193810527883,569.0423583984375,34979900
2024-10-25,571.2724326633536,574.1705094317597,567.9028255594263,568.8458862304688,47268200
2024-10-28,572.3236221809337,572.451338311336,570.2998911399899,570.6044311523438,30174700
2024-10-29,569.6415908764491,572.6477165136779,568.2466070737139,571.52783203125,42899700
2024-10-30,571.0562011429839,573.0504911915006,569.0914117169528,569.7987670898438,41435800
2024-10-31,565.4271221936206,565.4958970216722,558.4324763422399,558.6289672851562,60182500
2024-11-01,561.2617325907157,565.4172428761593,560.5740443264921,560.9866333007812,45667500
2024-11-04,561.1241350696315,562.4209031245102,557.8920784523416,559.7782592773438,38217000
2024-11-05,560.6920242782184,566.5863933486033,560.4759261934032,566.547119140625,39478300
2024-11-06,578.8270097230293,581.508928254242,575.0840880526238,580.6345825195312,68182000
2024-11-07,582.6386570968723,586.1458133207747,582.5600487330294,585.1240844726562,47233200
2024-11-08,585.674234913322,589.0831757216504,585.674234913322,587.65869140625,46444900
2024-11-11,589.2502526004109,589.6039003558736,586.4897254702406,588.21875,37586800
2024-11-12,588.1401110548398,588.7393574916656,583.9059918696842,586.3914794921875,43006100
2024-11-13,586.8532154819194,588.6804555395651,584.4856702408568,586.6763916015625,47388600
2024-11-14,586.804069200042,587.2854330583992,582.2163022724781,582.9039306640625,38904100
2024-11-15,579.3377611991996,579.8093514182389,573.580942771995,575.4376831054688,75988800
2024-11-18,575.8994574754852,579.1119076957027,575.0350052053479,577.7955322265625,37001700
2024-11-19,574.4161003090796,580.6346163861505,573.7480790226593,579.9076538085938,49412000
2024-11-20,579.9861823753545,580.3889378159292,574.3374129030207,580.1040649414062,50032600
2024-11-21,582.953055915256,584.6427460672937,577.1077952881657,583.21826171875,46750300
2024-11-22,583.2084735757152,585.654687007179,582.7075025920674,585.0259399414062,38226400
2024-11-25,588.9653319760873,590.281707390563,584.7213793724078,587.0103759765625,42441400
2024-11-26,588.2579731618996,590.7434606979054,587.5408441710033,590.075439453125,45621300
2024-11-27,589.8886614517024,590.2717497615803,586.7646539336328,588.287353515625,34000200
2024-11-29,589.1027595534448,592.7277982726248,588.827720226239,591.94189453125,30177400
2024-12-02,592.3545765627109,593.6808455477146,591.8633791521069,593.0029907226562,31746000
2024-12-03,592.7671496331845,593.5235527754064,591.735647195163,593.2779541015625,26906600
2024-12-04,594.9677449089698,597.2075737883222,594.2997236656325,596.9619750976562,42787600
2024-12-05,596.961947940629,597.7675188046404,595.6259055147337,595.9795532226562,28762200
2024-12-06,596.7459547224977,598.3472631909667,596.333365657436,597.1094360351562,31241500
2024-12-09,596.9914414878755,597.1584317989794,593.445010988573,594.034423828125,34742700
2024-12-10,594.7123228135097,595.134745373381,591.529373321926,592.1875610351562,37234500
2024-12-11,595.115147903942,597.7184581352288,594.8400485801485,596.7655639648438,28677700
2024-12-12,595.9010621562538,596.4708079758578,593.690673828125,593.690673828125,31543800
2024-12-13,595.7242008087076,596.4413297893211,592.1973772710232,593.57275390625,35904700
2024-12-16,595.3312295236393,597.0799209921157,594.5551592425911,596.1072998046875,43695200
2024-12-17,593.553151685944,594.5158794594372,592.2760503625989,593.6513671875,55773500
2024-12-18,593.3467116570313,595.7339235020439,575.5752257128447,575.9583740234375,108248700
2024-12-19,580.948961299734,582.5601031255708,575.5359564813775,575.7815551757812,85919500
2024-12-20,573.4513839180992,587.231466902458,572.6036351958548,582.697265625,125716700
2024-12-23,582.440932357683,586.7878476994515,579.2570769218985,586.1865844726562,57635800
2024-12-24,587.5370835235541,592.7416149913781,586.9554933157183,592.7021484375,33160100
2024-12-26,590.9278604962976,593.8652307760627,589.5281816588665,592.7415771484375,41219100
2024-12-27,588.9958679237085,589.2324867459512,582.3128451341881,586.5020751953125,64969300
2024-12-30,579.4838439796579,583.2787692142718,576.0535631828352,579.80908203125,56578800
2024-12-31,581.4749602926895,582.194563069081,576.0634704063194,577.6997680664062,57052700
2025-01-02,580.9624764637459,582.6775870195096,572.1995778777631,576.2803955078125,50204000
2025-01-03,579.129057366777,584.1265095290074,578.0447499447286,583.48583984375,37888500
2025-01-06,587.7440065436294,591.1249540533898,585.1121413237427,586.8469848632812,47679400
2025-01-07,588.8776099950986,589.2029082453815,578.3897946667151,580.2133178710938,60393100
2025-01-08,580.282291853868,582.1354148697908,576.8323377526707,581.0609741210938,47304700
2025-01-10,577.5026413332764,577.5716476388544,570.2774344732991,572.189697265625,73105000
2025-01-13,567.5372072518853,573.4316812597856,567.1231694250464,573.0768432617188,47910100
2025-01-14,576.0043111010004,576.6351742776535,570.0802375478183,573.8653564453125,48420600
2025-01-15,581.8889752343268,585.4473419377294,580.7751281246863,584.303955078125,56900200
2025-01-16,585.6740294157521,585.8514484014332,582.4803673486446,583.1802368164062,43319700
2025-01-17,588.4242094250709,590.7898562052613,587.0934767089387,589.0353393554688,58070600
2025-01-21,592.0811502463223,594.4369906618805,590.1097477554644,594.4271240234375,42532900
2025-01-22,597.2560318658977,599.1288881406504,596.7040416210903,597.7686157226562,48196000
2025-01-23,597.1377792345874,601.0313110351562,596.8618141810588,601.0313110351562,41152100
2025-01-24,601.0904500891409,602.0466115435261,598.1234798327728,599.2767333984375,34604700
2025-01-27,586.3048878621954,591.115114198888,586.1373355152499,590.7996826171875,70361100
2025-01-28,592.031779311243,596.713859452747,588.7099714764748,595.8760375976562,44433300
2025-01-29,595.0874967960807,595.4916679771449,590.6518414168764,593.204833984375,37177400
2025-01-30,595.3240968992558,597.9263022497843,592.130374590218,596.3886108398438,39281300
2025-01-31,598.8134974486875,601.2383441338676,592.4557124803268,593.2147216796875,66566900
2025-02-03,584.1954832564219,591.7065212004032,582.0466619706364,589.2225952148438,65857200
2025-02-04,589.281761222817,593.6878166788046,588.7396375989994,593.17529296875,33457800
2025-02-05,592.0515554519985,595.7282015036632,590.021013481686,595.580322265625,30653100
2025-02-06,597.3250313642651,597.778475552574,594.013089933138,597.6503295898438,35771500
2025-02-07,598.2122352633725,599.4344951653416,591.4700123634921,592.1797485351562,50788500
2025-02-10,595.3930719758379,596.8420237335293,594.1214790365186,596.2012939453125,26048700
2025-02-11,593.9341794878935,597.1968476878733,593.8159001701387,596.6547241210938,30056700
2025-02-12,590.6322360789388,595.9057140143801,589.9520997695843,594.7327270507812,45076100
2025-02-13,595.8366651794477,601.2186155981716,594.5749988790903,601.0115966796875,40921300
2025-02-14,601.2185532755497,602.2535274358258,600.360998100256,600.9819946289062,26910400
2025-02-18,602.1450746766837,602.746337890625,599.6808220007749,602.746337890625,26749000
2025-02-19,601.3565473981581,604.4614697835945,600.8439635712302,604.165771484375,31011100
2025-02-20,602.7956695963146,602.9336821985821,598.3403412349714,601.6522827148438,36554000
2025-02-21,601.435409514207,601.5734221193063,590.8982614234848,591.361572265625,76519800
2025-02-24,593.4118132885562,594.4073810554311,587.9608571639533,588.6705932617188,50737200
2025-02-25,588.6115273648803,589.3409366661995,581.1300283822392,585.7431030273438,58266500
2025-02-26,587.4088964020577,591.0067297705009,583.3970853838995,586.0387573242188,43321600
2025-02-27,588.3157098294636,589.4690234968429,576.290203877955,576.6844482421875,74196700
2025-02-28,577.1872200213395,586.2162169760591,574.1118369424444,585.6839599609375,88744100
2025-03-03,587.6552532272791,588.7987001526899,571.6080711867788,575.4227294921875,74249200
2025-03-04,571.4208567458912,577.0196322682823,564.0675042327628,568.611572265625,109648200
2025-03-05,568.4440493526719,576.5169448984452,564.8856823224501,574.7229614257812,71230500
2025-03-06,567.2513477016495,571.874289065213,561.9680033325571,564.52099609375,80094900
2025-03-07,562.7368791286215,569.1340707451673,557.5422141835529,567.68505859375,81158800
2025-03-10,559.4741052862735,561.3961742720178,547.6456922667035,552.5643310546875,99326600
2025-03-11,551.4012280579012,555.9551623983707,544.1267490127518,547.970947265625,88102100
2025-03-12,554.1315858671662,555.0581473332891,545.7728595599632,550.8787841796875,69588200
2025-03-13,550.5042540653316,551.1153839968962,541.8202288918889,543.5353393554688,74079400
2025-03-14,548.1582415612112,555.7678855775432,543.6043071486545,554.762451171875,62660300
2025-03-17,554.7427633019219,561.5638590041749,554.3090523622551,559.0404663085938,49008700
2025-03-18,556.7240271713574,556.9409127203818,551.0661118946721,552.9981079101562,66041400
2025-03-19,554.7822486316311,562.7861379289428,553.5993951050114,559.020751953125,66556000
2025-03-20,555.2750258330774,562.4114922780789,554.5554231088431,557.4041137695312,62958200
2025-03-21,552.9412687324211,558.4876717065504,551.7054359658114,557.5879516601562,83763000
2025-03-24,564.3307537296456,568.6314886589248,563.7375780431137,567.5736083984375,58766800
2025-03-25,568.7797678649376,569.8771730865459,567.1880294433175,568.93798828125,38355700
2025-03-26,568.6710483477373,569.7981425644431,560.7617168790538,562.1458740234375,51848300
2025-03-27,560.7517355574175,564.4296055114135,558.5371327368356,560.6528930664062,42164200
2025-03-28,559.120558969836,559.8521624781242,548.7790863172526,549.3623657226562,71662700
2025-03-31,543.5984015371023,554.3550955683165,540.6719276036363,553.050048828125,95328200
2025-04-01,551.1320571376683,556.559825628618,547.4047657676659,554.6121215820312,54609600
2025-04-02,548.7592465118332,560.9890444564371,548.52197624234,558.1219482421875,76014500
2025-04-03,538.9319060881811,541.7594774009829,530.6172485351562,530.6172485351562,125986000
2025-04-04,517.7349036725598,519.9099817661254,499.3358369172059,499.5533447265625,217965100
2025-04-07,483.64569927250346,517.2405628900261,476.33944038650816,498.6635437011719,256611400
2025-04-08,515.9454474877983,519.0300819148135,483.6160734043612,490.8531188964844,165816600
2025-04-09,487.84755542038147,542.4021606445312,487.46196103833506,542.4021606445312,241867300
2025-04-10,526.1385259148457,527.4534689848499,503.5475251856576,518.6345825195312,162331200
2025-04-11,517.0824330937988,530.3503195313269,514.1757514102393,527.8885498046875,97866300
2025-04-14,537.8839447885014,538.111379094838,527.8094317224818,533.0098266601562,68034000
2025-04-15,533.5536182929557,537.0732685211545,530.726046664157,531.5169677734375,56892900
2025-04-16,525.6541223320015,531.7937621429162,514.3931980244283,519.7023315429688,83484800
2025-04-17,521.6599483491107,525.1499093262158,517.9721816819745,520.44384765625,79868100
2025-04-21,515.2533065114334,515.7872249375157,502.6972625032136,508.05584716796875,69368100
2025-04-22,514.2448892796023,523.3010457814191,513.3056442523776,521.2742919921875,75948100
2025-04-23,534.3049739114415,539.2483058984949,527.8292210770832,529.3517456054688,90590700
2025-04-24,530.6369834977514,541.2256220112762,529.3814182452572,540.4940185546875,64150400
2025-04-25,540.454522631326,544.804618673288,537.5280483044934,544.3992919921875,61119600
2025-04-28,545.1407910444296,547.2762839575454,538.8429907853031,544.6068725585938,47613800
2025-04-29,542.6888783318544,549.1547955800734,542.3329728897722,548.03759765625,47775100
2025-04-30,541.3640295279456,550.2126052496137,535.382610300473,548.2550048828125,93101500
2025-05-01,554.0189320097116,557.6770094036193,551.5373699314374,552.1404418945312,63186100
2025-05-02,558.3294653880318,561.9381212948161,556.0061238656243,560.3364868164062,60717300
2025-05-05,556.194064255589,560.2278400664005,555.3339293144951,557.1234130859375,38659200
2025-05-06,551.6066618961361,556.9652171268149,550.64768441023,552.466796875,48264700
2025-05-07,553.8014947566288,557.4298834610689,549.738030089525,554.7901611328125,55588000
2025-05-08,558.8337754612519,563.8463212534109,555.333918196641,558.6558227539062,65130800
2025-05-09,560.0596697605964,561.068128702691,556.381860066797,557.9439697265625,37603400
2025-05-12,574.8798371188,576.3925257137258,570.5000520977247,576.3826293945312,78993600
2025-05-13,576.7977862928067,582.403567726764,576.2342995973956,580.18896484375,67947200
2025-05-14,581.1479585868793,582.3046813078995,578.9036666864055,580.9304809570312,66283500
2025-05-15,578.9234551699535,584.2721134769878,578.4686469334371,583.7679443359375,71268100
2025-05-16,584.5489982766968,587.7621640177526,582.6013544692614,587.465576171875,76052100
2025-05-19,581.4346564328234,588.7903364922698,581.4346564328234,588.108154296875,68168500
2025-05-20,586.3681289429425,587.317209981726,582.917632829089,586.1307983398438,60614500
2025-05-21,581.7708648204313,585.8639582409971,575.2258980125081,576.2540893554688,95197700
2025-05-22,576.0563267018498,579.971467292194,574.8204937262445,576.4815063476562,70860400
2025-05-23,569.4519785383726,575.215919785119,569.0762805285291,572.5465087890625,76029000
2025-05-27,579.4276923460704,584.6082943415249,571.8742669840636,584.4501342773438,72588500
2025-05-28,584.8555180607121,586.051826179252,580.3373051792158,581.0689086914062,68445500
2025-05-29,586.3385054465637,586.4769332279744,579.4277368161022,583.3626098632812,69973300
2025-05-30,582.2553357440712,584.4304140423015,576.6298211275496,582.7101440429688,90601200
2025-06-02,581.0985213264464,586.0714814983527,578.4291102147669,585.992431640625,61630500
2025-06-03,585.6266685650614,590.3129375391912,585.1421713516531,589.3341674804688,63606200
2025-06-04,590.1943197189499,591.1730898063917,588.7409487228937,589.1759643554688,57314200
2025-06-05,590.8566609128592,592.2111289512687,584.3512195951713,586.3285522460938,92278700
2025-06-06,591.8749474768216,594.0203968199735,590.0953601848463,592.3495483398438,66588700
2025-06-09,592.9229477814916,594.4356362447949,591.7069074945726,592.8834228515625,53016400
2025-06-10,593.4173023897237,596.6304681071312,592.3001649023746,596.2449340820312,66247000
2025-06-11,597.3423151819753,598.2024500657004,592.4780937113569,594.5443725585938,73658200
2025-06-12,593.2097458920864,596.9073486328125,592.725309003214,596.9073486328125,64129000
2025-06-13,591.7168252456129,595.0288334634262,588.731033484191,590.2338256835938,89506000
2025-06-16,593.5952983788304,597.5993850121447,593.4172853343232,595.8494262695312,79984100
2025-06-17,593.4074922933922,594.9300168530282,589.9965810836336,590.7578735351562,82209400
2025-06-18,591.6574895866379,594.4059506456396,589.7097855095001,590.6688232421875,76605000
2025-06-20,593.3471074282096,594.4180406328666,587.8735160730708,589.2816162109375,94051400
2025-06-23,590.0351674928282,595.4889076465048,586.9116980815279,595.1022338867188,87426000
2025-06-24,599.2471080685161,602.7374608387837,598.3348024442159,601.676513671875,67735300
2025-06-25,602.7969444947229,603.4910690166892,600.4468830082857,602.0136108398438,62114800
2025-06-26,603.8678512919777,607.1599344481853,603.2530708764845,606.7236328125,78548400
2025-06-27,607.7252035075089,611.2056913389495,605.692457719191,609.7380981445312,86258400
2025-06-30,612.1873634601734,614.0118537505704,609.867018033134,612.6533813476562,92502500
2025-07-01,611.1758893553448,613.625146088841,610.3429883405835,612.455078125,70030100
2025-07-02,612.0484833566157,615.2711481262035,611.4237773441516,615.2315063476562,66510400
2025-07-03,617.214676143094,621.0124795190609,617.194824993195,620.0803833007812,51065800
2025-07-07,618.1169852960921,618.7813935886118,612.6731706581298,615.4595336914062,74814500
2025-07-08,616.1238907210633,616.8775081543645,614.3093261623386,615.1224365234375,59024600
2025-07-09,617.5319680301938,619.4655183729625,615.6875662931247,618.8110961914062,66113300
2025-07-10,618.9499658515675,621.5974919629854,617.7699723301522,620.5563354492188,57529000
2025-07-11,617.5022136064131,619.6043777491163,616.3024294765994,618.3748168945312,63670200
2025-07-14,617.9186632768227,619.9018415613931,616.5701165685465,619.5548095703125,51898500
2025-07-15,622.2420420602726,622.5791484786782,616.8279435196437,616.9072875976562,74317300
2025-07-16,618.4937831556223,619.4754466932056,612.8516386863737,618.9697265625,88987500
2025-07-17,619.1482908768893,623.1146474859103,618.9301097920578,622.7576293945312,68885700
2025-07-18,624.0069566966004,624.1755098834977,621.190877778705,622.3014526367188,65621600
2025-07-21,623.4815063476562,626.2281670376054,623.0551302914085,623.4815063476562,63375000
2025-07-22,623.8087114591411,624.4334174667899,620.9232136557434,623.5707397460938,60046300
2025-07-23,626.2381323551606,628.8757934570312,624.4334327911965,628.8757934570312,70511000
2025-07-24,629.2624021105368,630.7994135925716,628.6575473006669,629.0839233398438,71307100
2025-07-25,629.748350781943,632.2173979677802,629.5004535059064,631.7413940429688,56865400
2025-07-28,632.1182610848412,632.6735486135409,630.1945756243812,631.5828247070312,54917100
2025-07-29,632.9809077241022,633.2982235137306,629.0046860832861,629.9169311523438,60556300
2025-07-30,630.5713386132512,632.3165451544952,626.2281734095909,629.1236572265625,80418900
2025-07-31,634.0816044685715,634.4682782312485,625.4646925404661,626.763671875,103385200
2025-08-01,621.0322789916852,621.0719812920488,614.0812292944926,616.4907836914062,140103600
2025-08-04,620.4075271113948,625.9108344398344,620.3183179857707,625.8612670898438,73218000
2025-08-05,626.476110377079,627.2892207726588,621.7660617410078,622.688232421875,68051400
2025-08-06,623.7590952688204,628.1121858315174,622.8468502662965,627.457763671875,64357500
2025-08-07,630.8886206499576,631.6223868787783,623.8185857342208,626.9321899414062,74205800
2025-08-08,628.727047311219,632.2868791777582,628.4097315038053,631.82080078125,64051600
2025-08-11,632.0984361099556,633.5758942477272,629.3219380955197,630.5713500976562,58742300
2025-08-12,632.9214074238032,637.4430514601922,631.4340237207567,637.284423828125,64730800
2025-08-13,639.4856719739724,640.7549350171026,637.2744477443421,639.4658813476562,60092800
2025-08-14,637.3835851461316,640.1897994624859,636.9374184340268,639.5254516601562,59327500
2025-08-15,640.5566774831647,640.6558727131268,637.11589211782,638.0281372070312,68592500
2025-08-18,637.4529805837014,638.5834067295413,636.7787072305159,637.8892822265625,43804900
2025-08-19,637.7108075589789,638.6924711313014,633.1098193903536,634.4286499023438,69750700
2025-08-20,634.0221697813646,634.2799321395609,627.626407225106,632.7429809570312,88890300
2025-08-21,630.9283690027011,632.604096553562,628.4791123479844,630.2044677734375,54805800
2025-08-22,632.3958390332336,641.0623176031913,631.8901189367884,639.88232421875,84083200
2025-08-25,638.6230864860744,639.8625729858918,636.9472983174492,637.0662841796875,51274300
2025-08-26,636.798516612414,640.0806740325912,636.1738106528877,639.7335815429688,51581600
2025-08-27,639.148612992103,641.9250504526357,638.9998504138363,641.1912841796875,48341100
2025-08-28,641.7961126896905,644.0172625669782,639.9121297324674,643.4619750976562,61519500
2025-08-29,642.0242015644989,642.3911452321481,637.7306640961879,639.6245727539062,74522200
2025-09-02,632.13804448044,635.1028861742022,629.5797276837342,634.884765625,81983500
2025-09-03,637.2645539172183,638.7916398746721,635.0731807265284,638.3255615234375,70820900
2025-09-04,638.999797688006,643.6900550422279,638.09747828346,643.6602783203125,65219200
2025-09-05,646.0004708304714,646.7243720544352,637.9190556866993,641.796142578125,85178900
2025-09-08,643.1644862104067,644.3742563254497,641.7861629025881,643.3727416992188,63133100
2025-09-09,643.5115612591451,645.3856792185645,641.7762803015634,644.8601684570312,66133900
2025-09-10,648.122479271532,649.0446498954948,645.1576374702139,646.724365234375,78034500
2025-09-11,648.6778210448584,652.7929404681626,648.092817304151,652.0988159179688,69934400
2025-09-12,652.0689585463732,653.5662677492645,651.3748946038203,651.8805541992188,72780100
2025-09-15,654.0918582328915,655.4800466805781,653.7943936028013,655.3511352539062,63772400
2025-09-16,655.9064595692537,656.213910313041,653.6655188822047,654.4488525390625,61169000
2025-09-17,654.4587170331596,656.1542956225366,648.7967216101163,653.6356811523438,101952200
2025-09-18,656.3229972048737,659.2977648370164,654.7166275252608,656.6898803710938,90459200
2025-09-19,658.5800832029405,660.7874850308027,656.6311583459587,659.9423217773438,97945600
2025-09-22,658.4508309420254,663.5119788762895,658.4209716621773,663.0645751953125,69452200
2025-09-23,662.9452156846509,663.5617612775759,658.2320617574377,659.4551391601562,81708900
2025-09-24,660.7477220570149,660.8471316064555,655.9350982101993,657.3569946289062,68082200
2025-09-25,654.2149171420698,655.6765652531099,650.7048739536411,654.3242797851562,89622100
2025-09-26,655.7760789419195,658.619871988132,654.1553026157394,658.072998046875,69179200
2025-09-29,660.5985670660314,661.5134019828115,658.112721358766,659.9224243164062,73499000
2025-09-30,659.1766647693167,662.8756347075731,657.8641309647478,662.4082641601562,86288000
2025-10-01,659.4152702620313,665.5801794564833,659.3059076216911,664.6654052734375,72545400
2025-10-02,666.6540464714482,666.7733621981591,663.004842335434,665.4309692382812,56896000
2025-10-03,666.1966948783695,668.8714672806448,664.377038831869,665.421142578125,70494400
2025-10-06,667.8174482099862,668.7024238148077,665.669704301124,667.8074951171875,54623300
2025-10-07,668.7322238208072,669.1796881705657,663.8898014056139,665.3316040039062,72020100
2025-10-08,666.4552183740389,669.398481470165,665.6299006256374,669.2990112304688,60702200
2025-10-09,669.7166839203261,670.1243359074817,665.4211353124821,667.3600463867188,66501900
2025-10-10,668.324542434099,670.1342452495495,649.14378031214,649.32275390625,159422600
2025-10-13,656.9095884512618,661.3642043859337,656.0345659370097,659.2860107421875,79560500
2025-10-14,653.4492417720955,662.0602448848334,649.4718888267987,658.4805908203125,88779600
2025-10-15,663.0446129876665,666.4352795829697,655.1992699391986,661.4039306640625,81702600
2025-10-16,663.0445999065358,664.9239136533134,653.3895542222015,656.8995971679688,110563300
2025-10-17,655.7660892614911,661.9906565438909,654.4138037793879,660.62841796875,96500900
2025-10-20,663.5418206897375,668.4041493887289,663.4921159142255,667.499267578125,60493400
2025-10-21,667.638493864759,669.1797060532549,666.1867381348511,667.4893188476562,56249000
2025-10-22,668.1953369980629,668.1953369980629,659.5445816579371,664.0191040039062,80564000
2025-10-23,664.3372592841532,668.9012985038863,664.019063764971,667.9566650390625,65604500
2025-10-24,672.6300829996666,674.628651928334,671.8246714345047,673.4155883789062,74356500
2025-10-27,678.8645527756448,681.658640907831,678.2580209918731,681.3603515625,63339800
2025-10-28,683.1600908523567,685.0095454543999,680.9526890414517,683.1700439453125,61738100
2025-10-29,684.8206562449755,685.795149064121,679.0038013689816,683.4982299804688,85657100
2025-10-30,680.0279821977349,682.0564104652303,675.9810180664062,675.9810180664062,76335800
2025-10-31,681.1614116072222,681.2012239761448,675.3942622450203,678.1983032226562,87164100
2025-11-03,681.7878948104295,681.9171636388411,676.0903560257897,679.4711303710938,57315000
2025-11-04,672.2820616639051,676.1103005794487,670.7607556049009,671.4169921875,78427000
2025-11-05,671.1583975728993,677.0051112074705,670.3529860359731,673.7437133789062,74402400
2025-11-06,672.6399897028363,673.5448715272548,664.9338680034818,666.514892578125,85035300
2025-11-07,664.1284090392404,667.2805048704689,657.4663915648358,667.1710815429688,100592400
2025-11-10,673.4056154266486,678.3176487268574,671.2081667723378,677.5818481445312,75842900
2025-11-11,676.1002762110339,679.6997756663966,674.8871520395073,679.1329956054688,58953400
2025-11-12,680.9129156193362,681.0819968300743,677.0946904605516,679.5109252929688,62312500
2025-11-13,676.6472315164618,677.0051787486752,666.7237544337754,668.235107421875,103457800
2025-11-14,661.612768198211,671.8345335183507,659.5147291242073,668.1256713867188,96846700
2025-11-17,665.9083353081996,669.8956413839408,658.4209391867944,661.901123046875,90456100
2025-11-18,658.3512953245886,661.354216097308,652.146634691611,656.3427734375,114467500
2025-11-19,657.0388554539629,663.5617119214406,655.0203196831769,658.8783569335938,94703000
2025-11-20,669.1001291109939,671.7351497651099,648.1991802397498,648.8355712890625,165293500
2025-11-21,651.3412595795126,660.7874729698119,647.1650267848305,655.2987670898438,123956200
2025-11-24,658.9380055466532,666.2662734630499,657.8442577670318,664.9437866210938,80437900
2025-11-25,664.8444060411854,672.3815071629971,660.717877921785,671.1982421875,81077100
2025-11-26,673.7934667684052,677.8404309302599,672.8885849296569,675.8318481445312,71879600
2025-11-28,677.0051081523229,679.7991961322198,676.6471609574353,679.5208129882812,49212000
2025-12-01,674.9667014318244,679.1230277654502,674.8970904760725,676.41845703125,61201200
2025-12-02,678.0591325179204,679.9483994968172,675.4838303983408,677.67138671875,62953800
2025-12-03,676.7167950740063,681.0321891246488,675.8417725523884,680.0180053710938,57238500
2025-12-04,681.4199577792665,681.4895687361658,677.4824173401821,680.51513671875,61970300
2025-12-05,681.5890143183475,684.4925257185774,680.7040993957534,681.8078002929688,79241000
2025-12-08,682.7027235077143,682.7524282821314,677.7111260885928,679.7594604492188,55231500
2025-12-09,679.2822138612034,681.5095218770947,678.7253868572307,679.1727905273438,58310100
2025-12-10,678.6955405173951,685.0692222502689,677.4526176554032,683.6771850585938,85671300
2025-12-11,681.2609148661827,685.3476304583654,678.3076987410943,685.26806640625,86173700
2025-12-12,684.2737672143002,684.9797692517327,675.3247225627367,677.9000854492188,113160300
2025-12-15,681.8574988128718,681.8774049984522,675.4042533093998,676.8758544921875,90811000
2025-12-16,675.3843754405706,677.2239376857725,671.1584377196804,675.0264282226562,122030600
2025-12-17,676.0406154817738,676.5874893555698,667.3998140691156,667.5986938476562,110625200
2025-12-18,673.7635606688432,676.8857972779194,671.0788959983324,672.6399536132812,108650100
2025-12-19,674.747283458469,679.2350273728672,674.6275542880097,678.7363891601562,103599500
2025-12-22,682.0772531068674,683.4933686131409,678.7364013691785,682.96484375,69556700
2025-12-23,682.0572680421344,686.325640311278,682.0074163952171,686.0863037109375,64840000
2025-12-24,686.0763204450832,688.9484813838191,685.9267046355759,688.4996948242188,39445600
2025-12-26,688.758988861415,689.7761694005526,687.392725060237,688.4298706054688,41613300
2025-12-29,685.6674092439482,687.322922191004,684.2014421207446,685.9765625,62559500
2025-12-30,685.5777200962995,686.6846823672308,684.7100944386586,685.138916015625,47160700
2025-12-31,685.2685588951464,685.4879304984822,679.8533550408816,680.062744140625,74144800
2026-01-02,683.842447277036,684.999261161205,677.9684744567207,681.309326171875,89377200
2026-01-05,684.6701449336617,687.5522884526621,684.5106074856512,685.846923828125,71927200
2026-01-06,686.0563439630641,690.4344019511112,685.9067890249802,689.92578125,69273800
2026-01-07,690.3047811958188,692.0699799720542,687.4426026835383,687.701904296875,75588300
2026-01-08,686.9439569075789,688.7390423054183,685.6175622141362,687.632080078125,64019200
2026-01-09,688.7489932725086,693.4162394407576,687.3029303433501,692.1796264648438,80125500
2026-01-12,688.7988836287034,694.1941832506386,688.7490319805348,693.2666625976562,63976000
2026-01-13,693.595779418591,694.194181802135,689.467040360938,691.8804931640625,78309700
2026-01-14,689.1180078469732,689.8360176539858,684.1714948792828,688.479736328125,94676700
2026-01-15,692.678285342935,693.5558934557131,689.3673203481677,690.3546142578125,77862000
2026-01-16,691.7707369284135,692.359156800422,688.22043529661,689.7761840820312,79289200
2026-01-20,679.6338820353151,682.9049778344743,674.7272992054969,675.7345581054688,111623300
2026-01-21,677.7989248999835,686.8641332264262,676.2830453044572,683.5332641601562,127844500
2026-01-22,687.9711412752974,689.2476843606095,685.0491285530771,687.103515625,77112200
2026-01-23,686.2757685331861,689.0781127396581,685.2884137823622,687.352783203125,63059600
2026-01-26,688.609372319757,692.2394730275811,688.0409174669724,690.84326171875,60473800
2026-01-27,692.2893344912051,694.6329705879123,691.6810104865692,693.5957641601562,55506100
2026-01-28,695.1515053497095,695.9393926651097,692.0499903412962,693.5259399414062,61172200
2026-01-29,694.4933553961189,695.1615135683285,682.9648421722587,692.1497192382812,97486200
2026-01-30,689.9058246991844,692.3192774332931,685.2485609149509,690.0853271484375,101835100
2026-02-02,687.7019133171445,695.0318708971434,687.5423149981101,693.5159912109375,79286500
2026-02-03,694.3138377504575,695.0617950648859,682.1670182684101,687.6520385742188,107904600
2026-02-04,688.4697490630058,689.5667896413613,679.9031787408285,684.3211059570312,105204600
2026-02-05,679.0854402743204,681.8279505601881,673.9494421186707,675.7744750976562,113610800
2026-02-06,679.6039887472712,690.4244132010324,678.995603890688,688.739013671875,89127600
2026-02-09,687.5423060693106,693.9747512796714,686.4652913399738,692.0599975585938,73885200
2026-02-10,693.0572335194393,694.64286887948,689.7761552680904,690.2349243164062,65185700
2026-02-11,694.4933668556342,695.2413241987686,687.3029816841566,690.075439453125,76353900
2026-02-12,692.3491972008484,693.4561594586687,678.5169776231163,679.41455078125,118829000
2026-02-13,679.833354327075,684.410879804094,675.6747287653898,679.8931884765625,96267500
2026-02-17,678.287593220413,683.074507822494,673.9394826742099,680.9901733398438,81354700
2026-02-18,682.157061237011,687.2730943282486,680.9702998190471,684.4208374023438,73570300
2026-02-19,681.9775120282383,684.311104689823,679.6937101433548,682.61572265625,58649400
2026-02-20,680.4616860592505,688.1805961724377,679.8732661615737,687.5523071289062,100034000
2026-02-23,685.9566804858357,688.1207533479937,678.5169762252317,680.531494140625,90558100
2026-02-24,680.0427976196477,686.4751816677359,678.1479481229125,685.4779052734375,73798700
2026-02-25,688.3002642742074,691.7907319065998,688.2204651135966,691.26220703125,56369500
2026-02-26,691.391808867856,691.4117130049051,682.486077089091,687.422607421875,71671000
2026-02-27,681.2295779636313,684.9892686841309,679.7835149777827,684.1216430664062,83308900
2026-03-02,676.8515442239554,686.744509644098,676.1734035367807,684.5106201171875,87477200
2026-03-03,673.221445388408,680.7508704958498,667.8361281509542,678.4771118164062,105003100
2026-03-04,679.7735096903759,685.2186606854194,677.7689744100875,683.2639770507812,79182200
2026-03-05,680.2223290726917,683.6629449535216,673.7699188745959,679.4544067382812,106606500
2026-03-06,671.5758690877306,674.2685275228549,667.9358467743081,670.5487060546875,100687000
2026-03-09,664.5750801817165,678.0681991431876,660.5859743093405,676.4227294921875,102667700
2026-03-10,675.87413967305,681.4987932365287,672.9222404542279,675.3356323242188,81505300
2026-03-11,675.7345715953234,678.2277626375325,671.5061293267642,674.4879760742188,68441700
2026-03-12,669.3319958917509,669.8207124533001,664.0564256954588,664.2459106445312,108882200
2026-03-13,667.4472371497842,670.5088831921612,659.5587462493693,660.4862060546875,97200200
2026-03-16,666.5596317087426,670.239584206393,665.3030536555561,667.2078857421875,82023100
2026-03-17,670.5586914524959,672.60309589337,667.8760155087483,668.9630126953125,87128000
2026-03-18,666.5396583763402,667.8959397089973,659.3892034355257,659.6285400390625,82062600
2026-03-19,655.1806813207687,661.1743225351036,653.3855958813168,658.0029907226562,111272500
2026-03-20,656.510009765625,656.6900024414062,644.719970703125,648.5700073242188,163617500
2026-03-23,658.0700073242188,662.6199951171875,653.9400024414062,655.3800048828125,134802700
2026-03-24,651.3200073242188,657.030029296875,649.8800048828125,653.1799926757812,96457500
2026-03-25,658.6699829101562,660.8900146484375,654.239990234375,656.8200073242188,90653800
2026-03-26,652.0599975585938,654.8499755859375,644.8200073242188,645.0900268554688,96494400
2026-03-27,642.5,642.6599731445312,633.1099853515625,634.0900268554688,103649400
2026-03-30,640.1099853515625,640.3699951171875,629.280029296875,631.969970703125,99275900
2026-03-31,638.9400024414062,651.5399780273438,637.97998046875,650.3400268554688,152534100
2026-04-01,653.9000244140625,658.52001953125,653.0,655.239990234375,97841500
2026-04-02,646.4199829101562,658.2000122070312,645.1099853515625,655.8300170898438,68358700
2026-04-06,655.8599853515625,659.719970703125,655.52001953125,658.9299926757812,39105800
2026-04-07,656.6500244140625,659.6099853515625,651.0599975585938,659.219970703125,69980400
2026-04-08,676.3900146484375,677.0800170898438,671.4600219726562,676.010009765625,93606100
2026-04-09,674.8400268554688,681.1599731445312,673.77001953125,679.9099731445312,57134400
2026-04-10,681.3200073242188,682.030029296875,678.4500122070312,679.4600219726562,42253500
2026-04-13,677.4099731445312,686.2999877929688,676.5800170898438,686.0999755859375,54185800
2026-04-14,687.6900024414062,694.5800170898438,687.6599731445312,694.4600219726562,63480500
2026-04-15,695.260009765625,700.280029296875,694.2000122070312,699.9400024414062,58240400
2026-04-16,701.0599975585938,702.780029296875,698.530029296875,701.6599731445312,49972400
2026-04-17,706.1400146484375,712.3900146484375,705.760009765625,710.1400146484375,70661900
2026-04-20,708.780029296875,709.9099731445312,706.1400146484375,708.719970703125,43546800
2026-04-21,710.280029296875,711.280029296875,702.6400146484375,704.0800170898438,58941400
2026-04-22,709.1500244140625,711.4500122070312,708.219970703125,711.2100219726562,42518500
2026-04-23,709.5,712.3599853515625,702.280029296875,708.4500122070312,56174000
2026-04-24,710.75,714.469970703125,709.010009765625,713.9400024414062,45182000
2026-04-27,713.1699829101562,715.6300048828125,712.2999877929688,715.1699829101562,33135900
2026-04-28,711.8200073242188,712.8800048828125,709.25,711.6900024414062,43117400
2026-04-29,711.0,712.2000122070312,708.3699951171875,711.5800170898438,41859200
2026-04-30,714.6300048828125,719.7899780273438,710.4500122070312,718.6599731445312,67240900
2026-05-01,721.25,724.8699951171875,720.469970703125,720.6500244140625,43049800
2026-05-04,720.0700073242188,722.1199951171875,714.989990234375,718.010009765625,51950600
2026-05-05,721.77001953125,725.0399780273438,721.489990234375,723.77001953125,36933200
2026-05-06,728.1599731445312,734.5900268554688,727.8200073242188,733.8300170898438,53288900
2026-05-07,735.0499877929688,736.1300048828125,729.75,731.5800170898438,51724600
2026-05-08,734.9299926757812,738.0800170898438,734.5700073242188,737.6199951171875,47227100
2026-05-11,736.4500122070312,740.7899780273438,736.4500122070312,739.2999877929688,44024000
2026-05-12,736.8900146484375,738.8400268554688,731.8300170898438,738.1799926757812,54185300
2026-05-13,738.469970703125,743.9099731445312,735.469970703125,742.3099975585938,44200200
2026-05-14,743.6500244140625,749.530029296875,743.5599975585938,748.1699829101562,45307600
2026-05-15,741.7899780273438,743.4600219726562,737.9600219726562,739.1699829101562,60410800
2026-05-18,739.8300170898438,741.4199829101562,733.3900146484375,738.6500244140625,47843900
2026-05-19,734.780029296875,737.6500244140625,731.530029296875,733.72998046875,54255900
2026-05-20,735.7100219726562,741.8699951171875,733.8900146484375,741.25,45768000
2026-05-21,738.6400146484375,744.8699951171875,737.030029296875,742.719970703125,43332200
2026-05-22,746.239990234375,748.9400024414062,744.47998046875,745.6400146484375,41762000
2026-05-26,750.010009765625,752.1300048828125,748.3699951171875,750.5900268554688,41123600
2026-05-27,750.8800048828125,751.3800048828125,748.219970703125,750.4600219726562,42106300
2026-05-28,750.25,755.1500244140625,749.22998046875,754.5999755859375,41562600
2026-05-29,755.9000244140625,758.0800170898438,754.6900024414062,756.47998046875,55075700
2026-06-01,755.3599853515625,760.280029296875,754.6900024414062,758.5399780273438,43634900
2026-06-02,757.030029296875,760.4000244140625,756.75,759.5700073242188,31581900
2026-06-03,758.1500244140625,758.7999877929688,753.5700073242188,754.239990234375,51402500
2026-06-04,752.0999755859375,758.3099975585938,751.469970703125,757.0900268554688,49923000
2026-06-05,752.3099975585938,752.8200073242188,735.530029296875,737.5499877929688,93989400
2026-06-08,743.3599853515625,745.3400268554688,738.1900024414062,739.219970703125,49319100
2026-06-09,,,,,86844734
