date,open,high,low,close,volume
2016-06-06,116.22690064738352,117.47473652318726,115.87886197123446,117.27100372314453,2959900.0
2016-06-07,117.27950028843183,117.56811203966794,116.1929512639191,116.24388122558594,2943200.0
2016-06-08,116.52400835589009,119.59690358539844,116.29481057690614,119.18095397949219,6180800.0
2016-06-09,119.25740433273752,119.57996518733592,118.45096981451498,119.4186782836914,3682400.0
2016-06-10,119.053671122699,119.1725120588315,117.68699388082992,118.19631958007812,2805800.0
2016-06-13,117.99256519378298,118.95178947295238,117.21160876265031,117.2200927734375,2804300.0
2016-06-14,117.04182215764664,117.36438290918203,116.5834265829433,117.0333251953125,2970700.0
2016-06-15,117.45547149744733,117.82214051487264,116.86708352839224,117.04615020751953,2369400.0
2016-06-16,117.0035070311461,118.43609230361064,116.29573704117601,118.2399673461914,3176100.0
2016-06-17,118.32519039867691,118.40194623419755,116.4406583285298,117.41277313232422,4430900.0
2016-06-20,118.7174854293711,119.24617570839433,117.79653225800406,118.12057495117188,3731700.0
2016-06-21,118.70043567239196,118.72601662246558,117.73685619238137,117.83917999267578,2021400.0
2016-06-22,118.06087891200131,118.99035474081145,117.3616446319046,117.59187316894531,2375200.0
2016-06-23,118.82837310898815,119.36558616115434,117.68570076592171,118.69193267822266,2646800.0
2016-06-24,115.68174011078983,118.20582202876892,115.24683803524556,117.07168579101562,4475100.0
2016-06-27,116.09962143020176,117.1570152956556,115.52829174044342,116.91825103759766,3996200.0
2016-06-28,117.85620349436601,118.60659949439335,117.37866220676908,118.2825698852539,4160200.0
2016-06-29,119.21205820721889,119.96245428726755,119.04151423501105,119.8260269165039,3704500.0
2016-06-30,119.96245143314067,120.49967729390123,119.58725990787835,120.40587615966797,4730800.0
2016-07-01,120.37176635353903,120.90897917488198,119.91128335047931,120.1159439086914,2882500.0
2016-07-05,119.51048100647918,121.01129886467547,119.40815724766333,120.71283721923828,3749300.0
2016-07-06,120.21826800367843,121.9066883371891,120.20974535977305,121.41210174560547,4083300.0
2016-07-07,121.40361892402488,121.6509188332749,119.34000618555675,120.06483459472656,3515500.0
2016-07-08,120.83225271293995,120.9004729082518,118.99888213124424,120.46558380126953,3605500.0
2016-07-11,120.46558839620246,120.74699183322052,119.3911365436476,119.6554946899414,4084000.0
2016-07-12,120.1415739986864,120.19273590625086,118.84541595645985,119.26325988769531,4310100.0
2016-07-13,120.20124155766567,120.7384544646555,119.31439200902774,120.6446533203125,3164700.0
2016-07-14,121.42062302654088,121.8128858401764,119.78337760985113,120.09888458251953,3000700.0
2016-07-15,120.78961429244225,121.753206666779,120.28650498669923,120.5167465209961,3748700.0
2016-07-18,120.88338825471457,121.00277031756785,119.0585407158608,120.02213287353516,4166300.0
2016-07-19,120.02216857104577,121.62531075903377,118.80276663862675,121.59119415283203,5326200.0
2016-07-20,122.34161301640505,123.20286872179767,121.77880607465991,121.9578857421875,5489800.0
2016-07-21,121.69353628831989,122.5633146094564,121.19894957012106,121.82996368408203,3475100.0
2016-07-22,122.52920532226562,122.83618971890029,121.872597277194,122.52920532226562,2697500.0
2016-07-25,122.40981403198917,122.69974010379666,120.58496609227171,120.85783386230469,2725600.0
2016-07-26,121.03689016106979,121.2500733512896,120.25237758246118,120.83222961425781,2668100.0
2016-07-27,120.3803192775957,121.37801535295644,119.305880352978,120.8152084350586,2684100.0
2016-07-28,120.54235437368014,121.96641712279745,120.39739130466907,121.73617553710938,2517000.0
2016-07-29,120.96016182569896,122.708253785577,120.74697860994105,122.11134338378906,3269700.0
2016-08-01,122.29892093796211,122.9299478132764,121.97487835176447,122.37566375732422,2494900.0
2016-08-02,122.63151819744394,122.76795858639277,121.37799977377891,122.08576965332031,2679100.0
2016-08-03,122.22220528213994,122.46949209226602,121.45473788294674,121.8384780883789,1963600.0
2016-08-04,122.02607725724212,122.35010689553923,121.30977176722513,121.69351196289062,1890900.0
2016-08-05,122.22223049861168,122.40129715386472,121.42918199032678,121.93230438232422,2000100.0
2016-08-08,121.60823697360853,122.0004998249513,120.96868731131376,121.19892883300781,1846400.0
2016-08-09,121.55708461084373,122.05167128318747,120.81519809649201,120.9345932006836,2140700.0
2016-08-10,120.9771651093436,121.37795045674302,120.17559441454478,121.25004577636719,1866300.0
2016-08-11,121.29276267038087,121.99199705693,120.61057357768497,121.62532806396484,1857500.0
2016-08-12,121.22450937369281,122.06018395303234,120.66170254995204,121.8384780883789,1787900.0
2016-08-15,121.90673325026083,122.03463801431478,120.65321451583263,120.7640609741211,2369600.0
2016-08-16,120.36325051935081,120.76403604622358,119.66401626739912,120.3035659790039,1688500.0
2016-08-17,120.48263051239235,121.01133377937711,119.94541761194198,120.84078979492188,1849100.0
2016-08-18,120.80665058059901,121.8043463651868,120.4655626755273,121.23301696777344,1572700.0
2016-08-19,120.78961941717805,121.30126440139598,120.42295048743742,121.12218475341797,1950200.0
2016-08-22,121.18186085083587,121.94079253566093,120.84077292953005,121.16480255126953,1587900.0
2016-08-23,121.71055683170701,121.82993891101945,120.87488227651987,121.09658813476562,2295500.0
2016-08-24,121.08808446389688,121.15630466443221,118.96477463663057,119.27175903320312,2529800.0
2016-08-25,119.1694082012711,119.1694082012711,116.84997395599076,117.08021545410156,3891000.0
2016-08-26,117.3957229943278,117.93294882196942,115.96313813617674,116.50035095214844,3082400.0
2016-08-29,116.99498230617066,117.71127500933912,116.38101341440485,117.05467987060547,2315900.0
2016-08-30,117.05462476162383,117.41277094459386,116.17631109612543,116.7135238647461,2026600.0
2016-08-31,116.44070216312168,116.67094373302102,115.58796910152677,116.01433563232422,2837300.0
2016-09-01,116.67089951310754,116.80732686238268,115.41738134673012,115.74994659423828,2765400.0
2016-09-02,116.39805065926882,116.63681485045659,115.76702357588825,116.49185180664062,2390500.0
2016-09-06,116.50037719713274,116.6965151536868,115.6561798625681,115.94610595703125,2242400.0
2016-09-07,115.65053740347395,116.47294697658272,114.96519827117609,115.64197540283203,2816300.0
2016-09-08,115.19647915978827,116.18164497169911,115.14508102306304,116.02745056152344,2826700.0
2016-09-09,115.40211903683816,115.77904317530192,114.46833801269531,114.46833801269531,3322300.0
2016-09-12,113.68878653401103,116.26736091155614,113.41464560618435,116.1045913696289,3457400.0
2016-09-13,114.99948706663828,115.77904752057282,114.25417461963416,114.75104522705078,3331500.0
2016-09-14,114.6825071410013,115.38498341832594,113.9200707095254,114.52831268310547,4592400.0
2016-09-15,113.9628616267341,116.58427094454306,113.83436629615635,116.1730728149414,3302900.0
2016-09-16,116.17309071468773,118.69170415609804,116.10455550390219,118.6231689453125,7421900.0
2016-09-19,118.8030894844372,119.41133144879407,117.80936138118616,117.94641876220703,3239500.0
2016-09-20,118.33191575058248,118.67457876648328,117.4152719218258,117.76651000976562,2425700.0
2016-09-21,118.391883671192,119.89963241238824,118.21199015114465,119.85679626464844,3506600.0
2016-09-22,120.35368587588731,121.14182144640675,120.21661541012068,120.82484436035156,3018300.0
2016-09-23,120.80769131545826,121.45875626370412,120.24228558390594,120.37078094482422,2802000.0
2016-09-26,119.89106900377674,120.07953761476205,118.99156210075745,119.69403839111328,2636500.0
2016-09-27,119.92533066616139,120.65349288572799,118.8116561913312,120.61065673828125,3048600.0
2016-09-28,120.90191429184108,121.39878476049523,119.64260758564544,120.28511047363281,1990400.0
2016-09-29,120.08810025687335,120.17377256114476,118.08349382580256,118.49470520019531,2201000.0
2016-09-30,119.23141508720748,120.345089549311,118.58035009743097,119.93389129638672,4164100.0
2016-10-03,119.37705708621682,119.69402103520513,118.24624558427524,118.64031982421875,2724400.0
2016-10-04,118.81168527304065,119.38565318839832,117.50097988524058,118.35765075683594,2452600.0
2016-10-05,118.40047650792857,119.01726745524492,117.02123600301834,117.8779067993164,4625600.0
2016-10-06,117.6294666752412,117.7836742181536,116.21596506929997,116.90986633300781,4025300.0
2016-10-07,117.54380337890254,117.8350683066414,116.49008890870107,117.0726318359375,2568700.0
2016-10-10,117.33814259973866,118.5203519031238,117.33814259973866,118.28904724121094,2586000.0
2016-10-11,117.63802848399335,117.9549924645725,115.1108394253771,115.4363784790039,3353600.0
2016-10-12,115.63338906881911,116.26732999201211,114.48545365027852,115.73619842529297,4287900.0
2016-10-13,115.35069569312428,115.35069569312428,114.45976398492216,114.95663452148438,3425700.0
2016-10-14,115.4620637856557,116.08742967094845,114.69962746552295,114.72532653808594,3452900.0
2016-10-17,114.84525444682978,115.16221837455856,113.9628848060533,114.90522766113281,3602500.0
2016-10-18,119.24853810631201,123.31772322429441,118.10916470466631,122.8379898071289,10141900.0
2016-10-19,123.20642321851906,125.38236169610512,122.34975226215643,123.67758178710938,5796000.0
2016-10-20,123.78035871613737,124.97113051020472,123.34344827709124,124.27722930908203,5203700.0
2016-10-21,123.5832825320388,124.59416052677724,123.15494727889215,124.53418731689453,3331800.0
2016-10-24,125.07396573695868,125.26243440230328,123.37776082061933,123.95172882080078,2930200.0
2016-10-25,124.11445450466196,124.54278985226584,123.01791706053663,123.17211151123047,3095400.0
2016-10-26,123.14639648821475,123.17209556000226,121.55298867861006,121.84425354003906,3267600.0
2016-10-27,122.26401186470964,122.7180461730476,121.28740804107179,121.59580993652344,3358000.0
2016-10-28,121.35597062050988,121.9470754760985,119.45416068155386,120.23373413085938,4033600.0
2016-10-31,120.61923827567314,121.25316623353646,119.90820001957006,121.07327270507812,3761100.0
2016-11-01,121.22747923539302,121.22747923539302,118.92304578204818,119.44560241699219,3391400.0
2016-11-02,119.09435562760065,120.98759041537407,119.01724533572805,119.0600814819336,3149700.0
2016-11-03,119.23141822200714,120.2251593418117,117.9207131355479,118.07492065429688,2989700.0
2016-11-04,118.60608079562981,118.98301807454656,117.95501563225739,117.97215270996094,3520700.0
2016-11-07,119.59121879757552,122.02416011977822,119.54838265400916,121.58724975585938,3896600.0
2016-11-08,121.09041421979292,123.02648538463465,120.79057423235687,122.41824340820312,4389300.0
2016-11-09,119.53978829132808,123.52331370854884,116.69564920772821,121.56153106689453,8042400.0
2016-11-10,121.93854294968578,125.56227057090612,121.64727795658999,125.18533325195312,6075500.0
2016-11-11,125.682134697095,126.35889863993354,125.0824548902138,125.4336929321289,4475400.0
2016-11-14,126.2046732955558,131.00201907263977,125.96479358853793,130.45375061035156,5740400.0
2016-11-15,131.5075177019747,131.8930299839104,129.79417625962165,130.41098022460938,4910700.0
2016-11-16,130.20538737209014,131.07062009301515,129.5543092592979,129.78561401367188,3899000.0
2016-11-17,130.059723940804,130.14538314930326,128.66334681754364,129.16021728515625,4683000.0
2016-11-18,129.4001125603357,129.92268221307725,127.98659805451469,128.02943420410156,5664800.0
2016-11-21,128.26074749988064,129.06602010743794,127.2670062789904,128.8518524169922,3867800.0
2016-11-22,129.42579573369207,131.01062849962312,128.98032336188578,130.43666076660156,4992100.0
2016-11-23,130.22248299665105,131.7045324301901,129.3229893945352,131.53318786621094,2697200.0
2016-11-25,131.86728846633298,132.35559694308964,130.73649016354923,130.90782165527344,1664500.0
2016-11-28,130.84787316907222,130.9421074586765,128.5005910009559,130.30816650390625,5029600.0
2016-11-29,134.4458398182876,135.4567045041988,132.93809171489255,135.00267028808594,5827400.0
2016-11-30,135.4370619260318,137.40664318023826,135.09303450678854,136.1681365966797,7142400.0
2016-12-01,136.8562297029943,139.09244792478262,136.8562297029943,138.4215850830078,5250200.0
2016-12-02,138.47313145808351,139.7804591067626,138.0946934710604,138.24090576171875,3480000.0
2016-12-05,137.77648346749493,138.18931899038557,134.3705543131842,135.57467651367188,5854200.0
2016-12-06,136.0391672886793,136.09077010846138,134.39640753196392,135.30810546875,3216700.0
2016-12-07,135.79829676068718,137.59586433316656,134.4737767398616,137.09701538085938,4552300.0
2016-12-08,137.10560243163403,137.81947168984772,135.89288430176006,137.0281982421875,3407500.0
2016-12-09,137.2002217270748,137.75067343101898,135.643476117036,137.7162628173828,4007200.0
2016-12-12,136.60676619505577,137.32063551929693,135.67787646437347,137.17442321777344,3471200.0
2016-12-13,137.95708848615303,139.08380644776534,137.6732730966171,138.07749938964844,3868900.0
2016-12-14,138.59353328210432,139.16119022549103,136.5121376134886,137.4926300048828,3885700.0
2016-12-15,137.5012248872347,138.7225390395526,137.122786928302,138.1462860107422,4422700.0
2016-12-16,138.80000843455113,141.05341860533517,138.63659078879678,141.00181579589844,7605300.0
2016-12-19,140.27075161818556,141.00182647070537,138.6624026912116,138.9376220703125,4732600.0
2016-12-20,139.08380954260838,140.28791860435607,138.82578242257543,138.9805908203125,3131200.0
2016-12-21,138.8343927321859,139.58265964548545,137.28624297725082,138.75698852539062,2767700.0
2016-12-22,138.80859774309303,139.23004253923744,137.84531035054175,138.97201538085938,2741700.0
2016-12-23,138.9548102038872,140.2277275629517,138.08613233111453,140.21913146972656,2044400.0
2016-12-27,140.41697463750364,141.01904250243018,139.72031035679564,139.88372802734375,1344000.0
2016-12-28,139.4708375703043,140.4083233791412,138.7483721648045,138.85157775878906,1669100.0
2016-12-29,139.26441386445387,139.64285187578238,137.94849004020958,138.50753784179688,2476300.0
2016-12-30,138.79140187344478,138.88601140049187,137.48408693000346,137.64749145507812,2855600.0
2017-01-03,138.5849948614662,139.56548766087627,136.88202332264265,138.86021423339844,3539700.0
2017-01-04,139.63425159861757,139.83206668995376,137.38943812034765,139.2558135986328,2695200.0
2017-01-05,139.11825395055692,139.8751302582221,138.9118295601549,139.4880828857422,2961100.0
2017-01-06,139.11824065066835,140.1417401623743,138.56778878602913,139.68589782714844,3081300.0
2017-01-09,139.3332594027166,139.70308829799993,138.28395849805082,139.29025268554688,3040800.0
2017-01-10,138.7053921292644,140.17612462154847,138.04312548498214,138.97201538085938,3500700.0
2017-01-11,138.7311719226709,140.14170529510602,138.13771348798582,139.23861694335938,3330600.0
2017-01-12,139.06661486668614,140.1417170125121,138.37854686859646,139.6428680419922,2555900.0
2017-01-13,139.47083901541112,139.96968793117844,138.82577779871605,139.1612091064453,3183300.0
2017-01-17,139.85788173966043,140.16751166770774,135.47145994629116,138.18072509765625,5475800.0
2017-01-18,138.52474519234644,138.6451560955633,134.25013844244205,135.66928100585938,6591600.0
2017-01-19,135.66930867475085,138.0861364475169,135.2392677721574,136.49497985839844,4976900.0
2017-01-20,136.7701706519378,137.44103320561973,135.72946621036292,136.46054077148438,3579100.0
2017-01-23,136.42612421018097,137.20020543945424,134.65435840856338,136.81317138671875,4062600.0
2017-01-24,137.0626446564577,138.73980164550414,136.83902809918737,137.98292541503906,3514100.0
2017-01-25,138.31834794241507,139.31603275943016,137.9141084857689,138.67958068847656,3605800.0
2017-01-26,139.2128146094286,140.69215607836975,138.6881642847017,139.97828674316406,4202400.0
2017-01-27,140.62337515527707,140.88140232160774,139.86649896705555,140.1847381591797,3110400.0
2017-01-30,140.14171925161452,140.5889654260895,138.73978183144038,139.41064453125,2784600.0
2017-01-31,139.00637139099055,139.4966241579733,137.62163961556897,139.41921997070312,3037000.0
2017-02-01,139.97826039965065,140.9673488488064,139.35900068622732,139.94386291503906,3718500.0
2017-02-02,139.78050661295129,140.40836269182284,137.83671322331,138.26675415039062,4714000.0
2017-02-03,138.58499860871967,139.3332656505578,137.79372484778335,139.22145080566406,2762300.0
2017-02-06,138.911824463114,139.78911168537144,137.80232457445976,138.05174255371094,3479400.0
2017-02-07,138.51613952384542,139.0579819889571,137.21740795343706,138.0688934326172,2942700.0
2017-02-08,137.61307647117724,138.15493215940032,137.10563140140314,137.87969970703125,2339700.0
2017-02-09,137.87967079489903,138.73115625158562,137.23460963420393,137.99148559570312,3056800.0
2017-02-10,137.71624686731198,138.98056773403096,137.6990546862889,138.2581024169922,1905900.0
2017-02-13,138.20653710765592,139.35044739842797,138.20653710765592,139.32464599609375,3275800.0
2017-02-14,138.86023124916892,140.62340191011262,138.68821748015694,140.30517578125,2969400.0
2017-02-15,139.83206327427263,141.8188496018577,139.83206327427263,141.30279541015625,4537900.0
2017-02-16,141.72426163400525,141.88767925699617,139.61706409141846,140.7523651123047,3191600.0
2017-02-17,136.75297208537953,137.7506698742058,134.59417203048775,135.56605529785156,12033600.0
2017-02-21,135.56608086492,138.31835295644365,135.48008056443862,138.10333251953125,5419000.0
2017-02-22,138.3957571640187,139.14402408485597,137.30344966983796,138.10333251953125,2725300.0
2017-02-23,138.757026931285,139.84933471679688,138.20657499092954,139.84933471679688,2459600.0
2017-02-24,139.90948748777498,140.27072022413927,139.10961781235514,140.2449188232422,2715700.0
2017-02-27,140.33095842110953,142.30914930968697,140.02992452274492,142.24034118652344,4071800.0
2017-02-28,142.31774540365458,143.42724522062383,141.8274924475421,142.24034118652344,4382100.0
2017-03-01,143.39283783265333,145.00979580597328,143.07461176829824,144.442138671875,3514200.0
2017-03-02,144.7689594795403,144.86355586862567,143.5992478309845,143.9002685546875,1889800.0
2017-03-03,143.90023841391022,144.88073083131445,143.30678005951768,144.66571044921875,2254400.0
2017-03-06,144.00347199089808,145.65484039535295,143.74545798126934,145.0957794189453,2576500.0
2017-03-07,144.88077704041385,145.66345463058644,144.43353082834284,144.75177001953125,2702300.0
2017-03-08,144.60937353873848,145.42950770755274,143.99644641257518,144.95469665527344,2048200.0
2017-03-09,145.16179906347708,145.95603521679323,144.80786117241908,145.0409393310547,3631400.0
2017-03-10,145.39492661059103,146.75892288637982,145.08414248227552,146.7416534423828,3716600.0
2017-03-13,146.7502764635427,147.56175581211417,146.37042777929992,146.94020080566406,3130200.0
2017-03-14,146.4653654823345,146.91426551351645,145.46394878621052,145.9473876953125,2522600.0
2017-03-15,146.20642309677055,148.45960479342062,146.14598662754693,148.2955780029297,2807600.0
2017-03-16,148.54596098283955,148.60638428834238,146.94887303739046,147.8812255859375,3138600.0
2017-03-17,147.69987772827486,148.08835452794818,146.40494628088112,146.49990844726562,5622900.0
2017-03-20,146.69847230951945,146.96610256119138,144.96326877740407,145.03233337402344,3928600.0
2017-03-21,145.61075142460376,145.74025249804336,144.22085754180105,144.7733612060547,4953100.0
2017-03-22,145.14459876522773,145.36042074011317,142.98637901637335,144.19497680664062,2999800.0
2017-03-23,143.50430255828792,144.10860127953117,142.2439099643697,142.69281005859375,3947400.0
2017-03-24,143.41797834468835,144.51434415163135,141.88132741541855,142.4424591064453,5243900.0
2017-03-27,141.57057712010354,142.53745528219093,140.98353454117404,142.09718322753906,4383000.0
2017-03-28,142.07990886524607,143.3662124399342,141.44107114584648,142.74464416503906,7327100.0
2017-03-29,142.14893024191983,142.41654727308503,140.49141973717042,141.09571838378906,5900400.0
2017-03-30,141.2770223976954,143.24531723804347,141.1130088049368,142.433837890625,2993800.0
2017-03-31,142.13162854076438,142.5287465171007,141.3633033274507,141.58775329589844,3496100.0
2017-04-03,142.11440741874662,143.42660832302303,141.79499520646038,142.95179748535156,3473700.0
2017-04-04,143.19354924284048,143.69425776880016,142.26119679857695,142.41659545898438,2886000.0
2017-04-05,143.09856828188086,144.39349986692002,142.63239870726588,142.7618865966797,3541600.0
2017-04-06,142.83096987933047,143.32305026892368,142.3043637722856,142.7360076904297,2923600.0
2017-04-07,142.4079305428364,143.73738767185094,142.11440274292727,143.32301330566406,2927800.0
2017-04-10,143.46973611894032,144.16899681020485,142.68414141798272,142.85679626464844,3234900.0
2017-04-11,142.34747371612113,143.16759419717434,142.09712613998892,143.15896606445312,3172900.0
2017-04-12,143.5819643879629,143.66828522294617,142.0971090299612,142.9258575439453,2978700.0
2017-04-13,142.39930241810646,143.00360116905318,142.15758291772775,142.40794372558594,1979800.0
2017-04-17,142.43384336190582,144.53162616467773,142.4079457845426,144.32443237304688,4396700.0
2017-04-18,146.8107057394492,146.9574630693067,144.77334621854322,145.5416717529297,5526200.0
2017-04-19,146.40493428697766,147.7861996534634,145.6279807512812,146.11141967773438,4703400.0
2017-04-20,146.34454708771813,148.64952386279725,145.35175824431576,148.08837890625,3652100.0
2017-04-21,148.59768965689264,149.0206921243133,147.16462916764573,147.7602996826172,2982300.0
2017-04-24,149.05524171627732,149.48688552073352,148.226479815723,148.77035522460938,2830300.0
2017-04-25,149.78036684571168,150.850847984944,149.51274985408372,150.2465362548828,3394700.0
2017-04-26,150.2897240765431,151.6364505259256,150.19476192061373,150.5400848388672,2817500.0
2017-04-27,150.2725270830054,151.99910283712842,150.22936005460681,150.75596618652344,2438600.0
2017-04-28,150.73867985118062,151.0753615586022,150.13438103949144,150.97177124023438,2010800.0
2017-05-01,151.07534087343655,152.05948828136025,150.28974593944085,150.7213897705078,2709700.0
2017-05-02,150.99765146257516,151.3947564191552,146.99199714918228,150.33291625976562,4951000.0
2017-05-03,149.99622874689115,150.47103958754124,148.3646156200929,148.95164489746094,3622200.0
2017-05-04,149.3918887241178,150.39330527975682,148.81348774096088,150.22927856445312,2585200.0
2017-05-05,150.6782072518268,150.97173503802614,149.61636722500174,150.3156280517578,2189000.0
2017-05-08,150.15154247215497,150.69541764551636,149.84077171334025,150.59182739257812,2505900.0
2017-05-09,150.29842787288487,150.87682918213193,149.1157144986166,149.55599975585938,1653700.0
2017-05-10,149.38328412706696,149.90126196870523,148.88258889893336,149.68544006347656,1568700.0
2017-05-11,149.1415783403901,150.0912000796747,148.2005979086512,149.62503051757812,1901300.0
2017-05-12,149.0380179424339,149.68548384750807,148.07113973946258,148.3214874267578,2335400.0
2017-05-15,148.30420777990147,148.48550401685202,146.95748089761744,148.0797576904297,2831400.0
2017-05-16,147.3373270737402,147.6222136281357,144.38488438190467,145.1359405517578,4343700.0
2017-05-17,145.13588178352072,147.0955479820971,143.86684817903551,145.77471923828125,4442300.0
2017-05-18,145.24816300463138,150.19479809199802,144.9201094464661,148.01068115234375,3908000.0
2017-05-19,148.74444915663864,149.3055808013009,146.97470702487823,148.9947967529297,3877300.0
2017-05-22,149.1156524557373,150.98898482876905,149.00343403347028,150.8163299560547,3480300.0
2017-05-23,150.591910685876,151.52426299616334,149.96171434407327,151.26527404785156,2471500.0
2017-05-24,151.46381127983048,152.02495614011534,150.66096011091477,151.5846710205078,1612300.0
2017-05-25,152.2148900257415,154.2954033227956,151.88683649214457,153.7083740234375,3212200.0
2017-05-26,153.3889670210615,154.43355103490325,152.80193765129843,153.23358154296875,1583600.0
2017-05-30,153.26810352775257,153.73428629613628,152.14583997490658,152.44798278808594,2285700.0
2017-05-31,152.70697127316126,152.71559940857622,151.0062933328819,151.23074340820312,3320400.0
2017-06-01,151.74870945786296,155.02920532226562,151.2393728809969,155.02920532226562,2890600.0
2017-06-02,155.3227147474193,155.3227147474193,153.95871865914194,154.86517333984375,2610100.0
2017-06-05,154.986029575031,155.66803419008318,154.66661736222565,154.847900390625,2640600.0
2017-06-06,154.69258301077613,156.3069273991572,154.07964271820026,156.09974670410156,3443900.0
2017-06-07,157.11831919959695,158.38735283156527,155.0895883804037,158.16290283203125,3783600.0
2017-06-08,158.16293946927104,158.6377371485485,156.23779848503827,156.85073852539062,3079900.0
2017-06-09,156.98023152924108,157.46367053151926,156.13421327525427,156.65219116210938,2392200.0
2017-06-12,156.65219538668728,156.96297949263658,152.30121790339737,154.74432373046875,3705600.0
2017-06-13,154.70978690380613,156.59174767433646,154.65797857926532,156.29823303222656,2458500.0
2017-06-14,156.20328642725568,157.8435278709281,156.20328642725568,157.4291534423828,2039300.0
2017-06-15,157.55048378853104,159.0674760671001,156.1115050812074,156.36289978027344,3078700.0
2017-06-16,156.75303288428003,158.16600753677028,156.3629516714759,157.44651794433594,4473300.0
2017-06-19,158.02727785112722,158.6514129638672,156.69231704944045,158.6514129638672,3887100.0
2017-06-20,158.41733590557752,158.9981256455826,157.957905018303,158.86810302734375,2742600.0
2017-06-21,159.05880785778336,160.46310500946052,158.38266380496677,160.29840087890625,2866300.0
2017-06-22,160.2810601637107,163.540434805971,160.1770420715952,161.66802978515625,3841300.0
2017-06-23,161.46868151160743,161.46868151160743,159.62228073771823,160.58448791503906,3438500.0
2017-06-26,160.4804940116325,161.1392975047797,158.97216508730344,160.47181701660156,2327400.0
2017-06-27,160.99191283228436,161.92811550028478,159.69163355347123,160.0210418701172,2682800.0
2017-06-28,160.95717706746376,161.50329841319908,160.44573723133217,160.97451782226562,2451200.0
2017-06-29,161.0785476723987,161.31258833807303,159.78693260726743,160.60177612304688,2193600.0
2017-06-30,160.49778808513085,161.39932239003025,160.30707941398381,160.73184204101562,2392000.0
2017-07-03,161.48599765741827,162.56089986033322,161.00923921280045,161.79806518554688,2087000.0
2017-07-05,161.3559682682518,163.2803824065231,160.99189170521709,163.18502807617188,2587400.0
2017-07-06,163.07236433228843,163.13305038468712,161.36466305046864,162.0494842529297,1844700.0
2017-07-07,162.40487405885494,163.34106342389367,162.11013406025145,162.93365478515625,2252500.0
2017-07-10,162.38749842918708,162.9682880813715,161.36460548759476,162.05809020996094,2612000.0
2017-07-11,162.10148231404156,162.67360836730694,160.44579020252723,161.1912841796875,2664500.0
2017-07-12,161.91944102220106,162.36154444922653,161.59004592756202,161.832763671875,3342800.0
2017-07-13,162.10144849084995,162.3441661790836,160.64514236144802,160.78382873535156,2379300.0
2017-07-14,161.0699497127469,162.2142019926347,160.16842843563595,162.0148162841797,2716700.0
2017-07-17,162.16215997779446,162.3181871330951,161.02657169667992,161.53802490234375,2444600.0
2017-07-18,162.0581434162559,162.2748566364507,159.37957118915807,161.97146606445312,4235800.0
2017-07-19,162.5435432724097,164.1905713210234,162.5435432724097,163.99986267089844,3401600.0
2017-07-20,164.19058497739573,166.3663806502717,163.76582236185686,166.00230407714844,3099600.0
2017-07-21,165.89828981247936,167.30258708799957,165.22214570003456,166.24502563476562,4911500.0
2017-07-24,166.25365754763,166.58306577467596,165.25678232920953,165.47349548339844,2356500.0
2017-07-25,166.54843195065558,166.85182249302218,164.96208974650642,165.04876708984375,1960100.0
2017-07-26,164.71935880597349,166.02830166132634,164.1645735900551,165.35215759277344,2683500.0
2017-07-27,164.91004788664233,165.12676104255706,163.3670512746991,163.7744598388672,2631400.0
2017-07-28,163.9305245206278,165.77692511575233,162.62158162638656,165.6988983154297,1925000.0
2017-07-31,166.08030270371626,166.96449614579262,165.69022164098683,166.27101135253906,3767100.0
2017-08-01,167.6493328056791,167.6493328056791,166.10633581932052,166.63511657714844,3336800.0
2017-08-02,166.55713346079258,167.69270876470176,166.55713346079258,167.30262756347656,2463800.0
2017-08-03,167.52794280227857,169.00160292790085,167.31122963405437,168.83689880371094,2886100.0
2017-08-04,168.99295431332817,169.9378207109396,168.6895637631418,168.93228149414062,2892300.0
2017-08-07,168.87155505727347,169.39167191479802,168.082716006639,168.84555053710938,2074800.0
2017-08-08,168.758891551437,169.02762702193493,168.2387878237484,168.94960021972656,1741000.0
2017-08-09,168.9496346203708,169.34839279720305,168.31683567063013,168.8889617919922,2125900.0
2017-08-10,168.3947793363238,168.50747440567883,166.78243299017709,166.9298095703125,2698600.0
2017-08-11,168.0913988343,168.6375070038286,167.00783303276972,167.3199005126953,2210700.0
2017-08-14,168.6895281014023,168.8195507058342,167.21586803985954,167.91802978515625,2322000.0
2017-08-15,168.5768702292341,169.0449649356138,168.00474418922877,168.60287475585938,1595200.0
2017-08-16,168.87159864296927,169.27035676694024,167.15523373353898,167.97007751464844,1881600.0
2017-08-17,167.952708957717,168.37747153826444,167.00784269860617,167.04251098632812,2440900.0
2017-08-18,167.16387476157988,167.47594226876575,165.2481376643154,165.412841796875,2858500.0
2017-08-21,165.46487076217653,166.704463947614,165.46487076217653,166.4617462158203,1930500.0
2017-08-22,166.565712069274,169.00157884376532,166.05427223965862,168.8542022705078,2021900.0
2017-08-23,168.60280302470292,168.68081657138836,167.92665916585818,168.37742614746094,1547000.0
2017-08-24,168.64618168010668,169.09694875094834,168.35145496064618,168.81954956054688,1923700.0
2017-08-25,169.32233926497787,169.50437092456,168.2907824369376,168.4814910888672,1375000.0
2017-08-28,168.68089242389755,169.73845395603874,168.4815199725635,169.11431884765625,2009900.0
2017-08-29,168.88897999218636,170.80471781044727,168.4555534705908,170.53599548339844,2072200.0
2017-08-30,170.2325750051668,170.66600145076333,169.20968171545383,169.7991485595703,1506700.0
2017-08-31,170.7093215707293,172.92847592771585,170.24122686216833,172.41702270507812,2990200.0
2017-09-01,173.18853792554242,173.3619190901005,171.9489446071318,173.15386962890625,2241800.0
2017-09-05,172.67710658303778,173.7520090126913,172.25235709899133,172.7724609375,2700800.0
2017-09-06,172.97180201347436,173.36189635544739,171.31612321692648,171.9662628173828,3040200.0
2017-09-07,172.08809026994973,173.57602654706545,171.47899316009764,172.43614196777344,2684600.0
2017-09-08,172.662415169316,173.0365834466197,171.41811744120872,172.0707244873047,2206000.0
2017-09-11,173.37589154547035,174.39395666791685,172.96692351201057,173.6630401611328,3307900.0
2017-09-12,173.54122342402422,173.56732663700396,171.33976394726022,171.82704162597656,2554700.0
2017-09-13,172.1141886975922,174.68980305544068,172.09678212998867,172.5753631591797,2394400.0
2017-09-14,172.2447313914684,172.6188996275287,171.4964081966707,172.0532989501953,2378600.0
2017-09-15,172.74072859716176,173.77620051100877,171.59213388614117,172.4448699951172,4198700.0
2017-09-18,172.4361304203828,173.0017309881217,171.8618332078431,172.4535369873047,1915200.0
2017-09-19,172.67106188943984,172.81028786153578,167.40669765577263,169.3732147216797,3819000.0
2017-09-20,169.69519823661494,170.40870819993717,168.8598555740716,170.3303985595703,2788500.0
2017-09-21,170.2259623659823,170.66103356701802,169.5907488528002,169.86050415039062,1895000.0
2017-09-22,169.77352122693733,170.43482481534917,163.8043425298176,167.963623046875,5660200.0
2017-09-25,168.1724125452903,170.8176393976151,166.1275727502477,166.84979248046875,3105900.0
2017-09-26,167.33708237392634,169.12087694463906,167.1021402089027,167.6764373779297,2775400.0
2017-09-27,168.11148728533954,170.21723002775886,166.84108698091913,169.23397827148438,3267200.0
2017-09-28,169.02514957269946,171.02647961049112,168.3812394611593,170.63491821289062,2088400.0
2017-09-29,170.39128570703363,170.62621458787143,169.22528483745677,170.41738891601562,2646300.0
2017-10-02,171.06127703077624,172.20987127655232,170.83504480538926,171.8009033203125,2893600.0
2017-10-03,171.85313006821016,173.54120850818805,171.644291105001,172.83639526367188,2533800.0
2017-10-04,173.1844327090896,174.6636720644341,172.66234198258275,174.44613647460938,2286400.0
2017-10-05,173.96752901548288,173.96752901548288,171.03515396016996,172.20114135742188,4069000.0
2017-10-06,172.20118234922154,174.01979012674417,171.8618273311104,172.3404083251953,3361900.0
2017-10-09,172.29688067438872,172.56663595384907,170.35646696583254,170.80894470214844,3365400.0
2017-10-10,170.77416453002633,170.9220871637053,168.52049861176047,169.3993377685547,2499100.0
2017-10-11,169.3558414624812,170.60884880489598,168.4508858141501,169.90402221679688,2935600.0
2017-10-12,169.6865457380101,169.99110103448595,167.70262118007057,167.86795043945312,2954700.0
2017-10-13,164.97029699119568,167.6851503499306,161.84648891324406,167.5198211669922,5435000.0
2017-10-16,167.4849620262906,168.215891543614,166.5104070396139,168.11146545410156,2927400.0
2017-10-17,171.24403849255145,179.78883053102888,170.86987033118058,177.41334533691406,8949700.0
2017-10-18,177.33506342482178,180.8156338030231,177.23063728489657,178.57936096191406,4796300.0
2017-10-19,178.78817795558177,179.0318167898781,176.37787954773532,176.85646057128906,3471800.0
2017-10-20,177.7352981503977,181.17237156758569,177.23932384110086,180.54586791992188,5138800.0
2017-10-23,180.6241919719046,181.38121174103145,179.07533929637978,180.12820434570312,2261400.0
2017-10-24,179.57998998179224,181.18974543049012,179.14491878852485,181.12013244628906,3459900.0
2017-10-25,181.26811313935417,181.98162316846216,180.1804348873486,180.60679626464844,2908300.0
2017-10-26,180.9200390404073,184.20917684699478,180.6241937572865,181.9903106689453,4346000.0
2017-10-27,181.99027715896344,185.14020166705768,181.468199686761,184.99227905273438,4385300.0
2017-10-30,184.65295074532418,185.14022843409,182.19044581065575,182.1991424560547,2477400.0
2017-10-31,182.19910594058777,183.18237104377835,180.8155827921236,182.92132568359375,3749600.0
2017-11-01,184.13954797173787,185.01840037690042,181.79016592351,182.32095336914062,1902900.0
2017-11-02,182.82562696616705,184.02642777138172,181.86846497979016,183.68707275390625,2825900.0
2017-11-03,183.3564025712767,186.0625458922958,182.8169185467859,185.22720336914062,2196900.0
2017-11-06,184.39184726506392,186.14952504926137,184.296131086533,184.57456970214844,2293700.0
2017-11-07,185.1141435840277,185.81024704999214,183.5043744450092,185.07933044433594,1845800.0
2017-11-08,184.5398020236403,185.27941509820403,183.33900126134708,183.39991760253906,2261100.0
2017-11-09,183.2432868503108,184.26135187626005,181.97288636759924,184.0873260498047,1839700.0
2017-11-10,184.00031997483816,184.30486185213553,182.90393204007313,183.6609649658203,1384700.0
2017-11-13,182.9996394921278,185.81019562622734,182.67769106435375,185.0444793701172,2662200.0
2017-11-14,184.65298210221297,185.07934351362513,183.5304906210344,184.21791076660156,1993900.0
2017-11-15,183.49567293539732,184.45282181439154,182.39928477864905,182.60812377929688,1816300.0
2017-11-16,183.06058890614747,184.47891219523976,182.64291093391057,183.71319580078125,1919600.0
2017-11-17,183.13018949416534,184.0003319613902,181.99029170915168,182.6428985595703,1887500.0
2017-11-20,182.7298826383212,183.3215730280375,182.36442446632267,182.94741821289062,2040400.0
2017-11-21,183.71316866599352,185.20981465214854,183.38251030614182,184.99227905273438,2327200.0
2017-11-22,184.69643094997514,185.1750119511067,183.39121727997272,183.79148864746094,2257800.0
2017-11-24,184.47023351311532,185.27945976814763,183.60009090220439,184.91400146484375,744000.0
2017-11-27,184.68773650584927,186.42802141992087,184.30487170038228,184.81825256347656,2856300.0
2017-11-28,186.10608402833392,188.22052395157482,184.913979762716,188.07260131835938,2905700.0
2017-11-29,189.43001766265917,195.14686020247072,189.1341724022333,193.93736267089844,4247200.0
2017-11-30,195.42160360299837,199.71715792562588,194.0770522160127,199.2107696533203,6846400.0
2017-12-01,199.83934654663514,200.12746464027407,193.0205916302909,197.9971466064453,3325800.0
2017-12-04,200.16242199240074,202.3538624789663,193.3000090257861,193.31747436523438,5591500.0
2017-12-05,192.9507563115397,195.32553591653055,191.3442916735014,192.15625,3246300.0
2017-12-06,192.96824280602203,193.7889405521316,191.2308079324039,192.0253143310547,2397500.0
2017-12-07,192.59282148636626,192.61028682631365,190.49743364581354,192.2086639404297,2661600.0
2017-12-08,192.55785901892358,195.8581014218436,192.26974092696733,195.4914093017578,2233300.0
2017-12-11,194.26914531956052,196.28597254884886,193.8587964017624,194.49615478515625,1599500.0
2017-12-12,193.30004099821764,195.06366755398818,193.17781024616343,194.251708984375,2294100.0
2017-12-13,193.5968245297935,196.39940474570344,193.15154506439174,195.8755645751953,3059400.0
2017-12-14,196.44305730270128,198.16302647019006,192.95946229056028,193.16900634765625,2811700.0
2017-12-15,195.3517410613436,195.3517410613436,192.62773445465996,193.6667022705078,6293400.0
2017-12-18,194.34773528330916,196.27723583368277,193.9897690613686,194.40884399414062,3194100.0
2017-12-19,194.68823232786403,195.38668609467075,192.81984052513752,193.85879516601562,2340200.0
2017-12-20,194.7929387362325,196.34702054438816,193.58808370571833,194.1555938720703,2633200.0
2017-12-21,194.80172140551338,195.5176538267159,193.273830495151,193.55322265625,2955300.0
2017-12-22,193.8238432450728,194.12942670517475,190.72440524947174,192.0776824951172,1959700.0
2017-12-26,191.2832207450013,192.44441951305703,191.2832207450013,191.72850036621094,1482400.0
2017-12-27,192.06019374658115,193.33489680041677,191.42284888073715,192.44435119628906,1861900.0
2017-12-28,193.35242141424513,194.5136068039315,192.20867472118226,194.49615478515625,1452600.0
2017-12-29,195.52642862565094,195.52642862565094,192.47938537597656,192.47938537597656,2350200.0
2018-01-02,192.96823863413636,194.21673724318106,192.07769287333977,193.09046936035156,3485000.0
2018-01-03,193.49205216193283,195.40410015382668,192.53167182353903,195.11598205566406,2417600.0
2018-01-04,195.8668665006455,197.4034966309424,195.71844442163282,195.96290588378906,2749100.0
2018-01-05,196.60900779923756,199.9790991970701,196.19865888203412,199.69970703125,2432800.0
2018-01-08,199.17579464645155,199.68218277218736,196.10254854501716,196.23350524902344,2850800.0
2018-01-09,196.23350583870302,197.86617491238673,194.95881617538834,197.21136474609375,2672200.0
2018-01-10,196.29471974289015,196.45186786173775,194.72317194364825,195.7446746826172,2311600.0
2018-01-11,195.7271363055456,197.246300831639,195.30806148950708,196.7835693359375,2543600.0
2018-01-12,198.5820956272923,200.7211395261283,197.77013740811194,199.62106323242188,3943800.0
2018-01-16,203.75078773491163,205.17391318305684,201.89986137694424,203.34043884277344,6852600.0
2018-01-17,204.88575613338804,208.63127814899835,204.16983720186792,208.1685333251953,5124800.0
2018-01-18,208.89322649666659,212.9443193065786,208.2733468291859,212.29824829101562,6234200.0
2018-01-19,213.18875630477515,213.33719168974105,210.47348916941235,212.464111328125,4293600.0
2018-01-22,212.67368280516902,212.8570355779569,210.72671695621986,212.64749145507812,4012200.0
2018-01-23,212.14977348602895,215.6333551367069,211.6433853453727,214.0880126953125,3300000.0
2018-01-24,214.78652115269117,215.92152842560577,212.77844673386227,213.7737579345703,2733300.0
2018-01-25,213.68642569856976,214.94366359316143,212.94430203735536,214.0618438720703,2420500.0
2018-01-26,213.90472054007282,217.1700463761283,213.43326293613913,216.93431091308594,2615300.0
2018-01-29,217.64150637255597,218.9598531339944,216.0001107664635,216.00885009765625,2564700.0
2018-01-30,203.3230279806577,211.93160380491807,202.64202613291357,206.61453247070312,11565500.0
2018-01-31,212.01879985320522,215.65081680727462,205.8373902262257,206.72793579101562,5187400.0
2018-02-01,205.40094519565008,207.63604280969906,204.15244628344004,205.36602783203125,4268300.0
2018-02-02,203.4277359347765,206.30890395793938,201.8474625210761,202.44989013671875,3959900.0
2018-02-05,201.49825215908663,203.52380540847201,182.01982742445477,192.09518432617188,6290000.0
2018-02-06,185.26765530178582,197.76143349774685,183.53023385928677,196.60023498535156,7064800.0
2018-02-07,194.11195661084085,200.18858841137745,193.396024326271,197.1590118408203,5589200.0
2018-02-08,196.73120293324854,197.8662100876929,188.8123575198234,188.9869842529297,4902400.0
2018-02-09,190.33152397634527,194.9413873444958,185.10176767294806,192.9158477783203,6225300.0
2018-02-12,194.20797559886998,199.06229972374757,193.95477486250294,197.0454864501953,4912000.0
2018-02-13,194.8278535615435,198.29398323943673,194.16431736376032,197.87490844726562,3536800.0
2018-02-14,196.3994173908669,200.23223950320323,195.50014571755474,199.74331665039062,2878400.0
2018-02-15,200.17114468955856,200.80848964387857,193.5968504204679,197.33363342285156,4662700.0
2018-02-16,197.30743554966222,201.28867986369923,197.05423478460557,200.25843811035156,3621700.0
2018-02-20,198.98379148414617,199.71717594933216,196.97570355333997,197.89244079589844,3172300.0
2018-02-21,197.4471579211332,200.24102629452995,196.53916002528547,196.55662536621094,3371900.0
2018-02-22,197.5780946203219,200.66879333446593,196.51293548037324,198.267822265625,2767900.0
2018-02-23,198.97504120792615,201.08790774765012,197.23761953397917,200.94821166992188,2393900.0
2018-02-26,202.24035733350678,204.7460939920062,200.54657910862474,204.35321044921875,3307000.0
2018-02-27,204.65003377293496,205.95092832258476,202.93880370501296,203.00865173339844,2899500.0
2018-02-28,204.66754270924542,204.9556608919051,197.39478006594578,197.45590209960938,4368600.0
2018-03-01,197.05425645489743,200.18861209780454,194.4699457629171,195.96290588378906,3514600.0
2018-03-02,194.88029792671534,197.15903849046722,194.33897897526325,196.60899353027344,2613600.0
2018-03-05,195.0199627178501,200.31082775694003,194.51357449229982,199.39410400390625,2627300.0
2018-03-06,199.86557283965146,200.06637761076342,195.47397928972936,197.47332763671875,2652800.0
2018-03-07,195.875564478167,198.90515408972934,195.35171098577067,198.42495727539062,3242200.0
2018-03-08,199.66011513780373,199.71268463902527,196.14747533319633,196.8570098876953,3500900.0
2018-03-09,198.06585170205642,198.4250031076442,194.90359508534715,197.47018432617188,4834600.0
2018-03-12,198.15344924051251,198.84546060109778,195.14010620117188,195.14010620117188,3117300.0
2018-03-13,195.80579760464926,199.77394518650513,195.48169261012342,198.79286193847656,3343800.0
2018-03-14,198.95931043358004,200.93900021034798,197.11101096884585,197.42636108398438,3048200.0
2018-03-15,197.8205634795454,202.13909476930144,197.67164999020127,201.01785278320312,3330200.0
2018-03-16,201.1755053741394,202.58581923495723,199.5023975370576,199.5987548828125,5690300.0
2018-03-19,199.11700386870334,199.69514804693165,195.93722425470693,197.13731384277344,3407300.0
2018-03-20,197.23364116349043,199.371012624403,196.11239930961128,198.6527099609375,3429100.0
2018-03-21,198.3636341106052,199.23085022921867,195.18386840820312,195.18386840820312,3419800.0
2018-03-22,194.15892575624991,194.1676940188005,188.4213276122441,188.51768493652344,5894800.0
2018-03-23,188.99080378891773,190.72522318194777,186.14389712697576,186.1876983642578,5741200.0
2018-03-26,188.50024479840476,192.1968443342903,188.07101409825114,191.89901733398438,3561300.0
2018-03-27,192.99394316015787,194.42176684567318,189.56889323534247,190.92665100097656,3722100.0
2018-03-28,191.74131692106914,192.6348112013566,190.1207650110266,191.39968872070312,3179500.0
2018-03-29,192.1705537362146,195.64816024517378,187.45782470703125,187.45782470703125,5529400.0
2018-04-02,191.36459607341757,195.33274291939216,188.00962614374893,190.2608642578125,6220700.0
2018-04-03,193.01146376179355,197.18109463977012,192.4420879086493,196.7255859375,4652000.0
2018-04-04,193.3180784753662,201.01785913189016,193.0815625183457,200.41343688964844,4674000.0
2018-04-05,201.00033486002246,202.8573893182648,198.67024852179804,200.65870666503906,3348100.0
2018-04-06,198.53883072664686,199.88783361238035,194.3079023687975,196.18247985839844,3231700.0
2018-04-09,197.6015645128368,198.08335129638144,194.7809364705482,195.10504150390625,3031500.0
2018-04-10,197.44388444653777,199.86157328412332,195.77078977124424,198.66148376464844,2737500.0
2018-04-11,196.45400514933084,197.43508831840177,194.1939985352161,194.37794494628906,3482100.0
2018-04-12,196.25257522420034,197.75049180741726,195.70072247565457,196.4277801513672,2664500.0
2018-04-13,197.1811324259292,198.08338173820016,195.4116667700025,196.46282958984375,2496600.0
2018-04-16,198.94180415565788,203.09391212969487,198.27607090775157,201.75367736816406,4510600.0
2018-04-17,209.62863909935183,211.69593140334555,206.7992562253875,208.96290588378906,6180300.0
2018-04-18,209.35707406902986,210.0052974365773,206.9919549850161,207.0795440673828,2940100.0
2018-04-19,206.90436556943826,208.71763211336383,205.67801140899914,206.51893615722656,2734900.0
2018-04-20,206.77296258429786,207.69273483139634,204.53923380313216,205.90574645996094,2842000.0
2018-04-23,206.10724008578944,206.9131452829629,204.1713513849665,205.2750701904297,3051700.0
2018-04-24,206.6853786551034,207.88546815280426,203.71583715668262,205.16995239257812,2771200.0
2018-04-25,204.49543913203803,205.94079938558446,201.85877108103392,205.76559448242188,3118800.0
2018-04-26,206.49262852314067,208.3409277642797,205.26627453832344,207.6313934326172,2252800.0
2018-04-27,208.15698601201547,210.70605137799814,207.73651032244086,210.3907012939453,2301800.0
2018-04-30,211.10901611144854,211.10901611144854,207.0795440673828,207.0795440673828,3446900.0
2018-05-01,207.60516046627922,208.0343911373243,205.29259718814063,207.47377014160156,2633500.0
2018-05-02,206.1860742724672,206.91313186289136,203.97862343845412,204.50421142578125,3542700.0
2018-05-03,203.19900162413012,205.67800125183476,200.86891546810642,205.10861206054688,2731600.0
2018-05-04,204.18887780799145,207.29856465783413,203.36546279888896,206.64158630371094,1999900.0
2018-05-07,206.62407536757377,207.59640386097564,203.77716918203998,204.78453063964844,3237800.0
2018-05-08,204.73199568101418,204.73199568101418,202.04275760571093,203.25160217285156,2698300.0
2018-05-09,204.1451139094285,204.46921901286157,199.92292583235567,200.78138732910156,3504200.0
2018-05-10,201.60475234196136,205.23127232362754,200.91274102314182,204.7232208251953,2169000.0
2018-05-11,204.6093331168342,209.18190337226918,204.05746704130496,208.7263946533203,3044900.0
2018-05-14,209.26947703063178,213.44786265237568,209.1994111094298,212.7733612060547,3893600.0
2018-05-15,211.86236675425252,212.1777168789097,209.06801685975722,209.79507446289062,2396600.0
2018-05-16,209.926464280919,211.81856502437373,208.98042727544959,211.73973083496094,1906100.0
2018-05-17,211.53826441499507,213.35151763009014,210.70608118224368,212.82594299316406,2418700.0
2018-05-18,213.18508982562827,214.4026891627901,212.32664185999656,214.29757690429688,2283600.0
2018-05-21,214.61290285450772,218.26570045424378,214.47274428147654,217.15321350097656,3040700.0
2018-05-22,217.24082898082142,217.284630208303,213.59678606098313,214.7705841064453,2644100.0
2018-05-23,213.76322155628688,215.050900113026,211.66965120999978,213.96469116210938,3047800.0
2018-05-24,214.23624758501424,214.99833812654353,212.1601870932072,212.62445068359375,2610400.0
2018-05-25,212.8171952156468,215.12100369308774,212.37045472631337,214.5691375732422,1554900.0
2018-05-29,213.6142890054716,213.6142890054716,210.4432782565753,212.13389587402344,2837800.0
2018-05-30,213.50917075277025,215.26986760474517,212.5368424336184,214.56033325195312,2071900.0
2018-05-31,213.92093434351935,214.39395291414698,210.82874368583734,211.55580139160156,2966100.0
2018-06-01,213.50920021501668,213.50920021501668,211.3630603321449,213.16757202148438,2371400.0
2018-06-04,213.7369370596639,214.8231459778854,212.63321834407736,214.28880310058594,2188900.0
2018-06-05,214.69174579721485,214.70926896112286,211.9061642174403,214.1136016845703,1531900.0
2018-06-06,215.7691951415925,217.871520312067,214.72678745498996,217.81019592285156,2650300.0
2018-06-07,218.78251474165052,218.99275259599514,217.45980332782318,218.09925842285156,2117200.0
2018-06-08,218.5197978118433,220.30677331262794,217.30219828723108,219.58847045898438,3034600.0
2018-06-11,219.72859778516377,223.36388603981473,219.34316834454933,222.303955078125,2775200.0
2018-06-12,221.79584989428156,222.44407323259506,219.14165888901798,222.12872314453125,2567200.0
2018-06-13,222.61929244762203,224.88806773080736,221.16517722921182,221.50680541992188,3138300.0
2018-06-14,222.90840734667327,224.23988740290415,222.19887276548613,223.6617431640625,2456600.0
2018-06-15,223.52104461945802,225.0242462158203,222.0178296095573,225.0242462158203,4772200.0
2018-06-18,223.28370607717343,224.1715616543542,221.6486358819565,224.04849243164062,1961900.0
2018-06-19,222.378239271569,222.66833385113262,220.7871254310992,222.4221954345703,2370200.0
2018-06-20,222.68591341812802,223.0463217532161,221.42005107122515,222.23757934570312,2580400.0
2018-06-21,222.36070589598552,222.97605208066255,220.57619525365172,221.42889404296875,2150300.0
2018-06-22,221.73653847727283,224.25946413883716,220.81351264070045,223.60894775390625,2604000.0
2018-06-25,223.60015461312008,224.27704199306146,218.54550417303386,220.3915557861328,3060800.0
2018-06-26,220.25967514117238,221.93870128354882,219.3630204002562,219.56521606445312,2158000.0
2018-06-27,220.02234536204702,221.3145788709369,218.12356503841636,218.15872192382812,2481000.0
2018-06-28,217.24446872439904,218.0092549635926,212.9370197515928,215.2841339111328,3556900.0
2018-06-29,215.28418188544066,217.56976865899162,215.02047168456497,215.6709747314453,2772600.0
2018-07-02,215.3720655516307,217.77192195484383,214.59847996262314,217.55215454101562,1793300.0
2018-07-03,218.27303421517112,218.6686129428118,216.90168747212843,217.11265563964844,1248000.0
2018-07-05,218.985094159111,220.5849943350993,217.6401183414933,220.20700073242188,2182900.0
2018-07-06,220.65528378562644,221.2882150519387,219.2575661614949,220.43551635742188,1572300.0
2018-07-09,221.63984514725774,223.29248704261914,220.6904482727962,222.9936065673828,2039600.0
2018-07-10,223.44193109576463,225.83300176556347,223.06393756125325,224.63746643066406,2012200.0
2018-07-11,224.2858592173303,225.04185975147453,223.05516691223048,223.8023681640625,1486000.0
2018-07-12,225.2000682649128,225.76268574730565,224.09244527691476,225.08578491210938,1592700.0
2018-07-13,225.38468023600075,227.68783842457879,225.05940193105144,227.4153289794922,2356200.0
2018-07-16,227.05491470361432,227.19556907138167,225.42863043345892,225.90333557128906,3625400.0
2018-07-17,221.12995988567124,221.98265846814354,216.48847348496514,220.02232360839844,6932300.0
2018-07-18,220.743194139822,225.57806410336076,220.15421904714813,224.531982421875,3359800.0
2018-07-19,224.44408334236354,225.48137915494792,221.3937103953324,222.3430938720703,2307600.0
2018-07-20,220.79590898957008,222.88809892201073,220.79590898957008,222.14088439941406,1959600.0
2018-07-23,222.32552666893594,224.36496144947358,221.90356354451617,222.17608642578125,1479600.0
2018-07-24,224.03969010411998,224.12760243397364,221.5343362522117,223.0727081298828,2476500.0
2018-07-25,223.99574720161124,224.40012516392704,222.20245092284762,224.03970336914062,3016900.0
2018-07-26,225.26158099044622,226.68566942476608,224.86600236019487,225.92088317871094,2021300.0
2018-07-27,226.6153620445862,226.6153620445862,224.50558693459453,224.99786376953125,1656800.0
2018-07-30,224.96270111253338,225.8241989650965,222.50130358749385,223.1430206298828,1681500.0
2018-07-31,223.40673431762508,224.33854589202824,222.2727405030397,222.59799194335938,2355900.0
2018-08-01,225.12977431372857,225.12977431372857,222.23762724790961,222.7299041748047,3006700.0
2018-08-02,222.84414902155572,225.30553323060843,221.72772684660384,225.1121368408203,1854400.0
2018-08-03,225.4373839553974,226.4131382231845,223.54737648269855,226.1142578125,1422300.0
2018-08-06,225.48139421444932,226.39563427957185,224.57595343162265,225.7099609375,1398100.0
2018-08-07,226.48347608267278,227.53834337350784,226.03514205850158,226.49224853515625,1462800.0
2018-08-08,226.89667963054183,228.11859945645907,226.72968105944463,227.5120391845703,1494300.0
2018-08-09,228.47901039757093,231.21290430493934,227.95156320880488,229.95584106445312,2315000.0
2018-08-10,228.9888255736928,229.87669443130355,227.77570526485917,228.87454223632812,1625000.0
2018-08-13,229.43717579240607,230.79972300210514,228.82181631423956,229.35806274414062,1635100.0
2018-08-14,229.34052211560757,232.33812638352424,229.30535181369382,231.6173095703125,1941600.0
2018-08-15,230.29867779566592,230.92280973892036,227.84606594747552,229.09432983398438,2017700.0
2018-08-16,229.9382581316093,231.85462355796906,229.83277406440814,231.28323364257812,2115900.0
2018-08-17,231.67878925925805,232.18866466562778,230.07010364719022,230.6063232421875,1969700.0
2018-08-20,231.19538554204118,231.62612121180604,229.9383220135258,230.66793823242188,1786200.0
2018-08-21,230.18440131644,230.77336297949833,229.19984756613295,230.0437469482422,1559300.0
2018-08-22,230.2723577736687,230.2723577736687,228.77792829890421,229.2086639404297,2148500.0
2018-08-23,229.45471669676456,230.80849127058517,228.1712827077795,229.80636596679688,1603500.0
2018-08-24,230.09651120615683,232.7600915235403,230.09651120615683,232.320556640625,2238600.0
2018-08-27,232.95345309247588,235.1071844273689,232.44360450848893,234.7819061279297,2614000.0
2018-08-28,236.06537248139014,236.59281963939463,235.00167888417337,236.03900146484375,2603900.0
2018-08-29,235.93356787080992,236.75109638571462,234.93141537350795,236.46978759765625,2880600.0
2018-08-30,236.8740709585814,237.49822964805855,235.6873217130557,235.93348693847656,2976300.0
2018-08-31,235.83678429111987,236.65431255662048,234.88740095490536,235.99501037597656,2961500.0
2018-09-04,235.5906673564784,236.83015878831208,234.33360418930607,236.03900146484375,2097300.0
2018-09-05,236.08292944766697,236.29389756684012,234.6500417084406,235.27420043945312,2230600.0
2018-09-06,236.03274951764146,238.16726075471865,235.45060274818613,237.84091186523438,2556100.0
2018-09-07,237.8321203976497,239.17280497880895,235.9533800393348,236.63253784179688,2958000.0
2018-09-10,235.30948162963068,235.32711265319668,228.22673607565795,229.0911407470703,4146200.0
2018-09-11,227.49466540131766,230.58179043020846,227.10656752999242,230.24661254882812,2283300.0
2018-09-12,230.3171091977277,233.2895645742405,230.07896929918738,231.6842803955078,2236300.0
2018-09-13,232.998580861941,234.34809456331368,232.34588298160023,234.1716766357422,2734500.0
2018-09-14,234.0922583971277,235.19480297032214,232.22234710780464,234.01287841796875,2084600.0
2018-09-17,235.06254105711312,235.2036700154391,232.33705366108407,232.74278259277344,1940400.0
2018-09-18,231.9136543033344,232.93681900792848,231.09336751246335,232.231201171875,3557000.0
2018-09-19,233.27199501516924,234.2775017692955,232.11653034035663,234.03053283691406,2274300.0
2018-09-20,234.69212025558127,236.3327211653347,234.6744892264276,234.965576171875,2095000.0
2018-09-21,234.70972704037857,236.24446068786378,234.48921809481595,235.21249389648438,5671600.0
2018-09-24,235.5123539699945,237.735074178534,235.21246507089262,235.821044921875,2699800.0
2018-09-25,235.7681432768335,235.79460327241299,232.00186034551652,232.4252471923828,3789700.0
2018-09-26,233.2983988457389,234.17160541115516,231.49023676727793,231.89596557617188,2238000.0
2018-09-27,231.97544750371048,234.1011573060048,231.91369852894175,233.43080139160156,2761400.0
2018-09-28,233.1926318995735,234.78911456325818,232.7251539966868,234.6568145751953,2875100.0
2018-10-01,235.72401791464583,238.1672468758513,235.5211400330302,237.3557891845703,3314500.0
2018-10-02,237.26763012285517,239.41979962756312,235.94457642328533,238.70535278320312,2777300.0
2018-10-03,239.91371084182893,239.97545980116504,237.94676153687294,238.94346618652344,3002200.0
2018-10-04,239.03171151836094,239.5785694297792,235.77699713062563,236.66786193847656,2186600.0
2018-10-05,236.95891018425394,239.03169967938408,236.34150128028926,237.4440460205078,2045700.0
2018-10-08,237.12648556161903,237.84093235896768,234.3127893922703,237.2764434814453,1865000.0
2018-10-09,237.43524614716952,239.87847590058243,236.80017922227094,238.2467041015625,2510100.0
2018-10-10,238.6789014122785,239.4021772544072,231.55203681916166,232.0459747314453,4267300.0
2018-10-11,231.0933552814924,233.21023559520873,225.60709210612114,226.7890167236328,4558500.0
2018-10-12,229.06471269723664,230.55535538303576,226.55970728667944,228.9853057861328,4006300.0
2018-10-15,229.443903696955,231.48140359095206,228.72062811168138,229.54974365234375,3583400.0
2018-10-16,237.87626669647733,240.6282144285741,233.73951612560117,240.41653442382812,6453600.0
2018-10-17,238.3172543347924,239.03170117752416,234.29517325067425,235.76815795898438,3985100.0
2018-10-18,235.81222901419613,236.27970681732887,232.601606428461,235.33592224121094,3132100.0
2018-10-19,235.1683370794174,236.3679195421162,232.76039701920905,234.00404357910156,3336600.0
2018-10-22,235.28306773181964,235.35361875749916,229.38224562292584,231.260986328125,2618100.0
2018-10-23,229.08231721421927,234.19811359949034,228.62366833227713,233.615966796875,4081800.0
2018-10-24,232.86627716771528,234.03054395132324,225.739412921796,226.0834197998047,5265600.0
2018-10-25,227.70635669814837,233.8982380883285,223.48139783990194,233.06912231445312,4675600.0
2018-10-26,230.65233346359273,231.44616020289334,226.7008038730034,227.72396850585938,4830600.0
2018-10-29,229.08233669941083,231.12866619461263,223.4373130209197,226.2598114013672,3697700.0
2018-10-30,226.4097763619659,229.05588381697262,224.01945337240517,227.8122100830078,4169200.0
2018-10-31,230.0966479651536,232.9191729625367,229.52333014563328,230.52003479003906,4230200.0
2018-11-01,231.9048667317364,233.45723145151499,229.1176303453565,230.14959716796875,2771300.0
2018-11-02,233.39546089296925,234.95668135763458,228.94119123690223,230.22015380859375,2593600.0
2018-11-05,231.22566054062088,231.97539629238506,229.39103807147958,230.22015380859375,3287000.0
2018-11-06,229.94674276112954,232.86627909218842,229.94674276112954,232.45172119140625,2582400.0
2018-11-07,235.41538822466805,244.10344766229332,235.41538822466805,242.23353576660156,5796800.0
2018-11-08,243.44189509255492,245.20596679612416,242.29525925227412,244.0152130126953,3809100.0
2018-11-09,244.20040035963996,245.20593401670052,241.84538002405185,243.92697143554688,2904300.0
2018-11-12,243.4418819299819,245.02073355623745,239.91373871360534,240.24891662597656,3140600.0
2018-11-13,240.42525082654723,241.32494436139794,236.50903754591374,237.4616241455078,2516900.0
2018-11-14,237.5233921064519,238.6082787487034,232.2840980954078,233.70416259765625,3511900.0
2018-11-15,232.85743819597275,234.55095868113978,230.0790309646534,233.68655395507812,3657600.0
2018-11-16,233.73060846486905,239.73726883572525,233.66888642933074,239.128662109375,3857800.0
2018-11-19,239.45504714075415,240.1518359212264,233.01617076702215,234.6655731201172,3670800.0
2018-11-20,234.28628015879323,235.30944463421716,229.68205347818005,230.6522979736328,3617700.0
2018-11-21,231.61375246433676,233.4131128388298,229.72621005344962,229.81439208984375,3234300.0
2018-11-23,229.3293306569503,231.92251831855606,227.8122278543619,230.7582244873047,1159300.0
2018-11-26,233.4042765390596,236.6501613701714,232.4164008876423,234.7626190185547,3879800.0
2018-11-27,234.24222366164722,239.29627091668678,233.76591685413803,239.16397094726562,3497300.0
2018-11-28,240.63702761451464,249.0869192333406,240.63702761451464,247.8079833984375,5044300.0
2018-11-29,247.34932643877428,251.77716398181403,247.24348643525303,249.21923828125,4177800.0
2018-11-30,250.4049329300871,250.9801098812981,246.9363188745447,248.96261596679688,6143200.0
2018-12-03,250.41378317479817,253.53731797665733,250.15716785010943,253.36033630371094,4178800.0
2018-12-04,253.2010798358464,254.7849767645794,245.02503386373718,246.47618103027344,4635500.0
2018-12-06,241.5829016137017,245.05154221272144,234.70759369866315,244.97190856933594,6694600.0
2018-12-07,242.23769062934304,244.59140600481595,236.5038257820822,238.18504333496094,3506900.0
2018-12-10,237.66297686239935,238.02577031036833,230.26560900704968,235.84017944335938,4061300.0
2018-12-11,238.53900301003517,240.26447964365738,235.07924656612545,236.4507598876953,3102800.0
2018-12-12,240.63611609723043,242.9455726512994,239.34420949253737,239.47695922851562,3167900.0
2018-12-13,239.6716254717345,241.8483865171781,238.5744147683669,240.81309509277344,2350400.0
2018-12-14,239.2292238949618,239.415062762552,233.34494750438017,234.5041046142578,3360500.0
2018-12-17,230.9824040688559,232.4954975576005,227.1686837002268,228.35438537597656,5806800.0
2018-12-18,229.79667780830775,230.0532661186228,219.62083962194734,223.8415985107422,5065500.0
2018-12-19,223.3106822755595,227.01822406749167,219.08107967091757,221.48788452148438,5468500.0
2018-12-20,219.88627761957858,220.33754841923488,212.40926202663783,214.52406311035156,7311700.0
2018-12-21,213.01096511036113,219.00143231209006,210.10864417845033,210.8961639404297,12209700.0
2018-12-24,209.03797215467293,210.5068199432004,205.78170150504351,206.11795043945312,3091000.0
2018-12-26,205.9055789124947,215.34697203146672,205.1180591791013,215.32928466796875,4159300.0
2018-12-27,211.5686539647007,217.64759826660156,208.15311606178054,217.64759826660156,4295800.0
2018-12-28,218.30237239711244,221.0277112864127,216.62114141788635,217.88648986816406,3312700.0
2018-12-31,219.49693219016672,221.46130960772135,218.5058997999783,220.43487548828125,3123200.0
2019-01-02,216.78929586164028,217.98385452527322,213.66576137283937,215.4531707763672,4063600.0
2019-01-03,215.444318278955,215.444318278955,208.94064736271812,209.57774353027344,4623200.0
2019-01-04,212.18807413762931,215.42664427322703,211.30321979468826,212.02879333496094,5367600.0
2019-01-07,212.71896788768998,214.11703929907006,210.7988356808024,212.43582153320312,4133000.0
2019-01-08,214.42674676343532,216.603480807064,212.10843278964074,215.2761993408203,3618600.0
2019-01-09,216.5769088469653,218.23159538001897,214.18780521046313,215.58587646484375,3425400.0
2019-01-10,214.2055481300187,216.91320034976934,213.61269732061893,216.67428588867188,3374100.0
2019-01-11,215.417739370962,219.23145858396336,215.25847210537904,219.15182495117188,3967100.0
2019-01-14,218.19619621567364,221.14276235265407,217.77146997574422,219.49693298339844,4955500.0
2019-01-15,221.21356649949936,227.33676990179356,218.55900370150536,227.29251098632812,5325600.0
2019-01-16,228.9382933875988,231.99988077686814,228.44277729003852,231.3539276123047,6069400.0
2019-01-17,230.93807416008679,231.60171476739333,228.1950479194375,229.85855102539062,3583600.0
2019-01-18,232.3627305756202,235.60130035885646,230.433754798751,234.92880249023438,4844800.0
2019-01-22,233.6546222698541,236.6985231957253,233.37146241544514,235.09693908691406,4052700.0
2019-01-23,236.91974182061554,238.44169231600353,233.30954811255674,236.27378845214844,2971100.0
2019-01-24,236.0791196155892,237.2825355216615,233.8316091059427,235.4862823486328,2927300.0
2019-01-25,237.84885198181715,239.27348160807497,235.1058249439782,237.18521118164062,2809100.0
2019-01-28,236.16760190528518,236.19414645353788,234.14127804329752,236.0525665283203,2837300.0
2019-01-29,235.37124427681252,237.53914811764832,234.8757280280975,236.55694580078125,2173000.0
2019-01-30,238.63631226480464,241.06966112011045,236.42417694179937,239.23800659179688,3659000.0
2019-01-31,239.3353282391861,240.45022595678898,238.0168773693733,239.0875701904297,4055100.0
2019-02-01,237.55680159282866,238.370879315931,235.3977552441729,237.77801513671875,3946800.0
2019-02-04,237.41524253503331,237.75149147185397,233.8404237908053,237.32675170898438,3398900.0
2019-02-05,239.016799982114,240.75996374727342,235.22962527958566,235.6455078125,3597000.0
2019-02-06,234.61026444582612,238.8486967819444,234.46868452802474,238.4682159423828,2570000.0
2019-02-07,237.70728326987708,239.42387584911927,236.4861799579903,238.02581787109375,2458200.0
2019-02-08,236.69855247747623,237.7603885610635,230.34530435352744,231.7433624267578,4547000.0
2019-02-11,231.09739462616153,231.1062248061416,226.8235335085965,227.53143310546875,4856200.0
2019-02-12,229.37188311250603,233.60148467148957,227.33672946415828,233.1590576171875,4327900.0
2019-02-13,233.17678717298742,235.6278507796643,232.84939541413684,233.42454528808594,3066400.0
2019-02-14,232.92902394823417,236.31803084512725,232.46005227624218,234.7783660888672,3015300.0
2019-02-15,236.9551126869905,239.9105224609375,235.91982139617454,239.9105224609375,3673700.0
2019-02-19,239.94595066304086,241.1139378077808,238.27356308650204,239.27345275878906,2486700.0
2019-02-20,238.21159357569636,239.43269670229358,237.30019482236193,238.47706604003906,2802800.0
2019-02-21,238.44165219170466,238.85753472812394,234.5748438230861,235.7251434326172,2554300.0
2019-02-22,235.81364545178263,237.48603285968252,235.32698644084854,236.3533935546875,3191100.0
2019-02-25,236.76923302058975,237.29132066929793,233.93771628423949,234.13238525390625,3679100.0
2019-02-26,234.18549251907095,234.8668204640038,232.53964982889968,232.69894409179688,3212900.0
2019-02-27,231.48675011451002,231.48675011451002,220.27565981940126,221.28439331054688,8952900.0
2019-02-28,220.94806584260857,222.93898756556283,211.61285239684037,214.32936096191406,11034300.0
2019-03-01,215.51511532464113,219.44387065307373,215.51511532464113,217.806884765625,6921300.0
2019-03-04,219.55005204617157,219.84205559529775,207.50718407440718,208.84332275390625,8646300.0
2019-03-05,209.2945454974957,215.19652090206634,207.88763067654727,213.6303253173828,6924500.0
2019-03-06,213.90468893919837,213.90468893919837,209.73701913636225,211.54212951660156,4878700.0
2019-03-07,212.63045718085232,213.4091196598129,208.42739992416344,209.44497680664062,5033500.0
2019-03-08,208.86764811842548,212.65152327812166,208.41465489724328,210.76846313476562,4921700.0
2019-03-11,212.47388958048055,216.74628145984494,209.99571579650748,215.9735107421875,4539600.0
2019-03-12,217.57235968407554,219.81958487806386,216.49760687999796,218.39842224121094,4235800.0
2019-03-13,220.24593430033232,224.50943554032267,219.4642860814421,224.0564422607422,4881600.0
2019-03-14,224.72254555179526,226.55230007826827,224.1363095714683,224.96237182617188,3865200.0
2019-03-15,225.91279435580572,226.26809508450305,222.00458121349394,223.3013916015625,6466200.0
2019-03-18,224.42054994469507,226.77435774561016,222.43090671914007,226.49900817871094,3927400.0
2019-03-19,227.34284051802192,230.27400706011986,226.62337520065913,228.39096069335938,4164800.0
2019-03-20,228.65743691627003,228.8883857888666,222.0312372733878,222.5019989013672,4193500.0
2019-03-21,221.3384149844635,224.68705161504968,220.86765336239216,223.85211181640625,2699700.0
2019-03-22,222.56420028216064,223.12377697832687,219.384329502549,219.47314453125,3777900.0
2019-03-25,219.76628269899797,219.76628269899797,213.86842483065286,219.2688751220703,4110900.0
2019-03-26,219.62414328207913,220.18373353414233,214.70334612003865,216.1866912841797,4416200.0
2019-03-27,215.7869637037735,218.22070935007304,211.54121819983578,214.69444274902344,4819200.0
2019-03-28,215.4760901966535,215.70703907564925,212.18963614585942,215.1563262939453,3601500.0
2019-03-29,216.98606636082374,220.06823073857507,214.83654776525526,219.62411499023438,4294200.0
2019-04-01,221.80031209875875,222.23553689547364,215.89356400520168,218.09637451171875,4809500.0
2019-04-02,218.06971315503756,218.8602386568553,215.66261335265034,217.09266662597656,4057100.0
2019-04-03,218.78030865357485,219.87282965386254,217.25254931907833,218.3628387451172,2851400.0
2019-04-04,218.04305292188437,221.26733742793542,217.2969417554162,219.7395782470703,2255500.0
2019-04-05,221.12522563142636,221.44498950837868,217.76771170009533,220.97422790527344,3343000.0
2019-04-08,221.7736654822663,221.7736654822663,218.78032924500317,220.94761657714844,2195400.0
2019-04-09,219.8995089294742,222.00461353429924,218.46056448709928,220.98313903808594,2903800.0
2019-04-10,220.97423764523523,221.94240675442137,218.07860775372293,218.53160095214844,2753700.0
2019-04-11,218.54934136899945,219.3220983594376,206.67367818865108,209.10743713378906,8223400.0
2019-04-12,210.06677159106337,210.31547535265463,196.09489243831345,198.27105712890625,13979400.0
2019-04-15,200.53605716675943,205.15485889217035,199.32806161826684,204.47091674804688,10021800.0
2019-04-16,211.40799426932796,211.40799426932796,191.6981468200249,196.26365661621094,27361400.0
2019-04-17,198.77733253606684,199.17704757608638,184.8143450444035,192.6041259765625,22101400.0
2019-04-18,192.87061422157575,198.07565207841566,190.2681020698253,196.96536254882812,13927200.0
2019-04-22,198.9639019554107,202.12600465723904,196.74332269251548,201.72630310058594,11191800.0
2019-04-23,202.73882972672553,206.01640596619742,200.82913751865172,204.80841064453125,10261400.0
2019-04-24,204.3731771186008,205.74106118190133,202.29471871696606,204.6041259765625,6104100.0
2019-04-25,202.9875660667373,206.17631425169958,202.63227884876758,204.99496459960938,5954500.0
2019-04-26,206.19405865115172,210.60857026436943,205.35024144179837,210.5108642578125,6186200.0
2019-04-29,210.86619971809662,211.45243589167345,207.9883376902471,210.91061401367188,5345300.0
2019-04-30,211.470145780609,211.470145780609,204.46200016440616,207.02011108398438,7632300.0
2019-05-01,207.02017359181278,208.39692191584408,204.6041822279107,206.0253448486328,4823200.0
2019-05-02,205.0926597715515,207.25994692523344,202.5878538446491,206.46942138671875,5499200.0
2019-05-03,206.81587053770323,207.75739399284998,201.788475747132,206.0253448486328,4323100.0
2019-05-06,202.66783662193325,213.6819184458313,202.07272297627216,213.61973571777344,7180200.0
2019-05-07,212.45608000213832,215.97346890970337,209.97790669816933,211.44349670410156,5104700.0
2019-05-08,211.3991171021329,213.89504568593904,209.20518400424282,212.4205780029297,3768400.0
2019-05-09,210.1556093024811,213.6552305435922,209.32954683796765,211.3724822998047,4299500.0
2019-05-10,213.148901060585,215.50270896982198,209.95126243545525,213.69960021972656,4374400.0
2019-05-13,210.02232544864884,213.26437840104194,209.8002675842385,212.77584838867188,4684400.0
2019-05-14,213.74408499537617,214.05497152516546,209.87139407365666,210.00462341308594,5329700.0
2019-05-15,208.7344034177412,210.9816280383546,206.62040810137873,209.69369506835938,5099700.0
2019-05-16,209.52493785402393,213.57527151611637,209.3739401183178,210.3243408203125,4456400.0
2019-05-17,209.77365924325798,215.34287527367053,209.31177500774123,214.40135192871094,4486400.0
2019-05-20,213.1755667583327,219.16225213733074,212.97127730179048,218.49607849121094,5390800.0
2019-05-21,219.40206744003422,223.10599132908334,219.21554640682314,222.0045928955078,5345300.0
2019-05-22,221.2584975183303,222.97277800488834,220.91208773562312,221.47166442871094,4038000.0
2019-05-23,220.26366034605678,220.4146580861534,217.07491227106473,218.94908142089844,3934600.0
2019-05-24,219.6152569709921,221.48942613682144,218.06972915092268,219.95278930664062,2973900.0
2019-05-28,220.72556995731875,221.4361580038654,214.9342956749723,215.00535583496094,6172700.0
2019-05-29,213.04236270664592,215.866932795445,211.3103001787282,215.30734252929688,3958400.0
2019-05-30,214.88097060473396,217.92761180736696,214.36579468975023,216.2843780517578,2646600.0
2019-05-31,214.9076128511516,216.3909578583045,212.71367991965298,214.77438354492188,3285700.0
2019-06-03,214.4990759546116,216.55088899243853,209.6404475202161,210.12008666992188,4999400.0
2019-06-04,211.51462204374184,214.10825701795193,208.58345468169838,213.8506622314453,4992000.0
2019-06-05,215.99128882577847,218.31845141302088,214.2681172552734,215.63600158691406,3194400.0
2019-06-06,215.95569517237956,216.67516040637383,214.71216313477484,214.7921142578125,2630100.0
2019-06-07,215.75145350672545,219.4553912621116,215.12081665098415,219.1889190673828,2837400.0
2019-06-10,219.46429928089245,221.76481622772292,218.4961299400266,220.40582275390625,2331000.0
2019-06-11,220.74331768598748,222.67077860241477,218.265143969625,218.38949584960938,3043000.0
2019-06-12,218.68259830064386,218.94907046827072,215.21850078150723,217.172607421875,3251800.0
2019-06-13,217.4568248999165,217.91869548448102,215.94682062831896,217.5811767578125,3107800.0
2019-06-14,218.33059021751217,219.5617821064652,216.60870492257385,218.91049194335938,2165500.0
2019-06-17,219.4725951603888,220.45398212880687,218.77670753309525,219.44583129882812,2270300.0
2019-06-18,220.81084054068404,222.45242089608368,218.7142473164698,219.20494079589844,3482500.0
2019-06-19,219.47259602260294,224.26351784779743,219.03543025979783,223.2107696533203,4204600.0
2019-06-20,224.46874042851397,225.55718291932936,220.7216361875514,221.04281616210938,3800800.0
2019-06-21,221.95275586953346,226.15485802982104,220.27548170426346,225.07533264160156,6323500.0
2019-06-24,224.22782323119515,225.3876404132501,221.13200970054123,222.72006225585938,3163800.0
2019-06-25,222.41674814980993,223.9691066135271,220.73947351113247,220.95359802246094,3182700.0
2019-06-26,221.25691458725686,221.3282894191137,216.91207549982173,217.2154083251953,3852900.0
2019-06-27,217.9202198333951,221.39074116807168,216.93884649314953,219.7759246826172,3366200.0
2019-06-28,219.9186852102553,220.14172647314604,212.9151841101432,217.6971893310547,6727600.0
2019-07-01,219.42797851575932,219.62425590437033,214.7619593883777,216.47491455078125,4102700.0
2019-07-02,216.43027660589092,217.6793156153337,213.70917097867735,217.66146850585938,3863500.0
2019-07-03,217.97371981019128,220.82864456984876,217.72390113120085,218.7677459716797,2559400.0
2019-07-05,218.03620055022617,221.93495718574405,217.74178447101886,220.3558349609375,2965000.0
2019-07-08,219.83839203842646,221.23908408033896,218.47338060844163,221.1141815185547,1902500.0
2019-07-09,218.25033349207624,219.54397005014258,217.41169619401234,219.47259521484375,2774800.0
2019-07-10,220.20418069005018,222.2472326323354,219.00866919582026,220.79299926757812,2753000.0
2019-07-11,228.21581298036838,233.47066436084518,222.19369914440492,232.99781799316406,10268800.0
2019-07-12,233.41710451544964,237.77977666944415,233.41710451544964,237.2266387939453,5336100.0
2019-07-15,236.47725408427172,238.7879581803785,235.75460260824556,237.2801971435547,2611400.0
2019-07-16,236.71812714792878,238.33297084430788,234.80890820842023,236.12039184570312,3121600.0
2019-07-17,235.53158097309932,239.71583737382701,235.08549843337755,237.89581298828125,3995200.0
2019-07-18,236.99474969779877,237.7709289767716,229.51840182040203,232.49822998046875,5825800.0
2019-07-19,232.94428139869171,234.3895843080031,228.75109510784992,228.97413635253906,4413200.0
2019-07-22,230.30349432092888,231.02614581837153,227.08276439903213,227.78758239746094,4104300.0
2019-07-23,227.02920800300365,228.48344117709397,224.84340667435592,227.51097106933594,2889300.0
2019-07-24,225.5304069197634,225.5661011468141,218.69643268231772,224.04942321777344,4864000.0
2019-07-25,224.04940730077297,225.49471028639343,221.51564828117543,221.88143920898438,3362800.0
2019-07-26,222.16692995543738,226.5028523578882,219.92758711462312,225.66421508789062,3362600.0
2019-07-29,225.5749940648207,227.76972594236128,225.12891156732817,226.44932556152344,2005500.0
2019-07-30,225.4144161871802,227.55560678002254,223.46057262419873,227.4396209716797,1908800.0
2019-07-31,228.67974243437052,229.4291577773237,221.68515839340094,222.1580047607422,3532400.0
2019-08-01,222.3186036245664,224.45087747891233,220.61456516829722,222.37213134765625,3613600.0
2019-08-02,222.76466602436363,224.4419404676693,219.5617971572909,223.08584594726562,2677600.0
2019-08-05,221.37289459610355,222.98771098619315,216.43029312291327,218.63394165039062,5812400.0
2019-08-06,219.41012077826812,221.5067138671875,217.30462455396696,221.5067138671875,3533000.0
2019-08-07,219.71350129030995,220.4004586103811,215.24374546131227,219.87408447265625,3205800.0
2019-08-08,219.64211821395293,220.96251869049806,217.1262062113212,220.91790771484375,2830700.0
2019-08-09,221.00712678324138,223.4159696902091,219.59750437377534,221.81900024414062,2535000.0
2019-08-12,220.17738679501193,221.22123178890092,216.82285141107965,216.97451782226562,2667400.0
2019-08-13,215.61843555560029,223.4516569575389,215.46676913576354,222.34536743164062,2763400.0
2019-08-14,220.1238590749883,221.62270330243518,216.80500429995277,216.97451782226562,3464300.0
2019-08-15,218.00055313435408,218.81241304969876,215.41326611101562,217.9113311767578,2513500.0
2019-08-16,218.91947591986445,220.46291772636914,217.84886691247536,219.196044921875,2810000.0
2019-08-19,220.8019495012615,221.69411461742962,217.76857993827423,218.3217315673828,2672300.0
2019-08-20,217.87558421130996,218.22352795859985,214.0481893777661,214.26231384277344,3201300.0
2019-08-21,214.28910458679738,215.8057823008416,213.49507831446292,214.43185424804688,2761900.0
2019-08-22,214.4318846902464,214.4318846902464,207.58004972446452,207.82093811035156,4498200.0
2019-08-23,207.78522989365715,209.7480038489455,204.64481879191172,205.7867889404297,4826600.0
2019-08-26,207.44621885884226,209.26622955009356,205.6083610550553,206.1614990234375,2918300.0
2019-08-27,206.73248884466523,207.33915455120692,198.59594785167772,198.89035034179688,4988100.0
2019-08-28,198.43529951589056,204.99271645052656,196.97214974172516,202.83367919921875,4847600.0
2019-08-29,203.78833825351558,207.2499429896257,203.42254731730637,205.7510986328125,4052500.0
2019-08-30,208.4721854907962,209.70337749731084,207.24099348428157,208.7666015625,3384100.0
2019-09-03,206.7503327418074,207.13395717732564,203.8329492285047,205.7510986328125,3382300.0
2019-09-04,206.93765005786673,207.82981497608418,202.0753539762529,202.28054809570312,4526100.0
2019-09-05,205.19795951326597,206.54512382491367,203.03892174677284,204.83216857910156,4256900.0
2019-09-06,205.34961755499734,206.94660053733233,203.9399952135785,204.3057861328125,4183200.0
2019-09-09,204.3058260159319,206.98232155325852,203.91327115898636,205.80465698242188,3895600.0
2019-09-10,206.49160475322884,209.02535030966308,205.93846676068077,207.3927001953125,4257600.0
2019-09-11,207.41945453810894,208.9896601038218,203.9310859731188,208.9539794921875,3168100.0
2019-09-12,209.65872668094357,210.9077519477436,204.93025054802163,205.28712463378906,4713700.0
2019-09-13,208.84577336276624,212.04581515093417,207.5460226712209,209.40151977539062,4523200.0
2019-09-16,208.69341979040541,211.58869868862234,208.09283827189074,210.13656616210938,2973600.0
2019-09-17,208.9174764425383,209.74213723006056,207.21436104603313,208.42446899414062,2392900.0
2019-09-18,206.8827305287327,208.9712796386625,205.47541944602165,206.71241760253906,2960500.0
2019-09-19,207.95836922769232,209.70629244043118,207.2681587414883,208.7202911376953,2666700.0
2019-09-20,210.4413643962328,210.6475262304868,207.88669743688237,208.7561798095703,6220100.0
2019-09-23,205.9594367426363,206.86476770783236,204.65969983535763,205.0630645751953,3281200.0
2019-09-24,205.60984542092515,206.02216894503476,199.81927539048613,201.68373107910156,5006800.0
2019-09-25,201.03836440149541,203.02831186363477,199.11116956122902,199.1470184326172,4658000.0
2019-09-26,199.92688725539583,200.45575734829183,191.31274823824992,193.1503143310547,10444400.0
2019-09-27,195.5704689999063,196.19794044655816,192.73794340261207,192.95306396484375,4834900.0
2019-09-30,191.50099463035662,195.8842550194918,191.03487716324932,194.79965209960938,5286300.0
2019-10-01,196.47583248364782,196.47583248364782,190.10262534227058,194.70101928710938,5523600.0
2019-10-02,193.7508522207594,196.6282130998163,192.9710127567634,194.28868103027344,4921200.0
2019-10-03,193.28471838611537,193.93906618292195,190.9720767497064,193.04269409179688,3375800.0
2019-10-04,194.36936083200587,197.07640893227182,192.8455306999886,197.0226287841797,3700500.0
2019-10-07,196.35034286497344,199.46971444566904,196.29656271872,198.3134002685547,3843200.0
2019-10-08,196.74477536098206,198.97673379668592,195.76771908797429,197.30052185058594,4817000.0
2019-10-09,198.73470710203586,200.31231741381865,197.35428611136462,199.0663604736328,4483100.0
2019-10-10,195.5794531352509,200.9039062087792,194.97888540062644,200.54534912109375,5252200.0
2019-10-11,202.16780286738674,205.134806674575,198.62713501188182,199.05740356445312,5891600.0
2019-10-14,198.66297817021515,200.19576699675994,197.11224439212015,197.73074340820312,4075300.0
2019-10-15,208.57684240773509,214.98589795166126,207.1426414648371,213.8654327392578,13397700.0
2019-10-16,211.80378765387292,212.8704727931881,209.82281269019165,212.43125915527344,5368600.0
2019-10-17,213.95512158450495,219.26164433393458,212.68227446992563,218.41905212402344,6301200.0
2019-10-18,219.11821427738576,220.87511006988274,216.7069705108843,219.91598510742188,4922100.0
2019-10-21,219.6291577595078,220.14905536554923,217.05655980568585,218.6431427001953,3029200.0
2019-10-22,218.3920975749622,225.43758281767845,217.9528703226907,223.6269073486328,5660800.0
2019-10-23,222.64988902741962,225.66170015051273,221.16190790071582,222.12103271484375,3706600.0
2019-10-24,222.32720059633795,222.73953783559512,218.63415142735437,219.17196655273438,2546900.0
2019-10-25,218.63416057953665,220.579286736739,217.0565366529171,219.53053283691406,2815100.0
2019-10-28,219.84421674721762,222.64986580246008,219.53945351524092,221.44873046875,2957100.0
2019-10-29,221.4398125190697,226.9614693079539,220.78546455339944,226.14576721191406,3528900.0
2019-10-30,226.03818181844176,228.8258999788993,225.86786890767368,228.39564514160156,3299600.0
2019-10-31,228.01917234710328,229.2203078532321,224.01238738299097,226.5132598876953,3960400.0
2019-11-01,227.66959241208824,229.76708651425434,226.02922955536627,226.0740509033203,2919600.0
2019-11-04,227.34690186083316,227.52617357825275,224.01239594211847,225.21353149414062,3186400.0
2019-11-05,227.44549161375065,227.9205677952837,224.17372481015838,224.36196899414062,5393400.0
2019-11-06,223.83309906086026,225.87682650030476,223.27733901851747,224.5591583251953,3668600.0
2019-11-07,225.8410172443046,230.1436073816938,225.22251811687553,229.88365173339844,3646300.0
2019-11-08,230.1615043938348,231.56881546254496,228.5749352791491,230.34078979492188,2200300.0
2019-11-11,228.619754982713,229.88362951491658,227.07799355184835,227.7592315673828,1765600.0
2019-11-12,227.31104520871236,229.25617143217232,227.1497047621151,228.7990264892578,1892500.0
2019-11-13,228.45836366393686,230.26008042464102,226.95246502922348,227.2930908203125,3289800.0
2019-11-14,227.49931957621513,229.5430338919109,227.2035150406709,229.31895446777344,2101900.0
2019-11-15,229.56990079048978,247.0133257608633,228.89763523084034,241.48269653320312,10136000.0
2019-11-18,241.1241445897911,249.5948736224435,241.1241445897911,244.64688110351562,6985200.0
2019-11-19,246.71751227943227,246.82507258261703,243.40989618093744,245.81219482421875,4002000.0
2019-11-20,244.03735863082878,247.425644830011,243.1320138543569,247.0043487548828,4141600.0
2019-11-21,246.69956063024446,248.9046286065187,245.52531522402992,247.8917236328125,3309900.0
2019-11-22,247.87379917439534,248.985291929939,246.50235082582327,248.15167236328125,2802700.0
2019-11-25,248.9942749184751,253.67333901500572,248.3040781548602,253.37754821777344,4082900.0
2019-11-26,251.62063672564403,253.00105759569414,251.12764294960925,252.2391357421875,2998600.0
2019-11-27,251.8895257964285,252.7141727873786,249.80993601516377,251.5847625732422,2323900.0
2019-11-29,249.28112204453038,251.80889829237907,248.59089792179248,250.86769104003906,1520900.0
2019-12-02,252.57982484778793,252.7770278786355,249.70247697711252,250.6795196533203,2517100.0
2019-12-03,248.26821221468222,249.56796286183717,245.4715352949842,248.20545959472656,3239200.0
2019-12-04,252.43630921740242,252.6335121757879,249.76513783712394,250.37466430664062,2694200.0
2019-12-05,250.30296623623593,253.511994054967,248.7253697539749,252.77696228027344,3357300.0
2019-12-06,254.5046304317494,254.6846050940723,251.14829794740115,252.1201171875,2828900.0
2019-12-09,252.6419296902915,252.73191699649098,249.62756088463755,249.73553466796875,2697100.0
2019-12-10,249.78953062118242,251.589166969375,246.55918667140935,251.5171661376953,2515300.0
2019-12-11,250.41951218770348,252.54309842064677,250.17657104481688,252.3991241455078,2751300.0
2019-12-12,252.87585405504777,255.53930767369988,251.98504301312641,255.19737243652344,2996200.0
2019-12-13,256.42121085287533,258.9766914180582,255.6563598392172,256.880126953125,3599300.0
2019-12-16,259.1206056501415,265.8422476000348,258.30176792721875,262.77386474609375,4663600.0
2019-12-17,262.0630589085318,263.4487867054003,260.2004559968183,261.3702087402344,4409100.0
2019-12-18,261.8470831748326,265.32036807312886,261.8380762059935,263.5567321777344,3621600.0
2019-12-19,265.4463664587137,267.42597746387054,264.2046129609583,265.10443115234375,2905900.0
2019-12-20,268.9557144600616,269.9455201928243,263.2058891592992,263.2778625488281,6608300.0
2019-12-23,264.03364227422895,266.2112143548828,263.47575939562313,265.52734375,2098900.0
2019-12-24,265.6804021152813,266.193277757685,264.1506997789457,265.03253173828125,714000.0
2019-12-26,265.7163386138762,266.58018397150596,265.03249536443076,266.0312805175781,1050600.0
2019-12-27,266.3552142867828,266.8321168703918,265.4553960188206,266.3192138671875,1547100.0
2019-12-30,266.3912049385771,266.8321345921496,264.05169925471563,264.41162109375,1511700.0
2019-12-31,264.2407074915927,264.62762286123007,261.9821542395036,264.5286560058594,2224200.0
2020-01-02,264.5285792758895,266.07626776579355,260.75833860793045,263.19683837890625,2543400.0
2020-01-03,258.4908114876081,262.63898842414216,255.8723367536714,260.5334167480469,2711400.0
2020-01-06,259.1476665644355,262.44100478892483,258.44580939923446,262.3420104980469,3079100.0
2020-01-07,261.5772304062187,262.28806719946647,258.7697738184385,260.7583923339844,2492900.0
2020-01-08,262.29706067965196,267.58799720638854,260.9833335191566,266.2562561035156,3379200.0
2020-01-09,264.80756174887637,267.4260365596713,264.2946586759801,264.74456787109375,2838200.0
2020-01-10,266.40924704163865,266.40924704163865,262.93593365011895,265.56341552734375,2477900.0
2020-01-13,264.8795788292352,264.9515796900855,256.4662700007859,257.213134765625,6994900.0
2020-01-14,256.98814115849166,259.3636474609375,255.7733808234749,259.3636474609375,6056300.0
2020-01-15,260.0654486681655,269.62154110660964,260.04746218969825,266.7151184082031,6081300.0
2020-01-16,268.1458349400202,270.83628268451344,266.2832045967833,270.611328125,3710300.0
2020-01-17,269.954545257416,270.5754221922951,266.2382906200405,268.5688171386719,4632200.0
2020-01-21,267.14700915575276,272.2309759337577,266.35516483332174,270.4223327636719,4962800.0
2020-01-22,271.73615018169005,271.8621379387873,267.5610070796114,270.4764099121094,3117600.0
2020-01-23,269.95451129398776,270.4673868823916,266.9311073662238,269.4595947265625,3169600.0
2020-01-24,268.45179376188054,269.88250159261383,262.3510266627746,263.4757995605469,3678500.0
2020-01-27,259.147687613176,259.2196609994355,252.0121346106825,255.62939453125,4399400.0
2020-01-28,255.46741243532625,259.4805942951261,254.9185090024648,257.2310485839844,4341000.0
2020-01-29,255.5484759711014,257.51908085234913,252.75005337643856,254.5586700439453,3963800.0
2020-01-30,253.60490085266005,253.60490085266005,248.27798948987495,252.83106994628906,4211800.0
2020-01-31,250.30247957841812,250.8513555845742,244.01273071239592,245.155517578125,5532600.0
2020-02-03,247.5670500453908,249.11473884969013,243.68883479315625,246.5682373046875,5646800.0
2020-02-04,249.50163538663412,255.09850672068058,249.14171353234644,252.70498657226562,4290200.0
2020-02-05,256.98819627433073,267.2461227672806,256.8442220038684,266.1033630371094,5761000.0
2020-02-06,267.24597903296444,267.48892003729736,260.9472522544097,263.1607971191406,3044000.0
2020-02-07,263.52972241694926,263.9976454032793,259.96645043166905,260.2453918457031,3425900.0
2020-02-10,257.5549976645268,260.3084394204813,256.8531405004654,258.27484130859375,3147400.0
2020-02-11,258.11294649696924,262.36009098580473,257.25810792368213,261.6582336425781,2992200.0
2020-02-12,265.4464342009243,274.4446184111251,264.55562275140363,273.076904296875,6701900.0
2020-02-13,270.071546922449,275.25448298508417,270.071546922449,271.9251708984375,3565500.0
2020-02-14,271.9341184086357,273.5178076232161,267.52501362016534,268.8477478027344,2485600.0
2020-02-18,269.6485718870329,272.95989676144666,269.0456815215033,271.8711242675781,3241700.0
2020-02-19,272.9779217684291,275.9833121290656,272.4020522334763,274.72357177734375,3021100.0
2020-02-20,272.82499505513556,273.6888131733414,268.0469607565191,271.8621826171875,2885500.0
2020-02-21,270.3684512624142,272.20408859263637,268.6947746630199,271.2322692871094,2987100.0
2020-02-24,258.1489403160036,260.0385371807239,249.82561926612598,249.96058654785156,8790600.0
2020-02-25,252.08409481760458,253.73077770764408,235.76140490413255,237.00315856933594,8171200.0
2020-02-26,238.19987959435613,242.79793750406546,232.79196332081688,236.65219116210938,6806600.0
2020-02-27,232.5310843712165,235.88738944827836,226.8172320057253,228.4818878173828,7604300.0
2020-02-28,221.53526177126218,231.34328943760815,220.72543079676333,229.4176788330078,9961000.0
2020-03-02,231.5592346335004,245.8663399017892,225.24252014576456,245.74935913085938,8866300.0
2020-03-03,247.76500208597164,252.26409408876654,233.25993386260535,235.2125244140625,9188100.0
2020-03-04,260.94729755164514,266.2022329381419,253.93770555957067,260.4254150390625,14533000.0
2020-03-05,253.38885481992128,260.42544096203517,251.8951530520877,254.6125946044922,5908400.0
2020-03-06,247.8279933329228,256.4212479829025,244.66061502200978,255.4314422607422,5361900.0
2020-03-09,237.96597673180003,253.24490371446473,233.26892338096525,246.04635620117188,8070700.0
2020-03-10,251.697118194358,255.4583512344564,245.20043046133858,251.94906616210938,7366000.0
2020-03-11,247.2341418559283,256.6642222379623,245.88441409496252,249.9515838623047,7744600.0
2020-03-12,233.95275570399374,244.95754329069214,224.9545727923017,225.32350158691406,10496600.0
2020-03-13,235.86084485237828,246.91330215619595,218.94329295455773,245.846923828125,9308400.0
2020-03-16,220.4344333594762,222.02496875937177,202.38722141982726,203.3722686767578,10303500.0
2020-03-17,208.59573185509623,224.8083851653989,206.30931770930295,220.7055206298828,9642200.0
2020-03-18,204.01386150212957,209.1650393004075,180.91488563540216,196.1605682373047,12917500.0
2020-03-19,196.08830910624786,204.3482734386226,188.82243796721883,198.6367950439453,8065200.0
2020-03-20,201.69134627182433,210.2405063779104,183.87007802356376,186.69869995117188,9364100.0
2020-03-23,182.58677295850947,185.93956535630008,169.64556712350748,176.0980987548828,10654500.0
2020-03-24,182.67716593020182,199.06154270022824,179.83949802055744,198.6367950439453,8894400.0
2020-03-25,197.99516268163364,223.67877332076938,195.20268316256536,211.9123992919922,10014000.0
2020-03-26,211.4966308843412,233.1225457431777,209.93320623909358,230.8000030517578,7517600.0
2020-03-27,219.54879815664484,227.3749831280014,215.30133511656626,219.10597229003906,4879500.0
2020-03-30,219.27769294228585,229.6252404254807,219.27769294228585,227.08580017089844,5329000.0
2020-03-31,220.0367804002676,230.02284552917752,219.60300055655603,225.36871337890625,5450000.0
2020-04-01,215.70798095500928,222.865410242857,212.7709038636641,214.4698944091797,4548800.0
2020-04-02,212.64440472305978,218.699299938645,204.26695247175624,217.2895050048828,4636800.0
2020-04-03,215.3735655723988,216.2953458005285,205.38750278411894,207.3937530517578,4650300.0
2020-04-06,216.89184471352445,225.28736046854777,212.4817061250069,224.4288330078125,6365900.0
2020-04-07,234.79447221036725,241.03010763780856,222.8021559844333,224.15773010253906,4984100.0
2020-04-08,223.84145335126306,243.24424001735977,222.54913209799093,242.0422821044922,6390200.0
2020-04-09,239.48482191590261,244.3648844692857,236.41219198075274,238.69859313964844,4923300.0
2020-04-13,236.82783004276487,239.44860111824386,233.3214072941103,238.1382293701172,2964900.0
2020-04-14,243.09962607223315,246.77775714520277,241.29219390812733,244.4552001953125,4778900.0
2020-04-15,249.7238746197648,255.74262756118264,244.61788382625707,254.5587615966797,7841800.0
2020-04-16,256.14925965043665,271.11479407715797,253.04952045716803,269.6959533691406,7738900.0
2020-04-17,272.0094922664368,274.72968647431435,259.4568903407651,262.583740234375,5857500.0
2020-04-20,257.8302214931178,261.1830284608084,254.18824630089625,254.97450256347656,4072600.0
2020-04-21,248.47679594938228,253.0405520165598,246.94046728044628,247.7899627685547,3977500.0
2020-04-22,252.66092300828936,256.49269784273685,250.06726233812387,250.347412109375,3663300.0
2020-04-23,252.1909203084447,260.6858430217957,251.7209980370498,257.8572082519531,4420500.0
2020-04-24,259.628574756976,263.7946922371443,256.65534142462786,263.2434387207031,3265000.0
2020-04-27,264.9785290711806,268.27708656238195,262.6469542037973,265.6744079589844,3706200.0
2020-04-28,269.3073550795959,269.53328406875664,258.1193471236807,260.59552001953125,3862900.0
2020-04-29,263.8851198025826,264.5629069253632,258.5531999525543,259.9539489746094,4258400.0
2020-04-30,259.05009108611205,266.59612244052556,258.0288879671403,264.3097229003906,7631700.0
2020-05-01,260.62269479245884,261.1739483658599,252.6790226891824,257.11627197265625,3526100.0
2020-05-04,257.0981419903207,260.215973051937,254.94729361497056,259.8544921875,2894200.0
2020-05-05,262.04149037593606,267.499942878477,259.62858403825595,264.824951171875,2501300.0
2020-05-06,266.68660228844465,269.01817747880904,260.6678503021993,260.966064453125,2579200.0
2020-05-07,263.03566158632174,264.1472425533426,257.1253493179812,257.55914306640625,3162300.0
2020-05-08,261.6167603371347,262.07766436533643,258.1555398702037,259.36651611328125,3200000.0
2020-05-11,258.0651328822275,262.16801115106244,257.79402912008504,260.8937683105469,3490700.0
2020-05-12,263.6772802008174,264.92441303786455,259.9991760253906,259.9991760253906,4214300.0
2020-05-13,257.09815548798537,258.8242563539563,249.02797824353073,251.23304748535156,5474100.0
2020-05-14,249.36236134606483,264.2917680403056,249.1003035504055,262.62890625,5704600.0
2020-05-15,264.25558961548785,271.1147905057773,262.72830742263415,262.9451904296875,12182800.0
2020-05-18,269.74124733440453,270.86184670518827,263.9032202619928,265.11419677734375,4015100.0
2020-05-19,262.74639855925807,266.2618672720271,261.0654999250452,261.2191162109375,3059400.0
2020-05-20,264.6983563538299,264.6983563538299,259.0953348556387,260.2611083984375,3200600.0
2020-05-21,258.4989277566835,262.19512282132405,257.49578867335947,259.28515625,3604900.0
2020-05-22,259.63761385576606,262.29454128719675,257.36930529161816,262.0234375,2922800.0
2020-05-26,267.95176501890313,268.43073334393,264.33690140987915,266.4967956542969,4567800.0
2020-05-27,268.783245099511,274.5489304472324,262.8006215623542,274.5218200683594,5618900.0
2020-05-28,276.4918512867183,279.84462907637345,274.08796402533005,274.7024841308594,4387700.0
2020-05-29,275.380345757087,278.67890370273733,271.88296918456115,275.4978332519531,6251500.0
2020-06-01,274.7477757858632,276.51907930845664,271.6209256086597,276.473876953125,2894000.0
2020-06-02,276.157477208251,278.4348588001274,272.6781932503848,276.81719970703125,2756800.0
2020-06-03,278.2090895047977,280.26051573237163,273.5910845214531,275.9497985839844,4360000.0
2020-06-04,273.98853346065044,275.1543344960533,265.95451481382173,269.37957763671875,4374300.0
2020-06-05,274.72967611049586,284.01987589685285,271.5666699710658,281.8238525390625,5554300.0
2020-06-08,278.92294965846133,285.429689014979,278.2812913719907,279.68206787109375,4635500.0
2020-06-09,280.06161563566644,282.5468349262978,277.73905862504375,279.43804931640625,3061500.0
2020-06-10,279.1940442069098,280.4321308071837,273.6994350700352,276.3111877441406,3296100.0
2020-06-11,274.1512680602902,274.1512680602902,253.7634376384304,256.4113464355469,6638900.0
2020-06-12,262.6650174646473,265.78284831151757,251.86562914509918,257.694580078125,5416800.0
2020-06-15,251.25111718474005,259.3664969480823,247.35610335677055,258.7158203125,4494600.0
2020-06-16,266.99388785853523,268.9188075719128,259.76415902961037,264.788818359375,4245400.0
2020-06-17,266.68662790734084,266.68662790734084,263.18925099621134,264.4273376464844,2538000.0
2020-06-18,262.4662427437636,263.6862649129837,259.0050224471952,263.4151611328125,2926600.0
2020-06-19,267.22712100951077,269.12401914553027,264.0323495748477,264.33184814453125,5172800.0
2020-06-22,263.015813919665,265.92922877296445,259.8119577662591,265.6297302246094,2174100.0
2020-06-23,266.84590727428395,271.6289927236529,264.17753683515826,270.1042175292969,4023400.0
2020-06-24,266.82781390504175,269.65049074145793,259.1857658501277,262.46221923828125,3399900.0
2020-06-25,261.645303416237,269.3599734885811,259.6304120070693,268.8517150878906,3112500.0
2020-06-26,267.8714860660179,269.1784163363462,259.4125713537635,260.3746337890625,5043200.0
2020-06-29,261.79965216380816,265.2757801235169,260.1387132929474,262.9886169433594,2356700.0
2020-06-30,261.90855091513237,269.06050921876437,261.08262398433135,267.6990966796875,2932900.0
2020-07-01,268.497751076307,272.6455276528889,267.9622655033183,270.22222900390625,2303800.0
2020-07-02,272.73628069868124,275.07789781006977,269.7230146437734,270.7032470703125,1971700.0
2020-07-06,275.00530300999407,275.4500221944041,271.6743685058857,274.8328552246094,2395000.0
2020-07-07,272.8815226455084,275.51358125156327,268.60669518507416,269.24200439453125,2075700.0
2020-07-08,269.8772799461973,273.072050556424,268.3615621991,270.7939453125,1987400.0
2020-07-09,267.8352258911659,270.9664580362135,260.9373969877151,264.2592468261719,3061700.0
2020-07-10,267.0547283336981,267.0547283336981,260.5744177516636,264.3228454589844,2391600.0
2020-07-13,265.1032267834289,276.3847879753845,264.81278556562495,272.0191955566406,4263300.0
2020-07-14,270.2948715519495,281.1226337639335,269.296496712644,280.0153503417969,4234900.0
2020-07-15,273.2989548574078,281.9847712830784,271.0662466197188,275.9764099121094,5116900.0
2020-07-16,276.82955315339365,282.1299810897686,275.150472642689,278.7718200683594,3844500.0
2020-07-17,280.53261171002714,282.2389195363938,277.9550077779852,278.2091369628906,3016500.0
2020-07-20,278.44514149687603,280.08791020600705,274.44258580895837,275.42279052734375,2375500.0
2020-07-21,276.84775264578906,278.6357420659894,275.10513256040326,276.92034912109375,2340200.0
2020-07-22,276.6933865499192,278.5539997365938,273.92519297935513,278.3724670410156,1935800.0
2020-07-23,279.72485872550436,279.9971301066982,273.43511283988533,274.9780578613281,2367700.0
2020-07-24,275.3047245611106,276.1669632469127,271.583553891013,272.9994201660156,2415700.0
2020-07-27,270.85753522395396,274.215696974753,269.8954726527967,271.0118408203125,2060500.0
2020-07-28,270.36743223618953,273.5531183278053,269.75023758175774,272.21893310546875,2257400.0
2020-07-29,273.6075599712341,281.1316396979289,272.28245975586333,278.34527587890625,2672700.0
2020-07-30,273.807300889928,278.14566801997165,271.27509334632003,277.0293273925781,2205300.0
2020-07-31,275.4046277485851,275.6768991227841,270.5126063741159,274.80560302734375,3913500.0
2020-08-03,275.5407872495126,276.7388367955377,271.55640140669465,275.5589294433594,2628500.0
2020-08-04,274.01599728478783,280.32385770890903,272.3460015065369,276.36669921875,3594900.0
2020-08-05,278.481448104426,284.04509152703775,276.83867926421703,283.6003723144531,2982200.0
2020-08-06,283.17375585432023,287.02200572436385,281.7215772077742,285.0434265136719,3305300.0
2020-08-07,284.3898770230374,289.52694143942125,284.3898770230374,287.73895263671875,2600800.0
2020-08-10,287.7118149886924,290.8612167212523,286.4229990877405,289.6177978515625,2563600.0
2020-08-11,293.0848475488674,294.582395515853,285.5879950707161,286.395751953125,3018200.0
2020-08-12,288.61942627102684,293.42068171506514,288.29270059293265,292.4949035644531,2915800.0
2020-08-13,291.0517604647766,292.13181632557,288.47415677032876,291.81414794921875,2159500.0
2020-08-14,290.92477062623243,294.00154834322876,289.282001828171,293.7928161621094,1787200.0
2020-08-17,291.75064531559775,293.88350226889474,289.8446626974581,290.8974914550781,2772500.0
2020-08-18,292.23168350322277,292.85793534555233,286.5409626488369,287.5393371582031,2520000.0
2020-08-19,287.50303180596813,289.9717271514553,286.0599381305625,286.2596130371094,2066700.0
2020-08-20,285.7422716475024,286.15070640845454,283.1828376256806,284.380859375,2245600.0
2020-08-21,282.5203751673691,286.150809198149,281.440318827371,285.11614990234375,2488500.0
2020-08-24,287.5393951726554,287.62107659926517,278.17287048261807,280.3057556152344,2922200.0
2020-08-25,283.3553319257625,283.50052488442844,279.3618331122476,283.37347412109375,1879300.0
2020-08-26,282.2480348786536,282.59290276116315,275.5589385414959,280.28759765625,3178900.0
2020-08-27,281.7307635342543,285.6879233796276,277.2653174363791,282.8743591308594,2321000.0
2020-08-28,283.4823549607858,286.64084161398563,280.42371961716117,285.3247985839844,2883500.0
2020-08-31,285.7968015080232,290.03531691572795,283.6639163841206,283.6729736328125,4341600.0
2020-09-01,281.50382510258015,285.64251719713207,281.3586044345946,283.9271240234375,2487100.0
2020-09-02,283.6819813276907,291.5963249506466,283.6819813276907,290.65240478515625,2846500.0
2020-09-03,292.24992180733386,293.9017758389851,284.7440098738149,287.0130310058594,3872500.0
2020-09-04,287.2398309661225,288.46507978327395,278.29988534563483,283.1737365722656,2901000.0
2020-09-08,282.29342941947107,282.6836943699515,275.75863809464084,278.8626708984375,2594500.0
2020-09-09,281.06815528989114,286.18707982662715,279.9245875705427,283.19195556640625,2195600.0
2020-09-10,283.8363174666328,285.38831970644986,275.6587588621751,276.45745849609375,2421200.0
2020-09-11,278.02497120081085,279.2917305959455,270.9346841039952,274.75323486328125,3085900.0
2020-09-14,276.1475979281932,283.5386177027514,276.1475979281932,281.2146911621094,1795500.0
2020-09-15,282.5634803797796,283.8484845978088,278.9180878107793,279.9934997558594,1468300.0
2020-09-16,281.67045164794223,284.5685328334286,279.0548862364542,279.34649658203125,3438200.0
2020-09-17,277.5055664708911,280.13025411110067,275.32743061247277,277.9430236816406,2394100.0
2020-09-18,277.97030099260905,282.8733583636319,276.84021040337774,280.71343994140625,3795400.0
2020-09-21,273.83278430457176,273.88746296951155,265.8038091942938,272.666259765625,4124700.0
2020-09-22,271.9827687813739,273.9695012536688,266.95213654943643,268.17333984375,3163600.0
2020-09-23,268.8477452468671,269.8502339271653,265.95875893348176,266.2413024902344,3709900.0
2020-09-24,266.2868141892046,268.7838991829582,263.9628875663313,266.71514892578125,2869100.0
2020-09-25,265.4301929316245,276.38458950822513,265.4028535950529,275.682861328125,2455800.0
2020-09-28,279.22797755178186,282.5270534582843,275.9835524980553,276.3481140136719,2575700.0
2020-09-29,276.74912461176586,278.41687960742445,274.02417453739525,277.1865539550781,1797800.0
2020-09-30,277.06806357045946,286.63721945697915,277.04072423755497,284.1310119628906,3497300.0
2020-10-01,285.1699158408021,287.22957129163456,281.74323834287935,285.31573486328125,2731200.0
2020-10-02,284.4318060750197,289.25284630302076,281.02334456770643,284.32244873046875,2338000.0
2020-10-05,287.13846402977424,290.1914858493472,285.36132403881953,289.9454040527344,1638600.0
2020-10-06,290.6745537105855,291.9048516756091,285.698571928457,286.573486328125,2434400.0
2020-10-07,287.82194163867644,295.95115049512907,287.82194163867644,294.5203552246094,2596600.0
2020-10-08,294.7572320422886,296.5070321729473,292.53354103622195,293.8276672363281,2056700.0
2020-10-09,295.8782565914684,299.0770970964818,295.20386794497085,298.7763366699219,2028900.0
2020-10-12,299.94290829967605,303.98929644044784,299.8426733497871,300.7175598144531,2424200.0
2020-10-13,299.37794350463736,304.1169662161747,298.65797049541425,302.0390930175781,2713500.0
2020-10-14,293.51797211633016,301.26443315353333,291.8137551380886,293.3174743652344,4455400.0
2020-10-15,290.58344225234816,297.9835867938495,288.2868264897126,295.7963562011719,3172200.0
2020-10-16,296.60741978237826,302.88662312776984,295.942153301053,300.65380859375,3293300.0
2020-10-19,299.41438740811145,301.45579876253356,293.50884023149115,295.47735595703125,2482100.0
2020-10-20,297.6645249659135,299.4872212454791,294.6206255164955,294.7391052246094,1988600.0
2020-10-21,294.7391648117364,297.54610541240305,293.6181963608087,294.17413330078125,2139000.0
2020-10-22,293.74575393863273,298.97688362553686,293.6819528907096,296.85345458984375,2100600.0
2020-10-23,299.9793739091887,305.8940147693312,299.0406863848749,301.2917175292969,2349500.0
2020-10-26,297.3912010622346,298.6944225313928,290.30091199228184,294.4201965332031,2408500.0
2020-10-27,294.42014872044433,294.821144155395,291.1119502881709,292.0962219238281,2427700.0
2020-10-28,285.55269418930476,289.635543779089,280.18486822505974,280.6952209472656,3301400.0
2020-10-29,279.4102049655198,282.04401427084156,274.7349848575518,276.7581787109375,3279200.0
2020-10-30,276.3481277337674,279.9388419061789,273.0399292814879,278.08880615234375,3556800.0
2020-11-02,284.92383734211523,284.92383734211523,280.1118934511961,284.43170166015625,4519000.0
2020-11-03,289.3257198358623,297.50051446253406,287.09290557725404,292.86175537109375,4043900.0
2020-11-04,314.62469837862653,328.48629447863925,310.8972881789684,323.1275634765625,10344900.0
2020-11-05,326.3264101429633,328.9784363644703,318.680186484827,322.98175048828125,4786500.0
2020-11-06,319.2999477219469,320.794572146548,314.0232615741638,316.65704345703125,2994900.0
2020-11-09,333.8360132535441,335.33063790359665,318.04235851962653,318.971923828125,4635300.0
2020-11-10,318.50701343647484,324.3487576339729,317.30405517662143,322.3346862792969,3733200.0
2020-11-11,324.58572265245334,325.1780933185605,318.4341233561364,320.5211181640625,2048200.0
2020-11-12,320.24770863302115,328.5591986437011,318.74398986869113,322.9908752441406,2907300.0
2020-11-13,325.2236999443716,326.20797155895485,321.51453396870346,324.13922119140625,2442100.0
2020-11-16,327.1284318825555,327.70255785892255,319.892325295372,325.187255859375,2790100.0
2020-11-17,321.15001043934666,322.03399150715654,316.6935043236413,320.8857116699219,2557600.0
2020-11-18,322.0976830715866,322.6627143221884,312.6743490806355,313.9684753417969,2722500.0
2020-11-19,311.9453991431914,312.6562496631155,304.691047074884,307.1243591308594,3935600.0
2020-11-20,305.3016526175182,307.7258422115798,302.30330919694984,305.02825927734375,3702000.0
2020-11-23,305.8028749567567,306.4499521983589,302.1939439008144,305.3563232421875,2535700.0
2020-11-24,306.376990014392,309.8583463453019,304.7821308787912,306.2220764160156,3759700.0
2020-11-25,308.7830563334135,308.7830563334135,299.96121093143114,303.65216064453125,3145100.0
2020-11-27,303.9619389806259,308.85587396131984,302.4217584245981,307.9809875488281,1558600.0
2020-11-30,305.4018285285787,307.98095905821265,301.0091521102109,306.5227966308594,5265700.0
2020-12-01,314.2054851659443,322.70837880441775,309.7945635486106,310.94287109375,3817700.0
2020-12-02,311.47139521516766,320.63955384863687,311.22534126811445,316.74810791015625,2864300.0
2020-12-03,317.05800943309214,321.4962703842084,315.77300523003146,317.76885986328125,4169200.0
2020-12-04,316.46094737499476,321.46395826645744,316.2322906211111,320.01885986328125,3255100.0
2020-12-07,318.94876423248513,320.01889022355243,315.74756937441566,318.16217041015625,2999400.0
2020-12-08,315.3176935198439,320.0280175142767,314.70488107992935,318.16217041015625,2471200.0
2020-12-09,319.10428412114254,319.5798801972464,312.44577158245283,315.0067443847656,2600400.0
2020-12-10,315.69268021776867,315.9670571716165,310.2963861318728,310.653076171875,2896900.0
2020-12-11,309.262867978403,309.9488383082594,305.7872682264748,308.2933654785156,3071700.0
2020-12-14,311.00057190725545,313.9273890412427,307.1865655973943,307.43353271484375,2479000.0
2020-12-15,310.1866050219685,311.8969529955314,308.26588279622297,310.6713562011719,2616500.0
2020-12-16,308.07372366864604,312.49138661307074,305.7231540753003,310.36944580078125,2365600.0
2020-12-17,310.7994503692081,313.35126793937127,308.51288248861175,312.50067138671875,2525700.0
2020-12-18,313.27796504115673,313.360278104627,305.48535466515443,309.4914245605469,8742700.0
2020-12-21,303.72018224220454,308.1835662867128,301.27811597011015,307.3878173828125,2892700.0
2020-12-22,306.5463681458749,308.21099587335465,305.00064638638645,306.4091796875,2069700.0
2020-12-23,307.7628256312535,312.48230422915253,307.34210503304945,308.7689208984375,2348100.0
2020-12-24,307.7171067570441,312.26280401395724,307.7171067570441,311.69573974609375,1360600.0
2020-12-28,313.9090949290052,318.09810182049137,313.77190647452386,316.4151916503906,2308200.0
2020-12-29,318.2810254483635,321.29931115012124,315.54629978215536,317.6956787109375,2275700.0
2020-12-30,317.4487068525237,319.2139580644363,315.06154393097324,315.5371398925781,1866000.0
2020-12-31,315.5829422336033,321.1164250208143,314.6774424247804,320.7414245605469,1969000.0
2021-01-04,321.4457044142361,322.02189603911046,311.320775751243,319.66217041015625,4203800.0
2021-01-05,318.9213160289223,321.36335468079005,315.0707438704916,315.3634033203125,3160500.0
2021-01-06,308.3298853947514,328.79924151143626,306.50063144919886,328.5980224609375,6561400.0
2021-01-07,327.93038201795946,335.16508514971326,327.3633177272721,333.8663024902344,3366700.0
2021-01-08,335.66815404057456,336.11631239880495,328.1316354812148,332.3663635253906,2947800.0
2021-01-11,331.662100051613,333.1895397074923,328.5249355561923,329.9517517089844,2695100.0
2021-01-12,327.3815735539498,329.33886071761606,324.9029423285213,326.8602294921875,2372500.0
2021-01-13,325.6438140373956,326.34806679877414,321.24446027686616,324.72918701171875,1974500.0
2021-01-14,326.384667162757,328.1773283586825,320.50362195202763,320.6042175292969,2919900.0
2021-01-15,319.3145307520993,322.9090076788793,316.2230874426641,321.30841064453125,3777000.0
2021-01-19,325.7992264575779,326.4851966035725,321.54621713485056,322.1224365234375,3361300.0
2021-01-20,321.83891509521794,322.0218237262268,316.3054056534948,320.8876953125,3036800.0
2021-01-21,320.86030693759903,330.07976305313724,320.7962763464157,324.6925964355469,3749800.0
2021-01-22,323.1467994527222,324.3449583536184,317.8694127511579,317.8785400390625,2585100.0
2021-01-25,317.51279783191995,320.4762086689453,315.1805098503042,318.116455078125,2506300.0
2021-01-26,320.58588844407757,321.5005153577524,313.3237485165233,313.817626953125,2467500.0
2021-01-27,308.265932611979,309.14396683253574,300.9214779483924,304.5616760253906,4770900.0
2021-01-28,307.9000296985656,316.99139589799313,305.95186983004567,309.2810974121094,2769900.0
2021-01-29,307.79938730694033,310.0767993395108,302.40309421853857,305.1012268066406,3899200.0
2021-02-01,306.4275078861974,309.2811398948543,304.33300406858325,305.4854431152344,3020200.0
2021-02-02,308.32085955206503,315.21715701130137,308.32085955206503,309.80255126953125,2663700.0
2021-02-03,309.1439610620684,311.11955895559817,306.03423449181383,309.0433654785156,2537100.0
2021-02-04,303.9487753333956,306.6652179606091,300.35429882115983,301.20489501953125,5962200.0
2021-02-05,303.75674557732685,305.009807955844,295.863538377235,296.80560302734375,7227900.0
2021-02-08,299.0921207852163,299.1012480729844,296.1653038409107,296.6500549316406,4758200.0
2021-02-09,296.2477022339032,302.7781529081074,294.24466671868623,301.488525390625,4096900.0
2021-02-10,304.25983043909685,307.0951798079193,301.6165449307096,304.9366455078125,4122700.0
2021-02-11,306.4001114894414,307.9092407844853,303.1989162947756,304.6348876953125,2776700.0
2021-02-12,303.3635747691712,304.0221075386294,299.8880022100477,300.2172546386719,2760800.0
2021-02-16,299.4123193665257,301.6806046631343,294.94896248564464,296.90625,4339000.0
2021-02-17,295.84526015966725,300.5464566323775,294.7294140331946,298.9549865722656,2620000.0
2021-02-18,298.07695777685876,301.442778709603,297.4367355725038,300.3726806640625,2383500.0
2021-02-19,300.68366680967375,300.77513510445226,296.4397835593535,296.8696594238281,2313800.0
2021-02-22,294.0526029078694,300.9580261192072,293.00078736015746,299.6684265136719,2688300.0
2021-02-23,301.81781788521914,305.4306064552585,298.75383912453526,301.3788146972656,3225700.0
2021-02-24,300.44585261119585,305.11961169154193,298.20503292276527,303.8482666015625,3360500.0
2021-02-25,302.7415560949229,305.11959202735375,299.4123002070791,300.79339599609375,2780100.0
2021-02-26,302.32998230849756,309.06165240282894,301.6897600740282,303.857421875,5430000.0
2021-03-01,305.8146758868665,309.9762455599126,305.1927362144777,306.0799255371094,4198900.0
2021-03-02,306.4000531121107,308.8421195481341,305.38483051308856,306.07080078125,2568900.0
2021-03-03,304.8634670789753,309.29025824601024,304.36956070180116,304.4518737792969,3039700.0
2021-03-04,305.6409257517242,311.7414723881422,304.2689852118626,305.3116455078125,4991600.0
2021-03-05,306.4274568405154,318.55541876919494,306.4183016393835,317.4670104980469,4563100.0
2021-03-08,317.38473857852324,323.7779726662141,316.0951111006427,320.27496337890625,3419900.0
2021-03-09,322.79014093153535,330.4089708003889,321.34501478481616,321.9303894042969,4277600.0
2021-03-10,323.6956720593364,324.21701619197614,318.74753622500185,319.7536315917969,3012300.0
2021-03-11,320.8146099238691,325.57980929048,320.0005784085439,322.954833984375,2520500.0
2021-03-12,324.16642327957885,327.51666656589833,323.08330782969784,326.7823486328125,2088700.0
2021-03-15,327.6085597614347,328.544783898973,322.6795384179909,324.8182067871094,2343400.0
2021-03-16,324.4968085034779,326.17650981413,323.0098533734078,325.47894287109375,2904200.0
2021-03-17,326.00219057632603,328.6640266750096,322.9364585879804,323.2577209472656,2633100.0
2021-03-18,323.8910103176696,334.40070531356577,323.4045369918869,332.3171081542969,3311600.0
2021-03-19,332.19778748845727,340.0364305604854,329.5267642173746,335.55718994140625,8572900.0
2021-03-22,335.02488007088766,338.31086519973337,330.5364511088667,336.73211669921875,3505200.0
2021-03-23,338.5586890747804,341.027778637205,337.0625461788097,338.2374267578125,3100100.0
2021-03-24,335.9886841492463,343.10222707778587,335.49305100370077,340.1650390625,3407800.0
2021-03-25,340.16499562643185,341.5509699271565,333.54711469985085,340.61474609375,3021500.0
2021-03-26,341.15634017866506,346.09452036627795,339.88050637449237,345.5621643066406,2959800.0
2021-03-29,345.4519289542066,349.2519504811111,344.1944428390231,347.9302062988281,2740400.0
2021-03-30,346.5441839078066,348.68285136111854,341.266395212545,342.8818664550781,3066000.0
2021-03-31,342.18434465532494,346.03943712224174,341.2664681642845,341.5143127441406,3356500.0
2021-04-01,341.6336066452413,342.0833571167629,335.72248039939365,336.9248962402344,2977700.0
2021-04-05,339.265471435939,342.0282883713101,337.4480940861248,339.77947998046875,2709400.0
2021-04-06,338.49443221927766,339.421496277206,332.9321038944326,334.44659423828125,2698600.0
2021-04-07,334.2813728443463,335.8325860364616,330.94028965783303,335.6123046875,2158900.0
2021-04-08,333.2900121226052,336.77795847462323,333.2900121226052,334.9238586425781,2426700.0
2021-04-09,338.09978046720653,345.68142054906804,336.86064171421367,345.3968811035156,2483200.0
2021-04-12,343.7263736787976,348.6369901428938,343.3133180830486,345.3785400390625,3057300.0
2021-04-13,345.3509735392633,348.15967290375,343.58863863832903,343.74468994140625,2652300.0
2021-04-14,344.51572938385164,346.9664717307784,343.81813434655794,344.78192138671875,2805600.0
2021-04-15,348.7930654574295,360.1380054042201,348.7930654574295,357.98101806640625,4488300.0
2021-04-16,361.56985772113103,361.56985772113103,353.80460376931035,358.8988342285156,4532400.0
2021-04-19,357.9717537047302,361.0833677785402,356.56740409911225,357.82489013671875,2965400.0
2021-04-20,357.8432674362481,365.2046538359758,357.4394276047227,363.96551513671875,3348100.0
2021-04-21,366.1041406687373,368.5090001903072,362.9650192968079,366.0582580566406,2473300.0
2021-04-22,365.7186910794443,366.01241826304033,360.8998397683252,363.9747314453125,2718600.0
2021-04-23,363.1302466754651,368.977114697241,362.1022296181899,367.4350891113281,2263200.0
2021-04-26,366.97614775361734,367.15054650411594,362.7539108665473,363.35052490234375,1642300.0
2021-04-27,362.2491279996398,363.7819660054296,360.08292498253996,362.1022644042969,1758500.0
2021-04-28,362.72644981124193,364.3878041327255,361.00083740826324,362.1849060058594,1886500.0
2021-04-29,364.1674468516848,369.1331613345799,363.7543912839805,368.5732421875,1996500.0
2021-04-30,368.0684420990156,368.8578023697827,365.63607520362683,366.0491027832031,2328100.0
2021-05-03,368.06848125086134,373.3646186401291,367.6370781698383,372.5660705566406,2568500.0
2021-05-04,372.18049293607345,378.59643932198725,370.36308777442844,377.5592346191406,3237200.0
2021-05-05,376.78830096620504,378.85352307868726,373.39214673224274,378.6240539550781,2767600.0
2021-05-06,379.08295667139316,382.61678644602665,378.67908881078563,380.89117431640625,3058700.0
2021-05-07,380.918616380556,384.60846855634617,380.0649982521159,383.3509826660156,1851000.0
2021-05-10,384.8379985064236,390.99696884428613,383.8742395651914,386.3249816894531,2489300.0
2021-05-11,386.42597964239656,387.61004808828375,376.8892300247688,377.8897399902344,3024000.0
2021-05-12,375.6776780247752,377.1095631143241,371.44625282206096,372.07958984375,2888100.0
2021-05-13,372.9147810040847,379.24812185415885,371.1157513042806,375.0075378417969,2637500.0
2021-05-14,377.23802715195916,378.70663505060196,374.952523791871,376.145751953125,2072900.0
2021-05-17,375.6960181774809,378.63323410543745,375.0167985488298,375.0718688964844,1583900.0
2021-05-18,376.0447636642159,379.04620924136714,372.90561422562365,376.6781005859375,2694800.0
2021-05-19,375.8611430842543,376.99014097517437,371.05148041553986,375.8703308105469,2783100.0
2021-05-20,375.8979807651109,379.84483870838613,374.7873579876278,375.0810852050781,2105800.0
2021-05-21,377.0269828844282,384.25066689408004,375.8337265555084,377.8255310058594,4295400.0
2021-05-24,378.5046932876025,379.9090430840119,376.25591287460674,377.2013244628906,1883600.0
2021-05-25,378.02741031435573,379.8723228763669,375.3105039461801,379.12884521484375,2285600.0
2021-05-26,378.2568968875072,381.1940847691432,377.25641490186587,379.2757263183594,1903900.0
2021-05-27,380.84527331868543,381.0196440574105,376.67810678247525,378.8075866699219,2041800.0
2021-05-28,378.80764788150077,381.35015573681983,376.34771753956744,378.0917053222656,2367900.0
2021-06-01,379.75304871780634,379.75304871780634,372.80471699457735,373.3187255859375,2199600.0
2021-06-02,375.5399627931188,375.5399627931188,371.3268854777569,372.5201416015625,2232900.0
2021-06-03,370.363157429369,376.1090731228896,369.7573555948863,374.4568786621094,2281200.0
2021-06-04,377.2105355237652,377.24725842859607,371.4187367897734,372.32745361328125,2990900.0
2021-06-07,373.5389783068314,373.76844741076667,365.94815043274366,367.3800354003906,3353800.0
2021-06-08,367.8114263173672,369.67471425947434,366.0032087174808,368.7476501464844,3051300.0
2021-06-09,370.20706366118145,372.4558719702472,367.63702103198955,368.16021728515625,1925700.0
2021-06-10,368.9037394407449,369.7665455728603,365.74624210861344,368.5182189941406,4033600.0
2021-06-11,370.22549560231965,370.2346553196817,362.359287195445,365.2138977050781,3094300.0
2021-06-14,364.6722824495395,366.66408656218005,362.6805063482638,366.3795471191406,2674900.0
2021-06-15,367.11386557992387,368.52740318876215,363.91048565905623,367.4075927734375,2845800.0
2021-06-16,368.1602027754038,370.0418380535436,364.09401734286536,364.6263732910156,3330800.0
2021-06-17,363.479061915699,365.37907282571325,362.20320024786275,364.71820068359375,3532000.0
2021-06-18,356.7770391162907,361.73330388227697,356.74940310180926,358.7024230957031,5521400.0
2021-06-21,358.70244212878055,367.75822757838455,358.5642620490413,366.71722412109375,3839300.0
2021-06-22,369.0572443743547,369.0941017765169,366.4870098812407,367.2884826660156,3964600.0
2021-06-23,366.486914138426,367.5739682495597,364.1377403301134,364.4049072265625,2942100.0
2021-06-24,366.94755394106625,370.48510474801,365.58411147959595,367.4542236328125,3309100.0
2021-06-25,368.587378881963,377.68921604153223,367.59242596464105,373.0553894042969,16928900.0
2021-06-28,373.05544213705764,373.09227142515965,366.5883316021841,369.8403015136719,3193300.0
2021-06-29,370.310090613656,371.4432236296018,366.1737404245957,366.7449035644531,2458800.0
2021-06-30,366.2290798491609,369.7850461749357,365.5473443930264,368.9006652832031,2875600.0
2021-07-01,370.36539668629223,373.2949274486764,370.16272315540004,373.0001525878906,2678100.0
2021-07-02,373.18433494667164,377.5878518975319,372.0696447283582,377.1180114746094,1982400.0
2021-07-06,376.4824391803242,378.77631337263375,373.75555378213716,377.94720458984375,2615300.0
2021-07-07,378.03011862738265,379.7159722418836,375.12822378480496,379.2369384765625,2270400.0
2021-07-08,376.4271371335692,378.4722871149709,373.1751673281019,377.66162109375,2032300.0
2021-07-09,380.0383606032828,380.70165317438807,378.2972351753541,379.65142822265625,2078900.0
2021-07-12,378.647368758395,383.6036354783489,377.99329741517056,383.2720031738281,2802600.0
2021-07-13,383.585164846032,386.6344610280388,382.96792288409176,385.5750427246094,2948900.0
2021-07-14,387.6293753530668,389.25076353159096,380.7938038634355,382.0743103027344,3538700.0
2021-07-15,379.46720070983633,388.5137658749012,375.1281769985019,386.966064453125,3546500.0
2021-07-16,388.17290740173297,389.02968027876864,384.74592834942337,386.6436767578125,2625400.0
2021-07-19,384.3774272404752,386.4870706434513,374.76891932012506,376.8417053222656,3611300.0
2021-07-20,378.62888527889885,384.8288282415951,378.26958890035786,380.4437255859375,3186700.0
2021-07-21,384.21155818354663,384.3681810300539,378.47223472272617,381.982177734375,1863700.0
2021-07-22,383.25350290761105,383.9997035947792,381.143887687819,383.023193359375,1421900.0
2021-07-23,384.98540873606123,386.31199389179835,383.2258405348549,384.8011779785156,1611700.0
2021-07-26,383.9996948968188,384.77355970164666,378.53675928375065,380.9688415527344,2232600.0
2021-07-27,379.550101062366,382.5533462953934,377.2101483926467,382.40594482421875,2630600.0
2021-07-28,381.8440201545802,381.8440201545802,374.7596960058481,376.94305419921875,2446600.0
2021-07-29,378.8868305296836,380.08442889592345,376.25210287837297,379.6238098144531,1597300.0
2021-07-30,378.4078077323658,381.1807155653928,377.9379672592332,379.7528076171875,1864200.0
2021-08-02,380.9964520021624,383.64040088033806,380.29630204190886,382.83892822265625,1806500.0
2021-08-03,383.06926391592475,388.8914959177247,382.38752855028577,388.6703796386719,2496500.0
2021-08-04,388.80855746526316,390.29176553464436,386.65286352633683,388.3387451171875,1995400.0
2021-08-05,388.81781027310217,388.9928477882456,375.7638801242982,378.803955078125,3598600.0
2021-08-06,379.5594008591722,383.9444760482884,379.5594008591722,382.4244384765625,1944000.0
2021-08-09,382.26782307719736,383.4470069126208,378.03012150447057,378.5091552734375,1509800.0
2021-08-10,378.17744987912596,381.07012280553596,376.39024577058507,379.347412109375,1441800.0
2021-08-11,380.49896772646474,381.32807638584666,375.4137435834942,375.6256103515625,1542600.0
2021-08-12,374.94387422150896,376.53762611747857,372.4565203213869,373.98577880859375,1939900.0
2021-08-13,375.01762438926977,377.7537028970831,373.94901284518386,377.4036560058594,1537800.0
2021-08-16,377.5602712516175,384.54327275002134,375.24795430739164,384.34979248046875,2377500.0
2021-08-17,384.24839660522196,389.22307645667024,383.8154135967948,388.5597839355469,2258000.0
2021-08-18,388.1636686410768,388.38475678267787,384.23918544392797,384.4510803222656,3037000.0
2021-08-19,382.6639005805661,394.612360302524,379.91860082035504,394.1885986328125,3204500.0
2021-08-20,394.6123944167875,397.38530232222024,393.285809140092,395.8652648925781,2401900.0
2021-08-23,396.6483296756173,396.6483296756173,391.4341179251909,391.8578796386719,2375900.0
2021-08-24,392.0052308039408,392.39216318063455,388.5045372283282,390.0614318847656,1619300.0
2021-08-25,388.624369358829,390.25495097375847,386.4134031362579,386.6805419921875,1939000.0
2021-08-26,386.7081270885231,388.2005565033263,383.81545392438045,384.01812744140625,1385400.0
2021-08-27,385.0867813246701,387.2424752961495,383.3456276665762,385.7777099609375,1621600.0
2021-08-30,385.77767159942334,387.44511029335627,384.9761989592844,385.3538818359375,1284200.0
2021-08-31,384.15633970866554,387.60176167265513,381.59529856849946,383.48382568359375,4249100.0
2021-09-01,383.73258954783466,386.8003005583538,378.85000994146833,384.4787902832031,2034400.0
2021-09-02,386.14623721808863,390.973516763812,385.2986856382482,390.3378601074219,3137400.0
2021-09-03,388.6980342580397,390.60500411510276,387.48199306391604,389.5547790527344,1604800.0
2021-09-07,387.19650310413795,389.00215067934937,384.69073343560774,388.0624694824219,1920300.0
2021-09-08,388.0163580989498,389.56403168073246,381.5769114402729,382.6731872558594,2262500.0
2021-09-09,382.62707805625104,387.12272505792276,381.328128795312,381.8992919921875,3508500.0
2021-09-10,384.17347140283084,384.5802412226736,372.18307188812804,373.40338134765625,4215800.0
2021-09-13,377.1659809048185,385.3290537447194,375.75154030763935,383.2120056152344,3068200.0
2021-09-14,386.05013205796376,386.05013205796376,380.2999169816663,381.3815612792969,2879800.0
2021-09-15,381.36308426689436,389.59090558705117,378.5711896790472,385.9854431152344,3180600.0
2021-09-16,387.9731438967826,391.4214061095502,383.6188608313116,385.35687255859375,2262700.0
2021-09-17,383.6279849622369,389.2857466989381,383.6279849622369,388.4259948730469,4534200.0
2021-09-20,385.4307516636014,387.6309706000603,377.8500724761904,381.52947998046875,2799800.0
2021-09-21,383.66500711227656,387.15025524535287,381.07646943908367,381.1966552734375,2382200.0
2021-09-22,374.3556417753549,380.8824109289216,374.3556417753549,377.8316650390625,3629400.0
2021-09-23,378.8485241322155,383.51712354846995,376.7315040692655,377.21221923828125,2681600.0
2021-09-24,376.20457298791814,377.08283252135135,374.62373404037993,376.333984375,1950400.0
2021-09-27,377.02735130270986,381.0210765624632,374.3741215429772,374.66070556640625,2608600.0
2021-09-28,372.19234732426384,373.4866021843549,367.03377895046094,368.512939453125,3115400.0
2021-09-29,367.0152726602028,371.4989661425339,365.9058953116911,370.167724609375,2056300.0
2021-09-30,371.1662225656535,373.01516640781,360.96929840466635,361.2281494140625,3779900.0
2021-10-01,362.02310621234733,363.9552485882991,354.1835764111812,362.7904052734375,3146600.0
2021-10-04,362.04164771696765,365.30503209577876,355.6997846074225,357.77984619140625,3074800.0
2021-10-05,359.9338792078666,366.1001190753203,359.84142637712375,363.7149658203125,3269400.0
2021-10-06,361.2373407783581,364.9629608484111,356.6981810442253,364.4729919433594,2809200.0
2021-10-07,366.7934500036424,377.3416769034541,366.74720948484696,374.1337585449219,2813700.0
2021-10-08,375.71452458879315,378.21983484693067,372.22927664407393,377.60968017578125,2012200.0
2021-10-11,377.1844326061782,380.16123244299706,373.6806771586563,374.4017639160156,2164200.0
2021-10-12,374.5127543199948,377.5357951375788,371.9242445860344,372.78399658203125,2415700.0
2021-10-13,372.8764254761955,374.69763591906997,368.0414281551027,373.070556640625,3021800.0
2021-10-14,393.5106486004363,400.7585037369442,386.2442859728344,388.6109313964844,6038800.0
2021-10-15,390.1733092073258,397.97585340239107,389.6648610058973,395.7386474609375,3312000.0
2021-10-18,395.6739133997051,395.6739133997051,391.82810749142493,392.5491943359375,2232800.0
2021-10-19,394.5923011299199,395.5075474316542,391.4213695052128,392.3273620605469,1616800.0
2021-10-20,394.7493608941947,402.63510226786144,394.6014420572898,402.22833251953125,2764000.0
2021-10-21,402.6074488476247,409.07875112531326,402.2191582974022,408.8753662109375,2465100.0
2021-10-22,407.54407640209183,415.3558730836738,407.1927726631375,415.2356872558594,2736200.0
2021-10-25,416.0122610749705,418.4528798820094,412.7211441110328,415.540771484375,3553500.0
2021-10-26,416.4652992770802,423.1399869157481,413.7843366537537,420.3018798828125,3103900.0
2021-10-27,420.30182169573953,425.6637462000814,419.22943115234375,419.22943115234375,3520400.0
2021-10-28,418.78566869237164,423.31557425645053,418.34191213191,421.0413818359375,1672600.0
2021-10-29,420.08920138698534,426.54202420621914,418.8411589114171,425.6914978027344,2497800.0
2021-11-01,426.9396188145207,430.58204035058316,417.1032242752177,419.8119201660156,2203100.0
2021-11-02,421.79952664994795,421.9659248084979,416.3636277695185,417.89825439453125,2600000.0
2021-11-03,416.4006507263008,422.9643787268097,413.2759311518962,422.7887268066406,2438200.0
2021-11-04,423.0382410482622,423.879513651915,418.0091129157985,422.2616882324219,2517300.0
2021-11-05,423.25090674394676,426.662209902365,420.2463734296993,421.38348388671875,2905000.0
2021-11-08,422.34494607183495,429.13056567581384,419.99677980808326,427.67913818359375,2279900.0
2021-11-09,427.6790961746625,429.38937447352583,425.52508951294607,429.2784423828125,2657800.0
2021-11-10,430.2399507384968,430.80386500254843,422.1415686258545,425.1645812988281,2818200.0
2021-11-11,425.25703514255235,426.0428418282787,421.0414459207592,422.84417724609375,2246800.0
2021-11-12,425.87637603251574,426.18143926962597,422.5574979147711,424.3232421875,2609500.0
2021-11-15,423.40803857941887,423.602169736871,416.4745008297559,416.7518310546875,2849600.0
2021-11-16,418.7764454818812,423.7316286907724,415.42986228905346,415.6609802246094,3383800.0
2021-11-17,416.3728063949093,419.6731487946092,414.83818004677005,415.04156494140625,2281500.0
2021-11-18,414.8382692342016,418.6101020216214,413.34060111754496,415.5223693847656,2073800.0
2021-11-19,414.2836313610304,415.5039411410986,406.3054336894642,406.7676696777344,3536100.0
2021-11-22,409.374618286401,410.2343703083514,404.35474307259125,404.493408203125,2598700.0
2021-11-23,403.07900770368155,413.71966023477046,403.0697539565081,413.359130859375,2857000.0
2021-11-24,412.9060565173726,416.91826033791205,411.9815848109081,416.1601867675781,2248800.0
2021-11-26,411.3159690228386,414.32972763772847,405.11274348442186,406.6843566894531,2480600.0
2021-11-29,410.058692641206,418.8596536620186,407.2760236085541,417.8612365722656,4079700.0
2021-11-30,413.294319507301,417.2603110340235,407.9231411410161,410.6688232421875,7435400.0
2021-12-01,418.6840357608201,421.48518411082546,410.59490772881657,410.77978515625,4325500.0
2021-12-02,409.67962597412765,414.06164099277925,406.04645898401094,412.3328552246094,4738700.0
2021-12-03,415.30087293938374,421.4872241174903,412.88942921391344,416.7384948730469,3038300.0
2021-12-06,419.3633040521358,428.29500972549477,418.77898262607886,426.74609375,4721500.0
2021-12-07,429.19454118336336,431.9770017420886,426.8572845037091,431.0309753417969,3105200.0
2021-12-08,432.2923826074025,436.07654515692184,428.9534239768427,434.86151123046875,3228300.0
2021-12-09,434.55546792630923,440.07402670702817,433.4702957198468,438.9981384277344,2977400.0
2021-12-10,437.7738697478935,443.78399577648196,436.85566666332795,443.5521240234375,2572300.0
2021-12-13,442.4298492063338,445.43492640587846,439.6381325162615,443.4686584472656,2724800.0
2021-12-14,444.9619112981428,448.0133516115053,442.5782627915569,444.69293212890625,3018000.0
2021-12-15,445.75029607113584,459.47709352594916,445.32365993986804,458.53106689453125,4188600.0
2021-12-16,458.1879096603134,460.9239796125558,454.57068733975495,457.12127685546875,4080800.0
2021-12-17,455.7857274194169,457.37172245001693,451.11118446618184,451.7975158691406,5707200.0
2021-12-20,447.0486967115044,449.8404414061342,440.7974439104139,448.65325927734375,3145600.0
2021-12-21,451.7046956208279,453.5411300179387,447.2342299203288,451.88092041015625,2536000.0
2021-12-22,451.82529425596397,459.5234534727936,450.66593548577794,458.2991638183594,1687500.0
2021-12-23,459.1060770133605,462.02765547887765,457.0748781658379,459.4585266113281,1706500.0
2021-12-27,462.5191780411311,464.02170234737366,460.6271250727209,463.27972412109375,1349400.0
2021-12-28,465.59846636640583,468.6777299490383,464.1144815298047,466.4703063964844,1495500.0
2021-12-29,468.1768754994235,470.4399459895203,465.5984628334484,468.9188537597656,1573900.0
2021-12-30,471.0984382012508,472.304188215156,467.1287952002378,467.85223388671875,1309800.0
2021-12-31,467.5833065065998,470.115327883968,465.63557815924645,465.72833251953125,1695400.0
2022-01-03,463.7435458949367,466.4332528001954,457.2974992851332,465.85821533203125,3033600.0
2022-01-04,466.71148264276826,467.22158918502777,455.2848356933039,455.3033752441406,3908100.0
2022-01-05,458.89274344137846,460.96104968901597,454.1811218261719,454.1811218261719,3921100.0
2022-01-06,445.1937962080747,449.0336062866058,429.5378098460119,435.59429931640625,6555200.0
2022-01-07,433.7763107354621,434.0360059114543,422.51660721607067,425.345458984375,5494200.0
2022-01-10,422.93414030997985,432.0791500207958,421.4872626206607,431.2815246582031,5831800.0
2022-01-11,433.3219591996618,436.3362920990686,427.2654699216555,434.9914245605469,3332800.0
2022-01-12,434.9635773965299,440.8531254786792,432.5242820697055,439.369140625,3502300.0
2022-01-13,441.381777244129,441.99389372167644,432.19037819342816,433.53521728515625,3005300.0
2022-01-14,435.8168836706486,438.8590399239714,431.3556451229558,434.7038879394531,3665400.0
2022-01-18,431.4391425339129,431.939965137218,425.1136743672228,427.5622253417969,3938800.0
2022-01-19,434.06393185999735,441.0108006863345,428.04455006754904,428.9812927246094,4030900.0
2022-01-20,430.70638914092507,437.4306694467916,428.4989656979785,429.42645263671875,3228600.0
2022-01-21,429.89024991299743,436.6516384680014,427.6364631628823,427.7292175292969,4273200.0
2022-01-24,424.85390089282015,430.4837527689702,415.63467949741766,428.74932861328125,4780700.0
2022-01-25,421.14400610426065,426.1709695217541,414.8370778625959,423.713134765625,3428900.0
2022-01-26,425.2064645851604,430.24271265346584,420.5690291694848,425.1878967285156,4435900.0
2022-01-27,424.86318819062944,434.69455502610094,423.8707987156799,428.1279602050781,3508100.0
2022-01-28,427.94249460131573,432.46863567379677,422.0807699892614,432.26458740234375,3364400.0
2022-01-31,431.2814076225427,438.86824365599006,430.7249098227441,438.302490234375,3500500.0
2022-02-01,440.5563501495453,440.5563501495453,429.19463375095177,434.4442138671875,3148600.0
2022-02-02,435.0470537179995,447.03019831568116,435.0470537179995,444.9897155761719,3026800.0
2022-02-03,462.49136496091205,463.91041887144405,448.5048741181043,453.3277893066406,4370900.0
2022-02-04,446.81686712439557,454.1254692928714,445.3699896529839,448.1339111328125,3066400.0
2022-02-07,449.7477090696987,451.92730910552814,446.3994663966468,448.6254577636719,2937200.0
2022-02-08,446.4458868733888,459.7275079159351,446.4458868733888,457.6313781738281,3534700.0
2022-02-09,460.96105133637394,464.6060685508053,460.30254347405474,461.9812927246094,2818100.0
2022-02-10,456.54613958365655,458.3825738232049,449.8960744051772,451.4264221191406,2626100.0
2022-02-11,449.5343479968783,454.86739772049486,441.891864928698,443.4593200683594,2493800.0
2022-02-14,440.65832472389525,443.0976200058461,435.297451120899,439.99981689453125,2549500.0
2022-02-15,441.4281708402464,446.27893810361263,440.74183950872526,443.5521240234375,3001000.0
2022-02-16,441.02008810651665,446.79834256307817,437.21738557652776,445.2401428222656,2651800.0
2022-02-17,443.49646131004835,444.5352421980353,434.889383275027,436.2342224121094,2403100.0
2022-02-18,436.1507045247899,440.48208070054017,432.9786869469258,433.88763427734375,2992300.0
2022-02-22,430.1962766920633,433.31264768655774,424.62209914780163,428.9720153808594,3029800.0
2022-02-23,433.3126172142277,433.80418415054345,425.5680957570869,426.2915344238281,2840300.0
2022-02-24,416.92394580514065,423.4812856844021,413.41804607938866,422.8320617675781,3933000.0
2022-02-25,423.5368280776366,441.27965452561585,423.14729948464,441.2518310546875,3314400.0
2022-02-28,432.069810958178,442.6988037170139,431.84719483804554,441.36322021484375,3918300.0
2022-03-01,436.7442908229712,442.37411441926764,433.81342901772285,441.7156066894531,2917600.0
2022-03-02,443.5149907742259,451.8438338479407,443.2367560086481,450.1836242675781,3675900.0
2022-03-03,450.7586332936563,455.74851734322374,447.25273394466956,451.30584716796875,3139400.0
2022-03-04,445.83370577218955,463.428134405558,442.8657362002597,462.4913635253906,4170100.0
2022-03-07,463.7435222150821,463.7435222150821,447.99478201098094,451.56561279296875,4123300.0
2022-03-08,444.08076794701594,449.35817128498906,437.3286636634181,439.12799072265625,3849500.0
2022-03-09,447.5865669526819,452.3538626851918,439.24846968817906,450.3597717285156,3115500.0
2022-03-10,444.5723172833389,457.9095844529026,443.18108682706435,455.80419921875,2834800.0
2022-03-11,453.79491044758106,459.3483947431177,448.8460994580888,449.18096923828125,2615000.0
2022-03-14,456.1855572040565,461.0134613335233,451.4227760978454,453.87860107421875,2704100.0
2022-03-15,455.81346528135947,465.0599692767116,453.31114010904787,463.1716003417969,3043000.0
2022-03-16,464.957634376394,470.23205988319705,455.82278190994134,463.4971923828125,3497100.0
2022-03-17,461.39491421437697,471.7390859747782,460.6321174220119,471.64605712890625,2357200.0
2022-03-18,473.24607094566153,475.05072273369484,466.5670140827114,470.8088684082031,5065600.0
2022-03-21,469.77625553582624,477.20879671617735,469.1715823029395,472.2413635253906,2617700.0
2022-03-22,473.7390647524829,476.1390783200508,469.618145333788,470.0646667480469,2752500.0
2022-03-23,467.2274710342335,471.6832888764882,466.3530509552502,468.1205139160156,2753200.0
2022-03-24,469.76693928781697,479.7948627892545,468.70646167961945,477.63671875,2789200.0
2022-03-25,478.3157990687354,480.49256604184154,473.7111411933113,477.23675537109375,2551100.0
2022-03-28,478.4366912056905,481.05995095479943,473.3111063495003,477.39483642578125,2643000.0
2022-03-29,481.02274088765864,483.33906527979093,471.90648250165145,475.0971984863281,3478400.0
2022-03-30,479.1715726032086,484.83670787240567,476.72505902069423,484.48321533203125,3041200.0
2022-03-31,481.0227250418006,485.478570626186,474.1111396365865,474.39019775390625,3979700.0
2022-04-01,475.0506490107444,478.86463249502583,471.25531671477086,476.8274230957031,2344100.0
2022-04-04,476.4739750384641,476.72509897632426,469.32977437398966,474.4367370605469,2657500.0
2022-04-05,474.4181125029176,488.1204057013278,472.5576493166316,481.63671875,3268600.0
2022-04-06,482.0646339184979,496.2972240428382,481.8600102017954,494.65069580078125,3955600.0
2022-04-07,493.02270309974926,500.72504729916517,491.52504398658255,499.4878234863281,2867000.0
2022-04-08,501.39483034617405,510.66921210730516,500.55759919887106,507.8692626953125,3986700.0
2022-04-11,505.6739587259181,509.40419714347416,499.19958205573926,499.9437561035156,3574000.0
2022-04-12,498.05525570488226,503.00409442869955,493.7483358068452,496.4739074707031,3575700.0
2022-04-13,496.1111779789851,500.72514765921915,491.7390776254944,499.534423828125,3012000.0
2022-04-14,500.92974591928254,514.6878516488815,496.80882650330597,497.5065002441406,4211300.0
2022-04-18,500.37154533372393,503.25524026592257,493.3761863022939,496.81805419921875,2087100.0
2022-04-19,498.5017995210862,504.6319936475123,497.89712630216945,500.1855163574219,2207600.0
2022-04-20,504.3157796885638,510.1017930615495,501.39483880083543,507.915771484375,2986300.0
2022-04-21,507.44142176912237,509.7670011539488,498.6321543122833,499.9437561035156,2539900.0
2022-04-22,494.9390194113221,496.1389977273866,483.8878635373956,484.5948486328125,3453300.0
2022-04-25,484.0925133855437,489.5436565526379,476.0273934885107,487.6925048828125,3030400.0
2022-04-26,487.6646350424421,489.5437211591751,477.683267526076,477.9344482421875,2895300.0
2022-04-27,478.9855122887698,484.5576470805096,474.2506653968251,477.9622802734375,3353700.0
2022-04-28,480.70657251578274,489.56239702361586,477.36701552158985,487.8321228027344,2582700.0
2022-04-29,482.6506802857434,483.6274689627698,471.5902404681155,473.0693054199219,2873200.0
2022-05-02,475.1715561660251,477.68319260269277,458.92041052294934,466.1855163574219,3184300.0
2022-05-03,466.1669573574819,470.2506592416046,462.77161775993494,464.7622985839844,2763400.0
2022-05-04,464.65068651024677,474.2041548699171,458.6878985179899,472.20416259765625,4002600.0
2022-05-05,471.82274580124744,475.04136746717313,455.09720037206245,460.20416259765625,3359700.0
2022-05-06,451.1716287936813,466.57626152474717,451.16231739356596,464.7622985839844,3260300.0
2022-05-09,456.185610807555,460.12050103907507,450.63212653495293,452.4833068847656,3862700.0
2022-05-10,459.3576733414795,461.72046960164295,447.5530318295579,453.96234130859375,4275500.0
2022-05-11,450.5949586856977,465.5995725565662,450.5949586856977,452.2321472167969,3936300.0
2022-05-12,452.1855434939216,452.9204343368859,438.5297517160228,445.39483642578125,3997600.0
2022-05-13,447.4228159546952,453.0228001016247,442.61350597606025,451.534423828125,2453400.0
2022-05-16,451.54380144776394,460.98564812194263,450.3717003473761,455.0879821777344,2338800.0
2022-05-17,459.53437262748025,460.20414045996375,454.38088203832734,458.16693115234375,2289000.0
2022-05-18,454.19493007835183,455.0786331430857,435.68329689823275,438.49261474609375,3240500.0
2022-05-19,431.925145434005,447.9809236242715,431.00419684138615,445.1623229980469,3813800.0
2022-05-20,447.7949172991199,453.46002465467274,439.3577094000513,451.8414306640625,3068200.0
2022-05-23,452.3623616988971,461.15303384912994,452.3623616988971,457.7483825683594,2279800.0
2022-05-24,456.5484111242632,463.32977958647376,454.56701311696054,462.8460693359375,2658100.0
2022-05-25,463.7390430643439,467.26462874708676,456.9855810099589,463.33905029296875,3161600.0
2022-05-26,466.73441377449814,471.8693105937416,464.56698654510615,467.19024658203125,2705800.0
2022-05-27,456.7436892263215,471.7297058105469,455.2460300632401,471.7297058105469,3349100.0
2022-05-31,468.483264552825,468.9390689824041,461.07862848030396,462.1204833984375,4003100.0
2022-06-01,463.5530320591357,466.3995385720817,453.7483827432015,458.1855773925781,1765900.0
2022-06-02,459.5343958504129,461.5343880494069,449.27394276281177,457.9158020019531,2093500.0
2022-06-03,454.2599673186407,457.3669657253095,451.06927986620633,451.729736328125,1756900.0
2022-06-06,455.28325280198396,459.1902369428026,452.362340291027,455.9809265136719,1781500.0
2022-06-07,455.3483857453751,462.8925506856256,453.134429909921,462.41815185546875,2341900.0
2022-06-08,459.53440847203046,463.16230601912656,454.4646349179344,459.0971984863281,3268100.0
2022-06-09,458.4925132039556,461.82272953347524,453.5901749561477,455.283203125,3148800.0
2022-06-10,450.97629975503884,455.9623562405138,447.376307754287,450.81817626953125,2599900.0
2022-06-13,441.98102226729156,447.7577535689982,434.6601028317972,436.92987060546875,3764600.0
2022-06-14,434.8832244129522,436.44600651313164,425.50650342346313,429.5343933105469,3814200.0
2022-06-15,431.8135419743249,436.29723693851486,424.65074693570523,431.9344482421875,2550700.0
2022-06-16,423.27116028580485,427.38811527489526,420.7319055699597,425.78240966796875,3135600.0
2022-06-17,420.79728602759906,430.7955896053598,419.8170708004369,422.0202331542969,5277400.0
2022-06-21,427.388026486847,452.8832450757205,426.7252147343153,448.4022216796875,5726800.0
2022-06-22,444.1079526215721,462.9656547177122,443.0063715864991,457.1402893066406,5061000.0
2022-06-23,462.06004240801167,470.11654553526546,459.26871180618434,466.5970764160156,4687700.0
2022-06-24,466.25169831119763,466.55044081812474,454.2275830590911,462.7042236328125,15861100.0
2022-06-27,460.08096051576666,477.8744314158106,459.84757325593506,472.05841064453125,3907100.0
2022-06-28,478.05178804208686,484.14783338498694,471.51691655013747,474.6536560058594,4978200.0
2022-06-29,475.03645133964784,484.2319154036417,472.38517539194805,481.44061279296875,3823400.0
2022-06-30,479.42407942237736,482.01002839583333,475.8485992738923,479.498779296875,3568900.0
2022-07-01,478.2758048916113,483.1396154335607,468.93097078561584,483.01824951171875,2426600.0
2022-07-05,473.90683068746694,477.04354166998877,459.5394978220195,471.6662902832031,3029600.0
2022-07-06,472.03971796443307,483.0275506675313,470.7887372655261,481.0484313964844,2506700.0
2022-07-07,481.01115774095643,482.92492193629994,478.19182131955546,480.198974609375,2385400.0
2022-07-08,478.2664676144425,493.25926170171135,477.05286535673144,484.16650390625,3092100.0
2022-07-11,480.64700214097616,486.8177470693374,477.79968921908346,482.59814453125,1743600.0
2022-07-12,479.1440611475184,484.6426788559855,476.68882253010275,480.2362976074219,2706500.0
2022-07-13,474.3082231713743,477.84635318907647,467.8854018193263,467.93206787109375,3467700.0
2022-07-14,462.1067974333236,472.27316065189217,459.5675427805683,469.0430603027344,3765500.0
2022-07-15,491.1027485508368,496.63868687627115,481.19780806416526,494.54754638671875,5742500.0
2022-07-18,495.7145095434932,496.79740129193937,484.27853451165174,484.8573303222656,3212000.0
2022-07-19,486.4630574008202,498.3658067573739,485.9962829162495,498.001708984375,2953500.0
2022-07-20,498.00170634143535,498.5618129282248,481.4591890668015,484.9506530761719,4327500.0
2022-07-21,484.8760022836583,487.75129202140397,477.17422345460665,487.74200439453125,2667600.0
2022-07-22,491.04673337640287,492.54038886111124,483.95178435508154,486.76171875,1850300.0
2022-07-25,491.1308504432736,497.4789726605421,489.38506127869476,494.28619384765625,2337200.0
2022-07-26,498.3283346386354,501.9131870770276,495.7424432262289,496.2652282714844,2637800.0
2022-07-27,498.0857209605533,502.11865954295155,492.9512013779502,499.0846252441406,2268100.0
2022-07-28,501.7732199422859,508.1680644873722,496.40531343781305,505.5074157714844,2344500.0
2022-07-29,504.1258097267485,507.7106060147437,501.02642017775304,506.3009948730469,2945700.0
2022-08-01,506.235571243489,507.52387326094754,495.7144570940116,499.80340576171875,2335000.0
2022-08-02,501.82928998894664,504.61130495686217,496.3866829695851,499.8782043457031,2114200.0
2022-08-03,501.5585522872211,507.49591034014816,500.0928734979901,504.7232971191406,1802900.0
2022-08-04,503.45354797432867,504.51780735774605,497.3575035020255,498.2817077636719,2368000.0
2022-08-05,494.7810047495997,499.9155246102087,492.50314275044786,499.5047607421875,2373400.0
2022-08-08,504.03236638695955,505.3300130455015,497.97364308424216,500.94232177734375,1656400.0
2022-08-09,504.11647846944743,509.475040809081,500.73703552397865,501.5585632324219,2147200.0
2022-08-10,504.3592271669883,505.9649042093338,498.3378242995668,501.98797607421875,2291400.0
2022-08-11,502.4734261274657,502.8375239280675,494.4729040178719,497.450927734375,3006200.0
2022-08-12,500.01806071803264,508.223991163452,498.93516917740385,507.57049560546875,1981000.0
2022-08-15,505.6754197208564,510.84731712441675,502.77209629959543,508.4480895996094,1447300.0
2022-08-16,508.98020750061147,511.06200327831937,506.34759281051305,509.8297119140625,1773000.0
2022-08-17,509.0082528506807,511.38879142917284,505.5821439398367,508.7842102050781,1471700.0
2022-08-18,508.79358466910963,511.70625319148525,505.8155608747131,508.9895935058594,1486400.0
2022-08-19,509.2509908806808,516.3739744682091,508.61618438401126,511.88360595703125,2258000.0
2022-08-22,505.4141333614139,513.0038916888537,505.37675493269063,508.3828125,1672900.0
2022-08-23,507.18786067154264,507.18786067154264,497.7777269422162,500.1955871582031,2039600.0
2022-08-24,501.01705996859107,503.9857388887759,499.46739373200694,500.81170654296875,1761200.0
2022-08-25,499.45810413112883,506.0022923212032,495.947950461525,505.5821838378906,1965800.0
2022-08-26,506.2262922100262,507.09448594654515,493.11922772233646,494.080810546875,1906700.0
2022-08-29,491.0467558289684,497.48826648232597,488.12474300875186,494.5662536621094,1594000.0
2022-08-30,495.16365588092964,495.79851928613084,487.11646877658904,488.09674072265625,2013400.0
2022-08-31,486.2109555814085,492.0736131725375,484.66123246506663,484.8199768066406,2891300.0
2022-09-01,484.8199992761165,489.4223888296748,480.8617607866883,489.1796569824219,2085300.0
2022-09-02,494.42614501378927,494.58483236653575,479.6667397465404,482.0379333496094,1944200.0
2022-09-06,485.3801484385255,492.4004554947773,482.57015669459565,483.2796630859375,2711900.0
2022-09-07,482.64491281067905,488.7129823141015,480.4790719350162,487.013916015625,2504400.0
2022-09-08,486.3324022774876,493.3713417942032,484.3345935808827,492.45648193359375,1557500.0
2022-09-09,494.30125845387954,494.30125845387954,489.38474835998477,491.032958984375,2495500.0
2022-09-12,491.65110006893383,501.03463078369816,489.3099043543198,497.50408935546875,2792000.0
2022-09-13,490.7145677905728,491.8945394462037,479.44873639457325,481.3123474121094,3172500.0
2022-09-14,481.3498019024382,482.6421464101545,473.9516297290856,477.38848876953125,2648100.0
2022-09-15,483.5037397485865,494.4417995442432,481.4809717496917,489.69384765625,3058100.0
2022-09-16,485.58269366444796,489.60953848544756,484.2341627725963,487.92388916015625,3981700.0
2022-09-19,485.6481960918333,490.7145173909105,480.3851366595677,490.2930908203125,2130800.0
2022-09-20,490.9393818877427,491.342060703546,482.1083982510609,489.5908508300781,2421700.0
2022-09-21,491.6791928479713,494.46987968456983,479.4956019225659,479.5517883300781,2427700.0
2022-09-22,478.56842020946993,487.87698657910755,473.9609352102633,484.5899963378906,2285600.0
2022-09-23,480.9377456267447,481.967848791049,474.21383896048843,480.98455810546875,2536900.0
2022-09-26,475.1597282210574,480.0106788526277,467.30266173368375,476.0680847167969,2867400.0
2022-09-27,477.9503795159024,483.9625536204757,471.59168446719275,476.0774230957031,2583400.0
2022-09-28,474.3075203061015,483.4756504908933,468.9883020592117,481.29364013671875,3027300.0
2022-09-29,482.07085907948596,482.07085907948596,470.5521610809931,476.5081481933594,2392000.0
2022-09-30,478.6340402955896,483.73782962137494,472.77167729298753,472.958984375,3116000.0
2022-10-03,474.8693225420953,484.91774327033227,473.29604612624485,482.76385498046875,2562400.0
2022-10-04,485.42351504390143,491.26718778235573,484.0001068628542,489.9373474121094,3189800.0
2022-10-05,487.90513958924276,495.72470965416335,487.0904081322498,493.5895690917969,2281800.0
2022-10-06,494.7696036192799,495.00372319777017,483.91579481090787,486.15399169921875,2187300.0
2022-10-07,481.50899169116826,481.50899169116826,469.2317759113045,472.7810363769531,3273700.0
2022-10-10,473.48342232413626,474.1483138983315,463.5754661542911,467.1715393066406,2459100.0
2022-10-11,465.4015626227622,474.63522376686177,463.7252586771146,468.0611572265625,2844500.0
2022-10-12,470.2337998934278,475.96504186522736,466.56279279998193,468.2016296386719,2254300.0
2022-10-13,462.1051989739884,480.8534544718663,456.7578876465077,477.5196228027344,3999700.0
2022-10-14,486.96872722912786,496.24920224656483,479.4113403148883,480.5351257324219,5628900.0
2022-10-17,484.85221457729756,491.0048832160374,482.5485147843173,488.729248046875,3282300.0
2022-10-18,498.20643161686644,498.20643161686644,485.4047898763918,489.038330078125,2345500.0
2022-10-19,488.59812409649516,490.546014745494,481.9116560692295,487.2683410644531,2500500.0
2022-10-20,489.8249580467012,495.7903201800602,486.7627129065722,487.7928161621094,2390800.0
2022-10-21,485.15193932539853,502.4487230173595,485.10512684264427,499.8265380859375,2896000.0
2022-10-24,503.8908860768609,511.76664343556274,503.6380186451001,507.1966247558594,2627100.0
2022-10-25,503.6284791062894,509.36909377406215,499.9856231549067,505.90411376953125,2411900.0
2022-10-26,506.9907467279002,512.8531114199342,505.8950828616157,508.6670227050781,2863500.0
2022-10-27,511.80411825351706,511.80411825351706,505.47351605444607,507.3839111328125,2212100.0
2022-10-28,510.3525667941389,517.8725152012132,509.15390425693454,516.2243041992188,2761900.0
2022-10-31,519.7454917103674,522.6485517737966,515.1848466530527,519.885986328125,2770400.0
2022-11-01,519.7454039627186,520.3915762107256,509.6501414732875,512.5438842773438,3338900.0
2022-11-02,509.8280391246402,519.3520629636994,508.5731904253813,508.9103088378906,2696200.0
2022-11-03,507.32776955939437,513.0683863878475,503.9470964513265,509.0789794921875,2245300.0
2022-11-04,512.3004597430839,512.9653799352715,493.6552013151175,503.9845275878906,3513100.0
2022-11-07,503.98444323627433,512.2067490454083,501.45594073315544,510.39935302734375,2540300.0
2022-11-08,512.3003813597768,519.5580873174284,507.5711779415707,517.9192504882812,2797000.0
2022-11-09,518.6029621460126,519.3801979538089,505.17383864738844,506.3163146972656,2672600.0
2022-11-10,514.0609779530695,516.6550408903893,500.032552630659,509.60333251953125,3426400.0
2022-11-11,511.57934928958736,511.57934928958736,477.2761189505507,488.91656494140625,7034300.0
2022-11-14,488.84166856751824,495.3782687570057,480.797294887313,481.11572265625,5238400.0
2022-11-15,480.23533533693956,483.8220624878219,468.96013093656217,471.057861328125,5103800.0
2022-11-16,473.75496503162935,481.471536168263,473.3616316172361,479.0273132324219,3430800.0
2022-11-17,479.62663947355975,493.505252958809,479.62663947355975,482.5765686035156,4246300.0
2022-11-18,488.9540124964672,499.1429002869804,486.463005535779,496.3334655761719,3566000.0
2022-11-21,495.4063685019167,498.1596168450419,482.642165373418,484.3371887207031,3349600.0
2022-11-22,486.91255811192053,491.3327085109676,486.8844363253855,489.86248779296875,2567400.0
2022-11-23,491.65096599529267,496.7454087673577,489.7780099343582,496.0617980957031,2238300.0
2022-11-25,500.07937476712476,506.4942277787085,498.69340527746175,503.46942138671875,1419200.0
2022-11-28,501.7931190668368,505.3049122409492,497.9160856846746,498.4592590332031,2699900.0
2022-11-29,497.8974001168972,499.11481047126773,490.38688304314076,494.4605407714844,3751000.0
2022-11-30,496.07116890486043,513.2649508574601,493.97346703338496,512.9652709960938,9688900.0
2022-12-01,517.2732615468586,517.8726215175566,501.76517954325413,502.8046569824219,2997800.0
2022-12-02,500.52188856973675,505.9513886681533,500.15552244518545,503.6499328613281,2346200.0
2022-12-05,499.26316563353873,507.61413543063725,498.6901666623316,502.597900390625,2424800.0
2022-12-06,502.01543565713604,507.8113590849291,501.84635683441803,506.61834716796875,3097700.0
2022-12-07,508.0463175966476,512.8088488714626,506.909665024919,509.9907531738281,2849100.0
2022-12-08,511.8225659465562,517.8626779731578,510.8080926986024,514.697021484375,2272300.0
2022-12-09,514.7063152922289,515.2323574578509,506.1956697311641,506.50567626953125,2852400.0
2022-12-12,508.99503802763826,512.9685920244083,506.58091978814616,512.7619018554688,2714100.0
2022-12-13,517.1767805225242,517.5807005833622,502.6541773074678,505.5849914550781,3369700.0
2022-12-14,509.0700313910022,510.5260355706681,499.3382244428574,505.71649169921875,2654600.0
2022-12-15,501.6115960078842,501.6867612747965,493.60818644357227,495.6842041015625,2963800.0
2022-12-16,493.30755581339,493.92751149023576,484.44929335301606,491.9454650878906,7109100.0
2022-12-19,492.79086648470354,495.24265276059845,489.34341291541966,491.85150146484375,1808100.0
2022-12-20,495.03591766481685,495.03591766481685,488.1879679325696,488.66705322265625,2086100.0
2022-12-21,491.8797505186683,495.8720521824589,486.6850340097918,495.5526428222656,2182000.0
2022-12-22,494.55694856407166,496.9335699271977,490.00105049505885,495.1300048828125,1851600.0
2022-12-23,492.32121235186537,499.09405517578125,491.19402013049563,499.09405517578125,1292300.0
2022-12-27,501.55518914795863,503.3494085538985,497.7225635766394,499.7328186035156,1596700.0
2022-12-28,502.6260318295119,505.5192920508743,495.7310675792529,496.4074401855469,1694200.0
2022-12-29,500.24944877377084,501.32033870317554,496.7925922305865,497.7507629394531,1379700.0
2022-12-30,497.86345291740525,498.3331354201575,493.0163547160894,498.03253173828125,1849600.0
2023-01-03,493.2888229091291,493.75850548137066,481.10522717134876,487.1923522949219,3525600.0
2023-01-04,487.192303542812,487.192303542812,470.24615000529496,473.90966796875,5070400.0
2023-01-05,470.6312825125423,471.64578413066266,458.87981682227644,460.25128173828125,5497100.0
2023-01-06,461.7824357832516,462.9848218336321,457.9780190093918,460.2888488769531,4841300.0
2023-01-09,462.55275901621314,469.6731336557041,458.91742077060206,460.3452453613281,3702800.0
2023-01-10,459.2085986451376,460.730365400354,453.41270382178436,456.5314025878906,3164000.0
2023-01-11,455.8644299422811,465.54928039664526,455.5920060767958,463.482666015625,4274200.0
2023-01-12,460.28892973605963,468.4895979268372,455.7987654049122,465.6151428222656,3726800.0
2023-01-13,456.63475535914955,478.6065188256246,456.5314389582995,459.8849792480469,5390100.0
2023-01-17,461.41608244369496,463.050568309907,454.44598178730126,455.6671447753906,4495600.0
2023-01-18,458.45708833339086,459.8191790845649,445.96354498548965,447.3631896972656,4398200.0
2023-01-19,448.89443490444984,456.89784460151077,448.44355796409735,454.99090576171875,4549600.0
2023-01-20,456.08991695582705,457.46138191819176,449.9558642537097,457.207763671875,3525900.0
2023-01-23,457.1701482311729,460.3827891230115,452.20092805508995,456.3529052734375,3418700.0
2023-01-24,469.9267749924838,469.9267749924838,450.8952296668102,461.7918701171875,3036300.0
2023-01-25,459.61254190137885,465.3238689332974,456.2778073581399,462.6372985839844,3037300.0
2023-01-26,462.63730725508185,466.34781083089024,460.83371366706024,462.6185302734375,3005000.0
2023-01-27,463.45449718026896,463.45449718026896,455.0941545631163,456.5783386230469,3177100.0
2023-01-30,458.2316746104212,465.22055305673,455.40417656323245,456.33416748046875,3606900.0
2023-01-31,467.8038450717709,474.84908370236985,463.2291413743792,468.92169189453125,5567000.0
2023-02-01,469.63561004674216,473.79699070879843,465.61512842130713,466.8644714355469,3451200.0
2023-02-02,464.29059571081626,464.98571669966805,435.7620826891378,442.28125,11169900.0
2023-02-03,446.4144608049452,449.7491952489529,441.26673003644953,443.3990783691406,5440100.0
2023-02-06,443.3802642887562,449.92763925343485,442.4503021451959,446.4237976074219,4174200.0
2023-02-07,442.4785581116452,449.0916679752836,440.5904250300595,447.9644470214844,3394600.0
2023-02-08,446.6398737075989,455.6296035574234,446.3016874037041,453.9199523925781,3466400.0
2023-02-09,456.18388978541395,460.00711272046567,453.1497301145173,456.27783203125,3664600.0
2023-02-10,459.4716745623372,465.6057277671337,459.11471122313344,464.2812194824219,3418100.0
2023-02-13,464.0463655249883,469.5604341480253,461.94219684670253,465.31451416015625,2589000.0
2023-02-14,464.31875924026224,467.7568387681251,459.4340495065765,462.947265625,2072600.0
2023-02-15,459.96005352192367,462.00786228395486,458.77647314902026,461.4630432128906,2242500.0
2023-02-16,461.3691670075824,464.04636329850337,457.7244258022189,457.7995910644531,2611500.0
2023-02-17,457.8278040172513,469.1753227285863,457.7996242086603,468.818359375,3891500.0
2023-02-21,466.58266192142094,470.99766074113694,460.75858676859775,461.51947021484375,2877300.0
2023-02-22,462.92848018297593,463.9430104734528,459.03952384853693,459.2461853027344,2982800.0
2023-02-23,457.15145916371915,463.41700882268,456.40935264922206,461.87646484375,2511800.0
2023-02-24,459.89431282811597,462.6466741174628,453.7227064478363,454.962646484375,2940400.0
2023-02-27,459.13340739911723,461.171842003476,452.7363342282247,454.0138854980469,3006200.0
2023-02-28,453.4033582413699,454.05149377631705,445.1839137466976,447.0814208984375,3902100.0
2023-03-01,444.89269759255575,449.40166733711817,443.3803335202285,446.40509033203125,2996900.0
2023-03-02,446.395611430829,451.29909763374,444.5544641491614,448.7346496582031,2188800.0
2023-03-03,448.960139752564,450.04980666387877,445.46570057736363,449.54254150390625,2863300.0
2023-03-06,452.1821516295136,454.9814698116728,449.9558610374288,451.6279296875,3812700.0
2023-03-07,453.6945287042632,454.4835918827875,443.9063325602164,445.14630126953125,2589200.0
2023-03-08,443.1454801820238,446.56478286194204,438.4580575672581,442.0652160644531,3036600.0
2023-03-09,445.21211415035964,445.21211415035964,435.6305783721346,436.7202453613281,2780400.0
2023-03-10,436.2582242429238,441.99932900573845,431.37498967720757,433.9580078125,3787500.0
2023-03-13,432.3743457739303,443.4229186022445,432.3743457739303,437.1161804199219,2971600.0
2023-03-14,438.0305657521588,442.923237086554,432.75137953896586,437.9645690917969,3258200.0
2023-03-15,434.5802612241857,442.01826356613964,432.93051725305156,438.7658996582031,3770200.0
2023-03-16,438.0871490564783,446.2699010619095,436.5693984041193,444.9783630371094,2940500.0
2023-03-17,444.3844287550916,444.9689048097823,439.5860057800048,442.6026916503906,5290000.0
2023-03-20,443.07405612314267,452.331482668463,443.07405612314267,449.63531494140625,3119400.0
2023-03-21,450.98349239611736,453.8681855198071,448.4664415724937,452.59552001953125,3163300.0
2023-03-22,454.33948437736603,457.91233761760043,447.61795172871956,448.27783203125,2632200.0
2023-03-23,450.059589168933,453.1328357380232,439.9348838726816,442.9892578125,3284900.0
2023-03-24,442.1125033544088,449.55991261757475,440.80212158647896,448.72088623046875,2533200.0
2023-03-27,457.7331857915804,458.4308112984475,451.1719271325163,454.29229736328125,2271800.0
2023-03-28,454.3866667277991,456.0741273422002,443.72460844699214,445.5063171386719,2369500.0
2023-03-29,447.89132182780736,448.6172275682005,438.3134052574539,439.85943603515625,3733200.0
2023-03-30,439.8405941962816,443.46060029280653,434.6650922313407,443.1306457519531,3324600.0
2023-03-31,444.50703948844654,448.7303947370205,443.16840610232424,445.5157470703125,3996700.0
2023-04-03,457.4033342240948,467.7071573221331,455.7912778922502,465.8782958984375,4729100.0
2023-04-04,464.78469842323983,467.6788274455651,463.66287028454377,464.9920959472656,2624700.0
2023-04-05,468.89494798247296,482.42282521714924,467.67884297080394,480.056640625,4964800.0
2023-04-06,481.7252751438101,484.77964928689727,478.09583238545116,483.43157958984375,3472600.0
2023-04-10,481.54615990888533,485.8637920078506,478.98198507081,485.6658020019531,2714500.0
2023-04-11,486.57080188413534,492.3024425416896,485.7034664566656,491.1240539550781,3065300.0
2023-04-12,494.90427394747115,496.5257663667452,490.2472805143503,491.3314208984375,3422400.0
2023-04-13,493.89560660218604,500.06097226718424,490.68098798248894,496.08270263671875,4224400.0
2023-04-14,492.09507108832355,497.03486681032905,479.3684744222462,482.4700012207031,4872000.0
2023-04-17,479.57579524700907,480.3959489645453,473.9478111375299,476.39886474609375,3660900.0
2023-04-18,474.81511146765547,477.9448891305881,469.6019224414944,475.5787048339844,3232000.0
2023-04-19,471.96816227259154,473.21254744904815,455.923234609328,458.34600830078125,5809100.0
2023-04-20,457.6578281296343,461.59835249733084,455.5744452491826,459.5338134765625,3283000.0
2023-04-21,461.96601840974415,462.6164911772554,454.5186086836348,456.10235595703125,3165300.0
2023-04-24,455.7158265936644,462.13568477410166,454.99935718687254,460.92901611328125,2322400.0
2023-04-25,464.4547218514286,469.94130527906566,462.4750235377272,463.73828125,2937300.0
2023-04-26,458.03495689655784,459.76013401654933,450.9551885761019,455.2822570800781,2930000.0
2023-04-27,454.5751604292127,462.8521601235918,454.5751604292127,462.3713684082031,2473200.0
2023-04-28,460.69334856650266,465.66142418394537,460.15599649956886,463.8985595703125,2398900.0
2023-05-01,466.2553338583433,470.78036298647237,463.6345989697199,467.3017578125,2105600.0
2023-05-02,466.87748207751844,468.2538316674257,461.2400616391686,465.1240539550781,2152300.0
2023-05-03,466.07622828325043,467.06609191563246,460.07116490328787,461.400390625,1749700.0
2023-05-04,459.1473323958067,461.6361029813656,454.3395298205969,459.3641662597656,2555700.0
2023-05-05,465.755706716303,472.15672125720346,463.84200489717824,465.9631042480469,2329400.0
2023-05-08,463.8514337495285,466.0290934131813,460.3445483950714,464.398193359375,1738500.0
2023-05-09,464.60559006784194,470.78977065221255,462.21109656577295,462.2865295410156,2038600.0
2023-05-10,461.3626947880518,465.1995349399253,459.7035432171964,461.99432373046875,2018700.0
2023-05-11,460.04289943710194,462.0414418561664,457.83695947817694,460.7593688964844,2384200.0
2023-05-12,460.75936316265773,464.66217111241815,459.8072160002485,463.0878601074219,1536500.0
2023-05-15,463.2481160918117,463.61578714061307,455.98925964922904,458.96820068359375,2169700.0
2023-05-16,459.6846845272429,461.18359140616826,451.56795748620755,452.2372741699219,2178900.0
2023-05-17,452.50117743301854,457.59180992528997,450.1821169540643,457.0356140136719,2682000.0
2023-05-18,454.4337216167445,454.90507700843045,446.74122694136946,451.7752990722656,3040100.0
2023-05-19,452.10520402703946,457.0261552405692,450.43661637418256,451.3887634277344,2317900.0
2023-05-22,452.91598180138755,454.57516202561396,450.5309246136874,453.0856628417969,2242800.0
2023-05-23,448.90005050870536,455.69701652465886,445.4685979375634,451.9732971191406,2874200.0
2023-05-24,453.07623284017586,455.5932833849865,451.454797850228,453.28363037109375,1904700.0
2023-05-25,450.2670111449708,454.16981930554067,447.1277677415471,450.3330078125,2684100.0
2023-05-26,450.67237140165116,460.41059112778265,450.61581104908487,453.93414306640625,3135200.0
2023-05-30,449.371365909392,458.0348802444991,448.7586096586915,452.3597717285156,3180800.0
2023-05-31,450.7288678950223,459.4772226732709,449.7767208129671,459.3263854980469,4944100.0
2023-06-01,459.84494427468553,470.205327551048,458.2611681452092,465.3503723144531,3376600.0
2023-06-02,463.8137671433834,472.31700918408075,462.26770744366365,470.9595031738281,3064500.0
2023-06-05,472.0153222670472,474.0892688234924,468.9232319073506,469.64910888671875,2688800.0
2023-06-06,471.26115501570547,471.26115501570547,455.9609761099836,459.6375427246094,3816600.0
2023-06-07,461.8811605151081,462.3430795934947,454.0095197082693,454.5091552734375,4381700.0
2023-06-08,456.63968364009054,463.6440177558121,454.79194981723094,462.1451110839844,2725900.0
2023-06-09,461.91883668136745,469.67735660309313,459.3169745435048,465.34088134765625,3174100.0
2023-06-12,464.0965398801802,466.1233912227887,460.7216476961392,464.36993408203125,2207700.0
2023-06-13,462.7485044544243,466.32138689474004,460.665121377709,463.1632995605469,3016600.0
2023-06-14,428.5940310948805,434.2408593063281,420.147322023465,433.51495361328125,14672400.0
2023-06-15,437.310784287074,446.78606581667157,436.2884898977575,441.0024719238281,6798100.0
2023-06-16,441.2391065934661,443.4919442165639,433.4676588599783,433.99774169921875,7699100.0
2023-06-20,432.3507275255426,445.3567368830158,432.3507275255426,444.3155212402344,4597700.0
2023-06-21,443.89903072926097,453.7623854443298,442.23303945364916,451.2823486328125,4886500.0
2023-06-22,452.6359520694509,457.36885556815866,452.46557447646154,453.45947265625,3179000.0
2023-06-23,452.77786031545804,456.5168650308761,451.0929480973686,451.5189208984375,4862600.0
2023-06-26,452.59809506666386,455.59873961130734,447.73265656073147,453.46893310546875,2968300.0
2023-06-27,452.58860659676463,457.3688272798623,452.247822544513,456.7819519042969,3693200.0
2023-06-28,456.214026022018,456.3654824004796,448.66033052494095,449.105224609375,3670100.0
2023-06-29,449.701526883568,454.08419995784715,447.8083655650785,450.9888916015625,2979300.0
2023-06-30,452.46558213624564,456.34656884835726,449.7394250528628,454.9645690917969,3970400.0
2023-07-03,452.5602386556836,454.55751006767423,450.85637606248935,452.35198974609375,1915700.0
2023-07-05,450.6008108800709,451.7935118097673,445.45140954491745,446.0477600097656,5053100.0
2023-07-06,444.2776326943438,447.16469211436214,441.7218533910809,444.2870788574219,3913600.0
2023-07-07,440.1600483647892,443.57719100336965,436.2033477662164,436.9227294921875,4131600.0
2023-07-10,435.4271189072433,438.3615248338709,434.631994591373,438.3141784667969,4339200.0
2023-07-11,437.6705097965556,441.57041762435864,436.5062340336762,438.1627502441406,3086800.0
2023-07-12,438.2668455067411,439.9896292406169,427.14452275360026,427.57049560546875,7287600.0
2023-07-13,427.85444965713987,430.5995277380898,423.29192403535444,423.83148193359375,7276800.0
2023-07-14,437.8409070364015,459.0916560735076,435.5312477340333,454.5196838378906,11379300.0
2023-07-17,455.4093880467676,458.71297405269115,452.7494988165805,458.2207336425781,4582000.0
2023-07-18,463.1902558491379,477.474182017073,461.45802612304686,473.290283203125,8816400.0
2023-07-19,480.4275911411637,487.16721242029666,475.63789496484696,476.792724609375,4956500.0
2023-07-20,479.59460162869743,481.5066843257804,473.7920570652725,477.3038635253906,2963100.0
2023-07-21,478.0705772458019,483.1442648857215,477.56889062372073,479.4715270996094,2887300.0
2023-07-24,478.33560178010043,482.5478973563391,477.61622010750125,481.50665283203125,2279000.0
2023-07-25,482.75613102113385,485.1225826437865,480.18143050019387,483.6364440917969,2730600.0
2023-07-26,484.21384897437053,488.3030552184209,479.56613475457567,480.8629455566406,3697200.0
2023-07-27,481.4025120785727,483.2294057392955,476.2531112029977,478.2409362792969,3028300.0
2023-07-28,478.222046014994,480.37080277572585,470.71566770411846,476.044921875,2930000.0
2023-07-31,476.1300353672921,480.7493532548589,472.40050554269175,479.32000732421875,2441600.0
2023-08-01,480.3897020856964,482.7940251363174,475.6473235659821,477.7771301269531,2161200.0
2023-08-02,482.4626551784854,483.20098687087295,476.1205537763608,477.8338623046875,3220500.0
2023-08-03,476.0259803125494,478.96983241263564,474.2748002466142,477.8907165527344,2442900.0
2023-08-04,482.75617376486304,483.6080906469778,474.94688271866676,475.8745422363281,2411200.0
2023-08-07,478.7237610734145,486.1638722414836,477.69199147538563,483.4566650390625,2430900.0
2023-08-08,476.1300734434442,481.0239081811196,473.3092526685283,478.8372802734375,2422600.0
2023-08-09,477.0766795882123,478.7142746219594,474.1233523841662,475.2876281738281,1916900.0
2023-08-10,477.5215477501699,484.68714140765763,475.92182412028285,476.5844421386719,2179700.0
2023-08-11,478.6195699953474,483.39034447322365,477.31328410007836,480.8724365234375,2029600.0
2023-08-14,481.9515316919622,486.0691632928475,481.09961488527705,483.6364440917969,2127200.0
2023-08-15,484.25168890066453,486.21114655594715,479.2253482436807,479.6229248046875,1817500.0
2023-08-16,480.8629767038325,483.2294283608395,475.9691419667082,476.66015625,1454100.0
2023-08-17,469.01181920974443,474.4546582762238,465.5473303548598,467.572998046875,3009500.0
2023-08-18,468.3491710359172,474.18011128379504,467.1375489641081,471.81365966796875,2364400.0
2023-08-21,470.9333052448407,473.5269267440758,469.7122082298473,471.0942077636719,1533500.0
2023-08-22,468.95503559179997,470.25184656335546,465.08349500483996,466.03955078125,2079400.0
2023-08-23,466.6642583818276,467.61083902763255,461.8650875746329,463.29443359375,2011400.0
2023-08-24,465.178132419512,468.95500894184744,461.18356083065527,462.0260314941406,2311100.0
2023-08-25,463.7488285220738,464.91310429333083,458.76032975304736,462.9915466308594,1923500.0
2023-08-28,464.2884174285392,466.7211370703225,463.0010813785186,465.0362243652344,1344500.0
2023-08-29,465.2160210385175,466.6074958327444,461.902988565344,466.50335693359375,2113700.0
2023-08-30,467.60134632560147,470.1760467404917,464.09901540074304,465.27276611328125,2283400.0
2023-08-31,466.0584406080469,467.44046917266263,450.8469113328508,451.12139892578125,4927700.0
2023-09-01,453.41213239082396,454.9739846894394,448.0734036466412,450.799560546875,3165900.0
2023-09-05,452.4655076659857,458.7129451392614,452.0300886968561,455.1253967285156,3443300.0
2023-09-06,456.33710425876365,457.3499525808172,450.9321363362881,451.46221923828125,2596100.0
2023-09-07,454.26405911158446,461.08889767419987,453.0335157918509,458.9117736816406,2928000.0
2023-09-08,456.30802011383315,458.94975720217377,454.93963539183477,456.8591613769531,1858400.0
2023-09-11,458.0089957664349,459.77647575230844,454.2269284743554,455.5382995605469,2059200.0
2023-09-12,453.6377813946292,459.58645312897204,448.63937522808277,456.0324401855469,2195200.0
2023-09-13,457.48632152618825,459.9665296089079,455.61429729510024,455.97540283203125,2197800.0
2023-09-14,458.62667264172666,461.13535864448977,454.9681444295521,459.5484313964844,2334300.0
2023-09-15,461.58192595708726,465.45902519563094,460.0615244515719,462.49420166015625,5334300.0
2023-09-18,464.11920775700816,464.43278263332525,459.54843271253935,461.8860778808594,1997500.0
2023-09-19,459.7004676505791,461.5724919273857,452.8395492807391,456.754638671875,3230700.0
2023-09-20,458.7407394626208,470.4860088979868,455.3102944090216,467.65423583984375,3724800.0
2023-09-21,469.6117377521861,480.017157197233,468.55692790442635,476.2160949707031,4703900.0
2023-09-22,474.18261173422275,484.0938765986932,473.2608527919013,480.92950439453125,4558500.0
2023-09-25,482.9820241374317,485.5287290962169,481.43308650211054,484.90155029296875,2758500.0
2023-09-26,483.62821602888243,484.08435399382626,479.2950068612406,480.3117980957031,2420200.0
2023-09-27,481.0530018277251,481.1765120053118,476.13060360434105,478.6773376464844,2593700.0
2023-09-28,480.80586734080254,488.57906167418645,479.89362052165313,484.73046875,2922000.0
2023-09-29,484.4929171226669,484.5214239303901,478.7437929001847,479.1144104003906,3006200.0
2023-10-02,480.3877707318343,489.23477020518413,478.11665101296427,488.9781799316406,3550400.0
2023-10-03,487.7713713195178,488.4175450343842,483.07705645010395,484.1318664550781,3143200.0
2023-10-04,484.1508655218484,486.3650008578726,481.41409564717554,485.22467041015625,2801700.0
2023-10-05,486.1748621888658,492.4371377622522,485.8042736995848,490.5555725097656,2790700.0
2023-10-06,490.76471626831375,499.7922401222197,490.3180612441636,498.70892333984375,3647200.0
2023-10-09,495.2309916348951,500.6664835867874,494.37572930698303,500.32440185546875,2341600.0
2023-10-10,500.3147845979601,501.87323393427636,497.06489283533233,498.16717529296875,2455700.0
2023-10-11,495.0122795055023,499.45006107388326,494.3565940017965,498.0626525878906,2819300.0
2023-10-12,498.38576623162214,502.29140188688416,496.27620446127827,499.4025573730469,2377300.0
2023-10-13,506.7290860681661,517.3815833752607,505.54125417396034,512.5732421875,5245400.0
2023-10-16,516.1653487587207,519.5863402958302,509.45647481048155,511.2715148925781,3827600.0
2023-10-17,513.0863746993623,515.4525265988615,507.98345342223394,509.96002197265625,2586000.0
2023-10-18,516.0321880665524,516.925440011628,508.77220327848954,509.39935302734375,2551400.0
2023-10-19,510.12163959956615,511.56606202221315,502.92812129673786,505.18975830078125,2351200.0
2023-10-20,504.5910693398619,507.8504736187703,500.5714641270308,500.81854248046875,2811100.0
2023-10-23,500.81853728752543,501.53123653061556,494.4136980366141,495.63006591796875,2357700.0
2023-10-24,496.8558221385025,504.2773936233918,496.10513324808505,498.889404296875,1978200.0
2023-10-25,501.0466096139865,505.8834295029419,494.21419697352275,503.84039306640625,2380100.0
2023-10-26,499.5546553593442,504.0873829934765,496.5328176033856,502.08233642578125,2675800.0
2023-10-27,499.83018416112714,501.4931489295103,495.33544651845756,498.5663146972656,2585600.0
2023-10-30,498.88944003908165,505.3702583915425,496.9318952229127,503.6312561035156,2555400.0
2023-10-31,508.39213942719994,509.98857881161575,505.18023678486827,508.9242858886719,2464200.0
2023-11-01,503.6217985667999,509.18088772747166,500.59996059210937,505.1612243652344,2747400.0
2023-11-02,505.54134049426943,510.1406518937843,500.74251042220715,509.4659423828125,2350900.0
2023-11-03,507.9835527011396,509.32340184598286,502.50050093901257,504.49609375,2739500.0
2023-11-06,505.1897086390379,509.36138856830394,503.68827274202,506.9287109375,2684900.0
2023-11-07,508.7342040673912,512.8108808224642,505.0852164540196,511.0813903808594,2604800.0
2023-11-08,513.1434283580311,514.4738234091736,507.57488581464474,510.0360412597656,1769200.0
2023-11-09,510.86284205989296,514.008219360462,507.89801757112286,512.1932373046875,1819600.0
2023-11-10,515.6901365388009,515.6901365388009,509.3613930682452,514.2932739257812,2480800.0
2023-11-13,514.2363931138168,517.0871906925693,511.157483009079,515.5857543945312,1507900.0
2023-11-14,512.2217544335864,515.680677544575,509.8270662801499,513.5806274414062,2454000.0
2023-11-15,513.19104875461,513.5806902238359,505.2563522915386,511.6325988769531,2473700.0
2023-11-16,511.632444182226,517.7616685188686,510.7391922540994,512.9723510742188,2360300.0
2023-11-17,513.400077953896,513.6376443833636,502.0634148996522,509.61798095703125,2676900.0
2023-11-20,507.0712350560917,509.6654996972005,505.3512565649097,508.48712158203125,2518400.0
2023-11-21,511.02429401811736,514.7302946503937,507.6223273047166,512.7537841796875,2115700.0
2023-11-22,515.9657446686376,517.3246756734674,513.3905617145426,516.7164916992188,2234500.0
2023-11-24,517.8281379940324,520.3558765380321,515.8135799061225,519.8901977539062,1135000.0
2023-11-27,519.8903153617312,523.4918593050043,514.5973867161626,516.554931640625,2675800.0
2023-11-28,518.4934877177409,518.6740405239245,513.2100126521118,513.6471557617188,2859300.0
2023-11-29,503.6408034489462,514.9109403382928,502.3579679984971,508.37310791015625,4550000.0
2023-11-30,509.1427081336164,526.3900493714838,507.4512657805884,525.46826171875,7121200.0
2023-12-01,524.8295126878751,528.9105521848285,519.8140545872614,521.7210693359375,3462200.0
2023-12-04,522.7699126959798,526.2120600228965,517.7925744121642,522.7890014648438,2709200.0
2023-12-05,523.5709007559458,526.8414824185301,519.9952479329063,524.677001953125,2645600.0
2023-12-06,522.10251716341,526.2216761746517,521.663882801979,523.98095703125,2239700.0
2023-12-07,525.7162406408617,525.8688344035256,519.2038275098068,522.7794799804688,2511700.0
2023-12-08,524.638809600706,526.0786150750704,519.2228945946503,524.2097778320312,2039900.0
2023-12-11,524.2002343181153,524.4290667811151,513.9976935612427,518.4028930664062,3655300.0
2023-12-12,520.4243193470669,522.0357491564009,517.4208060013368,520.3480224609375,2706100.0
2023-12-13,518.7080865104758,523.8760809300469,513.5496364776213,523.4851684570312,2876600.0
2023-12-14,518.9941078371905,519.5852778168426,504.78688135534173,509.4018249511719,5386800.0
2023-12-15,505.3589257251602,508.6962016497603,498.6462545307693,506.4268493652344,9030100.0
2023-12-18,504.5103126805289,506.76057629414635,500.81069912035565,502.0693359375,3260300.0
2023-12-19,500.20047049885073,503.0895676461853,497.52111704385936,499.6759948730469,3645600.0
2023-12-20,499.49481633233495,500.42929313639354,491.88584608447815,491.94305419921875,3847800.0
2023-12-21,494.75596517760016,496.6057720140799,492.48661272261546,495.70947265625,2491600.0
2023-12-22,495.7094445918712,498.69392748687807,493.9359347493838,496.11944580078125,1759500.0
2023-12-26,495.7094591480314,497.23504779330716,493.8882273228517,495.8525085449219,1390800.0
2023-12-27,495.58551954896166,498.8369544936091,495.21363765925,498.4841613769531,1851800.0
2023-12-28,499.13252685556927,503.32798299810077,498.6271981596946,500.49609375,2001000.0
2023-12-29,501.52577167239673,503.6807075706834,499.5615488814528,501.99298095703125,2080100.0
2024-01-02,502.34580728834976,514.5697195571477,502.1836691465454,514.2646484375,3415700.0
2024-01-03,517.7925833310453,521.3682357066677,514.3980996703531,516.82958984375,2891400.0
2024-01-04,519.6615548891745,523.475584649829,517.7545400088472,520.06201171875,2994400.0
2024-01-05,521.568487423496,521.568487423496,508.9154270670164,512.395751953125,2815400.0
2024-01-08,514.3218502518556,515.1323081610913,503.4518439778921,511.57574462890625,2648900.0
2024-01-09,512.9869286336365,514.5220614229361,507.58055852492595,513.3397216796875,2677000.0
2024-01-10,513.0822528677384,516.0381604047927,511.2229601978989,512.6436767578125,2180000.0
2024-01-11,511.2039275534478,515.0465321167882,509.6783389908385,514.5888671875,2814100.0
2024-01-12,494.73685389256605,503.90959076398696,489.27327491170774,497.263671875,6327300.0
2024-01-16,499.361388696384,500.1146386022921,492.53424302211425,495.0133972167969,3736700.0
2024-01-17,497.0443378860367,505.9881832611514,495.8238205468282,500.5341491699219,3791300.0
2024-01-18,481.7405628735871,492.8107991187623,474.3317916186578,492.33404541015625,7367000.0
2024-01-19,491.0562893446526,493.487721467933,478.48906935055777,480.1481628417969,6143400.0
2024-01-22,480.5105398475247,489.6928211162409,473.4164421925113,489.1397705078125,5922900.0
2024-01-23,488.672543563557,493.9931311624293,488.27208674997786,491.5521545410156,2672900.0
2024-01-24,493.82145124220597,497.4733422790126,489.1015784935836,489.3685302734375,2918800.0
2024-01-25,464.920635000962,472.47242584920315,456.73001053765677,470.46051025390625,14671000.0
2024-01-26,470.3460656697878,480.2720798568579,467.12320643667533,479.80487060546875,6212200.0
2024-01-29,479.7191038765823,482.9610523820027,477.8502374819334,481.0826416015625,4554100.0
2024-01-30,481.08264583942895,482.5224222684737,476.0099793391024,480.19586181640625,4931200.0
2024-01-31,481.05403597890495,491.0563194657473,481.05403597890495,487.9478759765625,5358100.0
2024-02-01,485.1731071106454,486.4984962262807,479.6141723498739,483.56170654296875,4242600.0
2024-02-02,484.62010164710466,489.0634202087879,481.89308464408754,486.508056640625,3804500.0
2024-02-05,486.25057032902777,490.29346103298553,476.8013095764067,479.5760192871094,3646300.0
2024-02-06,480.51052746484623,487.1850793479248,479.08981073275817,486.9276428222656,2745400.0
2024-02-07,490.11234359572785,496.77735095043465,488.85370685530455,495.2422180175781,4109100.0
2024-02-08,496.4245715408035,497.883407627221,493.2303449704477,495.9096984863281,3343000.0
2024-02-09,494.8607451242959,496.1956786254647,492.28626377059425,494.12652587890625,2715400.0
2024-02-12,494.1266008150285,494.86082017176517,488.9681511381841,493.5736083984375,3194000.0
2024-02-13,497.7308684269261,502.4316529783724,490.30306664804397,492.8202819824219,3436000.0
2024-02-14,491.3042424480867,494.42223033409016,490.3793099881746,492.9061279296875,1918500.0
2024-02-15,493.2875684544171,497.4925106906436,491.8191297390078,496.6629638671875,2292100.0
2024-02-16,498.0168577794407,499.43757436375665,494.7654234500475,497.3017272949219,2135500.0
2024-02-20,499.83810510009283,500.9441480108095,495.2612232968619,496.83453369140625,2600200.0
2024-02-21,499.3231836264571,499.3422723968749,493.47817884554183,497.70220947265625,2095900.0
2024-02-22,499.82858162230025,502.25046942313,494.4794191730519,502.0216369628906,3186800.0
2024-02-23,502.2600550600234,505.83570803861875,499.79044512925043,502.7272644042969,2502000.0
2024-02-26,503.757037095667,508.0382760146943,499.9334631059425,500.8965148925781,2308900.0
2024-02-27,500.3625429684874,501.1539703906475,488.2434431951185,489.54974365234375,3780600.0
2024-02-28,472.4056596994268,475.3710534391747,461.8694156592105,475.1136169433594,9558600.0
2024-02-29,475.3234254249879,478.42232438713677,468.7442303712497,470.6512451171875,6833200.0
2024-03-01,466.66560544810494,467.2376866102639,455.06140756336964,466.7704772949219,7315000.0
2024-03-04,460.7729142733048,464.3962599123803,457.7789161192069,459.46661376953125,5239800.0
2024-03-05,459.962404863421,460.4486738039857,448.73960521067795,451.1519775390625,5296200.0
2024-03-06,452.38207471939035,457.492860659294,446.4226531856942,450.62762451171875,5577500.0
2024-03-07,451.9624995450537,458.81821995676887,451.5811024115983,456.520263671875,5102000.0
2024-03-08,457.8892061882252,463.556235906504,454.4813402757873,456.2044372558594,4673600.0
2024-03-11,456.6159566601098,469.35716686631736,455.65869050358964,468.2467346191406,4410100.0
2024-03-12,467.2703664603942,471.24301544615815,466.5236999744276,468.438232421875,4153800.0
2024-03-13,472.4299725734201,474.804003105789,464.58996058828734,467.1458740234375,3669000.0
2024-03-14,467.8351160594184,468.75408338770603,464.4559677035561,468.1031494140625,3378500.0
2024-03-15,466.6194155660761,470.2282985821728,466.6194155660761,469.84539794921875,5713500.0
2024-03-18,471.07072327804235,471.07072327804235,465.5951592082035,466.23651123046875,2970500.0
2024-03-19,468.7445402162413,472.3534231749171,466.9448751352014,472.2385559082031,2511700.0
2024-03-20,471.4248519221286,473.4638334519361,468.5243367185353,473.1096496582031,3548200.0
2024-03-21,471.24297565736845,474.99547179144474,470.2857095144703,470.6781921386719,3693400.0
2024-03-22,474.0382523953181,474.6413055855202,468.8402745245705,469.1274719238281,2847300.0
2024-03-25,469.6348446587776,470.4772436626443,463.383896994317,465.1165466308594,2786100.0
2024-03-26,467.2703627435159,472.2577115496795,464.4942965594886,471.271728515625,3113300.0
2024-03-27,472.602380755471,474.5456301626112,470.3145002916999,472.02801513671875,2653100.0
2024-03-28,473.84679954078666,474.6796165143127,468.39037016372566,473.55963134765625,3820000.0
2024-04-01,473.33943431622316,474.59345074150605,467.8160186813013,468.7732849121094,2928700.0
2024-04-02,439.95955115516966,443.8651843954112,430.38688915968487,438.56195068359375,11867000.0
2024-04-03,442.2569672533781,443.0706493345203,436.0825888173848,440.0935363769531,4460400.0
2024-04-04,441.12745275872396,441.98898656529593,432.60778873649303,435.919921875,5182000.0
2024-04-05,431.43034332451316,438.18864094388476,430.77940926344843,436.2645263671875,5747400.0
2024-04-08,436.4846803986757,437.66212836853555,434.2063821162436,436.5133972167969,4532300.0
2024-04-09,434.86690174537574,440.1127312020076,433.1246701957507,440.0744323730469,3521200.0
2024-04-10,436.02521901378003,439.1363344985915,430.55923660330785,430.81768798828125,4493500.0
2024-04-11,431.14310763864034,431.5068442298657,422.61386288850514,422.8435974121094,5844100.0
2024-04-12,421.5226037488703,423.34140372392073,417.7318376979778,420.43133544921875,6045700.0
2024-04-15,423.11166681869645,429.19031312360005,423.1020848082483,426.5865478515625,5376800.0
2024-04-16,456.39580281508853,459.24846665266915,445.7031555529191,448.8525695800781,11816500.0
2024-04-17,458.14767741113013,467.14597518888166,454.30903002899936,458.52099609375,8759800.0
2024-04-18,465.35589813600933,480.5477105256872,465.20273201349465,472.1046142578125,8880400.0
2024-04-19,475.76132943686594,485.62116019253256,474.3828636905565,479.71484375,6618600.0
2024-04-22,476.5079664271538,478.07789701286254,469.673100970805,470.2378845214844,4697700.0
2024-04-23,470.01771674178366,473.18626561125643,464.24540257029514,465.4036865234375,3646700.0
2024-04-24,463.1062634084126,467.96916308509,460.16744902141266,466.475830078125,3724400.0
2024-04-25,468.0648641971114,475.88574175840444,466.6959805680018,472.7554626464844,4329700.0
2024-04-26,470.9749760791108,475.9814888823209,470.4006105094957,474.18182373046875,2727000.0
2024-04-29,474.52639735712,476.0963278732502,466.92570175187785,468.1318664550781,2192100.0
2024-04-30,468.0648941784983,468.7828438610259,461.96711288238214,463.0296936035156,3367500.0
2024-05-01,458.77946193438356,468.2851093991807,456.6830463744985,463.42218017578125,2729200.0
2024-05-02,463.58482811174656,472.59270566445537,463.2593611416942,471.9034729003906,3561400.0
2024-05-03,469.8837131401778,471.7312592665805,465.02081328174097,471.4057922363281,2487600.0
2024-05-06,471.43449585632965,473.72234701516095,470.97499753701334,473.2532958984375,2029500.0
2024-05-07,474.80406107487596,480.2126095569305,473.8850936525609,479.5520935058594,3752100.0
2024-05-08,482.6249598097555,485.3340105651067,478.7097149634367,481.7059631347656,3078900.0
2024-05-09,480.6816846845609,486.2625340203921,480.6816846845609,485.3627014160156,2342900.0
2024-05-10,487.2484786438843,491.63277404504214,485.33394631129534,490.8956604003906,2784600.0
2024-05-13,490.1681796486398,492.67621259053175,485.6307468976887,489.8714294433594,2454500.0
2024-05-14,492.59011152653255,494.11213223223433,485.6211847820687,491.9200134277344,2949700.0
2024-05-15,492.8293998313208,500.2577952793872,492.8293998313208,495.4331359863281,2981200.0
2024-05-16,497.77848525751693,505.58975270295304,497.30943411009736,498.9942321777344,3655800.0
2024-05-17,500.59281949290715,503.37843859695107,497.7880363670891,502.2106018066406,2657200.0
2024-05-20,502.21059411131546,502.21059411131546,494.46628449187426,495.1268005371094,2476200.0
2024-05-21,496.17024356603486,502.2967124340199,493.87278122373147,501.1767272949219,2521900.0
2024-05-22,500.47795152595376,503.7901138090546,498.40070010767005,499.07073974609375,2299100.0
2024-05-23,496.17024435074035,497.99859716065345,493.2122659623637,494.7439270019531,3055400.0
2024-05-24,494.05461527729153,495.0406274499591,485.83170261060667,486.4539489746094,2527800.0
2024-05-28,484.9989044783575,484.9989044783575,480.45189012125695,482.15582275390625,2912800.0
2024-05-29,471.30043675792103,472.79376969080334,453.04536333765634,464.0060729980469,7521600.0
2024-05-30,461.708672512019,465.26012217975716,457.57327523092204,461.0672912597656,5169700.0
2024-05-31,461.7947666184322,477.11102500819425,461.7947666184322,474.200927734375,6694800.0
2024-06-03,473.0139766850222,477.36952643620737,471.99927679731604,476.1825256347656,2795100.0
2024-06-04,477.25467102238014,486.54971835914284,473.45432274770246,483.8885192871094,3178400.0
2024-06-05,486.9613125669134,487.3442131923836,477.48435410921564,481.6197509765625,2464400.0
2024-06-06,482.12709056110475,483.1322375465803,476.0293098603087,480.4710388183594,2419600.0
2024-06-07,480.5859555456659,481.3708916671651,469.46252641296593,469.7209777832031,3416300.0
2024-06-10,470.0177064221314,474.22011908245355,465.4132583154384,473.8467712402344,3332800.0
2024-06-11,469.8836862686316,476.5079814148807,469.3380667213383,475.0146484375,4599700.0
2024-06-12,478.6330846019024,478.6330846019024,466.5906890472344,471.9992370605469,4048200.0
2024-06-13,469.32849390182685,480.54765547304214,463.68062889333913,476.0484924316406,4951700.0
2024-06-14,475.5985747952302,476.5750050599828,470.7165403252565,475.8761901855469,3188400.0
2024-06-17,472.3289139405024,474.0496979656451,469.80064786765644,470.3101501464844,2407200.0
2024-06-18,471.7328348692889,472.64610739152636,460.5141635217581,462.4464111328125,3692700.0
2024-06-20,461.47549964718996,467.1281080609112,459.62011592576664,465.7822265625,5258100.0
2024-06-21,465.7053410317818,469.41604986149804,462.0042255244408,463.9268798828125,6368600.0
2024-06-24,469.95438633809766,471.9059086574693,465.7630139580017,471.0310974121094,5139800.0
2024-06-25,471.66556322450054,471.66556322450054,462.01383050043285,465.76300048828125,2916100.0
2024-06-26,465.76303360130055,468.58933794785287,462.8502133262674,465.3208312988281,3153100.0
2024-06-27,466.2917623053577,470.0698006248116,463.4077806083761,467.6280212402344,2991900.0
2024-06-28,477.1740287390841,489.7001223248065,470.4831989240685,489.5655517578125,22734200.0
2024-07-01,487.1526044114235,489.22907487917837,473.82862224838874,475.5205383300781,4523100.0
2024-07-02,475.14555546053697,479.19273445314,474.3092055535315,478.97161865234375,3312000.0
2024-07-03,477.8950186578307,478.8178846435929,467.7049434961616,470.94464111328125,2239200.0
2024-07-05,470.0889725492511,470.73307464298904,465.76300040922735,469.13726806640625,3499000.0
2024-07-08,470.27163931191365,474.7802660734779,467.3684418281639,470.41583251953125,3450600.0
2024-07-09,469.44491954743347,476.2415101947016,467.2915559116175,473.0787353515625,3056800.0
2024-07-10,471.9539680482365,482.10558072101486,471.16567271974606,481.5576171875,3189800.0
2024-07-11,478.45253691395004,489.05597426310794,478.45253691395004,484.8549499511719,3535100.0
2024-07-12,487.3160067838115,494.67015414198585,483.96095483994714,491.7477111816406,3570600.0
2024-07-15,503.9661457631072,510.30131762464555,493.92988777027324,495.4391784667969,5128000.0
2024-07-16,513.252636159816,528.6530586233936,506.74443197855396,527.6436767578125,11062000.0
2024-07-17,532.5753227533958,551.4269369732473,529.9797273154936,551.1097412109375,10330800.0
2024-07-18,542.6692284364503,559.0117915603115,539.7083241003713,542.5154418945312,6834800.0
2024-07-19,545.1879177798318,547.8604357597648,539.8236951733635,543.4671630859375,4290400.0
2024-07-22,541.2752123072157,542.4288165629908,535.5361176799905,536.9300537109375,3377300.0
2024-07-23,537.1800255210613,537.2281388227071,531.4313074210002,533.2482299804688,2785600.0
2024-07-24,538.3432370757034,539.429541515926,531.6331919323604,538.1029052734375,3156200.0
2024-07-25,540.2658695715946,547.8507550252792,536.9781470789335,538.0355834960938,3102900.0
2024-07-26,538.3432444581764,556.7334389137371,538.3432444581764,547.6873168945312,3201900.0
2024-07-29,543.8325160699475,549.2543577289181,540.0352613040409,544.832275390625,2965000.0
2024-07-30,544.9764391591989,557.0218390391991,544.1015985075834,554.041748046875,4139100.0
2024-07-31,543.572895693834,558.4350364601089,540.5735592954935,553.8782958984375,4713200.0
2024-08-01,554.8780571096335,564.7797152765523,545.1686174378988,550.619384765625,3680800.0
2024-08-02,559.8096991357418,568.66348532255,553.0034859565749,567.0196533203125,5094000.0
2024-08-05,559.6077418188743,564.1259910454249,544.8417712474143,547.9180297851562,4587400.0
2024-08-06,546.235698055282,555.1856510984478,540.7753671138585,546.3702392578125,3216500.0
2024-08-07,544.6976443420093,549.5427714589134,535.4881711050516,544.1881713867188,4320700.0
2024-08-08,542.5442417270593,550.3117821404024,542.5442417270593,544.3419189453125,2860800.0
2024-08-09,542.7076246673929,544.0438835285322,536.0648796754654,537.1511840820312,2976700.0
2024-08-12,540.5735361869355,546.9951950562914,539.3526318262651,543.4286499023438,2532400.0
2024-08-13,547.9468910657636,553.464899903744,546.9951865088324,552.0325317382812,2369400.0
2024-08-14,552.9938907014637,558.6464997562779,551.1001041390149,557.2525634765625,2344400.0
2024-08-15,557.2525625431542,560.7806758722317,551.3308123729042,557.1948852539062,2751800.0
2024-08-16,558.454168210026,559.1559769492957,551.8979098104558,555.3394775390625,2728900.0
2024-08-19,555.7240318962038,560.7421316051751,554.7530820577484,556.39697265625,1847900.0
2024-08-20,557.4255933935208,561.2324705012221,553.2438432437716,558.1947021484375,1677500.0
2024-08-21,559.0213843888979,560.8286842024837,555.0991530195461,555.7144165039062,2844300.0
2024-08-22,556.848764964013,560.4056872390878,548.5525067669865,556.3392333984375,2282000.0
2024-08-23,558.5310668324038,562.5782752037903,556.079694366971,561.9053344726562,2376400.0
2024-08-26,565.3085380363561,569.1923380932243,563.0878741985466,564.4241333007812,1800000.0
2024-08-27,566.6735069829543,569.4325699817813,561.2036116338135,564.635498046875,1581900.0
2024-08-28,566.2313342680067,569.9132338131678,561.2900984582791,565.7794799804688,1657000.0
2024-08-29,567.8368483995882,569.6922031975142,561.7708749934978,568.6924438476562,1953200.0
2024-08-30,567.1830890220797,570.3170253087056,563.9049888498804,567.3753662109375,2944700.0
2024-09-03,569.6056546000982,577.4308140098606,568.9327137740153,575.5274047851562,3175500.0
2024-09-04,576.7962957444197,584.4292357384277,574.758286860103,580.8146362304688,2935000.0
2024-09-05,580.8242512729378,582.5642510619579,566.8657623230572,572.460693359375,2144800.0
2024-09-06,572.8259862560712,577.3826674165583,569.3556094350802,573.7969360351562,2926400.0
2024-09-09,575.181281869315,576.2963955744194,553.0227022404582,571.1244506835938,3411400.0
2024-09-10,572.1916144600423,581.4107099436081,568.2886281661349,575.8638916015625,2863500.0
2024-09-11,566.3563534794292,568.5289624651745,556.5796130435757,566.9427490234375,3563600.0
2024-09-12,565.7699141179023,567.6733231607648,560.6556464729262,565.6641235351562,3395800.0
2024-09-13,568.2213077406548,574.5660439016943,564.5201627510843,571.3359985351562,2241900.0
2024-09-16,574.0179632777931,577.6742917956476,567.0332835324367,568.3646240234375,2548600.0
2024-09-17,565.3449706913425,566.0298955880409,556.0642147879537,557.578857421875,3416000.0
2024-09-18,556.5176239143686,563.9075350349754,552.1280866615132,560.1740112304688,2988300.0
2024-09-19,563.135673963128,564.2065756822559,554.318031606628,556.72021484375,2945700.0
2024-09-20,551.5396491958913,558.4278791947858,549.5619519350063,554.7232666015625,5398700.0
2024-09-23,556.1606735272775,558.9969998567591,551.8290181036236,553.1892700195312,2386100.0
2024-09-24,550.6906025924453,556.9517297203126,546.0405680740049,554.906494140625,3188500.0
2024-09-25,557.49204651057,560.6177820595661,552.8709817801491,555.987060546875,2658800.0
2024-09-26,554.7232191938424,556.2667732941255,550.7774229088774,554.5399169921875,2751900.0
2024-09-27,557.3086714717364,566.0202655975463,556.2571422324178,561.3316040039062,2986200.0
2024-09-30,562.9234472169803,565.7404598058404,558.3312945073794,564.0618286132812,3009700.0
2024-10-01,564.3706540702435,567.9401896417821,560.2898389525465,562.7305908203125,2648400.0
2024-10-02,582.9513354940325,583.2021762540744,563.6469603449237,571.4227294921875,3667000.0
2024-10-03,569.7827407731783,572.3103444976476,563.7627972803102,571.8472900390625,2645800.0
2024-10-04,571.249187246312,575.1081316168771,567.6893087091529,570.3519897460938,2462600.0
2024-10-07,568.0268735491755,571.5481834112156,562.7594528104266,562.9813232421875,2591100.0
2024-10-08,567.3226990070166,568.4321690563628,559.122442295831,561.0712280273438,2231400.0
2024-10-09,561.6307096146805,571.8955152574226,560.1353805226494,570.3712158203125,2207700.0
2024-10-10,574.1915880409156,577.8286617467398,571.8569433161031,576.6227416992188,2143200.0
2024-10-11,575.4554022871919,580.308052926664,575.1756500279562,576.9603881835938,1909700.0
2024-10-14,577.9830416625612,587.1673483506395,576.3140670205208,584.05126953125,2447100.0
2024-10-15,532.5537120450756,549.610241510098,523.8517724158474,536.673095703125,11939400.0
2024-10-16,537.3676376670213,555.8616112939627,535.5442723971328,551.1923217773438,5103900.0
2024-10-17,540.8117567767515,549.3882155956394,539.0173029549586,546.069580078125,5588700.0
2024-10-18,546.8606343741782,550.8160877112821,543.1849921908951,549.5233154296875,3687000.0
2024-10-21,549.5522633939685,558.8523331449838,548.6454091421838,551.3176879882812,3018000.0
2024-10-22,547.8252756515324,552.8322574959213,545.5485129829785,549.764404296875,2593800.0
2024-10-23,551.9544402435403,553.8935691226433,540.2521872623921,544.7285766601562,2911900.0
2024-10-24,545.0662815477849,551.539682473388,540.5513233192316,541.03369140625,2590200.0
2024-10-25,546.1949212723022,551.3466375473242,543.7348561884176,544.6513671875,2513700.0
2024-10-28,546.2818269827571,548.2884945959937,542.9631323805204,545.3074340820312,1826500.0
2024-10-29,542.9727380854082,547.661341047372,540.8888752915482,542.3070678710938,2600300.0
2024-10-30,541.458068363579,550.1985739804252,541.1686593463611,543.1077880859375,2323600.0
2024-10-31,541.1011053891151,548.4041636106224,541.1011053891151,544.5934448242188,2490000.0
2024-11-01,545.191634931169,550.2179309777472,544.0146852073021,547.5455932617188,2548300.0
2024-11-04,546.7544839356493,548.5392809068492,535.8336650957058,538.100830078125,2656600.0
2024-11-05,538.5928614582286,548.6839626913584,534.8496809347594,547.0343017578125,2608100.0
2024-11-06,582.604083057415,584.1476370754228,570.0142313866171,575.6483154296875,6591300.0
2024-11-07,577.5778618051969,586.2122617326844,575.1274532931407,584.0994873046875,5254300.0
2024-11-08,587.5242659372961,597.9434037044484,583.8582806521817,594.0941162109375,3875800.0
2024-11-11,595.1457102101048,608.4879677763275,592.2707566566786,603.2012329101562,3003200.0
2024-11-12,597.7311494461629,602.4583205329171,592.1356924032639,592.9942626953125,2809400.0
2024-11-13,591.3831498158378,591.3928065967908,581.7936719153876,584.5045776367188,3409400.0
2024-11-14,582.1988342996049,584.6299877446063,568.219819756466,572.233154296875,3079200.0
2024-11-15,571.0465762539318,577.8093857412648,569.1460743992566,571.3456420898438,3423900.0
2024-11-18,568.6540126521547,573.1882838077811,564.6793048858136,568.8566284179688,2577100.0
2024-11-19,562.1709719935054,566.1457387567522,556.430839508307,556.6527099609375,3198300.0
2024-11-20,562.161342171383,581.388523804804,561.0422154242401,579.323974609375,3928600.0
2024-11-21,578.8415404775593,582.7004840807431,575.6868352394586,576.4200439453125,2722900.0
2024-11-22,577.4523917098973,580.057190749184,567.9111383082662,570.0335693359375,3197900.0
2024-11-25,576.5069919481006,588.3346654798481,574.0276132048398,584.466064453125,5146200.0
2024-11-26,586.7909687094367,587.0128391293512,577.7610545970267,585.39208984375,2693600.0
2024-11-27,589.4825990519066,595.6761869776958,585.3052761615776,586.926025390625,2269800.0
2024-11-29,587.3313526812306,594.0652510065612,585.2282349532828,588.6820068359375,2010800.0
2024-12-02,592.3479531377758,592.3479531377758,579.5845136414944,587.0612182617188,3364900.0
2024-12-03,589.3089575642272,594.0361874813939,583.4916301475398,583.8871459960938,2329900.0
2024-12-04,589.4730279600515,600.8665581203329,585.5657999318562,589.2510986328125,4147600.0
2024-12-05,584.2827764290424,587.5146187594361,553.6524057419427,558.55322265625,5943700.0
2024-12-06,561.5824202449493,561.5824202449493,524.9514251054093,530.2381591796875,13003600.0
2024-12-09,534.5768276307163,545.2102390916431,527.4491507817185,542.9247436523438,7684700.0
2024-12-10,544.2612713744265,549.8297808235421,539.4481707096998,547.3505859375,5360600.0
2024-12-11,538.1212591063079,540.4842459138001,515.8569192407734,516.6898193359375,10363000.0
2024-12-12,514.7529721752238,517.1449814513529,497.960260814667,499.480712890625,9403800.0
2024-12-13,499.36449827669105,510.87921984745134,494.59977876877963,504.05169677734375,8202900.0
2024-12-16,501.6499793570164,505.2332053170124,480.42184367452893,482.7654724121094,8880000.0
2024-12-17,471.6284868197461,479.9570450645955,460.8013758786074,470.1951904296875,14132700.0
2024-12-18,473.01327716435054,490.5516717842872,470.6599843357105,483.9469299316406,10147600.0
2024-12-19,484.353750200077,487.752941550745,470.89246184954123,473.8074645996094,7418100.0
2024-12-20,473.8461494372385,486.77477842340295,473.30382753775194,484.343994140625,10956900.0
2024-12-23,484.9541706805335,492.72101916113115,483.29812332966145,490.3580322265625,4286000.0
2024-12-24,488.4792568433077,490.1256103515625,484.7895169572707,490.1256103515625,1824400.0
2024-12-26,489.68980522702617,496.0524092053198,488.7988603886508,495.0162048339844,3387000.0
2024-12-27,493.3408360324671,496.9821364462745,491.7719443910266,493.892822265625,3471800.0
2024-12-30,490.86160965080677,493.6410466620811,484.8573223133883,491.7719421386719,5408600.0
2024-12-31,493.27305137051223,494.87096540665374,487.4527395606917,489.8931884765625,4214000.0
2025-01-02,491.96561798775014,495.94587681334474,487.4042914977609,488.5857849121094,4234900.0
2025-01-03,490.36767496694546,499.99390358898654,489.42829067233157,496.8077697753906,3019500.0
2025-01-06,496.8078292588768,503.8774025318614,493.7282088722998,497.4566650390625,4444800.0
2025-01-07,502.4731549570934,503.1026622010019,495.08401074982714,498.01837158203125,3914500.0
2025-01-08,498.260482635259,508.10946338007295,493.42799489468575,507.9642333984375,4141700.0
2025-01-10,510.0173042082741,518.5492255965776,502.10513712573095,504.2550964355469,5467500.0
2025-01-13,518.1521344774897,530.1220520173557,516.3121409804821,524.0596313476562,6472500.0
2025-01-14,522.6167040814139,527.3620067689919,519.6145159073156,526.5775756835938,3978300.0
2025-01-15,520.147054307607,529.0469852632218,517.4645262536341,526.267578125,4103900.0
2025-01-16,513.6101577603758,522.8006677143226,493.90250309410436,494.473876953125,9059900.0
2025-01-17,489.6607341839008,505.3494133257226,486.9297368536609,493.6700744628906,7495700.0
2025-01-21,497.8246768872227,508.42906637914876,496.6335191321919,508.41937255859375,5682100.0
2025-01-22,505.1944119395442,507.88669300021957,499.7130889484224,503.3156433105469,3756100.0
2025-01-23,511.2084703164466,514.7045112100521,502.92835168629506,513.0485229492188,4580800.0
2025-01-24,511.44082244977886,517.7550453274836,507.95447580695725,515.7019653320312,3671200.0
2025-01-27,522.9361997175708,534.4896373600476,522.9361997175708,526.364501953125,4263000.0
2025-01-28,525.870599410662,529.25043260615,520.8638003406406,525.3572998046875,3162700.0
2025-01-29,524.6309679821225,526.3257314751347,517.1546682593905,521.1155395507812,2737600.0
2025-01-30,522.442235308623,529.8411018767065,518.1133539755973,528.3497314453125,2924700.0
2025-01-31,526.0933316270866,531.8264580322981,524.3210766292264,525.3670043945312,4120500.0
2025-02-03,524.8924513947243,536.4265012099979,523.9918127685804,530.8773803710938,4083600.0
2025-02-04,527.9914724726043,531.4875132625891,524.417940229678,528.2335815429688,2869900.0
2025-02-05,513.9782481361123,523.6335900901834,505.4366317212157,522.7716674804688,4621600.0
2025-02-06,520.9121966674306,522.0839667183153,508.6905357341578,513.3099365234375,3926800.0
2025-02-07,512.4965097846408,515.5858239942286,508.80676978837,510.39501953125,3349100.0
2025-02-10,511.0148128699449,517.2999555776202,506.86024203995606,516.534912109375,3143100.0
2025-02-11,518.1133715031702,530.2575402776052,511.59581473529255,517.0674438476562,2631900.0
2025-02-12,522.810279782491,525.2313703790732,508.92293722134366,510.7532958984375,3859200.0
2025-02-13,514.1428090266004,517.4645381435149,510.4627041309814,514.4139404296875,2835100.0
2025-02-14,512.3028205164677,516.3702649396542,506.4050172365477,506.9861145019531,3705300.0
2025-02-18,494.8128048821058,499.713089793643,481.312801603567,484.9250793457031,8759300.0
2025-02-19,485.5061606684852,495.7037937965872,482.4265403059999,494.9096984863281,4380300.0
2025-02-20,489.2443561132519,492.38208039197787,484.4505844169036,486.5617980957031,4144300.0
2025-02-21,425.67618038194956,454.8745596048507,424.6593340491745,451.6980895996094,19864900.0
2025-02-24,451.9498633242899,453.22820638405375,442.5754066613516,446.9527282714844,6919300.0
2025-02-25,446.22636275459985,455.9010610428487,435.86411255456824,455.5330505371094,9101000.0
2025-02-26,449.9839376127538,458.1187969243095,443.73754097813577,448.9573974609375,5108400.0
2025-02-27,451.45599079868157,460.3946394838098,450.342265341577,453.7705383300781,4216800.0
2025-02-28,452.2597610343028,461.3243107952926,449.8193121496512,459.968505859375,6146300.0
2025-03-03,459.3970963861971,462.20555558322854,450.52621684369905,452.3081359863281,5700200.0
2025-03-04,454.92293059036706,464.08432928351016,451.73676703757684,459.6295166015625,5864100.0
2025-03-05,456.201273274366,463.9584275721246,456.1431694634711,460.956298828125,3637100.0
2025-03-06,460.97567022194073,472.7131132308318,457.10192509402526,472.32574462890625,4964000.0
2025-03-07,468.55852714113644,484.14069338608397,468.113054713485,477.9039611816406,5434100.0
2025-03-10,478.7792717074242,484.19652216794935,464.6088452981466,467.0500183105469,5108900.0
2025-03-11,469.26746417729026,473.42034897834867,464.05447612764226,472.71038818359375,4101000.0
2025-03-12,469.88994430955603,474.22762091034997,465.68841278774426,467.91558837890625,3680800.0
2025-03-13,466.30109285633245,470.7846493330336,461.9731222597509,468.3143005371094,2876600.0
2025-03-14,467.8085562634168,476.0268265565135,465.1242398731258,475.2487487792969,3915900.0
2025-03-17,474.14006268371367,486.88077184055254,472.6228480103705,485.3343811035156,5152300.0
2025-03-18,488.46609215468897,492.0938078396457,484.1673269796837,489.9833068847656,3617600.0
2025-03-19,491.189314815613,492.46338576510004,486.3458803495074,489.3997802734375,3317600.0
2025-03-20,491.39352098610277,500.28287077325814,489.70124997620474,497.277587890625,4965400.0
2025-03-21,497.6471579851085,504.766413952648,491.2378924370581,502.67535400390625,10244900.0
2025-03-24,500.9539819990374,504.0370283394562,497.1025633646783,502.33502197265625,3840900.0
2025-03-25,504.0662373676699,504.7664629268749,497.50132594376555,499.3492126464844,3015100.0
2025-03-26,501.0706781671975,508.60813481274454,498.78509118049533,503.9884033203125,3253800.0
2025-03-27,502.1307604100737,506.78943297628746,498.8823929257676,501.5763854980469,2822200.0
2025-03-28,502.69485766651485,506.69212684606305,500.9247639651137,501.8876037597656,2379100.0
2025-03-31,504.94152469650305,513.6363483168985,504.36773863958643,509.3861999511719,5238700.0
2025-04-01,511.3215792924124,513.6849294573781,506.662966336937,508.7734375,2962500.0
2025-04-02,508.6081440746096,510.60191109329105,502.62678365729397,508.8512878417969,2378900.0
2025-04-03,515.4550479612328,533.457421868868,514.7742335451168,525.6184692382812,6457900.0
2025-04-04,525.8129522586746,536.6085108091019,510.44627942282426,510.6504821777344,9919000.0
2025-04-07,499.3200040276032,514.6866763946822,489.77901644370996,510.3100891113281,7356700.0
2025-04-08,566.203978052891,568.9661172056265,532.4459373812787,537.9118041992188,11762300.0
2025-04-09,544.7782397073023,573.235797098449,539.2540201719338,562.6347045898438,12691900.0
2025-04-10,564.3269368777211,585.3734751826886,564.0935283637875,578.0986328125,8646000.0
2025-04-11,572.7688860349585,589.7305974060856,570.4444767629383,583.029541015625,6121500.0
2025-04-14,578.6821480848512,579.2948751081956,563.4029728552765,570.9598999023438,4839300.0
2025-04-15,575.9978213283852,576.6008130929112,566.0483978524392,567.5850830078125,3871300.0
2025-04-16,569.267710871647,578.4974398221635,566.9724476960104,568.995361328125,4192100.0
2025-04-17,468.73258394954684,476.35756921469056,434.83833558807737,441.65606689453125,29120200.0
2025-04-21,437.42534364459385,441.06276466464277,413.1595854032492,413.6653137207031,13029900.0
2025-04-22,412.9942803710208,419.6661309171119,405.68049705444884,415.464599609375,10156900.0
2025-04-23,415.3576292152384,426.8145619925678,412.1286729609589,416.22320556640625,8345700.0
2025-04-24,415.8439159650986,418.1100027433097,412.03140875808873,412.6149597167969,7629100.0
2025-04-25,411.94389674609124,411.94389674609124,400.72037206038084,407.1588439941406,9263800.0
2025-04-28,408.23839309329077,412.48854147796294,404.1535658523839,408.4815368652344,6614300.0
2025-04-29,409.6388862184649,410.1835258700657,397.880457467707,398.00689697265625,9909100.0
2025-04-30,397.8124014267359,401.9264048826062,390.00262437522554,400.15631103515625,9192800.0
2025-05-01,400.0395888250527,400.6911975071644,388.89385704387576,389.6913757324219,9316800.0
2025-05-02,388.9911216234702,390.9751831020287,382.32897637329097,388.9522399902344,11392900.0
2025-05-05,388.174145016033,398.46400555509035,386.6861063928245,393.7080993652344,8157200.0
2025-05-06,391.75320785554106,393.62056496138894,382.63047906074274,383.6905822753906,7858600.0
2025-05-07,384.5075295929857,384.6728507207159,375.12218684240764,380.3351745605469,8517200.0
2025-05-08,379.30425856174224,380.1990406414182,374.8012314611975,374.9762878417969,7218300.0
2025-05-09,375.093040182794,375.94888131237803,368.1585751870771,370.20098876953125,8381100.0
2025-05-12,370.55105608949566,376.5907382206924,366.50514073429673,368.3627624511719,11004800.0
2025-05-13,326.53233753697964,332.6206668430802,300.6229536589226,302.8404235839844,59478300.0
2025-05-14,312.63424608725194,314.08337334160456,298.6874944475506,299.5628356933594,40029600.0
2025-05-15,267.3608932105929,269.06289966205435,242.05449940017783,266.82598876953125,121849200.0
2025-05-16,271.6304959582822,286.4136190151132,261.75886506665245,283.9043884277344,71094300.0
2025-05-19,296.41168615947583,307.6157696878403,289.09793249673174,307.22674560546875,62524700.0
2025-05-20,312.1187772635859,315.73675739521883,304.0074757692634,312.7606506347656,41487000.0
2025-05-21,292.7450672332499,301.4593306914765,291.84057963059877,294.6707763671875,45506900.0
2025-05-22,285.83008662809686,297.2870191665947,284.4781931047579,288.5338439941406,27159600.0
2025-05-23,287.9794833738524,291.4807595523835,283.6418068841188,287.4640197753906,16873600.0
2025-05-27,291.286225141105,291.72389578235226,281.20062670231624,286.9096374511719,20144600.0
2025-05-28,285.9370871665854,295.4488707157177,285.2368318883397,289.9343566894531,16114200.0
2025-05-29,288.66028396923014,295.059844884986,286.9096606241176,289.99273681640625,16221100.0
2025-05-30,289.7981790115771,297.2578424516742,287.7265894764023,293.630126953125,16309300.0
2025-06-02,294.8069416255086,304.9508921779451,292.71591122386513,296.3630676269531,19074400.0
2025-06-03,294.78752188409976,297.33566392432255,291.7822683547857,292.9590759277344,12805700.0
2025-06-04,295.2154613134276,299.2030252561166,291.9670639624418,292.1421203613281,11255600.0
2025-06-05,292.14212294571996,294.1261845258954,286.044057871498,287.72662353515625,13529000.0
2025-06-06,289.0784903204682,296.0421311804983,289.00066769597913,294.9042053222656,12589000.0
2025-06-09,296.67433099226844,298.96959409125054,292.8812938571313,294.87506103515625,12170300.0
2025-06-10,295.4682626957328,296.75206877375786,292.3463053665362,295.45855712890625,11384100.0
2025-06-11,294.379011506953,303.03492358922733,293.94137053912294,302.04290771484375,14711400.0
2025-06-12,302.8598781373188,310.0569278920826,300.04915155142874,309.7651672363281,15957200.0
2025-06-13,307.2364556639253,308.7147887514347,303.3558906704839,304.93145751953125,13762400.0
2025-06-16,306.5769726693795,306.84142127789545,298.53545725104294,301.3465576171875,14240100.0
2025-06-17,301.1408945446279,303.58959256534746,299.2504769552191,302.53173828125,11593900.0
2025-06-18,301.23882042329126,305.39183261833136,299.9459305777348,300.8960266113281,12205600.0
2025-06-20,303.1487890783835,303.2369386126421,295.40110561546254,295.8125,16177900.0
2025-06-23,295.7047619519275,296.2630722650332,289.45567992719884,294.5097961425781,12274700.0
2025-06-24,295.26397768801286,299.54429644245965,293.18745695033397,299.348388671875,8781400.0
2025-06-25,298.13388258962783,298.13388258962783,293.64785113086737,295.8222961425781,8722100.0
2025-06-26,296.361041656505,300.416070178047,295.10730942142266,296.4100036621094,6532700.0
2025-06-27,296.73321942907944,304.07931302882895,295.99861006910453,302.76678466796875,15304400.0
2025-06-30,302.6590609288233,305.9697052775834,300.0536427720555,305.568115234375,10074100.0
2025-07-01,305.5681239117944,319.8489173410143,304.6963730853915,319.4473571777344,17865500.0
2025-07-02,314.15815566311034,315.8037034712005,300.1418104070469,301.2486267089844,18177200.0
2025-07-03,303.4818594066644,305.8424080808137,301.9049120987486,302.21832275390625,6161100.0
2025-07-07,301.6796049103449,302.2770728969049,295.0191580571696,297.4776306152344,9031200.0
2025-07-08,297.9869785624067,301.973436333282,297.5657797737485,301.3857727050781,9613800.0
2025-07-09,296.96831427186396,297.3699043487183,292.6194240387759,296.6940612792969,12816700.0
2025-07-10,296.84096983872723,298.6725911963836,290.513542451005,293.36383056640625,11355600.0
2025-07-11,293.86335752867694,297.8792284825695,291.8848201796152,297.8596496582031,9808200.0
2025-07-14,295.45007950811913,297.80082328580306,292.86424042873654,294.41180419921875,10681400.0
2025-07-15,293.55967941501603,294.5097753594299,285.0578078062114,285.7238464355469,16019000.0
2025-07-16,286.5466508868708,289.9160619952561,284.78360014260807,286.4878845214844,9714000.0
2025-07-17,286.3311612083016,286.98742546992537,278.0055874318703,282.1585998535156,14792700.0
2025-07-18,281.98228386238213,282.15858294610433,275.04755432264164,276.84979248046875,14979700.0
2025-07-21,278.79897880536623,280.62079580199986,275.4295679060006,276.35028076171875,10319200.0
2025-07-22,276.83020222480064,281.21824977000534,276.21312556592324,279.2789001464844,14600300.0
2025-07-23,281.6002763389507,286.63481388812033,279.1026162792605,286.5074768066406,13111100.0
2025-07-24,277.2905770342848,283.2751808042554,272.51071359129213,272.8633117675781,22585200.0
2025-07-25,275.23365307335445,280.268190470294,274.1954075206833,275.29241943359375,16486600.0
2025-07-28,277.6823439927793,279.1515627440638,273.9505307558231,276.3306579589844,15779400.0
2025-07-29,260.2476245145736,267.3096608817093,255.20328293243062,255.71263122558594,41706000.0
2025-07-30,259.3660530345281,261.1585165219116,252.82313983782686,260.58062744140625,22371800.0
2025-07-31,256.0358576914587,256.0358576914587,242.66597254848682,244.43882751464844,29606900.0
2025-08-01,245.46727106317894,246.3292175001933,229.78581520843133,232.89076232910156,39989200.0
2025-08-04,233.35111828363995,237.27882429818783,232.0875818094452,236.03488159179688,17427900.0
2025-08-05,236.2112021569378,246.8973235760359,235.12397967151503,245.84927368164062,23795900.0
2025-08-06,245.49665852325765,247.9649502159644,240.27603275469244,240.73638916015625,12946400.0
2025-08-07,241.36325849220185,243.64544678217413,234.58526433901793,239.649169921875,11369900.0
2025-08-08,239.76670238365446,245.92763480795531,239.3553229206979,245.7415313720703,10185700.0
2025-08-11,248.660380916436,253.09742051810687,246.96588607707895,247.191162109375,11779500.0
2025-08-12,248.80732130974798,257.4855079942102,248.46449759668172,256.202392578125,12171800.0
2025-08-13,258.9645198498962,266.6044456478773,257.4953010509511,266.23223876953125,19480300.0
2025-08-14,266.51632115340294,268.2304099132577,261.52097078927324,265.9188232421875,25011100.0
2025-08-15,295.5186642558558,303.9323870878161,288.6623097817648,297.771484375,68198500.0
2025-08-18,306.753305997043,309.90723039472243,301.1115258126942,302.1595458984375,39600500.0
2025-08-19,302.5611111613304,304.12828381950413,293.0699555648354,297.9967346191406,22348600.0
2025-08-20,300.11242345161423,300.8960247530718,289.63201385736807,293.6870422363281,16679000.0
2025-08-21,296.08675451372926,300.27892399357637,291.6888728948681,297.125,13359000.0
2025-08-22,299.8185611156413,304.3045622807679,298.3297337401432,301.1114807128906,14930000.0
2025-08-25,302.15954893891285,302.53175584228103,296.5177686977937,298.6040344238281,8917100.0
2025-08-26,298.0653070995863,302.6198793117593,288.16278693014766,294.2649230957031,16303200.0
2025-08-27,294.3726776854884,299.6912423967933,294.3334901491734,297.6441345214844,9982800.0
2025-08-28,298.0065015291094,298.22198811617227,293.2560221493115,296.08673095703125,11235000.0
2025-08-29,296.09653559896867,303.63853702350445,294.7350751216137,303.5111999511719,12065400.0
2025-09-02,301.9832300399858,306.46926151928125,300.9939464818443,302.4631652832031,10957100.0
2025-09-03,301.7873338483237,303.23697388228936,297.46785671059894,301.56207275390625,9654600.0
2025-09-04,299.8186027340708,305.5093747535815,297.859644244977,304.0107727050781,7725700.0
2025-09-05,304.06950456553506,311.41559806607205,301.8754808719339,308.9179382324219,14126700.0
2025-09-08,313.14929550374325,315.04948759669907,307.360569681347,313.67822265625,18438600.0
2025-09-09,325.6768431833187,344.49263077630627,320.4464276947933,340.7804260253906,46408900.0
2025-09-10,338.46882205007205,341.4170639383929,334.3941850863436,339.6637878417969,17804300.0
2025-09-11,341.8382226532766,353.57239360723975,338.74306495862527,346.3536071777344,18943500.0
2025-09-12,348.5966334695135,354.8750985874098,345.2272227059103,345.2762145996094,14016200.0
2025-09-15,346.2224520475393,346.6659803729041,337.6176415765004,342.9007873535156,11035900.0
2025-09-16,342.5163594805096,344.03428212907227,333.46802085787266,334.9070739746094,12695800.0
2025-09-17,332.8470807812118,338.08092594557957,332.8470807812118,336.7108459472656,8467700.0
2025-09-18,338.6032969601525,339.98321298133885,329.3282459435908,330.0182189941406,11255600.0
2025-09-19,331.67411162387157,336.07014046105763,329.05225619579915,331.86138916015625,13656800.0
2025-09-22,329.6633721170834,337.5683734645221,327.83006153061575,336.4052734375,8903700.0
2025-09-23,336.1095853053592,347.6418030501478,335.08449193073244,342.7036437988281,12504100.0
2025-09-24,345.1776609440596,349.41598098040356,342.8514909580368,346.7645568847656,9016300.0
2025-09-25,343.89628316094525,345.167791190768,338.67230455766355,340.60418701171875,8104900.0
2025-09-26,342.94017723266074,344.9509291272339,336.4052561352322,339.1453857421875,6774700.0
2025-09-29,339.04687244616383,340.5943336622334,336.5531572708152,340.2296447753906,6878900.0
2025-09-30,338.82014160227453,344.31026718865274,337.4204931639848,340.347900390625,7429700.0
2025-10-01,338.96800901131803,343.69918865313474,336.73057466965435,343.3049011230469,8825500.0
2025-10-02,342.3094082444923,349.98766763338205,339.7072549149169,348.6471862792969,8564200.0
2025-10-03,352.126535812741,362.72236579171084,351.4956998686579,355.03424072265625,13494800.0
2025-10-06,355.85232340493496,357.320945094395,351.9885284550572,353.6247253417969,7181700.0
2025-10-07,354.25556153974156,359.4894063067969,352.9249164118652,358.4446105957031,7236200.0
2025-10-08,361.6676980177549,369.25728116771097,360.55389900193904,364.6148376464844,9438300.0
2025-10-09,367.1775268328722,370.8244756450051,360.8298831118089,362.41680908203125,8759800.0
2025-10-10,364.10226091064186,364.10226091064186,347.4545037086911,349.41595458984375,13141900.0
2025-10-13,349.65250166578744,354.0091256578629,348.25288338048847,353.51629638671875,5659400.0
2025-10-14,349.85953628823887,357.13367157615096,348.33174739200996,354.7680969238281,5974800.0
2025-10-15,354.2358728214149,358.9965908141391,350.74663281586726,355.9706115722656,6579600.0
2025-10-16,356.6507087880658,356.80841777567787,349.3174063036312,351.55487060546875,5872100.0
2025-10-17,345.96617606622607,353.25020771577965,345.7986008654478,351.4858703613281,8608400.0
2025-10-20,353.3980539778645,360.32723295053415,352.38282679114036,359.25286865234375,5996500.0
2025-10-21,359.90338369863593,365.7285993609971,356.31557207534235,360.13006591796875,6885300.0
2025-10-22,358.74027236737913,358.7797071311973,352.865755914749,356.3056945800781,7833000.0
2025-10-23,350.480487303901,357.0844122488871,348.5683372085778,355.2806701660156,5756700.0
2025-10-24,356.1874399937535,360.1793753327506,354.86666109223046,357.3012390136719,5462100.0
2025-10-27,358.28690954537745,360.96790220376914,356.21702042060434,360.7313537597656,7766400.0
2025-10-28,375.2205199441119,375.535937924803,353.4867591906658,362.5646667480469,18858700.0
2025-10-29,359.0557302531188,360.8989071077951,348.8048863538012,350.16510009765625,11874900.0
2025-10-30,342.53608025852225,349.4554231728605,338.672315228671,339.8058166503906,11441900.0
2025-10-31,339.4509908328923,341.3138700064757,332.28523332457286,336.66156005859375,8390800.0
2025-11-03,334.2664040083706,335.8138952211129,321.9161030209008,329.00299072265625,11181400.0
2025-11-04,322.93132925525197,331.67411615203054,322.5075032799426,326.0854187011719,9646600.0
2025-11-05,321.62038312291526,325.47431178630677,319.57022650848404,323.03973388671875,9697100.0
2025-11-06,324.20282690349836,327.6033308887378,316.83995625453247,316.9483642578125,7922100.0
2025-11-07,315.0756292067795,319.89548408130514,309.6545069494294,319.56036376953125,9402900.0
2025-11-10,315.4008850525274,319.59980030430273,312.62135066774687,316.96807861328125,9283800.0
2025-11-11,318.6633991779628,323.15799978770735,315.2924637606103,322.75390625,7157800.0
2025-11-12,323.739564851245,338.2484600032916,322.38918736197735,334.1973876953125,10403300.0
2025-11-13,333.49759672689856,334.16783736255434,326.5388493463283,327.7511901855469,7788700.0
2025-11-14,322.26107760332604,323.50298693219406,315.89370166045217,317.2440490722656,8676500.0
2025-11-17,316.00214834013826,323.1777416351322,314.84891456062456,315.92327880859375,6485400.0
2025-11-18,312.4636258692001,312.9465889320589,304.34177898084386,309.0827941894531,9182100.0
2025-11-19,309.4277797928265,310.48244165508765,300.16259548640306,304.6571960449219,8181100.0
2025-11-20,306.35254092716593,310.2360381398207,305.55415988354065,307.07208251953125,7337600.0
2025-11-21,307.43678886596666,319.1956891781539,306.973528103697,315.3811950683594,8406300.0
2025-11-24,319.87581624897524,321.1768929502889,313.0649110321548,314.4743957519531,10773800.0
2025-11-25,316.5146756519514,323.2960114363287,316.2978295630354,321.6006774902344,6149100.0
2025-11-26,321.90625616034407,330.38292659967567,321.2163131505786,324.98150634765625,5504200.0
2025-11-28,326.9133942612545,327.2977854656617,324.17326461374836,325.0406188964844,2464500.0
2025-12-01,322.4681014157819,325.3265056077641,318.39732620337566,318.5747375488281,6154600.0
2025-12-02,318.7324168369967,323.9859940225137,318.1705842155217,319.8856506347656,7978100.0
2025-12-03,321.3247027812761,336.5137053781646,320.3489103953346,334.83807373046875,9770000.0
2025-12-04,334.53252129967103,336.36586192887205,324.00569471881727,328.707275390625,8061600.0
2025-12-05,330.1956160043765,330.8954251562194,323.7987016064606,326.1642761230469,5906000.0
2025-12-08,326.1643021326461,326.5612103323999,320.33955998612566,321.12347412109375,4782800.0
2025-12-09,320.66702959313227,323.8423254573514,319.99228262872805,321.1036376953125,4628400.0
2025-12-10,320.2602121946151,326.1940916288756,317.1345182714553,325.83685302734375,5910500.0
2025-12-11,327.8214023139655,336.6329036496296,326.22383696767264,334.1323547363281,7513200.0
2025-12-12,334.89642556702444,342.31873354487146,334.7674235801795,339.20294189453125,7979000.0
2025-12-15,338.35949127350534,342.29886671519796,334.4002810193819,338.4686584472656,6447200.0
2025-12-16,337.7939053635172,338.3594851881083,328.4763282693324,331.62188720703125,6334000.0
2025-12-17,331.0364226425074,332.93169199085276,327.9305937934756,329.07171630859375,4685600.0
2025-12-18,326.39252647422813,327.6328835933034,322.0661753783285,325.608642578125,6354900.0
2025-12-19,325.5292426546717,332.01879957848786,323.55460381206,324.8941955566406,10553000.0
2025-12-22,320.409036028938,327.2558010793172,319.1686789443709,322.651611328125,7872400.0
2025-12-23,321.5005561377824,325.27122955986954,321.26241726797,322.29437255859375,4463300.0
2025-12-24,322.6913030880782,326.45204387040064,321.6295501827735,325.05291748046875,2842700.0
2025-12-26,324.67588437182803,329.3297066015354,323.7431334164823,329.2701416015625,4359300.0
2025-12-29,328.3374043807456,331.67146953910793,325.7475231575945,326.4024353027344,4346800.0
2025-12-30,327.1863787199748,333.55683603301947,326.96807465204813,329.5976257324219,4432500.0
2025-12-31,329.7563887116683,330.7585766695686,327.3352091985709,327.56341552734375,4285200.0
2026-01-02,328.34732981065946,337.6351396453709,324.9735645103421,333.8049011230469,6863600.0
2026-01-05,332.8622369855367,344.26358953637697,331.27457387202924,339.38153076171875,7956600.0
2026-01-06,345.662711327742,349.8898275937949,342.4576177850687,346.2779235839844,9441900.0
2026-01-07,346.2878643521878,347.4091217233587,335.43225668934457,339.06402587890625,7461400.0
2026-01-08,338.3793412906715,345.2161737147571,338.1709394997304,344.1742858886719,5059300.0
2026-01-09,344.57120987581374,346.36724457311226,339.8380179808238,341.3264465332031,4129100.0
2026-01-12,338.78619283823343,340.00668485359506,331.36388499223295,337.8832092285156,7146400.0
2026-01-13,338.86555257809704,339.2029260683279,330.28228768342836,331.35394287109375,5605900.0
2026-01-14,332.782847847861,337.4862723400109,331.5226559199649,332.3760070800781,5740900.0
2026-01-15,332.6141801527573,336.83139439550655,325.5292456895034,336.34515380859375,6943500.0
2026-01-16,332.2767735847801,333.6064630655481,327.8809552197778,328.4664001464844,8039100.0
2026-01-20,324.87433425330187,337.26800331941564,323.9812831738787,335.8192443847656,7596500.0
2026-01-21,336.8115280003352,345.3947932518869,336.0772462723701,345.0673522949219,8933300.0
2026-01-22,344.5017331063574,352.21181217559,344.0948923460704,351.7355041503906,7491400.0
2026-01-23,351.5469517834556,355.1092535612803,350.26689484175847,353.5116882324219,9082200.0
2026-01-26,351.21951505665726,352.05303136197875,344.5910239544544,348.9273376464844,10399500.0
2026-01-27,291.702213399879,297.189551826661,278.23688987744464,280.5191650390625,65836900.0
2026-01-28,281.5313004420569,292.6647472242202,281.5313004420569,291.7518310546875,23396900.0
2026-01-29,292.05942772986015,293.3196499104892,286.9888624950166,290.0351867675781,13456400.0
2026-01-30,289.846652494331,290.690101376754,282.503744536245,284.7165222167969,12022200.0
2026-02-02,283.813546924047,288.1597631644659,280.1024080713407,283.3868713378906,8664200.0
2026-02-03,282.5037398579998,285.867572502765,276.4507912682167,281.98773193359375,10809100.0
2026-02-04,279.83448944092856,282.3052710508733,271.9358737623288,273.7914733886719,12944100.0
2026-02-05,272.17404228482235,274.75399105843275,264.2357570011935,266.4783020019531,13035300.0
2026-02-06,264.99982219373493,275.66689369311825,264.354842531599,274.5158386230469,9572800.0
2026-02-09,272.0351201393386,278.01860173294193,271.21153632782267,273.57318115234375,10371600.0
2026-02-10,275.3791211558089,277.33392522870173,270.546694561348,271.1123046875,7284700.0
2026-02-11,270.3383030122331,277.53237392426894,267.7186543791748,276.7583923339844,6333100.0
2026-02-12,276.01418403452675,284.1013061426968,273.68230666683036,282.17626953125,12336900.0
2026-02-13,283.42654580952046,291.1961288714354,282.3151907629167,290.92822265625,10281900.0
2026-02-17,291.73198959854005,291.9602262062647,286.11564902207004,286.85986328125,6091700.0
2026-02-18,287.76284771983296,287.89184970361094,284.08147631938635,285.97674560546875,6632000.0
2026-02-19,288.64600598150304,288.64600598150304,284.6768631241196,287.6933898925781,4931800.0
2026-02-20,286.6713275933028,288.5566643334604,283.3471645007809,287.7628479003906,6974100.0
2026-02-23,286.3240116656432,289.5191726640262,279.4971118432662,280.16192626953125,7247500.0
2026-02-24,280.0230266545793,280.2214656182002,269.70323151732475,271.836669921875,9684500.0
2026-02-25,275.15090127919626,282.5434113343664,274.7341279746084,282.0075988769531,11380600.0
2026-02-26,284.7661470745293,292.98227105493606,283.02964718498066,284.4486083984375,10210000.0
2026-02-27,282.5037339526243,291.8609802744715,281.6602851018,291.0075988769531,9723300.0
2026-03-02,285.9370523533373,293.0318890868292,285.2821401542549,292.6548156738281,8141400.0
2026-03-03,286.7606388027243,291.4739959442926,282.16635110169267,286.97894287109375,7051100.0
2026-03-04,286.78047821184975,292.06934726969536,285.46072137240793,289.70770263671875,7796000.0
2026-03-05,287.81245235313276,289.1421418264066,284.52798914087526,286.5423278808594,5397900.0
2026-03-06,285.12337070169843,289.08258097242623,280.866456550322,284.27001953125,6816900.0
2026-03-09,282.0,285.20001220703125,278.6600036621094,285.1700134277344,10348800.0
2026-03-10,287.3800048828125,287.5799865722656,278.8999938964844,282.3399963378906,6075600.0
2026-03-11,282.3800048828125,286.2200012207031,280.6000061035156,285.25,6878800.0
2026-03-12,284.7799987792969,287.55999755859375,276.2900085449219,277.04998779296875,10512300.0
2026-03-13,278.05999755859375,282.8800048828125,277.80999755859375,282.0899963378906,4737600.0
2026-03-16,283.9800109863281,287.3999938964844,281.0400085449219,285.489990234375,4854000.0
2026-03-17,287.79998779296875,288.989990234375,284.8399963378906,287.57000732421875,5752000.0
2026-03-18,285.20001220703125,288.3999938964844,283.07000732421875,284.3299865722656,4544100.0
2026-03-19,284.0,287.54998779296875,280.07000732421875,280.44000244140625,5542100.0
2026-03-20,278.989990234375,283.1000061035156,275.0,275.5899963378906,38893000.0
2026-03-23,279.1400146484375,280.75,269.0899963378906,269.5400085449219,10424200.0
2026-03-24,268.8699951171875,273.3800048828125,267.5899963378906,272.2799987792969,5911700.0
2026-03-25,275.0,276.0799865722656,267.1099853515625,270.54998779296875,8121200.0
2026-03-26,269.989990234375,274.6400146484375,267.17999267578125,268.04998779296875,6218800.0
2026-03-27,267.5,267.6700134277344,255.97000122070312,259.0199890136719,10735300.0
2026-03-30,260.17999267578125,262.3299865722656,256.6700134277344,261.7900085449219,7774700.0
2026-03-31,263.0,271.8800048828125,262.6099853515625,270.5899963378906,9170800.0
2026-04-01,274.2099914550781,275.29998779296875,270.760009765625,273.9800109863281,5473400.0
2026-04-02,272.2900085449219,279.0400085449219,271.5299987792969,277.260009765625,6407000.0
2026-04-06,277.8800048828125,283.29998779296875,277.25,281.3599853515625,7097000.0
2026-04-07,308.8500061035156,312.42999267578125,300.75,307.7300109863281,22099800.0
2026-04-08,312.0,312.9700012207031,304.8299865722656,305.9800109863281,9645000.0
2026-04-09,305.82000732421875,307.8900146484375,304.1400146484375,306.9100036621094,5742000.0
2026-04-10,307.95001220703125,310.3699951171875,304.20001220703125,304.3299865722656,5212900.0
2026-04-13,303.25,313.32000732421875,302.9200134277344,313.0,7972200.0
2026-04-14,312.510009765625,319.6199951171875,312.510009765625,314.19000244140625,5864500.0
2026-04-15,316.0,317.760009765625,311.1499938964844,314.04998779296875,5041200.0
2026-04-16,315.0,318.6099853515625,313.1099853515625,316.3999938964844,5205600.0
2026-04-17,320.04998779296875,325.2699890136719,317.1400146484375,324.6300048828125,9414700.0
2026-04-20,324.19000244140625,325.3999938964844,320.1199951171875,323.4800109863281,9050600.0
2026-04-21,353.010009765625,357.67999267578125,345.2300109863281,346.010009765625,26097300.0
2026-04-22,350.8800048828125,358.55999755859375,349.1000061035156,353.5199890136719,11807300.0
2026-04-23,354.67999267578125,356.8500061035156,350.5,354.55999755859375,7255800.0
2026-04-24,356.489990234375,358.2799987792969,351.3900146484375,354.9200134277344,8554600.0
2026-04-27,353.9100036621094,356.489990234375,348.95001220703125,354.69000244140625,7256100.0
2026-04-28,356.8399963378906,369.6300048828125,355.7200012207031,366.7699890136719,10604100.0
2026-04-29,366.0,370.8399963378906,365.010009765625,370.739990234375,9046600.0
2026-04-30,368.510009765625,371.989990234375,363.0,370.4800109863281,6879900.0
2026-05-01,371.9599914550781,372.8999938964844,367.0199890136719,368.7799987792969,4945400.0
2026-05-04,368.54998779296875,370.8299865722656,364.6499938964844,370.75,4916900.0
2026-05-05,370.4800109863281,371.79998779296875,361.80999755859375,363.8699951171875,6489000.0
2026-05-06,363.1000061035156,368.54998779296875,358.25,367.2799987792969,6695500.0
2026-05-07,366.6400146484375,369.80999755859375,364.7200012207031,369.739990234375,5235400.0
2026-05-08,371.989990234375,379.9800109863281,371.989990234375,379.9800109863281,6455100.0
2026-05-11,380.45001220703125,384.80999755859375,376.07000732421875,384.44000244140625,6949600.0
2026-05-12,382.8500061035156,397.4200134277344,382.010009765625,396.3900146484375,9236300.0
2026-05-13,396.5,404.1499938964844,393.0,401.1600036621094,8454100.0
2026-05-14,401.0,401.8999938964844,396.0,399.0899963378906,5342500.0
2026-05-15,394.29998779296875,397.6300048828125,390.25,393.8500061035156,9811200.0
2026-05-18,390.0,392.1400146484375,383.5,391.1300048828125,8400700.0
2026-05-19,390.0,394.989990234375,387.510009765625,389.239990234375,5016800.0
2026-05-20,389.54998779296875,393.3800048828125,380.70001220703125,383.29998779296875,7783900.0
2026-05-21,381.1199951171875,386.1099853515625,380.5400085449219,382.4800109863281,4732500.0
2026-05-22,381.9200134277344,390.5400085449219,381.010009765625,388.4700012207031,5598600.0
2026-05-26,386.0,386.5199890136719,376.4100036621094,376.8599853515625,6498100.0
2026-05-27,378.42999267578125,384.5299987792969,377.0899963378906,384.010009765625,4544000.0
2026-05-28,384.9599914550781,389.260009765625,380.9599914550781,382.5299987792969,4330800.0
2026-05-29,383.7799987792969,385.1199951171875,375.45001220703125,380.30999755859375,10257900.0
2026-06-01,376.1099853515625,383.3500061035156,375.9200134277344,379.8599853515625,6623700.0
2026-06-02,377.9800109863281,380.0799865722656,374.7200012207031,377.9200134277344,3868800.0
2026-06-03,380.0,387.4599914550781,376.80999755859375,377.0,6802200.0
2026-06-04,387.78518679364066,399.1005645351637,387.606216297745,394.21844482421875,12666100.0
2026-06-05,397.2710257691138,401.7454703246708,394.9443182415365,397.201416015625,10897300.0
2026-06-08,394.87468563988523,406.3889089451397,392.74682423133754,404.2610778808594,6963200.0
2026-06-09,407.66165562372737,410.6545715332031,405.12614922049136,410.6545715332031,8590400.0
2026-06-10,411.1517339543602,413.61766096102207,402.2525488568183,405.1460266113281,6512900.0
2026-06-11,406.38891459163034,407.6517216421196,400.82071109845896,403.2468566894531,4938100.0
2026-06-12,406.6872501409831,407.5622574937536,402.5110897188582,406.20001220703125,7269600.0
2026-06-15,406.70001220703125,414.1600036621094,399.6499938964844,411.0400085449219,6777900.0
2026-06-16,410.67999267578125,411.75,406.5400085449219,407.6499938964844,4815100.0
2026-06-17,409.1199951171875,411.1600036621094,398.5899963378906,399.5299987792969,5838800.0
2026-06-18,402.7699890136719,406.20001220703125,399.1499938964844,400.9599914550781,11895600.0
