date,open,high,low,close,volume
2016-06-06,30.01824969277761,30.03588601912293,29.777210181171654,29.812482833862305,10075600.0
2016-06-07,29.747813027087208,30.564997941649526,29.747813027087208,30.423900604248047,15210900.0
2016-06-08,30.282802667235973,30.394505377911333,30.12407124946813,30.28868293762207,10546200.0
2016-06-09,30.359234551696154,30.570879460634856,30.200500869992126,30.541484832763672,9790700.0
2016-06-10,30.48858187587545,31.058847230465577,30.40627599844326,30.964780807495117,15629000.0
2016-06-13,30.864841472732934,31.058850124184637,30.706107733181675,30.905994415283203,12394200.0
2016-06-14,30.78840016016025,31.21756797535037,30.759005534425675,31.15290069580078,10735900.0
2016-06-15,31.141144164492086,31.28223927309284,31.017683141133535,31.064716339111328,10289000.0
2016-06-16,31.064721821593526,31.440978501154582,30.905988114403698,31.42922019958496,11914500.0
2016-06-17,31.411588736640635,31.61735343933106,31.164668850745073,31.617353439331055,18836300.0
2016-06-20,31.746684367354508,31.858384856842676,31.41158065622353,31.605587005615234,14344300.0
2016-06-21,31.682012638996685,32.03475489754311,31.417456505753446,31.805471420288086,11893000.0
2016-06-22,31.88189730452638,31.98184172329476,31.740802203833145,31.76431655883789,12959200.0
2016-06-23,31.981843970170573,32.14645568009949,31.864263216221477,32.14057540893555,12329900.0
2016-06-24,32.02300161865917,32.463927828972274,31.82311498027724,31.99948501586914,43842700.0
2016-06-27,31.78195517273855,32.25815394157493,31.676132725737975,32.18172836303711,22570200.0
2016-06-28,32.19348867909906,32.328708012454754,31.946571098536133,32.228763580322266,17780600.0
2016-06-29,32.228768035748324,32.51096055654581,32.228768035748324,32.36986541748047,18184100.0
2016-06-30,32.49332639478876,32.87546114438824,32.211133855145974,32.82843017578125,22143300.0
2016-07-01,32.8343054904923,33.092983645772634,32.681452051826724,33.057708740234375,16092300.0
2016-07-05,33.11061865316646,33.480997297173595,33.11061865316646,33.23407745361328,20703200.0
2016-07-06,33.37957221835615,33.45083427868666,32.92825716280308,33.409263610839844,15761500.0
2016-07-07,33.31424153241771,33.33799554663592,32.72040476880736,32.886680603027344,13574100.0
2016-07-08,32.89261472914793,33.2726698579178,32.6669561469506,33.195472717285156,15946200.0
2016-07-11,33.106400366969375,33.254859561440085,32.9044957718769,33.21329116821289,12434700.0
2016-07-12,33.106401907059755,33.23110709254256,32.880743286680655,32.940128326416016,14897600.0
2016-07-13,33.00544199005734,33.27860630452051,32.88073457231803,33.254852294921875,11405600.0
2016-07-14,33.02919863794293,33.314239999523345,33.02919863794293,33.15984344482422,11098500.0
2016-07-15,33.28454861577052,33.30236525826811,33.01732163138033,33.15984344482422,13949700.0
2016-07-18,33.177660146029204,33.254859561440085,33.11233773801289,33.21329116821289,9623300.0
2016-07-19,33.23110248390144,33.25485649650127,32.98762951802149,33.07670593261719,10270100.0
2016-07-20,33.005453569641,33.05889671202728,32.84511734655866,33.029205322265625,12008700.0
2016-07-21,32.975758737111384,33.0588955315986,32.80354777651976,32.88074493408203,9802100.0
2016-07-22,32.92229981283344,33.37361689088472,32.89260843632378,33.314231872558594,10973200.0
2016-07-25,33.31425558123476,33.31425558123476,33.04109109845273,33.17767333984375,10848700.0
2016-07-26,33.165775643657945,33.40331120725457,32.476925227596176,32.548187255859375,18753900.0
2016-07-27,32.63133613980293,32.92231493467918,32.328478070498264,32.85105514526367,17074600.0
2016-07-28,32.77979309930435,32.78573047080197,32.44724366274473,32.57788848876953,10672300.0
2016-07-29,32.655084883931785,33.08858545293237,32.64320787672948,32.90449523925781,15508900.0
2016-08-01,33.00545782910087,33.14797742447256,32.2869134184145,32.364112854003906,17434600.0
2016-08-02,32.33440759188589,32.417544364412606,31.900907088491497,32.06718063354492,18428200.0
2016-08-03,32.162193777817606,32.18594778815928,31.847461069365295,32.00779724121094,10429400.0
2016-08-04,32.06718408287336,32.15032086434274,31.966232924034088,32.02561569213867,11309800.0
2016-08-05,32.03155366439759,32.06124731431494,31.669315147664737,31.853403091430664,13460100.0
2016-08-08,31.853406597839264,31.91279163890361,31.71088702990021,31.823715209960938,9830400.0
2016-08-09,31.82964722537565,31.93653801599706,31.669313304750844,31.865278244018555,7906200.0
2016-08-10,31.960292610429786,32.05530639656711,31.823710434439082,31.954355239868164,8875700.0
2016-08-11,31.954355552322042,32.061246345935146,31.91278716206221,31.984046936035156,7824800.0
2016-08-12,32.04343627306693,32.055313282048694,31.782148871391577,31.85934829711914,7655000.0
2016-08-15,31.865279839568995,31.978108006293404,31.788080427964175,31.835588455200195,8250900.0
2016-08-16,31.77026599560963,31.77620336635018,31.313011428134995,31.330825805664062,13933100.0
2016-08-17,31.41396682753782,31.57430076599121,31.1051714275509,31.57430076599121,12930100.0
2016-08-18,31.443660529977443,31.50898294357797,31.18831051243415,31.39615249633789,11204900.0
2016-08-19,31.408023484026764,31.419900490159907,30.974522954049924,31.14673614501953,11991000.0
2016-08-22,31.22393427112723,31.289254404218514,30.980459053348454,31.206117630004883,8183900.0
2016-08-23,31.27144215412572,31.366455940443885,31.15267435490117,31.25362777709961,7775100.0
2016-08-24,31.206121391843208,31.30707481934893,30.980462787984063,31.194244384765625,8900700.0
2016-08-25,31.194233923892256,31.3486326988163,31.075468423558945,31.324878692626953,8680100.0
2016-08-26,31.259570261026294,31.47928925308295,30.820132276912986,30.921083450317383,15105300.0
2016-08-29,31.093281551413902,31.289246431368102,30.974513790526125,31.17641830444336,11960400.0
2016-08-30,31.223944298350773,31.22988167042681,30.89733220147051,31.039854049682617,9161900.0
2016-08-31,31.01016661647638,31.152686217570164,30.927029804953637,31.075489044189453,10390500.0
2016-09-01,30.96265020323423,31.30113699597279,30.90326742971461,31.21206283569336,9988800.0
2016-09-02,31.354583946572713,31.55648855794024,31.188310360261,31.40209197998047,13275300.0
2016-09-06,31.52679091815781,31.972168449155348,31.37239437081386,31.776201248168945,17235600.0
2016-09-07,31.77026287178029,31.94247605531974,31.639618075259712,31.894968032836914,10612300.0
2016-09-08,31.829650878906254,31.995926719684952,31.728699712458084,31.82965087890625,9005300.0
2016-09-09,31.550544225704996,31.615866624575307,30.742925958412442,30.77261734008789,18258500.0
2016-09-12,30.731052539346095,31.37833470276781,30.707298525110485,31.217998504638672,15678600.0
2016-09-13,30.909207236181718,30.950775633982012,30.374755436474572,30.552906036376953,17602400.0
2016-09-14,30.63603337938278,30.796369549416337,30.463820204312622,30.576650619506836,11941800.0
2016-09-15,30.57665886102595,30.938897418396994,30.356937606586516,30.867637634277344,13007400.0
2016-09-16,30.814189705573437,30.86169773463316,30.653853505458137,30.808252334594727,19932300.0
2016-09-19,30.814194171685692,30.855762570483986,30.297556739972705,30.404447555541992,14578500.0
2016-09-20,30.641969781199034,30.76073756250587,30.362868100231033,30.44600486755371,14006300.0
2016-09-21,30.505388796891673,30.885443899421194,30.434129031494162,30.80230712890625,14434700.0
2016-09-22,30.968573915276828,31.17047841285193,30.87949753549417,31.087339401245117,12751900.0
2016-09-23,31.057664000050185,31.366459406028934,30.968589839770754,31.21206283569336,13014800.0
2016-09-26,31.14674228657397,31.21206470053296,30.891392267629424,30.968591690063477,10559000.0
2016-09-27,31.063597573824694,31.271439505885922,30.87950738735106,31.170488357543945,8259000.0
2016-09-28,31.06360316352058,31.140800314858932,30.76668476982903,30.915143966674805,13279100.0
2016-09-29,30.784497763698152,31.12298453605494,30.742929371675913,30.95077133178711,10804700.0
2016-09-30,31.134864656360648,31.21800144871819,30.855760626039455,30.867637634277344,13077600.0
2016-10-03,30.784498320064866,30.962648898423808,30.64197649819321,30.808252334594727,9120300.0
2016-10-04,30.74293489896739,30.843886079083628,30.28568023920519,30.44007682800293,13753300.0
2016-10-05,30.444881735708815,30.522961578902947,30.048479726546795,30.192626953125,17190900.0
2016-10-06,30.222654273813657,30.34277657010691,30.01244197365714,30.186616897583008,11724000.0
2016-10-07,30.306741879647902,30.354791718880254,29.982412338256832,29.982412338256836,13816800.0
2016-10-10,30.168603854786312,30.21064632108839,29.808239203299205,30.14457893371582,10687700.0
2016-10-11,30.090519863092894,30.156587241367284,29.82024755726823,29.970399856567383,11737900.0
2016-10-12,30.006427066471804,30.318744041979258,29.994414610743636,30.210634231567383,8880100.0
2016-10-13,30.16860015028523,30.276709990684715,29.922350467406908,30.20463752746582,11156900.0
2016-10-14,30.23466102665622,30.396825752376962,30.19261857455919,30.198623657226562,8853200.0
2016-10-17,30.156576836891265,30.38480889460229,30.06047949014054,30.288711547851562,10724600.0
2016-10-18,30.39683418761104,30.39683418761104,30.06049218635685,30.192626953125,10873900.0
2016-10-19,30.30072851794602,30.408838335543592,30.240666235313025,30.258686065673828,10364900.0
2016-10-20,29.75417968042124,29.772197222869707,29.36979016723916,29.513935089111328,27098200.0
2016-10-21,29.30372129512348,29.381798835845135,28.799209512024436,28.94936180114746,24785000.0
2016-10-24,29.25567455937209,29.3878093209514,28.90732240312984,28.95536994934082,19414700.0
2016-10-25,28.955363760491444,29.00341358757472,28.703109041729817,28.733139038085938,16441200.0
2016-10-26,28.673086808995684,28.859274211501464,28.576989419951335,28.607019424438477,15049200.0
2016-10-27,28.67307953710993,29.255668808063838,28.607012169308316,29.153566360473633,22330700.0
2016-10-28,29.16558455104812,29.29171193738709,28.889302568551166,28.95536994934082,10660100.0
2016-10-31,28.973384685924376,29.009419766456496,28.859267487860816,28.889297485351562,12459400.0
2016-11-01,29.021434378202134,29.057471752551574,28.546952592740695,28.625032424926758,13229400.0
2016-11-02,28.67908685620582,28.67908685620582,28.144545080337807,28.19259262084961,16488200.0
2016-11-03,28.216616305005694,28.39079350043497,28.10250139652202,28.150548934936523,12605100.0
2016-11-04,28.210610716441685,28.396798074782247,28.1625608877461,28.27667808532715,14410200.0
2016-11-07,28.462868962993433,28.5109187976302,28.19259437101717,28.504911422729492,14705200.0
2016-11-08,28.564975077807073,28.73915000881327,28.510920156834853,28.619029998779297,9482400.0
2016-11-09,28.234641784080257,28.87729583380843,27.9103145079528,28.745161056518555,20871900.0
2016-11-10,28.745144536243746,28.757156990106594,27.844231116801794,28.042430877685547,24311700.0
2016-11-11,28.048438250187623,28.16856049767481,27.934321084061207,28.042430877685547,16425500.0
2016-11-14,28.054453795188298,28.138538712448597,27.634026917744627,27.73613166809082,21820200.0
2016-11-15,27.93433101117212,28.450855255126953,27.856253470028896,28.450855255126953,18672200.0
2016-11-16,28.522935577966766,28.817232840709902,28.420830809464253,28.787202835083008,17328400.0
2016-11-17,28.799206404754514,28.931338846949807,28.715121498500636,28.733139038085938,12436300.0
2016-11-18,28.73914972575653,28.949364323530205,28.570979880451436,28.87128448486328,12820600.0
2016-11-21,28.865272462281037,29.045454723387707,28.781185268698955,29.015424728393555,10773300.0
2016-11-22,29.117531273009085,29.796220253002033,29.05146390002631,29.72414779663086,22030000.0
2016-11-23,29.610029594569045,30.42085329321523,29.604024511382924,30.168596267700195,21456700.0
2016-11-25,30.16259474320977,30.51094688765461,30.132562450309848,30.4328670501709,8087100.0
2016-11-28,30.31274378822611,30.751188182007006,30.300731330584465,30.70313835144043,15982400.0
2016-11-29,30.649079040719517,30.72115377622957,30.492921696064467,30.607036590576172,11532800.0
2016-11-30,30.360794460059818,30.46890429884659,29.970399856567383,29.970399856567383,20698900.0
2016-12-01,29.910336767289476,30.024453978055192,29.616039551523812,29.95237922668457,12982800.0
2016-12-02,30.030454777611425,30.22264950489679,29.790210222933784,29.916339874267578,10650700.0
2016-12-05,29.874299253326413,30.078506449985685,29.874299253326413,29.88030433654785,13074700.0
2016-12-06,30.12054812666781,30.4028328536125,29.88630864653564,30.246675491333008,13581500.0
2016-12-07,30.462887345263468,30.88931915924186,30.2947152775991,30.859289169311523,16280600.0
2016-12-08,30.769208409292325,30.799238410447277,30.619056112375336,30.709148406982422,11502900.0
2016-12-09,30.685113306804134,31.009442710390857,30.583008587389884,30.925357818603516,10101500.0
2016-12-12,30.955397674538602,31.489939477939384,30.919360298942003,31.0875301361084,16186400.0
2016-12-13,31.279725223409656,31.45390013336792,31.267712765629422,31.447895050048828,12211500.0
2016-12-14,31.507947561230296,31.628069819348433,30.877308570036952,31.009443283081055,19920400.0
2016-12-15,30.853301299896543,31.309765683490863,30.78122882027637,31.117570877075195,13963600.0
2016-12-16,31.267717216558694,31.399849688666094,31.14759491279911,31.393844604492188,21262500.0
2016-12-19,31.519968544184508,31.91036541590868,31.285731337606855,31.778230667114258,13407000.0
2016-12-20,31.790241094139393,32.10856319646894,31.790241094139393,31.904356002807617,10366900.0
2016-12-21,31.8863291002392,32.090536233944036,31.814256668090824,31.81425666809082,9656700.0
2016-12-22,31.742190025169773,32.27673404884055,31.664112491775633,32.222679138183594,11101500.0
2016-12-23,32.22267841393575,32.282738406141604,32.096548764476516,32.24069595336914,7201200.0
2016-12-27,32.24670862255261,32.33079583902189,32.09655631557103,32.216678619384766,6255400.0
2016-12-28,32.210663356671915,32.33078562252714,32.05450372371762,32.0965461730957,6849500.0
2016-12-29,32.18664872687639,32.37283841298493,32.138598888728744,32.27674102783203,7150800.0
2016-12-30,32.16261881090906,32.21667372485581,31.93438669745143,32.060516357421875,12440800.0
2017-01-03,32.40886688905095,32.83529880547853,32.27072706927054,32.781246185302734,22891700.0
2017-01-04,32.76322246345612,32.91938209589302,32.631090033480646,32.74520492553711,18316100.0
2017-01-05,32.901368544893295,32.93140083534444,32.613076427470574,32.817283630371094,13840600.0
2017-01-06,32.57933059949444,32.64610433478522,32.23332334902216,32.330448150634766,15615000.0
2017-01-09,32.306158096106586,32.3365091524785,31.972289529104057,31.978361129760742,14097200.0
2017-01-10,31.984435998531815,32.269741072637295,31.57772667774428,32.02692794799805,11787400.0
2017-01-11,31.941958203791415,32.02087285161496,31.711288180366587,31.844833374023438,16142800.0
2017-01-12,31.826603532264016,32.10583695590507,31.7294787624916,31.978361129760742,11052100.0
2017-01-13,32.002648598272934,32.111914273173184,31.814468310247474,31.899452209472656,9458700.0
2017-01-17,31.89945990622677,32.10585041798799,31.86910883712856,32.01479721069336,11383500.0
2017-01-18,31.881250469159006,32.07550009466976,31.693070131353753,31.71735191345215,12930900.0
2017-01-19,31.899459361247686,31.954092210946353,31.67485867499231,31.78412437438965,13286100.0
2017-01-20,31.9297944635766,32.29401405132186,31.905515010236467,32.00263977050781,15473700.0
2017-01-23,31.84482135480252,31.9905097022865,31.674853545769317,31.814470291137695,15695500.0
2017-01-24,30.509351803862305,30.831079542364815,30.224049044498862,30.424367904663086,43484700.0
2017-01-25,30.048009827156736,30.31510241421304,29.647369788753483,30.2119083404541,30398600.0
2017-01-26,29.59274018905584,30.029802939006007,29.447051833859835,29.817340850830078,37877100.0
2017-01-27,29.956947927651633,30.18762011735696,29.908386702029887,30.108705520629883,18369300.0
2017-01-30,30.041946293543194,30.254406083516145,29.853765968397127,29.969100952148438,12148700.0
2017-01-31,29.871976886939418,30.029806148238514,29.70200905074479,29.75057029724121,16844200.0
2017-02-01,29.950882111503002,29.969092283765487,29.28921883686339,29.374202728271484,26004100.0
2017-02-02,29.46526332108312,29.49561438531994,29.076764141321235,29.30743408203125,17787200.0
2017-02-03,29.4106216894591,29.513815740150957,29.337778693933252,29.48953628540039,15166400.0
2017-02-06,29.54417506039942,29.54417506039942,29.10104304722415,29.155675888061523,16151400.0
2017-02-07,29.216385551404855,29.234595729725203,29.016064327328454,29.161752700805664,12771900.0
2017-02-08,29.22851732878322,29.483469008327347,29.198163953529225,29.362062454223633,13962800.0
2017-02-09,29.362066912010444,29.72021502739034,29.362066912010444,29.629161834716797,13577300.0
2017-02-10,29.708073340815176,29.8173390215995,29.55631570813003,29.73235511779785,12317400.0
2017-02-13,29.301362841796266,29.51382259292618,29.186027879131114,29.471330642700195,18305300.0
2017-02-14,29.325646676411758,29.42277147169445,29.13139708584638,29.30136489868164,20847200.0
2017-02-15,29.13746968791525,29.198171823509856,29.016063101087994,29.186033248901367,19297100.0
2017-02-16,29.155677037273975,29.453123030365653,29.070693129430012,29.41670036315918,18706900.0
2017-02-17,29.325649405080185,29.926608408172545,29.216383710765573,29.859834671020508,23190700.0
2017-02-21,30.054079195721066,30.163344871552326,29.884111395822483,30.005517959594727,19206000.0
2017-02-22,30.0480147867717,30.16942137024989,30.035873896860085,30.151208877563477,13653400.0
2017-02-23,30.339382205225217,30.65503832326203,30.151201928423237,30.539703369140625,16212000.0
2017-02-24,30.521490642831026,30.928202253230772,30.521490642831026,30.715740203857422,14357900.0
2017-02-27,30.648970243194576,30.685390590330123,30.230117726035502,30.315101623535156,14029500.0
2017-02-28,30.327231856460152,30.36972379028157,29.99336566973327,30.12691307067871,17699200.0
2017-03-01,30.08443316709765,30.339384871976904,29.969095887200957,30.236190795898438,16095600.0
2017-03-02,30.163338989574136,30.363660128080515,30.108706162312135,30.339378356933594,10773400.0
2017-03-03,30.33939042990475,30.43651523750422,30.23012473190059,30.406164169311523,11071600.0
2017-03-06,30.369731903076175,30.442577222489557,30.254396954127657,30.369731903076172,10827300.0
2017-03-07,30.351530844073547,30.38795351471613,29.963031619771492,30.011592864990234,12896900.0
2017-03-08,29.92661104277843,29.94482353719287,29.683800168421744,29.84162712097168,14206500.0
2017-03-09,29.884119602239117,30.017667090625547,29.793066391134197,29.914470672607422,10590000.0
2017-03-10,30.048002806875207,30.06014369194635,29.805189736726444,29.956947326660156,11181600.0
2017-03-13,29.94481651316662,30.066220764048595,29.823409946646994,30.029800415039062,10488800.0
2017-03-14,30.011577730740036,30.12691497179355,29.89624280532339,29.963016510009766,8496600.0
2017-03-15,29.902322576855845,30.503283814164742,29.902322576855845,30.43651008605957,12660800.0
2017-03-16,30.363664013995802,30.503280742502906,30.260467631232977,30.375804901123047,10861200.0
2017-03-17,30.466859810155718,30.61254814831317,30.36366573717394,30.588266372680664,21071300.0
2017-03-20,30.606482465896075,30.721819764637978,30.436514634871827,30.49721908569336,9456000.0
2017-03-21,30.64289993851021,30.73395544147798,30.424368583897667,30.448650360107422,15196500.0
2017-03-22,30.430431931336816,30.521485093968256,29.993369340667506,30.175477981567383,14950400.0
2017-03-23,30.19976168900411,30.278676287524632,29.99944055021443,30.13298797607422,9644900.0
2017-03-24,30.169424674200187,30.2483393094489,30.048018077426374,30.157283782958984,9310700.0
2017-03-27,30.157278180580235,30.205839420885503,29.6959336616723,29.82948112487793,13270900.0
2017-03-28,29.750567707998528,29.956958197831533,29.544177218165526,29.926607131958008,12856300.0
2017-03-29,29.914470875296075,29.969103728584493,29.76271320678806,29.82341766357422,11160800.0
2017-03-30,29.744493551521156,29.890181885756054,29.68379142971183,29.780916213989258,11623000.0
2017-03-31,29.8051931068543,29.8051931068543,29.59273338317871,29.59273338317871,19299100.0
2017-04-03,29.58060503072683,29.89626126510812,29.495621105246922,29.853769302368164,14307400.0
2017-04-04,29.805190547018945,29.93873797079513,29.671645438879878,29.932668685913086,8952800.0
2017-04-05,30.00551808059337,30.078361092895417,29.75056406407978,29.756635665893555,14327600.0
2017-04-06,29.804559933746752,29.853700610799738,29.58956273474392,29.74927520751953,18456100.0
2017-04-07,29.77997168634903,30.050251116405754,29.64483079968723,29.890541076660156,17269600.0
2017-04-10,29.92740864659892,30.025692322644087,29.761554503910013,29.81683921813965,10859400.0
2017-04-11,29.798405709367817,29.945832376721636,29.669408839975343,29.915119171142578,13096200.0
2017-04-12,29.81069802170006,30.062550112109747,29.693986877504123,30.050264358520508,10455800.0
2017-04-13,29.97653617688134,30.05024831579668,29.835253600932496,29.865966796875,9487000.0
2017-04-17,29.902830794353044,30.160824510482385,29.902830794353044,29.98268699645996,10507100.0
2017-04-18,29.865975451418375,30.40039505740166,29.816834792323746,30.234540939331055,19691300.0
2017-04-19,30.369690249338937,30.43726072984883,30.03184019005763,30.06255340576172,18837300.0
2017-04-20,29.435987276219343,29.865979228192806,29.306990393607588,29.736982345581055,30398200.0
2017-04-21,29.435985729744456,29.58955410857643,28.950711433518716,29.024423599243164,31278300.0
2017-04-24,28.95071046345442,29.09199308605372,28.846282750848683,28.901567459106445,23161900.0
2017-04-25,28.84627927220343,29.036704876186796,28.612857059501778,28.686569213867188,30033500.0
2017-04-26,28.717280473679715,29.196412959544876,28.637424278279862,29.09198760986328,29343800.0
2017-04-27,29.091994457114943,29.110421912980183,28.66200252187498,28.66814422607422,16838500.0
2017-04-28,28.649711344141387,28.649711344141387,28.189006288624704,28.201292037963867,25922800.0
2017-05-01,28.293430716130413,28.34871541013312,28.182861328125,28.182861328125,14455200.0
2017-05-02,28.256576738356554,28.318003141785276,28.109150089553694,28.201292037963867,13397800.0
2017-05-03,28.268864346216,28.410146958004276,28.152153234721485,28.34872055053711,19568100.0
2017-05-04,28.367142860378415,28.367142860378415,28.10914684061018,28.182861328125,20767700.0
2017-05-05,28.305722701861768,28.704999052522695,28.25657969935544,28.68042755126953,17133000.0
2017-05-08,28.698847003150824,28.711132749348497,28.434709318067043,28.64356231689453,15561700.0
2017-05-09,28.576000893910376,28.618999847525746,28.35486207916435,28.514572143554688,14349000.0
2017-05-10,28.502289336144933,28.64357195003331,28.44700463129581,28.49000358581543,12669600.0
2017-05-11,28.44700353599645,28.483858442298654,28.24429217826559,28.268863677978516,12435800.0
2017-05-12,28.3302904916655,28.35486199173201,28.139867224318103,28.158294677734375,14470900.0
2017-05-15,28.201286982826808,28.219714431898847,27.795866700375203,27.875722885131836,20379700.0
2017-05-16,27.85115679224543,28.041582394898338,27.795872091040852,27.83272933959961,14813500.0
2017-05-17,27.832737538554568,27.832737538554568,27.31060357486421,27.32288932800293,21333500.0
2017-05-18,27.335165740292634,27.82044227874034,27.31673828851541,27.666873931884766,15648700.0
2017-05-19,27.740592798602776,27.91258863887791,27.494882446837522,27.90030288696289,12787800.0
2017-05-22,27.881868164971696,27.98629585740271,27.814297718681093,27.937152862548828,9290100.0
2017-05-23,27.937152862548828,27.99858160611618,27.888012210961914,27.937152862548828,8066300.0
2017-05-24,27.91872592699723,27.943297424878203,27.55016048858364,27.666873931884766,15846000.0
2017-05-25,27.673016939112106,27.875728291284602,27.648445440072933,27.83272933959961,11206400.0
2017-05-26,27.795868241769657,27.912579331142474,27.789726539493948,27.8388671875,5999900.0
2017-05-30,27.802008553926083,28.459283141368875,27.802008553926083,28.379426956176758,16442300.0
2017-05-31,28.520722349576893,28.84014489060749,28.416294623053556,28.64971923828125,22811100.0
2017-06-01,28.692709884695,28.692709884695,28.31800273664621,28.569854736328125,14219400.0
2017-06-02,28.643568912871174,28.987560512553717,28.453143317856174,28.52685546875,18552800.0
2017-06-05,28.3610029546627,28.514571311168172,28.26886334671971,28.483858108520508,8538200.0
2017-06-06,28.483856518789683,28.754138310845427,28.404002665015966,28.52685546875,11610500.0
2017-06-07,28.5759969147422,28.686566306718575,28.477713271126184,28.563711166381836,8648100.0
2017-06-08,28.56371471663009,28.600571966292254,28.25657799924697,28.373289108276367,11717800.0
2017-06-09,28.36099654183271,28.735703621902143,28.26271290962324,28.698848724365234,11698800.0
2017-06-12,28.69885337391506,29.17798586565297,28.69885337391506,28.987560272216797,18929100.0
2017-06-13,29.055138202081277,29.061282249759497,28.502293417689597,28.539148330688477,15194600.0
2017-06-14,28.64357264265712,28.735712257455486,28.508431729032043,28.68042755126953,9817600.0
2017-06-15,28.612864323375852,28.76643271752896,28.563721312478346,28.64971923828125,10984100.0
2017-06-16,28.784844883268057,28.87084276338529,28.459280810462392,28.64356231689453,22573900.0
2017-06-19,28.643573408871536,28.643573408871536,28.43472032916749,28.60671615600586,9773500.0
2017-06-20,28.502290328686676,28.508432032431664,28.096869926764125,28.219722747802734,16756100.0
2017-06-21,28.225867566734046,28.268866523926963,27.69759198605828,27.8941593170166,15027200.0
2017-06-22,27.93101843838423,28.004730606606774,27.7528785505178,27.90030288696289,10511300.0
2017-06-23,27.906449405175337,27.9248768630455,27.82659318229164,27.881877899169922,10069700.0
2017-06-26,27.91873429683858,28.24429853992884,27.91873429683858,28.103015899658203,10105500.0
2017-06-27,27.623885462616634,27.734454901763606,27.525601777071312,27.544029235839844,20187200.0
2017-06-28,27.63002716778351,27.783595572902318,27.44574555029452,27.544029235839844,18703600.0
2017-06-29,27.51946215809312,27.58089093598879,27.26761002689157,27.279895782470703,17913000.0
2017-06-30,27.40888110543822,27.488737311284165,27.249171037013618,27.433452606201172,13368900.0
2017-07-03,27.402737211674037,27.691446464394943,27.34130846467645,27.642303466796875,9732000.0
2017-07-05,27.673022770669384,27.67916681835748,27.29831553279458,27.42731475830078,14853400.0
2017-07-06,27.363827113119104,27.438505983591995,27.083778381347656,27.083778381347656,16854300.0
2017-07-07,27.090005392704175,27.133568272636474,26.890860120442536,27.058889389038086,12198500.0
2017-07-10,27.058885512711104,27.077554637436524,26.8721871434612,26.884634017944336,12272500.0
2017-07-11,26.890864358825553,26.897088984939202,26.63570929014933,26.69171905517578,13249500.0
2017-07-12,26.785065675572135,26.99665782759474,26.760171922628547,26.897085189819336,11388900.0
2017-07-13,26.853526603810636,27.096234798829197,26.78506995926708,27.06511878967285,12140500.0
2017-07-14,27.152234059117816,27.270475797761353,27.015320823005425,27.108671188354492,11986800.0
2017-07-17,27.152233129366085,27.295368610401223,27.10867026009445,27.170902252197266,10804200.0
2017-07-18,27.170901685032685,27.25180517227623,26.921968973820984,26.984203338623047,15417100.0
2017-07-19,26.97798778225016,27.096231928115944,26.884639764670887,27.04022216796875,13940800.0
2017-07-20,27.071338718882874,27.74345585418161,27.05889184148855,27.51941680908203,19309100.0
2017-07-21,27.525636672973633,27.575424178231938,27.270481643522107,27.525636672973633,11426600.0
2017-07-24,27.47585676486192,27.51319502690472,27.183361050863365,27.202030181884766,11895200.0
2017-07-25,27.32027101767871,27.48829792442242,27.264261257431112,27.37005615234375,9818800.0
2017-07-26,27.880371585327282,27.899043091651514,27.55675983903515,27.631441116333008,19045200.0
2017-07-27,28.788965434218067,29.772247313825517,28.596044783053813,29.753578186035156,44702500.0
2017-07-28,29.6851206127018,30.108304905216542,29.324168326851456,29.8344783782959,25296500.0
2017-07-31,29.778463512634715,30.22654148052339,29.548202278691246,30.120746612548828,28456800.0
2017-08-01,30.295010564273706,30.886224265360287,30.201660157891816,30.42569923400879,33498200.0
2017-08-02,30.43192289239401,30.45059202347666,29.809593200312328,30.002513885498047,19233400.0
2017-08-03,29.92783216862969,30.251443862915043,29.834481774009227,30.25144386291504,15190100.0
2017-08-04,30.214101831621853,30.438140869140625,29.958946788669707,30.438140869140625,13841700.0
2017-08-07,30.363471024906563,30.46926594969033,30.295014368164246,30.407033920288086,10448700.0
2017-08-08,30.33856101569222,30.463027381838344,30.139415779457813,30.245210647583008,10901200.0
2017-08-09,30.195432152584726,30.270111039062957,29.92160798616521,30.00873374938965,18887100.0
2017-08-10,29.98384044848045,30.002509576882055,29.784695165533222,29.884267807006836,13005200.0
2017-08-11,29.996290201604513,30.014959331796202,29.68512537041359,29.909164428710938,10420500.0
2017-08-14,29.97761919666481,30.36968755521472,29.96517469232927,30.357240676879883,11064600.0
2017-08-15,30.22033118633826,30.23900031772004,29.990067487299036,30.170543670654297,11164800.0
2017-08-16,30.102084165054187,30.201656812967155,30.008736143010324,30.126977920532227,9447000.0
2017-08-17,30.102089425383117,30.151876945039547,29.80337142944336,29.80337142944336,10638000.0
2017-08-18,29.778474326497886,29.8407087190816,29.566882139711932,29.67890167236328,16919100.0
2017-08-21,29.766021783418726,30.182981418129177,29.6788936573312,29.958942413330078,10556800.0
2017-08-22,29.952721151072666,30.145641787349632,29.73490438966481,30.089632034301758,11005500.0
2017-08-23,30.033617503245154,30.28877247676014,29.990054632693695,30.046064376831055,8909200.0
2017-08-24,30.08962869431666,30.220319686254022,29.983833824746682,30.06473731994629,8898200.0
2017-08-25,30.170539400744545,30.481704207733248,30.13942339484549,30.295005798339844,9846700.0
2017-08-28,30.27633761801372,30.33856963176126,30.064745447673264,30.25144386291504,6329400.0
2017-08-29,30.09586476817311,30.344795224570266,30.077195636793164,30.189212799072266,6044100.0
2017-08-30,30.077189887525844,30.10208126660797,29.871819985605306,29.94649887084961,10758400.0
2017-08-31,30.03362318017508,30.120751311745273,29.828255662185303,29.8531494140625,14237700.0
2017-09-01,29.884265400777565,29.915381403607846,29.72868301262733,29.822031021118164,11455200.0
2017-09-05,29.734903255901397,29.82202900754301,29.436185375702152,29.473526000976562,10005100.0
2017-09-06,29.54199266635759,29.598002436303897,29.013010978198132,29.1934871673584,14081900.0
2017-09-07,29.249486275057997,29.380174899293266,28.67071965458909,28.751623153686523,16591100.0
2017-09-08,28.739184377499466,28.869873038562325,28.446688672645106,28.695621490478516,14152000.0
2017-09-11,28.770297057594334,28.838753693278264,28.701840421910404,28.813859939575195,11073700.0
2017-09-12,28.938326867615903,29.218375666941032,28.86364797912889,29.118803024291992,11173200.0
2017-09-13,29.112577498531973,29.411295417242126,29.050345489050315,29.405073165893555,12772700.0
2017-09-14,29.398855681308856,29.616670123810337,29.255717763094314,29.361515045166016,11808500.0
2017-09-15,29.510870021433213,29.809590334028996,29.286833347985095,29.784696578979492,24626500.0
2017-09-18,29.815810227567972,30.027402380755014,29.56687744476006,29.92782974243164,18810200.0
2017-09-19,29.927833617520538,30.836434356617822,29.878046104912826,30.705745697021484,30818000.0
2017-09-20,30.680853846242975,30.892446039968764,30.54394292606705,30.79287338256836,18755900.0
2017-09-21,30.72442538623339,30.76798828773665,30.39459131085153,30.456823348999023,14315800.0
2017-09-22,30.612394858114655,31.166270244921932,30.506599956341987,31.054250717163086,20646400.0
2017-09-25,31.035579213203793,31.315628032600905,30.960900319364306,31.054250717163086,13698600.0
2017-09-26,31.091587502403407,31.16626876669998,30.743084431682554,30.811538696289062,12007500.0
2017-09-27,30.61239340616311,30.948451973500326,30.568830522323005,30.811538696289062,14270800.0
2017-09-28,30.643512732426153,30.84888028058256,30.58127834359149,30.74930763244629,8231800.0
2017-09-29,30.68084720193096,31.01068348701425,30.50037105760222,30.799091339111328,13021700.0
2017-10-02,30.73685264217944,30.92977563564917,30.64972689480555,30.718183517456055,9525800.0
2017-10-03,30.774199994798398,31.12892768609989,30.76175311759495,31.023130416870117,10218600.0
2017-10-04,30.892443677511764,31.166270244921932,30.730639011859676,31.054250717163086,9887500.0
2017-10-05,31.09159423198122,31.135157125250238,30.917342658905145,30.973352432250977,12230600.0
2017-10-06,30.885169054363534,30.98593622899119,30.645846113693242,30.74031639099121,13239600.0
2017-10-09,30.790698965502724,30.916658535177895,30.639549403875687,30.89146614074707,10702900.0
2017-10-10,31.036317795228616,31.16857666044789,30.897764435324877,30.94814682006836,10843900.0
2017-10-11,30.94814675954597,31.06151012809572,30.55137496962185,30.771804809570312,10335100.0
2017-10-12,30.507292804950538,30.765508860887614,30.31205773977808,30.450611114501953,17087900.0
2017-10-13,30.444322812788503,30.5324938222754,30.123128077874835,30.14202117919922,20105100.0
2017-10-16,30.167206855884867,30.45061292247559,30.041247269356052,30.286867141723633,10394700.0
2017-10-17,30.286862086425273,30.5387812174341,30.148306324122533,30.482099533081055,14842800.0
2017-10-18,30.438020590267843,30.76551216752566,30.07903491052405,30.639554977416992,20410400.0
2017-10-19,31.52125572662383,32.23292512087716,30.891460397810256,30.99222755432129,29173900.0
2017-10-20,31.14338706568472,31.231558048768882,30.81589312674419,31.193769454956055,16259600.0
2017-10-23,31.155983105865676,31.294536477519614,30.803296772835736,30.853681564331055,15660000.0
2017-10-24,30.960748934617715,31.036323727417518,30.68363975936554,30.822193145751953,11527900.0
2017-10-25,30.658445494426825,30.727723384642008,30.324654644276432,30.63325309753418,19256800.0
2017-10-26,30.771811629053865,31.130794908191053,30.702533732645037,30.79070472717285,14420100.0
2017-10-27,30.68364830949249,31.105610289558822,30.563985584862326,30.77811622619629,12423400.0
2017-10-30,30.784406085592295,30.935555666944804,29.864902788700856,30.12312126159668,24587400.0
2017-10-31,30.19239137986854,30.34354333680785,30.047538722477746,30.148305892944336,15910000.0
2017-11-01,30.324655638386215,30.337249434766193,29.953076180715648,30.12312126159668,11046600.0
2017-11-02,30.154615897050125,30.192402097839498,29.71375846882968,29.890100479125977,13126900.0
2017-11-03,30.016048727683707,30.066433512973877,29.751535812346695,29.864896774291992,8038200.0
2017-11-06,29.165829354657717,29.19101934781034,28.240029236264867,28.67458724975586,36443300.0
2017-11-07,28.473052755836513,28.712375708254697,28.13926192396207,28.699779510498047,25789600.0
2017-11-08,28.599019122221833,28.66829702509502,28.428974015845732,28.630508422851562,17414800.0
2017-11-09,28.523437747083257,28.611608729519645,28.2211362062389,28.3848819732666,21078700.0
2017-11-10,28.41008289379773,28.41008289379773,28.183356069512147,28.265230178833008,17075000.0
2017-11-13,28.290411780330135,28.391181363410045,28.15185840855344,28.183347702026367,16673900.0
2017-11-14,28.14555434607716,28.246321509627936,27.805466670642467,27.849552154541016,20829900.0
2017-11-15,27.918836851560705,27.95032614739958,27.692110077553973,27.78028106689453,15726500.0
2017-11-16,27.8432556164088,28.265219807324453,27.78027703387401,28.195941925048828,13818000.0
2017-11-17,28.107781317934208,28.825747994607873,28.101482015869458,28.605318069458008,18933200.0
2017-11-20,28.84463463091849,29.19102168997019,28.655696453479315,29.096553802490234,18227400.0
2017-11-21,29.184728688403208,29.254006589959058,28.976894983735654,29.083961486816406,13598000.0
2017-11-22,29.12803924473203,29.864898760003463,29.12174234739148,29.66336441040039,15825100.0
2017-11-24,29.63818115442174,29.713755952079023,29.505922255422124,29.606689453125,5097200.0
2017-11-27,29.833407190240653,30.167200383296183,29.820810994042446,30.016048431396484,17548300.0
2017-11-28,30.041247934173708,30.759214470053593,29.934181442387068,30.746618270874023,20982500.0
2017-11-29,30.759217474666823,31.798381184934588,30.759217474666823,31.426801681518555,31034500.0
2017-11-30,31.48977909986636,32.17625638034263,31.48348220113736,32.050296783447266,33268500.0
2017-12-01,32.05659203586543,32.46595767097258,31.697608791665377,32.27701950073242,23909000.0
2017-12-04,32.447080366255534,32.957215836411386,32.43448416177856,32.57304000854492,19371000.0
2017-12-05,32.27702852078141,32.68009737059537,31.98102378311435,32.06919479370117,17574100.0
2017-12-06,31.741695436259324,32.018804602500076,31.640928248310026,31.91803741455078,17296600.0
2017-12-07,31.861354203216354,31.955824488502692,31.615734344446867,31.754287719726562,11986700.0
2017-12-08,31.829855884657583,32.232924502974925,31.716492535446026,32.17624282836914,13639900.0
2017-12-11,32.30221823288898,32.70528704911669,32.10068382477513,32.64860534667969,13542500.0
2017-12-12,33.473638888478774,33.59329919397597,32.95720666109974,33.49882888793945,22901200.0
2017-12-13,33.372860286321334,33.49881744804925,32.92570371326334,33.309879302978516,17705500.0
2017-12-14,33.12723910408713,33.21541248355938,32.80604448754307,32.96349334716797,18775400.0
2017-12-15,33.10835090611873,33.3098852840452,32.99498751822518,33.171329498291016,28935600.0
2017-12-18,33.341375976477906,33.62478445808102,33.16503398902682,33.53661346435547,15874300.0
2017-12-19,33.54921155218909,33.750745949899596,33.190228256112285,33.27210235595703,14239500.0
2017-12-20,33.448440724794615,33.599590305440785,33.177628456784355,33.234310150146484,11643500.0
2017-12-21,33.259506516524056,33.75704321487343,33.13354691596894,33.38546371459961,12778100.0
2017-12-22,33.44844648653841,33.77594050432408,33.4169571853528,33.49882888793945,13657800.0
2017-12-26,33.46103757433437,33.813721537687165,33.46103757433437,33.51771926879883,6595800.0
2017-12-27,33.63738558183152,33.69406728644998,33.435851165961424,33.555511474609375,8361900.0
2017-12-28,33.6373824375709,33.7255534359623,33.47993353973496,33.64997863769531,6726300.0
2017-12-29,33.612188374706754,33.66887007122313,33.335079193115234,33.335079193115234,9994700.0
2018-01-02,33.47992800259239,33.73814405623859,33.25320124280956,33.71295166015625,16045300.0
2018-01-03,33.568108941580675,33.59330134513424,32.86273845943965,33.02018737792969,16662400.0
2018-01-04,32.98239036221581,33.309884317462966,32.64230261088308,33.12724304199219,12062800.0
2018-01-05,33.253212133562414,33.303596942228616,32.969803591014795,33.05167770385742,13348900.0
2018-01-08,33.102057804437955,33.22171810428111,32.77456380212664,32.994991302490234,16212700.0
2018-01-09,33.19881544340297,33.40264527893881,32.835743396989535,32.87396240234375,14677800.0
2018-01-10,32.733840336207834,32.9504099186418,32.58096911910396,32.924930572509766,12593400.0
2018-01-11,33.05231373569239,33.23703528813781,32.893071520793235,33.192447662353516,15568200.0
2018-01-12,33.08416318724834,33.275255797634436,32.98224826230271,33.033206939697266,17673700.0
2018-01-16,32.918554794808294,33.135124330162704,32.75294151079652,32.90581512451172,14739200.0
2018-01-17,33.00137334260233,33.05870066469685,32.619190385357356,32.94404602050781,11591500.0
2018-01-18,33.05867965994476,33.95043446722606,32.73382423120024,32.83573913574219,29442600.0
2018-01-19,32.95677229936185,33.07142446710334,32.587329167178154,33.06505584716797,23761300.0
2018-01-22,33.15423067056105,34.0714674392133,33.12875133146659,34.0523567199707,27691300.0
2018-01-23,34.77849604592688,34.77849604592688,33.63832372297441,33.90584945678711,33000500.0
2018-01-24,34.28166093808371,34.676580917373336,34.07783111458951,34.53644943237305,21080400.0
2018-01-25,34.57466837950253,34.886784184944496,34.40268649852553,34.58103942871094,18638700.0
2018-01-26,34.708420759019205,34.87403152911356,34.612874495221654,34.854923248291016,13077600.0
2018-01-29,34.128789804404526,34.765758610639686,34.014135224894744,34.479122161865234,17052600.0
2018-01-30,34.58741245719257,34.71480672932395,34.262559371608994,34.33262634277344,15401500.0
2018-01-31,34.3899540877512,34.66384849608103,34.096946529112884,34.44091033935547,17827000.0
2018-02-01,34.708435616406994,34.87404645739317,34.4026884133128,34.58740997314453,18646100.0
2018-02-02,34.56830302561323,34.56830302561323,33.69565629956398,33.746612548828125,15574000.0
2018-02-05,33.45359282087798,33.88036063769579,32.16691589355469,32.16691589355469,22239600.0
2018-02-06,31.491739836922914,32.48541214188902,31.25606203703399,32.37712860107422,34543900.0
2018-02-07,32.24973670494196,33.07779580483067,32.16693006600002,32.491783142089844,16066600.0
2018-02-08,32.41534120553517,32.536366830253904,31.211470585993187,31.236949920654297,23308900.0
2018-02-09,31.593657851121396,32.039536586609096,30.810186361405005,31.772010803222656,27707900.0
2018-02-12,31.988571666819542,32.26883704439146,31.58091205222658,31.91850471496582,16903000.0
2018-02-13,31.79112234810937,32.01406052375459,31.319764224088775,31.8994083404541,11871700.0
2018-02-14,31.695567660952282,31.912137158632916,31.415302252712795,31.536325454711914,17559200.0
2018-02-15,31.56180517722304,31.70830771717634,31.179624849505146,31.682830810546875,18902700.0
2018-02-16,31.65098317221569,32.14144950759161,31.65098317221569,31.94399070739746,12264000.0
2018-02-20,31.746527434350913,31.778375390734933,31.058599913208106,31.16051483154297,21330400.0
2018-02-21,31.084078497673804,31.1222975023153,30.536284913695347,30.54902458190918,20889900.0
2018-02-22,30.733742302969528,31.020378727515038,30.434366211795002,30.4916934967041,21198300.0
2018-02-23,30.631825893109863,30.765588741370795,30.28149358249382,30.759220123291016,26371400.0
2018-02-26,31.033130514789754,31.30702737968246,30.86114859289127,31.268808364868164,20853900.0
2018-02-27,31.224206539172133,31.319750388021628,30.599977493286133,30.599977493286133,23234700.0
2018-02-28,31.05859576956069,31.18599000794394,30.396150103685187,30.408889770507812,22159100.0
2018-03-01,30.377042705787343,30.95668424537875,30.26238812170612,30.54902458190918,28950200.0
2018-03-02,30.46622174499686,30.784706175047795,30.421631689333832,30.740116119384766,17449900.0
2018-03-05,30.670057123013635,31.173260766661524,30.587250475894336,31.026758193969727,15348400.0
2018-03-06,31.05223366366994,31.141408920288086,30.76559717465198,31.141408920288086,13526900.0
2018-03-07,30.91847362717921,31.345241660266897,30.86751494450644,31.10956382751465,16738200.0
2018-03-08,31.141397007423734,31.23057222992869,30.77832507017209,31.217832565307617,17038500.0
2018-03-09,31.338858164286545,31.35796644629687,30.797433352182416,31.217832565307617,14927100.0
2018-03-12,31.23058228799249,31.377084833553337,31.001273110647386,31.08407974243164,12526300.0
2018-03-13,31.2114768907764,31.37708773984118,30.892992432707253,30.98853874206543,12840200.0
2018-03-14,31.166887886867297,31.2751714315116,30.803815815064024,30.861143112182617,11930400.0
2018-03-15,30.912091255634127,31.06496481782008,30.66367384319444,30.759220123291016,9537400.0
2018-03-16,30.83566516210943,31.07134298094641,30.714641942672834,30.931211471557617,26838100.0
2018-03-19,30.912092684978454,30.96305135134433,30.650935594460723,30.771961212158203,12980800.0
2018-03-20,30.829296359977103,30.95031957869886,30.306982045724247,30.377046585083008,10765500.0
2018-03-21,30.377039973823347,30.54902183447797,30.109514254922633,30.115882873535156,11062500.0
2018-03-22,30.001234565189108,30.26876276980315,29.791036089275657,29.861103057861328,14270800.0
2018-03-23,29.975754925582823,30.230541007420467,29.427961326359068,29.485288619995117,15955100.0
2018-03-26,29.79739708751647,30.04581450907456,29.67637390081566,29.982118606567383,15435500.0
2018-03-27,30.001231112350805,30.510808123474476,29.8356202846259,30.13499641418457,14544700.0
2018-03-28,30.50442837501214,30.931198635643188,30.466211810966946,30.574495315551758,17728000.0
2018-03-29,30.701903000430196,31.039495756752938,30.300611893017734,30.459854125976562,17305500.0
2018-04-02,30.33246439789391,30.53629429223046,29.759193731263878,30.039459228515625,16511200.0
2018-04-03,30.0776690964489,30.275127879740964,29.752813630640556,30.256019592285156,14841300.0
2018-04-04,30.039456093957206,30.568141497743092,29.873845233281433,30.529922485351562,12376400.0
2018-04-05,30.561763683997476,30.79744146697952,30.370673524016276,30.72737693786621,13201300.0
2018-04-06,30.638194616784823,30.752849181358734,30.109511839998753,30.243274688720703,16071600.0
2018-04-09,30.3335790549663,30.636722145635588,30.185233116669085,30.262630462646484,13475300.0
2018-04-10,30.443235086637845,31.584856679183773,30.30778908254372,31.13336753845215,24309300.0
2018-04-11,30.914063430529186,30.952763331385164,30.623820325152145,30.68832015991211,11695600.0
2018-04-12,30.87535187651523,31.049497674014315,30.598008842766628,30.791505813598633,8837900.0
2018-04-13,30.901165569740026,30.946314226940686,30.643171133950013,30.739919662475586,7302000.0
2018-04-16,30.926960620967964,31.25590113725275,30.868912005103954,31.210752487182617,8885500.0
2018-04-17,31.339757335682442,31.630000485859572,31.159162691313337,31.5074520111084,11575500.0
2018-04-18,31.604194786198455,31.64289468597251,31.326851655527022,31.359100341796875,8347700.0
2018-04-19,31.346210697738623,31.57840525201219,31.20431593934089,31.23656463623047,11174200.0
2018-04-20,31.15916329492827,31.35910666637665,30.449679751815896,30.89472007751465,18224700.0
2018-04-23,31.088209189107165,31.423600947478636,30.939863260284284,31.38490104675293,14211600.0
2018-04-24,32.19758089528262,32.5007239818119,31.69449446267421,32.03633499145508,20920400.0
2018-04-25,32.28788888958553,32.35238628337251,31.75900238719513,32.31368637084961,19893200.0
2018-04-26,31.991185960920564,32.274980323003675,31.887988682095035,32.094383239746094,14121900.0
2018-04-27,32.41042455354283,33.339200013207645,32.352375933537715,33.261802673339844,25986200.0
2018-04-30,33.152163163919894,33.31340908891869,31.823495856179477,31.829944610595703,28938900.0
2018-05-01,31.920240355603237,32.02343763612539,31.114010832643558,31.488100051879883,16101400.0
2018-05-02,31.46874562060858,31.51389426886865,30.630267560957137,30.797962188720703,18515900.0
2018-05-03,30.77862261950623,30.868919942865915,30.546428096342733,30.856019973754883,16114100.0
2018-05-04,30.636720705178355,31.165607055255432,30.63027195182397,31.081758499145508,10669300.0
2018-05-07,31.07530971360401,31.165607022974793,30.681869328130915,30.785066604614258,12892100.0
2018-05-08,30.662517276555253,30.701214713271774,30.14007973713028,30.327125549316406,16716900.0
2018-05-09,30.314228195382572,30.430325436368467,29.727293237250358,29.914339065551758,23083300.0
2018-05-10,30.10783221308591,30.501272570975292,30.004634943837626,30.44322395324707,15727500.0
2018-05-11,31.004359871994385,31.64934343905966,30.907611352767773,31.359100341796875,22872800.0
2018-05-14,31.391355728561503,31.539704145818536,31.13981247738079,31.27526092529297,10362600.0
2018-05-15,31.0559631188073,31.146260434358588,30.714120117969433,30.823768615722656,12655400.0
2018-05-16,30.82377071171288,31.017265323968445,30.739922144249057,30.868919372558594,9798800.0
2018-05-17,30.868919934244904,30.985017195794228,30.73992270358815,30.862468719482422,8907500.0
2018-05-18,30.856003163598505,30.888251838598443,30.520611530683542,30.791505813598633,11384400.0
2018-05-21,30.823775411040955,31.281713303959457,30.791526714151374,31.23656463623047,8588800.0
2018-05-22,31.1720556873251,31.80413926164259,31.126904575915255,31.481647491455078,18539800.0
2018-05-23,31.436498805030983,31.591293476713034,31.172055652191947,31.339750289916992,14027800.0
2018-05-24,31.53324562944859,31.60419421420843,31.26235371718411,31.371999740600586,13580400.0
2018-05-25,31.339752001185616,31.378451901427763,31.11400873414913,31.29460334777832,7948000.0
2018-05-29,31.152710348882348,31.255907636274234,30.868918423659014,31.088212966918945,13035300.0
2018-05-30,31.27524720395437,31.423593095710274,31.11400134851319,31.346193313598633,10459100.0
2018-05-31,31.29460985172732,31.30105860623271,30.649626142813936,30.74637222290039,27288300.0
2018-06-01,30.888265425138712,30.959214017595798,30.707670797369598,30.836668014526367,9967100.0
2018-06-04,30.991458865755156,31.062407449419005,30.7850643280514,30.84311294555664,9012600.0
2018-06-05,30.81731474975235,31.081757919862355,30.810865996518153,30.939863204956055,10378000.0
2018-06-06,31.062415494609546,31.24301014677025,30.823772209908956,31.223661422729492,12924800.0
2018-06-07,30.933405537315966,31.771883526595463,30.86245696445707,31.610637664794922,19674300.0
2018-06-08,31.249459079271038,31.73319682829871,31.236559110713543,31.72029685974121,15399300.0
2018-06-11,31.920232146460613,32.1201754420668,31.77188378722061,31.797683715820312,14143700.0
2018-06-12,31.97828511279388,32.016982550549535,31.384898976232044,31.481647491455078,15597900.0
2018-06-13,31.24945205291419,31.31394942078218,30.55931988297584,30.572219848632812,30809400.0
2018-06-14,30.804413047080825,30.888261596903277,30.507721206683797,30.84311294555664,17568400.0
2018-06-15,30.810867522120017,30.997913360595707,30.7141189958968,30.997913360595703,31398000.0
2018-06-18,30.894716225771628,30.95921360327823,30.398078545635638,30.61092185974121,15330400.0
2018-06-19,30.746362641700976,31.46229472916247,30.649616591762584,31.281700134277344,25070000.0
2018-06-20,31.371998135663993,31.384898101361934,30.836663091492273,31.017257690429688,11996800.0
2018-06-21,31.520353337416328,31.604201908948838,31.2043126961607,31.365558624267578,14854600.0
2018-06-22,31.578396845618446,32.204031732482896,31.500999501603598,32.094383239746094,31911000.0
2018-06-25,32.14598137471291,32.274978581388204,31.791240901668655,31.99118423461914,19301900.0
2018-06-26,32.00407822378474,32.08792676152547,31.649337816996926,31.797683715820312,13597000.0
2018-06-27,31.720297246550793,32.075037774746775,31.610648742683697,31.80414581298828,14144300.0
2018-06-28,31.881540565720453,32.92641334226179,31.86864059805732,32.80386734008789,21605500.0
2018-06-29,32.72001529337229,32.79741263068527,32.30077746087807,32.44912338256836,18023100.0
2018-07-02,32.41042690262005,32.532972904660845,32.05568640372955,32.52007293701172,13141200.0
2018-07-03,32.54587498822212,32.9522153841266,32.44267770073719,32.7006721496582,8441100.0
2018-07-05,32.88770946414595,33.08765277275602,32.58456643442517,33.07475280761719,11279600.0
2018-07-06,33.16506214497541,33.319859322429544,33.04251612228673,33.20376205444336,10203800.0
2018-07-09,33.29509642080192,33.34729451491371,33.066735981418105,33.10588455200195,10491200.0
2018-07-10,33.14503811097488,33.549563475831434,33.10589202050202,33.49736785888672,9614600.0
2018-07-11,33.41907318899832,33.76487692920289,33.37340109081819,33.49736785888672,14348100.0
2018-07-12,33.601763969857934,33.65396207945514,33.24943419690537,33.432125091552734,10583900.0
2018-07-13,33.340769711287784,33.569132647850815,33.22985249071259,33.543033599853516,11175100.0
2018-07-16,33.51041848801472,33.74530499435152,33.3603526620646,33.660484313964844,9633400.0
2018-07-17,33.62785481790848,33.888837835374034,33.549557672620786,33.55608367919922,10636100.0
2018-07-18,33.54303189705519,33.595229990399964,33.19722823994333,33.36686706542969,11734900.0
2018-07-19,33.34077580306585,33.34077580306585,33.01454511031984,33.1124153137207,9524200.0
2018-07-20,32.96886247045234,33.26899650340538,32.85141925950156,33.027584075927734,12026500.0
2018-07-23,33.073266734571824,33.26248113371075,32.799234147357645,33.1124153137207,11703200.0
2018-07-24,33.43864134046289,33.843166646116835,32.655687289336754,33.608280181884766,23265200.0
2018-07-25,33.725719646047025,33.96060608403677,33.1515555631188,33.216800689697266,15702800.0
2018-07-26,33.360344659165285,33.673525762836945,33.34729513539453,33.392967224121094,11162000.0
2018-07-27,33.588713155209334,34.17592942095921,33.588713155209334,33.93451690673828,14073700.0
2018-07-30,34.10415363539936,34.580450102286065,33.980186880108555,34.24769592285156,16725000.0
2018-07-31,34.3194738615489,34.3651459673764,33.59524368816585,33.693111419677734,16924200.0
2018-08-01,33.94104163950567,33.999763263874506,33.5691388481506,33.751827239990234,12789400.0
2018-08-02,33.7583505538447,33.934512923951274,33.55608664406043,33.914939880371094,12337500.0
2018-08-03,33.92799162357586,34.221599741183795,33.84317094761299,34.104156494140625,7769900.0
2018-08-06,34.01281230399273,34.39776461625296,33.77139980229313,34.241172790527344,10768400.0
2018-08-07,34.241168421041486,34.40428374459196,34.07152957968362,34.228118896484375,7106900.0
2018-08-08,34.28683061369502,34.50214397331161,34.195486457109155,34.384700775146484,9457300.0
2018-08-09,34.358618410050596,34.75662027601523,34.358618410050596,34.586978912353516,10768100.0
2018-08-10,34.53478129787616,34.53478129787616,34.1041568834497,34.234649658203125,7979600.0
2018-08-13,34.410809558181285,34.43690611820671,34.058479863943866,34.071529388427734,9919400.0
2018-08-14,34.1302553948477,34.54130426872876,34.1302553948477,34.49563217163086,11454400.0
2018-08-15,34.404284809240785,34.82185965222117,34.228119955681734,34.73704147338867,16473300.0
2018-08-16,34.74355834915761,35.50693674636248,34.71093578746322,35.4090690612793,16265400.0
2018-08-17,35.40254589999945,36.022384577761656,35.29815220082471,35.74835205078125,19102700.0
2018-08-20,35.83970131672045,35.93757151250936,35.363404841028874,35.657012939453125,10747400.0
2018-08-21,35.82012900850877,35.9310462430003,35.53957042969281,35.82665252685547,11961200.0
2018-08-22,35.78096874519779,35.89188594346272,35.19375272808435,35.32424545288086,13911400.0
2018-08-23,35.33730516112641,35.59176467891606,35.26553401735139,35.41559982299805,8354400.0
2018-08-24,35.40254874662298,35.774453974337895,35.37645218643753,35.74182891845703,8499900.0
2018-08-27,35.87232678078205,35.924524886466834,35.65701581718902,35.787506103515625,9539600.0
2018-08-28,35.76793017166758,35.82012827313966,35.53304369292818,35.657012939453125,11864600.0
2018-08-29,35.74182889649342,35.8592721285539,35.55914053059594,35.60481262207031,9801900.0
2018-08-30,35.49388766973481,35.754870637209144,35.38949398495672,35.72224807739258,9696500.0
2018-08-31,35.56565981538753,35.66352999343688,35.2590047361208,35.47431564331055,14605400.0
2018-09-04,34.93930082522089,35.050220536369295,34.47605391669706,34.70441436767578,19898600.0
2018-09-05,34.59349852776614,35.2133372624018,34.51520386843666,35.1154670715332,15301200.0
2018-09-06,35.193760017394546,35.539566183069724,35.03717070635942,35.422122955322266,10521900.0
2018-09-07,35.317730822048524,35.48736966470325,35.15461549725107,35.23291015625,11746500.0
2018-09-10,35.44170341144768,35.676589916081376,35.2263924414953,35.31121063232422,10781900.0
2018-09-11,35.422120157289534,35.859267979085885,35.30467693881904,35.70267868041992,12298800.0
2018-09-12,35.72225666576174,36.159404548075074,35.5982899130779,35.86579895019531,13130800.0
2018-09-13,35.93757241840414,35.93757241840414,35.40907782791848,35.84622573852539,12559900.0
2018-09-14,35.82665284305646,35.87885094606082,35.35035635338302,35.591766357421875,13454700.0
2018-09-17,35.748357851341645,35.89842366269627,35.51347136785006,35.68963623046875,11013700.0
2018-09-18,35.48737335205078,35.76140842043438,35.42212821092938,35.48737335205078,13891100.0
2018-09-19,35.63743315695863,35.68963125220578,34.82185658578822,34.90667724609375,17471000.0
2018-09-20,34.971927711797804,35.33078344901632,34.78923932844477,35.20029067993164,14473400.0
2018-09-21,35.382987402187254,35.761416272824995,35.311216237828845,35.506954193115234,48954100.0
2018-09-24,35.43517288727833,35.55261611637763,34.92625139820061,34.932777404785156,14029600.0
2018-09-25,34.9066756771663,35.011069374026306,34.52824697045997,34.613067626953125,13604900.0
2018-09-26,34.76965361064101,34.95886793239788,34.63263737306879,34.671783447265625,13308300.0
2018-09-27,34.67831862368516,35.148089060879606,34.67831862368516,34.96540069580078,13348100.0
2018-09-28,34.88710562911643,34.9458272441957,34.756612874613346,34.83490753173828,12634500.0
2018-10-01,34.9784475493342,35.18070894124322,34.906676414550176,35.12851333618164,10682000.0
2018-10-02,35.10242875366428,35.52000372199341,34.97193595382564,35.506954193115234,12482900.0
2018-10-03,35.71573102469091,35.84622128757278,35.32425276921864,35.422122955322266,14939100.0
2018-10-04,35.46127186114662,35.90494575929738,35.20681234375419,35.89842224121094,15788400.0
2018-10-05,35.924522892707174,36.172456414121896,35.74183202189221,35.84622573852539,14044900.0
2018-10-08,35.88537271609563,36.02238899639272,35.52651948672316,35.89842224121094,16703700.0
2018-10-09,35.93998044763616,36.37537658953672,35.64311886985793,36.276424407958984,16962400.0
2018-10-10,36.27643400735841,36.87675312726632,35.814649488231595,35.84103775024414,22025500.0
2018-10-11,35.959768806336164,36.388569123967756,34.8580856305626,35.18133544921875,26336200.0
2018-10-12,35.50458563565068,35.55076382542118,34.84489433433198,35.445213317871094,18866600.0
2018-10-15,35.544166561974556,35.78825162882596,35.35945129394531,35.35945129394531,13022000.0
2018-10-16,35.26709944971733,35.491394612448055,35.13516067460699,35.4254264831543,15981200.0
2018-10-17,35.4584045289987,35.87401071926719,35.31327164936028,35.59693908691406,14528100.0
2018-10-18,35.53097490594772,36.07192158714929,35.4781983924048,36.05213165283203,16865100.0
2018-10-19,36.03233718915779,36.6128662230871,35.966369067436915,36.2170524597168,19103300.0
2018-10-22,36.33579179561952,36.4611322152282,36.02573613237647,36.26982116699219,21737500.0
2018-10-23,37.00208277470705,37.9124574156889,37.00208277470705,37.740936279296875,29328700.0
2018-10-24,37.6024054915698,38.55236009277707,37.21978331547907,37.87947463989258,37435600.0
2018-10-25,37.90586061244102,38.018009439424475,37.05485825126774,37.22637939453125,25270000.0
2018-10-26,37.1142256427132,37.35171487632003,36.40835626311636,36.61945724487305,24973300.0
2018-10-29,36.817369340259994,37.70135571044209,36.75799702746708,37.259361267089844,22103700.0
2018-10-30,37.549627848496115,38.789848205724034,37.549627848496115,38.38084030151367,25231200.0
2018-10-31,38.47319361971057,38.47319361971057,37.44407436052501,37.661773681640625,24214400.0
2018-11-01,37.589209669098416,37.78711655419903,36.64585091637882,36.9756965637207,22533200.0
2018-11-02,37.16701104661218,37.65518375665119,36.88993936888117,37.35832214355469,14734400.0
2018-11-05,37.27915189523232,37.89926328854163,37.27915189523232,37.740936279296875,12733800.0
2018-11-06,37.615595846181506,37.833292652805305,37.37151078526318,37.740936279296875,12371200.0
2018-11-07,37.96522215987435,38.11695081032494,37.62878080740075,38.031192779541016,14891300.0
2018-11-08,38.06418463370571,38.55235473669751,38.03779638042984,38.440208435058594,12482400.0
2018-11-09,38.47318776981391,39.053716687996314,38.22250442751574,38.56554412841797,17365500.0
2018-11-12,38.81623806084773,39.18566611257607,38.61833116462719,38.73707580566406,13236800.0
2018-11-13,38.98115046079731,39.014134515252366,38.47318796931889,38.69748306274414,13047900.0
2018-11-14,39.007552753013414,39.132893211671835,38.53257414500598,38.88220977783203,18288700.0
2018-11-15,38.8228361834338,38.981163219771155,38.55896114490203,38.97456741333008,17147100.0
2018-11-16,38.961361694204705,39.838749648200086,38.862407011364255,39.72000503540039,19471000.0
2018-11-19,39.74639727574479,40.45226670239058,39.700219090190195,39.990482330322266,18405700.0
2018-11-20,40.26094596909967,40.623778077776905,39.033920152719354,39.2252311706543,22028900.0
2018-11-21,39.09331570559533,39.51552036352202,38.84263475696409,39.027347564697266,18482200.0
2018-11-23,38.82942853892457,38.92178491404311,38.45340471650053,38.684295654296875,7009100.0
2018-11-26,38.68429615993819,39.258226867478434,38.466599346673625,39.033931732177734,12308900.0
2018-11-27,39.06031602470531,40.04325703700329,39.04052609364958,40.01027297973633,14115000.0
2018-11-28,40.04326143678491,40.063051370015074,39.343987769889694,39.62105941772461,18663000.0
2018-11-29,39.19885836635913,39.44294597499883,39.09330785221213,39.218650817871094,14763700.0
2018-11-30,39.297814037848816,39.82556662152321,39.23844171490277,39.779388427734375,31142800.0
2018-12-03,39.25162778891527,39.41655059475105,38.05758576871621,38.36764144897461,27800800.0
2018-12-04,38.32806797446479,39.18566877727684,38.23571158438297,38.32147216796875,21727400.0
2018-12-06,38.38083704525365,38.68429441564731,37.707951669692235,38.31486892700195,26880400.0
2018-12-07,38.20272740191738,38.545767218687566,37.82670351972221,38.05099868774414,16948100.0
2018-12-10,38.13015275037303,38.506176551725915,37.51663970258203,38.440208435058594,16603400.0
2018-12-11,38.770056207231455,39.18566241160773,38.684295637577385,38.82283020019531,14991400.0
2018-12-12,38.12356410624803,38.387439139004584,37.754136040561484,37.767330169677734,18892200.0
2018-12-13,37.602401368292945,37.932246994330605,37.47706093634671,37.661773681640625,15454700.0
2018-12-14,37.56942892025879,37.93225871773246,37.43749012576204,37.655189514160156,13960900.0
2018-12-17,37.64198286444155,37.806905673583216,36.63265356125936,36.909725189208984,18902500.0
2018-12-18,36.903131077638164,37.3978995615082,36.487527363083636,36.711822509765625,18895800.0
2018-12-19,36.75800067471616,37.54962823513973,36.612867780927935,36.85035705566406,20968400.0
2018-12-20,36.889925738573,36.94929803925507,35.79483859439846,36.32918930053711,26897000.0
2018-12-21,36.177473498494955,37.29235096676884,35.781659697687935,36.230247497558594,55406300.0
2018-12-24,36.07191761632469,36.309406868079485,34.92405373835064,34.996620178222656,15077200.0
2018-12-26,35.11536369715432,35.933381925576306,34.56782128755536,35.91358947753906,17970500.0
2018-12-27,35.827832518644314,36.395164876997484,35.19452700917718,36.38197326660156,17531000.0
2018-12-28,36.52710780456415,36.85035765970308,36.21705459437427,36.46113967895508,14771600.0
2018-12-31,36.63266001927897,37.094444469588694,36.32920260092677,37.08784866333008,15331800.0
2019-01-02,37.04826611536031,37.04826611536031,36.4677370227336,36.955909729003906,13969700.0
2019-01-03,37.14062266296738,37.59581130701849,36.98229814753267,37.08784866333008,19245400.0
2019-01-04,37.265966882207266,37.52984192230194,36.909732935730425,37.180206298828125,17035800.0
2019-01-07,37.44407601579201,37.77392165641095,37.30554145069746,37.41769027709961,16349000.0
2019-01-08,37.780521481883326,38.717281930586985,37.63538858894848,38.512779235839844,21424600.0
2019-01-09,38.4481191123192,38.47478277314895,37.8948595926418,38.028175354003906,18136000.0
2019-01-10,38.1881536410922,38.461449799507065,37.90819029627474,38.39479064941406,14259900.0
2019-01-11,38.55477116563526,38.834731975644836,38.274807812839036,38.67475509643555,15801500.0
2019-01-14,38.54810995696374,38.76141417677538,38.44812249145778,38.68142318725586,11342300.0
2019-01-15,38.48812300740228,38.854739524108375,38.38147088358256,38.72808837890625,10058000.0
2019-01-16,38.614768512031155,38.614768512031155,37.994852297439444,38.048179626464844,13411700.0
2019-01-17,38.10150344609782,38.26148288632846,37.46825541531478,37.881534576416016,15223900.0
2019-01-18,37.94151699422427,38.308135947253845,37.88819221919317,38.05483627319336,16802500.0
2019-01-22,38.14815128433062,38.25480336249537,37.594894423471665,37.98817443847656,18284800.0
2019-01-23,37.98151707264156,38.57476956973075,37.948188766371096,38.50144577026367,15109000.0
2019-01-24,38.401467220450094,38.42813088700342,37.6615670017121,38.0415153503418,12494100.0
2019-01-25,38.11483070709417,38.308138432544226,37.481582752253395,37.59490203857422,17800300.0
2019-01-28,37.40826341164716,37.47492257118181,36.52838284808529,36.70835876464844,25955700.0
2019-01-29,35.741822365392146,36.19509447654754,35.30854927337889,35.51518630981445,33789200.0
2019-01-30,35.39520505283144,36.008456649738946,34.848612620146014,35.99512481689453,27260000.0
2019-01-31,36.02844721107336,36.78834375890611,35.68182724240135,36.701690673828125,28585400.0
2019-02-01,36.80166496700067,36.8616569162389,36.30840008907384,36.361724853515625,13778000.0
2019-02-04,36.39506300189049,36.45505496736955,35.77514687286912,36.02178192138672,15818900.0
2019-02-05,36.06177627953178,36.22175570799187,35.7351553213231,36.08843994140625,14124600.0
2019-02-06,36.06844874135014,36.241757483306856,35.781820691247496,35.85514450073242,11391400.0
2019-02-07,35.73515975893559,35.81514821170527,35.34187959720297,35.70849609375,12436200.0
2019-02-08,35.568508099417876,35.968452820975365,35.528512610147516,35.961788177490234,12011700.0
2019-02-11,36.08177733897344,36.24175423369887,35.90180142531715,36.02845001220703,9802800.0
2019-02-12,36.29508065295228,36.50838486911072,36.12176938808178,36.275081634521484,11227600.0
2019-02-13,36.22842690467682,36.50839031942208,36.18176675935048,36.31508255004883,11884800.0
2019-02-14,36.248420882219044,36.34174115988645,35.96179286207666,36.01511764526367,11190100.0
2019-02-15,36.315072837674784,36.78834135243161,36.208420742197376,36.76834487915039,15719400.0
2019-02-19,36.70169321533619,37.101637991537096,36.54171377918371,36.95499038696289,12272700.0
2019-02-20,36.908328651700685,37.2682804603872,36.821675564369556,37.16829299926758,11379000.0
2019-02-21,37.028313491768465,37.8082090962927,36.968321522189676,37.428260803222656,14680500.0
2019-02-22,37.61489973721491,38.08150364243457,37.594903262478276,37.94152069091797,12534300.0
2019-02-25,37.99484552289706,38.17482141208727,37.694885707580035,37.84819793701172,15051200.0
2019-02-26,37.87485527450669,38.05483113365442,37.63488746230972,37.7548713684082,12005600.0
2019-02-27,37.69488917257915,37.81487310973516,37.561573404318395,37.80820846557617,8962800.0
2019-02-28,37.82153929971144,38.40145995215432,37.80820746895811,37.94152069091797,15743000.0
2019-03-01,38.00818855562561,38.09484420398915,37.56158102278644,37.96819305419922,10942700.0
2019-03-04,38.0948389158868,38.22815214989441,37.101639048693606,37.48825454711914,13674400.0
2019-03-05,37.38826025494148,37.44158503025461,37.001644827078714,37.381595611572266,15749500.0
2019-03-06,37.45492012899622,37.6082323677346,36.961655107453026,37.114967346191406,13935500.0
2019-03-07,37.16828843933105,37.59489935068811,37.14162732338523,37.52824020385742,12644200.0
2019-03-08,37.56823615014835,37.781540337035175,37.32826830420406,37.68155288696289,10617300.0
2019-03-11,37.83486722708464,38.40812321492914,37.828202583340996,38.38146209716797,13627400.0
2019-03-12,38.414787000591296,38.73474327047919,38.2348111220069,38.281471252441406,12813000.0
2019-03-13,38.241472430030406,38.48810743257332,38.221475959527105,38.43478012084961,14168300.0
2019-03-14,38.4681294982244,38.721429282137464,38.33481368864975,38.628108978271484,12148300.0
2019-03-15,38.688082257204016,39.00137133400282,38.61475847025547,38.921382904052734,23715300.0
2019-03-18,38.84139221440248,38.87472051304386,38.368123762450814,38.70807647705078,12168100.0
2019-03-19,38.72807734406493,38.79473649170098,38.201484063065756,38.32813262939453,13462700.0
2019-03-20,38.3347999255556,38.70141890595794,38.06817094491995,38.44145202636719,11902900.0
2019-03-21,38.38147526299272,38.988059763202614,38.37480807417544,38.85474395751953,10920100.0
2019-03-22,38.76808861681254,39.99458946202618,38.74809213577353,39.83460998535156,25125400.0
2019-03-25,39.747948913497964,40.12123004634989,39.6812897520694,40.047908782958984,15463400.0
2019-03-26,40.19454507845842,40.45450939431468,40.11455664499183,40.41451644897461,12316900.0
2019-03-27,40.367861103993896,40.78780233657601,40.31453378016881,40.5811653137207,13290300.0
2019-03-28,40.581169331666935,40.58783397641156,38.95472139298175,39.38133239746094,20547100.0
2019-03-29,39.46132154987362,39.50798169227653,38.87473363322503,39.4146614074707,17283900.0
2019-04-01,39.58797290434677,39.601304737789434,39.18802807221574,39.38800048828125,16331100.0
2019-04-02,39.47465260019288,39.48131724492393,38.888064695167586,39.014713287353516,11408100.0
2019-04-03,39.18135248566506,39.37466021496778,38.934719976808964,39.2413444519043,15491700.0
2019-04-04,39.22135118738696,39.3946599136028,39.17469104791397,39.32133865356445,8776000.0
2019-04-05,39.341340342625536,39.39466513360897,39.20802455098612,39.38800048828125,11497800.0
2019-04-08,39.34133760004124,39.4146614074707,39.14136519791631,39.4146614074707,11680500.0
2019-04-09,39.30892701242213,39.43688302129813,39.08669182008684,39.329132080078125,10414400.0
2019-04-10,39.32912792338975,39.53116059570133,39.30218954868559,39.470550537109375,8782100.0
2019-04-11,39.49748826194041,39.5513624414775,39.194437973966885,39.4368782043457,9219900.0
2019-04-12,39.564834963693166,39.59177334022484,39.4099431521135,39.558101654052734,10847500.0
2019-04-15,39.67258833928598,39.699526717473404,39.457086451756844,39.537899017333984,7741500.0
2019-04-16,39.59177780151367,39.719731250979734,39.50422935241306,39.59177780151367,10239300.0
2019-04-17,39.32912767448948,39.369532667305194,38.8173088342888,38.911590576171875,15498000.0
2019-04-18,38.72975438133881,39.19443227836775,38.57486260532396,39.0866813659668,13189000.0
2019-04-22,39.15403001700651,39.38973693593116,38.98566903305379,39.308921813964844,11950400.0
2019-04-23,38.80384452479475,38.871190469594545,37.914898605318314,38.487327575683594,23488700.0
2019-04-24,38.61528369221032,38.77017552250155,38.20448239192319,38.440189361572266,13227100.0
2019-04-25,38.26508843548041,38.31896518938308,37.54450355043481,37.611846923828125,17425500.0
2019-04-26,37.75327481550484,38.26509116922036,37.59838299044638,38.10346603393555,16329700.0
2019-04-29,38.217942952692454,38.50078816962615,38.19100457898885,38.2785530090332,13985000.0
2019-04-30,38.379576402256525,38.68936003951788,38.22468201464074,38.51426315307617,15469000.0
2019-05-01,38.54119772870508,38.58833860063849,38.063053131103516,38.063053131103516,11627400.0
2019-05-02,38.25834609394783,39.21463512910042,38.17079767401637,38.37956619262695,14435400.0
2019-05-03,38.4873178060034,38.62874040070638,38.29875177741497,38.54792785644531,9388200.0
2019-05-06,38.271817048454686,38.44691132742736,38.21120699631327,38.32569122314453,10066100.0
2019-05-07,38.177531910493336,38.265080332553616,37.935094276224426,38.13712692260742,12963800.0
2019-05-08,38.15734405065555,38.184282432233886,37.88123206194127,37.968780517578125,12086700.0
2019-05-09,37.793681088326515,38.08999812797537,37.665727637832426,38.0361213684082,14834900.0
2019-05-10,38.042846025807634,38.413239647123135,37.887951672236056,38.32569122314453,10707100.0
2019-05-13,38.19774260195711,38.61527714187137,38.15733503913256,38.21794509887695,13759000.0
2019-05-14,38.224678384141946,38.514259495073574,38.04958408331542,38.083255767822266,12776200.0
2019-05-15,38.056311344713826,38.278549051313746,37.82734032987654,38.25834655761719,10806300.0
2019-05-16,38.386310090206486,38.92506480574569,38.265089958087025,38.64221954345703,11695100.0
2019-05-17,38.42672233734314,39.38301175277135,38.393048076220246,39.12036895751953,14436700.0
2019-05-20,39.83420586940862,40.77029243605703,39.05974439265021,39.73992156982422,20910600.0
2019-05-21,39.800537158872054,40.157464205931106,39.57156610884704,40.069915771484375,14016300.0
2019-05-22,39.793799373839946,39.982362840069214,39.706250949240115,39.90155029296875,11487100.0
2019-05-23,39.73319357557536,39.92175706199447,39.42340997103401,39.64564514160156,11706700.0
2019-05-24,39.78034653966078,39.97564596366785,39.510967846617554,39.948707580566406,8755200.0
2019-05-28,39.87461385706644,40.319086741177365,39.50422021513812,39.551361083984375,21860500.0
2019-05-29,39.51095148850802,39.686048337189156,38.999135266407976,39.180965423583984,13418700.0
2019-05-30,38.80383882470882,38.80383882470882,38.089989897587515,38.271820068359375,17484900.0
2019-05-31,37.100034317822434,37.33573871726176,36.54107450060164,36.6016845703125,29916600.0
2019-06-03,36.823924990353476,38.04285978242582,36.74311241460393,37.968780517578125,19518300.0
2019-06-04,38.11693366305308,38.37284313117542,37.665727365375666,37.861026763916016,15201200.0
2019-06-05,38.06305409959103,38.64221633406331,38.04958491169808,38.40650939941406,11522900.0
2019-06-06,38.39304240532593,38.938532985727996,38.39304240532593,38.749969482421875,9906900.0
2019-06-07,39.059744062077996,39.15402579187998,38.4873178060034,38.54792785644531,11656600.0
2019-06-10,38.635484735716034,38.635484735716034,37.679195410241775,37.81388473510742,14955400.0
2019-06-11,38.0495823366433,38.65568290588284,37.834080482910295,38.271820068359375,15378600.0
2019-06-12,38.386298214088576,38.770160990710714,38.386298214088576,38.62873840332031,11911000.0
2019-06-13,38.72302046702303,38.88464811758633,38.63547204926023,38.8038330078125,9218700.0
2019-06-14,38.8442447723896,39.43687613003481,38.73649384999816,39.24831008911133,11826600.0
2019-06-17,39.1674980310971,39.28198483262861,38.547930861817235,38.81057357788086,11027000.0
2019-06-18,38.93852949721829,39.0597496153364,38.49405658711351,38.608543395996094,12257500.0
2019-06-19,38.64894590777304,38.95872949241297,38.50752330204411,38.81057357788086,10516400.0
2019-06-20,38.99240202292777,39.02607370342734,38.33916063150083,38.615272521972656,15302800.0
2019-06-21,38.44692307961787,39.005880336682836,38.44692307961787,38.90486526489258,22474300.0
2019-06-24,39.04628159267572,39.51095701333371,39.01260990752397,39.241580963134766,9141800.0
2019-06-25,39.18097354788815,39.234847733971726,38.99914335300905,39.05975341796875,10571700.0
2019-06-26,39.174227573212576,39.207901820944656,38.33242275959892,38.37956619262695,15042100.0
2019-06-27,38.49405074725512,38.635473340609686,38.28528222683807,38.55466079711914,9123300.0
2019-06-28,38.534460303253546,38.67588290394729,38.27181759654099,38.47385025024414,14604000.0
2019-07-01,38.669157367605486,38.669157367605486,38.116933434277406,38.15734100341797,15796800.0
2019-07-02,38.30549571417452,39.160769908589685,38.258354839355064,39.147300720214844,14985700.0
2019-07-03,39.14056484153492,39.22811328147891,38.83078121586848,39.147300720214844,8437800.0
2019-07-05,39.11362474467913,39.40320327153642,38.904856201239504,39.268516540527344,6938500.0
2019-07-08,39.0328090513324,39.261780087271255,38.9317940045558,38.98566818237305,12048200.0
2019-07-09,38.75633561151907,38.7835575410393,38.2867664133864,38.38884735107422,16733700.0
2019-07-10,38.5862116133087,38.86522996711459,38.51135258735622,38.79037094116211,10901500.0
2019-07-11,38.94008183876285,39.05577115141486,38.545371627541634,38.73591995239258,10045700.0
2019-07-12,38.83119509759552,38.97410633529646,38.68828126386847,38.91966247558594,9669500.0
2019-07-15,38.98771115683082,39.33478162170519,38.91965634291624,39.18506622314453,11734300.0
2019-07-16,39.21908824877379,39.287140459577365,39.0625660871052,39.06937026977539,10556000.0
2019-07-17,39.17146761296964,39.26674178646878,38.85161637677125,38.940086364746094,7916700.0
2019-07-18,38.94008009588469,39.00813232427809,38.64064406049109,38.93327331542969,7549200.0
2019-07-19,39.048958620219786,39.103399874529494,38.4977263176896,38.51133728027344,12240300.0
2019-07-22,38.49092730527601,38.504538269688354,37.660676648305426,37.769561767578125,15255800.0
2019-07-23,37.73553959169613,37.86483987306487,37.12986589029718,37.75595474243164,14093500.0
2019-07-24,37.844416733298715,38.27315298042147,37.71511388319977,38.08940887451172,11173900.0
2019-07-25,38.22551358574284,38.52494958093633,38.06899140463068,38.35481643676758,11006100.0
2019-07-26,38.436489279593154,38.9468888403817,38.10983387221165,38.844810485839844,12333100.0
2019-07-29,38.85161171006933,39.089797115207276,38.674674351399176,39.04216003417969,10165700.0
2019-07-30,39.001321300761305,39.19867376690579,38.48411510997235,38.53855895996094,13329300.0
2019-07-31,38.48412190959256,38.59981381324666,37.374852932326114,37.613040924072266,24396200.0
2019-08-01,38.86521466004885,38.98771072772115,37.585812728819036,37.60622787475586,18677000.0
2019-08-02,37.50415140093052,38.31398424739596,37.27277021679385,37.830806732177734,17458800.0
2019-08-05,37.63345508661733,38.04177623489288,37.38165873259768,37.57901382446289,18941500.0
2019-08-06,37.57901741215397,37.803591858523646,37.06861787510093,37.46332550048828,18747900.0
2019-08-07,37.25916216327195,37.783172609328766,37.02778096106539,37.490543365478516,11865500.0
2019-08-08,37.67428321878802,37.994134355108905,37.42248689659164,37.987327575683594,11335900.0
2019-08-09,37.871638531099585,38.150656780753664,37.749142460907485,37.960105895996094,8948000.0
2019-08-12,38.00774987315423,38.0349718039259,37.476935203237666,37.89886474609375,10635600.0
2019-08-13,37.86483337122815,38.45009182139583,37.783170186282334,38.36162185668945,11016500.0
2019-08-14,38.137047414839316,38.463702750355125,37.76275500514573,37.91927719116211,15041200.0
2019-08-15,37.78997727914267,38.5045386395105,37.71511827216882,38.313987731933594,12124000.0
2019-08-16,38.42968514147496,38.5794005808585,38.15747100364349,38.552181243896484,11923500.0
2019-08-19,38.76995578718478,39.13063735292669,38.579404831298454,38.79037094116211,11011900.0
2019-08-20,38.72231547155858,38.790367709831905,38.273163949285795,38.2935791015625,9892600.0
2019-08-21,38.64063753078146,38.64063753078146,38.184681966338175,38.51133728027344,7637300.0
2019-08-22,38.55216908382328,38.763132507875774,38.334398880657446,38.6406364440918,9272200.0
2019-08-23,38.64745088053834,38.7291140738993,37.85122630818417,38.05538558959961,13203000.0
2019-08-26,38.116632757660724,38.60661709861825,37.987332488141845,38.5930061340332,9486900.0
2019-08-27,39.13062729553977,39.23951241547762,38.91285705566406,38.91285705566406,16953900.0
2019-08-28,38.92647481410344,39.55256371401259,38.865226761196986,39.43687438964844,15238900.0
2019-08-29,39.63422321491731,39.681860293380254,39.04215793226172,39.43006134033203,8538000.0
2019-08-30,39.464095072613055,39.74991757976667,39.4028470216478,39.57978439331055,9962200.0
2019-09-03,39.4028337731393,39.60018623009204,39.19186775829781,39.49810791015625,10470100.0
2019-09-04,39.63421667644856,39.84518010454573,39.44366579800594,39.5933837890625,9232200.0
2019-09-05,39.865598007916326,39.899624116196534,39.60018813286913,39.87240219116211,9232300.0
2019-09-06,39.94046178316012,40.21948007622262,39.7907463598755,40.1922607421875,8920200.0
2019-09-09,40.48488340525512,40.50529855146234,39.906429167801846,39.920040130615234,12848700.0
2019-09-10,40.32155721490169,40.69584963186859,40.0085128367858,40.63460159301758,13987000.0
2019-09-11,40.76390703077126,40.95445534324594,40.50530389525129,40.92042922973633,12241500.0
2019-09-12,40.90001099338332,41.20625120334239,40.81834780273624,41.12458801269531,9491400.0
2019-09-13,40.88640287824345,41.13819923198026,40.64821489301044,40.80473709106445,10719300.0
2019-09-16,40.78432082869171,40.825153721166295,40.28072553894242,40.49169158935547,10950500.0
2019-09-17,40.36919588005813,40.763906056206054,40.36919588005813,40.74348831176758,8801700.0
2019-09-18,40.56655059680575,40.8183469436835,40.41002840301547,40.78432083129883,8451900.0
2019-09-19,40.8183479309082,41.104172993109515,40.69585184653993,40.8183479309082,7651700.0
2019-09-20,41.01571261021076,41.09057163438298,40.81155328721257,41.02932357788086,21019900.0
2019-09-23,40.92043132391502,41.301527968367715,40.78432426688498,40.97487258911133,8437000.0
2019-09-24,41.20623803347193,41.512478145554,41.11096390882977,41.17901611328125,12846300.0
2019-09-25,41.22666350626785,41.281104760837856,40.906812374082335,41.01569747924805,8088100.0
2019-09-26,40.92723035609024,41.28791180519021,40.87959328153084,41.13138961791992,7438800.0
2019-09-27,41.21304599993549,41.30832012732493,40.84555785484025,41.03610610961914,7799000.0
2019-09-30,41.16542768809512,41.444446015131824,41.056542550618026,41.07695770263672,9709400.0
2019-10-01,41.10416865104968,41.12458379761249,40.702654327151414,40.72987365722656,8381600.0
2019-10-02,40.627800875135705,40.64141184004441,39.96087917076584,40.090179443359375,12011700.0
2019-10-03,40.15141801565015,40.23308118981179,39.695462480886704,40.15822219848633,9769300.0
2019-10-04,40.131009033537204,40.818345830659,40.124202253630294,40.7639045715332,9824900.0
2019-10-07,40.777513442866315,41.23347164930184,40.76390507493624,41.00209045410156,13744600.0
2019-10-08,40.91361849070382,40.961255564213225,40.348777792224055,40.64140701293945,13832800.0
2019-10-09,40.84426402034539,40.8786441884743,40.52108466924858,40.72049331665039,10609200.0
2019-10-10,40.74798848580117,41.27057638950434,40.706733340745494,41.139930725097656,11832100.0
2019-10-11,41.256823394093935,41.51811734337389,41.181185464851986,41.20869064331055,11349000.0
2019-10-14,41.208683309107975,41.2430634645432,40.95426701124203,40.98176956176758,6876100.0
2019-10-15,41.03679033011093,41.73127908920244,40.98177996901462,41.635013580322266,11679200.0
2019-10-16,41.3530946708637,41.53875071682966,41.22244898949738,41.45623779296875,9298100.0
2019-10-17,41.41497519722796,41.552498469675534,41.366842445327045,41.53874588012695,7323700.0
2019-10-18,41.497486858569154,42.15072041569369,41.46998430334061,41.978816986083984,12339700.0
2019-10-21,41.95131182949774,42.102587687004686,41.71064807713504,41.77253341674805,10882300.0
2019-10-22,42.102590920496134,42.102590920496134,41.607508165569584,41.78628921508789,9603600.0
2019-10-23,41.66938959614216,42.164472304568115,41.63500943539883,41.86192321777344,10375600.0
2019-10-24,41.861927069613635,41.95819257776789,41.53874775820577,41.655643463134766,11143800.0
2019-10-25,41.6693889334793,41.86192255204874,40.71360631560854,41.51123809814453,15036400.0
2019-10-28,41.56625602210115,41.71065429504458,41.28433446029032,41.38059997558594,14621400.0
2019-10-29,41.332466319530425,41.47686458933519,41.304961137747085,41.387474060058594,10619900.0
2019-10-30,41.57311831764961,41.99256304030917,41.53873816168556,41.82065963745117,12136500.0
2019-10-31,41.80691299109098,41.82066558003836,41.32558287008551,41.58000183105469,12226600.0
2019-11-01,42.14384406252168,42.17822422271826,41.36683985149602,41.51123809814453,9629100.0
2019-11-04,41.036781418313915,41.67626230047393,40.94739091246417,41.16742706298828,10133300.0
2019-11-05,41.050536717173,41.167429782281204,40.809870358301666,40.91301345825195,10645400.0
2019-11-06,41.05054396828641,41.34621810913086,41.00241121261764,41.34621810913086,9287600.0
2019-11-07,41.435597964468435,41.65563674868813,41.22931439124029,41.621253967285156,14604400.0
2019-11-08,41.291213362870295,41.36685131007728,40.54171412160651,40.80988311767578,17644600.0
2019-11-11,40.77548250398949,41.043651365604546,40.7135971803062,40.988643646240234,7754000.0
2019-11-12,41.19494550991929,41.21557308597749,40.66548253243679,40.78925323486328,7709400.0
2019-11-13,40.67234163021631,40.92675790362669,40.431675319228134,40.85111999511719,10255600.0
2019-11-14,40.52107607339723,40.80299758911133,40.45919073467765,40.80299758911133,9530200.0
2019-11-15,40.899271410725355,40.93365157855667,40.610474853295926,40.919898986816406,11758800.0
2019-11-18,40.88550628014955,40.88550628014955,40.60358479353106,40.87175369262695,10165100.0
2019-11-19,40.864880711085284,41.084916876143765,40.761737611135,40.91301345825195,10492700.0
2019-11-20,40.906142895666726,41.02303597340546,40.631096348105274,40.89926528930664,12362100.0
2019-11-21,40.988643646240234,41.043651365604546,40.75485493710756,40.988643646240234,8056000.0
2019-11-22,41.02304125520733,41.27745763948343,41.02304125520733,41.08492660522461,10741300.0
2019-11-25,41.13992055360758,41.15367051653444,40.72047586232412,40.83049392700195,10644500.0
2019-11-26,40.94740927745088,41.19495071357274,40.658612684001376,41.18119812011719,11936900.0
2019-11-27,41.2636952615838,41.44247628502744,41.249945296430894,41.32558059692383,8795300.0
2019-11-29,41.366845564171854,41.62126193240667,41.366845564171854,41.42185592651367,6791400.0
2019-12-02,41.394348983084406,41.4149765565652,41.002409348719304,41.22932052612305,9142000.0
2019-12-03,41.24994789553279,41.39434614607853,40.96802637745095,41.35308837890625,10289400.0
2019-12-04,41.2705721551011,41.69001690705317,41.15367646901445,41.621253967285156,8237500.0
2019-12-05,41.690013995572684,41.88941994937926,41.47685283173517,41.82065963745117,9812500.0
2019-12-06,41.9444390172407,42.13697002909512,41.88255367442488,42.0750846862793,9296900.0
2019-12-09,41.93068163320087,42.02007214550057,41.85504370918097,41.95130920410156,9370200.0
2019-12-10,42.04758472849124,42.10259246826172,41.80004334192791,42.10259246826172,8290900.0
2019-12-11,42.191985533623715,42.23324068517294,41.937569147928556,41.999454498291016,9657500.0
2019-12-12,42.013196138647466,42.37763318433576,42.013196138647466,42.06132888793945,8571600.0
2019-12-13,42.02695560078512,42.07508835794902,41.42873231672061,41.81379699707031,10585900.0
2019-12-16,41.7587855698212,42.13009764966619,41.74503297911896,42.10259246826172,11493000.0
2019-12-17,42.21948291668601,42.43264148841254,42.185100132695666,42.281368255615234,13648700.0
2019-12-18,42.29511472089568,42.42576299395399,41.82066224373312,41.848167419433594,17292600.0
2019-12-19,41.87567823170999,42.03382907871837,41.73127735136471,41.806915283203125,11901600.0
2019-12-20,42.26073484435315,42.78332269399229,42.04069868335918,42.680179595947266,42977900.0
2019-12-23,42.63892843003255,42.73519656052206,42.16447587629254,42.219486236572266,9477500.0
2019-12-24,42.26073738119085,42.26073738119085,41.95818829742214,42.136966705322266,6640100.0
2019-12-26,42.136966998541574,42.19885233690651,42.02007392776232,42.14384460449219,8117800.0
2019-12-27,42.21260671980546,42.37075756389545,42.116341216710524,42.30887222290039,8166800.0
2019-12-30,42.391392238355216,42.4188947971179,42.00632756225408,42.08884048461914,6765400.0
2019-12-31,42.088837942427105,42.219486236572266,41.903181911040576,42.219486236572266,8466700.0
2020-01-02,42.20573077222712,42.25386352267479,41.81379116256004,41.978816986083984,11447900.0
2020-01-03,41.66250981124162,41.80003306140231,41.30495041003895,41.531864166259766,13263200.0
2020-01-06,41.33245628784172,41.662510520019694,41.31182871802993,41.442474365234375,15094500.0
2020-01-07,41.325576362195285,41.380586709321825,40.968019598023666,40.98176956176758,14293100.0
2020-01-08,41.02991364207821,41.32558778199484,41.00241108395269,41.05741882324219,15926500.0
2020-01-09,40.91499082839463,41.26932489092816,40.85246144384967,40.88719940185547,20134600.0
2020-01-10,41.00531261266251,41.19984730238093,40.88025384060455,40.98447036743164,11786700.0
2020-01-13,41.005306032321236,41.24847435544674,40.838560146223784,41.09562683105469,14158400.0
2020-01-14,40.991404138093586,41.08172492320368,40.82465827714692,41.019195556640625,12697100.0
2020-01-15,41.16510671793379,41.28321630049054,40.90109347705797,41.060890197753906,10291300.0
2020-01-16,41.25542417286426,41.58196411890898,41.14426113052938,41.456905364990234,10689600.0
2020-01-17,41.47081171341414,41.79040786114406,41.43607375071256,41.776512145996094,15615700.0
2020-01-21,41.82514048556837,42.01272864061845,41.755661918696305,41.908512115478516,12857600.0
2020-01-22,41.99883396308859,42.255898041014554,41.88072172166117,42.019676208496094,8847100.0
2020-01-23,41.950190128485026,42.05440398061479,41.686176932485274,42.04050827026367,11109000.0
2020-01-24,42.03356841901425,42.144731469150265,41.762608649953734,41.88071823120117,10182800.0
2020-01-27,41.575023554208165,41.936304156223486,41.42217335518804,41.6236572265625,11482300.0
2020-01-28,41.67228844058742,42.38095388923465,41.59586334558583,42.172523498535156,15367500.0
2020-01-29,42.27673397994652,42.32536764553353,41.29710883688002,41.35963821411133,13408900.0
2020-01-30,40.782983458783036,41.262373615749134,40.53286593329249,41.24153137207031,16719600.0
2020-01-31,41.2276317905662,41.720917613805305,41.06783508657336,41.2971076965332,14283600.0
2020-02-03,41.41522057940295,41.463854244424795,40.303587513801965,40.33137893676758,15566400.0
2020-02-04,40.34527679951746,40.69266165410283,40.053474793827085,40.49812698364258,13924600.0
2020-02-05,40.66487406330695,41.12342200857546,40.588448964039465,41.08173751831055,10271900.0
2020-02-06,41.130364462078035,41.45690440052604,41.03309713358986,41.2971076965332,10283700.0
2020-02-07,41.449966037115594,41.79040440423804,41.366594403460965,41.644500732421875,9418100.0
2020-02-10,41.637552394190095,41.85293197631836,41.52638933736113,41.85293197631836,8270200.0
2020-02-11,41.81818601232758,41.92934905492075,40.47728032023348,40.776031494140625,22488200.0
2020-02-12,40.6996109610863,40.894145632147385,40.38001487962523,40.45643997192383,20938000.0
2020-02-13,40.55370791494645,40.87330400119506,40.26190590398365,40.74824523925781,19460100.0
2020-02-14,40.78299369510241,40.85941880822196,40.49118895867658,40.65098571777344,9138900.0
2020-02-18,40.82466494968999,40.82466494968999,40.164635878501215,40.23411178588867,12427300.0
2020-02-19,40.386956410621295,40.6996032515578,40.12988975788704,40.449485778808594,13642800.0
2020-02-20,40.35918045043945,40.5467686268547,40.25496391342989,40.35918045043945,16748600.0
2020-02-21,40.2341164156827,40.47033823845279,40.15769131856057,40.43560028076172,15704300.0
2020-02-24,40.41475184641447,40.77603240550103,40.28274655861471,40.289695739746094,18520900.0
2020-02-25,40.324435032068564,40.57455255437451,39.50460655354846,39.685245513916016,19384900.0
2020-02-26,39.865880698096134,40.206316320538335,39.532391605559894,39.699134826660156,16803600.0
2020-02-27,39.449018840538145,39.865882209767236,38.23317198504097,38.2540168762207,25907200.0
2020-02-28,37.336924956511666,37.64262267131066,36.25308326712891,37.628726959228516,45828300.0
2020-03-02,38.323500875678796,39.97705369058711,38.1289661858083,39.82420349121094,30736200.0
2020-03-03,39.747774340752066,40.33138100122346,38.36518410664109,38.698673248291016,27500200.0
2020-03-04,39.330915191362834,40.470337134706796,38.98353032325377,40.3800163269043,17626400.0
2020-03-05,39.51154794091111,39.96314925854416,39.247537390922844,39.71303176879883,21249900.0
2020-03-06,38.41381989737097,39.74777653770147,38.28181194939876,39.51155471801758,22510800.0
2020-03-09,37.77462805364229,40.00484081710342,37.52451053621965,38.78899383544922,31862200.0
2020-03-10,38.95573992124048,39.52545090788094,37.461983888990304,39.26838684082031,34330900.0
2020-03-11,38.46245395821799,38.580563544091405,37.649571968862276,38.0942268371582,21147400.0
2020-03-12,36.09329340948049,37.517571039236024,35.25956907854126,35.57221603393555,45610600.0
2020-03-13,36.82279424295474,37.77462799355589,35.74590173384121,37.63567352294922,45744000.0
2020-03-16,35.36377449211161,36.96174407783125,34.05760687276578,35.42630386352539,36990400.0
2020-03-17,35.780640619072464,38.545823789651706,35.77369408801278,37.73294448852539,33898000.0
2020-03-18,37.510622213894806,38.858474655451204,35.349887738007446,37.73989486694336,38417400.0
2020-03-19,37.35082646879429,38.156759399546694,36.669952324739384,37.25355911254883,33024900.0
2020-03-20,36.62825652915283,36.8505826035056,35.23176805864264,35.98906707763672,46013800.0
2020-03-23,35.16229159668072,37.01037871689111,34.134032856521294,34.953861236572266,39225100.0
2020-03-24,36.100231308799096,36.100231308799096,34.16877248010203,34.731536865234375,40626900.0
2020-03-25,34.293827615818486,36.06548955210062,33.93254710856188,34.69679260253906,38551300.0
2020-03-26,34.45363042736998,37.44808886656957,34.39804757775938,37.19797134399414,32610900.0
2020-03-27,36.23224171801177,37.406401582909226,35.80843176756671,36.66299819946289,25363600.0
2020-03-30,37.16323538653829,38.23317879571515,36.78110990075768,38.05253982543945,20660200.0
2020-03-31,37.56620460647605,37.89274727564342,37.204923975773895,37.32998275756836,21251800.0
2020-04-01,36.475406122546076,37.13543781102122,36.23918433878663,36.767208099365234,18672600.0
2020-04-02,37.21186837858106,38.559720725495346,36.88532575135666,38.38602828979492,20159400.0
2020-04-03,38.21233664709874,38.3790825549795,37.71210157379274,38.00390625,17612500.0
2020-04-06,38.74730800297326,39.56018731161468,38.1984392824189,39.3934440612793,20284400.0
2020-04-07,39.62966168168124,40.213268296781365,39.191956057772174,39.587974548339844,21786000.0
2020-04-08,39.78251186668631,40.310538323018314,39.33785968261899,40.15768814086914,18234200.0
2020-04-09,39.96458179730085,40.80024859721826,39.94351539996745,40.336769104003906,19689500.0
2020-04-13,40.3016506467305,40.44912076048828,39.57834255453232,39.79603576660156,12977700.0
2020-04-14,40.24546802991012,41.0109114995035,39.99968185668558,40.82832717895508,16765600.0
2020-04-15,40.42102776857708,40.73703434791523,39.82412079672243,39.978614807128906,18372800.0
2020-04-16,40.23142424216306,40.73001516418249,39.92243620577075,40.49125289916992,17825800.0
2020-04-17,40.77215590947894,41.20754503308556,40.54743876962781,41.05305099487305,15054300.0
2020-04-20,40.80023906473552,41.3690557693996,40.701925661696144,40.82130813598633,14002200.0
2020-04-21,40.30165238801124,40.75811058327607,39.83115171554899,39.90137481689453,14234500.0
2020-04-22,40.31569430225283,41.130294535021065,40.18929058692333,40.72299575805664,12701100.0
2020-04-23,40.814291626895894,41.19350283216371,40.35783607582003,40.44210433959961,15684400.0
2020-04-24,40.477211688175856,40.72299789369048,39.90839761820221,40.68086242675781,15371500.0
2020-04-27,40.68087549033828,40.93368301543766,40.16823919948249,40.59660720825195,16050100.0
2020-04-28,40.60360993380312,40.99686620228314,40.46316107514317,40.610633850097656,13392600.0
2020-04-29,40.9968696134219,41.151360959847025,40.51934506154922,40.81428527832031,17818100.0
2020-04-30,40.610633076061916,40.70192255543762,40.17524135463069,40.343780517578125,17532400.0
2020-05-01,40.561476123359284,40.58254519426122,39.69771922387956,39.90839385986328,13857400.0
2020-05-04,39.922433264835604,40.04883696516818,39.18508013212163,39.49406814575195,11833600.0
2020-05-05,39.32552802101452,39.985634134128084,39.32552802101452,39.68367004394531,10902400.0
2020-05-06,39.57833821334194,39.78901016400806,39.0025002980629,39.072723388671875,12460400.0
2020-05-07,39.395749487628485,39.430863707846804,38.74968855396258,39.03058624267578,14083100.0
2020-05-08,39.48003093310501,40.048845020167754,39.34660328989603,40.02777862548828,11097900.0
2020-05-11,39.93647026749298,39.964560568242646,39.49406008545897,39.60641860961914,12636800.0
2020-05-12,39.85221581571036,39.85221581571036,38.93930215658092,38.94632339477539,13117700.0
2020-05-13,38.73565934170226,39.00953322753771,38.314315314084645,38.51796340942383,20604500.0
2020-05-14,38.272166354147714,38.574130449781144,37.81570825270024,38.56008529663086,15859200.0
2020-05-15,38.36346926728256,38.4547587700983,38.068526326103054,38.419647216796875,10174000.0
2020-05-18,39.07974954798458,39.46598192617981,38.65138170570211,39.12890625,15735900.0
2020-05-19,38.92524982969824,39.00951806670337,38.14576127059358,38.187896728515625,18467100.0
2020-05-20,38.30026338037955,38.55307082376257,37.95616376492165,38.103633880615234,21405400.0
2020-05-21,38.22301681350569,38.37048693093385,37.82273924972093,37.899986267089844,18201000.0
2020-05-22,37.89295476601631,38.124695771743205,37.689304066227045,37.991268157958984,19960000.0
2020-05-26,38.55306809871823,38.798851607501504,38.04745324769053,38.13172149658203,20830500.0
2020-05-27,38.349412405546175,38.77778019006462,38.223008709168965,38.72159957885742,17063800.0
2020-05-28,39.030592845969146,39.17806295201543,38.73564995503722,39.12890625,15427900.0
2020-05-29,38.85503324240828,40.582547123491,38.54604519032431,40.29462814331055,34227800.0
2020-06-01,39.81709943449793,39.9575482908962,39.149969375735516,39.17103576660156,18156100.0
2020-06-02,39.19911728526444,39.64855138190513,39.002490537693774,39.60641860961914,17300400.0
2020-06-03,39.69069798613843,40.01372849901587,39.53620396744084,39.90839385986328,16086700.0
2020-06-04,39.845194362901495,40.28760469543519,39.683676418064756,40.18227005004883,16147300.0
2020-06-05,40.55446081396282,40.81428950979536,40.083960130189325,40.54743957519531,17105600.0
2020-06-08,40.484238921751405,40.87047135766808,40.21738630033054,40.7932243347168,14963000.0
2020-06-09,40.554455412742854,40.82130799064198,40.28760283484374,40.6317024230957,14530800.0
2020-06-10,40.6597906395575,40.89152897985038,40.519341780584064,40.7651252746582,13649100.0
2020-06-11,40.364848548615164,40.68787905531509,39.60642898163101,39.64154052734375,23412500.0
2020-06-12,39.7679453462016,39.89434905737088,39.17806225369139,39.69771957397461,17129000.0
2020-06-15,39.135923381470946,39.70474003218666,38.819914131073325,39.43086624145508,14826800.0
2020-06-16,39.90839658365875,40.25249351208387,39.49407387883297,39.971595764160156,15021300.0
2020-06-17,40.126094650742786,40.14716104679338,39.68368158180179,39.78199768066406,10652100.0
2020-06-18,39.67666095233191,39.99969153132314,39.58536876997705,39.95053482055664,9019500.0
2020-06-19,40.2735556588748,40.35782658166951,39.325530547567325,39.437889099121094,28868200.0
2020-06-22,39.262329511887295,39.508113011388346,39.051657558195075,39.086769104003906,12333900.0
2020-06-23,39.149970549619844,39.22019364050501,38.5600874781312,38.581153869628906,20716400.0
2020-06-24,38.300262699111904,38.31430785447663,37.5418403824533,37.87189483642578,24794600.0
2020-06-25,37.85784712166699,38.19492279111397,37.45756959677124,38.11767578125,17122500.0
2020-06-26,37.94914646001199,37.963191617082344,37.11347702678439,37.331172943115234,30211900.0
2020-06-29,37.43650234911936,38.419639026164575,37.43650234911936,38.40559387207031,15930300.0
2020-06-30,38.56711916303038,38.826950563136776,38.17386546140328,38.71459197998047,17414800.0
2020-07-01,38.68649871873492,38.855037920056084,38.32835659933207,38.39155578613281,12831600.0
2020-07-02,38.65840410759378,38.91121154205024,38.440710900353615,38.47582244873047,15814500.0
2020-07-06,38.86907248326969,38.92525309855034,38.56008713574368,38.79182815551758,11231100.0
2020-07-07,38.56711912926021,38.855040844613555,38.48285086167675,38.651390075683594,13319700.0
2020-07-08,38.70054636840375,38.932284771453645,38.49689560168361,38.89015197753906,15320800.0
2020-07-09,38.808491274584824,38.808491274584824,38.16937507350576,38.304298400878906,17618400.0
2020-07-10,38.23327824374357,38.758773971705565,38.23327824374357,38.694862365722656,15652200.0
2020-07-13,38.879488250487384,38.89369112834358,38.4463099571001,38.66645050048828,15285100.0
2020-07-14,38.65225606730978,39.518612843364465,38.53863572855855,39.369483947753906,15683600.0
2020-07-15,39.490213516065346,39.56832801960793,39.07123794072845,39.09964370727539,13903600.0
2020-07-16,38.964711395983656,39.646436138714186,38.886596905020184,39.61092758178711,13477400.0
2020-07-17,39.76715250190955,40.19322805228967,39.68903801892466,39.98019027709961,13506300.0
2020-07-20,39.965983621043854,39.965983621043854,39.525705232731475,39.67483139038086,10572900.0
2020-07-21,39.653533935546875,40.12221814534803,39.6251281752141,39.653533935546875,12619700.0
2020-07-22,39.65353792497336,39.731652419286156,39.31977697979057,39.58962631225586,11223500.0
2020-07-23,39.63223003641673,39.83106493621876,39.34107777216846,39.6606330871582,16718700.0
2020-07-24,40.01570177425324,40.88205858585637,39.86657558144627,40.370765686035156,17981700.0
2020-07-27,40.47728135435372,40.711624809845866,40.12931756832905,40.38496398925781,12306700.0
2020-07-28,40.51278300792415,40.97436707672191,40.45597420299699,40.818138122558594,13454700.0
2020-07-29,40.74002152743443,40.96726215317315,40.59089537471626,40.79683303833008,9341800.0
2020-07-30,40.62641507357483,40.80394704230284,40.576706339044826,40.69032669067383,12635800.0
2020-07-31,40.37075693222314,40.83234100102091,40.22873356544421,40.818138122558594,16202900.0
2020-08-03,41.09509122975136,41.09509122975136,40.56249542897052,40.64771270751953,13493400.0
2020-08-04,40.61930319983992,41.28682223334427,40.60510032139233,41.12349319458008,11601000.0
2020-08-05,41.30103441577984,41.32233738378916,40.768438544165285,40.860755920410156,9809300.0
2020-08-06,40.83234508292596,41.15190310796811,40.7968392376818,41.066688537597656,10369900.0
2020-08-07,41.05958408360047,41.577976988194784,40.93886367286527,41.56377410888672,12783900.0
2020-08-10,41.64899073849043,42.00405458891602,41.52116753562345,41.89043426513672,12114500.0
2020-08-11,42.11057354376556,42.33071411369125,41.36493997442308,41.5495719909668,12833100.0
2020-08-12,41.613487243652344,41.87623647532353,41.556678429319746,41.613487243652344,10802100.0
2020-08-13,41.400442189942964,41.61347994694961,41.322327713625384,41.556671142578125,7428600.0
2020-08-14,41.52826490844476,41.85492297936054,41.36493587298687,41.74840545654297,8715900.0
2020-08-17,41.705800460894565,41.84782654596512,41.57797725522329,41.74130630493164,8371900.0
2020-08-18,41.79811565198107,42.2312939699366,41.741304137334126,42.02535629272461,10130600.0
2020-08-19,42.153185018329424,42.209993831502274,41.84782985937324,41.93304443359375,10816300.0
2020-08-20,41.613475188768085,41.96143889559885,41.606375104879255,41.86912155151367,8061500.0
2020-08-21,41.897534350219466,41.92594010839484,41.57087625796925,41.89043426513672,11059300.0
2020-08-24,41.96854624102644,42.330712887219896,41.89753455416454,42.30230712890625,10931500.0
2020-08-25,42.3946231152915,42.43012895757199,42.02535639594574,42.19578552246094,11316800.0
2020-08-26,42.11056944174426,42.25259551467042,41.82652000481398,42.22418975830078,15096400.0
2020-08-27,42.32361272041017,42.45853872631439,42.188689423428336,42.2028923034668,11405300.0
2020-08-28,42.1886926477671,42.1886926477671,41.76971713583987,42.08217239379883,11873900.0
2020-08-31,41.9259424900071,42.20999196112975,41.91173961011262,42.089271545410156,14555500.0
2020-09-01,41.98274841696684,42.11057161831498,41.741304893189486,42.01115417480469,13358400.0
2020-09-02,42.00405733639547,43.133160562960214,41.89753709073144,42.984031677246094,21711900.0
2020-09-03,43.197076766209655,43.51663211936854,42.7070868347104,43.04084777832031,23126800.0
2020-09-04,42.94852828979492,43.67285895856871,42.650275919141166,42.94852828979492,22250100.0
2020-09-08,43.17576536558609,43.17576536558609,42.33781442895952,42.57925796508789,18469700.0
2020-09-09,42.69287906214744,43.140260297808155,42.586361526271695,42.636070251464844,15896200.0
2020-09-10,42.77099284576881,42.78519572543714,42.188688323978724,42.273902893066406,15811200.0
2020-09-11,42.30941188075599,42.57925847045577,42.15318291172387,42.45853805541992,13924800.0
2020-09-14,42.62186594350507,43.16156181705762,42.60766306407971,42.834903717041016,11932500.0
2020-09-15,42.68577234562199,43.388797183526265,42.67866955231358,43.03373336791992,9444300.0
2020-09-16,42.98402742446193,43.26807957884734,42.83490126242454,42.87040710449219,12699000.0
2020-09-17,43.0337419315025,43.310694038282485,42.67867804523953,43.026641845703125,14996200.0
2020-09-18,42.735488383566825,43.275184283811264,42.71418541783632,42.85620880126953,22584500.0
2020-09-21,42.60766456569279,42.664476085396444,41.911739702857155,42.33071517944336,15871400.0
2020-09-22,42.41593534071639,42.8704167225592,42.266809145222226,42.4798469543457,12198900.0
2020-09-23,42.48694473442852,42.707082604003915,41.791017153092895,41.83362579345703,15416200.0
2020-09-24,41.897528360976196,42.295200791817656,41.64898478477642,42.03245162963867,10875300.0
2020-09-25,41.79101085947191,42.2170890721798,41.76260781242897,42.17448043823242,10676300.0
2020-09-28,42.29521672795815,42.46564589901809,42.02536738003659,42.15319061279297,11910500.0
2020-09-29,42.09637714516335,42.245506049128885,41.96855391829158,42.06797409057617,10005900.0
2020-09-30,42.22419298386075,42.40172491134983,41.933040731135556,42.24549865722656,16348400.0
2020-10-01,42.1815923878817,42.32361578069082,41.918843151555166,42.217098236083984,14547100.0
2020-10-02,42.103479940502176,42.288111985471005,41.97565671363041,42.06797409057617,10741800.0
2020-10-05,42.344923228260996,42.49404942230285,42.08217398094227,42.36622619628906,10457400.0
2020-10-06,42.437227513229,42.586356379708576,42.1318751134825,42.22418975830078,12524900.0
2020-10-07,42.337815264945135,42.45143559543009,42.03956291326802,42.33071517944336,13674700.0
2020-10-08,42.42974630397488,42.86753675746097,42.32209466414744,42.479984283447266,14266400.0
2020-10-09,42.523062248939176,42.73119266215806,42.40105646463087,42.58047866821289,9846200.0
2020-10-12,42.58046790637891,42.8316578328015,42.45128373342876,42.73835754394531,20211200.0
2020-10-13,42.84602312804155,42.860377232982295,42.23598598800507,42.60200881958008,22109600.0
2020-10-14,42.67376584690449,42.716828150869134,41.905839221673304,41.934547424316406,16591900.0
2020-10-15,41.70488836196096,41.82689411971583,41.42499022333276,41.74077224731445,13644500.0
2020-10-16,41.68335579269017,41.934545711143095,41.633115071234805,41.66182327270508,13364200.0
2020-10-19,41.73360276654274,41.83407875556823,40.96567600725894,41.123565673828125,16075100.0
2020-10-20,41.295799708539846,41.38909724858838,40.73600077942597,41.087669372558594,18696200.0
2020-10-21,40.9872006055261,41.41781271477117,40.68576993884253,40.72883224487305,21498300.0
2020-10-22,40.858015452657924,41.38192784361594,40.5565847931493,41.14509201049805,16636100.0
2020-10-23,41.446522662500776,41.604415053490385,41.2383922812445,41.59723663330078,12879600.0
2020-10-26,41.28145169510202,41.51828752721822,40.88672348306507,41.48958206176758,15196800.0
2020-10-27,41.41063702426197,41.51828868266893,41.13073887953286,41.18097686767578,12253000.0
2020-10-28,40.85083941166376,41.15944577109415,40.276689000316,40.41305160522461,18720200.0
2020-10-29,40.30539935805818,41.13074250066614,40.20492337292648,40.73601150512695,19146100.0
2020-10-30,40.62118018654515,40.958494758785065,40.45611211057556,40.90108108520508,17632800.0
2020-11-02,41.38910819273942,41.7766607681958,40.908258052564676,41.410640716552734,16086400.0
2020-11-03,41.48958406593672,41.89866639934233,41.27427526918422,41.4465217590332,10693500.0
2020-11-04,41.04461432866044,41.518288744546034,40.60682653672899,41.06614685058594,20785700.0
2020-11-05,41.6331180893279,42.32210128573669,41.482404127330504,41.73359680175781,20156400.0
2020-11-06,41.68335185541903,42.16420186468507,41.63311113870924,42.006309509277344,11986200.0
2020-11-09,43.09002569930158,43.477578213840296,42.709648866395874,42.94648742675781,24265900.0
2020-11-10,43.26226841807389,44.07325731176148,43.20485475306637,43.850772857666016,22051800.0
2020-11-11,43.98714115311436,44.030200723016186,43.39863663715822,43.77901077270508,12196900.0
2020-11-12,43.714417774221644,43.786185547747586,43.30533544204063,43.6282958984375,13293300.0
2020-11-13,43.5134609411918,43.915364808316205,43.33403878972134,43.82206726074219,10652800.0
2020-11-16,43.6426443196044,44.10914026232801,43.56369813634348,43.70005798339844,14289400.0
2020-11-17,43.46322662578637,43.793362755289614,43.319688344943444,43.599586486816406,11698200.0
2020-11-18,43.872306247684506,43.886660348662254,43.276623377049596,43.290977478027344,11698800.0
2020-11-19,43.348394911761,43.37710037663362,42.9895505920867,43.212032318115234,12663000.0
2020-11-20,43.21203261085739,43.2981572193534,43.02543476797919,43.09002685546875,14225400.0
2020-11-23,43.06849084421293,43.34121327348584,43.061315162968896,43.226383209228516,11601400.0
2020-11-24,43.491925498140496,43.635463757222276,43.31968177745402,43.520633697509766,15481400.0
2020-11-25,43.542169593403884,43.59241031823842,43.298158077788784,43.35557174682617,10604300.0
2020-11-27,43.43451871829385,43.59241110207442,43.35557252640357,43.47758102416992,5763700.0
2020-11-30,43.29097965805601,43.49193160633431,43.19767936588467,43.35557174682617,21839100.0
2020-12-01,43.36992662836226,43.721592544172594,43.262272232554594,43.47758102416992,14282600.0
2020-12-02,44.066084607134094,44.46081282068233,43.78618373135793,44.037376403808594,14169900.0
2020-12-03,43.85795591791914,44.37469264649146,43.80771792905961,44.31010055541992,11937200.0
2020-12-04,44.173744201660156,44.35316639804201,43.97279221779742,44.173744201660156,10495800.0
2020-12-07,44.15220946174428,44.28139364767021,43.908195192524765,44.03020095825195,12537500.0
2020-12-08,43.90819059929218,44.28138901539737,43.692884557860495,44.101966857910156,13421100.0
2020-12-09,44.10196662182226,44.36751064690766,43.8435982783814,44.1091423034668,14949500.0
2020-12-10,43.9656079791018,44.030200070762824,43.29816001562468,43.42734146118164,15464400.0
2020-12-11,43.11873790658798,43.441695627604396,43.03979171246749,43.3125114440918,13673000.0
2020-12-14,43.49910347665415,43.822063871878655,42.89624498482326,43.046958923339844,15706500.0
2020-12-15,43.11156062029788,43.592413479966126,43.039792844354636,43.456050872802734,15876000.0
2020-12-16,43.204857355686066,43.38427951851054,42.82448050881803,42.996726989746094,17165900.0
2020-12-17,43.04696310688513,43.16897159594499,42.781419084011056,43.0684928894043,12095500.0
2020-12-18,43.06132047079144,43.62111676082692,42.91060650620728,43.391456604003906,31909400.0
2020-12-21,43.10438723839906,43.154625231793695,42.544588152656274,42.69530487060547,18567500.0
2020-12-22,42.57329213881278,42.64505991147116,42.24315600416021,42.336456298828125,12951500.0
2020-12-23,42.487164983911356,42.54457864734987,42.26468053589594,42.314918518066406,14012100.0
2020-12-24,42.343624155591414,42.393862134720955,42.09960994077743,42.22879409790039,7751100.0
2020-12-28,42.458453564328146,42.4728076635407,42.09243361658385,42.32926940917969,15355600.0
2020-12-29,42.36516505026935,42.515881764962714,42.08526688232707,42.207275390625,15686100.0
2020-12-30,42.22162060064348,42.3005640449551,41.66900006387413,41.72641372680664,18259800.0
2020-12-31,41.66899951425842,42.20008752487892,41.64029131428848,42.16420364379883,12906300.0
2021-01-04,42.31493483014859,42.45129746669062,41.94173629175661,42.23598861694336,19129800.0
2021-01-05,42.243153939684305,42.40822199894351,41.956077387550536,42.04220199584961,16220000.0
2021-01-06,42.207278963977195,42.73119145510558,42.01350266105046,42.5517692565918,22678500.0
2021-01-07,42.26740967025585,42.622840256883514,42.12959004216582,42.45600509643555,19079900.0
2021-01-08,42.23839704563055,42.332696148748774,41.61457689235773,41.92648696899414,28411600.0
2021-01-11,41.89022146223337,42.10783244888216,41.55655109823364,41.67986297607422,15688000.0
2021-01-12,41.54204149160759,41.67260863123297,41.12132453790944,41.534786224365234,22699300.0
2021-01-13,41.505772657332905,41.52753292449353,41.259146150242486,41.389713287353516,16985400.0
2021-01-14,41.26640292712246,41.65810437905148,41.099567738428384,41.37520980834961,18341100.0
2021-01-15,41.18660906999193,41.70887764069555,41.13583326640394,41.62183380126953,15785300.0
2021-01-19,41.66535995412417,41.7669143420639,41.33168955211603,41.38246536254883,18821300.0
2021-01-20,41.353443282338176,41.62908532899994,41.09956427032977,41.534786224365234,19923100.0
2021-01-21,41.48400689915113,41.71612562386841,41.382455302971515,41.54203796386719,13601500.0
2021-01-22,41.46950098027064,41.846694616507015,41.17209867803647,41.68711471557617,16364500.0
2021-01-25,41.68711593012857,42.52129179383364,41.476757455643686,42.376216888427734,22444300.0
2021-01-26,41.33893643751932,41.54929213790894,40.91821950259293,41.034278869628906,37892700.0
2021-01-27,41.08505231986532,41.31717104066101,39.93896648182076,39.989742279052734,37239000.0
2021-01-28,39.89544684146574,40.860192611463816,39.89544684146574,40.16383361816406,24000800.0
2021-01-29,39.89544663799408,40.09129734444762,39.518252992276935,39.71410369873047,26231200.0
2021-02-01,40.091295804112704,40.091295804112704,39.329656041883,39.37317657470703,20541100.0
2021-02-02,39.48198862846593,40.01876222902862,39.29339040453661,39.53276443481445,18974500.0
2021-02-03,39.39494396436952,39.82291344259531,39.35142065965925,39.74312210083008,13909300.0
2021-02-04,39.72136337041842,40.163840664842,39.598051477650756,39.997005462646484,14761700.0
2021-02-05,40.04051964462307,40.388697739454315,40.01875661133307,40.1275634765625,12069500.0
2021-02-08,40.16383950976727,40.24363085788652,39.74312526569405,39.93172073364258,17887700.0
2021-02-09,39.90996217675327,40.11306542281474,39.663335620646826,39.89545440673828,19605600.0
2021-02-10,40.0550265687323,40.21460646275289,39.83741284285004,39.86642837524414,16232800.0
2021-02-11,39.909962355548835,39.9389778957088,39.518260864611875,39.60530471801758,17398800.0
2021-02-12,39.47473112534113,39.66332933859078,39.300643446882425,39.31515121459961,18357300.0
2021-02-16,39.249873162877925,39.40220059471861,39.04676992042369,39.27888870239258,22095700.0
2021-02-17,40.620824123183596,41.5275389473618,40.35243731000758,41.33894348144531,40531300.0
2021-02-18,41.30267238897543,41.78867297024998,41.005270039386176,41.331687927246094,20759900.0
2021-02-19,41.58556688493276,41.636342689887655,40.87470008141655,40.94723892211914,18689400.0
2021-02-22,41.005267227607376,41.230133483174654,40.72962793415904,40.94723892211914,17854900.0
2021-02-23,41.20837433441548,41.73064016629851,40.831180653732574,41.36795425415039,21062000.0
2021-02-24,41.40422240032436,41.65084614835761,41.10681731506929,41.43323516845703,17136900.0
2021-02-25,40.707866989042394,41.24464336951341,40.43222768143807,40.9835090637207,24165300.0
2021-02-26,40.961742547262965,41.06329414690151,40.10580368306153,40.11305618286133,23935200.0
2021-03-01,40.25088098412684,40.5845513362959,40.098550808507284,40.15658187866211,20550400.0
2021-03-02,40.12030965775038,40.27263705040447,39.83741237086982,39.88093566894531,17184600.0
2021-03-03,39.57628454566096,40.59905862494897,39.46022517379401,40.17108917236328,22838700.0
2021-03-04,40.294410420773204,40.34518623483828,39.55453071530085,39.75038146972656,23692000.0
2021-03-05,39.85918303041217,40.76589782743213,39.83741999367339,40.62082290649414,23598100.0
2021-03-08,40.58455052594811,41.56380129513151,40.49025142236624,41.19386291503906,23648800.0
2021-03-09,41.273652796329635,41.4187249295583,40.74412899516543,40.765892028808594,20956400.0
2021-03-10,41.121327064466186,41.55655181231622,40.512014631135244,41.40422439575195,18848600.0
2021-03-11,41.3534344648414,41.48400157662689,40.2363642831156,40.265377044677734,30312900.0
2021-03-12,40.42497214254169,40.74413475466386,40.33792829688546,40.35243606567383,22002400.0
2021-03-15,40.48299480130835,40.577291128217645,39.967978801151695,40.35968017578125,18970600.0
2021-03-16,40.40320347309788,40.56278336244544,40.21460528513252,40.35968017578125,19044700.0
2021-03-17,40.45398759663929,40.707866632226896,40.10580944765888,40.43947982788086,17867000.0
2021-03-18,40.43947865398841,40.88920840414894,40.37419508000753,40.84568786621094,19970700.0
2021-03-19,40.93272241882676,40.998005977990495,40.58454435897796,40.79490280151367,39055000.0
2021-03-22,40.52651386798781,41.10681064255265,40.45397780881969,41.04878234863281,20656600.0
2021-03-23,40.925473297968,41.65084505667348,40.89646053059576,41.280906677246094,20084100.0
2021-03-24,41.15759520403445,41.658100726229485,41.077803867074294,41.35344314575195,14819800.0
2021-03-25,41.38245978400579,41.73789317619548,41.128580766065845,41.62183380126953,18047400.0
2021-03-26,41.65810430765544,42.252908985310206,41.62183626966653,42.20213317871094,19632700.0
2021-03-29,42.13684580939307,42.782426235517406,42.0352942053385,42.673622131347656,18577300.0
2021-03-30,42.70263782897892,42.77517667047645,42.23840031169025,42.499534606933594,13239700.0
2021-03-31,42.3617132767434,42.44875711601051,42.11508675959177,42.18037033081055,19531700.0
2021-04-01,42.08606991854023,42.354456695414235,41.88296671085976,42.2891731262207,12885100.0
2021-04-05,42.45601399088393,42.89123876621137,42.40523818215684,42.702640533447266,14326300.0
2021-04-06,42.65911327331488,42.87672424316406,42.56481417178657,42.87672424316406,12198300.0
2021-04-07,42.8912351435737,43.13060639777331,42.644608621840696,42.79693603515625,13218400.0
2021-04-08,42.55351797983565,42.61950390421409,42.17959680941003,42.230918884277344,16472400.0
2021-04-09,42.23091934731528,42.37755504719107,41.97430897016514,42.150272369384766,13872000.0
2021-04-12,42.27491573606502,42.443545831332194,42.10628564079785,42.18693542480469,19564600.0
2021-04-13,42.06229625389934,42.34823437786042,41.908330002050114,42.24559020996094,15489100.0
2021-04-14,42.15760547158484,42.619506975520125,42.003639235887576,42.30424118041992,13890100.0
2021-04-15,42.201597023288414,42.458207416117176,42.18693317272056,42.30424118041992,13338400.0
2021-04-16,42.575514511011924,42.87611644909946,42.377556727855236,42.7294807434082,19866200.0
2021-04-19,42.8907732082421,43.044739415183216,42.59017131985293,42.810123443603516,11955400.0
2021-04-20,42.612165693175086,42.92010090390031,42.50219102972129,42.810123443603516,16673600.0
2021-04-21,42.817469781661856,43.14006614143655,42.560856561911315,42.6268424987793,18310100.0
2021-04-22,42.48020327124478,42.59018075590761,41.89366321234484,41.996307373046875,20921900.0
2021-04-23,41.88633253089801,42.135612404617476,41.629719333244786,42.01097106933594,18099400.0
2021-04-26,42.054967478902775,42.07696185955676,41.68104622672146,41.747032165527344,15073600.0
2021-04-27,41.483088672095306,41.585732837999835,41.204481081180326,41.29246139526367,21858600.0
2021-04-28,41.32911254753032,41.54173416725395,41.307118171987625,41.373104095458984,12862500.0
2021-04-29,41.46108156217275,42.172262822465726,41.44641771386492,42.02562713623047,18169200.0
2021-04-30,42.047636260859136,42.42155753177524,41.761698110655104,42.370235443115234,16861500.0
2021-05-03,42.69282734899179,42.766146608558834,42.428883608237975,42.46554183959961,17559100.0
2021-05-04,42.5095316804307,43.000760910759645,42.48753730186976,42.9640998840332,22067700.0
2021-05-05,42.98609775949573,43.30136357594053,42.927442353253106,43.030086517333984,17882200.0
2021-05-06,43.191382215623,43.52864238075213,43.03008265975974,43.46998977661133,14593100.0
2021-05-07,43.11073084904975,43.30868862481165,42.96409514883612,43.05207824707031,15678600.0
2021-05-10,43.31602595112757,43.88056883433063,43.272034397945006,43.63862228393555,22563000.0
2021-05-11,43.83657068435983,43.83657068435983,42.736807262053816,42.920101165771484,17971900.0
2021-05-12,42.70749437150919,43.184059805122,42.63417790334291,42.82480239868164,14718600.0
2021-05-13,42.52419154333334,43.39666963882431,42.49486384344034,43.118064880371094,13305100.0
2021-05-14,43.26470254861704,43.44799649785966,43.01542266577333,43.030086517333984,13770000.0
2021-05-17,43.17672311658319,43.308694986476624,42.42888345280164,42.48020553588867,22387000.0
2021-05-18,42.15760873988635,42.15760873988635,41.52707710080349,41.92299270629883,26579000.0
2021-05-19,41.439099804324805,41.74703232201055,41.31445845418252,41.73236846923828,20213500.0
2021-05-20,41.72503475643355,41.97431464084683,41.60772674005341,41.637054443359375,20768900.0
2021-05-21,41.83501411498408,42.01097474899598,41.60039807173897,41.72503662109375,15474400.0
2021-05-24,41.857001704901506,42.01096793389618,41.62971622625931,41.77635192871094,12970700.0
2021-05-25,41.7910188868716,41.81301326498,41.270464761453034,41.409767150878906,15935100.0
2021-05-26,41.40244239597191,41.46842833634024,41.255806662170734,41.32179260253906,14045200.0
2021-05-27,41.2924564127888,41.46108649311935,41.07250425569866,41.27046203613281,30754300.0
2021-05-28,41.31445585078307,41.527077507316804,41.27046709208213,41.4171028137207,14027800.0
2021-06-01,41.60771522845659,41.68836499181278,41.233796903710434,41.33644104003906,14922800.0
2021-06-02,41.28512490337912,41.67370713154949,41.18247795546007,41.53440475463867,13681100.0
2021-06-03,41.571063623384696,41.95231533102157,41.483083320651076,41.77635192871094,14212500.0
2021-06-04,41.732363493568634,42.06229314949786,41.71770243938832,42.01097106933594,11868100.0
2021-06-07,41.95965459833945,42.03297386326037,41.84234657130994,41.937660217285156,11144100.0
2021-06-08,41.966979273574665,41.974309800133895,41.637049641541175,41.90099334716797,15858400.0
2021-06-09,41.90099793826285,42.17960272753484,41.79835097728275,41.82767868041992,14705100.0
2021-06-10,42.03296030681366,42.23824858869484,41.95231053983375,42.04029083251953,12013600.0
2021-06-11,42.15028227125382,42.19427103375998,41.79835539014054,42.03297424316406,12929000.0
2021-06-14,41.930323233729304,41.988978640548055,41.68104334843709,41.92299270629883,11907600.0
2021-06-15,41.92299324889094,42.1209510542007,41.90832939699647,42.00364303588867,12602700.0
2021-06-16,42.06228698999778,42.07695083887436,41.51973856578018,41.527069091796875,15678400.0
2021-06-17,41.534409499869795,41.732364501364145,41.42443201295634,41.44642639160156,14761100.0
2021-06-18,41.28513017420867,41.28513017420867,40.74257885331444,40.925872802734375,38210500.0
2021-06-21,41.109164498927605,41.417099771433634,41.043178568879426,41.343780517578125,13628200.0
2021-06-22,41.5637290044641,41.6297149286684,41.263127082387506,41.3291130065918,13866600.0
2021-06-23,41.38778044840991,41.60773266081633,41.09450896730528,41.10917282104492,16524500.0
2021-06-24,41.17514678239622,41.358440705536665,41.10183033187736,41.3291130065918,15386200.0
2021-06-25,41.25579127668287,41.4390851763677,41.19713588629911,41.33644104003906,14540300.0
2021-06-28,41.336455064804994,41.42443538338794,41.182486011229976,41.1898193359375,13754900.0
2021-06-29,41.204476393391374,41.32911492442581,40.92586883417327,40.94053268432617,15313000.0
2021-06-30,40.881880004100736,41.1604875818581,40.881880004100736,41.079837799072266,14559700.0
2021-07-01,41.18981225926963,41.37310618965198,41.07250425569866,41.27046203613281,11672200.0
2021-07-02,41.336454812397136,41.47575721570651,41.24847169750753,41.38044357299805,11387100.0
2021-07-06,41.40975865409065,41.43175302768607,41.05783469234883,41.358436584472656,13815900.0
2021-07-07,41.31445452604288,41.4830874184685,41.211810363240275,41.44642639160156,14393300.0
2021-07-08,41.33372845960086,41.50425291923546,41.185445460012474,41.281829833984375,18384000.0
2021-07-09,41.29666215104547,41.689609731463676,41.23734781454139,41.57098388671875,13757000.0
2021-07-12,41.51167276864207,41.78599450689368,41.43011696931405,41.63029861450195,13451500.0
2021-07-13,41.71926986805377,41.87496577005994,41.51908821050437,41.5858154296875,12511900.0
2021-07-14,41.585815539219084,41.83789583143449,41.54132978355868,41.75634002685547,14821700.0
2021-07-15,41.7563363367594,41.96393085496883,41.697024829383786,41.92686080932617,12813900.0
2021-07-16,42.023241891998694,42.104797682968744,41.823060267325744,41.860130310058594,11637900.0
2021-07-19,41.64512001900937,41.845301643280315,41.007507931801086,41.400455474853516,21958500.0
2021-07-20,41.48201675320124,42.089974583665644,41.17803783796904,41.20769500732422,20258900.0
2021-07-21,41.9194508742123,42.14928687028898,41.45977322553217,41.482017517089844,25264100.0
2021-07-22,41.630300538333,41.72668209811718,41.237350107799124,41.482017517089844,16231400.0
2021-07-23,41.39305613540322,41.541336354532525,41.25218596766094,41.43012619018555,14894300.0
2021-07-26,41.43011902975062,41.4746019564958,41.18545161959854,41.35597610473633,15330500.0
2021-07-27,41.274411861567906,41.77115945866694,41.13354457524036,41.667362213134766,15225800.0
2021-07-28,41.69702379250013,41.75633529840084,41.289244815781615,41.31148910522461,14595900.0
2021-07-29,41.437537603989696,41.65254787369067,41.430124724601015,41.50426483154297,12841900.0
2021-07-30,41.54132917487697,41.65254214826672,41.34114751973347,41.35597610473633,13856900.0
2021-08-02,41.56357432785377,41.711854524428446,41.28183686348767,41.341148376464844,13833400.0
2021-08-03,41.34114633944658,41.48201647882021,41.20027902833627,41.318904876708984,12573100.0
2021-08-04,41.22252262753492,41.30407843281737,40.98527091849332,41.051998138427734,16446100.0
2021-08-05,41.08165498677142,41.148382206182255,40.96302913318143,41.000099182128906,12776600.0
2021-08-06,41.02234407487987,41.21511002918786,40.933372562186804,40.94078826904297,12660300.0
2021-08-09,40.985267843912894,41.08906510529913,40.85922912030482,40.866641998291016,13452400.0
2021-08-10,40.85181509572112,41.170622599252994,40.77767499975419,41.13355255126953,11756900.0
2021-08-11,41.22993640514822,41.40787376447181,41.16320918833604,41.200279235839844,11727300.0
2021-08-12,41.237345794041936,41.37080021637404,41.17061858287589,41.252174377441406,10744800.0
2021-08-13,41.29666406080169,41.50425859163967,41.28183547598992,41.42270278930664,8384600.0
2021-08-16,41.45977907041952,41.57099205909625,41.20770157551136,41.50426483154297,12964200.0
2021-08-17,41.42270328929625,41.667370699248565,41.34856319260589,41.65254211425781,11847600.0
2021-08-18,41.556154397016016,41.5709829808189,41.111308195982275,41.126136779785156,15093500.0
2021-08-19,41.000099503841355,41.26700838357902,40.9185436985589,41.051998138427734,12679900.0
2021-08-20,41.022340700032665,41.30407531559234,40.92595631667632,41.1632080078125,10645100.0
2021-08-23,41.18544611255957,41.3040719484572,41.08164885968201,41.08906173706055,11963700.0
2021-08-24,41.08166515102284,41.089078031341025,40.77768614922284,40.785099029541016,15478400.0
2021-08-25,40.792503890539315,40.83698964541113,40.63680799088303,40.72577667236328,14666300.0
2021-08-26,40.71094460924963,40.82215757279596,40.45886434303935,40.48110580444336,15256200.0
2021-08-27,40.51817473687382,40.651629148843945,40.429203243385146,40.60714340209961,13213800.0
2021-08-30,40.58490194285888,40.74801069106236,40.54041619611455,40.60714340209961,11621200.0
2021-08-31,40.56265779830653,40.881465247107286,40.46627625574845,40.77766799926758,18405600.0
2021-09-01,40.77767438301575,40.88888735354749,40.62939136506121,40.73318862915039,12647300.0
2021-09-02,40.72577834169717,41.00751581090689,40.703536877481284,40.9926872253418,12875900.0
2021-09-03,40.95561781526607,41.148383774096146,40.903716350845826,41.09648513793945,11006200.0
2021-09-07,41.05941031407172,41.148378990245035,40.629389860751466,40.64421844482422,15500900.0
2021-09-08,40.621984067100094,40.84440721045438,40.621984067100094,40.71095275878906,11835900.0
2021-09-09,40.65163714660303,40.68129148867054,40.355071099820464,40.362483978271484,19403300.0
2021-09-10,40.45145067841483,40.53300364473076,40.19937041710832,40.206783294677734,15944100.0
2021-09-13,40.33282857142483,40.762846216817394,40.33282857142483,40.49593734741211,20749000.0
2021-09-14,40.51818066325647,40.60714934149525,40.24385609393669,40.340240478515625,16937500.0
2021-09-15,40.26609638295048,40.525589513800895,40.26609638295048,40.4588623046875,15330000.0
2021-09-16,40.49593934137846,40.62198090403189,40.29575767946782,40.355072021484375,14431400.0
2021-09-17,40.140061068960186,40.37731277633181,40.080749556249,40.243858337402344,30787600.0
2021-09-20,40.080746609425795,40.4662813126252,40.043673734910605,40.229026794433594,20440500.0
2021-09-21,40.25127479546511,40.51076797141406,40.04367742644245,40.05850601196289,16906900.0
2021-09-22,40.14005338367953,40.32540642134207,40.05108471751512,40.08074188232422,15907900.0
2021-09-23,40.184547466242606,40.48852639793203,40.04367731831058,40.34765625,14714100.0
2021-09-24,40.30316832958515,40.458864215448486,40.22161253367679,40.31058120727539,12663900.0
2021-09-27,40.369906519745875,40.51818956824198,40.31800787701183,40.384735107421875,13118200.0
2021-09-28,40.36989455355307,40.54783189639418,40.05849996118651,40.154884338378906,19528200.0
2021-09-29,40.10299055232648,40.5255953279205,40.10299055232648,40.31800079345703,14823000.0
2021-09-30,40.40697156606076,40.414384444847926,40.03626540490424,40.043678283691406,18736600.0
2021-10-01,40.051087738181785,40.451451008511526,39.97694482056714,40.25868225097656,18618400.0
2021-10-04,40.36989711666236,40.666460316314215,40.243855564906305,40.40696716308594,18159200.0
2021-10-05,40.510774972372836,40.636816556946975,40.27352321957161,40.414390563964844,13218200.0
2021-10-06,40.288339546621735,40.473692598855315,40.04367216010711,40.42920684814453,21339800.0
2021-10-07,40.541747962520866,40.77431351908239,40.384202999330384,40.43671798706055,18069600.0
2021-10-08,40.414205120103155,40.48922856715937,39.92656559257118,39.94157028198242,21384600.0
2021-10-11,39.95656483483809,39.97907329578288,38.99628778216662,39.146331787109375,32088400.0
2021-10-12,39.146339111094,39.146339111094,38.343606825594165,38.5086555480957,42154000.0
2021-10-13,38.41862878413314,38.56867282251009,38.15605386336247,38.523658752441406,27246900.0
2021-10-14,38.46364295256358,39.003800347361135,38.381118588152624,38.9512825012207,27764900.0
2021-10-15,39.07130789544877,39.618966034378495,39.026293839235635,39.21384811401367,27005500.0
2021-10-18,39.131325646049525,39.251360273172175,38.74121239243811,38.94377136230469,20853500.0
2021-10-19,39.01129747950156,39.32638735468562,38.951278725075035,39.27387237548828,16094800.0
2021-10-20,39.60397257648935,40.31667959506475,39.55145759361187,40.21915054321289,30659500.0
2021-10-21,40.33918724558509,40.45922190708917,39.814034528310195,40.05410385131836,17771100.0
2021-10-22,40.0766160370416,40.0766160370416,39.67150077659849,39.70901107788086,16074000.0
2021-10-25,39.739006833143726,39.83653301065583,39.356394450483265,39.4464225769043,15987400.0
2021-10-26,39.536457420154264,39.88905765091557,39.43142744240186,39.82154083251953,15185200.0
2021-10-27,39.889051466644204,39.91155993113883,39.36390165929975,39.48393630981445,15007400.0
2021-10-28,39.57395516849222,39.874043177069666,39.476426136426845,39.61146545410156,18374700.0
2021-10-29,39.386416690621004,39.799035721676056,39.31889700467727,39.754024505615234,17763200.0
2021-11-01,39.94156652133556,40.03909270054837,39.66398408614077,39.724002838134766,14177700.0
2021-11-02,39.79902298993435,39.82903236560987,39.39390500386953,39.43891906738281,16913800.0
2021-11-03,39.453928230991394,39.814032194394194,39.40141324852756,39.71650314331055,12240000.0
2021-11-04,39.69400081885766,39.69400081885766,38.411129806666125,38.89876937866211,30807500.0
2021-11-05,39.026304123148876,39.61147269886314,39.026304123148876,39.19135284423828,17442800.0
2021-11-08,39.236356895586425,39.32638215346795,38.94377266108296,39.25886535644531,15985200.0
2021-11-09,39.236364050461304,39.288879032289415,39.003798520037364,39.19135284423828,16014100.0
2021-11-10,39.326390250395995,39.58146425178707,39.16884530120349,39.461429595947266,16261100.0
2021-11-11,39.56645971978043,39.56645971978043,39.28137635845029,39.34889602661133,10983700.0
2021-11-12,39.393912072087886,39.401415848278916,39.22886619996246,39.26637649536133,14378500.0
2021-11-15,39.34138880659401,39.41641224345483,39.06380924483771,39.31138229370117,14282700.0
2021-11-16,39.39390804698295,39.47643240553972,39.04130787203831,39.056312561035156,15876100.0
2021-11-17,39.01879862654342,39.05631177921051,38.71871343816892,38.808738708496094,17679200.0
2021-11-18,38.63618680967959,38.74872053736104,38.358607239744025,38.441131591796875,19490300.0
2021-11-19,38.47114536847022,38.50115474976423,38.01351232021896,38.15605545043945,21105200.0
2021-11-22,38.14854698328213,39.03380358963572,37.99850581896601,38.66619873046875,22751600.0
2021-11-23,38.68119786776082,39.123826107411794,38.68119786776082,38.82373809814453,21501600.0
2021-11-24,38.733716170258226,39.093820095228274,38.70370679438116,38.756221771240234,15474500.0
2021-11-26,38.37361235005317,39.16133986694147,38.33609919917862,38.86125183105469,17048100.0
2021-11-29,38.71871148231969,38.898762013878915,38.5086515748834,38.756221771240234,18652500.0
2021-11-30,38.45613433031687,38.53115777116865,37.54087124673829,37.71342086791992,47766200.0
2021-12-01,37.885972322788845,38.20106220406179,37.315808453977496,37.338314056396484,26295500.0
2021-12-02,37.383331200628945,38.38861968279345,37.34581804437336,38.05852508544922,27364400.0
2021-12-03,37.9534892561627,38.628685898581125,37.900974279735884,38.576168060302734,24711700.0
2021-12-06,38.741218422666726,38.95878211251972,38.23107046252605,38.313594818115234,22433100.0
2021-12-07,38.26107580319317,38.26857671570467,37.608387664339446,38.10353088378906,27754700.0
2021-12-08,38.051024835961,38.148551030743405,37.623401176216426,37.878475189208984,20452700.0
2021-12-09,37.810950922988596,37.810950922988596,37.41333383045182,37.630897521972656,23628300.0
2021-12-10,37.75843323360945,37.75843323360945,37.50335926989293,37.65340042114258,18498700.0
2021-12-13,37.58588503646497,37.9159824752304,37.27829606243018,37.720924377441406,27618800.0
2021-12-14,37.788441863821014,38.37361326151424,37.64590161740752,37.998504638671875,31555900.0
2021-12-15,38.133547597066894,38.291092546793536,37.87096981900388,37.923484802246094,24115700.0
2021-12-16,38.00600154331021,39.70149108051473,37.92347719709271,39.57395553588867,40091300.0
2021-12-17,39.79902806806486,39.92656650003322,39.281379149945124,39.88905334472656,54501100.0
2021-12-20,39.558958025792904,40.01659103831126,39.52894864684208,39.829036712646484,23418000.0
2021-12-21,39.956570005807684,40.00908784690789,39.49893988119266,39.596466064453125,23905300.0
2021-12-22,39.446426116117294,39.686495417743075,39.056312785512446,39.588966369628906,16486500.0
2021-12-23,39.648981790933846,39.82903519593031,39.51394245264944,39.521446228027344,14921400.0
2021-12-27,39.52894714155346,39.6264761885037,39.34889659840878,39.521446228027344,19705800.0
2021-12-28,39.48393678083029,39.829036047445385,39.46893209160548,39.551456451416016,12126500.0
2021-12-29,39.588964844735784,39.67148920058818,39.26637119650463,39.281375885009766,15109500.0
2021-12-30,39.296381585932735,39.438921837626324,39.071316976260626,39.1988525390625,15615500.0
2021-12-31,39.16134231507034,39.24386667319071,38.921273016093885,38.98128890991211,15911400.0
2022-01-03,39.06381292915353,39.43142064981386,38.9962932605364,39.341392517089844,18240100.0
2022-01-04,39.491438742379934,40.29417103516992,39.42391907000265,40.11412048339844,26376800.0
2022-01-05,40.391694073785885,40.991867260097784,40.14412102464077,40.5267333984375,28697300.0
2022-01-06,40.871841528856194,40.92435651523584,40.25666352110708,40.33168411254883,21563800.0
2022-01-07,40.437975331196,41.273158711243376,40.437975331196,41.18204879760742,26512500.0
2022-01-10,41.37186774694967,41.63001494668388,40.85557334748123,40.901126861572266,24929400.0
2022-01-11,40.93908294717186,41.06056669007599,40.362049650036504,40.68852996826172,18598500.0
2022-01-12,40.53667702666888,40.74167649245911,40.30890080790144,40.58223342895508,12778300.0
2022-01-13,40.6353874206543,41.02260676299604,40.3772402269824,40.6353874206543,18178200.0
2022-01-14,40.68853357521674,40.77205220770115,40.3013142475451,40.453163146972656,18695800.0
2022-01-18,40.31649504740346,40.67334631729541,39.921684450656066,40.56705093383789,21570300.0
2022-01-19,40.59742054224197,40.756863612209976,40.14186518990666,40.62019729614258,18374200.0
2022-01-20,40.61260271425551,40.95426558036352,40.30130788543974,40.54426956176758,24297100.0
2022-01-21,40.7948286494496,40.923903688568366,40.29371975473102,40.36205291748047,25294800.0
2022-01-24,40.324090833852225,40.77964332288601,39.633167917562794,40.210201263427734,32500600.0
2022-01-25,40.33927469238332,40.88593707813102,39.67871984442639,40.16464614868164,32075900.0
2022-01-26,39.95205609665335,40.13427883926132,38.577804377466684,38.737247467041016,41504700.0
2022-01-27,38.653723179309,39.53446003109249,38.57779873718338,38.86631393432617,35339600.0
2022-01-28,39.05613011598319,40.187422903324304,38.86631610374241,40.16464614868164,29490800.0
2022-01-31,39.87613194207539,40.48353626143065,39.64076150117987,40.41520309448242,25182400.0
2022-02-01,40.544269679945266,40.69611855584404,39.64075322815666,40.392417907714844,33045600.0
2022-02-02,40.66575304892309,41.21241540810481,40.46834486384016,40.84797286987305,24160200.0
2022-02-03,40.99982468987767,41.43260038545316,40.77204846531138,40.84038162231445,21219800.0
2022-02-04,40.635391437741106,40.87076189817036,40.41520644859753,40.475948333740234,16199800.0
2022-02-07,40.41519860977544,40.513902705821714,39.86853333485075,40.240570068359375,15438900.0
2022-02-08,40.24815850394272,40.36963934573013,39.92168109490858,40.10390090942383,13911700.0
2022-02-09,40.35445884619589,40.74167814416561,40.14945937209478,40.62019729614258,16449300.0
2022-02-10,40.4987189299485,40.650570723366,40.16464730149565,40.27094268798828,18644400.0
2022-02-11,40.20260802716951,40.589827334434645,40.012794016556185,40.4835319519043,18833100.0
2022-02-14,40.43038643019029,40.582238226095924,39.860944367793245,40.44557189941406,16081700.0
2022-02-15,40.468340543598686,40.688525458711325,40.35445389174601,40.51389694213867,12824100.0
2022-02-16,40.38482360840797,40.84797020901155,40.308899170679894,40.54426956176758,17277700.0
2022-02-17,40.31649706483497,40.688533821884945,40.073535348679435,40.68094253540039,17462500.0
2022-02-18,40.665750966924044,40.96945161840244,40.45315732492431,40.870750427246094,20298500.0
2022-02-22,40.99983269120444,41.02260944920652,40.68853778106896,40.92390823364258,19858400.0
2022-02-23,40.92389750504402,40.946674257074946,40.42278868604204,40.55186080932617,17841900.0
2022-02-24,40.21778977843688,40.36204737049046,39.26112563141979,39.92927169799805,30079700.0
2022-02-25,40.30131069840389,41.40982378606345,40.30131069840389,41.09093475341797,31444200.0
2022-02-28,40.84798313957373,41.07575942119294,40.544282396192294,40.7492790222168,30593900.0
2022-03-01,40.620201458137956,41.14408712585305,40.43797871926669,40.70372009277344,24693100.0
2022-03-02,40.74926980176411,41.31112053920367,40.64297442081574,41.10612106323242,20712900.0
2022-03-03,41.288351428970095,41.872979028752454,41.13649961536011,41.50094223022461,27577700.0
2022-03-04,41.32629989025962,42.05518487715754,41.19722487797666,41.842594146728516,26913800.0
2022-03-07,41.56926478268434,41.9413014861756,41.37945078824286,41.516117095947266,24962800.0
2022-03-08,41.72871276975157,42.01723088634046,40.38482918287545,40.43038558959961,36526700.0
2022-03-09,40.78723874976398,40.85557191483664,40.24816471582096,40.30131530761719,23049800.0
2022-03-10,40.24057453368855,40.498721731456065,40.07353725974126,40.41520309448242,17501800.0
2022-03-11,40.51390439892346,40.68094166131591,40.24816303635982,40.27094268798828,20838500.0
2022-03-14,40.56705508487343,40.749274933351465,39.81539024498779,39.86094665527344,23124100.0
2022-03-15,40.00520191534496,40.240572343429484,39.6407593435681,40.058349609375,20477600.0
2022-03-16,40.141859123871384,40.24056320307815,39.4433450773778,39.85334396362305,28500700.0
2022-03-17,39.84575621414195,39.89131261874412,39.48131366632036,39.75464630126953,22931500.0
2022-03-18,39.572431242546806,39.70150629908287,38.570213317871094,38.570213317871094,70390600.0
2022-03-21,39.002973064396976,39.33704749942261,38.699272455492455,38.7979736328125,39892800.0
2022-03-22,38.86631877376018,39.071318268623,38.68409893143689,38.72206115722656,28676600.0
2022-03-23,38.76001875990863,39.07131360838566,38.69168560310481,38.69927978515625,25988800.0
2022-03-24,38.75243209639117,38.86631877376018,38.668913461854586,38.72206115722656,21087300.0
2022-03-25,38.767619853243914,39.07132057381164,38.69928668425802,38.934654235839844,18765800.0
2022-03-28,38.99539577401169,39.018172531362104,38.684100872782714,38.85113525390625,21688600.0
2022-03-29,38.965024375882024,38.980209846048126,38.6916917055567,38.9118766784668,28193400.0
2022-03-30,38.88909795451118,39.200392836341436,38.78280256505678,39.18520736694336,23821200.0
2022-03-31,39.22315977455844,39.29149292157966,38.668903313755834,38.67649459838867,31027600.0
2022-04-01,38.737249051993665,39.62557735568176,38.585397242995974,39.57242965698242,30550300.0
2022-04-04,39.4965023966326,39.860944974554386,39.2079842696533,39.83057403564453,25793000.0
2022-04-05,39.63316888851277,40.164648736294005,39.58002119336787,40.07353591918945,23150600.0
2022-04-06,40.09630854484793,40.56704643206375,39.91408583890509,40.392417907714844,28661700.0
2022-04-07,40.30788714908268,40.71519183305411,39.992801785112476,40.47695541381836,22790600.0
2022-04-08,40.52306286229694,41.253139497419795,40.34630796016809,41.13786315917969,24852200.0
2022-04-11,41.399161291891346,42.03701873309616,41.276201209822894,41.422218322753906,33614900.0
2022-04-12,41.39916134594004,41.53749180489759,41.053335198546144,41.245460510253906,21136400.0
2022-04-13,41.183976264907265,41.78340621679668,41.183976264907265,41.606651306152344,19798000.0
2022-04-14,41.49905578627831,41.645069927187805,41.32998462088927,41.368412017822266,16915100.0
2022-04-18,41.31462186601632,41.71424282869139,40.899633459653145,41.030277252197266,14394300.0
2022-04-19,41.17629437875652,41.4298982421678,41.08407212697121,41.30693817138672,12890000.0
2022-04-20,41.314624792291326,41.87563326942039,41.26851659476258,41.814151763916016,19563400.0
2022-04-21,41.96785833583089,42.65950777775167,41.86026861808321,42.2752571105957,32821100.0
2022-04-22,41.06869664401138,41.14554851094117,39.54706485798914,39.89289093017578,44958400.0
2022-04-25,39.45485204964945,39.531700997641515,38.071550464596264,38.64023971557617,46028400.0
2022-04-26,38.62486634257137,38.924584252322546,37.94090079107606,37.971641540527344,29507700.0
2022-04-27,38.04849134023645,38.04849134023645,37.21082495420147,37.2415657043457,30582000.0
2022-04-28,37.418316730176905,37.787196898760165,37.11860177642795,37.19545364379883,33011700.0
2022-04-29,37.01101666600363,37.041757416749654,35.48169802978134,35.58160400390625,41014200.0
2022-05-02,35.74298469721062,36.16566264543358,35.00522434838352,35.52780532836914,33309400.0
2022-05-03,35.65076839667291,36.43463993283739,35.39716453792518,36.25019836425781,33263100.0
2022-05-04,36.30400092712511,37.21082971972152,36.11955933423791,37.17240524291992,29564600.0
2022-05-05,36.91111274855783,37.14166546040001,36.43464281184301,36.765098571777344,20664300.0
2022-05-06,36.58064948494327,37.22619049616457,36.51917092423591,37.09554672241211,19322000.0
2022-05-09,36.9879609220322,37.54896640597403,36.69592966614494,37.364524841308594,24391300.0
2022-05-10,37.579710922769614,37.99469935457137,36.71130372119278,36.98796463012695,23007300.0
2022-05-11,37.026379493346894,37.28766995822393,36.596017865432145,36.79582977294922,20133200.0
2022-05-12,36.74203687415955,37.02638144659674,36.43463527634715,36.93416213989258,21623900.0
2022-05-13,37.08018110785839,37.233881926749675,36.58834083268568,37.02638626098633,21080500.0
2022-05-16,36.87268926331724,37.81026171727807,36.70361805185556,37.68730163574219,22754700.0
2022-05-17,37.61812595252174,37.817934930140495,37.2953539959391,37.61043930053711,22043100.0
2022-05-18,37.61813642902549,38.01007077302933,37.37221626580748,37.572025299072266,22365100.0
2022-05-19,37.24156202488049,37.79488374641136,36.98795819024483,37.733402252197266,23186400.0
2022-05-20,37.68729791695242,38.1176566940626,37.595075666200835,38.06386184692383,24181800.0
2022-05-23,38.2636738194213,38.632554027894535,38.040807777343936,38.171451568603516,16761800.0
2022-05-24,38.18681827821451,39.05522533466209,37.5489638950815,38.947635650634766,25414700.0
2022-05-25,38.80930623806464,39.40105244734782,38.72477064651004,39.37799835205078,19831500.0
2022-05-26,39.431798911140476,39.6623486923265,39.124397248492755,39.18587875366211,15500400.0
2022-05-27,39.0014268377452,39.52400776684781,38.832355674918254,39.500953674316406,13347300.0
2022-05-31,39.393370582606074,39.623923289995524,39.078285204986535,39.41642761230469,25016600.0
2022-06-01,39.531691487158696,39.677708557454245,39.23197655785547,39.500953674316406,15358100.0
2022-06-02,39.6162366362295,39.64697738809469,38.72477535333524,39.41642761230469,13527800.0
2022-06-03,39.147449430328045,39.38568585379507,38.95532413348026,39.04754638671875,10819800.0
2022-06-06,39.13976195145134,39.462531012006295,38.97837742117387,39.37799835205078,12898100.0
2022-06-07,39.30883792782662,39.731513005541004,39.139766724101094,39.69308853149414,15383000.0
2022-06-08,39.75456809568101,39.931323025986856,39.5317020364086,39.61623764038086,13249700.0
2022-06-09,39.670022804964525,39.78529913343264,39.13207149144467,39.14744186401367,12078400.0
2022-06-10,38.924585395406034,39.5009612723473,38.78625495041219,39.05522918701172,19868500.0
2022-06-13,38.90152529652047,39.03217200941411,37.96395593751497,38.10997009277344,23762500.0
2022-06-14,38.10997387143281,38.30209916763249,37.57970910929746,37.779518127441406,20278700.0
2022-06-15,37.83330625718841,38.29440864514199,37.34914977589674,37.771827697753906,22005600.0
2022-06-16,37.287683486354645,37.63350965821775,36.89574618104319,37.53360366821289,22029300.0
2022-06-17,37.356845905734914,38.03312782068438,37.295364399103335,37.67961502075195,36469500.0
2022-06-21,37.89479923040671,39.12440010765628,37.82563399783644,38.924591064453125,34258500.0
2022-06-22,38.62486178882977,39.324197632601376,38.5864373223454,39.032169342041016,23650600.0
2022-06-23,39.2166110578186,40.10038851490503,39.2166110578186,40.03122329711914,21736400.0
2022-06-24,39.98511103104017,40.07733327318294,38.863100136027704,39.16281509399414,28490700.0
2022-06-27,39.41642186248822,39.570122667793804,38.924581630789554,39.16281509399414,16974900.0
2022-06-28,39.2473544497707,39.42410936677433,38.75551417087375,38.778568267822266,16615700.0
2022-06-29,38.79393208972304,39.193552981720686,38.67097204076983,39.14744186401367,13901400.0
2022-06-30,38.93994901680131,39.362626963682715,38.77856449068242,39.00143051147461,18880500.0
2022-07-01,39.16281709601251,39.785304070102356,38.870788775762215,39.68539810180664,14189300.0
2022-07-05,39.516326904296875,39.5470676532416,38.79393689369092,39.516326904296875,19675600.0
2022-07-06,39.516329770773964,39.87752626807738,39.29346665375638,39.58549499511719,14938900.0
2022-07-07,39.655533360988485,39.73335212416857,39.18863265583716,39.46099090576172,13617100.0
2022-07-08,39.31313143227896,39.62439751402497,39.227532295042266,39.28978729248047,13959200.0
2022-07-11,39.19641399396224,39.484338971954486,39.110814836639264,39.297576904296875,12259000.0
2022-07-12,39.4142972277399,39.966797012612176,39.126372296061206,39.51545715332031,20528700.0
2022-07-13,39.25088723321537,39.75669883686956,39.064128126484505,39.30535888671875,13362500.0
2022-07-14,38.84622785693745,39.34425893099806,38.698376690744226,39.28978729248047,10271700.0
2022-07-15,39.68665335236146,39.7177808517401,39.18084187714455,39.70221710205078,13021300.0
2022-07-18,39.733347702342414,39.81894387959128,39.0407741452848,39.126373291015625,16173100.0
2022-07-19,39.28200350233519,39.34425849908998,39.095244449034105,39.25865936279297,14638500.0
2022-07-20,39.27423046424355,39.33648250417048,38.13810030863456,38.184791564941406,29611400.0
2022-07-21,37.06422223553255,37.25876465314938,36.32496045489227,37.08756637573242,32321000.0
2022-07-22,35.75689210379371,35.93587074751768,34.06048221469361,34.589637756347656,58265000.0
2022-07-25,34.53517682244452,34.862006716102414,34.278379361585685,34.83087921142578,27180700.0
2022-07-26,34.62854965577706,35.14992189988049,34.449570991302075,34.955379486083984,20571800.0
2022-07-27,34.869785535284294,35.08767210268,34.58964396664304,34.947601318359375,21560500.0
2022-07-28,34.89312934720145,35.57791951203039,34.823093955702106,35.44562911987305,22051900.0
2022-07-29,35.570143376422635,36.184898274598915,35.46898343253217,35.94366455078125,23129800.0
2022-08-01,36.02148172623488,36.18489667620781,35.73355675515996,35.99813461303711,18612100.0
2022-08-02,35.99034555149845,36.13041632301525,35.258867164618664,35.28221130371094,18710300.0
2022-08-03,35.37558923177714,35.49231585893284,35.157702694133356,35.27442932128906,17314100.0
2022-08-04,35.18883622144803,35.18883622144803,34.51960977715171,34.57408142089844,29704300.0
2022-08-05,34.61299230725803,35.002077206802504,34.51961276254238,34.97873306274414,17297500.0
2022-08-08,34.97872502370569,35.025413301092215,34.511821470469826,34.65967559814453,20597000.0
2022-08-09,34.71415170909021,34.90091077967448,34.542953420653035,34.76862335205078,14554000.0
2022-08-10,35.025418687016106,35.06432954879697,34.74528007417498,34.893131256103516,16402700.0
2022-08-11,34.98651014965528,35.21996047363299,34.81531482859532,34.846439361572266,15407300.0
2022-08-12,34.97872294390118,35.21995361200557,34.86977967850161,35.13435745239258,15090900.0
2022-08-15,35.040990471119684,35.515674596239705,34.970955059733406,35.45342254638672,15713600.0
2022-08-16,35.40672073875195,35.834713472666884,35.31334120753893,35.64017105102539,14112800.0
2022-08-17,35.35224668946933,35.577916595633226,35.21995630815611,35.28221130371094,11294400.0
2022-08-18,34.56630016515557,34.65189931581966,34.16943488391909,34.38732147216797,25957400.0
2022-08-19,34.31728535186077,34.6207740528757,34.208342060026624,34.56629943847656,19485400.0
2022-08-22,34.550735333123306,34.60520697380245,34.30950166120013,34.37175369262695,15031400.0
2022-08-23,34.23947452480826,34.34063743980665,33.78813457210964,33.82704544067383,19014200.0
2022-08-24,33.8892936706543,33.95154867856013,33.632499184248125,33.8892936706543,17384400.0
2022-08-25,33.96710831610579,34.09939573915849,33.7881266742976,34.03714370727539,14327600.0
2022-08-26,33.920415817545944,34.00601495565669,33.64805762217693,33.65583801269531,16795700.0
2022-08-29,33.476860201094425,33.90485293409919,33.476860201094425,33.71809387207031,15039500.0
2022-08-30,33.75700422807641,33.75700422807641,33.07221402416579,33.095558166503906,20705100.0
2022-08-31,33.04887411155378,33.14225366133932,32.496371268156956,32.535282135009766,28368200.0
2022-09-01,32.40299171837142,32.72204123458084,32.40299171837142,32.535282135009766,21641700.0
2022-09-02,32.68312805551022,32.846542983352116,32.02168498463669,32.13840866088867,21155700.0
2022-09-06,32.17731908606248,32.441896928936586,31.974996250209166,31.982776641845703,23898600.0
2022-09-07,32.01391050981035,32.41077883726109,31.90496719434786,31.967222213745117,25548300.0
2022-09-08,31.90495476740225,32.465237849817065,31.67928486270944,32.153968811035156,28753200.0
2022-09-09,32.434115984094895,32.93214415783821,32.27070104617576,32.86989212036133,20259500.0
2022-09-12,33.14224490491058,33.34456770407111,33.00217413299883,33.274532318115234,18553200.0
2022-09-13,32.99439019258524,33.15780508607169,32.34850803954655,32.48857879638672,21284500.0
2022-09-14,32.48858926798471,32.628660069971964,31.889398163590837,32.12284851074219,23152200.0
2022-09-15,31.92830467224121,32.11506672293383,31.679290583639112,31.92830467224121,22763400.0
2022-09-16,31.889400162026075,32.325176347571315,31.6403860469952,32.09950637817383,45069300.0
2022-09-19,31.95164599583233,32.099497156505905,31.663721096152102,32.09171676635742,18960900.0
2022-09-20,31.897183741984218,31.897183741984218,31.49253506015903,31.585914611816406,15561200.0
2022-09-21,31.663720050208603,31.82713792274409,30.714355153931766,30.722135543823242,25612100.0
2022-09-22,30.714367306539433,31.438065560528337,30.55094936934515,31.072324752807617,19806400.0
2022-09-23,30.784392879757167,31.025623575010847,30.434215938361216,30.753265380859375,19439700.0
2022-09-26,30.527597814177728,30.64432445978001,30.060697168732425,30.294147491455078,21345700.0
2022-09-27,30.504249395534103,30.893334201679995,30.177416614761178,30.263015747070312,20357700.0
2022-09-28,30.395314645683406,30.745488694596045,30.35640377937549,30.652109146118164,20567400.0
2022-09-29,30.43422028099597,30.504255679268454,29.92062834982511,30.068479537963867,17806900.0
2022-09-30,29.990664236657285,30.18520668297424,29.53154394460999,29.547107696533203,23523600.0
2022-10-03,29.959537322809208,30.63654421814962,29.873938169786886,30.473129272460938,21495300.0
2022-10-04,30.737703470876117,31.01006168132658,30.543161043845256,30.97893714904785,25922500.0
2022-10-05,30.613192254382916,30.83107879297877,30.247451591612915,30.659883499145508,17797900.0
2022-10-06,31.231986075296668,31.382328975731845,29.886802429133787,29.94219207763672,36663300.0
2022-10-07,29.776018981713708,29.831408622496,29.12716631668485,29.158815383911133,31838700.0
2022-10-10,29.38038233471263,29.530725241666488,28.779004669878024,28.976825714111328,21622200.0
2022-10-11,28.929349566277228,29.032214332292575,28.430839707359436,28.438751220703125,27708900.0
2022-10-12,28.407102355041776,28.64448699769897,28.169714693875086,28.23301887512207,23336800.0
2022-10-13,27.78989999994039,28.953088729027797,27.7265988341551,28.802745819091797,33118100.0
2022-10-14,29.11925653907734,29.20629827980261,28.75526654923489,28.78691864013672,26019000.0
2022-10-17,29.05595666454518,29.514899928939787,28.953088873806355,29.419946670532227,21962900.0
2022-10-18,29.807674124436485,29.831414702831374,29.142998299572625,29.332904815673828,27488600.0
2022-10-19,28.937257766723633,29.570284409578093,28.929346254285697,28.937257766723633,29563600.0
2022-10-20,28.937259193399694,29.696891202276724,28.921433149234428,29.277511596679688,35523700.0
2022-10-21,28.10641126826301,28.248842646091937,27.338864734241493,27.971891403198242,51671100.0
2022-10-24,28.21718903287835,28.794826025736945,28.145973347813094,28.462488174438477,28844800.0
2022-10-25,28.41501463909076,28.866046377924775,28.327972896770234,28.82648277282715,25496500.0
2022-10-26,28.786919167729522,29.04804137618152,28.644487774570404,28.82648277282715,20328200.0
2022-10-27,29.032217650585224,29.055958230348722,28.589100408464237,28.628664016723633,20268000.0
2022-10-28,29.11925240825853,30.10044595745772,28.93725743915487,29.807668685913086,31824300.0
2022-10-31,29.681063173009036,29.70480374692378,29.293335681674176,29.570283889770508,26630600.0
2022-11-01,30.05296763974618,30.140009367579047,29.51489424815124,29.570283889770508,22968900.0
2022-11-02,29.475334961989592,30.345746330644534,29.404119266844404,29.839324951171875,30648900.0
2022-11-03,29.562378677064434,29.70481007686798,29.372469137823135,29.396209716796875,22329800.0
2022-11-04,29.55446120456446,29.570287249469377,29.119255534462262,29.467422485351562,17599400.0
2022-11-07,29.530731886036133,29.633599697365234,29.261695084605588,29.42786407470703,19697600.0
2022-11-08,29.43576824179172,30.060883386505193,29.4041161542978,29.965927124023438,17392700.0
2022-11-09,30.00549300515187,30.17166496787272,29.744370809749558,29.768108367919922,17574600.0
2022-11-10,30.306184984288766,30.504006039040664,29.926368921386292,30.480268478393555,23049000.0
2022-11-11,30.504007741819954,30.614787055703324,29.918459077433596,30.30618667602539,22981000.0
2022-11-14,30.424873832981874,30.852167965585636,30.30618001219997,30.31409454345703,23028500.0
2022-11-15,30.456526529075937,30.725563245511733,29.64150184835347,29.831411361694336,25074100.0
2022-11-16,29.799759152533635,30.124185513525667,29.776021595403023,29.97384262084961,18962200.0
2022-11-17,29.712722098995073,30.211232006832912,29.50698952826584,30.195405960083008,18780400.0
2022-11-18,30.298272867424505,30.678088922770108,30.298272867424505,30.504005432128906,17821700.0
2022-11-21,30.54357450935058,30.962957264784166,30.480273331376406,30.55940055847168,19184200.0
2022-11-22,30.733478271137745,31.113294322721703,30.733478271137745,31.018341064453125,19809500.0
2022-11-23,30.883821377579235,31.018341261280497,30.551483462275534,30.79677963256836,14170000.0
2022-11-25,30.93920906032988,31.14494462971337,30.83634429414762,30.87590789794922,7725700.0
2022-11-28,30.867995127898403,30.931299312401684,30.17166720942024,30.258708953857422,21560900.0
2022-11-29,30.084622726595157,30.36157096231426,30.029233079451338,30.337833404541016,14008800.0
2022-11-30,30.234968166397746,30.970862704358005,30.18749304685814,30.844257354736328,31358800.0
2022-12-01,31.00251201598667,31.042075618224697,29.918453618416024,30.32992172241211,26276600.0
2022-12-02,30.013408285296425,30.306182577899467,29.83141329159672,30.21122932434082,21677100.0
2022-12-05,30.052973311119327,30.155841101471438,29.198387951644616,29.332904815673828,27561000.0
2022-12-06,29.269598049799935,29.33289920355268,28.984735311639884,29.190467834472656,26293700.0
2022-12-07,29.071785527928203,29.522817322208887,29.01639285177044,29.41203498840332,23065900.0
2022-12-08,29.364558209410127,29.467426004321737,29.174648666381756,29.356643676757812,19549100.0
2022-12-09,29.443682552272385,29.77602346552054,29.24586151440142,29.59402847290039,20671200.0
2022-12-12,29.82350025853244,30.037147353658955,29.499073858935063,30.02923583984375,19629600.0
2022-12-13,30.377398902132654,30.559393899603396,29.94219321091918,29.958019256591797,30176800.0
2022-12-14,29.965930506260133,30.14001398861618,29.467423655256162,29.63359260559082,23329800.0
2022-12-15,29.870982347152797,30.33784020523943,29.799766639359582,29.886808395385742,33007200.0
2022-12-16,29.681073161221008,29.728551306518657,29.016394219604386,29.372472763061523,62763800.0
2022-12-19,29.538638112298614,29.649417407876566,28.94517501298009,29.301250457763672,26127200.0
2022-12-20,29.269601821899418,29.443682281035777,28.97682451522063,29.269601821899414,24147300.0
2022-12-21,29.491162646899774,29.950105915619613,29.46742508670159,29.894716262817383,24504300.0
2022-12-22,29.815584722085976,30.322006056204838,29.570285567774356,30.31409454345703,26865300.0
2022-12-23,30.31409940931896,30.496094416823993,30.00549602945244,30.393226623535156,16918300.0
2022-12-27,30.45653239698268,31.17660095051204,30.322012503592855,31.057907104492188,25315900.0
2022-12-28,31.01042164389906,31.38232612304895,30.535652408885348,30.709735870361328,21793200.0
2022-12-29,30.780957098094444,31.279463979038265,30.709741398172508,31.06581687927246,17347000.0
2022-12-30,31.105378092985834,31.406063868333913,30.91546858673145,31.176593780517578,44007200.0
2023-01-03,31.469370575843232,31.833360555405648,31.160770244539904,31.746318817138672,31330700.0
2023-01-04,32.078662972379476,32.77499091198252,31.857101338406014,32.5455207824707,28779500.0
2023-01-05,32.60090564747254,33.19436872472564,32.300216843148355,32.99654769897461,29987200.0
2023-01-06,33.170634050405276,33.69288454907004,33.138984974721524,33.384281158447266,26010400.0
2023-01-09,33.2581038077188,33.49118146442228,33.20184336651822,33.250064849853516,23062200.0
2023-01-10,33.24201983393334,33.74032777606554,33.08931033604853,33.716217041015625,16695300.0
2023-01-11,33.868925297002974,33.90107498944317,32.96875537042138,33.09735107421875,20674800.0
2023-01-12,33.25808964319612,33.71621193555308,33.049119751195846,33.60369110107422,16980300.0
2023-01-13,33.47510146926472,33.69210422297154,33.25005669370121,33.643882751464844,17229800.0
2023-01-17,33.635842861095185,33.69210328693219,32.78389751787011,32.83211898803711,28697000.0
2023-01-18,32.8401612403841,32.8401612403841,32.0042875926629,32.124847412109375,22976500.0
2023-01-19,31.915884049649964,32.37400655248979,31.722991977909093,32.19718933105469,24812600.0
2023-01-20,32.18110217244612,32.245398483113604,31.714940889763966,32.14895248413086,23377900.0
2023-01-23,32.14092461595267,32.42222679400388,31.682799108040438,31.85158348083496,34249300.0
2023-01-24,31.09607321678982,32.735670530907186,30.871031530290075,32.486515045166016,32143900.0
2023-01-25,32.58296584416932,33.02501335158808,32.07661895663566,32.4141845703125,26527000.0
2023-01-26,32.45437310490395,32.60707954763611,32.09269672373465,32.365962982177734,19568100.0
2023-01-27,32.32577892780247,32.695491216722054,31.964102529527388,32.6633415222168,17254000.0
2023-01-30,32.82407763728839,33.16164013614911,32.71155680433481,32.99285888671875,22272600.0
2023-01-31,33.016977955618145,33.41883988945403,32.96071446419494,33.41080093383789,18665200.0
2023-02-01,33.74836754496718,33.75640343485638,33.0571645078898,33.50724792480469,19542000.0
2023-02-02,33.54743858754438,33.70014503231977,33.1134269243341,33.619773864746094,18443800.0
2023-02-03,33.57958517706313,33.732294687629526,33.06520234686024,33.362579345703125,18314400.0
2023-02-06,33.36257523139574,33.426874610223386,32.872306264669,33.17771911621094,15530700.0
2023-02-07,32.944643894950055,33.121461067477355,32.24540189689885,32.59100341796875,21668500.0
2023-02-08,32.57492660601577,32.71156125459274,32.24539995069425,32.566890716552734,14080200.0
2023-02-09,32.647270399842576,32.67942009801594,31.948031327373744,31.99625587463379,17485700.0
2023-02-10,32.1489503480089,32.205210765840896,31.923908676680945,32.156986236572266,15398500.0
2023-02-13,32.156991493498964,32.52670681307274,32.05250959528079,32.40614700317383,14486000.0
2023-02-14,32.51866646405442,32.615115534226774,32.07661895663566,32.4141845703125,12292400.0
2023-02-15,32.333808792364536,32.470443435565336,32.22932383767723,32.454368591308594,11265200.0
2023-02-16,32.19717927146073,32.31773601214133,31.90783818828612,32.02035903930664,16625900.0
2023-02-17,32.02035543768204,32.462402902382884,31.875684912367163,32.32577133178711,15029200.0
2023-02-21,32.068579152036484,32.132875458338624,31.473822222436855,31.505971908569336,17805500.0
2023-02-22,31.650648583985575,31.819429870052737,31.369343374576886,31.570274353027344,15086800.0
2023-02-23,31.441680784489556,31.602426191357942,30.95944762984802,30.967483520507812,16738200.0
2023-02-24,30.726369547516022,31.152342305753088,30.61384867296011,31.13627052307129,16431500.0
2023-02-27,31.337195135443373,31.46579083239518,31.047854050811,31.2487850189209,14210900.0
2023-02-28,31.104115743523902,31.32112156583717,30.983555931362073,31.19252586364746,16685300.0
2023-03-01,31.11214995168585,31.11214995168585,30.662066551334252,30.782623291015625,18411700.0
2023-03-02,30.62188100345164,30.91122211350033,30.493285295203727,30.871036529541016,18818900.0
2023-03-03,30.895141643806607,30.95140206430295,30.589728808530168,30.750471115112305,23407500.0
2023-03-06,30.83888650137385,31.047856441236505,30.581695087668653,30.66206932067871,22925600.0
2023-03-07,30.621872203549035,30.662060841922738,30.083378788123024,30.469165802001953,23713500.0
2023-03-08,30.380765068638954,30.388804025176935,30.01908867351967,30.163759231567383,20295600.0
2023-03-09,30.220017658192965,30.260206306288914,29.351997433468807,29.376108169555664,26506900.0
2023-03-10,29.448443036014897,29.673484745611848,29.263586907994068,29.480592727661133,23940700.0
2023-03-13,29.36806869506836,30.003011239541994,29.247508897421916,29.36806869506836,21834500.0
2023-03-14,29.464516212964213,29.689557909814773,29.335920519626296,29.64133644104004,22433200.0
2023-03-15,29.488628784374278,29.946751162052482,29.351997193050032,29.786008834838867,21722200.0
2023-03-16,29.593116724097293,29.641341266686215,29.28770075296146,29.400224685668945,29164400.0
2023-03-17,29.37610896701642,29.601153751802048,29.06265712552457,29.56900405883789,47352500.0
2023-03-20,29.70563425787552,30.308427175767296,29.681523522268115,30.083385467529297,19247800.0
2023-03-21,30.316463760267652,30.3566493384578,30.027122691757633,30.332538604736328,16648100.0
2023-03-22,30.37272363156966,30.50131931902159,29.970861725037,29.986936569213867,15321800.0
2023-03-23,29.978895831707508,30.24412614591169,29.86637499512253,30.03515625,15799000.0
2023-03-24,30.163756917092794,30.3003915740821,29.938715206714356,30.26824188232422,14957700.0
2023-03-27,30.533472177717496,30.71832830600088,30.30039151189626,30.581693649291992,14472800.0
2023-03-28,30.557584474963257,30.79066515269465,30.477210241626477,30.5415096282959,13092600.0
2023-03-29,30.790664091794866,30.951406421002993,30.670104278925372,30.927295684814453,12308900.0
2023-03-30,30.983557952721867,31.144303357436836,30.895147826830453,31.07196807861328,13918700.0
2023-03-31,31.176455225776163,31.385422120304185,30.98356011347324,31.256826400756836,22801500.0
2023-04-03,31.385418105746034,31.81139386335499,31.361307369528635,31.522052764892578,19354900.0
2023-04-04,31.578309917273145,31.867650985717773,31.514010539412965,31.867650985717773,18577100.0
2023-04-05,31.93194600738978,32.341846859778464,31.80335032282848,32.237361907958984,23561300.0
2023-04-06,32.27249398397692,32.50126003259412,31.994705303497327,32.25615310668945,21546600.0
2023-04-10,32.0355612621029,32.14994430541992,31.85581781547795,32.14994430541992,16114300.0
2023-04-11,32.13359772564632,32.43589613100047,32.08457509908754,32.23163986206055,12539700.0
2023-04-12,32.16627848771896,32.37870676682206,31.945681328667373,32.02738571166992,13095200.0
2023-04-13,32.01922071272394,32.12543487548828,31.798623505461485,32.12543487548828,13515800.0
2023-04-14,32.16628743769789,32.207138082213724,31.77411564027798,32.04373550415039,11008400.0
2023-04-17,32.04373803186975,32.28067303543359,31.978374502124804,32.23982238769531,11572900.0
2023-04-18,32.24798595936528,32.26432683753089,31.782281840108947,31.814960479736328,16588500.0
2023-04-19,31.79862398548868,31.85581862530535,31.471815727232645,31.53717613220215,17701200.0
2023-04-20,30.769169010850025,30.88355204056224,30.213591623644565,30.38516616821289,31521300.0
2023-04-21,30.581255876577025,30.581255876577025,30.27078540362334,30.491382598876953,23823800.0
2023-04-24,30.385170281287188,30.63028036865407,30.21359571349375,30.31163787841797,20362500.0
2023-04-25,29.992997302915896,30.524064981989287,29.878614262304175,30.47504234313965,24959400.0
2023-04-26,30.31163656143371,30.589425280569774,30.08287048098192,30.16457176208496,21499300.0
2023-04-27,30.393341100257626,31.708752302366737,30.336149579879326,31.692411422729492,28841000.0
2023-04-28,31.50449663692,31.86398664630066,31.422792237035186,31.725093841552734,19197500.0
2023-05-01,32.00287359092406,32.01104558776824,31.602533013260427,31.627042770385742,17043500.0
2023-05-02,31.430960686413457,31.463639325973368,30.63027635817495,30.7773380279541,17268700.0
2023-05-03,31.014281601261946,31.292070345496825,30.728323974860324,31.030622482299805,16703200.0
2023-05-04,30.932572787444048,31.014274056052543,30.46686869962768,30.515888214111328,16163100.0
2023-05-05,30.654790637259953,30.916238492514275,30.36066102092277,30.908069610595703,15817400.0
2023-05-08,30.785514564887116,30.97343001605714,30.58942711509423,30.908069610595703,10672400.0
2023-05-09,30.899896890909886,30.899896890909886,30.58125751954829,30.695640563964844,12226800.0
2023-05-10,30.891724210480593,30.908065088631293,30.466870728673886,30.744659423828125,14427500.0
2023-05-11,30.564918206819698,30.752833663241322,30.49138580068042,30.720151901245117,11068700.0
2023-05-12,30.752827641148485,30.834532030139446,30.564912221524914,30.711977005004883,10670700.0
2023-05-15,30.744665009699244,30.744665009699244,30.001172060631305,30.042022705078125,20408700.0
2023-05-16,29.919460423276725,30.050184323932246,29.445587452164332,29.45375633239746,20244700.0
2023-05-17,29.592652610472882,29.690694758049172,29.445587830756605,29.55997085571289,16741100.0
2023-05-18,29.421079704637595,29.551803628071568,29.184144736147648,29.51912498474121,20365900.0
2023-05-19,29.592652229989746,29.83775915413089,29.43741545522757,29.45375633239746,16829200.0
2023-05-22,29.61716611956806,29.682529637367132,29.339377402330157,29.38022804260254,16634300.0
2023-05-23,29.363889160603513,30.156404725954964,29.249506113378413,29.608999252319336,21539700.0
2023-05-24,29.60081975828167,29.61716063470524,29.290349339640887,29.306690216064453,16044200.0
2023-05-25,29.03707931543568,29.053420195105577,28.383459712160256,28.448820114135742,32465900.0
2023-05-26,28.4651604051683,28.644906961116067,28.32626448919847,28.595884323120117,18216700.0
2023-05-30,28.57137838609454,28.702102321540742,28.416141570017857,28.51418685913086,19353300.0
2023-05-31,28.481503002208207,29.396570483058266,28.481503002208207,29.110612869262695,53756700.0
2023-06-01,29.086101593793842,29.331211695363624,28.939036779533733,29.184146881103516,20565300.0
2023-06-02,28.105666546175982,28.51417912320352,27.550089192082243,28.252731323242188,61527900.0
2023-06-05,28.416135698338678,28.71843726891526,28.146519000750494,28.154687881469727,30125600.0
2023-06-06,28.187369103393355,28.38345652067966,28.0484763168727,28.35077476501465,18406700.0
2023-06-07,28.36711452310903,28.824646617543927,28.29358213411719,28.808305740356445,25494100.0
2023-06-08,28.791970915788973,28.95537347091865,28.579542607394057,28.94720458984375,17749700.0
2023-06-09,28.971715010701704,29.102438927810017,28.808309335140308,28.979887008666992,14953900.0
2023-06-12,29.13511752676387,29.233159674787114,28.890010598353918,29.094266891479492,14044500.0
2023-06-13,29.004397062253002,29.241335138376154,28.939033544686314,28.988056182861328,17706700.0
2023-06-14,29.110612863083325,29.39657047681819,29.10244086457419,29.19231414794922,16538700.0
2023-06-15,29.216818722432894,29.79690896211722,29.151458329486186,29.772396087646484,18890900.0
2023-06-16,29.837760885086016,29.976653674032146,29.5518001930791,29.788738250732422,36102100.0
2023-06-20,29.47826851778535,29.55179778827651,29.23315848266722,29.257671356201172,17687900.0
2023-06-21,29.167803174705615,29.388400374728832,29.004397495054626,29.274017333984375,17121200.0
2023-06-22,29.265844015029344,29.347545292815557,29.061587703859846,29.290353775024414,12431200.0
2023-06-23,29.372056790920176,29.478270940420202,28.988053946599646,29.012563705444336,18991500.0
2023-06-26,29.1351208290167,29.52729258226316,29.004396911267882,29.502782821655273,15840000.0
2023-06-27,29.715207468244735,29.96848641774472,29.592655550773635,29.862272262573242,17757800.0
2023-06-28,29.821424534574813,30.11555415194468,29.608999320198965,30.08287239074707,16756400.0
2023-06-29,30.058357947004406,30.246273369568826,29.952143798005803,30.221763610839844,16740800.0
2023-06-30,30.22993060409975,30.434186891965286,30.107375584698982,30.385164260864258,19098300.0
2023-07-03,30.36882690430184,30.54040457469358,30.19725235061407,30.45870018005371,10367100.0
2023-07-05,30.458698978644975,30.785510310905806,30.41784834128833,30.62210464477539,19868300.0
2023-07-06,30.556742570659807,30.56491145100109,30.278953888500947,30.336145401000977,21558200.0
2023-07-07,30.12241327663474,30.23052566924408,29.83133339711424,29.856285095214844,20482700.0
2023-07-10,29.872912992808256,29.906179806006875,29.107795324227563,29.224225997924805,30326400.0
2023-07-11,29.207597800770344,29.2907648486005,28.866620835912915,29.099485397338867,28340300.0
2023-07-12,29.190959972320336,29.307393821656973,28.866616466127578,28.991365432739258,27299600.0
2023-07-13,28.958104350398834,28.991371171079606,28.625442488588366,28.808406829833984,25641900.0
2023-07-14,28.633753341814796,28.69196867663423,28.234561114839625,28.28445816040039,31576000.0
2023-07-17,27.985070151205658,27.985070151205658,25.98910557411438,26.16375160217285,97510600.0
2023-07-18,26.62947805089032,27.56924501562068,26.587894529387253,26.837390899658203,79722200.0
2023-07-19,28.034964791222873,28.40920851378773,27.57755720697603,28.251195907592773,61881000.0
2023-07-20,28.192984380458828,28.27614825338118,27.86863766206551,27.97675323486328,32839900.0
2023-07-21,27.868640118161537,28.226250513741384,27.743894297784014,28.176353454589844,25179400.0
2023-07-24,28.17634998496954,28.77513682854445,28.03496759895302,28.25951385498047,30784200.0
2023-07-25,28.80840289126865,29.06621595754956,28.043285155206384,28.475744247436523,35719500.0
2023-07-26,28.15139601105722,28.783452793057677,28.084865554924452,28.55890655517578,27916000.0
2023-07-27,28.46742634442176,28.783454756984963,27.893588034568634,27.90190315246582,28097500.0
2023-07-28,28.001699065491604,28.54227370492116,27.993383947999526,28.30109405517578,30642100.0
2023-07-31,28.27615015131184,28.37594744001686,28.14308604220561,28.342683792114258,24500400.0
2023-08-01,28.517325620239777,28.525640737860236,27.710622793635444,27.802104949951172,27289500.0
2023-08-02,27.835369843306463,28.026649260349902,27.62745701967256,27.710620880126953,20481600.0
2023-08-03,27.486077919183202,27.65240883237383,27.219949727077513,27.494396209716797,20465700.0
2023-08-04,27.444495977552457,27.46944450415078,27.053618807521193,27.128467559814453,24584000.0
2023-08-07,27.153419838284947,27.303117346065562,26.762542659913517,27.053619384765625,24314000.0
2023-08-08,26.98708817401404,27.28648318128172,26.970454765554916,27.086885452270508,22178900.0
2023-08-09,27.036982929554856,27.303114269789326,26.895603728412738,27.20331382751465,20798500.0
2023-08-10,27.31974585423729,27.710623007881793,27.29479732868489,27.46112823486328,19031600.0
2023-08-11,27.411227054238072,27.793785904343192,27.402911936843637,27.74388885498047,15271400.0
2023-08-14,27.6025078089692,27.93516962573671,27.560925874997814,27.910221099853516,17934000.0
2023-08-15,27.73557339406916,27.86863749343882,27.619142703683004,27.660724639892578,15528600.0
2023-08-16,27.693993023265193,27.97675464697114,27.56092891637407,27.669044494628906,17395100.0
2023-08-17,27.743889068596943,27.84368634058884,27.31974511075975,27.494394302368164,19128000.0
2023-08-18,27.328062433311263,27.793785134452385,27.328062433311263,27.59419059753418,21722700.0
2023-08-21,27.569243217560473,27.627458557618823,27.25321481974507,27.444494247436523,27074400.0
2023-08-22,27.511027314403297,27.71062185551858,27.35301153248083,27.610824584960938,21722000.0
2023-08-23,27.61082492751343,27.75220413151593,27.45280914363055,27.602506637573242,15766400.0
2023-08-24,27.452809559915597,27.926853746254412,27.44449444234739,27.760522842407227,18561400.0
2023-08-25,27.718942578803524,27.876955202099897,27.46112950368999,27.735572814941406,14912100.0
2023-08-28,27.843685906321703,27.96011658391267,27.660721600108452,27.901901245117188,16050400.0
2023-08-29,28.267829827985917,28.899883436746567,28.23456301370956,28.84998321533203,28782800.0
2023-08-30,29.01631777922673,29.06621800694409,28.73355616715852,28.80840492248535,15021400.0
2023-08-31,28.983053773004166,29.2242334716257,28.90820501041468,29.091169357299805,24333200.0
2023-09-01,29.099480992302848,29.232545076189567,28.974732025691168,28.991365432739258,14748700.0
2023-09-05,28.983051968605405,29.166016304099717,28.525644302368164,28.525644302368164,17486000.0
2023-09-06,28.35930675407478,28.642068309943756,28.267827780188817,28.425840377807617,19187100.0
2023-09-07,28.42584365896029,28.708605247468014,28.06823332136234,28.118133544921875,26605800.0
2023-09-08,28.118132010047233,28.13476541699245,27.635772726129897,27.818737030029297,24872400.0
2023-09-11,28.02665322515016,28.350996768302753,27.926855943987444,28.226247787475586,18883900.0
2023-09-12,28.384258836687124,28.425840765838874,28.109812393789483,28.309410095214844,15784400.0
2023-09-13,28.525643042138377,28.525643042138377,27.86863765961503,28.159717559814453,21027900.0
2023-09-14,28.500691427547252,28.592173581343413,28.22624496615876,28.309412002563477,26570100.0
2023-09-15,28.242878762584056,28.417524782693246,27.99338399492834,28.101499557495117,38205200.0
2023-09-18,28.192982453314347,28.251197794880333,27.87695404731457,27.885269165039062,16233700.0
2023-09-19,27.92685432917127,28.051600130286886,27.652407856220183,27.777156829833984,23379300.0
2023-09-20,27.9268531178989,28.22624493108976,27.743888810533893,27.943483352661133,23742000.0
2023-09-21,27.876954100367556,28.151397400772627,27.660722969141077,27.6856746673584,17993800.0
2023-09-22,27.66072331178584,27.868636155349318,27.386280007981124,27.677356719970703,22740000.0
2023-09-25,27.585877450867663,27.652411090576628,27.336382646956157,27.57756233215332,17616900.0
2023-09-26,27.353013074178826,27.585874442770763,27.286482614223218,27.436180114746094,18841600.0
2023-09-27,27.402908873020774,27.452805916804685,26.870652589341088,26.94550132751465,22083500.0
2023-09-28,26.945503764256607,27.12846489550602,26.945503764256607,27.070249557495117,18772100.0
2023-09-29,27.128467211191467,27.236582779225305,26.920554365548526,26.953821182250977,19787600.0
2023-10-02,26.978771617190812,27.00372331773203,26.388299855190443,26.413249969482422,24722600.0
2023-10-03,26.363352892214863,26.62116282395741,26.288504131144748,26.596214294433594,21389400.0
2023-10-04,26.43819656990125,26.587892477009486,26.11385147221084,26.230283737182617,23694100.0
2023-10-05,26.24691666422818,26.546311663558438,26.09721916456305,26.463146209716797,22774400.0
2023-10-06,26.28052314875999,26.33148686325238,25.600999935063307,26.204076766967773,31291800.0
2023-10-09,26.110645319060506,26.756191726558626,26.110645319060506,26.713722229003906,20344300.0
2023-10-10,26.73920024352998,27.011008885277036,26.60329592265645,26.977033615112305,19151900.0
2023-10-11,27.03649545238063,27.15541134526906,26.67974615360782,26.72221565246582,15694200.0
2023-10-12,26.611788439541886,26.64576532763617,26.034194302796635,26.25503921508789,21718300.0
2023-10-13,26.3994425814339,26.662757031932948,26.025704844523723,26.05118751525879,24528400.0
2023-10-16,26.195585351776565,26.60329835162265,26.008717298540635,26.543840408325195,21087900.0
2023-10-17,26.424925735659382,26.790169255673973,26.41643151192561,26.764686584472656,21186000.0
2023-10-18,26.68823643377263,26.739200148893005,26.322992965177477,26.37395668029785,22024300.0
2023-10-19,26.688240024724614,27.155410986419234,26.6712515773629,26.82414436340332,28806600.0
2023-10-20,26.815649032592773,27.299808421659765,26.798660585932453,26.815649032592773,27271200.0
2023-10-23,26.739202355228564,26.892095133312644,26.55233430429659,26.662755966186523,31725800.0
2023-10-24,28.157706317439878,29.270421998694076,28.00481354226964,29.134517669677734,61617900.0
2023-10-25,29.30440206910819,29.39783691298035,28.539938110349745,28.616384506225586,30832800.0
2023-10-26,28.590897974264507,29.47427765946287,28.5739095295244,29.278915405273438,34367000.0
2023-10-27,29.202470590739477,29.380844409758417,28.319090858148492,28.404029846191406,23924800.0
2023-10-30,28.743791231402714,29.559217151674453,28.743791231402714,29.40632438659668,31497700.0
2023-10-31,29.482774314623793,29.907475770865155,29.448797420472893,29.83952522277832,28903400.0
2023-11-01,30.077357425937805,30.204769160694582,29.856514091269744,30.068864822387695,26071200.0
2023-11-02,29.99241865426029,30.527540167731495,29.99241865426029,30.493566513061523,24946000.0
2023-11-03,30.57001226612788,30.892783040129608,30.52753952830373,30.59549331665039,23323200.0
2023-11-06,30.561515541281768,30.6039850376664,30.255729982968603,30.27271842956543,15544000.0
2023-11-07,30.32367773932015,30.66343688304906,30.281208251380814,30.52753257751465,17654600.0
2023-11-08,30.527539410671267,30.561516304713674,30.238742291740728,30.383142471313477,16971500.0
2023-11-09,30.468080395271585,30.620973172873377,30.11982534411525,30.25572967529297,15685800.0
2023-11-10,30.5020555152996,30.510548117910613,30.06886149741557,30.33217430114746,12791200.0
2023-11-13,30.272718715371628,30.731397057171783,30.077356437985987,30.42561149597168,17236700.0
2023-11-14,30.586995891471933,30.663442279301712,30.417117909818913,30.47657585144043,17667100.0
2023-11-15,30.476575220105993,30.671937487131803,30.442598328393313,30.578502655029297,22855500.0
2023-11-16,30.646456731556228,30.901276941408952,30.519045006522486,30.731395721435547,19110800.0
2023-11-17,30.901276469180406,30.901276469180406,30.646456263221808,30.77386474609375,19355200.0
2023-11-20,30.81633450444701,31.31748231788626,30.748383961042656,31.198566436767578,18656400.0
2023-11-21,31.308994055876425,31.81014193879732,31.30049821163876,31.640260696411133,22946400.0
2023-11-22,31.708209725537227,31.869595099438836,31.61477489425193,31.725194931030273,14613100.0
2023-11-24,31.81013617686489,31.91206360774789,31.682724458100186,31.776159286499023,6766700.0
2023-11-27,31.810139072024487,31.886585462198056,31.674234738406458,31.725196838378906,15245300.0
2023-11-28,31.725194875249098,31.861099200457474,31.597786392987015,31.827125549316406,14521700.0
2023-11-29,31.878089718177645,32.183875279825905,31.878089718177645,32.07345199584961,16387400.0
2023-11-30,32.13290817533998,32.65104114053378,32.1244123331646,32.55760955810547,36623500.0
2023-12-01,32.61706954416099,32.79544335849115,32.506646270436065,32.769962310791016,20762500.0
2023-12-04,32.617072487119856,32.76146942406868,32.302791082793185,32.31128692626953,22109200.0
2023-12-05,32.57459815075318,32.744479369574954,32.35375483443521,32.634056091308594,23003300.0
2023-12-06,32.489667966768344,33.024792817010784,32.34527099777509,32.70201873779297,20218500.0
2023-12-07,32.74448357134953,32.89737636388686,32.532132830627134,32.82942581176758,15223200.0
2023-12-08,32.837913387564235,32.854901833046576,32.28580025013946,32.48965835571289,21850400.0
2023-12-11,32.523633712414586,32.608572695604735,31.83561628380213,31.99700164794922,21914500.0
2023-12-12,31.912061224192854,31.971519157784826,31.5722988263407,31.682722091674805,17096700.0
2023-12-13,31.495860910442996,31.555318853891926,30.969228782445477,31.419414520263672,32473200.0
2023-12-14,31.640252758201473,32.260316383160635,31.580794824315962,32.1668815612793,28551600.0
2023-12-15,31.895074541408313,32.13290952912295,31.546819522476948,31.7421817779541,51721600.0
2023-12-18,32.039476289639246,32.10742683219901,31.657244362069616,31.99700355529785,22057200.0
2023-12-19,31.93754655516424,32.05646567851848,31.8441149614224,31.912065505981445,17642500.0
2023-12-20,31.85261096090385,32.04797325263824,31.665741273064366,31.682729721069336,18134600.0
2023-12-21,31.72519806592295,31.895079299572426,31.60628217443282,31.79315185546875,15421000.0
2023-12-22,31.784656930606936,32.090442511973684,31.767671722944446,31.844118118286133,13171600.0
2023-12-26,31.801640175233622,31.971521385999356,31.6912201424183,31.835617065429688,11856600.0
2023-12-27,31.708211591238598,31.818631634514027,31.597788307748274,31.69122314453125,15267600.0
2023-12-28,31.58080203650585,32.03948040855597,31.555320984796996,31.844118118286133,14931700.0
2023-12-29,31.75067899144026,32.073449736923045,31.699713654683393,32.02248764038086,16222700.0
2024-01-02,32.0479695035199,33.10123047510649,32.00550000858333,33.024784088134766,23810900.0
2024-01-03,33.57689334852229,33.73828196243739,33.23713415543491,33.26261520385742,26263900.0
2024-01-04,33.704314196505244,33.848711163614546,33.43250547235727,33.44099807739258,24214600.0
2024-01-05,33.52592864074819,34.290389195821234,33.381528483765244,34.145992279052734,30276700.0
2024-01-08,34.10352696595537,34.196958561078645,33.5344253508117,34.06105422973633,28483000.0
2024-01-09,33.90126473724807,33.90126473724807,33.48667641737262,33.71988296508789,17880100.0
2024-01-10,33.75443649291992,33.771708125131575,33.391669614221925,33.75443649291992,16354700.0
2024-01-11,33.711241809193616,33.711241809193616,32.44156618627156,32.735233306884766,31289800.0
2024-01-12,32.98572042524884,33.486683476656815,32.968445496422106,33.305301666259766,18774800.0
2024-01-16,33.322568898944866,33.987635383464394,33.12390891074759,33.935813903808594,31039400.0
2024-01-17,33.44349444173729,34.056739526618735,33.400305476582034,33.57305145263672,21377100.0
2024-01-18,33.279382836749335,33.693971184365125,33.21892224198382,33.63351058959961,17112800.0
2024-01-19,33.745796679299936,34.0567387703222,33.41757966157029,33.970367431640625,20561700.0
2024-01-22,34.03082732804654,34.30721955997166,33.95309180688914,34.18629837036133,26039200.0
2024-01-23,35.473251225232005,36.49244887759103,35.058662852301204,36.47517395019531,49713700.0
2024-01-24,36.47516958505597,36.57018002693438,35.57689323711205,35.65462875366211,27910400.0
2024-01-25,35.801466178312,36.53563242831776,35.69781991480826,36.52699661254883,24613200.0
2024-01-26,36.5269988238571,36.69974480339142,36.362888660614516,36.62200927734375,20367200.0
2024-01-29,36.38015892459867,36.613365472847676,35.982845528998915,36.319698333740234,23905700.0
2024-01-30,36.27650832784228,36.79474284315529,36.11240150012592,36.68246078491211,20044600.0
2024-01-31,36.440619353876414,37.321620767292316,36.31106235754926,36.57881546020508,23392300.0
2024-02-01,36.86384438477563,36.89839423282401,36.25059940876379,36.699737548828125,19586500.0
2024-02-02,36.4492583504119,36.68246489690088,36.129680473307026,36.388797760009766,21548600.0
2024-02-05,36.27651447303296,36.431985512934375,35.65463031342728,35.741004943847656,20466200.0
2024-02-06,35.749638421459174,35.905109451192885,35.36959995702956,35.4991569519043,17517600.0
2024-02-07,35.4991575516542,35.533707402146526,34.86000179182169,34.91182327270508,21815600.0
2024-02-08,34.80818158472659,34.86864218359619,34.06537617592242,34.47132873535156,19523500.0
2024-02-09,34.46269150537325,34.62679836773688,33.909903732182045,34.307220458984375,18479400.0
2024-02-12,34.315855297373076,34.69589379168861,34.143109329100454,34.635433197021484,15060500.0
2024-02-13,34.72180702882138,34.946374476004515,34.272668839599895,34.661346435546875,14483600.0
2024-02-14,34.8772799157303,35.01547603551873,34.523152152843984,34.67862319946289,12443200.0
2024-02-15,34.73044160885697,35.0845693403765,34.70453086833399,35.058658599853516,12081400.0
2024-02-16,34.79954406722738,35.127757789373206,34.32449511582232,34.9722900390625,12645500.0
2024-02-20,34.90318718340491,35.33505042660212,34.7822660024865,34.98092269897461,12069500.0
2024-02-21,34.972290325726036,35.51643569341221,34.86864076486214,35.49916076660156,16268200.0
2024-02-22,35.196855614221995,35.352326651075686,34.64407116978896,35.17958068847656,22068900.0
2024-02-23,35.09321462113189,35.54235287335084,34.94637937768739,35.11912536621094,15228600.0
2024-02-26,35.067294384540396,35.093208419895916,34.05673596676285,34.28130340576172,25108400.0
2024-02-27,34.27267004532049,34.53178735344921,34.056738406070664,34.48860168457031,17074100.0
2024-02-28,34.51451580906642,34.73044746947577,34.428144462844934,34.63543701171875,12437000.0
2024-02-29,34.6354339974419,34.7477193736423,34.41950235582479,34.56633758544922,20486500.0
2024-03-01,34.540420005523984,34.79953726520111,34.350399144161884,34.7218017578125,12130900.0
2024-03-04,34.479962116861394,34.83409316359834,34.12583436497974,34.81681823730469,18753900.0
2024-03-05,34.85136413574219,35.37823784573804,34.47996146459282,34.85136413574219,20640100.0
2024-03-06,34.851365256979456,34.86864018350208,34.350405567244636,34.48860168457031,16331100.0
2024-03-07,34.63543222198129,34.790903259564374,34.01355136650415,34.14310836791992,17100600.0
2024-03-08,34.212217701541476,34.445424323560886,34.0221967588169,34.1258430480957,17807900.0
2024-03-11,34.177662155959986,34.74772159446908,34.16902633947973,34.66135025024414,12344600.0
2024-03-12,34.574971805972424,34.77362851171083,34.46268972980847,34.661346435546875,12452700.0
2024-03-13,34.799546088496975,34.980927886774175,34.60088936254734,34.77363204956055,13751800.0
2024-03-14,34.54906336569863,34.60088814689514,34.06537529243089,34.350406646728516,17475400.0
2024-03-15,34.203565795756205,34.488597103234035,33.80625242307943,34.108558654785156,54893900.0
2024-03-18,34.09992407494956,34.514512426926586,33.90990317805601,34.48860168457031,16200800.0
2024-03-19,34.445415876095964,34.592247808660225,34.384955280939465,34.52315139770508,15226900.0
2024-03-20,34.51451003847791,34.78226643876653,34.37631393071559,34.652706146240234,15198800.0
2024-03-21,34.65270557591932,35.05865807728901,34.53178439547432,35.015472412109375,21868300.0
2024-03-22,35.18821825494749,35.24867884497629,34.557695024895665,34.86863708496094,17816400.0
2024-03-25,35.00683183866083,35.309138071990134,34.96364617528662,35.300498962402344,14587200.0
2024-03-26,35.26595056992108,35.41278247670887,35.162301029401156,35.28322219848633,17854100.0
2024-03-27,35.49915820894733,36.086492498771385,35.49915820894733,35.87919998168945,19260100.0
2024-03-28,35.96557022191302,36.406072573324735,35.95693440681997,36.24196243286133,19771400.0
2024-04-01,36.267878135763965,36.570181100749,35.87056143125551,36.51835632324219,15031600.0
2024-04-02,36.53562794017429,36.863844911614876,36.501078091632145,36.742923736572266,17260800.0
2024-04-03,36.77747722966618,37.05386945568329,36.73428826728113,37.002044677734375,18211800.0
2024-04-04,37.13160862794517,37.503008041121646,36.65655635381893,36.66519546508789,16461400.0
2024-04-05,36.49244665921901,36.656553517219066,35.939662195581654,36.38016128540039,14338700.0
2024-04-08,36.380164933129684,36.40607897267403,36.02603714467622,36.043312072753906,14457800.0
2024-04-09,36.03891559706731,36.1442402739619,35.58250419957594,35.84581756591797,17224100.0
2024-04-10,35.643951025613454,35.68783603744106,35.07343582721929,35.56495666503906,17900400.0
2024-04-11,35.503515405952804,35.52107007954849,35.18753797765373,35.24897766113281,14782200.0
2024-04-12,35.26653279266399,35.336748139746845,34.827675991708205,34.86278533935547,21555000.0
2024-04-15,35.20509338378906,35.41574277489717,34.9768859705083,35.20509338378906,16442800.0
2024-04-16,35.205088521700425,35.231418854899594,34.73112243484793,34.90666580200195,14016800.0
2024-04-17,34.97688692153548,35.090990631278366,34.63457914051863,34.91544723510742,21009200.0
2024-04-18,34.976886529436484,35.257754620876675,34.85400715795787,35.22264862060547,20173700.0
2024-04-19,35.108542688665224,35.696609171558826,35.09098801553551,35.53862380981445,24706500.0
2024-04-22,36.337354559907574,36.548004007926615,33.8446471035982,33.87975311279297,51243200.0
2024-04-23,34.15183182587367,35.09976400398877,33.94995812458129,34.8452262878418,25972800.0
2024-04-24,34.669687222851245,34.81012126501534,34.178166401171076,34.660911560058594,15946600.0
2024-04-25,34.48537081071394,34.95055798321042,34.19572369320425,34.42393112182617,16837700.0
2024-04-26,34.283493387630244,35.07343359488473,34.14305934979312,34.827674865722656,18246200.0
2024-04-29,35.0207775659469,35.828272553505116,34.994443878465994,35.18754196166992,19438600.0
2024-04-30,35.02954966515996,35.03832532795261,34.61702320146033,34.660911560058594,20222200.0
2024-05-01,34.520483424806166,34.81012722148889,34.34494000501033,34.40637969970703,17754000.0
2024-05-02,34.5116994095449,34.65213345538206,34.011402911986806,34.16939163208008,17394900.0
2024-05-03,34.27471519965549,34.4063735781308,34.01140179091653,34.134281158447266,13195600.0
2024-05-06,34.336154895350084,34.53802862039381,34.28349422251099,34.520477294921875,13348800.0
2024-05-07,34.6960129330039,34.73990128575,34.309820205601284,34.5029182434082,11935200.0
2024-05-08,34.441480752536705,34.731124479412145,34.31859804454712,34.652130126953125,10438000.0
2024-05-09,34.678466557246765,34.959338019524054,34.564366187803515,34.92422866821289,12881000.0
2024-05-10,34.941781685022335,35.47718420014547,34.854008310911425,35.459632873535156,16888500.0
2024-05-13,35.40697609531406,35.6790685884254,35.18754763744727,35.58251953125,21365700.0
2024-05-14,35.6263938272515,35.71416384468854,35.47718077975467,35.53862380981445,17664400.0
2024-05-15,35.76683170327027,35.907265755170584,35.4947392628707,35.53862762451172,14926000.0
2024-05-16,35.363074122715496,35.494729125401534,35.23141577181852,35.327964782714844,12913200.0
2024-05-17,35.450852862313766,35.46840753664091,34.95933537400081,35.16120910644531,14670400.0
2024-05-20,35.15242750598629,35.380634907218536,35.117318159918014,35.2138671875,8665000.0
2024-05-21,35.19631510921471,35.21386978354301,34.47659020281306,34.7750129699707,18327000.0
2024-05-22,34.84523430186878,35.26653647296668,34.77501559924645,34.92422866821289,12374100.0
2024-05-23,34.75745554728393,34.93299892847456,34.327377778988975,34.608245849609375,14105000.0
2024-05-24,34.678463498047506,34.880340576171875,34.66968783509988,34.880340576171875,10420000.0
2024-05-28,34.862783753477714,34.92422343495976,34.380038615816666,34.54680633544922,15071300.0
2024-05-29,34.45903374005385,34.6433561368288,34.23082968205326,34.318599700927734,17652000.0
2024-05-30,34.42393066534275,35.42452369763148,34.388821315526194,35.398193359375,19633200.0
2024-05-31,35.23142349304014,36.23201646486936,35.19631414534501,36.117916107177734,38917400.0
2024-06-03,36.144239952977735,36.43388364891841,35.89848125966915,35.96869659423828,20688100.0
2024-06-04,35.88093385674768,36.477779388427734,35.74049981095306,36.477779388427734,16040200.0
2024-06-05,36.51288543735964,36.61821348300474,36.100362310657516,36.29345703125,11964000.0
2024-06-06,36.258343309200654,36.618205684654356,36.10913028375295,36.27589797973633,10259100.0
2024-06-07,36.126687979152074,36.24079167308226,35.81948958958388,35.933589935302734,10410200.0
2024-06-10,35.907263480155954,35.924818154057746,35.3981913298506,35.468406677246094,15210700.0
2024-06-11,35.363083931320745,35.62639735793861,35.30164424338364,35.4771842956543,12083300.0
2024-06-12,35.78438320017706,35.81071353625368,34.739905241194606,34.90666961669922,15065300.0
2024-06-13,34.88912070937644,34.9330057261609,34.494148861892015,34.91545104980469,12297400.0
2024-06-14,34.652129070603614,34.9681064708073,34.62579873665709,34.81889343261719,10480600.0
2024-06-17,34.75745807614435,34.75745807614435,34.18694623103027,34.634578704833984,22286600.0
2024-06-18,34.854004105853036,35.26653054387424,34.84522844360664,35.17876052856445,17125700.0
2024-06-20,34.96810803373578,35.521068508807254,34.9417776986124,35.31919479370117,17704700.0
2024-06-21,35.433295144710165,35.44207415522561,35.02077205219404,35.31919479370117,30375300.0
2024-06-24,35.450855730897196,36.17935970746921,35.38941603988655,36.13547134399414,20773800.0
2024-06-25,36.170580778016635,36.53922227313366,35.837051982687015,36.056480407714844,17475700.0
2024-06-26,35.98626002229859,36.13546973720056,35.731722257594406,36.003814697265625,19709900.0
2024-06-27,35.986258679090504,36.021368027714104,35.60006588886626,35.828269958496094,15560800.0
2024-06-28,35.86337874785488,36.49533362037763,35.71416569263736,36.1969108581543,27639200.0
2024-07-01,36.354893659133765,36.84641445283162,36.293453978447964,36.635765075683594,16412100.0
2024-07-02,36.53921850500689,36.60065818982172,35.74049925420243,36.07402801513672,21659400.0
2024-07-03,36.10035844755939,36.328562492280135,35.94236974420987,36.09157943725586,6653900.0
2024-07-05,36.13547414254038,36.319796578059396,35.94237939078625,36.22324752807617,17552200.0
2024-07-08,36.24956520989674,36.504102916737786,36.05647052557865,36.451438903808594,15380400.0
2024-07-09,36.398785814153236,36.67087490038483,36.17057839217827,36.24957275390625,20475200.0
2024-07-10,36.4681330253068,36.691152423988704,36.298636104384734,36.646549224853516,13826800.0
2024-07-11,36.64654919842364,36.896329835805325,36.35216195893298,36.842803955078125,12487800.0
2024-07-12,36.85172620944307,37.083664883893256,36.75359713075056,36.95877456665039,11129100.0
2024-07-15,36.95877704783286,36.9855382881798,36.30756077634368,36.387847900390625,15874900.0
2024-07-16,36.44136732270135,37.06582230143551,36.414606084600386,36.97661590576172,16016900.0
2024-07-17,37.06582550770015,37.63675465661297,37.03906426728428,37.494022369384766,20401700.0
2024-07-18,37.37805348627081,37.93114065556617,37.21747924308731,37.52970504760742,15752800.0
2024-07-19,37.734878365904166,37.734878365904166,36.95877187736373,37.128265380859375,17608000.0
2024-07-22,35.638498416911595,35.6831016133271,34.52340149149512,34.87131118774414,54985800.0
2024-07-23,34.55908059662609,35.031880538191785,34.541238639943664,34.69289016723633,25257700.0
2024-07-24,35.00512740445522,35.53145333785396,34.83563047825521,35.38871765136719,22889000.0
2024-07-25,35.55821309482516,36.548419758997085,35.49576793609413,35.63850021362305,19740300.0
2024-07-26,35.59389987236677,35.834757845090095,35.37088045813642,35.76339340209961,15911500.0
2024-07-29,35.754475992349,35.79015651420678,35.38872086700102,35.709869384765625,12937200.0
2024-07-30,35.69202350475906,35.91504290617171,35.53145266650746,35.718788146972656,16089200.0
2024-07-31,35.7098608184339,36.38784161618848,35.66525762455663,36.14698028564453,23605400.0
2024-08-01,36.280793864971415,36.73575534046519,35.932884150185544,36.441368103027344,18166800.0
2024-08-02,36.75359738973821,37.413732900675306,36.04885527689498,36.54841995239258,26124900.0
2024-08-05,35.68310063200334,35.92396196963004,35.361952181834404,35.50468444824219,26855000.0
2024-08-06,35.65633538361267,36.11129336815855,35.46899654008882,35.915035247802734,18104200.0
2024-08-07,36.00424823463806,36.32539667724721,35.86151597159017,35.93288040161133,12176300.0
2024-08-08,35.932880190825834,36.38784161618848,35.90611895510058,36.14698028564453,13237100.0
2024-08-09,36.12022273384993,36.39676460589709,35.70986446051178,36.3521614074707,11818700.0
2024-08-12,36.53057335769228,36.57517655093378,35.959644316987855,36.15589904785156,11099000.0
2024-08-13,36.26295387710656,36.39676346820309,35.99532788890188,36.37892150878906,15349400.0
2024-08-14,36.21834358255202,36.66438231338643,36.12021792029303,36.48596954345703,10931100.0
2024-08-15,36.43244955089196,36.50381398978089,35.68310422602519,35.718788146972656,17489600.0
2024-08-16,35.77231055008396,36.2361913124065,35.736630032217604,36.227272033691406,13377500.0
2024-08-19,36.245113565528094,36.450291003608875,36.1826684062429,36.34324264526367,9401400.0
2024-08-20,36.27187078946078,36.53949335720384,36.245109553588144,36.44136428833008,8784000.0
2024-08-21,36.49489878926882,36.637631086002685,36.33432453006741,36.619789123535156,13683400.0
2024-08-22,36.66438687549183,36.71791275493408,36.22727077056733,36.45920944213867,13529600.0
2024-08-23,36.56626506375096,36.78036179812462,36.50381649630189,36.76251983642578,11757300.0
2024-08-26,36.905246829158884,37.23531796869552,36.789279199273224,37.012298583984375,10309500.0
2024-08-27,37.06582230143551,37.146109418744274,36.735754553835434,36.97661590576172,9778200.0
2024-08-28,37.012298583984375,37.208553328486275,36.896327551092966,37.012298583984375,12732700.0
2024-08-29,37.056905846018346,37.083667086157945,36.70007343012839,36.79820251464844,17338100.0
2024-08-30,36.84280685266825,37.36913281069235,36.726835803474806,37.27100372314453,20009900.0
2024-09-03,37.431570200536605,38.2968864440918,37.39588628465679,38.2968864440918,23319900.0
2024-09-04,38.35933427830167,38.60019562282844,36.75359538446229,37.00337600708008,31272700.0
2024-09-05,36.85172653198242,37.297765327757055,36.48597485556746,36.85172653198242,28199800.0
2024-09-06,36.896327470420914,37.279921083525835,36.69115004529596,36.70899200439453,18100300.0
2024-09-09,36.807125341050146,38.16308388790648,36.807125341050146,38.11848068237305,27850300.0
2024-09-10,38.17199886506465,38.97486661161148,37.80624720871419,38.939186096191406,36980400.0
2024-09-11,38.81429093772337,39.0908361907269,38.305807029592046,39.072994232177734,22395500.0
2024-09-12,38.80536981689106,39.144360207213474,38.742924666437645,39.12651824951172,18397000.0
2024-09-13,39.18896340267217,39.670686051636444,38.91241816278406,39.63500213623047,20029700.0
2024-09-16,39.79558013686781,40.18809303464271,39.66176714287334,40.143489837646484,24714500.0
2024-09-17,39.920467070198384,39.920467070198384,39.18004113131966,39.322776794433594,18769600.0
2024-09-18,39.34062198187542,39.69745439380872,39.05515741353121,39.14436721801758,16897900.0
2024-09-19,39.215729380515114,39.22465206194846,38.65372295842596,39.1978874206543,23097200.0
2024-09-20,39.05515764993859,39.67069339409917,38.939190007913474,39.54580307006836,52671900.0
2024-09-23,39.563635957949764,39.724210180978204,39.206806998002044,39.48334884643555,18083200.0
2024-09-24,39.43874767984286,39.956154292430796,39.36738324538585,39.84018325805664,15154000.0
2024-09-25,39.96507337205023,40.036441209158454,39.626082951797734,39.7420539855957,21990100.0
2024-09-26,39.78665861991224,40.03644265581078,39.572561906863086,39.804500579833984,15779600.0
2024-09-27,39.89371281579529,40.188096664967695,39.688535368673655,40.04536437988281,15659300.0
2024-09-30,40.25946771745101,40.46464518092406,39.956161162098155,40.063209533691406,13509700.0
2024-10-01,40.107806414918734,40.35759044659747,39.840183826625506,40.33082580566406,17536400.0
2024-10-02,40.25945911255538,40.393268697695426,40.0275170535036,40.18809127807617,12040800.0
2024-10-03,40.08104940223333,40.107810642982,39.59932665072003,39.71529769897461,12258400.0
2024-10-04,39.04623563720195,39.474432462330945,38.84997748289064,39.4119873046875,14531200.0
2024-10-07,39.32278083878325,39.376303314950256,39.04623556756558,39.108680725097656,12885000.0
2024-10-08,39.25141854996946,39.38523156531962,38.97487323964876,39.260337829589844,10855100.0
2024-10-09,39.304941324563536,39.47443484798116,39.08192191864274,39.349544525146484,12614200.0
2024-10-10,39.356789187698126,39.56516956944834,38.78600949443279,38.91284942626953,12352800.0
2024-10-11,39.0940508583654,39.17559130837956,38.77694757225305,38.95814895629883,10658700.0
2024-10-14,38.958147761715935,39.220889587719356,38.85848683074023,39.130287170410156,9923500.0
2024-10-15,39.38397209228548,39.83697382895818,39.11216828537869,39.62859344482422,15444500.0
2024-10-16,39.628596717375316,39.95475509156565,39.55611477458018,39.782615661621094,9459000.0
2024-10-17,39.75543104896693,39.86415049168274,39.438327778196744,39.728248596191406,10539500.0
2024-10-18,39.71013449000826,40.01817235767225,39.56517061421952,39.85509490966797,13058400.0
2024-10-21,39.909453664787385,40.045355572855414,39.5017513967124,39.59235382080078,18760000.0
2024-10-22,37.96154675216285,38.63198738411933,36.919641379850454,37.599143981933594,42576300.0
2024-10-23,37.925306779000834,38.86755124141641,37.83470435600181,38.8313102722168,27174700.0
2024-10-24,38.39642661465628,38.4598465787343,37.72598255080867,37.9253044128418,23506400.0
2024-10-25,37.961551198589426,38.21523109378599,37.481366953372465,37.49042892456055,19717400.0
2024-10-28,37.5538401263792,37.85281943929128,37.49947868033675,37.70785903930664,13575000.0
2024-10-29,37.43605979580528,37.76222156916405,37.40888080006827,37.44512176513672,15072300.0
2024-10-30,37.44512517363108,37.60820261902615,37.25486181776704,37.39982223510742,16372600.0
2024-10-31,37.38170394864447,38.64105175248091,37.37264543408456,38.16992950439453,31077900.0
2024-11-01,38.16086255208368,38.36924292105084,37.4179400345038,37.4723014831543,16682400.0
2024-11-04,37.73504649686604,37.843765947246666,37.05554388376134,37.200504302978516,14760900.0
2024-11-05,37.155201550920516,37.39076439341497,36.992124102593095,37.3817024230957,12322800.0
2024-11-06,37.54478323327502,37.75316362041745,37.08272297589468,37.29110336303711,21957100.0
2024-11-07,37.21862499420785,37.318282474868596,36.70219982573999,36.756561279296875,24225500.0
2024-11-08,36.91058497620005,37.01024246038846,36.62066066976297,36.67502212524414,21305900.0
2024-11-11,36.66596114049728,37.03742242093658,36.61159968867851,36.63877868652344,17116400.0
2024-11-12,36.69313802084071,36.78373697918142,36.30355627894396,36.6025390625,16984600.0
2024-11-13,36.60254289440701,37.508546397178186,36.52100244091244,37.27298355102539,19953500.0
2024-11-14,37.27297979530771,37.38169923696927,37.019299946054495,37.028358459472656,13636600.0
2024-11-15,36.96494135377059,37.843765836782026,36.96494135377059,37.73504638671875,21482500.0
2024-11-18,37.753164680638854,38.57763119432359,37.753164680638854,38.278648376464844,17405400.0
2024-11-19,38.24240360704109,38.26052409021365,37.87094234232557,37.98872375488281,10520600.0
2024-11-20,38.05214678361939,38.30582665621556,37.82564590990737,38.251468658447266,14706500.0
2024-11-21,38.25146617051488,38.731646885591395,38.06120282231371,38.50514602661133,12534100.0
2024-11-22,38.59574668451805,39.26619077727014,38.36018730151968,39.094051361083984,17017400.0
2024-11-25,39.266189535797935,39.90945115377192,39.23901053834601,39.846031188964844,28365900.0
2024-11-26,39.84603433331436,40.317156577722116,39.63765393877174,40.19937515258789,17247000.0
2024-11-27,40.29903020005742,40.525531046588405,40.19936927460321,40.208431243896484,12372400.0
2024-11-29,40.20843258599855,40.335272511309064,39.90944979965627,40.17219161987305,9023100.0
2024-12-02,40.10877182988988,40.154071309677406,39.429269264690745,39.728248596191406,12783900.0
2024-12-03,39.78261489885043,40.244675178857726,39.59235498685503,39.71013641357422,15415900.0
2024-12-04,39.61953307076108,39.66483255502747,38.423608714256765,38.52326965332031,21431600.0
2024-12-05,38.58669034187829,38.84037022340268,38.52327037149718,38.55044937133789,16176900.0
2024-12-06,38.53232766999262,38.659167606751765,38.07026740663729,38.387367248535156,15685900.0
2024-12-09,38.47796827669148,39.04874797140932,38.197105958246155,38.3783073425293,15570300.0
2024-12-10,38.38736405490023,38.64104736344242,38.115563719296034,38.323944091796875,16337200.0
2024-12-11,38.22428110079586,38.46890242648532,37.95248077985043,38.04308319091797,13986100.0
2024-12-12,38.106509489137615,38.197108459146556,37.8800086079861,38.124629974365234,11232300.0
2024-12-13,38.05214821236135,38.414551006359325,37.880008786083366,38.30582809448242,13360400.0
2024-12-16,38.19710549573969,38.27864594487333,36.97400221486394,37.03742218017578,30228300.0
2024-12-17,36.83809985995881,37.25486061433377,36.702197961035786,36.94681930541992,15374000.0
2024-12-18,36.87434132642404,37.19144115336607,36.430398112576285,36.45758056640625,19199600.0
2024-12-19,36.28543394660616,36.6568951866759,36.176714510912916,36.212955474853516,17859100.0
2024-12-20,36.17671585083008,36.59347658319732,36.16765388144502,36.17671585083008,47590900.0
2024-12-23,36.1767172432309,36.35791862049093,36.08611828266529,36.18577575683594,21292300.0
2024-12-24,36.14953949257191,36.203897488333794,35.75995772767679,36.058937072753906,11712200.0
2024-12-26,36.08611761352208,36.394155456184734,36.00457716807351,36.203895568847656,12946400.0
2024-12-27,36.11329794992741,36.38509829279807,35.92303805553083,36.16765594482422,15168100.0
2024-12-30,36.05893651866215,36.09517748603247,35.69653721334563,35.87773513793945,15672000.0
2024-12-31,35.913975823751585,36.26731661251985,35.83243537587207,36.2310791015625,13549900.0
2025-01-02,36.26731614005688,36.74750030737135,36.22201665985369,36.430397033691406,22470200.0
2025-01-03,36.530054193333584,36.810916471409996,36.33979432244074,36.47569274902344,15229900.0
2025-01-06,36.50288150947903,36.53912247861742,35.85961985985331,35.88679885864258,27115000.0
2025-01-07,35.97739748120223,36.22201883635277,35.18011690455865,35.261653900146484,31517100.0
2025-01-08,35.252590902388434,35.32507283075319,34.8267682135669,35.27976989746094,22901600.0
2025-01-10,35.20416314000122,35.2502653213602,34.66014895827493,34.86300277709961,27338400.0
2025-01-13,34.98287117484943,35.176505983334486,34.79846243133424,35.148841857910156,19734000.0
2025-01-14,35.34247716386002,35.36091522457401,34.88144826384016,35.29637145996094,15740100.0
2025-01-15,35.314812361374194,35.58220996243119,35.102739493513184,35.204166412353516,27817100.0
2025-01-16,35.15806472154998,35.3516960144043,34.982871489315855,35.3516960144043,24678300.0
2025-01-17,35.42545536119908,35.932589913181396,35.36091160319606,35.75739669799805,24082100.0
2025-01-21,35.84038864217058,36.49505240709402,35.76662584115078,35.97869873046875,25717600.0
2025-01-22,35.85882550651843,36.273752199480555,35.582208883667406,35.91415023803711,31488900.0
2025-01-23,36.181545430973856,36.329074521199836,36.034016340747876,36.126220703125,25153500.0
2025-01-24,36.98374071996349,37.50931341014183,36.30141636712639,36.458168029785156,37123900.0
2025-01-27,37.02062102868523,37.62917901875865,36.92841314087333,37.47242736816406,35520300.0
2025-01-28,37.43554552713971,37.629180339656216,37.20503107557513,37.251136779785156,21031900.0
2025-01-29,37.63839973527828,37.693724470444295,36.928414795485864,37.14048767089844,24238100.0
2025-01-30,37.20503170272836,37.20503170272836,36.1077841610387,36.39362335205078,27913500.0
2025-01-31,36.48582541512425,36.826985802706865,36.21842781957813,36.319854736328125,45178700.0
2025-02-03,36.246095455118684,36.99296006467197,36.09856633938469,36.86387252807617,27967100.0
2025-02-04,36.67945486470875,36.77166274685151,36.51348419422283,36.70711898803711,19190200.0
2025-02-05,37.00217819213867,37.16814886718173,36.70711999592238,37.00217819213867,16830500.0
2025-02-06,37.094385833314284,37.14971056900186,36.57803218567793,36.826988220214844,15370600.0
2025-02-07,36.84543027830739,36.98374036064067,36.48582828508669,36.77166748046875,15754800.0
2025-02-10,36.9007521055405,37.01139805226113,36.716339849425296,36.83620834350586,16737500.0
2025-02-11,36.86387025845872,37.361782312420075,36.716341151807725,37.33412170410156,15182700.0
2025-02-12,37.334118746855374,37.435542141779926,37.020618980383,37.37099838256836,14440300.0
2025-02-13,37.444766254486055,37.90579513520148,37.26957302869661,37.841251373291016,17056700.0
2025-02-14,37.93345731636625,38.071767393267926,37.749045052954465,37.79515075683594,12438200.0
2025-02-18,37.7306061956963,38.00722636944723,37.44477050829873,37.98878479003906,16357700.0
2025-02-19,38.12708730787622,38.772528449086316,38.06254354549233,38.73564529418945,21039600.0
2025-02-20,38.726428040259286,39.21511755425609,38.6157820878654,39.17823791503906,19771700.0
2025-02-21,39.12291163686785,39.86055715268142,38.88317464587139,39.427188873291016,25465100.0
2025-02-24,39.41796983078137,40.229381656606435,39.25199915010417,39.94354248046875,27560600.0
2025-02-25,40.183277575174536,40.5428795272154,40.10951126841174,40.30314254760742,24356900.0
2025-02-26,40.14639831759923,40.24782524055498,39.436413374280356,39.814456939697266,18651400.0
2025-02-27,39.722248348406275,40.03574459718091,39.547055130125074,39.897438049316406,19212300.0
2025-02-28,40.044969075217786,40.34924630908972,39.28888198817693,39.74068832397461,25197500.0
2025-03-03,39.611599745278625,40.4506721496582,39.58393913858219,40.4506721496582,22334000.0
2025-03-04,40.5705402677478,41.01312755767506,39.482511860995785,39.52861404418945,32627500.0
2025-03-05,39.445632753084425,39.97120543361211,39.0768117323372,39.50095748901367,18038400.0
2025-03-06,39.6484812925019,40.86559718102158,39.51939377665451,40.78261184692383,22845900.0
2025-03-07,40.847158502489,42.599069672221475,40.847158502489,42.4699821472168,44992100.0
2025-03-10,42.4699814066893,43.668655783166564,42.4699814066893,42.8664665222168,39837000.0
2025-03-11,39.869777948237974,40.487554941407666,39.31654119765904,40.04496765136719,64142300.0
2025-03-12,38.8186293093091,39.547055765493454,37.961115332762176,39.27043914794922,49650800.0
2025-03-13,39.436413280032085,40.40457328501805,39.436413280032085,40.30314636230469,30708600.0
2025-03-14,39.7960134594846,40.35846926545468,39.65770338617773,40.17405700683594,17432100.0
2025-03-17,40.19250088659268,40.40457376507146,39.73147197232453,40.247825622558594,15560900.0
2025-03-18,40.31236773599544,40.96702792324009,40.12795547437645,40.782615661621094,16254400.0
2025-03-19,40.84715818474896,40.86559976208778,40.312366511407966,40.51521682739258,14373300.0
2025-03-20,40.53366197321365,40.53366197321365,39.99887025279093,40.340030670166016,18109300.0
2025-03-21,40.37690900830597,40.79183569200083,40.12795299808906,40.56132125854492,68445500.0
2025-03-24,40.229384465526465,40.69963241536495,40.13717657128356,40.16484069824219,18050000.0
2025-03-25,40.10951123546277,40.41379197455269,39.78679243706841,40.10029220581055,21483200.0
2025-03-26,40.3031467412691,40.87482512605228,40.17405920837337,40.736515045166016,21684400.0
2025-03-27,41.01312788597332,41.72311276842666,40.86559878814997,41.45571517944336,21905200.0
2025-03-28,41.61247089392428,41.806102194246655,41.381956436196276,41.42805862426758,19530600.0
2025-03-31,41.769218264182534,42.230247171110314,41.61247012416537,41.82454299926758,27786900.0
2025-04-01,41.944410164924925,42.045833566628936,41.603246252149525,41.84298324584961,15710800.0
2025-04-02,41.833758681373105,41.99051032621523,41.12377379944721,41.252864837646484,21924100.0
2025-04-03,41.944408858483214,42.58984647363853,41.67701126513533,42.064273834228516,30474800.0
2025-04-04,41.271303123184566,42.230244022261175,39.46407078695099,39.676143646240234,42663400.0
2025-04-07,38.29305561416354,39.95276230794238,38.03488058062951,39.2612190246582,38812000.0
2025-04-08,39.64848843179661,39.85134228886705,38.431372324117234,38.8831787109375,29790200.0
2025-04-09,38.43136902218205,40.12795549884278,37.69372349262767,39.54705810546875,49426000.0
2025-04-10,39.80750786604096,40.510158600805724,39.20790957032721,40.210357666015625,36501700.0
2025-04-11,41.08164614284299,41.128492385713194,40.37899538618867,40.96922302246094,30144300.0
2025-04-14,41.128489959492214,41.83114067469629,40.85679749188538,41.50323486328125,24323000.0
2025-04-15,41.6906089665112,41.868612527192056,41.42828717732543,41.671871185302734,21795300.0
2025-04-16,41.91546155798078,42.055989565601415,40.772481845226686,40.8568000793457,17271600.0
2025-04-17,40.99732581808134,41.671871653702574,40.82869293304241,41.25965118408203,16504800.0
2025-04-21,41.4095488495347,41.493867076926655,39.985509661285285,40.2197265625,23802500.0
2025-04-22,39.33907940142548,40.913013973734444,38.917488188366406,40.46331787109375,37633800.0
2025-04-23,39.86371419369771,40.27593820975529,39.45149375150628,40.00424575805664,29402100.0
2025-04-24,40.01361851997113,40.40710481150362,39.79813937831602,40.10730743408203,16597300.0
2025-04-25,39.84497893592437,39.95740562407517,38.73010774909331,39.264122009277344,23361900.0
2025-04-28,39.34843979869485,39.79813582467312,39.21727890451781,39.71381759643555,16188500.0
2025-04-29,39.6388734178531,40.29467794452871,39.56392228688067,40.238468170166016,14712800.0
2025-04-30,40.8005844853966,41.41891697693361,40.6319480264441,41.27838897705078,29563000.0
2025-05-01,41.00670089363158,41.06291424391761,40.52889635086726,40.56637191772461,18921900.0
2025-05-02,40.71626655097029,41.128490597559725,40.58510565391598,40.97859191894531,15366500.0
2025-05-05,41.04417249500282,41.222176059577265,40.49142044579474,40.79121780395508,9210000.0
2025-05-06,40.8193278461298,41.5126115581242,40.68816693209848,41.36271286010742,12131500.0
2025-05-07,41.231544671468995,41.55945050098296,41.025436213861994,41.11912155151367,12826600.0
2025-05-08,41.03479982056147,41.27838739588061,40.7631073611156,40.85679626464844,14967400.0
2025-05-09,40.772481845226686,41.10975478170275,40.58510759453259,40.8568000793457,10878400.0
2025-05-12,40.332151505486976,40.48205018611517,39.629500769942375,40.285308837890625,20160000.0
2025-05-13,40.48204866589557,40.48204866589557,39.80750641533297,39.95740509033203,20069600.0
2025-05-14,40.07919537029682,40.22909404553361,39.58265667867493,39.67634201049805,20447500.0
2025-05-15,39.910559903863856,40.78184709212227,39.910559903863856,40.73500442504883,14608000.0
2025-05-16,40.74437290842125,41.212806701660156,40.62257912149659,41.212806701660156,13407700.0
2025-05-19,41.29712464521206,41.56881352729583,41.100379737257754,41.512603759765625,14778600.0
2025-05-20,41.46575949495148,41.737451963830814,41.40954972474635,41.428287506103516,12189900.0
2025-05-21,41.259649459150886,41.4376530143908,40.81932054887725,40.98795700073242,16038600.0
2025-05-22,40.9879614596183,41.07227969471846,40.35089114416519,40.4071044921875,14947700.0
2025-05-23,40.72563747160189,40.73500457550462,40.1541476391424,40.585105895996094,12393400.0
2025-05-27,40.547633989601685,40.94112029246619,40.51016199674481,40.753746032714844,12873700.0
2025-05-28,40.70690186723995,40.781849424069755,40.34152403976144,40.4071044921875,12783000.0
2025-05-29,40.4258421375502,40.65068838114251,40.26657277229459,40.594478607177734,9960400.0
2025-05-30,40.63194796949666,41.27838891919732,40.5570004177708,41.18470001220703,26569500.0
2025-06-02,41.03480117614022,41.334598529616585,40.61321003098085,41.315860748291016,11873300.0
2025-06-03,41.15660114883335,41.269024279804405,40.8568037503326,41.06291580200195,13140900.0
2025-06-04,41.137862019264006,41.156599802790836,40.510162353515625,40.510162353515625,14360100.0
2025-06-05,40.61321077026076,40.66942411526071,40.313413411327204,40.566368103027344,12095900.0
2025-06-06,40.66005657543826,41.14722459808247,40.6413187939725,41.0348014831543,10135200.0
2025-06-09,40.8942756652832,41.17533525453557,40.763111188023295,40.8942756652832,13399400.0
2025-06-10,40.894275199981024,41.55007970948583,40.81932407097103,41.343971252441406,13724100.0
2025-06-11,41.4001794955152,41.59692441496306,40.93174567811186,40.97859191894531,14602100.0
2025-06-12,41.10975321417484,41.119120318112415,40.20099045597314,40.43520736694336,22370500.0
2025-06-13,40.27593589974883,40.54762476199876,40.21035188597437,40.29467010498047,13544100.0
2025-06-16,40.24783372263739,40.388365300858446,39.657609671388535,39.81687545776367,20449300.0
2025-06-17,40.09793748913404,40.116675272298934,39.17044045260528,39.20791244506836,23028200.0
2025-06-18,39.30159767418387,39.310964777954275,38.97369186035764,39.03927230834961,18654200.0
2025-06-20,39.17043882870114,39.44212773866185,39.02054014346309,39.0673828125,37068100.0
2025-06-23,39.17044198768226,39.71382342529236,39.08612374706918,39.68571853637695,16014400.0
2025-06-24,39.70445418670647,40.03235645265552,39.60139816773201,39.93867111206055,16716300.0
2025-06-25,39.72319039699262,39.78877084758616,39.29222855526385,39.46086502075195,15599700.0
2025-06-26,39.507707678358756,39.601396589085624,39.236018771917124,39.4421272277832,15870000.0
2025-06-27,39.48897536347136,39.77003496139499,39.3297059945324,39.63887405395508,21439600.0
2025-06-30,39.63887310685846,40.58510789782842,39.61076464603102,40.538265228271484,22796000.0
2025-07-01,40.67879095382787,41.10975278161697,40.48204960841095,40.92237854003906,19233200.0
2025-07-02,41.0535414237664,41.250282778704594,40.68816360063357,40.83806228637695,18313900.0
2025-07-03,40.978590015360965,41.00669489946235,40.67878909819243,40.80058288574219,10301300.0
2025-07-07,40.94111703781862,40.94111703781862,39.9761409276641,40.09793472290039,22039300.0
2025-07-08,40.09793462690743,40.510158679376815,39.854350610884445,40.341522216796875,16736200.0
2025-07-09,40.275944046222804,40.34152449939606,39.78877241274529,39.9199333190918,23519800.0
2025-07-10,39.86090696279801,40.15603321582695,39.60386221951203,40.01322937011719,19359300.0
2025-07-11,39.96562823173487,40.01322830181638,39.499142460622494,39.622901916503906,20174300.0
2025-07-14,39.59434216965007,39.8323461491186,39.489619837619514,39.58482360839844,15757300.0
2025-07-15,39.45153740711496,39.632422751540396,39.12785185733792,39.280174255371094,15653200.0
2025-07-16,39.289697339836245,39.46106049546965,39.18497500787666,39.27065658569336,17971300.0
2025-07-17,39.30873958551922,39.36585821846267,38.87081311857373,38.98505401611328,18411200.0
2025-07-18,39.013614603524154,39.146896260270964,38.73752909646132,38.880332946777344,21079700.0
2025-07-21,39.937067165892934,41.012846134524516,39.680022440733936,40.45115661621094,47574000.0
2025-07-22,40.69867906780731,41.4031724203584,40.50827516455142,40.89860153198242,23521000.0
2025-07-23,40.36547331352524,40.81291829151602,40.032265588512615,40.784358978271484,23357200.0
2025-07-24,40.841480944147946,41.26988516635926,40.70819567610535,41.01284408569336,20411000.0
2025-07-25,40.95572563734501,41.13660735617729,40.69868090111859,41.012847900390625,16571500.0
2025-07-28,40.955722903068065,40.955722903068065,40.21315169131326,40.327392578125,18243700.0
2025-07-29,40.38451326863674,40.9176434870789,40.365476146239246,40.66059875488281,13118500.0
2025-07-30,40.622514690003946,40.83195933971888,40.413073671941284,40.55587387084961,13313300.0
2025-07-31,40.26075354101497,41.04140629349349,40.12747189522388,40.70819854736328,25538700.0
2025-08-01,41.21276745847899,41.38413060384229,40.574914943703995,40.82244110107422,20841300.0
2025-08-04,40.74628002383704,40.96524324627562,40.48923529358675,40.88908386230469,13629900.0
2025-08-05,40.8890835530937,41.03188375882899,40.62251663208008,40.62251663208008,14863700.0
2025-08-06,40.74628282161367,40.74628282161367,40.279797029673475,40.317874908447266,17812000.0
2025-08-07,40.46067975328368,40.965247068078085,40.14651273200601,40.88908767700195,15543400.0
2025-08-08,41.03188695767903,41.27941314422795,40.965246130143406,41.079490661621094,13057000.0
2025-08-11,41.155647554753834,41.441251602819946,40.92716576896194,41.10804748535156,12914900.0
2025-08-12,41.26037182819941,41.55549808302652,41.13660873660705,41.17469024658203,12469300.0
2025-08-13,41.1270871720327,41.73637676053428,40.93668326771286,41.612613677978516,14327700.0
2025-08-14,41.66021173046741,41.68877467530748,41.25084825871705,41.412689208984375,10582800.0
2025-08-15,41.47933116396509,42.30758395397443,41.34604952323397,42.117183685302734,21239200.0
2025-08-18,42.221905368351194,42.459909352686104,42.09814591128691,42.259986877441406,12692100.0
2025-08-19,42.3742251062958,42.90735530504911,42.33614723125457,42.783592224121094,17944200.0
2025-08-20,42.916879346696504,43.55472826886148,42.79311626043594,42.8978385925293,20982100.0
2025-08-21,42.82167026102319,43.040633459290504,42.71694794192751,42.86927032470703,11866800.0
2025-08-22,42.98351686540317,43.25008013994262,42.12670115202316,42.30758285522461,19123700.0
2025-08-25,42.30758466538615,42.34566617242177,41.85061747591588,42.107662200927734,16021200.0
2025-08-26,41.993420287152176,42.2885428803485,41.6506939954963,41.850616455078125,17328200.0
2025-08-27,41.907740348759084,42.15526288480225,41.77445870383951,42.14574432373047,12046600.0
2025-08-28,41.98390059445853,42.06958217247386,41.59357421275595,41.822059631347656,15842800.0
2025-08-29,41.860139668500985,42.16478446148117,41.822058161465364,42.107662200927734,14792700.0
2025-09-02,42.04102189750084,42.34566669423507,41.42221011132993,41.69829559326172,21123700.0
2025-09-03,41.41268891755484,41.64117431640625,40.82244011536265,41.64117431640625,21828500.0
2025-09-04,41.95534007923958,42.288544188852725,41.822058435394325,42.060062408447266,14480500.0
2025-09-05,41.98389847952891,42.33614696676554,41.90773909826987,42.250465393066406,13406700.0
2025-09-08,40.91764742114664,41.526937082717005,40.87956590938528,41.2413330078125,30273900.0
2025-09-09,41.279409505232195,41.641176559714424,41.269887312622124,41.479331970214844,15595500.0
2025-09-10,41.403175354003906,41.574534884258355,40.94620450114988,41.403175354003906,14807800.0
2025-09-11,41.517416801185085,42.0315062937142,41.42221302572449,42.0219841003418,15510600.0
2025-09-12,41.89821581326353,41.97437882418884,41.66973404379211,41.860137939453125,13723500.0
2025-09-15,41.93629768421811,42.12670158153857,41.66973440696083,41.76493453979492,15034700.0
2025-09-16,41.764937586485445,41.84110060363052,41.22228880011069,41.641178131103516,16173600.0
2025-09-17,41.76493748807621,42.2790269576365,41.75541892678177,42.088623046875,14414000.0
2025-09-18,41.77445764916007,41.841098469937386,41.48885361273555,41.57453155517578,16507300.0
2025-09-19,41.68877628532848,41.68877628532848,41.37460930152033,41.39365005493164,29164200.0
2025-09-22,41.298453002807754,41.4317346549852,40.91764516945564,41.08900833129883,18507700.0
2025-09-23,41.08900431111005,41.298448962126706,40.8986004130633,41.2698860168457,16796400.0
2025-09-24,41.12708823944297,41.30796995583259,40.89860282199858,41.10804748535156,21162400.0
2025-09-25,41.16517112800748,41.66973841756556,41.16517112800748,41.26988983154297,19012200.0
2025-09-26,41.55549560071777,41.6126142306156,41.36509169386926,41.51741409301758,12456200.0
2025-09-29,41.50789053416394,41.555494233048684,41.02236403774967,41.174686431884766,15854500.0
2025-09-30,41.165172133119235,41.860143355292465,41.117568429305855,41.841102600097656,24399100.0
2025-10-01,41.81253799388771,41.97438259080114,41.365092975332495,41.72686004638672,19921900.0
2025-10-02,41.48885276872256,41.62213440756582,41.146126479324316,41.31748962402344,21550100.0
2025-10-03,41.35556833952857,41.8220577166221,41.31749046455036,41.57453155517578,18016000.0
2025-10-06,41.17468819405469,41.298451279477554,39.365856508591285,39.4515380859375,75944200.0
2025-10-07,39.61338224556602,39.85138622095956,39.3563375163427,39.41345977783203,34001300.0
2025-10-08,39.546744021159185,39.546744021159185,39.089776794179706,39.33729934692383,35601000.0
2025-10-09,39.36585654119886,39.375378734052155,38.775607692131864,38.870811462402344,34868200.0
2025-10-10,38.97733110080202,39.325948814743974,38.56092701960245,38.5899772644043,38107700.0
2025-10-13,38.493141174316406,38.89017719967194,38.16389151713767,38.493141174316406,26453700.0
2025-10-14,38.54155947145425,39.29689909307717,38.50282334848282,39.267845153808594,22346100.0
2025-10-15,39.14195432192563,39.27753075135835,38.96764915795781,39.10322189331055,18233200.0
2025-10-16,39.14195516650924,39.28721378271005,38.90954581348403,39.08385467529297,16751200.0
2025-10-17,39.2194268471343,39.37436764494003,38.93859549671142,39.267845153808594,20523500.0
2025-10-20,39.41310068061376,39.57772364922713,39.074165172283145,39.50993728637695,28079200.0
2025-10-21,39.34531667404299,39.49057159138668,38.861126228070795,39.02574920654297,29881700.0
2025-10-22,38.31883395117773,38.93859716901777,37.68938485513885,38.541561126708984,31009500.0
2025-10-23,38.531878063266255,38.59966443279057,37.17614328461985,37.185829162597656,52663600.0
2025-10-24,37.379503378196546,37.689384988210676,37.32140288511901,37.59254837036133,27485700.0
2025-10-27,37.58286385908797,38.047686245327505,37.54412773671469,37.98958206176758,27487200.0
2025-10-28,37.91211726960578,38.270417201879646,37.71844033261871,38.07674026489258,30719200.0
2025-10-29,39.635830243130044,40.013498200319745,38.41566824935413,38.938594818115234,53730200.0
2025-10-30,38.75460397815109,38.919226957639545,37.544127855747874,37.728118896484375,47371000.0
2025-10-31,37.747487903117914,38.69650076356046,37.55381097986677,38.48345947265625,52181800.0
2025-11-03,38.26072873688792,38.35756904587527,37.61191529003295,38.22199630737305,39851100.0
2025-11-04,38.318831673654884,38.41566828540674,37.93147783848759,38.07673645019531,33632800.0
2025-11-05,38.08642169262585,38.51250794893979,38.0186316326342,38.435035705566406,22947100.0
2025-11-06,38.27041101852714,38.628710892910476,38.13483829276478,38.5609245300293,30949700.0
2025-11-07,38.67713541907502,39.045121229696896,38.40598992392222,38.76428985595703,28389500.0
2025-11-10,38.638399264513986,38.88049448874257,38.318831795373875,38.5899772644043,22414400.0
2025-11-11,38.78365592212797,39.490573565292515,38.77397373811974,39.41310501098633,25360900.0
2025-11-12,39.49057303923564,39.66488190170274,39.45184060963857,39.50994110107422,17834000.0
2025-11-13,39.54867542061937,40.410533815679266,39.45183880992406,39.81013870239258,30487400.0
2025-11-14,40.013499982678916,40.11033659865337,39.36468652867382,39.761722564697266,29368500.0
2025-11-17,39.76172461687117,39.97476592182644,39.58741574385667,39.71330261230469,21620800.0
2025-11-18,39.732665828386615,40.18780601841153,39.69393340117076,40.16843795776367,24067500.0
2025-11-19,40.18781082397926,40.29433332324025,39.64551614323257,39.887611389160156,21895000.0
2025-11-20,39.84887449472163,40.12970214104731,39.36468405708992,39.4712028503418,32173600.0
2025-11-21,39.384047404516764,40.29432776791677,39.14195219196651,39.92634201049805,32037600.0
2025-11-24,40.04254844500205,40.149070934277084,38.88049432875063,38.938594818115234,44805100.0
2025-11-25,39.30657958984375,39.50993868559612,39.13227073803319,39.30657958984375,24375300.0
2025-11-26,39.3065824291854,39.674568220042744,39.27753218314512,39.5874137878418,15186100.0
2025-11-28,39.52930735966432,39.829506763347624,39.42278487145155,39.81013870239258,9926300.0
2025-12-01,39.66488073280749,39.79077128400828,39.39373526321805,39.451839447021484,19655900.0
2025-12-02,39.461523363306085,39.47120554732514,39.083855387200884,39.325950622558594,23194100.0
2025-12-03,39.451842343064925,40.013501384741346,39.37437009230666,39.38405227661133,19910700.0
2025-12-04,39.5680445970916,40.042549174587876,39.3840498598714,39.95539474487305,28382300.0
2025-12-05,39.95539159999882,40.730099222744784,39.93602723410192,40.371795654296875,27802700.0
2025-12-08,40.42990131110131,40.42990131110131,39.62614341606959,39.9941291809082,22932000.0
2025-12-09,39.92634294694426,40.168438165172695,38.84175740362323,38.87080764770508,31770600.0
2025-12-10,38.92891360355823,38.98701409436901,38.42535508341126,38.65776443481445,40053400.0
2025-12-11,38.73523915172972,39.26784795124995,38.70618890447161,38.94828414916992,21895000.0
2025-12-12,38.948282041971424,39.684249920641285,38.8320736710656,39.59709548950195,20600000.0
2025-12-15,39.6067814102671,40.00381744275769,39.50994110107422,39.50994110107422,34725800.0
2025-12-16,39.60677975937624,39.70361637045269,39.364684537605186,39.46152114868164,22709800.0
2025-12-17,39.49057347757401,39.606781849895356,39.19037775094417,39.5874137878418,22316100.0
2025-12-18,39.49057455020812,39.61646510993559,39.11290656510592,39.13227462768555,18822600.0
2025-12-19,38.87080610150889,38.967646401396095,38.55124234708044,38.5609245300293,53345100.0
2025-12-22,38.46409248218178,38.7933421526546,38.40598829536417,38.71586990356445,21111600.0
2025-12-23,38.73523668133554,38.92891360355823,38.60934612777879,38.65776443481445,19761800.0
2025-12-24,38.6674484759101,39.0644844852708,38.62871235448958,39.04511642456055,7949500.0
2025-12-26,38.99670267798795,39.258165987018046,38.99670267798795,39.2000617980957,11875400.0
2025-12-29,39.22910822799248,39.413102961301234,39.103221372031676,39.20005798339844,16846700.0
2025-12-30,39.20006002200409,39.48089138128429,39.141955835714356,39.41310501098633,15581300.0
2025-12-31,39.42278586921883,39.66488109616428,39.38404974632835,39.44215393066406,17454800.0
2026-01-02,39.480887631527274,39.60677817615833,39.02574745068563,39.238792419433594,30856800.0
2026-01-05,39.15164278300491,39.23879721777957,38.57061568056064,38.95796585083008,43091700.0
2026-01-06,39.06448532879993,39.18069000149087,38.72555349425137,39.02574920654297,32758400.0
2026-01-07,39.26784414455153,39.509939365780674,38.72555321320939,38.86112594604492,26834100.0
2026-01-08,38.89985853858806,39.44215316630543,38.793339743823516,39.28721237182617,28103000.0
2026-01-09,39.28721325662436,39.471204299812214,39.0160677836991,39.18069076538086,32108600.0
2026-01-12,39.2299525834307,39.466397951043795,38.92454476654953,39.249656677246094,31259300.0
2026-01-13,39.24965640609328,39.328469022638764,38.22506608380085,38.43195343017578,37255500.0
2026-01-14,38.54032119432056,39.2595036482486,38.52061710210963,39.239803314208984,25714700.0
2026-01-15,39.23980451642787,39.26935877656408,38.65854693199661,38.77676773071289,26483000.0
2026-01-16,38.52061830317696,38.76691382623608,38.32358489126682,38.33343505859375,38980200.0
2026-01-20,38.31373233260849,38.63884423856715,38.10684498781928,38.500919342041016,30650900.0
2026-01-21,38.52061779977929,38.73735905985373,38.38269290997605,38.658546447753906,21158800.0
2026-01-22,38.73736002736387,39.10187635354398,38.668397580739835,38.894989013671875,18880500.0
2026-01-23,38.86543620192835,38.97380683871191,38.48121576836598,38.93439865112305,21849400.0
2026-01-26,39.09202548612917,39.21024628420047,38.94424666991148,39.03291320800781,21081800.0
2026-01-27,39.07232398989644,39.09202808391296,38.60928717593746,38.737361907958984,26108800.0
2026-01-28,38.826026916503906,39.269359618913995,38.77676856249646,38.826026916503906,24412500.0
2026-01-29,38.99350897284112,39.70283752293441,38.89498850882022,39.22010040283203,44347500.0
2026-01-30,41.38750030923414,43.96868023822207,40.76683826299721,43.86030960083008,123584700.0
2026-02-02,43.919420348635434,44.80608199436603,43.22979211873062,43.948974609375,64539400.0
2026-02-03,43.97852683482012,46.06711176292172,43.84060194685652,45.56467056274414,60299100.0
2026-02-04,46.086816470672915,46.8454071227743,45.48585480094511,46.31340789794922,46213100.0
2026-02-05,46.51044735656872,46.874967449778154,45.95874777017013,46.402076721191406,42866500.0
2026-02-06,46.27400312882685,46.54985290639807,45.377487593549,45.623783111572266,36094600.0
2026-02-09,45.47600408169923,46.372519612722975,45.14104202845017,46.32326126098633,26954800.0
2026-02-10,46.323262153222636,47.081852810726524,46.07696663162416,46.68777847290039,32147000.0
2026-02-11,46.48089261417525,48.41184866292417,46.4710386884221,48.24436950683594,48933100.0
2026-02-12,48.17540463409692,49.49554875569801,48.17540463409692,48.72710418701172,56131100.0
2026-02-13,48.43155032840949,48.697549937837145,47.909405034813375,48.28377151489258,31998500.0
2026-02-17,48.56947618967863,48.76651335892473,48.05718105290734,48.204959869384766,24327500.0
2026-02-18,47.91925886630687,48.224666683783205,47.12126373517225,47.3380012512207,29318100.0
2026-02-19,48.165553649742925,48.42170310766883,47.771483053338436,47.91925811767578,26530600.0
2026-02-20,48.3034766332582,48.60888443386707,47.81088558863376,48.52021789550781,25456700.0
2026-02-23,48.61873575515886,49.731992594721916,48.52021904716418,48.94384765625,30113000.0
2026-02-24,49.042365113899386,49.33792275874428,48.6581446854069,49.12118148803711,23816700.0
2026-02-25,48.91429342594346,49.11132684205549,48.44140270439434,48.50051498413086,21693000.0
2026-02-26,48.53007038480584,48.75666558336575,48.14584995292254,48.16555404663086,23662600.0
2026-02-27,48.628589041572496,49.40688380228182,48.50051431632593,49.397029876708984,34693500.0
2026-03-02,49.239402770996094,49.51525256682363,48.89459052621168,49.239402770996094,23725700.0
2026-03-03,48.99310397701543,50.34280236302133,48.63843782987897,50.1162109375,31586900.0
2026-03-04,49.66303135154699,50.648213488065025,49.40688564964781,50.44132614135742,22816000.0
2026-03-05,50.214732079376574,50.55954430588762,49.594066313485285,50.4216194152832,27534300.0
2026-03-06,50.332952606676294,50.49058158911546,49.663028491767,50.36250686645508,23562600.0
2026-03-09,50.244287765029775,50.34280447306515,49.61377181399175,49.70243835449219,29057400.0
2026-03-10,49.56451324319761,50.066954465054955,49.27880952970447,49.95858383178711,20031300.0
2026-03-11,50.126064722806525,50.126064722806525,49.31821572688348,49.92902755737305,21554200.0
2026-03-12,49.702439102609205,50.195030166543546,49.071923142080706,49.8797721862793,26296100.0
2026-03-13,50.19502756476809,50.90435610451001,50.19502756476809,50.618656158447266,21780900.0
2026-03-16,50.59895354364616,50.697470250935076,49.99799185793789,50.2147331237793,20017500.0
2026-03-17,50.539841291811115,50.539841291811115,49.61377146500941,49.771400451660156,23765200.0
2026-03-18,49.62362351703924,49.73199415413439,48.64829529952613,48.85518264770508,32972500.0
2026-03-19,48.85518154774115,49.54480978431577,48.185257404573974,48.74681091308594,31234700.0
2026-03-20,49.002961162621524,49.712289745916834,48.75666562829791,49.239402770996094,67321800.0
2026-03-23,49.29851375835025,49.997992155510524,48.88473531729685,49.83051300048828,26390300.0
2026-03-24,49.80095441754277,50.9142112431477,49.73199197117686,50.15562057495117,20264600.0
2026-03-25,49.89947644656884,50.076809530831525,49.54481027804346,49.62362289428711,21920200.0
2026-03-26,49.82065719931227,50.490581310525144,49.682732310210454,49.98814010620117,24423300.0
2026-03-27,50.24428847481492,50.68762118357996,49.53495614079087,49.56451416015625,26273400.0
2026-03-30,50.11621431520874,50.165472670481726,49.40688573130017,49.55466079711914,23797600.0
2026-03-31,49.80095465903876,49.80095465903876,49.002959559171664,49.45614242553711,30514900.0
2026-04-01,49.32806620159248,49.426582905837904,48.44140083069817,48.65814208984375,28398900.0
2026-04-02,49.071923795052214,49.16059033806709,48.54977470477721,48.667999267578125,22737800.0
2026-04-06,48.66799887186493,48.99310702149499,48.3034787767834,48.42170333862305,17542700.0
2026-04-07,48.37243833620033,48.50051305812438,47.810884854603586,47.89955139160156,21945900.0
2026-04-08,47.17051890616666,47.44636868515345,46.42177842295769,47.328147888183594,34143200.0
2026-04-09,47.10155661415825,47.4562190062179,46.559703463432285,47.071998596191406,29376900.0
2026-04-10,47.09000015258789,47.099998474121094,45.95000076293945,46.040000915527344,25248600.0
2026-04-13,46.09000015258789,46.09000015258789,45.040000915527344,45.41999816894531,32920900.0
2026-04-14,44.77000045776367,45.47999954223633,44.27000045776367,45.47999954223633,31187400.0
2026-04-15,45.33000183105469,45.38999938964844,44.93000030517578,45.029998779296875,26230300.0
2026-04-16,45.22999954223633,46.86000061035156,45.040000915527344,46.779998779296875,26004100.0
2026-04-17,46.11000061035156,46.88999938964844,46.08000183105469,46.54999923706055,20004700.0
2026-04-20,46.59000015258789,46.970001220703125,46.2599983215332,46.439998626708984,16608100.0
2026-04-21,46.52000045776367,47.02000045776367,46.130001068115234,46.27000045776367,28978400.0
2026-04-22,45.880001068115234,46.150001525878906,45.16999816894531,45.97999954223633,22129500.0
2026-04-23,46.47999954223633,47.52000045776367,46.29999923706055,47.220001220703125,22750200.0
2026-04-24,47.060001373291016,47.34000015258789,46.380001068115234,46.380001068115234,26602300.0
2026-04-27,47.43000030517578,48.650001525878906,46.7400016784668,47.099998474121094,37920100.0
2026-04-28,47.9900016784668,48.18000030517578,46.599998474121094,47.2400016784668,28369800.0
2026-04-29,47.18000030517578,47.529998779296875,46.2599983215332,46.61000061035156,24195700.0
2026-04-30,46.86000061035156,48.04999923706055,46.83000183105469,48.029998779296875,34708800.0
2026-05-01,48.290000915527344,48.4900016784668,47.810001373291016,48.11000061035156,24123000.0
2026-05-04,47.81999969482422,47.880001068115234,47.33000183105469,47.56999969482422,18080100.0
2026-05-05,47.540000915527344,47.790000915527344,47.20000076293945,47.34000015258789,15148100.0
2026-05-06,47.16999816894531,47.61000061035156,46.90999984741211,47.439998626708984,19336400.0
2026-05-07,47.22999954223633,47.650001525878906,47.060001373291016,47.09000015258789,18839600.0
2026-05-08,47.209999084472656,47.459999084472656,46.95000076293945,47.220001220703125,16349800.0
2026-05-11,47.5,47.9900016784668,46.970001220703125,47.22999954223633,18560100.0
2026-05-12,47.70000076293945,48.18000030517578,47.27000045776367,47.93000030517578,18131900.0
2026-05-13,47.88999938964844,48.279998779296875,47.16999816894531,47.209999084472656,21212800.0
2026-05-14,47.459999084472656,47.5,46.90999984741211,47.060001373291016,16585100.0
2026-05-15,47.47999954223633,47.4900016784668,46.34000015258789,46.369998931884766,23356600.0
2026-05-18,46.599998474121094,47.02000045776367,45.810001373291016,46.7599983215332,25427400.0
2026-05-19,46.810001373291016,47.790000915527344,46.790000915527344,47.7400016784668,24593800.0
2026-05-20,47.72999954223633,48.09000015258789,47.4900016784668,47.81999969482422,16714600.0
2026-05-21,47.61000061035156,48.279998779296875,47.380001068115234,48.27000045776367,15841900.0
2026-05-22,48.5,48.52000045776367,48.04999923706055,48.349998474121094,14717700.0
2026-05-26,48.290000915527344,48.689998626708984,47.86000061035156,48.4900016784668,23013700.0
2026-05-27,48.43000030517578,48.959999084472656,48.119998931884766,48.2400016784668,15109800.0
2026-05-28,48.47999954223633,48.4900016784668,47.77000045776367,48.0099983215332,20714100.0
2026-05-29,48.060001373291016,48.15999984741211,47.34000015258789,47.810001373291016,40404700.0
2026-06-01,47.5,48.040000915527344,47.470001220703125,47.72999954223633,14647700.0
2026-06-02,47.779998779296875,48.13999938964844,47.27000045776367,47.869998931884766,14891400.0
2026-06-03,47.45000076293945,47.54999923706055,46.13999938964844,46.650001525878906,27822600.0
2026-06-04,47.13999938964844,47.34000015258789,44.29999923706055,44.869998931884766,33072500.0
2026-06-05,45.2400016784668,46.11000061035156,45.0,45.369998931884766,23121400.0
2026-06-08,45.29999923706055,45.83000183105469,45.099998474121094,45.439998626708984,18994700.0
2026-06-09,45.290000915527344,46.09000015258789,44.790000915527344,45.779998779296875,24758100.0
2026-06-10,46.459999084472656,47.029998779296875,45.95000076293945,46.95000076293945,25239500.0
2026-06-11,47.349998474121094,48.060001373291016,46.900001525878906,46.939998626708984,26889400.0
2026-06-12,47.40999984741211,48.209999084472656,47.0,48.11000061035156,21956900.0
2026-06-15,47.31999969482422,47.75,47.02000045776367,47.06999969482422,24208500.0
2026-06-16,47.099998474121094,47.400001525878906,46.310001373291016,46.72999954223633,20698400.0
2026-06-17,46.5099983215332,46.61000061035156,45.22999954223633,45.84000015258789,33481500.0
2026-06-18,45.790000915527344,46.060001373291016,45.36000061035156,45.369998931884766,66300400.0
