date,open,high,low,close,volume
2016-06-06,57.57792719382037,57.98609569689834,57.46130691536905,57.88243103027344,8573000.0
2016-06-07,58.14808055878692,58.90611006053027,58.12216438654727,58.77005386352539,12889100.0
2016-06-08,58.97738006506186,59.15231299716842,58.65343531686927,58.8218879699707,9983000.0
2016-06-09,58.42666856130377,58.97737358411399,58.38131649926068,58.74413299560547,8974300.0
2016-06-10,58.56921247400194,58.906112843022456,58.167519199819495,58.29710006713867,10353800.0
2016-06-13,58.258199027730264,59.23651316002741,58.115662604653544,58.692283630371094,11370000.0
2016-06-14,58.60160154975011,58.873718888316525,58.21286884994667,58.588645935058594,10161000.0
2016-06-15,58.45905215583089,58.89313678894063,58.310035445881226,58.413700103759766,10655800.0
2016-06-16,58.11570310446606,59.21063826023044,57.73345056074124,59.10049819946289,12824800.0
2016-06-17,59.27540006995061,59.34018802162089,58.43314681222916,58.776527404785156,17483200.0
2016-06-20,59.14581122216589,59.34017503463896,59.00327479388396,59.03567123413086,9388500.0
2016-06-21,58.77652648142709,59.372583536236064,58.47201767605622,59.30131530761719,8557500.0
2016-06-22,59.50216181139612,59.560474429412416,58.96441735082358,59.068077087402344,8785400.0
2016-06-23,59.56048881886925,59.65119296391574,59.08105191747994,59.47626495361328,9464500.0
2016-06-24,58.232282148365954,58.82834399598713,57.75932577907167,57.914817810058594,20010500.0
2016-06-27,57.5973768967487,57.726952818102895,57.08554360429191,57.57146072387695,14169400.0
2016-06-28,58.13512929190907,58.9125947452252,57.99906814172419,58.89963912963867,13254300.0
2016-06-29,59.22357722549399,60.059350269372814,59.03568869110903,59.90385818481445,13920600.0
2016-06-30,59.81963652054332,60.79147073478932,59.800200627139105,60.733158111572266,14073700.0
2016-07-01,60.48696274505982,60.8886560054408,60.29907420115603,60.79794692993164,9946300.0
2016-07-05,60.33146312189892,60.642447267952925,59.76779756054571,60.26667022705078,10744100.0
2016-07-06,60.48045943511996,60.97933691692681,59.89088279835132,60.959896087646484,13144400.0
2016-07-07,61.12188793215871,61.21907233761051,59.8325893193104,60.22780227661133,12240700.0
2016-07-08,60.506388450424154,60.7590649117125,60.201879652716755,60.603572845458984,9807600.0
2016-07-11,60.73961054658774,61.16721977747675,60.674822617271815,60.83031463623047,8335700.0
2016-07-12,61.335658801726524,61.517066955566406,60.95988194420023,61.517066955566406,9870800.0
2016-07-13,61.32272893787681,61.49765689022736,60.972868090172184,61.47174072265625,9458200.0
2016-07-14,61.58185981879619,61.8928438130927,61.303267313113096,61.517066955566406,9293500.0
2016-07-15,61.83456745743438,61.90583568864926,61.3162539473269,61.62724304199219,10334500.0
2016-07-18,61.49765690496105,61.64667363277973,61.160756612463025,61.43286895751953,9865900.0
2016-07-19,61.39401955761923,61.51063988272699,61.031198022281,61.20613098144531,5901800.0
2016-07-20,61.063582825959244,61.17372285004045,60.77203454033149,60.856258392333984,7383800.0
2016-07-21,60.83034045721625,61.07006133474319,60.551747794200075,60.80442428588867,6854600.0
2016-07-22,60.97287282183849,61.08949311345676,60.72019634716622,60.908084869384766,7139700.0
2016-07-25,60.55822733309828,60.6554117386386,59.45033697314878,59.73540496826172,10845900.0
2016-07-26,59.366103258269675,59.625260003883426,59.02920294907445,59.30131530761719,12143500.0
2016-07-27,59.288371856296735,59.48273574812337,58.71822591039376,58.89963912963867,10037900.0
2016-07-28,58.65989444730221,58.78299498899558,58.057357235175736,58.43960952758789,12439200.0
2016-07-29,56.76159130995044,57.668637467827715,55.796237478118684,57.6297607421875,23928100.0
2016-08-01,57.06608825951756,57.111440310833814,55.452840413404495,55.62777328491211,22908400.0
2016-08-02,56.01003093069801,56.57369643059416,55.446370373805195,56.39228820800781,18919200.0
2016-08-03,56.37285756423884,56.68384170532227,56.107220540018105,56.683841705322266,14632900.0
2016-08-04,56.69030851515574,56.78749288978225,56.385799781393914,56.67735290527344,13451400.0
2016-08-05,56.83932813018144,56.90411606892073,56.46355116528956,56.729183197021484,9617300.0
2016-08-08,57.046666577843,57.59089132915945,57.03370602109502,57.396522521972656,10492700.0
2016-08-09,57.41596511142316,57.50666923941401,57.130892170306645,57.46779251098633,9654600.0
2016-08-10,57.356714752141684,57.44819236856008,56.200173467334196,56.46154022216797,12714800.0
2016-08-11,56.644499011531735,57.023475595421424,56.36353060484665,56.664100646972656,11616000.0
2016-08-12,56.820908403555144,57.48739379852896,56.78170513978808,57.40244674682617,9986900.0
2016-08-15,57.77489540662693,57.82716975086173,57.26523301322732,57.376312255859375,6432600.0
2016-08-16,57.38939531515666,57.61808938748145,57.08882525079311,57.44820022583008,6817900.0
2016-08-17,57.44819159042075,57.61808072653498,57.27830743946266,57.57234191894531,7104600.0
2016-08-18,57.748752314370535,58.11466770134626,57.57886819075698,58.09506607055664,10342700.0
2016-08-19,57.91211546261652,57.98399144416962,57.36324976910866,57.36978530883789,8615300.0
2016-08-22,57.04960504654619,57.56580297894217,56.74903504511735,57.493927001953125,8235400.0
2016-08-23,57.39590759070817,57.51352235975287,57.21295239111759,57.317501068115234,6514800.0
2016-08-24,57.17376124397447,57.60501715023265,57.07574808481067,57.51353454589844,7985400.0
2016-08-25,57.51352393459116,57.5200594733713,57.00386158316029,57.147613525390625,6935300.0
2016-08-26,57.25869758192259,57.57233866276715,56.847048336897714,57.023468017578125,6474400.0
2016-08-29,56.873176139268125,57.44817887673689,56.873176139268125,57.395904541015625,7027200.0
2016-08-30,57.415519991573454,57.663815646727635,57.088812820770464,57.18682098388672,6441100.0
2016-08-31,56.93853759765625,56.98427641201808,56.3373974702845,56.93853759765625,12491400.0
2016-09-01,56.66408996349764,56.742496490478516,56.252435756225694,56.742496490478516,8434700.0
2016-09-02,57.12148666381835,57.22603536254607,56.80131499798831,57.12148666381836,7099600.0
2016-09-06,57.39592243713026,57.91865598702173,57.2783126228191,57.87291717529297,9851200.0
2016-09-07,57.92517840812604,57.93824450059358,57.480856486897544,57.65727615356445,7470400.0
2016-09-08,57.859831583980096,58.395631048760606,57.52658893358157,58.18653869628906,9579500.0
2016-09-09,57.931715324681385,57.931715324681385,56.716364304921946,56.742496490478516,12820200.0
2016-09-12,56.70328688316252,57.31096232505699,56.60527375024631,57.036529541015625,10889000.0
2016-09-13,56.49419316387162,56.50072870194979,55.592483330124836,55.677425384521484,13214300.0
2016-09-14,55.56636595550037,56.082563974136065,55.06323403252022,55.27886199951172,13957000.0
2016-09-15,55.324600276659645,55.964948631031305,55.22658711214321,55.59250259399414,9062600.0
2016-09-16,55.22005515343191,55.572899545628886,54.59930845070969,54.90641403198242,21538400.0
2016-09-19,55.265779384651296,55.29191655330653,54.76264761205963,54.775718688964844,7929100.0
2016-09-20,54.71039562305741,54.85414261854864,53.932830810546875,53.932830810546875,17522000.0
2016-09-21,54.115783164447706,54.638516705130485,53.78254040763352,54.42942428588867,15055900.0
2016-09-22,55.06973717550813,55.24616176658609,54.48166351383786,54.586212158203125,10738500.0
2016-09-23,54.0243045768778,55.08936828942129,53.965494686652924,54.52743148803711,12667100.0
2016-09-26,54.573152947968694,55.21350107101785,54.18764095466667,54.2725830078125,10860300.0
2016-09-27,53.96548887268723,54.455549636086815,53.76946755842093,54.39020919799805,9595000.0
2016-09-28,54.53395348687432,56.99732803629906,54.45554198109683,56.781700134277344,28117900.0
2016-09-29,56.82746354608679,56.97774609913993,55.98455818823222,56.49422073364258,19082900.0
2016-09-30,56.74250248563692,57.37631523319461,56.61835714308203,57.030006408691406,15961500.0
2016-10-03,56.80783137658342,56.977715476979306,56.54646470307983,56.87970733642578,7111200.0
2016-10-04,57.09533181731637,57.17374331709268,56.23936079833286,56.35697555541992,8222000.0
2016-10-05,56.73595904587398,56.95811749221195,56.65101200508772,56.84703826904297,8796200.0
2016-10-06,57.01040061596141,57.15415256700193,56.481136600908336,56.87318420410156,7718300.0
2016-10-07,56.81436712078656,57.10840652477993,56.468058365439894,56.67715072631836,6614900.0
2016-10-10,57.19988243232361,57.93823871937378,57.180280803000464,57.78795623779297,10060000.0
2016-10-11,57.55271836093169,57.62459431478597,57.04305613189531,57.3305549621582,9309000.0
2016-10-12,56.990786187469475,57.31749328096778,56.631406390559484,56.931976318359375,8172600.0
2016-10-13,56.42233100203943,56.762109273049575,55.82119096582901,56.559547424316406,9890300.0
2016-10-14,56.97120243804505,57.19989647823113,56.50727881790865,56.54648208618164,7991700.0
2016-10-17,56.50727881790865,56.70983568419401,56.23937652429339,56.54648208618164,7263100.0
2016-10-18,56.95811733034839,57.06266600020207,56.441919489544496,56.69675064086914,5429300.0
2016-10-19,56.971178068566196,57.402428790569715,56.76861630377065,56.958106994628906,9373400.0
2016-10-20,56.70982395293193,57.173747477098914,56.58567364887486,56.984256744384766,6866900.0
2016-10-21,56.46805379333383,56.72942046955834,55.99759477316065,56.59873962402344,10736200.0
2016-10-24,56.677154307003555,57.0561357928996,56.23936792768679,56.788238525390625,8354900.0
2016-10-25,56.63142793113344,57.27177627142381,56.58568912005245,56.664100646972656,6835900.0
2016-10-26,56.35698005529537,57.1410751750461,56.16095378278009,56.905845642089844,8488100.0
2016-10-27,57.030006492958584,57.27830714874747,56.7163703811231,56.794776916503906,9071100.0
2016-10-28,55.72316478741605,56.42885335289456,54.97827296335149,55.39645767211914,19072200.0
2016-10-31,54.808388585311164,55.14816680615392,54.22685026883782,54.44247817993164,16663800.0
2016-11-01,54.56009461452314,54.83452742692533,54.40980713049973,54.65810775756836,13050600.0
2016-11-02,54.42942331292299,54.8083998887292,54.194193722336294,54.52743148803711,11226100.0
2016-11-03,54.67770842642109,54.808389291410094,54.26605921506583,54.664642333984375,8836500.0
2016-11-04,54.64504204263806,55.1024350933527,54.076574730466085,54.605838775634766,13877100.0
2016-11-07,55.20699311679521,55.84734155978966,55.14818820104086,55.83427047729492,13576200.0
2016-11-08,55.854033986266295,56.57915318518313,55.695822320493015,56.236366271972656,9735200.0
2016-11-09,55.40576846511643,57.15923805411777,55.14868083751585,56.85600662231445,15901300.0
2016-11-10,56.63188175078843,58.00301410615459,56.46708172943839,57.38336944580078,14106100.0
2016-11-11,57.04058729678729,57.17243034233664,55.9594994697723,56.47367477416992,13812200.0
2016-11-14,56.22976243906507,56.460481434959156,55.59033762951794,56.216575622558594,12607500.0
2016-11-15,56.539584627097874,57.38995327332759,56.539584627097874,57.231746673583984,12883500.0
2016-11-16,57.17901970533404,57.205388314897085,56.41435014519775,56.52641296386719,8201200.0
2016-11-17,56.98126348772813,57.27130813844951,56.04519543747383,56.183631896972656,8200500.0
2016-11-18,56.17043182337978,56.460481434959156,55.9199376320229,56.216575622558594,8457800.0
2016-11-21,56.9812870754982,57.14608718385695,56.78352493374762,57.014244079589844,8861500.0
2016-11-22,57.146074001837796,57.50863113901503,56.67144899455943,57.13948059082031,9390200.0
2016-11-23,57.047189434896566,57.403158168397916,56.895571166640934,57.29768371582031,5996300.0
2016-11-25,57.159245174111035,57.44270144360702,57.04718235413074,57.42951965332031,5042300.0
2016-11-28,57.31744318051851,57.43609939243914,56.93511096814966,57.00102996826172,7449600.0
2016-11-29,56.30886786092576,56.74394231414619,56.08474225481632,56.62528610229492,9181100.0
2016-11-30,57.74593284161158,58.13486355011151,57.4822517725215,57.54817581176758,22696200.0
2016-12-01,57.996409878630466,58.33919161648107,57.50859832763672,57.50859832763672,13005600.0
2016-12-02,57.475658670373676,58.00301573593304,57.086727993824645,57.37677764892578,9706600.0
2016-12-05,57.60749371928121,57.89094995057438,57.29766888167036,57.66682434082031,11741100.0
2016-12-06,57.528390084731434,57.92391416521745,57.1526462317078,57.71955871582031,11293600.0
2016-12-07,57.765702151185145,58.108489014837026,57.48224591094506,58.05575180053711,11182600.0
2016-12-08,58.042576335472155,58.56993344803528,57.77889526454154,58.220558166503906,9086700.0
2016-12-09,58.431506946563246,58.66881942749024,58.12827544966733,58.668819427490234,8021700.0
2016-12-12,59.420298821190464,60.31681139287095,59.420298821190464,59.974029541015625,15545400.0
2016-12-13,60.573897872068144,61.45063522780966,60.09927298687581,61.02874755859375,18829300.0
2016-12-14,60.817810361194226,60.82439874193699,59.44007936191673,59.71035385131836,16325400.0
2016-12-15,59.393923283920216,59.974022544568406,59.16979768179504,59.91469192504883,11155100.0
2016-12-16,60.32998727012524,60.42886828497129,59.74989302795097,60.10586166381836,20560400.0
2016-12-19,60.23771287945461,60.34318732624275,59.45985643693662,59.604881286621094,9674400.0
2016-12-20,59.66419503317459,59.88832062521622,59.5191702245373,59.61145782470703,7221000.0
2016-12-21,59.77626190259113,59.921286721110995,59.4466618711541,59.51258087158203,7308000.0
2016-12-22,59.341176726253494,59.921275895530286,59.341176726253494,59.9015007019043,8003100.0
2016-12-23,59.914703443246154,59.96084725427789,59.6707975681937,59.79604721069336,4266500.0
2016-12-27,59.87513252761672,60.059707708504135,59.71033254049632,59.82239532470703,4960600.0
2016-12-28,59.7762816496112,60.05973797145838,59.499418738774146,59.525787353515625,6745900.0
2016-12-29,59.393923437378405,59.723523462035665,59.34777963509828,59.55872344970703,6684700.0
2016-12-30,59.34779807996337,59.7894610432384,59.33461628777106,59.49941635131836,9117800.0
2017-01-03,59.94765393914828,60.21132993475502,59.42688529801968,59.91469192504883,10360600.0
2017-01-04,60.066315320016045,60.08609051845928,59.16320936649289,59.255496978759766,9434200.0
2017-01-05,59.453280542959696,59.52579298303172,58.299679942740475,58.3721923828125,14443200.0
2017-01-06,58.53037914821002,58.6556287801497,57.89095422832524,58.339210510253906,16518100.0
2017-01-09,58.154633972726174,58.154633972726174,57.05377100620712,57.37677764892578,13762300.0
2017-01-10,57.46247590056762,57.554763519275326,56.63188733219821,56.64506912231445,13283100.0
2017-01-11,56.625296769045214,57.31745394414779,56.59892815818917,57.22516632080078,11183700.0
2017-01-12,57.528404496151275,57.60091692711893,56.73736619561172,56.915348052978516,10407000.0
2017-01-13,56.86917594535871,57.13945033165792,56.80325695798946,56.921913146972656,8415600.0
2017-01-17,57.073555051640355,57.60750560921026,56.85601777659394,57.587730407714844,13237300.0
2017-01-18,57.38996881743552,57.62069291495408,56.72418022475742,56.87579345703125,11831700.0
2017-01-19,56.67145286443975,56.75714709632268,55.761753195269904,55.85404586791992,16382900.0
2017-01-20,56.32206766612883,56.664849563133465,56.06497998605073,56.61870574951172,18739700.0
2017-01-23,56.48025751208375,56.612095503424975,55.86720129668279,56.01222610473633,11433900.0
2017-01-24,56.018827911031295,56.34183455874801,55.91994688805335,56.09133529663086,11858100.0
2017-01-25,56.256134033203125,56.61210269017002,56.19680843835746,56.256134033203125,9578500.0
2017-01-26,56.48687428128508,56.579161919250026,56.11113031834235,56.42754364013672,8779400.0
2017-01-27,56.2297898180186,56.52642795299094,56.058396325059356,56.368221282958984,10947900.0
2017-01-30,56.308882115198315,56.32865731729662,55.491475242910646,55.93973159790039,12789200.0
2017-01-31,56.0583817822204,56.07815698218183,54.79930707216338,55.30030059814453,19128100.0
2017-02-01,55.37282680925373,55.478301274382645,54.410394946799286,54.674076080322266,15111800.0
2017-02-02,54.852066287305846,55.06301022031318,54.41699662579699,55.01027297973633,12200100.0
2017-02-03,55.175030374850905,55.18821718943755,54.647673465197364,55.06956100463867,12746300.0
2017-02-06,55.076172772610924,55.14209177963094,54.667466882210284,54.91796112060547,9938200.0
2017-02-07,54.86523296728877,55.12232063408122,54.35105260440564,54.56199645996094,11705200.0
2017-02-08,54.54202512271372,54.628507983662395,53.99653853750814,54.202762603759766,14006300.0
2017-02-09,54.202775719524595,54.58195544885539,54.202775719524595,54.44225311279297,9603000.0
2017-02-10,54.721670946613145,55.06093366072587,54.635188035915704,54.89462661743164,8739800.0
2017-02-13,55.060900713070936,55.333646537004604,54.78150626559144,55.213905334472656,9071600.0
2017-02-14,55.15405803693971,55.28044791060463,54.588610154967434,55.09418487548828,11370500.0
2017-02-15,54.97444827575053,55.33367204896893,54.85470701801106,55.320369720458984,11768500.0
2017-02-16,55.29375490134132,55.49332026235621,54.66178523657664,54.748268127441406,10615000.0
2017-02-17,54.60855561999826,54.67508246991666,54.17616154724518,54.389034271240234,15646000.0
2017-02-21,54.628521936972405,54.64847796373922,54.08303521243768,54.47551727294922,16419600.0
2017-02-22,54.31585219925357,54.34911054488707,53.79697531474476,53.83688735961914,12917400.0
2017-02-23,54.16286126960268,54.695045687215995,53.903422761720044,54.40234375,13847000.0
2017-02-24,54.28261531391648,54.415663987346534,53.72382611137408,53.93669891357422,11338700.0
2017-02-27,53.9699413318498,54.35577475788345,53.757068592535795,54.2426872253418,13465900.0
2017-02-28,54.23602979982097,54.54203402436273,53.91672325042352,54.09633255004883,16834200.0
2017-03-01,54.349133009530355,55.43345804614306,54.349133009530355,55.22723388671875,17482100.0
2017-03-02,55.08088011202823,56.045458676343145,55.074226410986334,55.41349411010742,14170300.0
2017-03-03,55.413500026126684,55.61306540110796,54.72166222722603,54.854705810546875,12190400.0
2017-03-06,54.841418171339654,55.14742255516932,54.76824265832727,55.10085678100586,9617200.0
2017-03-07,55.287113878755875,55.406855152939244,54.64184173872817,54.89462661743164,12711500.0
2017-03-08,54.781512424089044,54.80146844754029,53.89010954136212,53.903411865234375,16817700.0
2017-03-09,53.64399372363092,54.362441291650676,53.424467231965835,54.32917785644531,14721800.0
2017-03-10,54.84140521017852,54.86136124077665,53.989914069408044,54.28926467895508,11355200.0
2017-03-13,54.21608414523324,54.50878610090673,53.91673356350322,54.162864685058594,9571400.0
2017-03-14,53.88345423649013,54.03645887053421,53.510928275736646,53.876800537109375,11335700.0
2017-03-15,54.11631054438689,54.58862193544089,53.916745138818136,54.548709869384766,11970300.0
2017-03-16,54.56865089163688,54.681738431213134,54.32916841060082,54.59526062011719,9923800.0
2017-03-17,54.56866590241283,54.72167061444155,54.428968595928254,54.548709869384766,18834100.0
2017-03-20,54.362446794072,54.5753196051849,54.176183718759226,54.548709869384766,7700300.0
2017-03-21,54.655142026177636,54.78153191142452,54.28261084652031,54.43561553955078,13387700.0
2017-03-22,54.52207782050486,54.60855561999826,54.16950784719612,54.389034271240234,11168400.0
2017-03-23,54.302550315791336,54.69503740629748,54.189462793638334,54.4555549621582,8928000.0
2017-03-24,54.568655524178624,54.568655524178624,53.98325667377527,54.036476135253906,9128500.0
2017-03-27,53.76373352032083,54.169523057391004,53.74377748985631,54.049781799316406,8481200.0
2017-03-28,54.09633681115065,54.5619943470704,53.85685434259578,54.44225311279297,11028600.0
2017-03-29,54.34248648273852,54.73496863549257,54.249354952414244,54.562007904052734,8495500.0
2017-03-30,54.56866611847426,55.792688593686016,54.50879801915304,55.679595947265625,44704900.0
2017-03-31,55.38686304399828,55.42012138582166,54.45554319310073,54.555328369140625,21750400.0
2017-04-03,54.56199719069511,54.75491391571231,54.11629565804508,54.59526062011719,11438700.0
2017-04-04,54.615200717446214,54.82807340791106,54.10297755064448,54.79481506347656,9270900.0
2017-04-05,55.11414459951508,55.579807293814866,54.86135975994941,54.90127182006836,13809100.0
2017-04-06,55.04762414585204,55.353628456540704,54.854707391774674,55.220584869384766,9554900.0
2017-04-07,55.37358981208521,55.45341901722806,55.001063671994615,55.054283142089844,8909600.0
2017-04-10,55.29374352624709,55.52657227051016,55.16069490432106,55.300392150878906,8885300.0
2017-04-11,55.267129800817266,55.32699786988537,54.82807699317543,55.10747146606445,8576500.0
2017-04-12,55.12079804785322,55.44675837966314,55.01435912097556,55.193973541259766,9516100.0
2017-04-13,55.02766376858612,55.034317470004595,54.2626505146503,54.34247970581055,8667900.0
2017-04-17,54.44890404340516,54.52873322062446,54.17616323632346,54.26929473876953,9577200.0
2017-04-18,54.096326809863754,54.428940724109175,53.903410130567146,53.916717529296875,8821400.0
2017-04-19,53.99654845143321,54.222728580881785,53.41780341561408,53.544193267822266,10764400.0
2017-04-20,53.850208140816136,54.37573890469971,53.683901129787934,53.8901252746582,11649100.0
2017-04-21,53.83690703627864,53.88347279741306,53.530902738068555,53.67725372314453,9816700.0
2017-04-24,54.06973351270421,54.149562703476,53.75707552629026,53.95664596557617,8729700.0
2017-04-25,54.169501584339706,54.502115494331896,54.06971639628495,54.36907196044922,10733800.0
2017-04-26,54.22938313105228,54.768221250365336,54.14290532006249,54.149559020996094,9445900.0
2017-04-27,53.93003206183423,54.08303673015114,53.84355425165572,54.056427001953125,12385300.0
2017-04-28,54.85468988750611,54.874645911682734,54.255983785777985,54.31585693359375,12072200.0
2017-05-01,54.22272406766369,54.68838153764273,54.20276804399113,54.58859634399414,8664100.0
2017-05-02,54.64182685389104,54.941177420160066,54.48217355690001,54.58195877075195,9102900.0
2017-05-03,54.528725973845134,55.26047557093856,54.48881392818285,55.014339447021484,10289000.0
2017-05-04,54.741603241680096,54.78816899059824,54.14955083031259,54.3092041015625,16164500.0
2017-05-05,54.30256934453686,54.708358901787385,54.28926701532815,54.562007904052734,10213000.0
2017-05-08,54.54869457183624,55.17401049955636,54.54869457183624,55.1407470703125,8097100.0
2017-05-09,55.18730484186282,55.2139145663508,54.65512557796116,54.754905700683594,8647100.0
2017-05-10,55.14440393867307,55.31228144139566,54.82879341384024,55.003387451171875,9520300.0
2017-05-11,55.460009008498986,55.54059205368107,55.13097053963135,55.47344207763672,10047300.0
2017-05-12,55.325680537378304,55.54056342388222,55.2316695947336,55.43312454223633,7480200.0
2017-05-15,55.73532456530421,55.85619655844669,55.500297112864445,55.60102462768555,10881500.0
2017-05-16,55.66815189884809,55.88975131645866,55.365969477594,55.43312454223633,9574200.0
2017-05-17,55.433132074773205,55.76217041874108,55.03693865703763,55.05708312988281,11151100.0
2017-05-18,54.90937063381978,55.164547713551045,54.67434315765789,54.89594268798828,9905800.0
2017-05-19,55.063809227330346,55.124242656364096,54.855642807484685,55.01680374145508,13028500.0
2017-05-22,55.13767294667941,55.285405930053294,55.01680097148381,55.258544921875,9218700.0
2017-05-23,55.27870643072283,55.66146694958336,55.22498439781239,55.45330047607422,6857200.0
2017-05-24,55.345839356044365,55.42642238057925,55.0705229878404,55.258544921875,8136000.0
2017-05-25,55.28541971889356,55.54059167541008,54.741493133244894,54.89594268798828,12370900.0
2017-05-26,54.801923781549796,54.92951230298564,54.278146875128506,54.761634826660156,8227100.0
2017-05-30,54.58030645768433,54.62059539941588,54.4191455675458,54.459434509277344,8973600.0
2017-05-31,54.35201891484201,54.35873032586507,54.03640840746468,54.05655288696289,13572300.0
2017-06-01,53.96925872003025,54.3251581882854,53.84838671918751,54.190853118896484,9884100.0
2017-06-02,54.116968191392814,54.177406732849605,53.2238641192173,53.38502502441406,21687300.0
2017-06-05,53.34474939472301,53.982681765975265,53.3178883832831,53.80137634277344,11527100.0
2017-06-06,53.92224245798271,54.607180243829426,53.86852044095573,54.5333137512207,12208600.0
2017-06-07,54.42587054940161,54.66089795134801,53.949094089893464,54.33185958862305,13096500.0
2017-06-08,54.331865397386764,54.446020844363524,54.04982736168453,54.13712692260742,11720700.0
2017-06-09,54.49303093664514,55.15782432177406,54.184136988774995,55.15110778808594,13553900.0
2017-06-12,55.15108748515387,56.19864605665322,55.15108748515387,55.688297271728516,18172900.0
2017-06-13,55.63459145155656,55.91662436610119,55.44656950852681,55.708457946777344,12175500.0
2017-06-14,55.60773284406841,55.61444937752779,54.76834547413276,55.110816955566406,13714000.0
2017-06-15,54.91607253617967,55.33241047103115,54.78177262078932,55.238399505615234,11862600.0
2017-06-16,55.47343468927866,56.09793911742308,55.198113163986974,56.064361572265625,39726100.0
2017-06-19,56.06437243937822,56.06437243937822,55.433156478423236,55.57417297363281,10445700.0
2017-06-20,55.110804123851594,55.37940904433321,54.66761035978776,55.27196502685547,13232600.0
2017-06-21,55.09068730898727,55.48687579510939,54.4863272152952,54.687782287597656,11422300.0
2017-06-22,54.69448890553445,54.78178848671396,54.32516146963953,54.4460334777832,8139900.0
2017-06-23,54.29158045833712,54.85565150145263,54.23114701972539,54.80192947387695,10611200.0
2017-06-26,54.77504332835653,54.8959152733364,54.33184961223846,54.553443908691406,7718700.0
2017-06-27,54.69448218351854,54.8825092689115,54.46617126464844,54.46617126464844,9221600.0
2017-06-28,54.66762155649156,54.902648988845144,54.51988856380822,54.748199462890625,9189700.0
2017-06-29,54.64076869733115,54.956374083162345,53.99611973390803,54.190853118896484,20525100.0
2017-06-30,54.44603364688932,54.55347258600913,54.19085656045187,54.21100616455078,14000600.0
2017-07-03,54.25127852491877,55.392843160213545,54.204273042835176,55.13095474243164,8422300.0
2017-07-05,54.84891929097517,54.84891929097517,54.069965483402264,54.29156494140625,9830800.0
2017-07-06,54.29829224637669,54.446025247689185,53.78122674178293,53.80137634277344,9822400.0
2017-07-07,53.85509339137609,54.123698383304,53.593204933130245,53.868526458740234,10777800.0
2017-07-10,53.72078016266143,53.996101620137225,53.693919157794554,53.828224182128906,6338300.0
2017-07-11,53.94237855415816,54.22441141491857,53.74764011509615,54.12368392944336,9681100.0
2017-07-12,54.51988607285296,54.741480428539774,54.22442010098582,54.36543655395508,7974000.0
2017-07-13,54.37215805053711,54.452735960610596,54.210997107176134,54.37215805053711,5582300.0
2017-07-14,54.39228891413664,54.66761036654784,54.23783941979648,54.5803108215332,7497200.0
2017-07-17,54.39230504896834,54.681054527613654,54.27814958893081,54.29829406738281,7914700.0
2017-07-18,54.40571679020377,54.44601085832149,53.99610056283998,54.12368392944336,8046100.0
2017-07-19,54.01624859439381,54.30499800606817,53.9020880376198,54.29156494140625,9393200.0
2017-07-20,54.37216057051633,54.72134348451766,54.2244275642493,54.29829406738281,9681000.0
2017-07-21,54.15727577872769,54.28485917904969,53.72079330845368,53.80137634277344,12268600.0
2017-07-24,53.76108254650021,53.86852659282446,53.55963264446342,53.63349914550781,9403000.0
2017-07-25,54.23784305764334,54.42587010086401,53.9020881652832,53.9020881652832,11465300.0
2017-07-26,54.11027383161639,54.325156813988066,53.85509676784011,53.96925735473633,10465100.0
2017-07-27,53.88195134310749,54.31171725650149,53.653640443022965,54.27814483642578,11149700.0
2017-07-28,53.48577176267472,53.667077205877334,52.55908469701906,53.45219421386719,22800800.0
2017-07-31,53.60664129916252,53.98268523707289,53.45219175425538,53.747657775878906,12820200.0
2017-08-01,53.828234268646234,54.08340617787724,53.70064575242384,53.83494567871094,10421200.0
2017-08-02,53.65362916150934,54.15054493378427,53.58647921226345,54.12368392944336,10410100.0
2017-08-03,53.94909626374678,54.27142323027066,53.922240379482005,54.04982376098633,10136700.0
2017-08-04,54.01625065769419,54.0968285558913,53.75436224212703,53.86180114746094,8292200.0
2017-08-07,53.834935590936,53.834935590936,53.62676920723379,53.828224182128906,7893800.0
2017-08-08,53.734228169723565,53.86853324421212,53.60664475297787,53.693939208984375,9028400.0
2017-08-09,53.88866215459773,53.95581211083309,53.57305172475699,53.86180114746094,8087100.0
2017-08-10,54.0787796864384,54.09233778606094,53.502464754333815,53.54314422607422,12580300.0
2017-08-11,53.705869922348924,53.73299129579819,53.021069468155744,53.02785110473633,10192400.0
2017-08-14,53.30583543474791,53.421097379563875,52.966826063261564,53.04140853881836,8862500.0
2017-08-15,52.96682895604789,53.05496953521405,52.6684990375274,52.9125862121582,10350900.0
2017-08-16,52.91258591298195,53.00072649164975,52.4176299303145,52.52611541748047,9117100.0
2017-08-17,52.38371465641013,52.39727275135594,51.671793109285964,51.70569610595703,13400400.0
2017-08-18,51.651468017220914,52.282025654742064,51.56332744291865,51.963356018066406,14324300.0
2017-08-21,51.8480956065585,51.94979945552868,51.58366870295964,51.787071228027344,10084900.0
2017-08-22,51.90233459453921,52.43118836348062,51.888771323458926,52.03115463256836,9503600.0
2017-08-23,52.00403525582856,52.21422458264837,51.848093842536166,51.943016052246094,7054300.0
2017-08-24,51.868431954058515,51.97013579638603,51.66502426940348,51.753170013427734,8678300.0
2017-08-25,51.909107913206505,52.29557834963096,51.82096734801214,52.01759338378906,6844900.0
2017-08-28,52.139639375139744,52.16676074404595,51.705707818384845,51.84809112548828,8229700.0
2017-08-29,51.671806829795976,51.86165124667321,51.58366625706651,51.834529876708984,7060400.0
2017-08-30,51.69215122089623,51.83453454638119,51.5701076314987,51.59722900390625,8218000.0
2017-08-31,51.71248537277335,51.86165031847074,51.56332559994827,51.753170013427734,15641700.0
2017-09-01,51.7802994883338,52.10574562727879,51.74639647796019,51.91590118408203,7361100.0
2017-09-05,51.96335231656525,52.451526604113674,51.94301258339608,52.32948303222656,12784800.0
2017-09-06,52.810896877260426,53.712663344031405,52.600712653003356,53.41433334350586,18574400.0
2017-09-07,53.57703489298002,53.787224205552086,53.299049918493516,53.58381652832031,9836400.0
2017-09-08,53.57027727879829,53.59061701910342,53.312626773936096,53.44145202636719,8436000.0
2017-09-11,53.841479579007334,53.84825604306593,53.49568851570576,53.732994079589844,12955800.0
2017-09-12,53.834699300178194,54.03132539317773,53.72621379802391,53.90250015258789,7644400.0
2017-09-13,53.902489433187704,54.08555221557617,53.82112532275259,54.08555221557617,8369700.0
2017-09-14,54.13978628592199,54.397436674603505,54.08554355431835,54.30250930786133,9072600.0
2017-09-15,54.322866325901664,54.38388553290939,53.93639582956782,54.288963317871094,16043700.0
2017-09-18,54.09910682365506,54.336412308331504,54.03808245738306,54.30250930786133,8594400.0
2017-09-19,54.282177667595384,54.505925089156726,54.23471656358593,54.390663146972656,9277100.0
2017-09-20,54.431353853454304,54.68900433373485,54.41779575216906,54.61442184448242,10606900.0
2017-09-21,54.57372994008433,54.60085131192285,54.07877912943131,54.16691970825195,11984200.0
2017-09-22,54.051650376874186,54.444902455525344,54.017747373487275,54.187252044677734,10205800.0
2017-09-25,54.26183917344835,54.919518181803625,54.22794134002258,54.90596008300781,10496600.0
2017-09-26,54.722885176301226,54.91951120754199,54.62118134319437,54.84492874145508,8755100.0
2017-09-27,54.844936452766724,55.224625298687386,54.77713561211983,55.21106719970703,9724500.0
2017-09-28,55.346670108527775,55.902645290759324,55.29920900173506,55.72636413574219,15581700.0
2017-09-29,55.5568591889924,55.63821813005077,55.312772020072,55.583980560302734,9944000.0
2017-10-02,55.122937386966576,55.47550493089316,55.089034373587246,55.3466796875,6777900.0
2017-10-03,55.197512723546595,55.57720159438767,55.12293024207812,55.434818267822266,6082000.0
2017-10-04,55.461913163895844,55.50937425009389,55.22460256003518,55.45513153076172,6357100.0
2017-10-05,55.407692907813825,55.76026038066915,55.3195471599456,55.6110954284668,7375900.0
2017-10-06,55.4416003445221,55.52296447059988,55.163615299618186,55.40092086791992,6070600.0
2017-10-09,55.48906035242864,55.719589451951784,55.43482277566436,55.61788558959961,7489900.0
2017-10-10,55.828071807251,56.09928039242191,55.658567088128365,55.773834228515625,7218500.0
2017-10-11,55.70601642814498,56.09926332548914,55.69245315793232,56.00434112548828,7023700.0
2017-10-12,55.807715943703194,55.93654114833355,55.71279374225094,55.88908004760742,6647500.0
2017-10-13,56.09248838697424,56.329793893422654,55.84161960994473,55.87552261352539,7180000.0
2017-10-16,56.07214604263807,56.24165072254068,55.96366573739399,56.146728515625,5734000.0
2017-10-17,56.02468094173047,56.25520997984303,55.96366174429806,56.24842834472656,6444100.0
2017-10-18,56.248440439372295,56.53998873760653,55.96367377771273,56.11283874511719,6367100.0
2017-10-19,55.83483917183786,56.30945536778325,55.82128107383813,56.099266052246094,7945500.0
2017-10-20,56.173857094489684,56.363701532685624,56.01791566577429,56.35014343261719,9574100.0
2017-10-23,56.37725137376803,56.79084316110238,56.30266890897845,56.438270568847656,9829900.0
2017-10-24,56.64847721626219,56.82475839350793,56.48574896713382,56.594234466552734,7551200.0
2017-10-25,56.58064866629872,56.77049821469723,56.241639374894,56.390804290771484,9153300.0
2017-10-26,56.526433615852575,56.716278066962346,56.35014726573351,56.594234466552734,9154500.0
2017-10-27,56.27555389213507,57.11629565850489,55.604316806163254,56.7569465637207,14866200.0
2017-10-30,56.75695125123779,56.9196743094548,56.55354872168471,56.64168930053711,7811100.0
2017-10-31,56.71627468672784,56.73661442343833,56.39082338074102,56.51286697387695,9754200.0
2017-11-01,56.53998526570523,56.91289766131727,56.451844687139086,56.86543655395508,9430000.0
2017-11-02,56.68237169345871,56.75695417666755,56.21454223036233,56.634910583496094,7775500.0
2017-11-03,56.56030601086588,56.70947091902774,56.384024912920964,56.3975830078125,6903500.0
2017-11-06,56.47894372864862,56.86541407090444,56.31621556242566,56.78404998779297,9276700.0
2017-11-07,56.77729975877043,56.83154251084731,56.29590697305366,56.668819427490234,8471800.0
2017-11-08,56.519651978920564,56.614574204475446,56.18064255254646,56.594234466552734,8691600.0
2017-11-09,56.47895249543885,57.048485647011354,56.3297875730161,56.933223724365234,10528800.0
2017-11-10,56.80322567107128,56.85112602475975,56.399489643628165,56.75532531738281,8693700.0
2017-11-13,56.556874644069346,56.857960318208086,56.52265787119727,56.72110366821289,6720400.0
2017-11-14,56.39947539039536,56.62529352389256,56.17365725689815,56.276302337646484,9251700.0
2017-11-15,55.94100662914632,56.17366396727262,55.530431477852304,55.57148742675781,9663600.0
2017-11-16,55.04459706648511,55.32515482052154,54.84615123033857,55.126708984375,10527200.0
2017-11-17,54.96245194557569,55.195114442889164,54.85296770388017,54.90770721435547,9536400.0
2017-11-20,54.90088402020652,55.18144171307713,54.75033857589946,55.11985778808594,8468600.0
2017-11-21,55.215671200223454,55.59887407706923,55.18145442018466,55.338844299316406,8838400.0
2017-11-22,55.537257903189705,55.70833126259468,55.46198520739195,55.49619674682617,7941600.0
2017-11-24,55.7288682379413,55.90678080154262,55.57832282201291,55.715179443359375,3851300.0
2017-11-27,55.64676042985327,55.70150517583651,55.44147024278931,55.50305938720703,9127500.0
2017-11-28,55.70835600186918,56.11208680339852,55.63992245112115,55.886268615722656,9794600.0
2017-11-29,55.87260084274553,56.32423212510361,55.75627212676297,56.29685974121094,9725000.0
2017-11-30,56.42001780363658,57.07010000094032,56.392650647794774,56.99482727050781,18592700.0
2017-12-01,57.09746525801383,57.56962433824294,56.392643616164065,57.111148834228516,13779300.0
2017-12-04,56.9400667111111,57.60383230207842,56.79636568947058,57.1864128112793,12597700.0
2017-12-05,57.07693931139488,57.32328023723693,56.597930594918594,56.72110366821289,9357200.0
2017-12-06,56.69373143086786,56.93323317931065,56.25578388493059,56.30368423461914,13398900.0
2017-12-07,56.3857887627005,56.53633417687997,56.22839895130958,56.488433837890625,11359600.0
2017-12-08,56.447398224947975,56.72796120940818,56.290013563066,56.5637321472168,11988600.0
2017-12-11,56.82375037425922,56.96745142704505,56.61846017270993,56.8169059753418,8760700.0
2017-12-12,56.72109740387906,57.05639981385875,56.59107994622029,56.63214111328125,11307000.0
2017-12-13,56.529484057189066,57.001648222819256,56.44052778542687,56.878475189208984,10172700.0
2017-12-14,56.81690353422523,57.022193726954306,56.72110283648406,56.72794723510742,9492400.0
2017-12-15,56.905867499028275,56.98797940305064,56.707421696396416,56.8169059753418,26582300.0
2017-12-18,56.91955435563657,57.25485683145587,56.73479734019446,56.75532531738281,9363500.0
2017-12-19,56.81691981611066,56.91272054130522,56.33791619013788,56.41318893432617,10285100.0
2017-12-20,56.522646721162,56.892165868151075,56.46790198366461,56.7074089050293,10620300.0
2017-12-21,57.03588579268351,57.66543482032668,56.769011634862004,57.37803268432617,13578100.0
2017-12-22,57.398539651440494,57.494340328372274,57.20693829757693,57.46012878417969,10161400.0
2017-12-26,57.453283556998684,57.727002010311566,57.41222761626259,57.46697235107422,4777200.0
2017-12-27,57.4738306356805,57.54910336588608,57.30275719807635,57.41224670410156,7000600.0
2017-12-28,57.46699472012818,57.51489507654727,57.34382162922946,57.494361877441406,7495300.0
2017-12-29,57.480675392976764,57.61753205561361,57.23432922363281,57.23432922363281,8523400.0
2018-01-02,57.35749494417616,58.3018183249216,57.24801067227278,58.185489654541016,11469300.0
2018-01-03,58.27446210809327,59.51303220682781,58.04179950292506,59.328269958496094,13957700.0
2018-01-04,59.38983808708037,59.68408452367899,59.14349199035848,59.41036605834961,10863000.0
2018-01-05,59.36246871948243,59.451425006394736,58.65080276194669,59.36246871948242,11047600.0
2018-01-08,59.328273057402775,59.636208413790975,59.2598447184546,59.629364013671875,10927100.0
2018-01-09,59.49247827138032,59.63617927919223,59.29403253085577,59.37614440917969,8131600.0
2018-01-10,59.53355595187596,59.66357343436391,58.83557862749987,58.90400695800781,10822300.0
2018-01-11,59.09559813503753,59.786736161164995,58.80135166615126,59.48564529418945,14366000.0
2018-01-12,59.67041143762799,60.21100411326305,59.656727860094705,59.88938522338867,9834500.0
2018-01-16,60.03993107195688,60.0536198703264,59.259836628794964,59.51302719116211,10882800.0
2018-01-17,59.67039374549759,60.361531672812404,59.48563678947043,60.217830657958984,10546000.0
2018-01-18,60.060454282384406,60.34786159711989,59.76620778975381,59.827796936035156,9223700.0
2018-01-19,59.92359056717544,60.05360802230014,59.26666933520925,59.63618850708008,13090000.0
2018-01-22,59.64987383546141,60.416284572324194,59.56776194201806,60.388912200927734,10270400.0
2018-01-23,60.3889132653652,60.53261430217001,60.03992204984142,60.42313003540039,10281800.0
2018-01-24,60.553152068274606,60.847398587624724,60.22469399410287,60.58052444458008,10316100.0
2018-01-25,60.59420807616013,60.813181847184765,60.354701109097064,60.47103500366211,11271900.0
2018-01-26,60.65578781366492,60.90213394165039,60.53945914787905,60.90213394165039,10514400.0
2018-01-29,60.62157585848016,61.10742897558116,60.183628311886125,60.22468948364258,9315700.0
2018-01-30,59.9030755767201,60.47787982148342,59.383010864257805,59.38301086425781,12408000.0
2018-01-31,59.23245713194305,59.855166864222305,59.07507251484246,59.73883819580078,14404700.0
2018-02-01,59.875694275333,61.07320816083966,59.77304918385461,60.950035095214844,17971000.0
2018-02-02,58.2539169762828,58.85609873401832,56.7963733704613,57.84334182739258,29822100.0
2018-02-05,56.98798703727374,57.47383501056241,53.46387291022494,54.551902770996094,30452700.0
2018-02-06,53.72389607596266,54.982993889582126,52.6221828786725,53.61440658569336,36262800.0
2018-02-07,53.67599179427175,54.33975742331781,52.635862595948275,52.64955139160156,21994500.0
2018-02-08,52.99169859863142,53.08749928595521,52.02684210676856,52.05421447753906,25650800.0
2018-02-09,52.71095123942929,52.86995052772086,51.086418059335784,52.386043548583984,29491600.0
2018-02-12,53.26397358348365,53.65800924195489,52.42750683344386,52.82845687866211,19340400.0
2018-02-13,52.60724872454107,53.056588969335834,52.35147440723451,52.74551010131836,11926600.0
2018-02-14,52.392953474037164,52.99437863399673,51.964351090305136,52.856117248535156,17188400.0
2018-02-15,52.96672426230434,53.02202354016955,52.157909693203734,52.683292388916016,14432400.0
2018-02-16,52.6418158205256,53.312368999550635,52.43442639071892,52.91141891479492,13722400.0
2018-02-20,52.863021943593715,53.55431292175159,52.164816578897415,52.365291595458984,13387300.0
2018-02-21,52.4136948966663,52.84229730929153,51.756970412383176,51.77079391479492,11715000.0
2018-02-22,52.05421629911964,53.11879983652599,51.9781738644289,52.44133758544922,14020200.0
2018-02-23,52.60034510183742,53.65802507264213,52.50356475535333,53.59580612182617,13378800.0
2018-02-26,53.740976907010904,54.56361513032251,53.61654427889766,54.50139617919922,16940400.0
2018-02-27,54.61199847805885,55.21342365112524,53.5750617980957,53.5750617980957,14629500.0
2018-02-28,54.03131154493671,54.09352520848122,52.33073090353598,52.35838317871094,17087800.0
2018-03-01,52.21320801315615,53.00819371230356,51.750044312256364,51.98508071899414,15696700.0
2018-03-02,51.770803633412946,52.448271409689994,51.487376950636225,52.22705841064453,15630300.0
2018-03-05,52.005835256076914,52.925248472302705,51.92979280805429,52.72477340698242,14891000.0
2018-03-06,53.00128301428058,53.21558682407404,52.44133895703274,52.66255187988281,10754300.0
2018-03-07,51.84681992646562,52.01272827347356,50.85135929615548,51.33526611328125,27255500.0
2018-03-08,51.501183575145255,51.68782983929608,50.941239508560614,51.238494873046875,19299800.0
2018-03-09,51.72239691192609,51.88830528961298,51.30070894328389,51.542659759521484,19714100.0
2018-03-12,51.756962960382154,52.247778974391636,51.63253036006058,52.01273727416992,14226700.0
2018-03-13,52.07496189144113,52.413693067100894,51.328366208077234,51.52192687988281,13739700.0
2018-03-14,51.597975628196934,51.70167036479638,50.830641961147805,50.879032135009766,14820700.0
2018-03-15,51.397486914165576,51.846827137517124,51.224664157040515,51.44587707519531,15640600.0
2018-03-16,51.40438889175449,51.92977142333985,51.40438889175449,51.929771423339844,32109700.0
2018-03-19,51.84682403694458,51.85373842357304,51.05875273351356,51.25922775268555,12744800.0
2018-03-20,51.30761985917113,51.63943659209421,51.12096833203651,51.14862060546875,13003200.0
2018-03-21,51.31454091001202,52.28925862295339,51.14171813421587,51.87448501586914,15418500.0
2018-03-22,51.445892679188276,51.63945338201589,50.73386354772944,50.809906005859375,17737000.0
2018-03-23,51.024196873630544,51.30071438184474,50.23612540340641,50.38821029663086,20157300.0
2018-03-26,50.913593437206046,51.2592390066723,50.29143035734022,51.15554428100586,15032700.0
2018-03-27,51.15554772947346,51.770796462667555,50.65781723202809,50.948158264160156,15821900.0
2018-03-28,50.975817359223825,51.162468957785116,50.31217836528857,50.332916259765625,18163900.0
2018-03-29,50.69236929802546,51.77078154907716,50.643979139943184,51.57722091674805,14882900.0
2018-04-02,51.342181597698044,51.43205280550252,49.88356240159394,50.616329193115234,17891100.0
2018-04-03,50.7753299068249,51.94361357014771,50.533379073213474,51.86065673828125,15999200.0
2018-04-04,51.1900958374793,51.88829588433307,50.7684079452723,51.756954193115234,13122200.0
2018-04-05,51.88830593947464,52.7593341629712,51.860653663825126,52.551944732666016,14200000.0
2018-04-06,52.289245892354685,52.62106786171461,51.3076140306173,51.756954193115234,14299600.0
2018-04-09,51.998904965496806,52.392940587412866,51.70856403863892,51.756954193115234,11103100.0
2018-04-10,52.593432375883175,53.761710842260015,52.57960359925881,53.277809143066406,19006100.0
2018-04-11,53.30545941282668,53.94836037416851,53.056594184298696,53.52667236328125,13734000.0
2018-04-12,53.82392997797932,54.017490658337074,53.236333548569576,53.38150405883789,13270400.0
2018-04-13,53.78244211245983,54.05204518154593,53.6441807474594,53.810089111328125,10925000.0
2018-04-16,54.00365395400489,54.667292670483185,53.72022211695982,54.29399490356445,10743600.0
2018-04-17,54.29400090464374,54.44608578287955,53.948355371974095,54.14883041381836,10478100.0
2018-04-18,54.639643636562035,55.13737402195453,54.57051558839797,54.764076232910156,12061400.0
2018-04-19,54.833208067667655,55.17885360648909,54.48064814131273,54.90233612060547,11291500.0
2018-04-20,54.83321246333255,54.888517019769196,54.1488357183606,54.61199951171875,12072200.0
2018-04-23,54.55668699591927,55.02676510878475,54.43916878623591,55.00602722167969,11729800.0
2018-04-24,55.16504175962242,55.25490772001326,53.899977554488984,54.16266632080078,14102000.0
2018-04-25,54.05896482810176,55.04060225142495,53.56814875350657,54.957645416259766,13867500.0
2018-04-26,55.02676089089383,55.925441273529344,54.97837073331387,55.897789001464844,14554400.0
2018-04-27,53.194855860915986,54.370054068280545,52.86995342639047,53.775543212890625,16346800.0
2018-04-30,53.85849577277432,54.30783079883796,53.740972269490406,53.747886657714844,15028800.0
2018-05-01,53.409147100538085,53.409147100538085,52.52429541529696,53.19484329223633,16231000.0
2018-05-02,52.84921130526547,53.388422883524946,52.74552184226694,53.09116744995117,13883700.0
2018-05-03,52.80772419989158,52.95980907853218,52.123347520141174,52.91141891479492,12243100.0
2018-05-04,52.627977526651655,53.38148739613571,52.49663583405381,53.160274505615234,9887200.0
2018-05-07,53.740966796875,54.667299581701506,53.50593036250748,53.740966796875,15071500.0
2018-05-08,53.78244421359547,54.03130940618694,52.79389783028265,53.982913970947266,17430400.0
2018-05-09,54.59816232504677,55.46918513701094,54.577419165982555,55.254886627197266,17142100.0
2018-05-10,55.745717680348065,56.54070355434157,55.648937341684466,56.492313385009766,17710300.0
2018-05-11,56.687834988462654,57.239491078285226,56.49929686217478,56.75766372680664,14751000.0
2018-05-14,57.05094148789791,57.48388814320802,56.988097228425346,57.1417236328125,11852100.0
2018-05-15,57.15568095841043,57.28137479111461,56.84144904044502,57.11378479003906,12595700.0
2018-05-16,57.092860372571195,57.29536748296159,56.68086167830321,57.2744140625,9570000.0
2018-05-17,57.4000870493956,57.455952161769524,56.86938446461432,57.176631927490234,11224100.0
2018-05-18,56.9461961800335,57.12077065596544,56.74368914864163,56.77162170410156,10030900.0
2018-05-21,57.071906190123016,57.50484760347312,56.925258900500616,57.45596694946289,8822400.0
2018-05-22,57.56768899459789,57.714330935719424,56.80654140200595,57.00904846191406,10753400.0
2018-05-23,56.52721642534121,57.42104226867244,56.26186512460272,57.365177154541016,15140900.0
2018-05-24,56.80653501480928,56.81351948577002,55.82891685632921,56.052371978759766,13360500.0
2018-05-25,55.36106907736994,55.39598611123809,54.530092685148624,54.96303939819336,14562000.0
2018-05-29,54.57198664467792,54.97700074013797,54.139039991504355,54.76052474975586,14644800.0
2018-05-30,55.34011123516808,57.02301181230746,55.31916314957555,56.91128158569336,16627500.0
2018-05-31,56.42946413658435,56.94620853330456,56.34567177961778,56.729732513427734,15803100.0
2018-06-01,57.169656190663865,57.504836229698874,56.94620105544363,57.1417236328125,9906100.0
2018-06-04,57.29535423555074,57.63053429914627,56.42946086148167,56.54119110107422,10954700.0
2018-06-05,56.27581543810444,57.016014706417536,56.15012695240198,56.33866500854492,12059300.0
2018-06-06,56.89732124131213,57.32327810388636,56.47135905114715,57.302330017089844,11603300.0
2018-06-07,57.77019471434015,58.1612398815927,57.65148000777491,57.874935150146484,13502500.0
2018-06-08,58.03553634144571,58.41960230058157,57.60957421498229,58.37770080566406,14350400.0
2018-06-11,58.46149577124668,58.510376406737436,57.90983984065692,58.02854919433594,10831600.0
2018-06-12,58.03554588071906,58.48245616430469,57.483889834007556,57.55371856689453,12351800.0
2018-06-13,57.567687448663186,57.67941235564509,56.890337552440805,56.918270111083984,12049300.0
2018-06-14,57.21853366546128,57.46992134460758,56.91128087370682,57.183616638183594,11477300.0
2018-06-15,57.06490104601521,57.134729765364604,56.21996128843101,56.32470703125,23797500.0
2018-06-18,56.14316324660374,56.82749233948927,56.07333450841417,56.43644714355469,9192600.0
2018-06-19,55.78703375764123,56.53421249780729,55.66133988884733,56.35265350341797,8759700.0
2018-06-20,56.457390324427664,56.65291290539823,56.05237621950818,56.178070068359375,8917700.0
2018-06-21,55.877799845550875,56.12918753479597,55.39597788082326,55.64736557006836,10990700.0
2018-06-22,56.673863060069095,57.21853459789864,56.5062677195135,56.827484130859375,16012200.0
2018-06-25,56.40850819507748,56.72972461644804,55.37503020068361,55.68227767944336,10557200.0
2018-06-26,55.968595907767586,56.56913272280007,55.84290203188656,56.310760498046875,10382800.0
2018-06-27,56.6040427874919,57.595630147331306,56.6040427874919,57.05793762207031,12725900.0
2018-06-28,57.07187384845791,57.30929251122596,56.58306225776517,57.239463806152344,9390700.0
2018-06-29,57.57467850047382,58.3358262300496,57.462953570384485,57.770206451416016,17323200.0
2018-07-02,57.18362273872789,57.35121276684105,56.78559309221481,57.09284591674805,9998300.0
2018-07-03,57.66543688375619,58.27295259466631,57.31628796388979,57.42801284790039,7197300.0
2018-07-05,57.67242840743964,57.798122258679165,57.295352181311934,57.476905822753906,9035700.0
2018-07-06,57.23250306789086,57.74924209279949,57.023016865809964,57.490875244140625,7637100.0
2018-07-09,57.82604736082802,58.04950247559557,57.65147288592868,57.88889694213867,7158600.0
2018-07-10,58.447532483031104,58.740821651926886,58.314859503920616,58.41960525512695,8806200.0
2018-07-11,57.97967327986316,58.32882222682376,57.28137538594195,57.672420501708984,10405300.0
2018-07-12,57.96573426049571,58.12633986079071,57.47692233079801,57.742279052734375,9762200.0
2018-07-13,57.735279404444576,58.48245805847609,57.65148172571161,58.17520523071289,8720000.0
2018-07-16,57.6235481850851,57.812091627126534,57.260435571939624,57.60260009765625,8306900.0
2018-07-17,57.441994119826234,57.78415864302627,57.28836770969006,57.476905822753906,7373300.0
2018-07-18,57.12079000380724,57.48390269259879,56.904313957565954,57.4140739440918,8711900.0
2018-07-19,57.40009472254777,57.69338393792215,57.06491465867857,57.26742172241211,8659100.0
2018-07-20,57.06490868061364,57.21155060914323,56.73670779541338,56.841453552246094,9196300.0
2018-07-23,57.22551422384536,57.26043125198643,56.687827152570186,56.841453552246094,8425900.0
2018-07-24,56.925253226783695,57.97270027482572,56.89732599378282,57.965721130371094,11121000.0
2018-07-25,57.96571495788569,58.475469483533814,57.61656597905085,58.370723724365234,9523600.0
2018-07-26,58.53833128526514,58.93636099109009,58.21711479701971,58.82463073730469,13210100.0
2018-07-27,56.541197343507775,57.525794882564114,56.429467091579646,57.2045783996582,18220800.0
2018-07-30,57.35121228661141,57.35121228661141,56.35963041449107,57.07887649536133,11282800.0
2018-07-31,57.00904693098121,57.36518039419324,56.86938946535612,56.918270111083984,11716800.0
2018-08-01,56.48533374772919,56.513266311467916,56.01747529218708,56.13618469238281,8936300.0
2018-08-02,55.78704118478154,56.04541342936474,55.47978828069258,55.80101013183594,8364300.0
2018-08-03,55.842896322856234,56.07333595967806,55.60547221375732,56.003501892089844,7811100.0
2018-08-06,56.038416934420226,56.16411079298426,55.68228344722362,55.98953628540039,10041800.0
2018-08-07,56.49928902905059,56.974126514994175,56.08030600189249,56.75067138671875,10698100.0
2018-08-08,56.57610939506196,56.722756683505956,56.10825094935336,56.37360763549805,7275000.0
2018-08-09,56.37359643726731,56.4992902826856,55.94064978580639,56.0872917175293,9828500.0
2018-08-10,56.094347301885776,56.10139843158648,55.63577089187719,56.03084945678711,12954300.0
2018-08-13,56.05200148813572,56.2636537492998,55.33239348875094,55.42410659790039,10308500.0
2018-08-14,55.72749379161816,55.783935134370275,55.08549101107658,55.24775314331055,8005900.0
2018-08-15,54.873845132914845,54.95850715701891,53.97786158695602,54.281227111816406,16307800.0
2018-08-16,54.52108760690466,55.099597905886746,54.4646462649204,55.029048919677734,11519900.0
2018-08-17,55.268914595141524,55.37474076198463,54.887949006574225,55.21247863769531,10178400.0
2018-08-20,55.21247611548697,55.73454503017682,55.14897826526484,55.60049819946289,8152100.0
2018-08-21,55.76981591904558,56.14373031775031,55.5017222878674,55.61460494995117,9192200.0
2018-08-22,55.81214133405302,56.47531348307782,55.748643494285744,56.41181564331055,10098200.0
2018-08-23,56.12961468344739,56.17899950017704,55.663987180359484,55.790977478027344,7203900.0
2018-08-24,56.10138931867025,56.47530905119805,56.030840355330604,56.17194366455078,6545200.0
2018-08-27,56.37653154936471,56.77160999490103,56.341254381353195,56.722225189208984,6671900.0
2018-08-28,56.84922552264561,57.01854411748746,56.58113191639319,56.6375732421875,8823400.0
2018-08-29,56.75045928416596,57.17375848782988,56.51058632648019,57.04676818847656,8004800.0
2018-08-30,56.7575167709799,56.99033324296299,56.524705681538805,56.79985046386719,7450900.0
2018-08-31,56.60935567284639,56.76456663599208,56.27776959386085,56.55997085571289,10700000.0
2018-09-04,56.729300062632134,56.926839349343894,56.30599543963051,56.64463806152344,8855000.0
2018-09-05,56.36949079417384,57.44890569351823,56.15783849202953,57.39952087402344,13878400.0
2018-09-06,57.22315241125434,57.59706685703494,56.679913951030166,56.76457595825195,13320600.0
2018-09-07,56.545857305172575,57.801647137503444,56.313040884785615,57.73109817504883,16417800.0
2018-09-10,58.020368317311195,58.373118620232056,57.61118205665527,57.646453857421875,10817900.0
2018-09-11,57.822819780836525,58.6905877558519,57.590003326254156,58.45777130126953,11891900.0
2018-09-12,58.73292021211425,59.10683463874442,58.46483194345575,58.648258209228516,11556300.0
2018-09-13,58.66237186360112,58.73292084215837,57.858101666456015,58.076805114746094,11162700.0
2018-09-14,58.14735272976975,58.662370487990565,58.041526573144445,58.50010299682617,9442600.0
2018-09-17,58.556548299617404,58.98690408519388,58.54949178668634,58.84580612182617,8403300.0
2018-09-18,59.191495236413296,59.353757343248,58.8740167700353,59.001007080078125,9219900.0
2018-09-19,59.00806838053353,59.80528210227053,59.00806838053353,59.706512451171875,10413600.0
2018-09-20,59.86877776660624,60.207415020132856,59.643017803407794,59.84055709838867,11198200.0
2018-09-21,59.9745899296192,60.27089880293648,59.62889086154153,60.087467193603516,26639400.0
2018-09-24,60.52489029499251,61.4420377420476,60.475505473862945,61.096343994140625,13549500.0
2018-09-25,61.3997247496033,61.632541271237486,60.9340970888781,61.02581024169922,12200700.0
2018-09-26,60.68715232730807,61.02579494503242,60.45434124657324,60.5178337097168,10275500.0
2018-09-27,60.73655561286386,60.94115147165072,60.38380524582655,60.51079559326172,7895400.0
2018-09-28,60.14391496760379,60.62365550170862,59.96048333859686,59.98164749145508,9884900.0
2018-10-01,60.21449082367197,60.69423157198044,60.150998336748,60.53902053833008,8566900.0
2018-10-02,60.53194631177801,61.14572831471494,60.40495600383558,60.99757385253906,8453100.0
2018-10-03,61.03285024150452,61.30093849589527,60.658935834774205,60.77886962890625,10206700.0
2018-10-04,60.32028292055142,60.72947443568191,60.1439078242925,60.37672424316406,10204600.0
2018-10-05,60.18623331158227,60.461378018281316,59.918145115515145,60.2073974609375,9217400.0
2018-10-08,59.819394687004944,60.891753197828606,59.7206250366347,60.76476287841797,13242400.0
2018-10-09,60.941133659402105,61.29388392333541,60.489613752170825,61.03285217285156,10177900.0
2018-10-10,61.188055514563395,61.2515479705281,59.61478716542978,59.6288948059082,16573400.0
2018-10-11,59.21971008038704,59.38197217126675,57.2654708003599,57.5688362121582,20320100.0
2018-10-12,57.94274913926452,58.02035461818716,56.63051789162505,57.41362380981445,15216300.0
2018-10-15,57.41364095847527,57.667621623075114,57.01856231689453,57.01856231689453,10558800.0
2018-10-16,56.79984846774685,57.33602498841763,56.447098207154156,57.28664016723633,9781800.0
2018-10-17,57.103208667727216,57.51239484173861,56.6799040878223,57.498287200927734,12247700.0
2018-10-18,57.286632387234,58.18262094168014,57.286632387234,57.745208740234375,17448600.0
2018-10-19,57.61119911875732,58.175596541056855,57.505372920031135,57.82990264892578,12098700.0
2018-10-22,57.85104385439825,57.978034165965674,56.891562696453654,57.25136947631836,9474100.0
2018-10-23,56.48238233543815,56.76458368203345,55.537014014268365,56.327171325683594,15465100.0
2018-10-24,56.531742601621616,56.62346109437118,54.71155574125446,54.76094055175781,16085700.0
2018-10-25,55.37474347323146,55.7698274899536,54.845617995651416,55.24775314331055,12315500.0
2018-10-26,54.937321681088505,55.31829256792606,54.295313691452655,54.69744873046875,18160100.0
2018-10-29,55.07841849694375,55.33239908300251,53.7732437745836,54.35881042480469,15707000.0
2018-10-30,54.76094887652444,55.75570174861191,54.619845551820966,55.57932662963867,17758200.0
2018-10-31,55.974406209640215,56.68696321059093,55.66398965463066,56.21427917480469,16629100.0
2018-11-01,56.32011703503358,56.969176328013084,55.946202559350674,56.91273498535156,14159300.0
2018-11-02,57.6817163306672,58.1685079644269,56.60230154020988,57.815757751464844,19350400.0
2018-11-05,58.203795880799774,58.46483302428336,57.45596701371448,57.59706497192383,15815000.0
2018-11-06,57.66760757699532,57.92158817973319,57.39246282111954,57.8439826965332,9063200.0
2018-11-07,57.99919141425029,58.65530704879467,57.611169395835816,58.577701568603516,12699800.0
2018-11-08,58.648263425906926,59.08567573924408,57.52652004623897,57.646453857421875,16865500.0
2018-11-09,57.19746860122762,58.00989169566211,56.79125705401037,57.63218688964844,15070100.0
2018-11-12,58.195203766635075,58.24508922244222,56.81978427125868,56.891048431396484,11906600.0
2018-11-13,56.86966776087408,56.905297121157695,55.33033585700487,55.586891174316406,15530200.0
2018-11-14,56.19976816185057,56.363675167504525,54.696071177253344,55.15216827392578,18552100.0
2018-11-15,54.639055401819036,55.7222900390625,54.097443520303344,55.7222900390625,18976000.0
2018-11-16,55.85057949654065,56.434954340714256,55.65816027292204,56.27104187011719,13704900.0
2018-11-19,55.914685501304156,56.556073506114515,55.89330680732785,56.456302642822266,9430800.0
2018-11-20,55.886207252822565,56.22828284213652,54.42527290295541,54.85286331176758,15533700.0
2018-11-21,55.180664963424185,55.85768243870015,55.05951538357148,55.27330780029297,9685300.0
2018-11-23,54.197226776583754,54.30412030579683,53.23514151680786,53.79813766479492,10875400.0
2018-11-26,54.3326148712141,55.10228073153787,54.247100067026615,54.859981536865234,13741100.0
2018-11-27,54.567787018068884,55.1949190918887,54.44663743058761,54.90986251831055,10344500.0
2018-11-28,54.9027517159487,55.907588958740234,54.760217947288936,55.907588958740234,11482100.0
2018-11-29,55.74366742427607,56.677240258503225,55.722288723813755,56.34229278564453,10255200.0
2018-11-30,55.90758882799924,56.72714032527754,55.81494595641754,56.65587615966797,14040100.0
2018-12-03,57.18323572303227,58.05267265278266,57.111971559649334,57.88163757324219,19415100.0
2018-12-04,57.995653822380994,58.40186549718539,56.54897023381633,56.60598373413086,18540700.0
2018-12-06,55.58687699360392,55.90044573190308,54.817211238017975,55.864810943603516,23218100.0
2018-12-07,56.577475450484435,57.26874917101839,55.10941319836918,55.3303337097168,16224700.0
2018-12-10,55.48711821940194,55.48711821940194,53.30640353980048,54.546417236328125,17946200.0
2018-12-11,55.37307443022873,55.444344000768574,53.93351936126475,54.64617156982422,15742400.0
2018-12-12,55.61538775893593,55.72940930295102,54.17582702636718,54.17582702636719,14559800.0
2018-12-13,54.182958526779935,55.031016582346275,54.125945032584234,54.859981536865234,13749700.0
2018-12-14,54.67469753842143,54.78159649472016,53.513070550205555,53.862274169921875,12669300.0
2018-12-17,53.634207077689034,53.876506220320906,52.365687008369456,52.7647705078125,15464100.0
2018-12-18,52.472599506701144,52.63651196743417,51.04017195404392,51.310977935791016,18681200.0
2018-12-19,51.63166805626825,52.21604285037144,50.099469631669464,50.4415397644043,21679600.0
2018-12-20,49.94980412737927,50.35602121517367,48.49599801541608,48.909332275390625,28723700.0
2018-12-21,48.560130018488806,50.14934712920708,48.225182548711466,48.54587936401367,47287300.0
2018-12-24,47.65507515517184,48.125422983036245,46.63598185150731,46.68586730957031,14262800.0
2018-12-26,47.163333956147696,48.9307142220296,46.07297670248003,48.91645812988281,24887700.0
2018-12-27,48.27508178231735,49.13026809692383,47.09208138720673,49.13026809692383,22077000.0
2018-12-28,49.30130063477871,49.586362724902045,48.33209279062366,48.581520080566406,19710600.0
2018-12-31,48.688414649709,49.27991748183606,48.21806686499703,48.59577178955078,15807000.0
2019-01-02,47.99714333343216,49.793030623803,47.93300722018667,49.66475296020508,16727200.0
2019-01-03,49.88566471069397,50.063827798946456,48.71691528672619,48.90220642089844,13866100.0
2019-01-04,49.62910889033893,50.790730255787395,49.42956710359744,50.70521545410156,16043600.0
2019-01-07,50.77647361090235,51.3822269455061,50.413019435298,50.96888732910156,10844200.0
2019-01-08,51.69581524863668,51.73144461292052,51.26822481747928,51.3394889831543,11439000.0
2019-01-09,51.73856436513709,51.73856436513709,51.06154674411286,51.610286712646484,13473500.0
2019-01-10,51.36086549532986,51.36799354272509,50.68384779467424,51.346614837646484,13151100.0
2019-01-11,51.20406633346914,51.2325730777358,50.64819841303311,51.11142349243164,9790100.0
2019-01-14,50.747974298677285,51.15418592955906,50.683838195588294,51.04728698730469,11012400.0
2019-01-15,51.27533601428607,51.56752609675222,50.8263669770765,51.0757942199707,10298300.0
2019-01-16,50.89763226115065,51.58177790138081,50.819240063478894,51.05441665649414,12595600.0
2019-01-17,50.733728271393396,51.55327421685139,50.527058414078404,51.40361785888672,10141700.0
2019-01-18,52.21604037315367,52.23029646632021,51.40361705006776,52.01649856567383,15759200.0
2019-01-22,51.58890830265693,51.81695685981061,51.082925736381796,51.232582092285156,15035600.0
2019-01-23,51.3181164948998,51.524786406372726,50.54845036329884,50.8121337890625,13187200.0
2019-01-24,50.669583001594354,51.28959252797428,50.341763560081596,50.88338088989258,11272500.0
2019-01-25,51.360850708383005,51.50337899261077,50.98314586178444,51.11142349243164,8996200.0
2019-01-28,50.61256376916592,50.797854888879996,50.14934412553903,50.76934814453125,13678400.0
2019-01-29,51.097165523213526,51.446369049812866,50.940386591168995,50.96176528930664,10513200.0
2019-01-30,51.147064466983046,51.71718860765337,50.96177874280594,51.51764678955078,11524700.0
2019-01-31,51.517650586507735,52.372831423435045,51.325231364079436,52.223175048828125,19876700.0
2019-02-01,53.3919085580972,54.5107724421201,52.96431826914615,54.10456085205078,22968700.0
2019-02-04,53.990539274381604,53.990539274381604,53.021331720317214,53.32064437866211,15483800.0
2019-02-05,53.577211531839566,53.90503100714153,53.456061919966245,53.8693962097168,12786700.0
2019-02-06,53.86226100762251,53.997661244546876,53.541564217094844,53.634212493896484,10866900.0
2019-02-07,53.41329234644935,53.584332828011725,52.665010628761586,53.22087860107422,14418900.0
2019-02-08,53.148836540699975,53.3722097659242,52.406656020465405,53.3073616027832,11959500.0
2019-02-11,53.23528525629549,53.48027996202905,52.88941749198445,53.3938102722168,10434800.0
2019-02-12,54.099959388079014,54.366564613511386,53.91261116394692,54.33053970336914,12599200.0
2019-02-13,54.46026586276998,55.15200711841672,54.40982656800837,54.94304275512695,13214600.0
2019-02-14,54.95023773743409,55.231257388342996,54.553925154116605,54.95743942260742,12772900.0
2019-02-15,55.440201348708364,56.0310636666756,55.30329241611078,55.995033264160156,14330300.0
2019-02-19,55.886964906608526,56.54988823543989,55.80770239443814,56.369747161865234,13551500.0
2019-02-20,56.42019550548396,56.78767939642821,56.2040239834825,56.58592224121094,12633100.0
2019-02-21,56.355333757196654,56.67959099363509,55.92299627274812,56.07431411743164,10266000.0
2019-02-22,56.71561714518223,56.888551043232546,55.93020467270704,56.50665283203125,9519300.0
2019-02-25,56.5138612533445,56.81649695593378,56.34812903670583,56.564300537109375,9274400.0
2019-02-26,56.69400863143682,57.0182604205676,56.48504429050824,56.67959976196289,10990600.0
2019-02-27,56.83810126916897,57.46499409290753,56.679581765406894,57.26323699951172,12398200.0
2019-02-28,57.24883320572827,57.46500470139845,56.71561714653653,56.946197509765625,14597900.0
2019-03-01,57.19837841966182,57.6451301574707,56.94618207471649,57.6451301574707,15419400.0
2019-03-04,57.81807192405687,58.04145057227628,56.93178100513292,57.86851119995117,18089900.0
2019-03-05,57.731627052443486,57.93338422352891,57.465016220668836,57.782066345214844,13745500.0
2019-03-06,56.81649987227226,57.19839811144735,56.10314268027596,57.1263427734375,18633600.0
2019-03-07,57.320907490947796,57.83250762015502,57.15517523903549,57.76045227050781,16541700.0
2019-03-08,56.84531589037978,57.155158752210056,56.384155188697875,56.931785583496094,16211300.0
2019-03-11,57.63073037387574,57.85410352923993,57.39294285511904,57.48661422729492,11060900.0
2019-03-12,57.724392651234666,58.06305867050469,57.56586766370674,57.6451301574707,11320000.0
2019-03-13,58.07026859465394,58.19276869169889,57.789248985052744,58.15673828125,10260200.0
2019-03-14,58.221615275261854,58.30087781206932,57.89735794355744,57.96221160888672,9976700.0
2019-03-15,57.774850914602034,58.04146170832125,57.71720444610007,57.75323486328125,25316400.0
2019-03-18,57.96219817224579,58.54585353755293,57.96219817224579,58.42335891723633,9840600.0
2019-03-19,58.78364904911745,59.08628479820314,58.106316708093836,58.27204895019531,13936500.0
2019-03-20,58.18556535577493,59.02862424029883,58.04865638398298,58.59628677368164,13133600.0
2019-03-21,58.228800153969765,59.00701092845725,58.22159846904501,58.93495559692383,10117000.0
2019-03-22,58.53144345484612,58.682761305768395,57.86131840220768,57.99102020263672,12497700.0
2019-03-25,57.64515181178077,57.96220190593599,57.34971776995976,57.58750534057617,11320400.0
2019-03-26,57.88291867182656,58.56024522498716,57.77483295135864,58.33687210083008,9472800.0
2019-03-27,58.34408808431922,58.589077290039576,57.515438098998175,57.89012908935547,7258700.0
2019-03-28,57.666767554856584,58.21439803342326,57.659560371627144,58.178367614746094,7412300.0
2019-03-29,58.60350163070605,58.71158738588301,57.99102301466312,58.22160339355469,10889200.0
2019-04-01,58.53143010276797,58.92773709883497,58.423344377488476,58.8917121887207,10816400.0
2019-04-02,58.90613716279327,59.05024783759809,58.444976406454,58.6395263671875,7646000.0
2019-04-03,58.9205505556574,58.9205505556574,58.084698682160564,58.293663024902344,8562900.0
2019-04-04,58.452162904353116,59.143903794068386,58.19996106648921,59.12228775024414,9360600.0
2019-04-05,59.19433810055961,59.468150461829275,59.05022199136443,59.439327239990234,10059100.0
2019-04-08,59.56904764302813,59.95094583141519,59.5114011812986,59.80683517456055,9108200.0
2019-04-09,59.460961736182576,59.504199331093986,58.89892247955668,59.035831451416016,8561600.0
2019-04-10,59.02862584604213,59.14391877225989,58.661142013028964,58.769222259521484,10324300.0
2019-04-11,58.754792093733705,59.136690152819824,58.38009571682359,59.05022048950195,9115100.0
2019-04-12,59.669937440888425,59.669937440888425,58.06308187418524,58.30807113647461,16638700.0
2019-04-15,58.28645167139726,58.408946295370825,58.019840874393125,58.11351776123047,8536100.0
2019-04-16,58.22879559684879,58.61790095364024,58.14233140476334,58.50981521606445,7005700.0
2019-04-17,58.76203734629619,58.870117623636425,58.42337115070778,58.675567626953125,8311400.0
2019-04-18,58.76922014504401,58.96377557666917,58.41614519177681,58.45937728881836,9493900.0
2019-04-22,58.992591501380865,59.965352046629995,58.82685932079783,59.734771728515625,10770600.0
2019-04-23,59.94374304264316,60.15990902394338,59.576253727723014,60.08064651489258,10595100.0
2019-04-24,59.81403919421554,59.8644784711948,58.89171784518385,58.913333892822266,11684000.0
2019-04-25,58.83406396312402,59.69153156358074,58.653922925574626,59.24478530883789,11135000.0
2019-04-26,57.83968590341951,58.099089455164545,57.328085981219175,57.99821090698242,18053500.0
2019-04-29,57.73161709240709,57.91895986325369,57.40015815459813,57.623531341552734,10023700.0
2019-04-30,57.911750766444634,58.02703818779035,57.594700737173234,57.84689712524414,13721500.0
2019-05-01,57.60191017852347,57.83249052772886,56.65076555086757,56.686790466308594,13909800.0
2019-05-02,56.40578201186529,56.56430706412432,55.656394354121865,55.69242477416992,15360400.0
2019-05-03,56.05271252828459,56.35534829572547,55.800516055417184,55.8221321105957,12180700.0
2019-05-06,55.42580008903351,55.95902158546169,55.27448225814515,55.577117919921875,13367100.0
2019-05-07,55.123186502296576,55.33215087553122,54.5971719769168,55.28171157836914,13498800.0
2019-05-08,55.151986648576646,55.69240981935872,55.065516962162754,55.3681526184082,11352900.0
2019-05-09,55.015082821365155,55.396981018103475,54.734063186124914,55.317718505859375,13221600.0
2019-05-10,55.52178558849076,55.96636845749984,54.78567214891263,55.798736572265625,11056000.0
2019-05-13,55.135513538154505,55.558232614998545,54.92415399973248,55.17924118041992,12176100.0
2019-05-14,55.48534432504628,55.973660412815406,55.21568312425315,55.25212097167969,10548400.0
2019-05-15,55.07720947823007,55.79145918574855,54.8148324885689,55.66027069091797,8918000.0
2019-05-16,55.68213442107785,56.08298413871347,55.550945926464564,55.65298080444336,8105200.0
2019-05-17,55.13552028126375,55.60925685218357,55.09178707316624,55.325016021728516,9279400.0
2019-05-20,55.427046992353915,55.6529805697135,55.15009041573632,55.31772232055664,7154300.0
2019-05-21,55.58739278654102,55.72587109787855,55.3395953457104,55.572818756103516,8489900.0
2019-05-22,55.40517016087146,55.55093822383186,54.946013273633056,55.06991195678711,7858300.0
2019-05-23,54.49413981879551,54.51600919828064,53.233278065484534,53.7798957824707,14657200.0
2019-05-24,54.03500536987191,54.1151764464833,53.524830846422404,54.00585174560547,7056400.0
2019-05-28,54.107879833457105,54.11516962872662,52.83243812503594,52.919898986816406,14912900.0
2019-05-29,52.39513343960984,52.788698890531805,52.19835349439054,52.5919189453125,13645200.0
2019-05-30,52.48987183322242,52.5700428719347,52.13274983562939,52.453433990478516,9362100.0
2019-05-31,51.88495612911764,52.147333081414,51.47681111416606,51.5788459777832,13983300.0
2019-06-03,51.81207648434695,52.48259854434346,51.72462119513978,52.387847900390625,11831000.0
2019-06-04,52.80327007242572,53.68515156301324,52.59920034453153,53.63412857055664,10423000.0
2019-06-05,53.67057687281979,53.67057687281979,52.89802552945972,53.18955612182617,10617800.0
2019-06-06,53.721589075410385,54.38482124743814,53.6341282380766,54.15888214111328,11738900.0
2019-06-07,54.30466873867351,54.63263725977256,54.24636149388282,54.35568618774414,9095500.0
2019-06-10,54.80026500160129,54.90229989192831,54.26093136931909,54.596195220947266,7760400.0
2019-06-11,55.03348984493781,55.252133661161935,54.53059961479844,54.54517364501953,9415100.0
2019-06-12,54.28279273358853,54.377537814753545,53.79447661862694,53.95481872558594,7920800.0
2019-06-13,54.443136193842925,54.7856842730315,54.20991279787178,54.42856216430664,8986400.0
2019-06-14,54.42854718239541,54.52329224951282,54.10057878350353,54.18803405761719,8575900.0
2019-06-17,54.049562950091065,54.80025039765072,53.96210211291094,54.72736358642578,9355700.0
2019-06-18,54.967879858461856,55.55094101867192,54.91686242397972,55.20110321044922,10091500.0
2019-06-19,54.953303869101724,55.281272284704926,54.785671984370964,54.894996643066406,9757400.0
2019-06-20,55.5655154284012,56.09755915779583,55.448906531845545,55.835182189941406,16229700.0
2019-06-21,56.22146298572349,56.673335707318124,56.02468302209201,56.622318267822266,23108100.0
2019-06-24,56.50570018726203,56.673332083735424,55.980946237151336,56.08298110961914,10011800.0
2019-06-25,56.1777496917258,56.27978459678331,55.529096840795084,55.587398529052734,9740000.0
2019-06-26,55.88619571320802,56.21416411982931,55.733143419419214,55.82788848876953,11365500.0
2019-06-27,55.82060649515666,55.93722096032765,55.215687028654315,55.25941467285156,8147800.0
2019-06-28,55.52907570841927,55.922641146929315,55.34686979580257,55.849754333496094,14781300.0
2019-07-01,56.21416582816949,56.79722696930757,55.601956634409326,55.798736572265625,11437900.0
2019-07-02,55.49264719180215,55.58739229001143,54.96060889807246,55.18654251098633,10475400.0
2019-07-03,55.25941951543448,55.755019914874964,55.120941216029514,55.7112922668457,5246100.0
2019-07-05,55.52906186356915,55.64567072711893,55.09176333393251,55.485328674316406,6880800.0
2019-07-08,55.49264121095529,55.90078074138821,55.33229909243263,55.74044418334961,7876100.0
2019-07-09,55.71856496244284,55.95178830444109,55.19381661330909,55.7039909362793,7863000.0
2019-07-10,55.97367418937369,56.57859376198732,55.92994097702128,56.49113845825195,8077400.0
2019-07-11,56.41825740740602,56.56401995452945,56.15588037419604,56.53486633300781,6404000.0
2019-07-12,56.66604361089045,56.76078869168117,56.48383768288116,56.578582763671875,6139000.0
2019-07-15,56.57858408972512,56.6587551447669,56.0392560871126,56.177734375,7116400.0
2019-07-16,56.061141450912714,56.17046616438554,55.23757232232447,55.33960723876953,10197400.0
2019-07-17,55.20111356878311,55.36145569595279,54.916872728976614,55.01162338256836,7419300.0
2019-07-18,54.68365195430072,54.85856811937695,54.06415280093874,54.54517364501953,11424500.0
2019-07-19,54.58889614601084,54.84398332846513,54.32651916963398,54.65448760986328,11243100.0
2019-07-22,54.83669777611495,54.88043098254951,54.29736975428309,54.712799072265625,8368800.0
2019-07-23,54.77110396649436,55.2229711166301,54.479573364819984,54.93144607543945,8551200.0
2019-07-24,54.94601619475323,55.427042487371,54.552450744561426,54.92415237426758,8260200.0
2019-07-25,55.230266480227996,55.230266480227996,54.51602227260926,54.61076736450195,9083900.0
2019-07-26,54.567033374791855,54.7200856872097,54.37024785848059,54.52330017089844,7677300.0
2019-07-29,54.574325754762214,54.938737665529686,54.44313724446655,54.909584045410156,7091900.0
2019-07-30,54.705514356030015,55.06992626740348,54.58161564067931,54.916873931884766,6961200.0
2019-07-31,54.690928069609235,55.14280074021926,54.12244650494441,54.19532775878906,13104600.0
2019-08-01,53.743455535932604,54.12973118896236,52.67208385799225,52.81056213378906,17132800.0
2019-08-02,52.9198988335319,53.393635435955915,51.87768053239291,52.29310989379883,21376700.0
2019-08-05,51.58614497418758,51.688179856008105,50.73342250733723,51.22173309326172,19080900.0
2019-08-06,51.22903548540266,51.753789612654145,51.221745689056,51.71734619140625,12282400.0
2019-08-07,50.91562193098844,51.65901962631499,50.580363710705235,51.3820686340332,15231100.0
2019-08-08,51.63716264456745,52.77413149923783,51.469536292467694,52.752262115478516,14304100.0
2019-08-09,52.57005466565354,52.65751551672888,51.360210141772704,51.6298713684082,13686600.0
2019-08-12,51.696281316893284,51.77007440625824,51.15762779411193,51.378990173339844,9542600.0
2019-08-13,51.113347294295565,52.10949763589255,50.85508838817194,52.01356887817383,12403300.0
2019-08-14,50.96576898806049,50.98052422616041,49.917972564697266,49.917972564697266,18114400.0
2019-08-15,49.77778863562374,49.851576109330225,49.09155443386905,49.622833251953125,12874400.0
2019-08-16,50.013898315074954,50.51566088116797,49.637574983099725,50.39760208129883,12649000.0
2019-08-19,50.891987988441905,51.39375059175696,50.81082009455107,51.24617004394531,10032800.0
2019-08-20,51.135496388610136,51.135496388610136,50.70014076942145,50.93626403808594,9743500.0
2019-08-21,51.622483602771716,51.63724446956151,51.18713373603317,51.44539260864258,10134200.0
2019-08-22,51.58560090564259,51.622491819246406,51.098593557246616,51.334716796875,8972000.0
2019-08-23,50.781304862544104,51.30520314967887,49.460488492321666,49.7999153137207,15371900.0
2019-08-26,50.26479557142061,50.368099159457465,49.82943991073101,50.0655632019043,7343900.0
2019-08-27,50.27215725144713,50.50090567633467,49.41621265554786,49.578548431396484,9490900.0
2019-08-28,49.82942906749499,50.16148106789087,49.55641491407454,49.94011306762695,9647400.0
2019-08-29,50.39761094452011,50.67062513389368,50.24264994615536,50.493534088134766,9004100.0
2019-08-30,50.626349160252374,50.97315641420059,50.220509686563545,50.530426025390625,9180800.0
2019-09-03,50.095083789566104,50.67801444817516,49.9032318391017,50.5894660949707,9849700.0
2019-09-04,51.283056671899374,51.364224550095095,50.98052082960237,51.12810134887695,6959200.0
2019-09-05,51.533943306159514,52.05784719587913,51.430639741048566,51.851234436035156,9901500.0
2019-09-06,51.91027779981185,52.353008263872155,51.74056717623999,52.338253021240234,10418500.0
2019-09-09,52.50795536816847,53.17942850774117,52.37513570116416,52.7514533996582,12840200.0
2019-09-10,53.23107606175523,53.75497425400783,52.847377959549576,53.17942428588867,13810800.0
2019-09-11,53.70332790601067,53.74759925276476,52.7957315198204,53.07612609863281,10525700.0
2019-09-12,52.37513229597682,53.245837694257666,52.1685195599195,53.11301803588867,9100700.0
2019-09-13,53.31964197805606,53.659068850035325,53.17206140570212,53.60003662109375,7337200.0
2019-09-16,55.37095607583194,55.474259646731326,54.3083986270127,54.404327392578125,19830200.0
2019-09-17,54.47074258090166,54.66259451115962,53.59265646705101,53.99111557006836,14452200.0
2019-09-18,53.60739845624382,53.84352166045611,53.37127525203153,53.73283767700195,7292200.0
2019-09-19,53.84352712653202,54.00586290146192,53.267977109687315,53.371280670166016,8050200.0
2019-09-20,53.48933595243001,53.496716386156585,53.024469960841614,53.186805725097656,19736600.0
2019-09-23,52.773590682340725,53.393417690475054,52.72931933519612,53.22370147705078,7495200.0
2019-09-24,52.987580558232374,53.03185753693366,52.25707515031667,52.49319839477539,13307100.0
2019-09-25,52.37514863581308,52.73671118487505,52.257084178375514,52.648162841796875,8035200.0
2019-09-26,52.55223116719323,52.648154301082975,52.153772132415234,52.367759704589844,8420200.0
2019-09-27,52.168527708626165,52.88427788888003,52.1168759239492,52.744083404541016,8224000.0
2019-09-30,52.56698934557985,52.721944707273785,52.07998758448785,52.10212326049805,9768900.0
2019-10-01,52.26444896521647,52.323481176259676,50.84770967790849,50.877220153808594,10279100.0
2019-10-02,50.37546263709192,50.61158587516353,49.4457305538474,49.549034118652344,14503700.0
2019-10-03,49.43835313724885,50.176239004968984,48.92921008704279,50.16148376464844,10788400.0
2019-10-04,50.257400812492186,50.96577048413531,50.0434132612216,50.89198303222656,10534800.0
2019-10-07,50.69275687810391,50.93626056564537,50.19099426269531,50.19099426269531,10993000.0
2019-10-08,49.836818560183225,50.117213199141624,49.17272006831004,49.21699142456055,9748700.0
2019-10-09,49.659716001365666,49.95486581415865,49.5859229185456,49.76301956176758,8580900.0
2019-10-10,49.75565149936647,50.441885681024615,49.71875494878207,50.3607177734375,7100100.0
2019-10-11,50.899356842041016,51.27567448668656,50.83294420323116,50.899356842041016,10101900.0
2019-10-14,50.618979865766434,51.187155253976655,50.61159942926896,51.04695510864258,6234600.0
2019-10-15,50.95839020961499,51.65200464489685,50.92149929835597,51.224029541015625,6645700.0
2019-10-16,51.06907988796267,51.30520313886976,50.33119402517526,50.34595489501953,9765800.0
2019-10-17,50.5304136290718,50.82556339612293,50.23525823239972,50.2795295715332,9757200.0
2019-10-18,50.08032161997841,50.286928785926925,49.88846969604492,49.88846969604492,13472700.0
2019-10-21,50.04342110886261,50.74441045635513,50.04342110886261,50.72227478027344,10199300.0
2019-10-22,50.75178697712476,51.47491757454681,50.65586384496172,50.98052978515625,9536000.0
2019-10-23,50.884598898818204,51.47490973041583,50.7517792431898,51.467529296875,8641800.0
2019-10-24,51.622492490124124,51.68890514286944,50.92887800174197,50.98052978515625,9003600.0
2019-10-25,50.84033195079357,51.26830705920939,50.84033195079357,51.09859085083008,7607200.0
2019-10-28,51.25354943602969,51.40850478586277,50.60421192773549,50.64848327636719,11209600.0
2019-10-29,50.53043164049399,50.936265529658044,50.35333496159258,50.50091552734375,13894400.0
2019-10-30,50.4492581286023,50.4492581286023,49.637579181257635,49.96963119506836,12840600.0
2019-10-31,49.777776049767404,49.96962793659496,49.54165281583424,49.858943939208984,16169100.0
2019-11-01,50.464008543327346,51.364230104577295,50.404976329233826,51.356849670410156,14108700.0
2019-11-04,51.70365738403725,53.03185406569332,51.60773425743725,52.884273529052734,15858200.0
2019-11-05,53.15729119548079,53.954209172929794,53.017091098627276,53.93206787109375,14930400.0
2019-11-06,53.66643582996423,53.76973938989849,52.53746584561672,52.7514533996582,13996500.0
2019-11-07,53.14992003664449,53.887805930541255,53.127784360567205,53.873050689697266,13073800.0
2019-11-08,53.47726255198212,53.61915349400134,52.767819236918314,52.84996032714844,12106000.0
2019-11-11,52.43174010201974,52.73045504745167,52.25251341376606,52.5288200378418,8674000.0
2019-11-12,52.476552586789346,52.58110767499644,51.513205443623754,51.80445098876953,13918600.0
2019-11-13,51.543064356528056,51.64014998920522,51.22941622983336,51.37877655029297,11773700.0
2019-11-14,51.42357842687664,51.505725173366315,50.915764765628275,51.15473556518555,11279800.0
2019-11-15,51.311577145382095,51.75218309046754,51.281705073044506,51.67003631591797,11252800.0
2019-11-18,51.30409153939209,51.39370772817098,51.00538230515598,51.16967010498047,10095600.0
2019-11-19,51.08006712442878,51.199549696189024,50.61705862726145,50.64693069458008,12605500.0
2019-11-20,50.53491379525302,51.184618464823004,50.273540318132156,50.80375671386719,16930700.0
2019-11-21,50.7962885526957,52.088228482905755,50.72161122842385,52.02848434448242,14080900.0
2019-11-22,52.05835502401889,52.409344705993156,51.77457892035529,51.80445098876953,12143600.0
2019-11-25,51.80445010523878,51.85672479969354,51.31156953108161,51.46092987060547,10670000.0
2019-11-26,51.46839438974736,51.55801059481163,51.10994096451924,51.3339729309082,15457000.0
2019-11-27,51.34891480521822,51.595349412850894,51.08754131378067,51.30410385131836,8393900.0
2019-11-29,51.02778974156285,51.17714437276994,50.78134947230859,50.8784294128418,7980800.0
2019-12-02,51.15474917556373,51.438525295067365,51.05766922093441,51.09500503540039,11116900.0
2019-12-03,50.78135051303409,50.96804665462613,50.42289141427118,50.691734313964844,12245800.0
2019-12-04,50.968046812808005,51.34890853814173,50.88590005445143,51.266761779785156,11049700.0
2019-12-05,51.445996948911116,51.50574109164317,50.93818313071868,51.08754348754883,13109000.0
2019-12-06,51.348908159645326,52.17783948057762,51.348908159645326,51.90899658203125,13710800.0
2019-12-09,51.58788632104673,52.25252422090192,51.543075366580005,52.02102279663086,12397700.0
2019-12-10,52.02101997639963,52.38694284920322,51.304101718947294,51.57294464111328,14281800.0
2019-12-11,51.33397839744918,52.09570197782499,51.281703696640264,51.49827194213867,13748400.0
2019-12-12,51.49825945849101,52.558692102136355,51.453454210806015,52.5288200378418,17068500.0
2019-12-13,52.63338235276461,52.678187606613776,51.617754817077426,51.69990158081055,12274500.0
2019-12-16,52.05087996237978,52.46161373683385,52.05087996237978,52.27491760253906,15208700.0
2019-12-17,52.25999119092019,52.558700486489606,51.759641156060745,52.035953521728516,14450700.0
2019-12-18,51.99861258488351,52.491493183538786,51.73723909961844,52.1778450012207,13652300.0
2019-12-19,52.267462866823905,52.31227382597122,51.70737430636389,51.819393157958984,13273200.0
2019-12-20,52.17038128191386,52.44669368093895,51.81939154998114,52.230125427246094,35092000.0
2019-12-23,52.1703680180777,52.498955036349436,51.923927754373906,52.491485595703125,14172500.0
2019-12-24,52.53630007874861,52.64831891807727,52.20771870023666,52.289859771728516,3979400.0
2019-12-26,52.41680878004196,52.64831016465372,52.282387334699735,52.37199783325195,8840200.0
2019-12-27,52.42427713127882,52.50642389384823,52.18530628494448,52.19277572631836,10516100.0
2019-12-30,52.342137741797046,52.60351694907175,51.82686016470409,51.88660430908203,12689400.0
2019-12-31,51.5430759002665,52.1255727342462,51.53561215570716,52.110633850097656,13151800.0
2020-01-02,52.45414854450544,53.03663961907986,52.45414854450544,52.94702911376953,12456400.0
2020-01-03,53.27561838771278,53.29802671488815,52.39441790099747,52.52136993408203,17386900.0
2020-01-06,52.51388781238076,53.29054440566564,52.446679939627295,52.92462158203125,20081900.0
2020-01-07,52.64830966419267,52.66324284797146,51.90899457059512,52.491485595703125,17387700.0
2020-01-08,52.357069993161,52.49149145222296,51.6550906294469,51.69990158081055,15137700.0
2020-01-09,51.6326907714781,52.2002487065672,51.25182900079195,52.095699310302734,14811800.0
2020-01-10,52.22264713071286,52.24504975703541,51.617753429946646,51.632686614990234,11995600.0
2020-01-13,51.67749684492536,52.17784690354871,51.61028895948461,52.125572204589844,9953900.0
2020-01-14,51.81191551019617,51.96127585450861,51.4459926372812,51.677494049072266,16261000.0
2020-01-15,51.677498945628344,51.96874452274054,51.445997511902014,51.59535217285156,11390300.0
2020-01-16,51.75218169505026,51.96128049826015,51.37878934717116,51.39372253417969,13340300.0
2020-01-17,51.341445351900276,51.587885656992945,50.997925092156606,51.199554443359375,18144100.0
2020-01-21,51.065136755778276,51.09500882807728,50.41543770019929,50.46771240234375,17982600.0
2020-01-22,50.45276692814093,50.557316318775364,50.03456936560321,50.17646026611328,17033100.0
2020-01-23,49.81799153824626,49.98228503400113,49.32511674849503,49.862796783447266,19605900.0
2020-01-24,49.69104981633553,49.79559920842388,49.317657502444376,49.526756286621094,18238600.0
2020-01-27,48.85464601938746,49.086153114270424,48.31696020838914,48.346832275390625,21231000.0
2020-01-28,48.62315285074068,48.69036073973226,48.26469368357335,48.279632568359375,19664700.0
2020-01-29,48.5634023213521,48.63807964291789,47.71953776238136,47.87636184692383,14202800.0
2020-01-30,47.62992031451759,48.45138222532411,47.36854684710382,48.38417434692383,18544700.0
2020-01-31,47.19679140956521,47.19679140956521,46.19609984426443,46.390262603759766,34282900.0
2020-02-03,45.83764121924739,45.8675104392825,45.08338715040451,45.352230072021484,27389300.0
2020-02-04,45.889920428033314,46.2334407066555,44.72493526938182,44.7846794128418,31922100.0
2020-02-05,45.3671579100421,46.99514833125774,45.255139096687444,46.84579086303711,32099200.0
2020-02-06,46.995160024444324,47.05490131734316,46.13635650505853,46.211036682128906,16055400.0
2020-02-07,45.860038093838334,46.046734227235945,45.598664646584446,45.90484619140625,15112500.0
2020-02-10,45.813958824273726,45.8442597553381,45.16250325466874,45.4200553894043,20934500.0
2020-02-11,45.889703316302146,46.124528267815315,45.579123160407335,45.85182571411133,14908700.0
2020-02-12,46.46540921182424,46.609334283845044,45.87455557024296,46.412384033203125,17862100.0
2020-02-13,46.25331132348022,46.52601102034163,45.87455837324108,46.15483474731445,16949400.0
2020-02-14,46.32148286663781,46.329056653523146,45.66245071105115,45.94272994995117,10855300.0
2020-02-18,45.56397822104645,45.74577800758823,45.03372354593116,45.35945129394531,18948500.0
2020-02-19,45.5336750102536,45.92000170452532,45.32157430670485,45.70790100097656,12804900.0
2020-02-20,45.62457182532463,45.85939965247324,45.23824515707902,45.344295501708984,14817200.0
2020-02-21,45.07917477653682,45.07917477653682,44.533772494240885,44.791324615478516,20315700.0
2020-02-24,43.647475736194224,43.78382698746646,42.69301986694336,42.69301986694336,32096600.0
2020-02-25,42.98846335620861,42.98846335620861,40.882597705915956,41.05682373046875,36414500.0
2020-02-26,41.32194377282302,41.52647070023619,40.09478509799949,40.1553840637207,29801000.0
2020-02-27,39.17063074531568,39.723609724612835,37.72379454204344,37.73894500732422,48141300.0
2020-02-28,36.94355960994363,38.96609878540039,36.36785356196377,38.96609878540039,62446700.0
2020-03-02,39.83723548601365,40.821992580293106,38.73127756304833,40.81441879272461,38127600.0
2020-03-03,40.86744189461293,41.01894364517307,38.617648556382,38.860050201416016,50580700.0
2020-03-04,39.56453286585109,39.75390934111727,38.72370085332436,39.708457946777344,24079600.0
2020-03-05,38.193446963746254,38.40555058555902,37.148090878410294,37.958621978759766,40788200.0
2020-03-06,36.996582949831975,37.12535754727373,35.75427391487618,36.125450134277344,55640500.0
2020-03-09,31.595559552088865,33.76202614491631,30.90622953524874,31.709186553955078,72896300.0
2020-03-10,34.974046330162004,35.042221977360704,31.398620415007276,32.883331298828125,60445900.0
2020-03-11,32.11067188123596,32.93635335691897,31.62586860921207,31.800094604492188,51986100.0
2020-03-12,30.22448918819886,30.7926186624909,28.027720731740597,28.164072036743164,65725300.0
2020-03-13,30.307809083753693,30.406285657570493,26.51270588433081,28.876123428344727,79891500.0
2020-03-16,26.058201466059298,28.6943213832392,25.187068613780667,26.12637710571289,48924700.0
2020-03-17,26.671781718272822,28.315571003727747,25.906702040107334,27.883792877197266,41204400.0
2020-03-18,26.17182212870967,27.808034373364972,23.656903361733097,25.08858871459961,54036400.0
2020-03-19,25.55066287430843,26.436945905794698,24.5053043644915,26.080917358398438,49412400.0
2020-03-20,26.3915022218839,26.64905430980482,23.906882674517,24.80074119567871,76534600.0
2020-03-23,24.641663596892055,24.77044108994228,22.80850088487261,23.823558807373047,56952500.0
2020-03-24,26.07335192896956,27.398987266070304,25.247673264502012,26.84600830078125,61835600.0
2020-03-25,27.656541753609304,29.2321555616828,26.649060313931663,28.247398376464844,56607700.0
2020-03-26,28.406468427533035,29.96693146676146,27.815614808930075,29.406375885009766,46722000.0
2020-03-27,28.126194660658282,28.5428223245358,27.421713947882118,27.989843368530273,51558600.0
2020-03-30,27.444436569846975,28.89884930293658,27.164160214745596,28.406469345092773,45835000.0
2020-03-31,29.042771366975654,29.883603234877143,28.307989844637383,28.762495040893555,41491600.0
2020-04-01,27.92166971313959,29.315480773420944,27.527766273314874,28.429197311401367,36045900.0
2020-04-02,29.345788544675052,31.784956301437777,28.709483284289874,30.603248596191406,62000200.0
2020-04-03,31.39861553924996,31.951594418589348,29.17912334579372,29.701801300048828,48425700.0
2020-04-06,30.209332894938807,30.928964001494347,29.716952956333603,30.656261444091797,41301900.0
2020-04-07,32.496997613762225,32.81514863960233,31.17893634611943,31.239538192749023,48921800.0
2020-04-08,31.777369705102213,33.36055698340088,31.413767258510628,33.21662902832031,33355600.0
2020-04-09,34.43620952115039,35.38309167619514,31.618290192702613,32.67122268676758,60107300.0
2020-04-13,33.67112806902607,33.85292781410086,31.79251432854245,32.39094161987305,29651900.0
2020-04-14,32.5727502231908,33.14087958754878,31.74706876473766,32.14097213745117,30769000.0
2020-04-15,31.05774469780162,31.103196096172105,29.830585838358,30.663841247558594,33125000.0
2020-04-16,30.663846033293417,30.663846033293417,29.4897121772059,29.65636444091797,30934000.0
2020-04-17,30.209336712870858,32.815156021365084,30.20176003551024,32.73940658569336,40829100.0
2020-04-20,30.868356493554014,32.37579406984074,30.70928099409826,31.19408416748047,39260800.0
2020-04-21,30.60324145068928,31.913726393783314,30.019961524053922,31.027442932128906,44381600.0
2020-04-22,32.269744927282375,32.519723220594756,31.709192270805566,31.913719177246094,27074200.0
2020-04-23,32.67122599941473,33.830208950013144,32.42882437431775,32.91362762451172,35271000.0
2020-04-24,33.63326287384387,34.004439143965776,32.67123004100779,33.125732421875,28653800.0
2020-04-27,33.019679411876126,33.572658323807346,31.98947101553368,33.28480529785156,28274400.0
2020-04-28,33.61052779578118,34.383183972537125,33.413577581151614,34.065032958984375,26545100.0
2020-04-29,35.04221772497277,36.05727563250028,34.96646829934676,35.95122528076172,29502500.0
2020-04-30,36.117879144623224,36.117879144623224,34.67104308729226,35.201297760009766,37076300.0
2020-05-01,34.564989326988325,35.14069244461723,32.57274832936772,32.67879867553711,35399300.0
2020-05-04,32.201573323008354,34.04231282175384,31.981898816432114,33.996864318847656,27465600.0
2020-05-05,35.04221494589026,35.71639749497816,33.830206894062265,33.958984375,29276200.0
2020-05-06,34.03473973522714,34.29229185240203,33.254509596280705,33.32268524169922,22659000.0
2020-05-07,34.057456598732486,34.29228441304293,33.30752755147383,33.512054443359375,22160300.0
2020-05-08,34.322591500559106,35.011921716441826,34.07261318013462,34.98162078857422,19977400.0
2020-05-11,34.92859944852287,34.99677509889019,34.4740941495221,34.64832305908203,22258000.0
2020-05-12,35.073022734091595,35.266071083651376,34.06917190551758,34.06917190551758,25439100.0
2020-05-13,33.77574996204904,33.87613301094499,32.12325315422318,32.37807846069336,30827900.0
2020-05-14,31.71397898064775,32.85682472505048,31.04217162627719,32.66377639770508,24856500.0
2020-05-15,32.72555942907742,33.212039184558044,32.31629489509491,32.432125091552734,22445600.0
2020-05-18,34.28538879282499,35.196577257875454,34.02284291398529,35.01124954223633,32026100.0
2020-05-19,35.17339967532241,36.00736974535611,33.92244751595514,33.93016815185547,21771600.0
2020-05-20,34.45526735633608,35.196575230508195,34.41665827695972,35.0344123840332,19352400.0
2020-05-21,35.08846355049027,35.358732981056946,34.277661150157755,34.408935546875,19130700.0
2020-05-22,34.015117385939725,34.493876450922286,33.5518025418513,34.439823150634766,15406400.0
2020-05-26,35.320133086372444,35.752559574605094,35.111640481395476,35.4514045715332,20356500.0
2020-05-27,36.03054233391908,36.4011947960572,35.06530062657482,35.70622253417969,20788300.0
2020-05-28,35.85293500314703,35.87609985943037,34.69464505804175,34.77958679199219,19698000.0
2020-05-29,34.60970267435437,35.281510005112,34.262215108209524,35.111629486083984,25874700.0
2020-06-01,34.995805169939594,35.86838454963674,34.59426424251864,35.73711013793945,19031000.0
2020-06-02,36.18498686345988,36.64058113347182,36.10004510953971,36.532474517822266,22319000.0
2020-06-03,37.06527571219365,38.14634743207269,37.02666663913014,38.022796630859375,23418000.0
2020-06-04,37.744811392824,37.95330394870722,37.18883124380208,37.91469192504883,18731400.0
2020-06-05,39.88378519397381,41.27373254730098,39.84517317235843,40.98802185058594,41328900.0
2020-06-08,42.254422722267776,42.74862601446301,41.28145741328494,42.269866943359375,33579400.0
2020-06-09,40.83357848549099,41.675269216974954,40.5015351637149,41.327781677246094,27276900.0
2020-06-10,41.31234506793927,41.31234506793927,39.07298312897366,39.111595153808594,31156800.0
2020-06-11,36.70234906783069,37.713923419118224,35.59811233912017,35.659889221191406,39183000.0
2020-06-12,37.096164808340376,37.54403536606868,35.45139234458289,36.424354553222656,30978100.0
2020-06-15,35.01896132682884,36.8799468680378,34.5556465733919,36.401187896728516,27929300.0
2020-06-16,38.27762688893178,38.41662193762716,36.47841778521672,37.219722747802734,26203400.0
2020-06-17,37.06528564211956,37.16567161552522,35.984213632617376,36.007381439208984,19279400.0
2020-06-18,35.60584079744172,36.547917758232046,35.343294904058396,36.23131561279297,21478700.0
2020-06-19,37.235169667477166,37.266055167226504,35.505455017089844,35.505455017089844,48899900.0
2020-06-22,35.28151779148917,35.86066288098253,35.057583928938435,35.845218658447266,17565400.0
2020-06-23,36.21586732079367,36.46296894368069,35.90698881934305,36.06142807006836,18916600.0
2020-06-24,35.45139861679041,35.49000769737111,34.16955769999643,34.362606048583984,27626900.0
2020-06-25,34.0151148643655,34.93402679250132,33.73712480024655,34.87997055053711,19353600.0
2020-06-26,34.65603635027561,34.70236606333415,33.59040876467384,33.68307113647461,31518600.0
2020-06-29,33.82979260169926,34.42438185010863,33.621300038307616,34.223609924316406,17052100.0
2020-06-30,33.536355879393376,34.7255342905103,33.32786333102739,34.53248596191406,22153600.0
2020-07-01,34.3548916962072,35.042143471606906,33.72169028696213,33.75257873535156,17290100.0
2020-07-02,34.455266472281,34.895416446382704,33.92245412091679,34.03828430175781,18216600.0
2020-07-06,34.493877391616806,34.81047951005492,33.85295840829297,34.27766418457031,22692000.0
2020-07-07,33.89929215982327,33.976510323193246,33.28925865387448,33.389644622802734,17407600.0
2020-07-08,33.32014347426502,33.9224533309712,33.0807624807538,33.31241989135742,18291400.0
2020-07-09,33.12710212091717,33.281538463402946,31.88387012238958,31.937923431396484,25882000.0
2020-07-10,31.752586187421546,32.98037359487483,31.73714196866121,32.934043884277344,18951000.0
2020-07-13,33.188862599360185,33.428243546157496,32.60971771302627,32.9417610168457,20028300.0
2020-07-14,32.841384795728004,34.123225738931815,32.63289222147578,34.03056335449219,21444100.0
2020-07-15,34.77186537767368,34.81819803881312,34.13866707052048,34.462989807128906,17332400.0
2020-07-16,34.215893942572556,34.601990680127585,33.81435298203321,34.192726135253906,14673700.0
2020-07-17,34.23133946280733,34.50932665000686,33.50547568345816,33.60586166381836,17958900.0
2020-07-20,33.36647869546569,33.59813614429988,32.80277782321826,32.81822204589844,18553900.0
2020-07-21,33.320149135552526,34.8954215627154,33.28926069004157,34.47843933105469,28821800.0
2020-07-22,34.09234300086101,34.09234300086101,33.49003008903874,33.675357818603516,21345400.0
2020-07-23,33.513192741629865,33.83751253637925,33.21975844232051,33.744850158691406,17934400.0
2020-07-24,33.88384548097422,34.30082765689299,33.351030177031745,33.53635787963867,16415300.0
2020-07-27,33.38192077204664,34.04600757617948,33.18115178148011,34.03056335449219,18547900.0
2020-07-28,33.907014621795234,34.16956051533364,33.55952697657024,33.629024505615234,19190500.0
2020-07-29,33.752566515056024,34.04600077714706,33.46685583510828,33.99966812133789,14143200.0
2020-07-30,33.304702872510525,33.34331195419183,32.30085202037597,32.33173751831055,29901100.0
2020-07-31,31.783465900727638,32.56337958710393,31.59041763773836,32.4938850402832,32116200.0
2020-08-03,32.47073238981941,32.818220014402854,32.02286174255506,32.62517166137695,23033600.0
2020-08-04,32.694669898616105,33.66763232296368,32.61745173399703,33.5672492980957,17724000.0
2020-08-05,34.09234000448124,34.21589083143741,33.61357797255249,33.860679626464844,17175100.0
2020-08-06,33.51318830019091,33.899284926019455,33.397358134168954,33.69851303100586,14434900.0
2020-08-07,33.381922722934334,33.60585953196104,33.05760288559989,33.54408264160156,18757900.0
2020-08-10,33.96879278950588,34.43982834220481,33.66763485519857,34.370330810546875,24367800.0
2020-08-11,35.13479788467111,35.84521436203728,34.54020864390999,34.72553634643555,28987500.0
2020-08-12,35.00901001275928,35.386974680467524,34.35544704686675,34.7176628112793,22503200.0
2020-08-13,34.25307767853888,34.54442485451188,33.79636853433633,33.86723709106445,17338700.0
2020-08-14,33.544391480585546,34.07984212050965,33.394781420881635,34.016849517822266,13595700.0
2020-08-17,33.99322883295412,33.99322883295412,33.44203222759768,33.57589340209961,15554600.0
2020-08-18,33.53651829862716,34.00897332878493,33.30029078354827,33.41053009033203,13014000.0
2020-08-19,33.34753568676863,33.59163916330327,32.96957104825419,33.04043960571289,14473100.0
2020-08-20,32.82783861456537,32.98532465401945,32.520742489717925,32.53649139404297,15678500.0
2020-08-21,32.520739688668506,32.55223749460565,32.05615756438198,32.29238510131836,25517700.0
2020-08-24,32.504994712690866,33.47352983379789,32.3553846221089,33.24517822265625,18208900.0
2020-08-25,32.804217594917326,33.12706263230695,32.04828819085328,32.190025329589844,31285600.0
2020-08-26,32.00104099185625,32.15852703293277,31.497088063448494,31.504961013793945,26795000.0
2020-08-27,31.49707279112095,31.73330023629537,30.95374936684029,31.292343139648438,32034300.0
2020-08-28,31.37109722393496,32.22151696899123,31.30810161122168,32.040409088134766,33477100.0
2020-08-31,32.0010343510947,32.06402995597121,31.418340024965918,31.4498348236084,25259600.0
2020-09-01,31.300218933920313,31.300218933920313,30.749019509167706,31.048242568969727,22464100.0
2020-09-02,30.890758357451915,31.276598877994548,30.670279776453487,30.85926055908203,26413400.0
2020-09-03,30.867144655664344,31.520707623424293,30.615168209805546,30.796276092529297,28817200.0
2020-09-04,31.071879503066572,31.33173194524155,30.434065333721936,30.772659301757812,24632500.0
2020-09-08,30.119092140025163,30.457686095889958,29.410406417564772,30.06397247314453,38496400.0
2020-09-09,30.1978273059801,30.58366789671613,29.859233421394173,29.882858276367188,25886100.0
2020-09-10,30.134842504674257,30.213584031517787,29.056067967175025,29.134809494018555,34381200.0
2020-09-11,29.237168661063752,29.378905777413756,28.733215804617494,29.056060791015625,26838600.0
2020-09-14,29.06393556577932,29.142677078121416,28.73321760938714,28.86707878112793,26129900.0
2020-09-15,28.977309975649366,29.43401902981668,28.512727973973615,28.559974670410156,23724200.0
2020-09-16,28.709594555967183,30.040348426228007,28.559984471601368,29.77262306213379,30890900.0
2020-09-17,29.410404778150724,29.90648475622018,29.11118460427705,29.764747619628906,24696200.0
2020-09-18,29.552141564250245,29.780496170916365,28.898578556649717,29.28441619873047,46853800.0
2020-09-21,28.68597412109375,28.906452783447943,28.095403700819457,28.68597412109375,35351800.0
2020-09-22,28.70959286726222,29.008816022189816,27.930041679056433,27.977285385131836,27303200.0
2020-09-23,28.071770408558002,28.182009694822728,27.048113027424964,27.07961082458496,31251400.0
2020-09-24,27.087495507816012,27.418213473221872,26.583539602184434,27.024499893188477,26796000.0
2020-09-25,26.772521140515213,27.51270152597467,26.678030730493916,27.276473999023438,23486000.0
2020-09-28,27.670190080312967,28.268636407467312,27.638692272821423,27.804054260253906,23396500.0
2020-09-29,27.55995434603979,27.646571826020523,26.76465412801031,26.993005752563477,20770500.0
2020-09-30,27.276479677411896,27.496958347959264,26.87489309837253,27.032379150390625,22223700.0
2020-10-01,26.60715741745457,26.851257850039648,25.937842706267507,26.08745574951172,36890200.0
2020-10-02,25.394527407235362,26.26069613278529,25.363029598067186,25.969348907470703,32694300.0
2020-10-05,26.237073816940942,26.575667750060234,26.118958536533246,26.567794799804688,22965200.0
2020-10-06,26.86700807977661,27.103235576211272,26.229194139782578,26.292186737060547,26731800.0
2020-10-07,26.489050208634364,26.567794729964618,26.15045627640515,26.37881088256836,23779300.0
2020-10-08,26.678033523910685,27.82767647823445,26.583540100199144,27.764680862426758,34413700.0
2020-10-09,28.095399282983816,28.30800496130715,27.28435032788799,27.3552188873291,29228600.0
2020-10-12,27.19773380931654,27.34734388275008,26.95363031748654,27.26860237121582,17912800.0
2020-10-13,27.347339548789957,27.457578848985833,26.851259694112876,26.94575309753418,20995100.0
2020-10-14,26.819769787848085,27.426089053294547,26.796144930786507,26.89063835144043,17743000.0
2020-10-15,26.536291304380867,27.134734520833973,26.197697443823284,27.126861572265625,23251600.0
2020-10-16,27.063866802360288,27.27647246580456,26.678029230913715,26.851261138916016,22627200.0
2020-10-19,26.851265695810635,27.063871395335955,26.292193117686452,26.315814971923828,23645800.0
2020-10-20,26.504795225872325,26.71740089659006,26.244945853081255,26.536293029785156,23040600.0
2020-10-21,26.386676500915488,26.473293948412785,26.09532936243909,26.1110782623291,28619300.0
2020-10-22,26.12683118224718,27.5284504463688,26.000842967537327,27.449708938598633,31831500.0
2020-10-23,27.536325067655888,27.622942524291492,26.66228055621785,26.898508071899414,27429100.0
2020-10-26,26.4654253246623,26.591413540572606,25.94572355855778,26.260692596435547,30888700.0
2020-10-27,26.103209470043335,26.142580224138623,25.748866675593753,25.84335708618164,27100700.0
2020-10-28,25.276409046278616,25.49689067980644,24.819702884149063,24.859073638916016,42136400.0
2020-10-29,24.73308060818806,26.087455935933797,24.49685312176148,25.961467742919922,38622800.0
2020-10-30,25.52051783962354,26.095339389400465,25.205545728388422,25.685876846313477,47885700.0
2020-11-02,26.095339179504037,27.134742932904203,25.646505877071995,26.7646541595459,40130300.0
2020-11-03,27.158360277947974,27.158360277947974,26.08745900927054,26.307937622070312,36773000.0
2020-11-04,26.197700350525604,26.882761096218374,25.61500296655742,26.166202545166016,35410100.0
2020-11-05,26.27643779612995,26.70952203955591,26.095329949017117,26.11895179748535,30824100.0
2020-11-06,26.063839412091454,26.504799730425585,25.685874712289234,25.81186294555664,33985600.0
2020-11-09,28.67809379710934,29.930103017478125,28.394622561758325,29.079683303833008,76879400.0
2020-11-10,29.8780464595175,30.18448882933154,29.015171931799586,29.72482681274414,49055400.0
2020-11-11,29.910304309607795,29.93449607595978,29.184520556375023,29.418384552001953,34124500.0
2020-11-12,28.918401324094802,29.265164324175927,28.120039211374536,28.41035270690918,30933700.0
2020-11-13,28.54744453763773,29.232904516482918,28.531315669442105,29.095813751220703,29241500.0
2020-11-16,30.313506699054948,30.781231457845056,29.918357215084306,30.773168563842773,38596800.0
2020-11-17,30.490931032933993,31.216711703252155,30.144168029150634,31.1844539642334,26521100.0
2020-11-18,31.466702754480984,31.555409993541392,29.999009552573675,30.00707244873047,31068000.0
2020-11-19,29.72482713869847,30.24093866640229,29.482900244620723,30.160297393798828,26954400.0
2020-11-20,30.119963557378632,30.16835015043754,29.66030169025117,29.789329528808594,18351000.0
2020-11-23,30.240932146848785,31.79733236744127,30.063517693848596,31.740882873535156,29367600.0
2020-11-24,32.66827586716552,33.934365965574706,32.43441495175888,33.853721618652344,46979300.0
2020-11-25,33.60372097702095,33.63597870832097,32.78117036273641,32.91019821166992,28178200.0
2020-11-27,32.82150345416103,33.015043762933594,32.15216911867553,32.41022491455078,14971900.0
2020-11-30,32.095709546197476,32.1602250130798,30.619953618332204,30.748981475830078,45614300.0
2020-12-01,31.418312261867193,31.974747392128588,31.023165797459434,31.0473575592041,32472900.0
2020-12-02,30.95865617748617,32.59569799171226,30.91833554154181,32.208614349365234,29369500.0
2020-12-03,32.31345062816729,32.77311264805874,32.039265995577004,32.42634963989258,27038900.0
2020-12-04,32.8779394441904,33.676298272972176,32.78116932960671,33.611785888671875,28723600.0
2020-12-07,33.4021187078031,33.49889191310953,32.797300017839106,32.98278045654297,24899400.0
2020-12-08,32.684403580118015,34.3456401527338,32.61182520858949,34.063392639160156,32573800.0
2020-12-09,34.44241338220798,35.26496730797264,34.17629471355123,34.514991760253906,37824800.0
2020-12-10,34.83756230504741,35.86172247387631,34.48273331902542,35.49076461791992,38058700.0
2020-12-11,35.240773676731834,35.42625106053491,34.84562406687847,35.321414947509766,25478800.0
2020-12-14,35.75688021217472,35.85365033888258,34.01500255009892,34.04726028442383,30595000.0
2020-12-15,34.22467737401774,34.8536909931074,33.9182380756654,34.708534240722656,27138400.0
2020-12-16,35.281092881067956,35.571406366120634,34.64401640845426,35.24077224731445,34273000.0
2020-12-17,35.48269967216238,35.514957410168485,34.99884590713978,35.063358306884766,21204600.0
2020-12-18,34.894015996466294,35.30529146218119,34.208552785251115,34.45854568481445,46596800.0
2020-12-21,33.15213169668952,33.934364918223515,32.68440372777764,33.82952880859375,27869500.0
2020-12-22,33.531154084010225,33.78920984643141,33.24890347892825,33.2569694519043,21792900.0
2020-12-23,33.47469214780419,34.184346834290054,33.43437152299321,33.684364318847656,19085900.0
2020-12-24,33.587595431066184,33.74887793620206,33.36986035761285,33.547271728515625,8039000.0
2020-12-28,33.61985161909736,34.31337749735991,33.482760868228446,33.66017532348633,23877500.0
2020-12-29,33.90210214935377,33.96661453905958,33.224705137975754,33.28115463256836,20287700.0
2020-12-30,33.329539731328886,34.20853984362579,33.281153134028166,33.547271728515625,23807300.0
2020-12-31,33.442443332689336,33.6117918322232,33.03923086164661,33.24083709716797,22786500.0
2021-01-04,33.42631983408439,34.0714592761304,33.063427936599915,33.46664047241211,27764700.0
2021-01-05,33.74081048752173,36.12782692605423,33.732747593859806,35.07947540283203,44035100.0
2021-01-06,35.813327603820774,36.36975964501465,35.24076669641258,35.974613189697266,36484800.0
2021-01-07,36.28912037457341,36.748782319883325,35.91009968847803,36.25686264038086,29528100.0
2021-01-08,36.450407015620726,36.95038960489049,36.2488007855302,36.66007614135742,28628200.0
2021-01-11,36.32137741726151,38.01486843866,36.08751346321819,37.77294158935547,38246200.0
2021-01-12,38.27293317095173,38.84549423364988,37.82939999669637,38.61163330078125,36915100.0
2021-01-13,39.13580349289272,39.28096023612811,38.458406383216634,39.047096252441406,29000300.0
2021-01-14,39.11160555834208,41.192183165682515,39.11160555834208,40.57123565673828,35474800.0
2021-01-15,39.4422398546267,39.579333680746345,38.135832440294664,38.619686126708984,42411300.0
2021-01-19,39.07129413191619,39.86965320552214,38.99064978147738,39.385799407958984,24932600.0
2021-01-20,39.60352562838575,40.11157415489611,39.50675550590126,39.942222595214844,22342400.0
2021-01-21,39.78093936959477,39.82932289183577,38.45033713516699,38.79710006713867,29044500.0
2021-01-22,37.91003724139848,38.41808584397478,37.61166085790892,38.24873733520508,23264800.0
2021-01-25,37.82133102416992,37.942292919754045,37.2245752133137,37.82133102416992,26395800.0
2021-01-26,38.11164531914392,38.59550217979262,36.97458615720711,36.99071502685547,23976800.0
2021-01-27,36.2891216774911,37.62778693187676,35.91010097778743,36.57136917114258,32410300.0
2021-01-28,37.04716674824577,37.57134427623224,36.84556047998444,37.14393997192383,24967200.0
2021-01-29,36.73265619632495,37.127805779030076,35.893973502279,36.16009521484375,38961100.0
2021-02-01,36.75684895529014,36.75684895529014,35.71656008079697,36.224605560302734,24412400.0
2021-02-02,36.94232162879622,37.89390315005977,36.51491438792145,36.79716491699219,31940400.0
2021-02-03,36.79717828452442,38.442283155486415,36.627826675053996,38.24067687988281,28459300.0
2021-02-04,38.61162599336552,39.01483845297298,38.103577432905375,38.974517822265625,25280300.0
2021-02-05,39.65997818729973,40.4180165118226,39.54707918963323,40.28092575073242,34980100.0
2021-02-08,41.063158273106616,42.22441220655996,40.89380976656705,42.014739990234375,36998700.0
2021-02-09,41.55547698136647,41.793312521237425,40.81737089252092,41.522674560546875,28977000.0
2021-02-10,41.52267301475997,42.1705653830861,41.32584285462303,41.924530029296875,25723800.0
2021-02-11,41.73589628585466,41.768701828825996,40.00544300047624,40.87477111816406,26972200.0
2021-02-12,40.53852617032536,41.58827862211885,40.522123397202456,41.432456970214844,19756700.0
2021-02-16,42.6134317186816,43.08089983844759,42.334590811408084,42.67904281616211,28060100.0
2021-02-17,42.93327425997154,43.687786172765016,42.48220895384419,43.34333419799805,25509700.0
2021-02-18,43.31053124818176,43.41714457823148,42.53141674980769,42.662635803222656,20627600.0
2021-02-19,42.736446725019924,43.10550129048389,42.58062194820791,42.949676513671875,22607200.0
2021-02-22,43.1301009118321,44.95076789025965,43.1301009118321,44.53250503540039,36435100.0
2021-02-23,45.0901863160736,45.319818859396385,44.073239514065186,45.1475944519043,33527900.0
2021-02-24,45.26240708939717,46.7468249373552,44.99996902424007,46.500789642333984,28728600.0
2021-02-25,46.73042850096241,46.951861235046586,45.393632274532294,45.729881286621094,29670900.0
2021-02-26,44.622721774723445,45.15580093891719,43.564766396959314,44.58991622924805,35291000.0
2021-03-01,46.312172700777495,47.24710890532681,46.03333180393742,46.254764556884766,36998300.0
2021-03-02,46.45979042661663,46.71402557607993,45.94311404877386,45.9841194152832,30302600.0
2021-03-03,46.27116225161866,47.53414762103735,45.82829989290158,46.35317611694336,35358900.0
2021-03-04,46.845244108674905,48.77252759841933,46.828841336550525,48.149234771728516,52137500.0
2021-03-05,49.06777521294217,50.068319365477976,48.47728788268494,49.969905853271484,51429800.0
2021-03-08,50.50298375146587,50.527586346762156,49.059571009575244,49.92069625854492,38154600.0
2021-03-09,49.70745427639869,50.34714662530331,48.77251834230477,49.14977264404297,35645900.0
2021-03-10,49.633659724872274,50.78182577719879,49.23179957302693,50.658809661865234,31579100.0
2021-03-11,50.66699789242218,51.298490484548125,50.24053524078484,50.28154373168945,24802600.0
2021-03-12,50.47837443333155,51.15087243728979,50.43736906792119,50.82282638549805,20422700.0
2021-03-15,50.42916454224603,50.73260797218833,49.10056830161712,49.52703094482422,31243600.0
2021-03-16,48.82993141124999,48.92834490676991,47.92779779537342,48.47727966308594,30624800.0
2021-03-17,48.13283941611115,48.98576492694777,48.07543126908459,48.690521240234375,25575500.0
2021-03-18,48.23123894412726,48.3624579662554,46.35316414800541,46.590999603271484,38622800.0
2021-03-19,46.50900321680743,47.132296152257354,45.77089711347076,46.32857894897461,84439400.0
2021-03-22,46.33676844855764,46.632012075516926,45.84469782263132,45.85289764404297,29315100.0
2021-03-23,45.057389734158775,46.16455356360459,44.65553270342278,45.287025451660156,33493300.0
2021-03-24,45.99232136912725,46.97646265806288,45.99232136912725,46.20555114746094,29781800.0
2021-03-25,45.278819688139954,46.336775127739394,44.696535300208794,46.074337005615234,31495900.0
2021-03-26,46.992867800621525,47.38652496175603,46.35317530484158,47.32911682128906,34226500.0
2021-03-29,47.02567037740083,47.41932751368338,46.53359973917484,47.07487869262695,21144400.0
2021-03-30,46.63201768143618,47.04207762850684,46.32857419658645,46.49259567260742,20303400.0
2021-03-31,46.21375974753715,46.44339546994937,45.7626943830098,45.78730010986328,23686500.0
2021-04-01,46.1891566025747,47.11589304751555,46.04153475723865,47.06668472290039,23194500.0
2021-04-05,46.99286819273319,47.009270965647616,46.041529263259505,46.33677291870117,23264800.0
2021-04-06,46.61561106068707,47.18969556490543,46.1399400596605,46.20555114746094,18926300.0
2021-04-07,46.2465550954323,46.55820149591338,46.12353900234073,46.410579681396484,22385000.0
2021-04-08,45.869303896368365,45.99232312644017,45.369030282556196,45.92671203613281,21999300.0
2021-04-09,45.926703871402296,46.28755541841457,45.541246605644616,45.82008743286133,20020700.0
2021-04-12,46.550000776182536,46.57460649878674,45.36082951011276,45.51665115356445,20238800.0
2021-04-13,45.352624298274776,45.91030601235844,45.18039989117773,45.688873291015625,19370600.0
2021-04-14,46.26295326514193,47.57514356531543,46.13173423512458,47.00926208496094,28051100.0
2021-04-15,47.09127838147811,47.09127838147811,46.566402199259585,46.73042678833008,23250300.0
2021-04-16,47.04207539964465,47.30451350305477,46.28756350595882,46.46799087524414,22752000.0
2021-04-19,46.541794794140415,46.86164098908064,45.89389945497466,46.32036209106445,21123300.0
2021-04-20,46.312166830819116,46.312166830819116,44.926162344915134,45.344425201416016,21782100.0
2021-04-21,44.696532249450684,46.03332849362778,44.53250765219127,45.92671203613281,16625600.0
2021-04-22,45.91850926396702,45.91850926396702,45.12299205189939,45.32802200317383,21600100.0
2021-04-23,45.32801941623163,45.87749815260329,45.25420851284499,45.57405471801758,15337900.0
2021-04-26,45.492047895179624,46.16454590437479,45.467442172934724,45.66427230834961,16083800.0
2021-04-27,45.93491692529955,46.44339354574526,45.77089543845572,46.26296615600586,19278600.0
2021-04-28,46.673021070422905,47.944206226712375,46.57460756328352,47.65716552734375,24729800.0
2021-04-29,48.321464962731206,48.78073325158912,47.68997536725181,48.337867736816406,27318400.0
2021-04-30,47.83759536879231,48.296860511507546,46.87805345695956,46.94366455078125,30518400.0
2021-05-03,47.550547759352796,48.37887054643544,47.35372075049774,48.23944854736328,20509600.0
2021-05-04,48.387070811906675,48.79713073404148,47.985210711670646,48.54289245605469,23522200.0
2021-05-05,49.01856398582518,50.06831639646938,48.715120516218775,50.002708435058594,31526200.0
2021-05-06,49.91249670151338,50.55218921068858,49.23179569528104,50.47837829589844,26836800.0
2021-05-07,50.084724873377645,51.232894049672836,49.90429748405744,51.20008850097656,33610600.0
2021-05-10,51.864387722342215,52.5040771624398,51.28210017222859,51.3231086730957,31956600.0
2021-05-11,50.54398058045825,51.16727020789635,49.527030723733574,49.69105529785156,34563800.0
2021-05-12,49.93236080254882,51.32191494220111,49.71602468586883,49.95732498168945,34426500.0
2021-05-13,49.091971322996855,50.29846955812477,48.88395449535704,49.341590881347656,24268200.0
2021-05-14,49.865794919640486,50.6562595112809,49.865794919640486,50.56473159790039,20735400.0
2021-05-17,50.37335623986427,51.79619059317348,50.28182832694644,51.74626541137695,25282500.0
2021-05-18,51.588179223478384,51.837798810710424,50.256872642184014,50.28183364868164,25170800.0
2021-05-19,49.17518748123867,49.80756055230805,48.60938133305474,49.075340270996094,28889800.0
2021-05-20,49.05036732615641,49.21678141878962,48.45960031268908,48.958839416503906,20692500.0
2021-05-21,49.44143955153643,49.78259020621086,48.96716142423123,49.02540588378906,20792700.0
2021-05-24,49.158545982030134,49.75763238171059,48.8340370135167,49.59954071044922,18400300.0
2021-05-25,49.50800307271058,49.541286525632245,48.359749339591374,48.47623825073242,25616100.0
2021-05-26,48.46792783814551,49.19182561410868,48.17670550703543,49.04205322265625,21698700.0
2021-05-27,49.283351861120515,49.6744245559388,48.27655106604072,48.725868225097656,33556000.0
2021-05-28,48.867320513449435,48.92556498049321,48.351439587882254,48.56777572631836,19246800.0
2021-06-01,49.46639905073958,50.50648312172198,49.46639905073958,50.306785583496094,28474200.0
2021-06-02,50.54808512396358,51.01404392374384,50.06548459839639,50.7061767578125,22978300.0
2021-06-03,50.38168421370177,51.097262739222266,50.21527008640401,50.905887603759766,20272800.0
2021-06-04,51.138862032592954,51.338559606714874,50.573055942347004,51.13054275512695,20427800.0
2021-06-07,51.03068759984051,51.36351260604532,50.772745601411856,50.797706604003906,15477900.0
2021-06-08,51.17214295419656,51.98756859111305,50.48152551759533,51.696346282958984,28953400.0
2021-06-09,52.14566306062003,52.76971361811382,51.74627108471424,52.129024505615234,29133000.0
2021-06-10,52.92780917248711,53.23567322959944,51.79619697175653,52.21223068237305,27488700.0
2021-06-11,52.42856240389409,52.57833478104084,51.70466469707486,51.7296257019043,17631700.0
2021-06-14,51.83779846123429,52.237190432930014,51.23038963923339,51.64642333984375,16997200.0
2021-06-15,51.987574539097764,53.58514571341185,51.87940488051391,53.52690124511719,30717100.0
2021-06-16,53.518569895143955,53.91796500288401,52.886200127044596,53.335514068603516,24803200.0
2021-06-17,53.135818012101346,53.63505711989536,50.980763589240645,51.57985305786133,28491800.0
2021-06-18,50.75610171548953,51.21373806335325,50.123732008746245,50.25686264038086,39590700.0
2021-06-21,50.69786601583351,52.170625667995274,50.67290500999379,52.079097747802734,33145400.0
2021-06-22,52.29542660436282,53.26062768384432,51.77954578615542,53.077571868896484,25140400.0
2021-06-23,53.293921234691716,53.83475998366533,52.902848528323226,53.46865463256836,20701600.0
2021-06-24,53.37712144502022,53.718265755381125,53.094218420790554,53.68498229980469,19568400.0
2021-06-25,53.75987724346412,54.026138567549914,53.55186038564176,53.801483154296875,18438300.0
2021-06-28,53.71826591798989,53.71826591798989,52.212226050574984,52.42856216430664,20570000.0
2021-06-29,52.59497333184371,53.06093216305135,52.07909249399284,52.10405349731445,19579300.0
2021-06-30,52.17062988568265,52.611624619623775,51.96261302264092,52.48681640625,17875500.0
2021-07-01,53.526892564503406,53.601775576665,52.228866394258276,52.63657760620117,22530300.0
2021-07-02,52.428564444463284,52.68650647605204,51.9376445611719,52.56169509887695,14555300.0
2021-07-06,52.2122224064891,52.220541682785246,50.67289919083211,51.063968658447266,22110800.0
2021-07-07,50.90587852245963,51.43008181900294,49.60785236999973,50.26518630981445,21671400.0
2021-07-08,49.466402044491616,50.51480545489494,49.34991312934512,50.04052734375,18935900.0
2021-07-09,50.50648838638657,51.130538894025406,50.12373817014849,50.94748306274414,20086000.0
2021-07-12,50.2735020486724,51.17213620808229,50.0571659588615,50.897552490234375,21809400.0
2021-07-13,50.75609717126543,51.18045002970677,50.34838286296471,50.65625,17147300.0
2021-07-14,50.89756043242982,51.363519310842754,49.39152049653449,49.5329704284668,21573600.0
2021-07-15,49.23342191514255,49.67441975414415,48.9005968908208,49.05036926269531,15851100.0
2021-07-16,49.241737301492144,49.3083010271731,47.55264189600016,47.694091796875,27049500.0
2021-07-19,46.29623196056223,46.76219087070804,45.430881059185175,46.054931640625,37969100.0
2021-07-20,46.179734549964564,47.09500729843804,45.7886619083388,46.56248474121094,26756100.0
2021-07-21,47.311348677779606,48.50952448489259,47.286387673699636,48.06020736694336,20908700.0
2021-07-22,48.03525194620198,48.04357439791929,47.1449400575688,47.519371032714844,13493800.0
2021-07-23,47.66914126649485,47.66914126649485,46.986846264463104,47.461124420166016,14088200.0
2021-07-26,47.560965573311115,48.80074721646911,47.42783493554316,48.65929412841797,18387600.0
2021-07-27,48.26823082802193,48.26823082802193,47.60257751042226,48.11846160888672,16861400.0
2021-07-28,48.25991061211803,48.784113978200445,47.943724102122324,48.44296646118164,16855300.0
2021-07-29,49.091974014227986,49.36655776532603,48.72586552018233,49.033729553222656,18607800.0
2021-07-30,48.992128090378124,48.992128090378124,47.69410183842504,47.90211868286133,28652800.0
2021-08-02,47.88547435924035,49.141897809030745,47.7606661637937,47.910438537597656,20873800.0
2021-08-03,47.90210827014526,48.60104484248332,47.36958577199901,48.42631149291992,18208200.0
2021-08-04,47.585934392704004,48.16006294133154,47.26975105987017,47.29471206665039,20868300.0
2021-08-05,47.53601288890102,48.01029106732304,47.28639329616606,47.59425735473633,15180200.0
2021-08-06,47.977003253652136,48.318150740043784,47.868833609454285,48.14341735839844,14888500.0
2021-08-09,47.53601288890102,47.860518676865,47.28639329616606,47.59425735473633,17828200.0
2021-08-10,47.77730267487487,48.55944796554604,47.677455487968814,48.40967559814453,16340200.0
2021-08-11,48.41800534747944,48.67594740803899,48.026935791639175,48.5511360168457,18278600.0
2021-08-12,48.48356178569413,48.81297918990583,48.035889088317845,48.44132614135742,19225500.0
2021-08-13,48.171026506706085,48.204813727526776,47.554424226298615,47.951416015625,20063000.0
2021-08-16,47.31792540132519,47.377051433291314,46.68442943986496,47.25035095214844,16959500.0
2021-08-17,46.87870910812504,47.55443760399681,46.45637839543922,46.92938995361328,16243700.0
2021-08-18,46.811127888534436,47.14054850345238,45.87355654833269,45.94112777709961,21890500.0
2021-08-19,45.16404080130757,45.36675770918221,44.00685249885852,44.53899002075195,30923500.0
2021-08-20,44.15044394175913,44.88529832735659,44.01529827059032,44.54743576049805,16918300.0
2021-08-23,45.56947044666061,46.50704485433213,45.56947044666061,46.38034439086914,21632600.0
2021-08-24,46.701326234512685,47.174334522473714,46.46481886840487,46.76045227050781,17915600.0
2021-08-25,46.65909019343266,47.1067596375714,46.34656320212161,46.844913482666016,13270300.0
2021-08-26,46.62530744830875,46.912492437942404,46.14385073364754,46.211421966552734,11842600.0
2021-08-27,46.79423056918618,47.47840406148489,46.79423056918618,47.106754302978516,15822500.0
2021-08-30,47.503742508505304,47.5882073311248,46.557719740109434,46.59150695800781,14086100.0
2021-08-31,46.39724868069165,46.71822089912089,46.00025681111147,46.05093765258789,27104100.0
2021-09-01,46.02559954019842,46.2536552749789,45.273848213149066,45.417442321777344,21644100.0
2021-09-02,45.856654150176134,46.99694540247064,45.83976054068916,46.5239372253418,23293300.0
2021-09-03,46.557730574396764,46.72666348107399,46.118506305886854,46.34656524658203,13840000.0
2021-09-07,46.177633329153,46.68443206004166,46.008703640984045,46.07627487182617,14354400.0
2021-09-08,46.27899674779918,46.608414163086515,45.620158695097125,45.65394592285156,18756700.0
2021-09-09,45.29073704813211,46.45637051973187,45.02044569560565,45.68772888183594,19110800.0
2021-09-10,46.61684974875987,46.65063696954898,45.56947168131138,45.594810485839844,15123700.0
2021-09-13,46.16074779487557,47.241913379123396,46.13540576128204,46.76890182495117,22052300.0
2021-09-14,47.039187254481696,47.106761705989726,45.95802180737075,46.10161590576172,19940300.0
2021-09-15,46.76889096810423,47.748697856910105,46.71821335693657,47.655784606933594,23240900.0
2021-09-16,47.689581031444426,47.689581031444426,46.87870687502486,47.14899826049805,17907200.0
2021-09-17,46.74354621642406,47.934518259267044,46.540826131160244,46.59150695800781,30000400.0
2021-09-20,45.42588460714857,45.75530200531051,44.73326258482675,45.3498649597168,27555100.0
2021-09-21,45.92423095331476,46.04248301198397,44.97821126183417,45.3076286315918,19696800.0
2021-09-22,45.974912353214286,47.22501062357278,45.92423151796423,46.63374710083008,25690600.0
2021-09-23,46.81112373289856,48.348410132995554,46.69287167645884,48.21326446533203,23069400.0
2021-09-24,47.89229119360068,48.838310845462956,47.875397582765856,48.644039154052734,22328600.0
2021-09-27,49.70831501825971,50.51074387834791,49.682976210951026,50.08841323852539,32972200.0
2021-09-28,50.59521211836417,51.08511398678325,50.26579151155187,50.61210250854492,37619300.0
2021-09-29,50.54453994854574,50.84017015930834,49.87725664753572,50.57832717895508,23422800.0
2021-09-30,50.781034778389355,50.82326719757055,49.67453057405754,49.68297576904297,31289600.0
2021-10-01,50.181320761218466,51.515886977194,50.181320761218466,51.465206146240234,24407300.0
2021-10-04,51.794626285105515,52.428122206618184,51.482102532688124,52.13249206542969,33946700.0
2021-10-05,52.80822347748497,52.960262765267125,51.54123156071842,52.04802703857422,29641600.0
2021-10-06,51.0766809076106,51.62570893827873,50.468523608775406,51.09357452392578,25284900.0
2021-10-07,51.19491968087248,51.59191150567868,50.79792785606628,51.237152099609375,19513600.0
2021-10-08,51.735506573757704,52.72375878536186,51.735506573757704,52.52104187011719,22186900.0
2021-10-11,53.239002563323275,53.26434459425292,51.94667176036563,51.997352600097656,22121500.0
2021-10-12,52.00579495864693,52.35210595593906,51.397637803547745,51.72705841064453,20198600.0
2021-10-13,51.33851302470771,51.85375693567469,50.85705633921037,51.583465576171875,14991700.0
2021-10-14,52.124043139269496,52.554822166078544,51.66792530692821,52.368995666503906,18594500.0
2021-10-15,52.98560359986488,53.272788574205364,52.74065104660711,52.86735153198242,16092600.0
2021-10-18,53.28968763652623,53.331920061927676,52.59706554913451,52.842018127441406,18282800.0
2021-10-19,53.10385264550894,53.728903397192674,52.9349197486652,53.635990142822266,18933200.0
2021-10-20,53.12073622230744,53.94850371612756,52.97714538149872,53.931610107421875,14305200.0
2021-10-21,53.61065071194886,53.75424157821191,52.66462778948754,52.951812744140625,16564600.0
2021-10-22,53.019391342305234,53.3994895800084,52.66463191307321,53.31502151489258,14266800.0
2021-10-25,53.82182756152736,54.413087987141495,53.703575476404524,54.35396194458008,17939800.0
2021-10-26,54.47220772296631,55.6969705260157,54.36240406928101,55.61249923706055,25585100.0
2021-10-27,55.03813555347993,55.11415198021045,54.04143170060702,54.168128967285156,21764500.0
2021-10-28,53.906285298223004,54.45531644623084,53.74580080705063,54.320167541503906,16626400.0
2021-10-29,54.94521973320029,55.20706267208742,54.33706257065214,54.45531463623047,23966300.0
2021-11-01,54.96211892028252,55.8152287678557,54.91988327113577,55.43512725830078,19656400.0
2021-11-02,54.92832797437786,55.283084203895285,54.6158073911503,54.75094985961914,16300000.0
2021-11-03,54.092115996381175,54.43842381403597,53.77114376712791,53.999202728271484,17372800.0
2021-11-04,54.632692094211876,54.81007019050021,53.91473129182933,54.40463638305664,17720100.0
2021-11-05,54.94522135136396,55.18172548948579,54.531332665396306,54.91987609863281,18565100.0
2021-11-08,55.36755185358262,56.06861584838222,55.22395453219792,55.51114273071289,17696000.0
2021-11-09,55.55336618946276,56.06016808220742,55.16482279747794,56.051719665527344,18781300.0
2021-11-10,55.91475610685543,56.197241899636296,54.58793691348486,54.94746398925781,20177200.0
2021-11-11,54.94746117634058,55.495308820491864,54.80193404362925,55.05017852783203,13319300.0
2021-11-12,54.75058622181916,55.10155465794959,54.42530365951272,54.63074493408203,18158900.0
2021-11-15,54.57938319336525,55.443954819255644,54.117138691085245,55.10155487060547,18849200.0
2021-11-16,55.07586236911643,55.95756107028635,55.07586236911643,55.65795135498047,17028700.0
2021-11-17,55.11009915982173,55.846270656186086,54.93889922009661,55.05017852783203,15497000.0
2021-11-18,54.92179084790158,55.23851144143418,54.02297468975417,54.45098114013672,16948200.0
2021-11-19,52.978632328218694,53.09847359923994,51.71173376031881,51.934295654296875,32035500.0
2021-11-22,51.6347004189799,53.535050195848534,51.6347004189799,52.65335464477539,21994400.0
2021-11-23,53.23544205231829,54.254099511885954,53.00431817322555,54.040096282958984,21185900.0
2021-11-24,53.56928913663121,54.656422651881684,53.56928913663121,54.339698791503906,15869700.0
2021-11-26,51.80590092447677,52.576310572610716,50.96700867716822,52.430789947509766,24979600.0
2021-11-29,53.56073223867932,54.04865937915419,52.465036662234766,52.721839904785156,18946400.0
2021-11-30,51.754539187330835,52.37942821292638,51.06972951992682,51.223812103271484,34979800.0
2021-12-01,52.13118602518023,53.098478234538256,51.146769900833185,51.18101119995117,30630600.0
2021-12-02,51.138209360702376,52.713273143478936,50.62459968878378,52.45646667480469,29216000.0
2021-12-03,53.00431566003979,53.26968082688185,51.66037570733538,52.122623443603516,22014700.0
2021-12-06,52.833121016233925,53.20976554365002,52.576314515500364,52.713279724121094,19210500.0
2021-12-07,53.36384902229359,53.95449679982267,53.15840447138807,53.30392837524414,19800400.0
2021-12-08,53.59496974986528,54.091455548278105,53.36384586829322,53.4580078125,18214400.0
2021-12-09,53.115598500527675,53.73192881848061,52.91015723816336,53.594966888427734,16910300.0
2021-12-10,54.15993547842816,54.22841481101821,53.26968129674741,53.93737030029297,17942400.0
2021-12-13,53.47512779123861,53.68913101977351,52.51639097629257,52.75607681274414,17793700.0
2021-12-14,52.43934555449086,53.47512358077272,52.40510752234797,52.67903137207031,22551100.0
2021-12-15,52.37942771003994,52.64479288223693,51.369332235780504,52.44791030883789,19961900.0
2021-12-16,52.5934327587917,53.458007638762176,52.47359147216533,52.533512115478516,21187800.0
2021-12-17,52.17398526237405,52.45646781244014,51.095407213754555,51.386451721191406,44338100.0
2021-12-20,50.32499977038396,50.71876492534162,49.61450748756766,50.6417236328125,21819300.0
2021-12-21,51.1467743077554,51.942866620976645,51.121094963919326,51.78878402709961,19798900.0
2021-12-22,51.65181181655009,52.533503944242874,51.335087998954656,52.208221435546875,14058300.0
2021-12-23,52.36230576365776,52.93583608538271,52.21678514296081,52.23390579223633,13543300.0
2021-12-27,52.156866097547464,53.029999644709086,51.72029769125162,52.9786376953125,12593700.0
2021-12-28,52.995757963030925,53.33816442567943,52.55919282531262,52.80743408203125,12781000.0
2021-12-29,52.62767068905081,52.730391318805054,52.14830230781442,52.34518814086914,12733600.0
2021-12-30,52.405103579907,52.730386086087584,52.01989717476724,52.037017822265625,11940300.0
2021-12-31,51.99422945245286,52.6191185313196,51.95998814980611,52.379432678222656,14072000.0
2022-01-03,52.42222352613121,54.442410922472256,52.396540922512386,54.39105224609375,24282400.0
2022-01-04,54.89610575450576,56.65949679610771,54.87042641205577,56.43693161010742,38584000.0
2022-01-05,56.924859379114736,57.87503424610713,56.90774199423338,57.13886260986328,34033300.0
2022-01-06,58.208864279971976,58.619753254349604,57.41277219843801,58.4827880859375,30668500.0
2022-01-07,58.65399687321622,59.2189684819472,58.191755687166825,58.962162017822266,23985400.0
2022-01-10,59.03921251744309,59.210412490201186,58.16607567613991,58.6112060546875,22760300.0
2022-01-11,58.97074279817512,61.11933753921032,58.70538082317354,61.076534271240234,32936100.0
2022-01-12,60.896751403808594,61.4702784249686,60.468744994430764,60.896751403808594,23045100.0
2022-01-13,60.879640849794285,61.27340600688682,60.186265947842855,60.46018981933594,21043200.0
2022-01-14,60.47731539210176,61.76133479944634,60.4345121328461,61.52165222167969,23012900.0
2022-01-18,62.33485746120974,63.24222902123555,61.641489120500204,62.55742263793945,32841200.0
2022-01-19,63.130962453695076,63.225124411688135,62.10374940577608,62.58311462402344,26431600.0
2022-01-20,62.06094652082621,63.66169328564587,61.855505216157056,62.72007369995117,26774600.0
2022-01-21,62.64301327380822,62.64301327380822,60.81114651222517,61.778438568115234,35995200.0
2022-01-24,60.67419711641523,62.55742957370923,59.758263497426015,62.30918502807617,41507000.0
2022-01-25,62.137971104653296,64.40640651655038,61.110758272895325,64.14104461669922,39278400.0
2022-01-26,64.56906829266136,65.05699549765934,62.90840079139801,63.4904899597168,35252400.0
2022-01-27,64.59474461319323,65.06555440773089,63.33640437221197,64.30370330810547,29174700.0
2022-01-28,64.17528142924496,64.73169106207817,63.3021447055105,64.44064331054688,30595700.0
2022-01-31,64.17529222897936,65.41650840037344,63.576079242451435,65.02274322509766,36085500.0
2022-02-01,65.44217298737509,69.77360200042698,65.28809042911065,69.19151306152344,61033100.0
2022-02-02,68.53239284625856,69.17440254151337,67.7534244787301,69.01176452636719,30299300.0
2022-02-03,68.55805409656217,68.7463779357423,67.64212076761584,68.20709228515625,28529400.0
2022-02-04,69.2257634340206,70.64674140804432,69.2257634340206,69.6880111694336,32197500.0
2022-02-07,69.45687010896442,71.11753684050765,69.02886375801893,70.52688598632812,34949200.0
2022-02-08,70.42416362935056,70.62104942860817,68.41253504270742,68.70358276367188,34356300.0
2022-02-09,68.87669552476412,69.26616903667669,68.12370591803787,68.37470245361328,40106100.0
2022-02-10,68.1323554064126,68.96323698414204,67.32743784622785,67.71691131591797,28527700.0
2022-02-11,68.0458205129898,69.5171723722054,67.70827500877844,69.42196655273438,42002100.0
2022-02-14,68.87669154438181,69.10171744333303,66.68697124380634,68.35739135742188,34652800.0
2022-02-15,66.557154604574,67.67365380705974,66.14171043026677,67.50054931640625,25075100.0
2022-02-16,68.19294940980572,69.00652395209612,67.54382247157675,67.81212615966797,21733800.0
2022-02-17,67.92465815639042,68.47857938348893,67.46593615599338,67.70828247070312,23738800.0
2022-02-18,66.78218623361138,67.65633913730758,66.54849682521895,66.95528411865234,23394800.0
2022-02-22,68.95458527791088,69.05844795913282,65.18099370256404,66.17632293701172,35947800.0
2022-02-23,66.17632978371297,67.05048928214036,65.89071233324744,66.44463348388672,25385000.0
2022-02-24,68.37470833671355,68.40067235930698,64.07315917343904,65.6051025390625,46199900.0
2022-02-25,66.37538967532612,67.50053897756312,66.00322333150108,67.37071228027344,28310300.0
2022-02-28,66.21960467675078,68.3141193492335,65.95129438498299,67.87271118164062,32204600.0
2022-03-01,68.17564816804769,69.80279755115126,67.79483145130459,68.5218505859375,40002300.0
2022-03-02,69.75949848361563,71.10102996730934,69.08440760654753,69.69891357421875,44321400.0
2022-03-03,69.11902666204348,70.77213291925159,68.91995819173606,70.14031982421875,30196600.0
2022-03-04,70.14900573461676,72.94457612675151,69.81146016532821,72.7801284790039,42802200.0
2022-03-07,73.49847823388446,75.49779370362506,72.61566849901017,75.402587890625,55207900.0
2022-03-08,77.07300015988208,79.20213551455097,73.93987873703466,75.97380828857422,72082300.0
2022-03-09,72.72818974487421,74.92656736263208,70.62501795096401,71.65496826171875,65466700.0
2022-03-10,72.7108682723017,74.15625589031725,71.75015995056437,73.8792953491211,44644200.0
2022-03-11,72.76280583568382,74.632294685939,72.67625689334112,73.49848175048828,35303400.0
2022-03-14,71.88864874850124,72.22619425727383,69.67296405435059,70.86735534667969,37462600.0
2022-03-15,68.21891696059583,68.52184156012447,66.09843816063433,66.83411407470703,47957900.0
2022-03-16,67.3447545273215,68.04581611660956,65.99457259771015,66.58311462402344,37812300.0
2022-03-17,67.66498670596854,68.50452519979616,66.70427838862561,68.35739135742188,34041900.0
2022-03-18,68.42662626085703,68.71224367366106,67.59574464445816,68.08908081054688,41461500.0
2022-03-21,69.34406219905415,71.42126290212406,69.01516702523541,71.14430236816406,33089300.0
2022-03-22,70.65097839160498,71.144314634129,69.92395934083743,70.83273315429688,23132200.0
2022-03-23,72.13098112698736,72.93589878247602,71.87999119216434,71.94922637939453,27716300.0
2022-03-24,72.23486833988055,73.26481886255087,71.6203620979573,72.1656265258789,19871600.0
2022-03-25,71.76748431292562,73.99182605020748,71.6549713359428,73.74082946777344,22398300.0
2022-03-28,71.98386087070853,72.10503072532323,70.98853140500607,71.67227935791016,21552400.0
2022-03-29,69.9412619739426,71.39530658488823,69.03248821913952,71.29145050048828,27036300.0
2022-03-30,71.88863978003732,72.71087116552387,71.58571520780983,72.51180267333984,22079000.0
2022-03-31,71.7242035770369,73.04842151213808,71.4472430063181,71.48185729980469,27861500.0
2022-04-01,70.96256005983062,72.82339206841796,70.96256005983062,71.94058227539062,18671100.0
2022-04-04,72.32140024960987,72.40795579833024,71.01449598567642,71.97520446777344,20869400.0
2022-04-05,72.26946908804254,73.62830794329207,71.45589450861867,71.60303497314453,21753100.0
2022-04-06,72.20022349375277,73.3080657374052,71.78478595401344,72.3992919921875,24768200.0
2022-04-07,72.55507077410377,73.9485302239297,71.585705668885,73.6109848022461,26122000.0
2022-04-08,73.71485994574208,75.48048616401427,73.71485994574208,75.16024780273438,24866500.0
2022-04-11,74.24281569051361,74.37264240766916,72.26947072018483,72.57239532470703,21800100.0
2022-04-12,74.18221904861613,75.14292735920709,73.89660163665447,74.0870132446289,22444200.0
2022-04-13,74.96117946793231,75.39393076073725,73.73216738114884,75.13427734375,19306800.0
2022-04-14,75.01310372552965,76.56235406800118,74.6322870972912,76.01708984375,24566400.0
2022-04-18,76.59699626741255,76.9345418243978,75.94786918040059,76.64027404785156,19032300.0
2022-04-19,76.1728881080835,76.73546613670594,75.53241140927715,75.95651245117188,20382600.0
2022-04-20,76.1382650292384,76.59698035222718,75.55837987011148,76.12960815429688,20689400.0
2022-04-21,76.98644741618591,77.72212984942782,75.11696538474153,75.3246841430664,29010900.0
2022-04-22,75.00446139246749,76.26809444505005,73.56772385121954,73.68023681640625,23591600.0
2022-04-25,71.29145673672926,71.54245330141964,68.62570694959824,71.19625091552734,37698300.0
2022-04-26,71.60303702354172,73.32538544532885,71.12700792551105,71.22221374511719,28941500.0
2022-04-27,72.17426338118729,73.98316730140114,71.21355493903401,73.25614166259766,32773000.0
2022-04-28,73.46385143662255,76.28539149751674,72.76279650926554,75.47181701660156,33683800.0
2022-04-29,76.28541349593544,76.28541349593544,73.30808185891567,73.78411102294922,34656500.0
2022-05-02,73.57636591502225,75.33333485090397,73.24747075439748,74.78807067871094,36335200.0
2022-05-03,74.65826154245703,76.83932534729021,74.53709169792526,76.32868194580078,33908100.0
2022-05-04,77.46248172314831,79.52237550799785,76.95183836515305,79.36658477783203,46188400.0
2022-05-05,79.660850668611,79.6695075424995,76.50176523183339,78.16352844238281,41013400.0
2022-05-06,78.74343458021056,79.47045364197965,77.33266102427193,79.35794067382812,29619300.0
2022-05-09,77.41054723717266,77.51440331313106,72.71951857633378,73.100341796875,45851600.0
2022-05-10,74.1216436018387,75.20352187323788,72.28677567637179,73.58502960205078,34483200.0
2022-05-11,74.80539240261041,76.97780584781627,74.67556568775744,75.11697387695312,33020600.0
2022-05-12,75.15195069084528,75.52792931654643,72.92231558848772,75.4579849243164,29491500.0
2022-05-13,76.38479794431417,77.77504002482515,75.50168429321207,77.69635009765625,25798400.0
2022-05-16,77.80128116542453,80.4243856236251,77.79253561604531,79.5237808227539,26101200.0
2022-05-17,80.20580550343051,80.8353450633879,79.67244031733698,80.5380630493164,23120700.0
2022-05-18,80.88779991184855,81.2462873866413,78.54449298888986,79.261474609375,25451200.0
2022-05-19,77.81875617261886,80.70417339569346,77.81875617261886,79.68990325927734,24387400.0
2022-05-20,80.38066351087843,81.83211115682751,79.0428813217948,80.3194580078125,28795000.0
2022-05-23,81.01895987561917,82.86387062357655,80.92277884082377,82.09442901611328,27239300.0
2022-05-24,81.15886364036598,82.881370222655,80.72167949951701,82.54036712646484,24293300.0
2022-05-25,82.69774578798004,84.40276110613496,82.60156475250464,84.20166015625,29947800.0
2022-05-26,84.46397923928438,85.18970655330243,84.11423057353706,84.49895477294922,24314800.0
2022-05-27,83.89561902138662,85.62687084606331,83.32728507620583,85.32958221435547,25588800.0
2022-05-31,86.17773457999283,87.24446493702757,83.68578634399395,83.9393539428711,44888100.0
2022-06-01,84.83119798488539,86.30888234545395,84.48145604920747,85.54817962646484,25815400.0
2022-06-02,85.06727103558885,85.7755070434689,84.63008699696678,85.39952850341797,19089100.0
2022-06-03,85.60065769003809,87.13954776204055,85.60065769003809,86.64115142822266,21038200.0
2022-06-06,86.7198350322375,87.24445459802973,86.27390539940923,86.42254638671875,20682100.0
2022-06-07,87.17451664547693,90.43591333233435,86.99090010339819,90.38345336914062,37810200.0
2022-06-08,90.48836113056805,92.30704854699336,90.04243816156843,91.45016479492188,31613200.0
2022-06-09,90.42714861701054,91.43267328082422,89.32544959802445,89.47409057617188,26607000.0
2022-06-10,89.1330952587929,90.36595093554973,87.25320231958227,87.83902740478516,30950500.0
2022-06-13,85.2683826634043,85.48697471016035,82.12065852429714,83.80818939208984,33421000.0
2022-06-14,85.1722060051556,86.2739050880737,83.30105199811283,84.02677917480469,31264000.0
2022-06-15,83.9305917189864,84.43772681599519,81.55230942905477,82.96878814697266,29620800.0
2022-06-16,80.80035987518484,81.42989930793149,78.9379515400825,79.90850067138672,35696700.0
2022-06-17,79.53253738787933,79.87354048100445,74.8983895390734,75.30059814453125,64610200.0
2022-06-21,77.4515437903237,80.90529582559594,77.39907715734728,79.98721313476562,35951500.0
2022-06-22,76.54217820503057,78.4832763004534,76.53343265687226,76.82197570800781,29727200.0
2022-06-23,77.52147173827721,77.86247473189087,73.02721398503085,74.50489807128906,35757200.0
2022-06-24,76.02631175821027,77.29414964135432,75.02953255126938,75.98259735107422,26639000.0
2022-06-27,76.77826340475143,78.72810727096814,76.65585240015301,77.8449935913086,25478700.0
2022-06-28,79.67241936035855,81.52607536263308,78.99915222410314,80.00467681884766,33096900.0
2022-06-29,81.29876184261352,81.49111725174424,76.73455856515204,77.04933166503906,25400900.0
2022-06-30,75.31808165354461,76.59465851722668,74.03275923937899,74.88089752197266,39948100.0
2022-07-01,75.84269866234509,76.83947791429014,74.06773221670434,76.55094146728516,26327900.0
2022-07-05,75.49295670266899,75.80772982802154,72.58131529950919,74.1551742553711,34591100.0
2022-07-06,73.2370824847556,74.52240480934469,70.83256992868488,72.8173828125,33375700.0
2022-07-07,74.65355301696175,75.86018537813327,74.58360863224877,75.14320373535156,23817400.0
2022-07-08,76.02629032697399,76.33232444515724,74.26007000914356,75.26559448242188,17673800.0
2022-07-11,74.46994337095094,75.30059722347794,73.76170721249252,74.88089752197266,15603800.0
2022-07-12,73.25455579033517,74.36500697422734,72.45013876746617,73.88410186767578,21013000.0
2022-07-13,72.90482718347765,75.46672659500132,72.83488278866088,74.18140411376953,19928600.0
2022-07-14,71.56704845858545,72.843625455236,70.55278463656084,72.69498443603516,26343000.0
2022-07-15,74.14642022365597,74.21636460429625,72.4851194395343,73.91908264160156,17243700.0
2022-07-18,75.70279596029694,76.89193717690517,74.97706879543023,75.28309631347656,19395800.0
2022-07-19,75.56288612189903,77.39905771317773,75.4142451527586,77.18046569824219,18248900.0
2022-07-20,76.57715511180685,78.38709670118622,76.28861205545246,78.02860260009766,16584400.0
2022-07-21,76.0088255548315,76.76952826695654,74.50491122974738,76.7258071899414,21375700.0
2022-07-22,76.55093057986994,77.35534763880375,75.74650685003688,76.13997650146484,15479500.0
2022-07-25,77.08430920908215,78.80680908231672,76.43727189190932,78.6756591796875,17536400.0
2022-07-26,79.68117360886004,79.81233017624052,77.8187716989376,78.36962127685547,15141200.0
2022-07-27,78.93795931229442,80.4418736699904,78.16851770480109,80.0658950805664,18047000.0
2022-07-28,80.5992562954495,81.53482994866795,79.57624716145263,81.00146484375,20353100.0
2022-07-29,82.58407399505147,85.26838410785203,82.27804645858886,84.75251007080078,29825800.0
2022-08-01,82.88136543249998,83.3710095072635,81.51735312657293,82.61031341552734,20793200.0
2022-08-02,82.79392647805274,83.23984945423297,82.03322374725717,82.25181579589844,16722500.0
2022-08-03,82.55782887135045,82.55782887135045,79.38387528246213,79.58497619628906,23580800.0
2022-08-04,78.96419250875786,78.99042248824479,75.57164618681199,76.23616790771484,31821500.0
2022-08-05,75.51042642900231,78.42207367883059,75.44047538297005,77.33785247802734,17408000.0
2022-08-08,77.47776532170346,78.34338795605387,77.13676226359877,77.7750473022461,14458500.0
2022-08-09,78.73686191794228,80.1008742244463,78.64941975806877,79.20901489257812,19083400.0
2022-08-10,79.28770744891214,80.2582566699695,77.98490071838195,79.96096801757812,18302000.0
2022-08-11,81.08219935064972,83.25404999014526,80.7290592575854,82.2740707397461,18797900.0
2022-08-12,81.64725427791919,83.00685872055622,81.32059221869419,82.98920440673828,15058200.0
2022-08-15,79.92565451842405,81.86795881735392,79.15756736381618,81.5059814453125,20755200.0
2022-08-16,81.24995143835484,82.00921481719712,80.59663413646125,80.74671936035156,14038200.0
2022-08-17,80.5789534120352,82.29171085801879,80.26995251603671,81.40001678466797,13678000.0
2022-08-18,82.2387654264201,84.14574775756996,82.18578901741849,83.3246841430664,17770400.0
2022-08-19,83.13045279812698,84.04862515816082,82.81262131360921,83.05982208251953,16128600.0
2022-08-22,82.47713086569841,83.421794819734,81.09986555514227,82.9980239868164,16019900.0
2022-08-23,84.3576391460077,86.88263016369203,84.2693473770561,86.5206527709961,23764700.0
2022-08-24,86.52947516292046,87.37702352661545,85.95561239724863,87.03270721435547,17050300.0
2022-08-25,87.3328707285391,88.16276471579573,86.60892280424561,87.48295593261719,15305700.0
2022-08-26,87.20044813250672,88.20691898715293,86.00858343753283,86.40587615966797,15531400.0
2022-08-29,86.67956094067816,89.66363791151029,86.64424558333086,88.39231872558594,23059200.0
2022-08-30,86.83846812608944,87.06801455837554,84.59599367331838,85.02859497070312,17086800.0
2022-08-31,83.01567901351572,85.49652404575392,82.62721680023122,84.3929443359375,18340900.0
2022-09-01,83.35999117260623,83.93385394013663,81.47949386604098,82.87442016601562,16423000.0
2022-09-02,85.06392268550636,85.45238489879085,83.96917349936895,84.3929443359375,18206800.0
2022-09-06,84.89618245473808,85.27580740551906,83.43945590256546,83.82791137695312,19201500.0
2022-09-07,82.274059994895,83.5100636306312,81.48831193972786,83.11277770996094,16274700.0
2022-09-08,83.5718713808763,84.24284286532902,82.74197744371435,83.79258728027344,18759200.0
2022-09-09,85.21401967052394,85.63779730129735,84.1545856971658,85.19636535644531,17158000.0
2022-09-12,86.2116382919211,87.5712491452142,85.53182949741696,86.17632293701172,16118900.0
2022-09-13,85.29346320908606,86.32641212894086,83.79259760258157,84.16339874267578,18229100.0
2022-09-14,84.92266686544413,87.01504965680796,84.88735150690975,86.22930145263672,22655700.0
2022-09-15,84.94914965725371,85.23166578301789,83.03333696892422,83.72196960449219,21092300.0
2022-09-16,83.93386775260352,84.17223803350734,81.22347594432482,82.29174041748047,37874700.0
2022-09-19,80.34944583737239,82.53894454860786,80.34061531232629,82.28291320800781,15342100.0
2022-09-20,81.86796215437866,82.04453221797134,80.90563712136493,81.61193084716797,14712500.0
2022-09-21,82.60954513524307,82.88323069035675,80.22581615706322,80.29644012451172,17332400.0
2022-09-22,81.40004901071903,81.80617233277368,79.91683738701259,79.96098327636719,16139400.0
2022-09-23,77.25058575065768,77.25058575065768,74.91099523506588,75.70557403564453,27738800.0
2022-09-26,74.9551315696738,76.12051141677921,74.06343732177993,74.14289855957031,22043400.0
2022-09-27,75.58196932934729,76.77383409442415,74.87567560559708,75.69673919677734,17307300.0
2022-09-28,76.0322263392573,78.8397332511359,75.85564955301973,78.4512710571289,19543300.0
2022-09-29,77.85091893266716,78.89269833594268,76.92390938199183,78.29235076904297,17896000.0
2022-09-30,77.84208029591704,78.6101740360047,77.08281707763672,77.08281707763672,21357600.0
2022-10-03,79.49305065217047,81.54129422589835,79.21053452943958,81.15283203125,23881300.0
2022-10-04,82.31821549273103,84.18988909780018,81.85029877539273,84.11042785644531,22133700.0
2022-10-05,84.53420708063521,88.27754762828371,84.45475257344205,87.50946044921875,34857700.0
2022-10-06,86.93559439733698,90.21101809616796,86.81199401139739,90.10507202148438,29124700.0
2022-10-07,90.21982652983027,91.21745989656797,88.44526894373686,89.1957015991211,24507600.0
2022-10-10,89.60181967060649,90.07856679518511,87.15629060444789,87.2622299194336,16786100.0
2022-10-11,85.83202008175788,88.07449495165943,85.417073016264,86.5206527709961,17804100.0
2022-10-12,86.07922021278748,87.32406139977773,85.84084995129798,86.90028381347656,12635800.0
2022-10-13,86.1233537374206,90.44938033358811,85.99092283972429,89.93732452392578,22019100.0
2022-10-14,89.27520142752195,90.26400470055326,87.43884286943936,87.57127380371094,15222000.0
2022-10-17,89.23104149775199,90.02562024264392,88.72780941527311,88.83375549316406,14283200.0
2022-10-18,89.6459777514691,90.36109516787377,87.60656483166898,88.99266052246094,14065400.0
2022-10-19,89.38994881491517,91.80899344499257,89.37229450478998,91.6324234008789,20921700.0
2022-10-20,92.10033587759723,92.7006834301928,91.29693345710743,91.75601959228516,17649000.0
2022-10-21,92.21511223815261,93.93670052197791,91.73837175999577,93.45995330810547,22814100.0
2022-10-24,93.28339384490894,95.06677578594261,92.80664657693764,94.11328125,17024200.0
2022-10-25,93.94553882162568,94.75777188921322,92.76249784429935,93.47761535644531,15719800.0
2022-10-26,93.81310157072708,95.19919735348198,93.58355511557528,94.59001922607422,17383800.0
2022-10-27,95.71125918822095,96.74420812480334,94.83721925506757,94.95199584960938,18214000.0
2022-10-28,96.63827531928962,98.18328704250594,95.4552410043708,97.73302459716797,28169400.0
2022-10-31,96.67357461618244,99.68414304970194,96.62060494990388,97.83012390136719,26401800.0
2022-11-01,99.20739364309813,99.38396368391612,97.68886704348839,98.80127716064453,22213100.0
2022-11-02,98.50995678822407,98.96904305814594,96.50585193861316,96.77071380615234,20654200.0
2022-11-03,95.86135257978124,98.72182939262763,95.62297558287625,98.08616638183594,17103700.0
2022-11-04,99.76361239984848,100.20504431312216,97.82131467573093,99.15443420410156,17541500.0
2022-11-07,99.24273262085498,100.63765244106236,98.99552507486632,100.32865142822266,16008000.0
2022-11-08,100.18736773336576,101.2291470865817,99.41044342781932,100.64645385742188,14661000.0
2022-11-09,99.85189269380932,100.01080844447026,95.85252082717805,96.14386749267578,19522800.0
2022-11-10,97.28274905161165,97.73300466942601,94.96964383278015,97.55643463134766,20146700.0
2022-11-11,99.39281390453742,101.08791088090284,99.31335265542083,100.60233306884766,20518900.0
2022-11-14,100.23743552532106,102.02627921216617,100.11284012324629,100.8960189819336,20858300.0
2022-11-15,101.27870242592792,101.92837745298395,100.45102912506623,101.5723876953125,19373800.0
2022-11-16,100.95831686519283,101.68809284577944,99.55216099359369,100.48663330078125,13591000.0
2022-11-17,99.04487153481436,100.74471258195243,98.56428638909507,100.6201171875,12425900.0
2022-11-18,98.69779677749251,100.10395275119745,97.5497332387036,99.74796295166016,15415000.0
2022-11-21,97.88791146459182,98.96477559363561,95.65408907315872,98.76008605957031,20973000.0
2022-11-22,99.86363098613799,101.87496706315285,99.16945479060392,101.61687469482422,17719100.0
2022-11-23,99.96154804219272,101.41219840899191,99.76575332484578,101.10961151123047,11546700.0
2022-11-25,101.34989527482959,101.99957709393654,100.62011932470476,100.75361633300781,7136000.0
2022-11-28,98.48418764137408,99.19616032058015,97.55861704746069,97.72770690917969,23015500.0
2022-11-29,98.43969332858607,99.49876099648135,97.70991737665939,98.37739562988281,14453200.0
2022-11-30,99.26736136351714,99.58775145124825,97.70101057793605,99.08936309814453,23158100.0
2022-12-01,99.35635990244408,99.73904769636006,98.05700308331859,98.6087875366211,14398300.0
2022-12-02,97.46072069278586,99.41865406795722,97.18482508096535,97.77220916748047,15248400.0
2022-12-05,98.51978600584377,99.10717011918292,94.28352897666132,95.09339904785156,19287700.0
2022-12-06,94.24793295695359,95.26249938281241,91.80051263686714,92.45018768310547,21197000.0
2022-12-07,92.36120772472451,93.31347661315667,91.10635189508085,92.24551391601562,20061700.0
2022-12-08,94.58612525469007,95.04891401845458,92.29889985168685,92.93077850341797,21128800.0
2022-12-09,93.08206374377149,94.29242484843529,91.93400712752556,92.14759826660156,21298200.0
2022-12-12,92.40570054586506,94.55052735688766,92.19210259402483,94.41703033447266,20413200.0
2022-12-13,95.93888101500453,96.59745768470515,95.24469789890149,95.44939422607422,24305300.0
2022-12-14,96.10796185238446,96.38385746652092,94.11442880766522,94.74630737304688,17597300.0
2022-12-15,93.74065701872827,94.4882294789803,92.28999978904683,93.83855438232422,15365100.0
2022-12-16,92.28111899302448,93.96316407419272,91.78273048716385,93.17998504638672,54596600.0
2022-12-19,93.67836753787347,94.51493582303615,92.89518856034941,93.5982666015625,13611100.0
2022-12-20,93.59827444765385,95.68081069707662,93.50927868091344,94.95103454589844,14680000.0
2022-12-21,96.37495387205767,96.64194107999613,95.36928915460457,96.17025756835938,13565400.0
2022-12-22,96.01897678212546,96.28597081516152,92.6459856618088,94.23013305664062,13213000.0
2022-12-23,95.18239312309781,96.77544198419204,95.13789864828226,96.7220458984375,11539400.0
2022-12-27,97.24713182830445,98.31510114230746,96.85554919078281,98.06591033935547,11962100.0
2022-12-28,97.81671658026471,97.89681071167583,96.02787295607727,96.4550552368164,10702100.0
2022-12-29,96.10796562526227,97.64761843060364,96.10796562526227,97.18482971191406,10534000.0
2022-12-30,96.65976497682652,98.34180986940662,96.65976497682652,98.163818359375,11799600.0
2023-01-03,97.70102743419248,97.9146185995507,93.883050554968,94.79082489013672,15146200.0
2023-01-04,93.26895784389384,95.36928981935891,93.23335819126602,95.06669616699219,18058400.0
2023-01-05,94.63952140041373,97.85231754282941,94.6128233544007,97.19374084472656,15946600.0
2023-01-06,97.96801549654361,99.66785668312467,97.60312410432854,98.36849975585938,16348100.0
2023-01-09,99.35637056596835,99.35637056596835,95.94777970897223,96.53516387939453,17964600.0
2023-01-10,97.70991098350292,98.1904961091719,96.12576378589374,97.97689819335938,15104600.0
2023-01-11,98.77788027978643,99.18726612868629,97.08693400654624,99.11607360839844,16710400.0
2023-01-12,99.5165741222085,101.22531710750467,99.44537480033588,100.76253509521484,15357300.0
2023-01-13,100.66461091983234,101.00279742376226,99.81914126503796,100.70021057128906,12011400.0
2023-01-17,100.9316064535044,101.52788534715503,100.27302307639778,100.5044174194336,16542200.0
2023-01-18,100.7981296915063,101.56350538832754,98.25281177695025,98.43970489501953,16399700.0
2023-01-19,97.95910760120151,99.7924456866016,97.52302371281739,99.07157135009766,12928000.0
2023-01-20,99.10718656870202,100.95832816715507,98.43970821454316,100.87822723388672,16515600.0
2023-01-23,101.13631389773408,101.98178371536297,100.24634280972873,100.35314178466797,16584400.0
2023-01-24,97.14924524284352,101.47449839551795,93.33126853843952,101.28760528564453,13583000.0
2023-01-25,100.77141955541617,101.14520574671282,99.13386938078246,100.75361633300781,11914700.0
2023-01-26,102.09747350871467,104.82078257732437,101.75928018546416,104.80298614501953,21019700.0
2023-01-27,104.0821071524521,104.72288736757501,102.69375454631242,102.8895492553711,15179200.0
2023-01-30,102.42675612721493,102.78274587476369,100.70021705500396,101.06510162353516,18672100.0
2023-01-31,99.76575433447994,103.59263260333397,98.27950429585489,103.24554443359375,27861800.0
2023-02-01,103.08534446063095,104.46479546210612,100.86931174100732,102.11527252197266,19464900.0
2023-02-02,102.2131705220753,102.40896523331214,97.74551897906191,98.92028045654297,24562100.0
2023-02-03,99.58775624091643,101.5545913357865,99.28516257019957,99.60555267333984,20226600.0
2023-02-06,99.99714168562409,100.64681671054483,98.1816000384127,99.43646240234375,13855200.0
2023-02-07,100.0238488097203,102.62256272520544,99.69455706682248,102.27547454833984,16013300.0
2023-02-08,102.39117736080287,103.08535372963154,101.32320797111672,101.38550567626953,18459700.0
2023-02-09,102.00846916824136,103.4502177112918,101.61687979114654,101.76817321777344,17439300.0
2023-02-10,103.69054157730075,106.46724724623924,103.37905302981612,106.057861328125,24918600.0
2023-02-13,105.5735546425414,105.98609064302143,103.94134401360418,105.64530181884766,14536200.0
2023-02-14,104.9368188533308,105.65427012405458,104.04896289911069,104.4076919555664,12079000.0
2023-02-15,103.7799180568062,104.11173677905028,102.36294209044988,104.09380340576172,13663400.0
2023-02-16,103.41221776713122,104.73054306044376,102.95484491033137,103.78888702392578,11360600.0
2023-02-17,102.40780518506618,102.40780518506618,99.52901585273742,99.79805755615234,20758300.0
2023-02-21,99.3765463538872,100.78455240826679,99.3765463538872,99.69940185546875,14469400.0
2023-02-22,99.08058864601152,99.52002814005934,97.43043775308824,98.40797424316406,13973800.0
2023-02-23,99.30480321294776,100.29130306570242,98.56044155846841,99.31376647949219,11289400.0
2023-02-24,98.04925686855323,99.51106988162151,97.77123822958333,99.32273864746094,14351000.0
2023-02-27,99.36756874959684,99.78010475494095,98.61423707387341,99.14336395263672,11710500.0
2023-02-28,99.76217669656076,99.86979747540373,97.95060472692765,98.56941223144531,18107000.0
2023-03-01,98.03130435928499,100.31819605141936,97.96852728910262,99.44828033447266,13200000.0
2023-03-02,99.20613706337457,100.1746965475304,98.8025643396381,99.90565490722656,10339900.0
2023-03-03,98.69496497607183,101.67240472632008,98.60527757388951,101.17018127441406,13006700.0
2023-03-06,100.43479050646414,102.09390482675954,100.32717657051974,102.06700134277344,14347400.0
2023-03-07,101.17018218400146,101.49303767663368,99.69939909187167,100.09400177001953,11525300.0
2023-03-08,99.75321869967217,100.82042906694292,97.81608563129437,98.63219451904297,13509800.0
2023-03-09,99.4303510719259,100.65002577919886,97.78020012118517,97.86988067626953,12961200.0
2023-03-10,98.25552464645989,99.58282027948745,96.09419359619547,96.65918731689453,15795700.0
2023-03-13,94.47093953030881,96.73092794416966,93.01809667787208,95.54712677001953,20745600.0
2023-03-14,95.37671876605789,97.76226107764923,94.13014064876951,95.90584564208984,18263500.0
2023-03-15,92.21094588157301,93.4485538608507,89.87921743087334,91.134765625,25733800.0
2023-03-16,88.88375297484102,91.18857808445073,87.90621647223654,90.60564422607422,27465200.0
2023-03-17,90.21999842065392,91.12578761069065,88.91064337996609,89.53841400146484,43199500.0
2023-03-20,89.35009754406575,91.90603782681595,89.23351350719368,91.8791275024414,32042100.0
2023-03-21,93.42166300065647,96.21077151615142,93.38578940829974,95.99553680419922,31592300.0
2023-03-22,95.78030120165921,96.12109006259715,93.77142110149057,93.79832458496094,14952700.0
2023-03-23,94.48886103857778,95.36773992602477,91.87015090550982,92.74006652832031,14385900.0
2023-03-24,91.00025643812668,93.13468393174618,90.49803981426052,92.84770202636719,13401600.0
2023-03-27,93.93284323099128,95.49331360089741,93.18848847810519,94.88347625732422,14805900.0
2023-03-28,94.56061194847238,96.54258141920934,94.33640716433217,96.06726837158203,11047600.0
2023-03-29,96.91029137624395,97.8967980800734,96.39910464889063,97.7174301147461,14219100.0
2023-03-30,98.24655520371869,98.26448857881849,97.3228255946572,98.19274139404297,11578200.0
2023-03-31,98.36313295891425,98.80257246374138,97.7981393098508,98.34519958496094,14418000.0
2023-04-03,101.69033822849634,104.79333213505097,101.44820003199074,104.14762115478516,28087700.0
2023-04-04,104.26419845172761,104.65879423320338,102.38984283151548,103.15213775634766,16365500.0
2023-04-05,103.44810122478054,104.92785438583896,102.51540836473275,104.91888427734375,16479500.0
2023-04-06,104.80229486308167,105.08927674052394,102.9279391305777,103.1790542602539,15778000.0
2023-04-10,102.93690675043763,104.19245499971903,102.38984649069494,102.72167205810547,13006600.0
2023-04-11,103.09834587886871,104.21039989475325,102.57818904288516,103.44810485839844,11758500.0
2023-04-12,104.17452679073648,104.56015249761312,103.07143610874667,103.34048461914062,10919000.0
2023-04-13,102.77548356800557,103.93238120903331,102.35397743032247,103.82476043701172,12399700.0
2023-04-14,103.94135007574006,104.62293460602673,103.24183217142456,104.07587432861328,11530800.0
2023-04-17,103.57366910614951,104.4884287126684,102.61407263558648,102.86518096923828,13260400.0
2023-04-18,102.58716194163166,105.11619216203451,102.50645148670901,104.87405395507812,17436100.0
2023-04-19,104.10278914421224,104.83818071883373,103.82477050009018,104.54222869873047,10682600.0
2023-04-20,103.25079593408535,103.74404924959765,101.54684486345252,103.70817565917969,17038700.0
2023-04-21,104.4704703148294,104.82022926758272,103.36738649220361,104.04000091552734,14315300.0
2023-04-24,103.95928160786804,106.62283576725298,103.92340801825826,106.0040283203125,15831300.0
2023-04-25,105.42110505870058,105.59149606267934,103.69920690706057,104.49737548828125,12179800.0
2023-04-26,104.05795290974692,105.0085792753164,102.84724809955787,103.53779602050781,15566100.0
2023-04-27,103.69025529568955,104.9368336398313,103.02660405296665,104.77540588378906,16279200.0
2023-04-28,105.15205558163015,107.54656130328293,104.77539314405982,106.12958526611328,24381900.0
2023-05-01,104.02207335005832,105.1969113383642,102.64097074513984,102.83827209472656,17355000.0
2023-05-02,102.18359692326389,102.18359692326389,98.01338565916181,98.73980712890625,24324100.0
2023-05-03,97.82504466977532,98.47971888554824,96.6412435426882,96.793701171875,16212300.0
2023-05-04,96.76678560816903,97.5290805011197,94.98211745320228,95.09870147705078,17177200.0
2023-05-05,97.34972456373163,98.13892297762972,96.43496517003031,97.46630859375,14968200.0
2023-05-08,99.09851439026447,99.52002047834854,97.78915927458677,97.85193634033203,11187800.0
2023-05-09,97.16138713061883,98.85638168354551,97.04480309986192,97.87884521484375,11370800.0
2023-05-10,98.41694481516451,98.65908984979112,95.69958352067766,96.62330627441406,14884800.0
2023-05-11,95.50229015289833,95.79824217893452,94.10325416391066,94.87451934814453,17165900.0
2023-05-12,95.34086032805855,95.96863796137738,93.96872785445328,94.86554718017578,12613300.0
2023-05-15,95.444474490179,95.82440533758876,94.60319509859488,95.04644775390625,13715600.0
2023-05-16,94.64843252057801,94.81126103233693,92.28742255085389,92.7397232055664,14795200.0
2023-05-17,93.52672477809836,95.19119470415309,93.03823926398098,94.82030487060547,14064700.0
2023-05-18,94.57608712541457,95.80634568553677,94.19614926011099,95.67969512939453,12005600.0
2023-05-19,96.40335661797424,96.8375682622344,95.72490566864022,96.12293243408203,13359600.0
2023-05-22,95.74300770259329,96.82853351037045,94.8745911973081,94.95600891113281,12882000.0
2023-05-23,95.87868293492475,97.89594672502376,95.66158057103006,96.24957275390625,14394400.0
2023-05-24,97.13608436133777,98.15828823946372,96.54809904211434,97.3260498046875,16340300.0
2023-05-25,95.83345691895326,96.27670959108633,94.72079436467347,95.58016967773438,14316500.0
2023-05-26,96.31289551784953,96.7471002499379,94.82935003035466,94.95599365234375,12370300.0
2023-05-30,93.43625705924426,94.18707769782178,92.82112797848521,94.11470794677734,11938000.0
2023-05-31,92.53166611713765,93.2101170797607,92.03413265059004,92.43215942382812,24926100.0
2023-06-01,92.0431719023042,95.50779614723693,91.59991924769288,93.49958038330078,13551900.0
2023-06-02,95.12787961787431,96.00533711474354,94.5579763603257,95.67063903808594,14112000.0
2023-06-05,96.96420415854875,96.96420415854875,95.0645361305832,95.2454605102539,10628000.0
2023-06-06,94.2142197756264,96.1319699721478,94.06043922242606,96.02342224121094,12209800.0
2023-06-07,96.602387053689,98.50204866685512,96.54811317666062,98.1763916015625,16027100.0
2023-06-08,98.39347604682726,98.72818099770215,95.79727484674659,97.86881256103516,13517100.0
2023-06-09,98.11305709624517,98.24874867283847,96.93707953607714,97.14513397216797,12251600.0
2023-06-12,95.71587749827123,96.84662931410587,95.48972713510429,96.26768493652344,14112000.0
2023-06-13,97.13608714835,98.00450358639107,96.14102707777548,96.2857666015625,13533800.0
2023-06-14,97.19940719104868,97.79644736343559,94.43132941395355,95.12787628173828,16627700.0
2023-06-15,95.43545214448024,96.81949124668591,95.38117826645218,95.78824615478516,16224100.0
2023-06-16,96.21339351660804,96.58427645577193,94.946950333454,95.1007308959961,43128900.0
2023-06-20,94.69365661284192,94.77506741043251,92.37787968280303,92.92063903808594,17514100.0
2023-06-21,92.7216237322568,94.64842181891204,92.56784318341661,93.96092987060547,13285700.0
2023-06-22,93.02919744431144,93.97903160122998,92.85732788470973,93.44532012939453,12455300.0
2023-06-23,92.80304937336027,93.01111072097203,91.9255918593784,92.63117980957031,17933600.0
2023-06-26,92.45023839305718,94.90171367901722,92.45023839305718,94.34085845947266,14283400.0
2023-06-27,94.12377202365901,94.63034656467718,93.41817718237733,94.5760726928711,13227500.0
2023-06-28,94.35895177691486,95.72490156207878,93.35484386285155,95.344970703125,13084100.0
2023-06-29,95.58017864868188,96.54810178364964,95.10073415244969,96.52095794677734,11364400.0
2023-06-30,97.08182310441451,97.58839768582428,96.62047445259572,97.01850128173828,13544700.0
2023-07-03,97.23558725086231,98.11305157501886,96.85565637902954,97.20845031738281,7397000.0
2023-07-05,97.36223701990089,97.62457222936003,95.9781981126126,96.71092987060547,12491200.0
2023-07-06,95.06455342031029,95.63445669297404,92.65831739631436,93.10157012939453,17961400.0
2023-07-07,92.19696915165194,94.07854164084338,91.87131210923187,93.31867980957031,21929200.0
2023-07-10,93.14679766082682,94.75698688260134,92.94778426909104,94.70271301269531,14877600.0
2023-07-11,95.21832964289847,96.03247214936866,94.81125493888344,95.860595703125,12576500.0
2023-07-12,96.79234226285597,97.38033450738166,96.00533662157753,96.33099365234375,13238200.0
2023-07-13,95.8606044139064,96.09580269305005,93.46340949985277,94.56702423095703,26826800.0
2023-07-14,94.12375798797582,94.12375798797582,90.93955788667503,91.3104476928711,28181900.0
2023-07-17,91.11143996309441,91.97080839901436,90.65913933333447,91.7084732055664,18051300.0
2023-07-18,91.29236602783203,92.45025464450768,90.76769559166321,91.29236602783203,24617800.0
2023-07-19,91.4099604415854,92.63117076705568,91.1838101256998,91.92558288574219,15556500.0
2023-07-20,92.75780195575268,93.77095771964758,92.59497347408313,93.54480743408203,15740200.0
2023-07-21,94.22326535663908,94.42227182555081,93.40912288723825,93.97901916503906,17121500.0
2023-07-24,94.40418785781544,96.03247288319834,94.04234597422371,95.45352172851562,15090900.0
2023-07-25,95.03741889011168,95.96915720839736,94.56702920862524,95.59827423095703,14116100.0
2023-07-26,95.08264056810813,95.63444789798719,94.65747686460524,95.06454467773438,15159600.0
2023-07-27,95.88773803863332,96.7832913954252,94.74793846535987,95.36306762695312,17677900.0
2023-07-28,95.08265809882344,95.12789093153754,92.55881924803798,94.2232894897461,17566400.0
2023-07-31,95.15500162832637,97.57028515543855,95.15500162832637,97.00942993164062,24197000.0
2023-08-01,96.7471063236146,97.08181128934662,95.4625741333353,96.44859313964844,14177400.0
2023-08-02,96.12294017173153,96.23148791536443,94.5941617010036,95.24547576904297,13484100.0
2023-08-03,95.78822398268836,97.58837850340377,95.25451256812056,96.90088653564453,16280400.0
2023-08-04,97.66074959969673,98.81863808925682,97.09085329980506,97.1722640991211,14279600.0
2023-08-07,97.60648403859817,98.07687368942142,96.34908875295639,96.97325897216797,12410800.0
2023-08-08,95.92391940067392,97.47078674260132,94.83839373685049,97.45269775390625,14065600.0
2023-08-09,98.3392139959578,99.88608150876296,97.9773720680451,99.10812377929688,19919600.0
2023-08-10,99.67802213402197,100.98064334796474,98.9995711407908,99.61470031738281,15837200.0
2023-08-11,99.84084305375545,101.37866242747624,99.55137092805883,101.16156005859375,14047000.0
2023-08-14,101.02587095346021,101.29725409735087,100.21172842334825,101.24297332763672,12973400.0
2023-08-15,101.00585008987957,101.10617248409145,98.47044476300184,98.64373016357422,14909600.0
2023-08-16,98.75316312402151,99.7107834031121,96.92912979861842,96.98384857177734,13695100.0
2023-08-17,97.96883045205033,100.45863905908747,97.96883045205033,98.86260986328125,16709500.0
2023-08-18,98.16948059252567,100.5042412026177,98.1512433194436,100.35832214355469,16224000.0
2023-08-21,100.650161248362,101.21561409425529,98.62548310773528,99.14533233642578,11092400.0
2023-08-22,99.5648698185056,100.06648182882462,98.45220823789674,98.5890121459961,10518800.0
2023-08-23,97.62227281665717,97.85939911765595,96.41841099655379,97.72259521484375,11435600.0
2023-08-24,97.05682185185492,98.28804308524602,96.73761737773658,96.99298095703125,10818500.0
2023-08-25,97.97795377869866,99.34597882059161,97.23922248267972,98.7258071899414,13579300.0
2023-08-28,98.90820999479311,100.35832019040565,98.89909483749722,99.55574798583984,10382100.0
2023-08-29,100.01176262093425,100.34008225757783,98.88085681307835,100.1485595703125,9665000.0
2023-08-30,100.7231299068772,101.36153883474393,100.30360304597401,101.1244125366211,11922100.0
2023-08-31,101.34329412166579,101.61689494575009,100.88728579005699,101.40713500976562,17479800.0
2023-09-01,102.32826567681334,103.80573515950758,102.32826567681334,103.5321273803711,14843500.0
2023-09-05,104.0611013633418,105.63889327475555,103.51389274924593,103.54125213623047,18304000.0
2023-09-06,103.49565960491289,104.50799175438979,103.26765542676843,104.4350357055664,13325500.0
2023-09-07,104.56270934201198,105.6571265285833,103.69628935768615,103.9242935180664,13248500.0
2023-09-08,104.4532755661187,105.83954490013829,104.26175288670854,105.4382553100586,14283200.0
2023-09-11,105.95810013410473,106.41410848259748,103.57773599832166,104.11582946777344,14383600.0
2023-09-12,105.19200237269284,107.31700294424363,105.1281614823007,107.15283966064453,20145800.0
2023-09-13,107.07988590397379,107.58149092260453,105.70273871532673,106.19522857666016,13472800.0
2023-09-14,107.20757370228287,108.21991286990881,107.00692890031942,108.09222412109375,15210700.0
2023-09-15,107.52677441523795,108.08310518006863,106.2499495950014,106.4323501586914,34568400.0
2023-09-18,107.1893199419207,107.83685095370028,106.4323444229439,107.28964233398438,14045300.0
2023-09-19,108.18342993867834,108.38406777986215,106.35027431360187,107.00692749023438,12562900.0
2023-09-20,106.28643423137885,107.63621514198499,106.085789430526,106.15875244140625,11879900.0
2023-09-21,106.68771838172393,107.04340434392125,104.51711414682862,104.66304016113281,14400600.0
2023-09-22,105.52944396097239,106.41410120988945,104.7086275981558,104.82719421386719,13197300.0
2023-09-25,104.96399485458787,106.38674558649682,104.72687553104885,106.00370025634766,11316000.0
2023-09-26,105.33793858367088,106.45972228990793,105.21937890664414,106.16787719726562,11805400.0
2023-09-27,107.51764855009432,109.89801270135541,107.07076231394343,109.62440490722656,23976200.0
2023-09-28,109.42377153797162,110.08041774600493,107.79126073822837,108.9586410522461,16808100.0
2023-09-29,108.62118662668092,108.6941496319941,106.45971151982538,107.23492431640625,18813600.0
2023-10-02,107.18931494705926,107.42644122253597,104.47150924725743,105.45648193359375,14395000.0
2023-10-03,105.28320718086835,106.19522385580134,104.909277004241,105.6388931274414,13297100.0
2023-10-04,104.01551055059363,104.05198509653303,100.77784838484007,101.68986511230469,19622200.0
2023-10-05,100.13944172769153,101.14265875900504,99.13621773824244,99.40070343017578,20128800.0
2023-10-06,96.42752260562953,98.74403875279995,95.86206978274669,97.7408218383789,25367500.0
2023-10-09,100.72313975393959,102.20972466452632,99.88407899196811,101.16090393066406,22369900.0
2023-10-10,101.25210333245387,101.64427083965191,100.43129376876429,100.73225402832031,13892000.0
2023-10-11,97.54930784758155,97.74083052441661,95.60671473270992,97.12065887451172,57939000.0
2023-10-12,98.12386351050198,98.35186766249194,96.75583859856211,97.10240936279297,31183000.0
2023-10-13,98.52514823415859,100.50422250685185,98.35186286050374,100.20326232910156,30276500.0
2023-10-16,100.77784180902768,100.94200508758497,99.52837646900073,100.27622985839844,18452000.0
2023-10-17,100.07559448657558,101.96346875714056,100.02999086880726,101.58953857421875,19775400.0
2023-10-18,101.98172206682418,103.41358821741919,101.87227754185025,103.01229858398438,23380300.0
2023-10-19,102.80252525893196,103.94254615302386,101.53482258135261,103.07612609863281,20972500.0
2023-10-20,102.98492347914974,103.34973154859861,101.04233042467717,101.30681610107422,22445300.0
2023-10-23,100.89640088755552,101.19736805619287,99.11797117858004,99.82022094726562,18185000.0
2023-10-24,100.04824014725526,100.15768466815196,98.60725889186335,98.85350036621094,16786100.0
2023-10-25,98.97205540660589,99.86583489003245,98.61636942803197,99.03589630126953,22047300.0
2023-10-26,97.99618408997557,98.8078783338569,97.12977107490867,98.13298797607422,18768300.0
2023-10-27,99.30948343463201,100.19414061801838,95.72525804761217,96.26335144042969,23092000.0
2023-10-30,96.4366492662463,97.05682093501882,95.95328150169952,96.5643310546875,19379900.0
2023-10-31,96.2907305838302,96.81970197124865,95.34223232443232,96.53697204589844,22185200.0
2023-11-01,97.15714572639996,97.74083590454126,96.18128805749474,96.34545135498047,28984900.0
2023-11-02,96.5643299618612,99.58311010390598,96.21776610546226,99.51014709472656,25212700.0
2023-11-03,98.86261013775321,99.20917397344752,97.16625854542164,98.29715728759766,30555600.0
2023-11-06,98.65285603222252,98.74405632100779,96.46401431069589,96.55522155761719,19097300.0
2023-11-07,95.2783860566354,95.63407201408336,94.20220606898545,95.041259765625,20272500.0
2023-11-08,94.60349461658171,95.67055247732775,93.8373969763115,93.8738784790039,19184100.0
2023-11-09,94.54876850216763,94.82237629218966,93.81003721049734,93.90123748779297,18380500.0
2023-11-10,94.78588262166356,95.22365363787365,93.85562877965171,94.62171936035156,17825500.0
2023-11-13,94.8953499549204,95.88944491791874,94.67646091506543,95.61583709716797,15308400.0
2023-11-14,95.99318380239036,96.47176608306134,95.5974302345852,95.98397827148438,18260500.0
2023-11-15,95.68024698390178,96.77547330660191,95.2568838980773,95.40414428710938,20137600.0
2023-11-16,94.7046875101647,95.04521492934765,93.09406359680055,94.29972839355469,22469100.0
2023-11-17,94.8519452090695,97.03319279289886,94.56663692128342,96.60062408447266,22984900.0
2023-11-20,96.98717260451511,97.44735088849855,96.11283667365193,96.17726135253906,17458800.0
2023-11-21,95.91034515182122,96.3613178478261,94.99919422918533,96.14043426513672,14989000.0
2023-11-22,94.41016263016168,95.82751235028537,93.8211350869625,95.72627258300781,18072000.0
2023-11-24,95.73546987123605,97.06999086753862,95.63423712701099,96.24166870117188,9480800.0
2023-11-27,95.80910141157374,96.08521114482019,94.96237519486917,95.68025207519531,18013500.0
2023-11-28,95.93794832036139,96.5545924394401,95.60661945755439,95.62503051757812,20629500.0
2023-11-29,95.96556591462516,96.25088119475895,93.54503092945454,94.18927764892578,26802100.0
2023-11-30,94.89796089126494,96.15885184555144,93.701494612204,94.55742645263672,29254700.0
2023-12-01,94.33654860822254,95.91956303517925,94.07884989160418,94.78752136230469,17845300.0
2023-12-04,93.99600024594913,95.12804175138429,93.49900692808215,94.27210998535156,21523900.0
2023-12-05,94.12485215018678,94.189276821568,92.30255029011089,92.44060516357422,22250300.0
2023-12-06,92.03564653864433,92.69830431720459,90.5078514356568,91.2165298461914,31154800.0
2023-12-07,91.90680523605923,92.80875071886115,90.27777021761565,90.58148956298828,29990700.0
2023-12-08,91.13369564537811,91.84237406782894,90.88520248512096,91.62149047851562,22074900.0
2023-12-11,91.85156988645147,91.90678902250032,90.7287339750452,91.68590545654297,22252300.0
2023-12-12,90.82077356608535,90.82077356608535,89.71634864939247,90.24095153808594,26084000.0
2023-12-13,90.23174536247404,91.14289626331923,89.88201244643305,91.04165649414062,19915400.0
2023-12-14,91.8975949270789,94.00521215025105,91.77795111016553,93.48981475830078,26165700.0
2023-12-15,92.57865261910119,92.95600213683534,92.3209539346791,92.86396789550781,55527000.0
2023-12-18,93.99601220826737,94.89796471957413,93.43459414932644,93.55424499511719,21610400.0
2023-12-19,93.87636276627228,94.97158924550956,93.68308874436502,94.78751373291016,18904700.0
2023-12-20,95.25688075053296,95.6618397852284,93.07563370696194,93.20448303222656,20988900.0
2023-12-21,93.38856638937644,93.8855596952143,92.78112778609831,93.62786102294922,19250900.0
2023-12-22,94.16166264467638,94.74149168050366,93.71068996707022,93.79352569580078,12927800.0
2023-12-26,94.55743103767824,94.82433528277275,93.98681446422951,94.00521850585938,16835100.0
2023-12-27,93.91317899039335,94.38256277592414,93.26892522124537,93.56344604492188,14558800.0
2023-12-28,93.31495057023292,93.51743013585958,92.15529934458415,92.21052551269531,16329300.0
2023-12-29,92.376188550293,92.57866109103695,91.68592114452589,92.01725006103516,17746400.0
2024-01-02,92.8823793566707,94.88875687368201,92.81795468041744,94.20769500732422,23483000.0
2024-01-03,94.1248484676282,95.3673352584244,93.5634375085638,94.99919128417969,23490800.0
2024-01-04,95.79070493391202,96.24167764683322,93.92238238719,94.1708755493164,19395200.0
2024-01-05,94.95317773624089,95.1648628192927,93.9960061405197,94.45618438720703,15827400.0
2024-01-08,92.70750704677583,92.99281529546096,91.0232530807857,92.88236999511719,23370100.0
2024-01-09,93.22290594570975,93.22290594570975,91.29015879920327,91.73192596435547,19496600.0
2024-01-10,91.85157514887652,91.85157514887652,90.34219115512771,90.8299789428711,18206100.0
2024-01-11,91.15210362811764,91.57546675240167,90.71032944265117,90.81156921386719,15833400.0
2024-01-12,92.1645016391428,92.63388543190361,91.2717546884702,91.98963165283203,18041700.0
2024-01-16,91.86999445844768,92.04486445737024,89.76237702644477,89.90963745117188,20235700.0
2024-01-17,88.90643223301589,90.15811757474468,88.88802819347393,89.25617218017578,18384000.0
2024-01-18,89.27457598931885,89.35740469968768,88.18855509332055,89.09050750732422,20940300.0
2024-01-19,89.0168833349127,89.29298607660502,88.73157506196843,89.22856140136719,20088400.0
2024-01-22,88.99847192702204,89.36661593627939,88.14254008974794,89.10891723632812,19955900.0
2024-01-23,89.09971612155628,90.65512095134049,89.02609293346586,90.11211395263672,15863400.0
2024-01-24,90.48945572567297,91.71353162253877,89.9556472413876,91.66751098632812,17330600.0
2024-01-25,92.3209387435937,94.04200756244906,91.68589766769375,93.99598693847656,22089500.0
2024-01-26,93.84874120526902,94.87033734895353,93.13086435225006,94.79670715332031,20817200.0
2024-01-29,94.77831109651912,94.98078361891764,93.74750933613677,94.9163589477539,18317500.0
2024-01-30,94.25370937963669,96.52698396024195,93.9683940993909,96.49937438964844,19610900.0
2024-01-31,96.39813737733174,96.52698672496707,94.58503395762524,94.6218490600586,22415300.0
2024-02-01,95.32132678670733,95.72628591220523,93.52663433827465,94.23530578613281,19240700.0
2024-02-02,95.48698835471738,95.71707748328296,93.51742597593702,93.8487548828125,21973400.0
2024-02-05,93.37016271346478,94.22609452647544,92.49582686030628,93.46220397949219,17190900.0
2024-02-06,93.94078087362217,94.83352773747701,93.48060265693513,94.1064453125,13347900.0
2024-02-07,94.10644410285576,94.54821827477218,93.12166301267436,94.0788345336914,13826800.0
2024-02-08,94.18928276420623,96.10362600854677,93.97760469706802,95.68946838378906,19636900.0
2024-02-09,95.80909726178172,96.49015901339195,93.6002405567692,93.66466522216797,20410500.0
2024-02-12,94.02361584186248,95.16485584390291,93.87635544327027,94.95317077636719,18173100.0
2024-02-13,95.45479986036173,95.76133479438003,93.448350726671,94.1357421875,18917400.0
2024-02-14,94.6280631491803,95.32474564106593,93.2811394126556,93.67127990722656,17651300.0
2024-02-15,93.4483348002125,96.55089756068007,93.4483348002125,96.35582733154297,23196300.0
2024-02-16,96.61592097039244,97.1918405744105,96.16075001538573,96.35582733154297,20151400.0
2024-02-20,96.4580040305599,96.718104764869,95.35260602958283,95.44549560546875,17650000.0
2024-02-21,95.69630275720338,97.51697254955685,95.66843659180361,97.39620971679688,20991300.0
2024-02-22,96.75526985341637,97.91640736363676,96.09573751103274,97.31261444091797,20470700.0
2024-02-23,96.49516506171531,96.6902353048302,95.56625509239453,96.4580078125,15975900.0
2024-02-26,96.34653843240477,97.47980967338691,95.72417048433107,96.83885955810547,13360800.0
2024-02-27,97.23829146629733,97.67488026602038,96.46729452580854,96.6344985961914,16360000.0
2024-02-28,97.04323043679548,97.93498320108213,96.60664159566096,96.90389251708984,14810500.0
2024-02-29,97.23829727292836,97.60057159922124,96.81099953132704,97.08966827392578,17566100.0
2024-03-01,98.20436175690404,98.82672972701226,97.88852868637323,98.31582641601562,18460100.0
2024-03-04,98.14864122148876,98.32512931529685,96.63451327441761,96.94105529785156,18138000.0
2024-03-05,97.09895245532269,98.71525372595835,96.90388222326496,98.13004302978516,19952700.0
2024-03-06,99.04037956790599,99.9228411690925,98.60379076564854,99.1797103881836,20472800.0
2024-03-07,99.02180351524763,100.30370383712348,99.02180351524763,99.73706817626953,15195400.0
2024-03-08,99.60701408080979,100.69383698895363,99.17970927999843,100.67525482177734,16281500.0
2024-03-11,100.55451016059449,101.36266443330514,99.70919863645818,101.26976776123047,17577300.0
2024-03-12,101.30691345009384,101.51127476609985,100.35013736790229,100.61952209472656,14957200.0
2024-03-13,101.38122546344898,102.5052055869556,101.35335930049743,101.74349975585938,17122200.0
2024-03-14,102.02217399351406,103.61990012373447,101.89212717705612,103.54558563232422,22121000.0
2024-03-15,102.96966938658815,104.3165931035348,102.96966938658815,103.35980987548828,38264400.0
2024-03-18,103.84283570578215,104.83676898787263,103.20188562462346,104.31658172607422,16770500.0
2024-03-19,104.2422755489985,105.42198806524118,104.09364655547665,105.05042266845703,14878800.0
2024-03-20,104.70673221818662,105.33839127683865,104.15867165447852,104.95753479003906,16119700.0
2024-03-21,104.89250345579676,105.81212935286419,104.56738641052951,105.42198181152344,14878000.0
2024-03-22,105.41270544396706,105.60777568524465,104.79962146821985,105.42198944091797,14701900.0
2024-03-25,105.73781352867542,107.54918496307758,105.73781352867542,106.49951934814453,14011700.0
2024-03-26,106.50881488773962,106.80606577882283,105.34767748709892,105.7006607055664,13152300.0
2024-03-27,105.41270953664251,106.88038194519294,105.34768612035876,106.79678344726562,12415700.0
2024-03-28,107.3169534360639,108.17154879398977,106.88036467427013,107.97647857666016,18482100.0
2024-04-01,108.13441720907666,108.90540712798384,107.17763394972081,108.67317962646484,13817000.0
2024-04-02,109.53705880236348,111.09762779043602,108.98900533763975,110.80037689208984,19919600.0
2024-04-03,110.98615089319786,111.23695343191645,110.28946851262218,110.8189468383789,16504300.0
2024-04-04,110.58673844557414,111.35772836021052,110.20588194342264,111.2091064453125,18467400.0
2024-04-05,111.45061419210619,113.46634699722387,111.1347811372516,112.7417984008789,21720600.0
2024-04-08,112.47242370164065,113.08550061203319,111.66426945605599,111.9801025390625,17513900.0
2024-04-09,112.39811116137352,113.00190408501649,111.7850271532687,112.56531524658203,14132300.0
2024-04-10,112.60246670081666,113.76360415304086,112.14730280391055,113.5127944946289,17409200.0
2024-04-11,113.96797080046274,113.96797080046274,111.7850266187289,113.13195037841797,17555900.0
2024-04-12,114.20947129538423,114.95260206271898,111.16264790594812,111.8128890991211,21556200.0
2024-04-15,112.48170301545744,113.03905465790676,110.9582912566758,111.17194366455078,15029500.0
2024-04-16,111.0604741061643,111.673558090126,109.53706231737674,110.25232696533203,18082200.0
2024-04-17,110.12227919781411,110.86540291768445,108.79393766423546,110.19658660888672,14538600.0
2024-04-18,110.54027836991274,111.20909463346905,109.58350230449975,110.09439849853516,13821400.0
2024-04-19,110.68891781107325,112.33308537509753,110.49384047659336,111.35772705078125,21572400.0
2024-04-22,110.78180121535108,112.92758090477082,110.01080426575146,111.9893798828125,16340700.0
2024-04-23,111.46918828990363,112.453830518618,110.95828500876685,112.42596435546875,13929800.0
2024-04-24,111.74786711491032,112.63961979488266,110.90255567910155,112.44454956054688,12101200.0
2024-04-25,112.42597504687214,113.10408245841073,110.91185431327277,112.70465087890625,16041000.0
2024-04-26,110.54027826852067,110.63316784125826,107.95790987650702,109.57421112060547,27289500.0
2024-04-29,109.38843280717073,111.51563734803625,109.38843280717073,111.13478088378906,17309900.0
2024-04-30,110.64246301910859,111.65497144735173,109.59279734299133,109.86217498779297,21083300.0
2024-05-01,109.871472962694,110.04796812941079,107.43773331396784,107.78142547607422,27777700.0
2024-05-02,107.99506074232185,108.92397058885511,107.6606526306083,107.97647857666016,25513600.0
2024-05-03,107.75355529785156,107.81857871153323,106.01649112232603,107.75355529785156,28023300.0
2024-05-06,108.37591896478258,109.9271968345814,108.12511640397894,108.45023345947266,31401300.0
2024-05-07,108.94255912988814,109.22123495309287,107.68853209950792,107.91146850585938,30122000.0
2024-05-08,107.48417588929097,108.63602231178078,107.20550713984488,107.89289855957031,18957200.0
2024-05-09,107.93933245195244,110.10369431822592,107.93004845518489,110.02009582519531,17564000.0
2024-05-10,110.11298823121945,110.22445997847814,109.22123551421173,109.57421875,13648100.0
2024-05-13,110.0015329351802,110.57745975161829,108.79395405087163,109.52779388427734,15060600.0
2024-05-14,109.36858722006176,110.2582166684575,109.07828843798033,110.19266510009766,15079100.0
2024-05-15,110.13647543940995,111.28831111268315,108.70370040239048,111.04483795166016,18244300.0
2024-05-16,111.00738227405631,111.71909011119185,110.07092722583035,110.37995910644531,15745200.0
2024-05-17,110.7826293158141,112.2154043221371,110.46423090075085,112.0374755859375,15104500.0
2024-05-20,112.12176709154853,112.27159618544864,111.01674983876806,111.12911987304688,11551300.0
2024-05-21,110.8762744259419,111.85954789803293,110.29566974867049,110.36122131347656,14495000.0
2024-05-22,109.99599965004292,109.99599965004292,107.65486223076417,108.1418228149414,17879300.0
2024-05-23,108.25418437032765,110.04281664814103,106.15652740722716,106.2969970703125,15979800.0
2024-05-24,107.5424794185877,107.76723374314378,105.85686485192139,106.21271514892578,12212900.0
2024-05-28,106.30637242903558,107.79533964986209,105.88497052112172,107.56122589111328,13978300.0
2024-05-29,107.25217359290119,107.27090669100167,105.6414700962711,106.40936279296875,13902000.0
2024-05-30,106.07224939851609,106.87760122978297,105.78195064930976,106.74649810791016,14683700.0
2024-05-31,106.86824767795925,110.0240964703647,106.74650395484873,109.8087158203125,29037400.0
2024-06-03,108.9097164005594,108.9659014127667,106.53111990779634,107.1772689819336,19589300.0
2024-06-04,105.81940782029542,105.90368533517668,103.8715798377526,105.5103759765625,19412200.0
2024-06-05,105.716413031039,105.99735241186698,104.39601508815197,105.93180084228516,14863500.0
2024-06-06,105.58529935114332,106.7933271367682,104.98596873348852,106.72777557373047,13154100.0
2024-06-07,106.55921834537051,107.59868399657262,105.51038614341766,105.5853042602539,13289200.0
2024-06-10,105.87559215677041,106.96188330555805,105.53846781022143,105.89432525634766,15239700.0
2024-06-11,105.34181005862598,105.51037222698237,104.23679298708612,105.04214477539062,12462400.0
2024-06-12,106.10034400380536,106.10034400380536,103.51572645554708,103.88094329833984,13606800.0
2024-06-13,103.79666794705129,103.81540104787005,102.7478429279071,103.0475082397461,14466900.0
2024-06-14,103.0287601700647,103.20668887906912,101.68962943946619,102.17658996582031,13313400.0
2024-06-17,102.23279232854219,102.50436514039029,101.30570386367087,101.4742660522461,21147900.0
2024-06-18,102.10167793960936,103.68428902758068,101.88629731075862,102.42943572998047,17762900.0
2024-06-20,102.92577335610754,105.46356557037393,102.6261008947537,104.63948059082031,17433200.0
2024-06-21,104.78930638323584,105.53846602824107,103.72174835205078,103.72174835205078,52212500.0
2024-06-24,104.54582129916749,107.25217530666225,104.54582129916749,106.80268096923828,16266700.0
2024-06-25,106.85888327988505,107.27092577640248,106.25018608582562,107.10236358642578,14188900.0
2024-06-26,107.12108318385839,107.5237591057536,105.95051447423096,107.13981628417969,15771800.0
2024-06-27,107.6829561076337,107.6829561076337,106.85887829760617,107.59867858886719,16812700.0
2024-06-28,108.49767746207695,109.13446715132612,107.39266027027938,107.80470275878906,24565900.0
2024-07-01,108.35721035005527,109.32175788502754,107.25219313207295,107.65486907958984,11972900.0
2024-07-02,108.53513457013669,108.5725936270179,106.27827461899028,106.92443084716797,13326700.0
2024-07-03,107.00871458760442,108.31039366999862,107.00871458760442,107.46758270263672,7732900.0
2024-07-05,107.32710333177623,107.34582928732328,105.52911152671727,106.16590118408203,12631000.0
2024-07-08,105.24818363594021,106.33447493508666,104.33982108448483,105.05152893066406,13350500.0
2024-07-09,104.0495231003555,105.38865413239188,103.59066211785756,103.89032745361328,11727000.0
2024-07-10,103.87158184959861,104.84549585973336,103.40335437229831,104.80803680419922,10004100.0
2024-07-11,104.34917252578168,106.11907176157021,103.88094506351838,106.05352020263672,13082700.0
2024-07-12,106.74649908175616,106.89633530502593,105.47291976230059,106.07225036621094,11684900.0
2024-07-15,107.00872222036132,108.77862895035835,106.36257305311592,107.88899230957031,13032500.0
2024-07-16,107.08361815464212,108.95652798557451,106.48428758031048,108.66622924804688,13614100.0
2024-07-17,109.32175510797316,110.67025259927861,109.14383351562596,110.16456604003906,13602800.0
2024-07-18,110.45486961825254,112.29968719867219,109.97728268975683,111.25086212158203,13033600.0
2024-07-19,111.05419169379476,111.32576449300953,108.50704017154985,108.69432830810547,16157700.0
2024-07-22,107.86088239525311,108.57259016412705,107.299010849125,107.94515991210938,12065900.0
2024-07-23,107.51438502917392,107.85150936551338,105.97859956122035,106.20335388183594,11251700.0
2024-07-24,106.54048133917904,107.87961226406235,105.88496570234857,107.70169067382812,14925200.0
2024-07-25,107.85152046937385,110.5297823368202,107.2802823486859,109.96791076660156,17021700.0
2024-07-26,109.34984791640233,110.52978322454747,109.068915701329,109.874267578125,11252500.0
2024-07-29,109.86491135550965,109.93046292631412,108.04818618666384,108.7224349975586,8861800.0
2024-07-30,108.96590736163118,111.06356461870797,108.84417078034116,110.660888671875,12483900.0
2024-07-31,112.03747216680888,112.14984933538724,111.026099083357,111.05419158935547,15137700.0
2024-08-01,110.82943272050197,111.89699070347974,108.96588952489462,109.51839447021484,15051500.0
2024-08-02,108.60068006526606,111.31640080843817,108.08562699265984,109.45285034179688,20403800.0
2024-08-05,108.19800300490805,108.65686391815397,106.05352036706715,107.4769287109375,18025900.0
2024-08-06,107.17727398104658,108.28229118836671,106.40938115186377,106.90570831298828,13647800.0
2024-08-07,108.11372902342585,109.67761433413926,107.93580742823603,108.32911682128906,13660700.0
2024-08-08,108.70370034216003,110.60470288798015,108.37594251436084,110.398681640625,13851000.0
2024-08-09,110.39867256982511,111.72843687311435,109.90235259356815,111.29766845703125,12151900.0
2024-08-12,111.95319395788218,112.53379146382603,110.52041185954234,111.43814086914062,13228900.0
2024-08-13,110.7638996071571,110.97928740728922,110.03346582819712,110.37059020996094,11585100.0
2024-08-14,110.59533395465722,112.2809558107166,110.15519896198701,111.39131927490234,12194500.0
2024-08-15,111.62730871428738,112.93001805409419,111.5045920670206,112.08042907714844,11579400.0
2024-08-16,111.3818843284793,111.84444671637708,111.0703716861889,111.55180358886719,10056000.0
2024-08-19,111.76891542606087,113.75130181815561,111.55179358976426,111.89163208007812,12417500.0
2024-08-20,112.00492105811223,112.00492105811223,108.09678537454828,108.1628646850586,15632000.0
2024-08-21,108.56878407437077,109.09741856608326,107.3887912252948,107.47374725341797,11752400.0
2024-08-22,107.40765979958803,108.56877584398295,107.2755011866786,108.30445861816406,10609500.0
2024-08-23,108.58765128518996,110.18300378215591,108.58765128518996,109.80540466308594,10381400.0
2024-08-26,111.16477039276445,112.27868395092241,110.37181143846483,112.15596008300781,13671000.0
2024-08-27,112.2975524872125,112.72235421103196,110.8249237963556,111.08924102783203,9991600.0
2024-08-28,110.44732970856327,110.99484811425616,109.74877596460271,109.99420928955078,10742900.0
2024-08-29,110.63612314593436,112.13707774753534,109.83372947438633,111.5140380859375,10753900.0
2024-08-30,110.24908387560822,111.41019271257258,109.7770867739242,111.33467864990234,13284700.0
2024-09-03,109.35227920865182,109.58827774686327,107.65309405479161,109.00300598144531,15725100.0
2024-09-04,108.833097907531,109.64493353840679,107.59646774515012,107.67198181152344,12620600.0
2024-09-05,108.62541573336145,108.82365365736392,106.73742727378996,106.83182525634766,17200800.0
2024-09-06,107.22829642005546,107.78525673639237,105.47247385529361,106.33150482177734,13467700.0
2024-09-09,106.54862441738935,109.64492413848934,106.35038650620838,108.56877136230469,21645300.0
2024-09-10,108.65373566518288,108.93693681823737,103.99984377040342,104.61344146728516,20913400.0
2024-09-11,104.57567425211444,104.73615153443052,101.7342497498113,103.57504272460938,19571900.0
2024-09-12,103.74497414422741,105.09488627004085,103.61281551949924,105.00048828125,15919500.0
2024-09-13,105.22703513276026,106.17102933730341,104.71727739805446,104.92495727539062,10035400.0
2024-09-16,105.77455817973761,106.75630585804672,105.43471967489809,106.39759063720703,11729000.0
2024-09-17,106.02943319162064,107.96462427254609,105.84063722367381,107.78526306152344,12202600.0
2024-09-18,107.71917862977385,109.15404664340414,107.43597748921715,108.16285705566406,12569900.0
2024-09-19,109.65437658386233,110.99484670315448,108.7387010002838,109.50333404541016,12660600.0
2024-09-20,108.99357018823397,109.04077277938768,107.85133806293591,108.814208984375,36206200.0
2024-09-23,108.87084815963723,111.19307292809599,108.67261025036557,110.78715515136719,16066300.0
2024-09-24,111.24028652385122,111.54237161840395,110.28685745206315,110.49453735351562,11984900.0
2024-09-25,109.96588774786339,110.49452942328482,107.65310472499752,108.34221649169922,13816000.0
2024-09-26,104.91551770252124,107.12446793647763,104.91551770252124,106.48255157470703,16887900.0
2024-09-27,107.38878634812366,109.58828744530904,106.90734727097637,109.33341217041016,15964000.0
2024-09-30,108.9935745230424,110.8154837016296,108.52157740115041,110.6550064086914,13247600.0
2024-10-01,109.5410894038434,113.8457007129285,109.43724946418527,113.21322631835938,23235900.0
2024-10-02,115.10122109860191,115.94137541886066,113.46810785010399,114.71417999267578,17129700.0
2024-10-03,115.07289687464718,116.27176636529033,114.15722132878138,115.71481323242188,16524300.0
2024-10-04,116.30008335704603,118.17863701344905,115.5732109869851,117.83879852294922,19752300.0
2024-10-07,118.23527462077126,119.26422485107972,117.86711745560547,118.34855651855469,15714400.0
2024-10-08,116.94199339662173,117.07415200223024,114.46873331843047,115.20504760742188,14818500.0
2024-10-09,114.1289100039151,115.71482068394859,114.03451201624384,115.25225830078125,11144900.0
2024-10-10,116.26233026746091,116.77208080260075,115.44105271266139,116.24344635009766,10243300.0
2024-10-11,116.20569468859178,117.08360965904788,116.05465934854703,116.6871337890625,8294800.0
2024-10-14,116.33784706970961,117.30072521898697,115.75257525554537,117.13080596923828,9808100.0
2024-10-15,114.05338915938852,115.12010010806138,113.07163423930602,113.60971069335938,15771300.0
2024-10-16,114.11946602698956,114.63866575315971,113.84570682610935,113.90235137939453,8426800.0
2024-10-17,113.99675180699495,114.77082683216128,113.00555492747858,113.60971069335938,11204900.0
2024-10-18,113.69466750229546,113.88346346768023,112.47691407988174,113.28874969482422,12898600.0
2024-10-21,114.20441643431288,114.67641351343912,113.01498177832563,113.35482025146484,10177800.0
2024-10-22,113.52474145474456,114.40265632521259,113.2226636069547,113.94009399414062,9201400.0
2024-10-23,113.25100096843714,113.98731539379939,112.7129244882028,113.53419494628906,8320300.0
2024-10-24,113.27930640705841,113.69466616855769,112.45802884284969,112.89226531982422,9905600.0
2024-10-25,113.46810952493435,113.68523137816436,112.63739715165977,112.7978744506836,10714600.0
2024-10-28,110.24908502507142,112.34475333073475,110.23020110762883,112.24091339111328,11844500.0
2024-10-29,111.93883475379157,112.49578787870867,110.51340148515159,110.71163940429688,14731000.0
2024-10-30,111.07035381156184,111.64618361020807,109.95644043986073,110.15467834472656,12303700.0
2024-10-31,110.58892737544967,112.02379546065293,110.14524892742823,110.2396469116211,20512000.0
2024-11-01,113.21322503644689,113.23210175157813,108.40829079882234,108.51213073730469,20939300.0
2024-11-04,109.56941672994887,112.05211911485483,109.43725810578535,111.9671630859375,14965400.0
2024-11-05,112.41083591776164,112.53355257630234,111.40076236823663,112.29755401611328,10436700.0
2024-11-06,114.36489768822155,115.08233529002183,112.6185098751679,114.22329711914062,20807700.0
2024-11-07,114.50650689079238,114.69530286239892,112.91115428292997,114.36490631103516,12184400.0
2024-11-08,114.20441653079183,114.6197690633432,112.95834452893003,114.32713317871094,12836000.0
2024-11-11,114.22330775889213,114.80858680462931,113.34539279133878,113.72299194335938,11969700.0
2024-11-12,114.34602508289505,114.51594434218057,113.12827159169959,113.60971069335938,11972800.0
2024-11-13,113.81738827891618,115.21450296048353,112.14652159826448,114.66698455810547,15127900.0
2024-11-14,115.79005037809654,115.99942953520414,114.52421958420231,114.74311828613281,13041800.0
2024-11-15,114.59084119084585,115.39030868034939,113.38211315053942,113.55342864990234,19051700.0
2024-11-18,114.0102729479599,114.80022815776562,113.51535827574796,114.50518035888672,14239700.0
2024-11-19,113.97219862845826,113.97219862845826,112.49698146194754,112.90623474121094,11584400.0
2024-11-20,113.42018653251256,114.6574659727134,112.91575956823054,114.51470184326172,11360900.0
2024-11-21,115.2380253434609,116.63710062727756,114.4671020120261,116.04701232910156,14675400.0
2024-11-22,115.9423239554936,117.26525746342568,115.77100845929381,115.91377258300781,13323400.0
2024-11-25,115.57114303408773,115.999428149294,113.83895622255923,114.18158721923828,26580300.0
2024-11-26,113.7628209949854,113.90558512877449,112.1638786713757,112.27809143066406,14827300.0
2024-11-27,112.39228586523018,113.0014132601893,111.76413390419059,111.98303985595703,11079100.0
2024-11-29,111.77366252049187,112.78251646228155,111.30729920741689,112.26856994628906,9426500.0
2024-12-02,112.35422635223,112.49698321594367,111.18356924078267,112.16387176513672,12687300.0
2024-12-03,112.99190299930518,112.99190299930518,111.60234712636404,111.99256134033203,11756600.0
2024-12-04,111.83076079377749,111.8783512560761,108.36638716796242,108.76612091064453,19520600.0
2024-12-05,109.17536684977931,110.04146382858124,108.55672718796144,109.24198913574219,15751200.0
2024-12-06,109.0135852794165,109.23248399303247,108.02376314226527,108.09038543701172,16171100.0
2024-12-09,109.10875033720933,109.39427858432131,107.30994125974479,107.45270538330078,17412600.0
2024-12-10,108.10940443915915,108.38541313072747,106.35818589287211,107.23379516601562,20990900.0
2024-12-11,106.59612321499637,106.96730556314583,105.74906531677998,106.51998138427734,32392200.0
2024-12-12,106.20589874575495,106.95778296474441,105.43498270027153,106.4248046875,14543300.0
2024-12-13,106.50094942039023,106.50094942039023,104.93055865493027,105.4920883178711,13106100.0
2024-12-16,104.88297564708968,105.07333023716676,102.94140965729945,103.2364501953125,20256100.0
2024-12-17,102.06579255862307,102.95092142955151,101.63750744032565,102.79864501953125,17554000.0
2024-12-18,102.37986987792723,103.5790783479389,101.18066140791557,101.28535461425781,17114500.0
2024-12-19,102.20854752748684,102.4750366671093,100.13372989020347,100.41925811767578,20565600.0
2024-12-20,100.36215323496496,101.01886383487997,99.78158446776459,100.76189422607422,40141200.0
2024-12-23,100.22890378201453,101.45666354498633,99.85772144219565,101.171142578125,12285100.0
2024-12-24,101.38052476056282,102.0182035210675,100.60008914298254,101.26631927490234,7807000.0
2024-12-26,101.38052585902916,101.86592096219958,100.82851572935816,101.35197448730469,9652400.0
2024-12-27,101.17116037634455,102.77961504476048,100.66672611637468,101.34247589111328,11943900.0
2024-12-30,101.17114249840868,101.41859255056997,100.41925827541601,100.65719604492188,11080800.0
2024-12-31,101.04741453520106,102.69394716560747,100.67623217979052,102.37986755371094,12387800.0
2025-01-02,103.05562326693172,103.74088532261156,101.72317007658599,102.1324234008789,12685400.0
2025-01-03,102.78912837457116,103.25548442385146,102.27518186134407,102.6558837890625,14237900.0
2025-01-06,103.01754735060041,104.48324506278051,102.3322853281489,102.54167175292969,15623700.0
2025-01-07,103.6837647158524,104.74972127552691,103.05560551922898,103.5029296875,12625900.0
2025-01-08,102.13242243680969,102.51312438206998,100.89515019132084,101.77075958251953,17858100.0
2025-01-10,103.45534532320578,104.7877983625723,100.6762337556571,101.39956665039062,19304500.0
2025-01-13,101.96109788472765,104.34047575504385,101.96109788472765,104.01688385009766,17073400.0
2025-01-14,103.54101851519813,104.4642183819816,102.62733819399713,104.4261474609375,11191200.0
2025-01-15,104.74021262152021,106.33915477771055,104.18819523468773,106.12976837158203,14521100.0
2025-01-16,105.82521904892745,106.30109465251283,105.21609885724101,105.94894409179688,10366600.0
2025-01-17,105.67293586641337,107.42416187169661,105.47306898332356,106.90069580078125,19298500.0
2025-01-21,106.64371508093708,106.76744011152371,105.76809853868993,106.0916976928711,20416300.0
2025-01-22,105.83471519447488,106.18686570149252,104.12156763957121,104.24529266357422,15718000.0
2025-01-23,104.98766458817968,105.77761976699344,104.32144170320714,104.83538818359375,13726800.0
2025-01-24,104.9210433834321,105.36836757994196,103.17934432007502,103.41728210449219,14235900.0
2025-01-27,103.75039595354959,105.12091268586343,103.16030762046445,104.85442352294922,15926700.0
2025-01-28,105.08284703361059,105.52065168740964,102.58925642845782,102.82719421386719,15862000.0
2025-01-29,102.5131081627843,103.53148152999263,102.28468993628196,103.42678833007812,12345500.0
2025-01-30,103.96929135622784,104.5498601261413,103.45534487492978,104.28337097167969,14346300.0
2025-01-31,105.21609852711431,105.21609852711431,100.98080131172189,101.67558288574219,20376500.0
2025-02-03,101.49474192613242,102.12290116975106,100.23843070018016,101.92302703857422,14623200.0
2025-02-04,101.56136501646802,104.9591163539758,101.39004951788422,104.65455627441406,14835700.0
2025-02-05,104.44516271573166,104.7021395766765,103.8360425982629,104.57840728759766,13364400.0
2025-02-06,105.42546597198692,105.69196237901089,102.77959908031113,103.19837188720703,13411400.0
2025-02-07,103.53149910409154,104.43566714217022,103.09369440344442,103.63619232177734,10051600.0
2025-02-10,104.70214920752697,105.6729322148872,104.57841690706682,105.61582946777344,12142200.0
2025-02-11,106.21542879518077,107.08152584265112,105.47306404665484,106.28205108642578,12713100.0
2025-02-12,105.67708371729026,105.84993157546117,102.92112268040815,103.08436584472656,18244100.0
2025-02-13,102.89231913114472,104.10225417604192,102.28734794557859,103.8333740234375,15460000.0
2025-02-14,104.20787581530794,105.84993417131878,103.80456657843001,103.93900299072266,15733500.0
2025-02-18,104.3135180074308,106.57974255304275,104.01583839104278,105.76351928710938,20060300.0
2025-02-19,106.3588730918942,107.6744304591308,105.68668370402261,105.91715240478516,10964700.0
2025-02-20,106.17642802088709,107.95291558865782,105.58106149129577,107.54960632324219,16325800.0
2025-02-21,106.89662803158548,107.40556696909005,106.1668250682136,106.29166412353516,14710000.0
2025-02-24,106.52212356519927,107.41516969475008,105.93636173150273,106.8486099243164,13153500.0
2025-02-25,106.8774112948492,107.6744250345696,104.56317099336802,105.36979675292969,14497000.0
2025-02-26,105.37939986433899,105.50423890932623,104.20787627244815,105.11052703857422,10446400.0
2025-02-27,105.63867302607484,106.8678101035605,104.93767689450902,105.77310943603516,15293200.0
2025-02-28,105.73470348447374,107.14629318869038,104.99529586501015,106.9062271118164,18821700.0
2025-03-03,107.26151702668055,107.70324504207805,102.27775040084146,103.47808074951172,18706900.0
2025-03-04,102.1337182032958,104.63040408107905,101.73040892925668,103.26683044433594,19394900.0
2025-03-05,101.63436687603159,102.10490164347922,99.55059516728343,101.2502670288086,24822200.0
2025-03-06,101.24066209657384,103.81417062858223,100.21317962257619,103.34364318847656,17150200.0
2025-03-07,104.10225668429284,106.01318059737575,103.9966270247834,104.6880111694336,19625000.0
2025-03-10,104.93768143817438,108.09695186150383,104.74563150883981,107.35755157470703,22749100.0
2025-03-11,107.47278059988247,107.64562846999114,104.46715592513009,104.82245635986328,19904700.0
2025-03-12,104.71683218466835,105.75391213341427,104.11186094447785,104.79364776611328,14051500.0
2025-03-13,104.02543473188445,106.4164908186742,103.35324531739029,104.35192108154297,17767800.0
2025-03-14,104.6112011527099,107.72245561080894,104.0062299204159,107.45358276367188,15890100.0
2025-03-17,107.35755263406034,109.95026333683661,107.29033442550644,109.23966979980469,19908800.0
2025-03-18,109.55655143310771,109.98867476764602,108.09695290782535,109.12443542480469,15998700.0
2025-03-19,109.66218563010793,111.21781651158228,109.30689251007712,110.82411193847656,17315000.0
2025-03-20,110.16151981007094,111.8419823067261,109.67178297398563,111.29463195800781,16230800.0
2025-03-21,110.9105224609375,111.38104989881994,109.80621709239979,110.9105224609375,41102800.0
2025-03-24,111.08337404548202,112.26450235301142,110.9873490811367,111.1986083984375,14207500.0
2025-03-25,111.80356825388408,112.96548713109259,111.35224287880415,111.95720672607422,12081800.0
2025-03-26,113.00390502850578,114.44430150287003,113.00390502850578,113.5704574584961,14110800.0
2025-03-27,113.40721340255261,114.3386709542741,112.60059489976406,113.20555877685547,12740800.0
2025-03-28,113.4072111281204,113.75290685844962,112.5813832530267,113.05191802978516,10233400.0
2025-03-31,113.10953056767993,115.14529348137624,113.10953056767993,114.20423126220703,21652300.0
2025-04-01,114.48272337398562,114.54033689380843,113.24398141414358,114.30987548828125,12425400.0
2025-04-02,113.6856941137767,114.11781013433365,112.98470525143007,113.9545669555664,12614600.0
2025-04-03,109.82543189250487,110.86251178050262,107.7704668529516,107.96251678466797,21204600.0
2025-04-04,105.5042372572018,106.4260900709176,99.70424022711765,100.1939697265625,30841300.0
2025-04-07,96.4009324797882,101.59596585878221,94.54762208795243,98.849609375,35068500.0
2025-04-08,101.26947293791513,101.40390935479742,95.07577108820765,96.76583099365234,27147800.0
2025-04-09,95.42145582000512,102.34495979590643,94.2307229417514,101.59595489501953,30063300.0
2025-04-10,99.58900327605843,99.6562214796908,93.91384543728404,95.9592056274414,33999300.0
2025-04-11,96.3145094764317,99.80026614867558,94.8645083733973,99.04165649414062,22884600.0
2025-04-14,100.8565481003793,100.91416160818227,98.63834013515182,99.2817153930664,18020000.0
2025-04-15,99.52178606568698,101.22145788715173,98.90721753313329,99.00324249267578,13164900.0
2025-04-16,99.81946569269732,101.39429847400628,99.57939963059249,100.04993438720703,13607000.0
2025-04-17,100.53007760510563,104.2366985991359,100.30921358005308,102.67146301269531,17916500.0
2025-04-21,101.41351201371533,101.43271407592657,99.98272027633709,101.1638412475586,16926500.0
2025-04-22,101.92245337934756,104.61119638053368,101.92245337934756,103.99662780761719,13147000.0
2025-04-23,104.48635995015299,104.95689474920692,102.23934492277724,103.10358428955078,14235700.0
2025-04-24,103.67972887591827,104.55356550538333,102.70985996358567,104.3134994506836,9849600.0
2025-04-25,103.84297596979842,104.43834244545876,103.15158453386637,104.25588989257812,11245800.0
2025-04-28,104.42873379438392,104.90886590378338,103.40125137331844,104.3134994506836,13890900.0
2025-04-29,103.45888604960074,104.50557807188534,103.24762670604406,104.05425262451172,9483100.0
2025-04-30,103.15158260400855,103.15158260400855,100.01152177183839,101.43270874023438,20379300.0
2025-05-01,100.92377930296617,102.67146008506563,100.80855227251624,101.5767593383789,18610300.0
2025-05-02,103.43967093527839,104.66880805955999,100.39563488120046,101.98966979980469,16581900.0
2025-05-05,100.49165803831377,100.50126273242815,98.97443872258357,99.16648864746094,19624000.0
2025-05-06,99.76185422311934,101.76881035301628,99.36814968285509,100.54927062988281,16303400.0
2025-05-07,100.81814485982517,101.10622707475915,99.93470347917237,100.4532470703125,12332200.0
2025-05-08,101.15423608840204,103.12278079970336,101.15423608840204,101.85523223876953,19196500.0
2025-05-09,102.88271630029479,103.46847810816605,102.15291338247835,103.04595947265625,10992100.0
2025-05-12,105.88833530461821,106.05158579456435,104.01582295325927,104.82244873046875,14244600.0
2025-05-13,104.97609824532837,106.11881516400723,104.68801601039293,105.11053466796875,13350800.0
2025-05-14,104.5343771837758,104.5343771837758,103.64133104986804,104.16947937011719,15494900.0
2025-05-15,103.20036649387336,105.29364449208465,102.69643330562512,105.2258071899414,15004300.0
2025-05-16,105.29365131429329,105.52623530903814,104.1307165531452,104.84786224365234,14042500.0
2025-05-19,104.24700238195618,104.24700238195618,102.45415311277843,103.18098449707031,16802700.0
2025-05-20,103.10345008888231,103.42325766020087,101.54318485225515,101.70793151855469,12429300.0
2025-05-21,101.30090618868215,101.72731627727113,100.43840025037139,100.4577865600586,16716100.0
2025-05-22,99.87632449662337,100.27366254990984,98.74246927102432,99.78910827636719,13417400.0
2025-05-23,99.43052732575842,100.27365435455003,98.9169010207757,99.84724426269531,12061600.0
2025-05-27,100.29302570946942,100.65159847728776,99.72125530550777,100.32209777832031,13043600.0
2025-05-28,101.06832233005039,101.2039969231541,98.64555117646891,98.9556655883789,14292400.0
2025-05-29,99.12041556960791,99.67280711536301,98.60678925085277,99.51775360107422,13825300.0
2025-05-30,99.00413404786934,99.22702487621179,98.06409756158732,99.13980865478516,28645800.0
2025-06-02,100.54500352410645,100.6419128921345,99.06226875151577,99.86663055419922,17290500.0
2025-06-03,99.72126856237468,101.42690163423865,99.05258131506825,100.59346771240234,19194300.0
2025-06-04,100.70975979015704,101.67886835024795,99.13980865478516,99.13980865478516,15648500.0
2025-06-05,99.7988024915973,99.86663979486501,98.58741679487991,98.684326171875,13924800.0
2025-06-06,99.58559401783626,101.27184077971873,99.50806356140893,101.04894256591797,15487800.0
2025-06-09,101.10709656039528,102.58013829972981,100.62254228652436,101.72732543945312,17087300.0
2025-06-10,102.80303093298025,104.32453097451338,102.65766317997547,103.9078140258789,17634800.0
2025-06-11,104.43114417199062,106.01078851866059,103.17130004215738,105.93325805664062,22648200.0
2025-06-12,105.55529571522099,106.78606764684805,104.87692272482809,106.34027862548828,17469400.0
2025-06-13,108.87933918017968,109.05377900702386,107.26092974950436,108.65644836425781,28540200.0
2025-06-16,108.36571017022997,109.66431938094439,107.69702295160855,109.00532531738281,22986100.0
2025-06-17,110.4299122832885,111.37964188084752,109.61586467999037,110.4783706665039,19451700.0
2025-06-18,111.0695298681772,111.68006558393269,109.45112038804743,109.69339752197266,17968900.0
2025-06-20,109.94536024294479,111.48624665698877,109.68370419195463,111.15674591064453,36273300.0
2025-06-23,113.09496254329947,113.33723967590613,107.72610779120208,108.2881851196289,26631100.0
2025-06-24,105.87510980370892,107.51290563027572,104.57650788690583,104.99321746826172,24828300.0
2025-06-25,104.77032280510122,105.86541277218186,104.37298476247835,105.02229309082031,17483200.0
2025-06-26,105.57467991463989,107.02834263102486,105.19672819987667,106.59223937988281,18304800.0
2025-06-27,106.5437891530728,106.69884266586476,105.02228912813973,106.00108337402344,22002100.0
2025-06-30,105.28394965126363,105.47776839893884,104.39237158201962,104.46990203857422,19199000.0
2025-07-01,104.78969883086388,106.253054727551,103.83997664689235,105.86540985107422,15536900.0
2025-07-02,106.60193990661705,107.91992811877759,105.46808468391922,107.6195068359375,11892200.0
2025-07-03,107.43536126399331,108.99562642957206,107.20277731076665,108.73396301269531,11223600.0
2025-07-07,108.09436741953417,108.58861484508506,106.81514444271116,107.67765045166016,15415900.0
2025-07-08,107.4644375679824,110.9241545075964,107.42567234196552,110.6624984741211,17913400.0
2025-07-09,110.40084181930531,110.74002832562124,109.77091979688356,110.28455352783203,10652100.0
2025-07-10,110.19732513511048,111.70913200837082,109.57709629512104,111.379638671875,14901700.0
2025-07-11,111.30210447010357,112.18399671227975,110.97261114470416,111.86418914794922,11683900.0
2025-07-14,111.67037023033019,111.67037023033019,109.7224601706443,110.40083312988281,13220300.0
2025-07-15,110.14887421213247,110.53651169207183,109.1216141879024,109.42204284667969,10959300.0
2025-07-16,109.39296085183982,109.99381076178989,108.6370574322415,108.76304626464844,11158900.0
2025-07-17,108.04590877120798,108.76305441240078,107.65826387748159,108.21066284179688,13151400.0
2025-07-18,107.67765285604386,108.27850282588928,104.02410943883655,104.44082641601562,32366600.0
2025-07-21,104.27607021285094,105.40992535173547,104.12101670190538,104.71217346191406,17010400.0
2025-07-22,104.64434381776182,106.05924140453212,104.28577099480256,105.18704223632812,13970900.0
2025-07-23,105.56497972178448,106.60192542792589,105.4874492742555,106.53408813476562,12002700.0
2025-07-24,106.27244088744028,107.52258433689845,105.75880717545196,107.3675308227539,15647200.0
2025-07-25,107.30938582168368,107.55166294298876,106.31119787118948,106.98957824707031,10548900.0
2025-07-28,107.57104168343983,108.64675269177111,107.41598077707704,107.99745178222656,12353000.0
2025-07-29,108.44323745055422,109.50925527090942,107.96837637846804,109.39295959472656,15928000.0
2025-07-30,108.93749234982809,109.13131109646395,107.82301607239378,108.44324493408203,12996900.0
2025-07-31,106.95081126319111,109.02470279599133,106.95081126319111,108.19126892089844,17233700.0
2025-08-01,108.54015612563701,109.06347562277384,105.49715591146874,106.25305938720703,19652000.0
2025-08-04,105.84603379348519,106.52440680036018,103.7818279128161,104.05318450927734,19129500.0
2025-08-05,103.90781377136695,104.48927738825077,102.79333752600816,103.92719268798828,21314300.0
2025-08-06,104.96413257379511,105.68127814152342,103.08406723144006,103.21974182128906,15321800.0
2025-08-07,103.8302892678961,104.7218673577944,102.61890358258492,102.67704772949219,13468300.0
2025-08-08,103.21005794196374,104.18885962273232,102.67704529557706,103.50079345703125,14417700.0
2025-08-11,103.80121054798994,104.20823433770178,102.27001736530904,102.56075286865234,13570700.0
2025-08-12,103.05499811125478,103.96596250056969,102.51229969738787,102.85148620605469,14109400.0
2025-08-13,102.7254975716048,104.27606964111328,102.47352729977504,104.27606964111328,17958700.0
2025-08-14,104.22761263074386,104.26637046074481,103.15190170231241,104.06285858154297,13683500.0
2025-08-15,103.86724922324527,105.20727767225166,103.63249350424832,104.16068267822266,19271900.0
2025-08-18,103.77921716514152,104.88450485428011,103.35862248376837,104.38565826416016,13040000.0
2025-08-19,103.87702753697705,105.10946897165667,103.8281256912634,105.07034301757812,16113600.0
2025-08-20,105.52027559905606,106.93856338685328,105.32465329988311,106.15605926513672,18959700.0
2025-08-21,106.0484717497085,107.17331870035365,105.59853446195301,106.84075927734375,12194900.0
2025-08-22,107.20265639990329,108.9730703319415,107.20265639990329,108.84590911865234,13586700.0
2025-08-25,108.47421484175817,109.47190044568522,108.12208875507524,109.29583740234375,9744900.0
2025-08-26,108.93393728899466,109.36430782035067,107.94602755875756,109.05130767822266,18143900.0
2025-08-27,108.98284252847807,110.50872479862804,108.98284252847807,110.28375244140625,15262600.0
2025-08-28,110.40113185373734,111.16406926831552,109.61862773172712,110.8706283569336,14189800.0
2025-08-29,111.23253022712217,112.27912512793087,111.09559313449388,111.7900619506836,14597900.0
2025-09-02,111.68247363253984,112.71928523765276,110.8510676777316,112.18132019042969,15206700.0
2025-09-03,111.47706565723645,111.92700290030731,109.02196633334928,109.46212768554688,14920100.0
2025-09-04,109.6577487052132,110.65543432609088,108.94371316661028,109.94140625,12864400.0
2025-09-05,109.15891427159457,109.33497733745654,106.63534614841075,106.84075927734375,16826700.0
2025-09-08,107.32981131168427,107.64281145580675,105.97999212686503,107.44718170166016,15440500.0
2025-09-09,108.1123126941091,110.04900630149459,108.1123126941091,108.22969055175781,14899500.0
2025-09-10,108.72854442944542,110.09791554819378,108.41553678800248,110.03923034667969,15837600.0
2025-09-11,108.96328418409082,110.30331259737805,108.44487837785454,109.68709564208984,11534500.0
2025-09-12,110.39134288471456,110.74346897545624,109.43277575713735,109.70665740966797,11105700.0
2025-09-15,109.72622974845274,110.00010397115585,108.88504037157152,109.89250946044922,12880500.0
2025-09-16,110.48916065280257,112.79753962492748,110.31309759687737,112.17153930664062,17208000.0
2025-09-17,112.02481035651354,112.96381076275398,111.55531388464927,112.7681884765625,13302000.0
2025-09-18,112.65081716720869,112.82688022000698,110.91953670011902,111.43794250488281,14628700.0
2025-09-19,111.40860461879606,111.48685652613011,110.17616319707892,110.35222625732422,38746500.0
2025-09-22,109.99031206295804,110.33266227722565,109.1197801531321,109.56971740722656,15611500.0
2025-09-23,110.25440538949279,112.24000072243238,110.01965715068778,111.4574966430664,25369100.0
2025-09-24,112.06393679548866,113.22790955219149,111.96612565196591,112.05415344238281,14756100.0
2025-09-25,112.13241312727628,113.36485451626152,111.90744822780641,113.06163024902344,15012600.0
2025-09-26,113.42354156212417,115.77104652046233,113.38441560885875,114.6559829711914,18568900.0
2025-09-29,113.52135246473706,113.95173048719916,111.18363086547707,111.72160339355469,19189300.0
2025-09-30,110.87062679338135,111.00756389342513,109.49147243936548,110.28375244140625,18076200.0
2025-10-01,110.09789884379705,110.54783606633605,108.85568167097328,109.54036712646484,16614000.0
2025-10-02,109.52081626547348,110.61631307810582,108.60137504414647,108.8556900024414,13062600.0
2025-10-03,109.45234787482161,111.26188025905991,109.45234787482161,110.78260040283203,12950100.0
2025-10-06,110.81195040494215,112.25957342404575,110.70435589456802,111.70204162597656,12036800.0
2025-10-07,111.57488052075732,112.00525853390788,109.29584416931891,111.76072692871094,11945000.0
2025-10-08,111.87810421856602,112.4943286776499,110.9293278004365,111.5259780883789,12301000.0
2025-10-09,111.92701077194054,112.98338913649347,110.2739746716223,110.44026184082031,10976200.0
2025-10-10,109.80446979335335,110.15659588806842,108.28837091541277,108.30793762207031,13811600.0
2025-10-13,109.10021898851849,109.8435971381859,108.88502998762696,109.78490447998047,10296500.0
2025-10-14,108.33728430066219,110.48915943830576,108.28837499468796,109.83381652832031,11167200.0
2025-10-15,110.33265869376197,111.08581272316219,108.54268562663296,109.16868591308594,12182900.0
2025-10-16,109.43279208953903,109.7360163844678,107.97538566799243,108.21991729736328,11782200.0
2025-10-17,109.18824678205839,110.44025483610798,108.74809288933457,109.78490447998047,13460100.0
2025-10-20,109.55015490988445,110.67500174297943,109.53059566572729,110.2348403930664,9523600.0
2025-10-21,110.42069196195318,110.88041257753997,109.54037668343724,110.24462890625,9202300.0
2025-10-22,110.9684405659551,112.66060257438927,110.60653856264305,112.20088195800781,12938800.0
2025-10-23,114.07888381990718,114.2940728303493,112.8366665266902,113.44310760498047,15001100.0
2025-10-24,113.80500539438323,113.92238324914227,112.66059929490352,112.86600494384766,9919400.0
2025-10-27,113.16922834660261,113.45288591527756,112.58235396357391,113.40398406982422,10975400.0
2025-10-28,112.96381511423425,113.63872471386321,112.4747519174045,112.51387786865234,9535200.0
2025-10-29,112.40627703903523,114.48969091622601,112.2986825447901,113.9028091430664,12570600.0
2025-10-30,113.88325805189164,113.97128584665982,112.02481638304766,112.18132019042969,16172900.0
2025-10-31,111.48685042088799,112.70950842160502,110.15659791910687,111.85853576660156,20213400.0
2025-11-03,111.99547896682066,112.47475883970789,111.15428961950117,111.27166748046875,12290300.0
2025-11-04,110.89997052706153,111.84875434601639,110.04900531986425,111.64334869384766,16860700.0
2025-11-05,111.59444073626622,112.6606024247043,111.18362942696528,111.19341278076172,12400900.0
2025-11-06,111.15429401783248,112.42586144316925,111.15429401783248,111.9954833984375,14219700.0
2025-11-07,112.68995422762184,114.93964818375095,112.38673739777889,114.65599060058594,17181100.0
2025-11-10,114.87117206413615,115.85907440036497,112.93447841994653,115.63410949707031,13048000.0
2025-11-11,116.23076366484545,118.1674497871952,116.23076366484545,117.15998077392578,16077100.0
2025-11-12,116.49485272257324,116.67091577303606,115.2135095268513,115.53629302978516,13790900.0
2025-11-13,116.03513894605227,117.1404266188385,115.69279617849078,116.19164276123047,17291900.0
2025-11-14,116.87244686746136,117.8887353636572,115.1062932109266,117.70126342773438,17064300.0
2025-11-17,117.38552169764868,117.90846178816332,115.55029315462276,116.11270141601562,16034900.0
2025-11-18,115.69830168794815,117.888736331486,114.92869114352331,117.4447250366211,15808500.0
2025-11-19,115.29375327419233,116.60604172062995,114.3860079315462,115.78709411621094,15919200.0
2025-11-20,116.408707853123,117.42498877850575,115.1852171506071,115.46148681640625,14401000.0
2025-11-21,115.43188565384565,115.81669090021714,114.10973583867872,115.52069091796875,15667600.0
2025-11-24,115.63909032972836,115.63909032972836,113.21185429092529,114.42547607421875,18034900.0
2025-11-25,113.64599157904323,114.35640356418065,112.66917886337103,112.98491668701172,14434600.0
2025-11-26,112.88625659268574,114.1985375288773,112.78758240073623,113.241455078125,11650600.0
2025-11-28,113.41905436046002,117.15857877347882,113.29078845403497,114.37613677978516,7240800.0
2025-12-01,114.55374295204415,115.84630108764226,114.55374295204415,115.0766830444336,12658100.0
2025-12-02,114.88921809084783,115.04708324638574,113.16252513788129,113.84333038330078,14607700.0
2025-12-03,114.40573490546087,116.40870498878743,114.33666749071055,116.2311019897461,16819100.0
2025-12-04,115.93510103769927,116.76391006156861,115.10629201382993,115.57989501953125,13686900.0
2025-12-05,115.19508677208725,117.1980493890323,114.85961861238273,114.98788452148438,12516900.0
2025-12-08,114.28734474807399,115.44176054687456,113.50786529061997,114.43534851074219,14904200.0
2025-12-09,115.34309108710077,118.86554441991682,115.33322216241953,116.67510986328125,23790800.0
2025-12-10,117.14871962735373,118.27353614463954,116.79351361897044,117.94792938232422,19845200.0
2025-12-11,117.52365595718771,118.75700806191198,117.48418778650247,117.94792938232422,14781800.0
2025-12-12,117.84926366942325,118.32286666589587,116.7343085399838,117.23751831054688,14459500.0
2025-12-15,117.42499492509607,117.44472524749287,115.29375877259989,116.19164276123047,16358700.0
2025-12-16,115.21481767475714,115.28388509197318,113.08358913795975,113.15265655517578,17638700.0
2025-12-17,113.67560151860383,116.05350810769643,113.63613334596256,115.84630584716797,18502200.0
2025-12-18,115.43188826880714,115.43188826880714,114.09000057442135,114.98788452148438,13705600.0
2025-12-19,115.19508563764711,116.00416431060746,114.41560621051228,115.1358871459961,45412800.0
2025-12-22,115.77722922241493,116.88231545701277,115.77722922241493,116.57644653320312,11768600.0
2025-12-23,116.89217662008511,118.43139758967328,116.74417286659772,117.82952117919922,12567600.0
2025-12-24,117.74073010922581,118.45114214395569,117.53352785372694,117.63219451904297,6137400.0
2025-12-26,117.30658757240157,117.95780111252107,116.95138155556984,117.5236587524414,8066100.0
2025-12-29,118.54980731774646,119.68449277406494,117.80979604551057,118.92474365234375,14782500.0
2025-12-30,119.48715192182848,120.17783362594038,119.02341032010088,119.37861633300781,11150500.0
2025-12-31,119.56609072636675,119.645027070368,118.27354008642878,118.73727416992188,10559900.0
2026-01-02,118.49059978063393,121.04610925583081,118.01699678802312,121.01651000976562,14175100.0
2026-01-05,123.54241829330819,124.2528303421078,120.75997612069915,123.69042205810547,30112200.0
2026-01-06,123.68054714401208,124.1245584169034,119.38848333943223,119.43782043457031,23328600.0
2026-01-07,118.20446913989147,118.52020697869004,116.6948398351087,116.91191101074219,20353000.0
2026-01-08,117.39538911339507,121.9834528842042,117.07965127821146,121.2730484008789,20232700.0
2026-01-09,121.58879088076311,123.19707936395015,121.46051744021162,122.95040893554688,16137700.0
2026-01-12,122.80240147695339,122.84186964764413,120.92770477195467,122.37812805175781,15314900.0
2026-01-13,123.33520752115764,125.44670567169717,123.14773559683472,124.85469818115234,21619700.0
2026-01-14,125.65390130486156,129.96570264290852,125.43683014660162,128.4659423828125,27593900.0
2026-01-15,127.41021728515625,128.4659589129329,126.59126963826562,127.41021728515625,17400000.0
2026-01-16,127.19313614676857,128.4264882192749,127.15366044933069,128.1600799560547,16592400.0
2026-01-20,129.75850742241903,130.18278839040843,128.3376983939911,128.72250366210938,16477300.0
2026-01-21,130.15319515904696,131.94894814141026,130.15319515904696,131.83055114746094,18879900.0
2026-01-22,131.2780145581945,132.39295473790614,130.09399942683189,131.8601531982422,16600100.0
2026-01-23,133.29083656970107,134.16898274194648,132.68896008834847,133.1724395751953,17758200.0
2026-01-26,135.10632010808388,135.1161965608048,132.3830839926767,133.04415893554688,16056100.0
2026-01-27,133.4487010068035,135.10631904956838,132.91589950893422,135.00765991210938,14517000.0
2026-01-28,135.8562009907484,136.17193129495084,134.84978147594126,135.74766540527344,15637300.0
2026-01-29,138.4511844795975,140.4442706895522,137.25729298858514,138.63864135742188,35760600.0
2026-01-30,136.89222281998863,140.31600948196575,135.99433887052737,139.51678466796875,29657700.0
2026-02-02,137.96769474381085,138.45117416466744,136.2212640353769,136.55673217773438,27735600.0
2026-02-03,136.793544109173,143.07870143659915,136.4679373562069,141.8157501220703,37577800.0
2026-02-04,142.20055727718952,145.87101428924865,142.20055727718952,145.6243438720703,29426200.0
2026-02-05,144.62781659622433,144.77581284046167,141.884842462186,144.1344757080078,18431700.0
2026-02-06,144.6672665207462,147.57798958994934,144.1443264224402,147.06491088867188,17216000.0
2026-02-09,147.27211030621467,149.53161990987115,146.65051105111957,149.19615173339844,21297300.0
2026-02-10,149.33428146677946,149.75854737153173,147.82465966871308,149.57107543945312,15800300.0
2026-02-11,151.91938464479432,154.83995408588135,151.52471798158845,153.4882049560547,23091500.0
2026-02-12,152.8525141182461,154.20334596774293,148.86955392329364,148.91920471191406,30652500.0
2026-02-13,149.53503667709694,150.63755397112487,146.9823556296224,147.44918823242188,20166000.0
2026-02-17,147.20088103709168,148.12461916232286,144.1714401084163,145.20443725585938,19766600.0
2026-02-18,147.1512117547303,149.96213457527915,146.61485893888485,149.66415405273438,19849700.0
2026-02-19,151.17391296007145,152.34596565632472,149.82308104142925,149.95220947265625,20305000.0
2026-02-20,149.47544461771784,149.79327938752533,145.47261494560635,146.28707885742188,25908600.0
2026-02-23,147.15121695350626,150.2501932791706,147.13136269897575,149.74362182617188,16073100.0
2026-02-24,149.40590636909334,149.7038868797102,147.0320197225123,148.25372314453125,14185500.0
2026-02-25,148.89935987129022,149.16752870809867,146.33675156146265,148.05508422851562,15225700.0
2026-02-26,146.8134999377823,149.94227252800187,145.78051802335915,147.53857421875,15632100.0
2026-02-27,149.98200583536115,152.61413431248826,148.24380378097783,151.47189331054688,30275100.0
2026-03-02,158.27571783411466,158.53395953870333,151.99831803716847,153.1802978515625,31493100.0
2026-03-03,154.38213258261683,154.99796304377034,149.2867277341108,150.80641174316406,25198900.0
2026-03-04,149.70389345621814,150.14092953686614,146.8631740879252,148.80996704101562,16764800.0
2026-03-05,149.9820092838136,151.30304469422904,148.46232523665645,149.74362182617188,22969300.0
2026-03-06,152.11750594783567,152.7631329506698,148.94902463171314,150.1905975341797,21136400.0
2026-03-09,150.99513118452776,152.8525193577848,148.4623194854107,149.42578125,25532700.0
2026-03-10,148.2438074071617,149.3860484370434,146.70425394729372,147.13136291503906,19617600.0
2026-03-11,146.9922966622343,150.78653536813772,146.66451961480584,150.55809020996094,15297400.0
2026-03-12,151.24344930814027,153.95504029024,150.607764586727,152.4949493408203,26054000.0
2026-03-13,153.25975221702967,155.83228746743393,151.94864404183042,155.06747436523438,22414100.0
2026-03-16,154.94829470435673,156.7162932647919,153.71664895698615,156.1699981689453,22835600.0
2026-03-17,157.1831271380657,159.36829238305089,155.74290562359263,157.73934936523438,21592200.0
2026-03-18,158.5836245978209,159.10010800410745,156.46797955848893,156.52757263183594,18947100.0
2026-03-19,157.19305147663275,158.48429028446628,153.79610994446438,157.09373474121094,27082700.0
2026-03-20,158.27571685943028,161.3448813824297,158.02740228334451,158.5935516357422,53942100.0
2026-03-23,155.0674825949629,160.3317546721225,153.9749075468967,160.04371643066406,25021300.0
2026-03-24,160.61980432865266,166.35089373485314,160.16289884783137,164.2650604248047,26131800.0
2026-03-25,162.76523571437266,163.8876224635627,161.83157047054226,162.1593475341797,17192300.0
2026-03-26,162.9837500460696,164.5630270982508,160.96743691898868,164.31471252441406,18625200.0
2026-03-27,164.46370369951495,170.07560677850861,163.68896347300407,169.8372344970703,30338300.0
2026-03-30,171.34697728498398,175.22069359950967,169.8968287100872,170.31399536132812,29813500.0
2026-03-31,171.50590682570027,173.20438516733364,164.8510793251324,168.51620483398438,32006700.0
2026-04-01,164.65244003535972,166.86740190025927,158.4545025086476,159.69607543945312,37927600.0
2026-04-02,163.38105866010596,165.77479957775347,158.51408403248303,159.60667419433594,25377700.0
2026-04-06,159.487489402714,162.64604346041736,158.4544923034983,162.2686004638672,16344300.0
2026-04-07,163.11288507606477,165.11927115752792,160.67940518515758,162.8049774169922,25227500.0
2026-04-08,152.48501476813874,155.2959375077992,149.96213025990082,155.16680908203125,31311200.0
2026-04-09,155.80250368747105,158.15652110139501,153.26969189141946,153.99476623535156,25868400.0
2026-04-10,153.0014954462256,154.07421618394392,150.89579278843675,151.4818115234375,21065000.0
2026-04-13,153.2299625378998,153.5775938501499,150.2601147579226,151.61094665527344,18685600.0
2026-04-14,149.05827765272088,149.0980013153962,145.73085634569497,148.23387145996094,18528200.0
2026-04-15,147.5981924772423,149.21719323350692,145.90964120778764,148.0054168701172,15626500.0
2026-04-16,148.5219186530788,151.7500082642809,148.3431394263767,150.9553985595703,15191000.0
2026-04-17,143.88339364446122,145.81031711382454,141.01287784947976,145.45274353027344,28947400.0
2026-04-20,146.38640659622348,148.36298082556593,145.36335180517733,146.6843719482422,16354400.0
2026-04-21,146.3764710712823,147.80676545067388,145.25409949638887,147.35980224609375,17515900.0
2026-04-22,148.362982781199,149.6641486885593,147.18100301621726,148.4921112060547,13738700.0
2026-04-23,148.83975888275486,150.2104449991002,147.4988541463299,149.51516723632812,12970400.0
2026-04-24,148.6311717290291,149.28672584587542,145.95930447127088,147.90609741210938,13735900.0
2026-04-27,148.15441024053547,150.16078107497748,146.97243044995622,147.19094848632812,13940800.0
2026-04-28,150.50842941760018,151.2831696813456,148.8198933339478,149.5449676513672,15173600.0
2026-04-29,150.99512988770653,153.90536941024126,149.99192931237258,153.62725830078125,14669100.0
2026-04-30,151.4023509728099,154.6403826360389,150.3197030948466,153.28955078125,22885900.0
2026-05-01,151.5811440344586,153.96495780190406,150.11112604973115,151.72019958496094,15458200.0
2026-05-04,151.64074192537495,153.42860988574816,148.51198436166095,152.65386962890625,14238500.0
2026-05-05,152.06784743638346,154.24307032010233,151.3824968040683,153.83584594726562,12494600.0
2026-05-06,148.0650192907908,149.31651926928876,146.09835698125573,147.6875762939453,20527000.0
2026-05-07,145.81031490363108,146.08842600263094,143.2179102511608,145.591796875,22509400.0
2026-05-08,144.8667215176822,145.51233331644596,142.9497252181697,143.59535217285156,19550100.0
2026-05-11,145.0355844956354,148.71063725771492,145.01571508552792,148.6708984375,14849500.0
2026-05-12,150.2303172466553,150.78653946738183,148.76029921246098,149.614501953125,16443100.0
2026-05-13,149.04834222252728,150.76667488570803,148.67089920812532,150.5481719970703,15772800.0
2026-05-14,150.87592785682824,152.08770418043682,150.240243158863,151.75,11331500.0
2026-05-15,153.75,158.0,153.0,157.9199981689453,27882400.0
2026-05-18,157.32000732421875,161.72999572753906,155.22999572753906,160.49000549316406,20065200.0
2026-05-19,161.5,163.32000732421875,159.63999938964844,162.5500030517578,20715600.0
2026-05-20,161.61000061035156,163.67999267578125,156.27000427246094,156.27999877929688,18509700.0
2026-05-21,158.4199981689453,159.38999938964844,153.4600067138672,155.2899932861328,17061700.0
2026-05-22,154.02999877929688,155.5500030517578,153.1699981689453,154.9199981689453,12948500.0
2026-05-26,153.5,154.5500030517578,149.47000122070312,149.80999755859375,13057800.0
2026-05-27,147.22999572753906,148.69000244140625,145.75,147.89999389648438,16241100.0
2026-05-28,149.33999633789062,150.2100067138672,146.8699951171875,146.9600067138672,14012500.0
2026-05-29,146.19000244140625,146.92999267578125,144.7100067138672,145.25999450683594,27959900.0
2026-06-01,147.02000427246094,149.64999389648438,147.0,149.3800048828125,16732100.0
2026-06-02,149.02999877929688,150.8300018310547,148.5,149.55999755859375,10424500.0
2026-06-03,150.61000061035156,154.91000366210938,150.02000427246094,152.52999877929688,14357800.0
2026-06-04,152.0500030517578,153.42999267578125,150.94000244140625,152.0399932861328,11799400.0
2026-06-05,152.00999450683594,152.1300048828125,149.3000030517578,149.9199981689453,16584000.0
2026-06-08,151.16000366210938,153.80999755859375,150.89999389648438,151.75,13870900.0
2026-06-09,150.91000366210938,151.1300048828125,147.77999877929688,148.91000366210938,18163500.0
2026-06-10,151.22999572753906,152.49000549316406,149.55999755859375,150.6199951171875,14596500.0
2026-06-11,152.3000030517578,152.49000549316406,146.4199981689453,146.60000610351562,17285800.0
2026-06-12,145.6300048828125,148.91000366210938,145.14999389648438,147.00999450683594,17713100.0
2026-06-15,139.74000549316406,141.97999572753906,137.72000122070312,140.9199981689453,23631400.0
2026-06-16,140.19000244140625,142.14999389648438,139.97999572753906,141.86000061035156,18925400.0
2026-06-17,141.22000122070312,142.33999633789062,140.32000732421875,140.74000549316406,16663200.0
2026-06-18,138.32000732421875,138.4600067138672,135.85000610351562,137.80999755859375,48054600.0
